gtin,name_en,brand_en,brand_ar_proposed,arabic_search_alias,market,category,serving_size,tier,confidence,unknown_terms,source,source_url,method,notes
03073781093896,Kiri snack,BEL,كيري,كيري سناك,SA,unknown,,AUTO_SAFE,HIGH,,openfoodfacts,https://world.openfoodfacts.org/product/3073781093896,controlled-lexicon-composition v1 (no free machine translation),
06084012090444,Kraft cheddar cheese,Kraft,كرافت,كرافت جبن شيدر,GCC,Cheeses,25,AUTO_SAFE,HIGH,,openfoodfacts,https://world.openfoodfacts.org/product/6084012090444,controlled-lexicon-composition v1 (no free machine translation),
06271002221616,Kdd Mango with White grape Nectar,KDD,كي دي دي,كي دي دي مانجو أبيض عنب رحيق,SA,Fruit juices from concentrate,,AUTO_SAFE,HIGH,,openfoodfacts,https://world.openfoodfacts.org/product/6271002221616,controlled-lexicon-composition v1 (no free machine translation),
06281007038959,Almarai vanilla flavored milk,,المراعي,المراعي فانيلا بنكهة حليب,GCC,Vanilla milks,,AUTO_SAFE,HIGH,,openfoodfacts,https://world.openfoodfacts.org/product/6281007038959,controlled-lexicon-composition v1 (no free machine translation),
06281014002851,Mustard,Goody,قودي,قودي مسطردة,SA,Mustards,15,AUTO_SAFE,HIGH,,openfoodfacts,https://world.openfoodfacts.org/product/6281014002851,controlled-lexicon-composition v1 (no free machine translation),
06281016130644,Date filled cookie bar,,,تمر محشو كوكيز لوح,SA,unknown,,AUTO_SAFE,HIGH,,openfoodfacts,https://world.openfoodfacts.org/product/6281016130644,controlled-lexicon-composition v1 (no free machine translation),
06281016248042,Albatal potato sticks sea salt,,البطل,البطل بطاطس أصابع بحري ملح,SA,unknown,,AUTO_SAFE,HIGH,,openfoodfacts,https://world.openfoodfacts.org/product/6281016248042,controlled-lexicon-composition v1 (no free machine translation),
06281022132397,Greek Full Fat Plain,Al Safi,الصافي,الصافي كامل الدسم يوناني سادة,SA,unknown,100,AUTO_SAFE,HIGH,,openfoodfacts,https://world.openfoodfacts.org/product/6281022132397,controlled-lexicon-composition v1 (no free machine translation),
06281022183368,Safio vanilla milk,,صافيو,صافيو فانيلا حليب,SA,unknown,,AUTO_SAFE,HIGH,,openfoodfacts,https://world.openfoodfacts.org/product/6281022183368,controlled-lexicon-composition v1 (no free machine translation),
06281036004321,Tasali cumin and lemon,,تسالي,تسالي كمون ليمون,SA,unknown,25,AUTO_SAFE,HIGH,,openfoodfacts,https://world.openfoodfacts.org/product/6281036004321,controlled-lexicon-composition v1 (no free machine translation),
06281039105513,Saudia whole milk,,السعودية,السعودية حليب كامل الدسم,SA,Milks,,AUTO_SAFE,HIGH,,openfoodfacts,https://world.openfoodfacts.org/product/6281039105513,controlled-lexicon-composition v1 (no free machine translation),
06281041270117,Maamoul,,,معمول,SA,unknown,,AUTO_SAFE,HIGH,,openfoodfacts,https://world.openfoodfacts.org/product/6281041270117,controlled-lexicon-composition v1 (no free machine translation),
06281063222835,Orient gardens whole kernel corn no sugar,,,حبّ كامل شرقي حدائق ذرة خالي من سكر,SA,Cans-food,125,AUTO_SAFE,HIGH,,openfoodfacts,https://world.openfoodfacts.org/product/6281063222835,controlled-lexicon-composition v1 (no free machine translation),
06281063632337,Freshly fruit cocktail in light syrup,,فريشلي,فريشلي فواكه كوكتيل لايت شراب,SA,unknown,,AUTO_SAFE,HIGH,,openfoodfacts,https://world.openfoodfacts.org/product/6281063632337,controlled-lexicon-composition v1 (no free machine translation),
06281063881896,Freshly apple fruit topping and filling,,فريشلي,فريشلي تفاح فواكه توبينق حشوة,SA,unknown,,AUTO_SAFE,HIGH,,openfoodfacts,https://world.openfoodfacts.org/product/6281063881896,controlled-lexicon-composition v1 (no free machine translation),
06281168001359,Lipton Ice Tea Red Fruits -,Lipton,ليبتون,ليبتون مثلج شاي أحمر فواكه,SA,Iced teas,320,AUTO_SAFE,HIGH,,openfoodfacts,https://world.openfoodfacts.org/product/6281168001359,controlled-lexicon-composition v1 (no free machine translation),
06287031380194,Dattes,,,تمر,SA,Dates,,AUTO_SAFE,HIGH,,openfoodfacts,https://world.openfoodfacts.org/product/6287031380194,controlled-lexicon-composition v1 (no free machine translation),
06287034101079,Kinza pomegranate 360 ml,,كينزا,كينزا رمان,SA,Beverages,,AUTO_SAFE,HIGH,,openfoodfacts,https://world.openfoodfacts.org/product/6287034101079,controlled-lexicon-composition v1 (no free machine translation),
06287034101239,Kinza diet cola,KINZA,كينزا,كينزا دايت كولا,GCC,unknown,,AUTO_SAFE,HIGH,,openfoodfacts,https://world.openfoodfacts.org/product/6287034101239,controlled-lexicon-composition v1 (no free machine translation),
06291031002017,Mango mix,,,مانجو مشكل,GCC,unknown,,AUTO_SAFE,HIGH,,openfoodfacts,https://world.openfoodfacts.org/product/6291031002017,controlled-lexicon-composition v1 (no free machine translation),
06291058164088,Mozzarella Cheese,Carrefour,كارفور,كارفور موزاريلا جبن,GCC,unknown,30,AUTO_SAFE,HIGH,,openfoodfacts,https://world.openfoodfacts.org/product/6291058164088,controlled-lexicon-composition v1 (no free machine translation),
06291107372020,Burger,,,برجر,GCC,unknown,,AUTO_SAFE,HIGH,,openfoodfacts,https://world.openfoodfacts.org/product/6291107372020,controlled-lexicon-composition v1 (no free machine translation),
06291115000588,Camel milk,,,إبل حليب,GCC,unknown,,AUTO_SAFE,HIGH,,openfoodfacts,https://world.openfoodfacts.org/product/6291115000588,controlled-lexicon-composition v1 (no free machine translation),
06294001815266,Galaxy SMOOTH DARK,mars,مارس,مارس ناعم داكن,GCC,unknown,40,AUTO_SAFE,HIGH,,openfoodfacts,https://world.openfoodfacts.org/product/6294001815266,controlled-lexicon-composition v1 (no free machine translation),
06297001083529,Balade farms cheese chilli,,مزارع بلدي,مزارع بلدي جبن شطة,SA,unknown,,AUTO_SAFE,HIGH,,openfoodfacts,https://world.openfoodfacts.org/product/6297001083529,controlled-lexicon-composition v1 (no free machine translation),
00000029621989,Honey Greek-style Yoghurt,SpinneysFood,سبينيس,سبينيس عسل يوناني ستايل زبادي,GCC,unknown,150,AUTO_SAFE,HIGH,,openfoodfacts,https://world.openfoodfacts.org/product/29621989,controlled-lexicon-composition v1 (no free machine translation),
00012000061103,Lipton lemon ice tea,,ليبتون,ليبتون ليمون مثلج شاي,SA,Beverages,,AUTO_SAFE,HIGH,,openfoodfacts,https://world.openfoodfacts.org/product/0012000061103,controlled-lexicon-composition v1 (no free machine translation),
00012000061288,Lipton red fruits ice tea zero sugar,,ليبتون,ليبتون أحمر فواكه مثلج شاي زيرو سكر,SA,Beverages,,AUTO_SAFE,HIGH,,openfoodfacts,https://world.openfoodfacts.org/product/0012000061288,controlled-lexicon-composition v1 (no free machine translation),
05060232812609,Coconut Water,,,جوز الهند ماء,GCC,unknown,,AUTO_SAFE,HIGH,,openfoodfacts,https://world.openfoodfacts.org/product/5060232812609,controlled-lexicon-composition v1 (no free machine translation),
05281128602047,Choco Rings,,,شوكولاتة حلقات,GCC,unknown,,AUTO_SAFE,HIGH,,openfoodfacts,https://world.openfoodfacts.org/product/5281128602047,controlled-lexicon-composition v1 (no free machine translation),
05711953202940,Puck Shredded Cheddar 180g,PUCK,بوك,بوك مبشور شيدر,SA,unknown,100,AUTO_SAFE,HIGH,,openfoodfacts,https://world.openfoodfacts.org/product/5711953202940,controlled-lexicon-composition v1 (no free machine translation),
05740900404700,Unsalted Butter,Lurpak,لورباك,لورباك بدون ملح زبدة,GCC,unknown,100,AUTO_SAFE,HIGH,,openfoodfacts,https://world.openfoodfacts.org/product/5740900404700,controlled-lexicon-composition v1 (no free machine translation),
06271002100805,Chocolate milk,KDD,كي دي دي,كي دي دي شوكولاتة حليب,GCC,unknown,100,AUTO_SAFE,HIGH,,openfoodfacts,https://world.openfoodfacts.org/product/6271002100805,controlled-lexicon-composition v1 (no free machine translation),
06271002108092,Mushroom Sauce,KDD,كي دي دي,كي دي دي فطر صلصة,GCC,Mushroom sauces,100,AUTO_SAFE,HIGH,,openfoodfacts,https://world.openfoodfacts.org/product/6271002108092,controlled-lexicon-composition v1 (no free machine translation),
06271002108344,Vanilla Protein Milk,KDD,كي دي دي,كي دي دي فانيلا بروتين حليب,GCC,unknown,100,AUTO_SAFE,HIGH,,openfoodfacts,https://world.openfoodfacts.org/product/6271002108344,controlled-lexicon-composition v1 (no free machine translation),
06281007049825,Grenade juice,Almarai,المراعي,المراعي عصير,GCC,Pomegranate juices,,AUTO_SAFE,HIGH,,openfoodfacts,https://world.openfoodfacts.org/product/6281007049825,controlled-lexicon-composition v1 (no free machine translation),
06281018110064,Nada fresh milk full cream,,ندى,ندى حليب طازج كامل الدسم,SA,Dairies,,AUTO_SAFE,HIGH,,openfoodfacts,https://world.openfoodfacts.org/product/6281018110064,controlled-lexicon-composition v1 (no free machine translation),
06281020173033,Luna iced coffee cappuccino,Luns,لونا,لونا مثلج قهوة كابتشينو,SA,unknown,,AUTO_SAFE,HIGH,,openfoodfacts,https://world.openfoodfacts.org/product/6281020173033,controlled-lexicon-composition v1 (no free machine translation),
06281020320932,Luna cheddar cheese full fat,,لونا,لونا جبن شيدر كامل الدسم,SA,unknown,,AUTO_SAFE,HIGH,,openfoodfacts,https://world.openfoodfacts.org/product/6281020320932,controlled-lexicon-composition v1 (no free machine translation),
06281026311552,Lemon&mint,Al Rabie,الربيع,الربيع ليمون نعناع,SA,unknown,100,AUTO_SAFE,HIGH,,openfoodfacts,https://world.openfoodfacts.org/product/6281026311552,controlled-lexicon-composition v1 (no free machine translation),
06281036004178,Tasali ketchup,,تسالي,تسالي كاتشب,SA,unknown,,AUTO_SAFE,HIGH,,openfoodfacts,https://world.openfoodfacts.org/product/6281036004178,controlled-lexicon-composition v1 (no free machine translation),
06281057030040,Nadec fresh yogurt full fat,,نادك,نادك كامل الدسم طازج زبادي,SA,Dairies,,AUTO_SAFE,HIGH,,openfoodfacts,https://world.openfoodfacts.org/product/6281057030040,controlled-lexicon-composition v1 (no free machine translation),
06281063460763,Orient gardens whole kernel sweet corn,,,حبّ كامل ذرة حلوة شرقي حدائق,SA,unknown,,AUTO_SAFE,HIGH,,openfoodfacts,https://world.openfoodfacts.org/product/6281063460763,controlled-lexicon-composition v1 (no free machine translation),
06281073152603,Sunbulah instant noodles vegetable flavor,,سنبلة,سنبلة سريع التحضير نودلز خضار نكهة,SA,Noodles,,AUTO_SAFE,HIGH,,openfoodfacts,https://world.openfoodfacts.org/product/6281073152603,controlled-lexicon-composition v1 (no free machine translation),
06281100510208,Apple nectar,,,تفاح رحيق,SA,unknown,,AUTO_SAFE,HIGH,,openfoodfacts,https://world.openfoodfacts.org/product/6281100510208,controlled-lexicon-composition v1 (no free machine translation),
06281102620066,Maamoul,,,معمول,SA,Pastries,,AUTO_SAFE,HIGH,,openfoodfacts,https://world.openfoodfacts.org/product/6281102620066,controlled-lexicon-composition v1 (no free machine translation),
06285835001352,Mars Mini,,مارس,مارس ميني,SA,unknown,,AUTO_SAFE,HIGH,,openfoodfacts,https://world.openfoodfacts.org/product/6285835001352,controlled-lexicon-composition v1 (no free machine translation),
06288005902497,Dates snack bar,,,تمر سناك لوح,SA,unknown,,AUTO_SAFE,HIGH,,openfoodfacts,https://world.openfoodfacts.org/product/6288005902497,controlled-lexicon-composition v1 (no free machine translation),
06291003007095,Tiffany Wafer Hazelnut,Tiffany,تيفاني,تيفاني ويفر بندق,GCC,Chocolate stuffed wafers,,AUTO_SAFE,HIGH,,openfoodfacts,https://world.openfoodfacts.org/product/6291003007095,controlled-lexicon-composition v1 (no free machine translation),
06291003014185,Digestive biscuit,Quaker,كواكر,كواكر دايجستيف بسكويت,GCC,Biscuits,,AUTO_SAFE,HIGH,,openfoodfacts,https://world.openfoodfacts.org/product/6291003014185,controlled-lexicon-composition v1 (no free machine translation),
06291104286078,Cheese,Organic Larder,أورجانيك لاردر,أورجانيك لاردر جبن,GCC,Cheeses,,AUTO_SAFE,HIGH,,openfoodfacts,https://world.openfoodfacts.org/product/6291104286078,controlled-lexicon-composition v1 (no free machine translation),
06291107420189,Lemon Tea instant,,,ليمون شاي سريع التحضير,GCC,unknown,,AUTO_SAFE,HIGH,,openfoodfacts,https://world.openfoodfacts.org/product/6291107420189,controlled-lexicon-composition v1 (no free machine translation),
06292111467580,Chocolate Dates With Almond,,,شوكولاتة تمر لوز,GCC,unknown,,AUTO_SAFE,HIGH,,openfoodfacts,https://world.openfoodfacts.org/product/6292111467580,controlled-lexicon-composition v1 (no free machine translation),
00000029604845,Carrot And Walnut Cake,Spinneys Food,سبينيس,سبينيس جزر جوز كيك,GCC,unknown,66,AUTO_SAFE,HIGH,,openfoodfacts,https://world.openfoodfacts.org/product/29604845,controlled-lexicon-composition v1 (no free machine translation),
00012000063060,Mirinda plus mango peach,,ميرندا,ميرندا مانجو خوخ,SA,unknown,,AUTO_SAFE,HIGH,,openfoodfacts,https://world.openfoodfacts.org/product/0012000063060,controlled-lexicon-composition v1 (no free machine translation),
00617950410034,Strawberry Jam,Alalali,العلالي,العلالي فراولة مربى,SA,Strawberry jams,20,AUTO_SAFE,HIGH,,openfoodfacts,https://world.openfoodfacts.org/product/0617950410034,controlled-lexicon-composition v1 (no free machine translation),
05285009110218,Hummus protein bar,,,لوح بروتين حمص,GCC,Protein Energy Bars,,AUTO_SAFE,HIGH,,openfoodfacts,https://world.openfoodfacts.org/product/5285009110218,controlled-lexicon-composition v1 (no free machine translation),
06253808660868,Strawberry Croissant,Qbake,كيو بيك,كيو بيك فراولة كرواسون,GCC,Croissant filled with jam,60,AUTO_SAFE,HIGH,,openfoodfacts,https://world.openfoodfacts.org/product/6253808660868,controlled-lexicon-composition v1 (no free machine translation),
06271002118510,Strawberry milk,,,فراولة حليب,GCC,unknown,,AUTO_SAFE,HIGH,,openfoodfacts,https://world.openfoodfacts.org/product/6271002118510,controlled-lexicon-composition v1 (no free machine translation),
06281007023115,fresh milk full fat,Almarai,المراعي,المراعي حليب طازج كامل الدسم,GCC,Milks,180,AUTO_SAFE,HIGH,,openfoodfacts,https://world.openfoodfacts.org/product/6281007023115,controlled-lexicon-composition v1 (no free machine translation),
06281014801218,Original iced coffee,,,أصلي مثلج قهوة,GCC,unknown,,AUTO_SAFE,HIGH,,openfoodfacts,https://world.openfoodfacts.org/product/6281014801218,controlled-lexicon-composition v1 (no free machine translation),
06281018110347,Nada fresh milk full cream,,ندى,ندى حليب طازج كامل الدسم,SA,Dairies,,AUTO_SAFE,HIGH,,openfoodfacts,https://world.openfoodfacts.org/product/6281018110347,controlled-lexicon-composition v1 (no free machine translation),
06281018305989,Protein Laban,Nada,ندى,ندى بروتين لبن,GCC,unknown,100,AUTO_SAFE,HIGH,,openfoodfacts,https://world.openfoodfacts.org/product/6281018305989,controlled-lexicon-composition v1 (no free machine translation),
06281022115727,Alsafi flavored laban mango,,الصافي,الصافي بنكهة لبن مانجو,SA,unknown,,AUTO_SAFE,HIGH,,openfoodfacts,https://world.openfoodfacts.org/product/6281022115727,controlled-lexicon-composition v1 (no free machine translation),
06281034007041,Barbican malt beverage,Barbican,باربيكان,باربيكان شعير مشروب,GCC,Sweetened beverages,330,AUTO_SAFE,HIGH,,openfoodfacts,https://world.openfoodfacts.org/product/6281034007041,controlled-lexicon-composition v1 (no free machine translation),
06281036108104,Lay's tomato ketchup,,ليز,ليز طماطم كاتشب,SA,unknown,,AUTO_SAFE,HIGH,,openfoodfacts,https://world.openfoodfacts.org/product/6281036108104,controlled-lexicon-composition v1 (no free machine translation),
06281100411109,Sella Basmati,Abu Kass,أبو كاس,أبو كاس سيلا بسمتي,SA,Basmati rices,,AUTO_SAFE,HIGH,,openfoodfacts,https://world.openfoodfacts.org/product/6281100411109,controlled-lexicon-composition v1 (no free machine translation),
06290090016133,Heinz light mayonnaise,Heinz,هاينز,هاينز لايت مايونيز,GCC,Light mayonnaises,,AUTO_SAFE,HIGH,,openfoodfacts,https://world.openfoodfacts.org/product/6290090016133,controlled-lexicon-composition v1 (no free machine translation),
06291115000601,Cappuccino,,,كابتشينو,GCC,unknown,,AUTO_SAFE,HIGH,,openfoodfacts,https://world.openfoodfacts.org/product/6291115000601,controlled-lexicon-composition v1 (no free machine translation),
06294011602498,Popcorn - Hot & Spicy,Lulu,لولو,لولو فشار حار حار,GCC,unknown,33,AUTO_SAFE,HIGH,,openfoodfacts,https://world.openfoodfacts.org/product/6294011602498,controlled-lexicon-composition v1 (no free machine translation),
06297000185132,Baklava,,,بقلاوة,GCC,Baklava,,AUTO_SAFE,HIGH,,openfoodfacts,https://world.openfoodfacts.org/product/6297000185132,controlled-lexicon-composition v1 (no free machine translation),
06297000500119,Premium Green Tea,,,فاخر أخضر شاي,GCC,unknown,,AUTO_SAFE,HIGH,,openfoodfacts,https://world.openfoodfacts.org/product/6297000500119,controlled-lexicon-composition v1 (no free machine translation),
06297000802015,Peanut candy,,,فول سوداني حلوى,GCC,unknown,,AUTO_SAFE,HIGH,,openfoodfacts,https://world.openfoodfacts.org/product/6297000802015,controlled-lexicon-composition v1 (no free machine translation),
06300900360995,Unsalted Butter,Mazzraty,مزرعتي,مزرعتي بدون ملح زبدة,GCC,unknown,,AUTO_SAFE,HIGH,,openfoodfacts,https://world.openfoodfacts.org/product/6300900360995,controlled-lexicon-composition v1 (no free machine translation),
05000396014877,McVities Digestive Dark Chocolate,McVities,ماكفيتيز,ماكفيتيز دايجستيف داكن شوكولاتة,GCC,Snacks-snacks-sucres-biscuits-et-gateaux-biscuits-biscuits-au-chocolat-biscuits-au-chocolat-noir,66,AUTO_SAFE,HIGH,,openfoodfacts,https://world.openfoodfacts.org/product/5000396014877,controlled-lexicon-composition v1 (no free machine translation),
05059883307893,Peanut Butter Powder,MYprotein,ماي بروتين,ماي بروتين زبدة فول سوداني بودرة,GCC,unknown,15,AUTO_SAFE,HIGH,,openfoodfacts,https://world.openfoodfacts.org/product/5059883307893,controlled-lexicon-composition v1 (no free machine translation),
05711953023095,Natural Gouda Cheese Slices,Puck,بوك,بوك طبيعي جودة جبن شرائح,GCC,Gouda,19,AUTO_SAFE,HIGH,,openfoodfacts,https://world.openfoodfacts.org/product/5711953023095,controlled-lexicon-composition v1 (no free machine translation),
06271002221111,Kdd Apple Juice 180ml,KDD,كي دي دي,كي دي دي تفاح عصير,SA,Apple juices,,AUTO_SAFE,HIGH,,openfoodfacts,https://world.openfoodfacts.org/product/6271002221111,controlled-lexicon-composition v1 (no free machine translation),
06271002303589,Ice Cream,,,آيس كريم,GCC,unknown,,AUTO_SAFE,HIGH,,openfoodfacts,https://world.openfoodfacts.org/product/6271002303589,controlled-lexicon-composition v1 (no free machine translation),
06281007049832,Grape and Berries juice,Almarai,المراعي,المراعي عنب توت عصير,SA,Grapes-and-berries-juice,,AUTO_SAFE,HIGH,,openfoodfacts,https://world.openfoodfacts.org/product/6281007049832,controlled-lexicon-composition v1 (no free machine translation),
06281007201513,natural juice,Almarai,المراعي,المراعي طبيعي عصير,SA,unknown,,AUTO_SAFE,HIGH,,openfoodfacts,https://world.openfoodfacts.org/product/6281007201513,controlled-lexicon-composition v1 (no free machine translation),
06281014622134,Goody light meat tuna with chili,,قودي,قودي لايت لحم تونة شطة,SA,unknown,,AUTO_SAFE,HIGH,,openfoodfacts,https://world.openfoodfacts.org/product/6281014622134,controlled-lexicon-composition v1 (no free machine translation),
06281016731711,Albatal salt,,البطل,البطل ملح,SA,unknown,,AUTO_SAFE,HIGH,,openfoodfacts,https://world.openfoodfacts.org/product/6281016731711,controlled-lexicon-composition v1 (no free machine translation),
06281022118087,Activia low fat,,أكتيفيا,أكتيفيا قليل الدسم,SA,Bifidus yogurts,,AUTO_SAFE,HIGH,,openfoodfacts,https://world.openfoodfacts.org/product/6281022118087,controlled-lexicon-composition v1 (no free machine translation),
06281022120417,Alsafi fresh milk full fat,Alsafi,الصافي,الصافي حليب طازج كامل الدسم,SA,unknown,100,AUTO_SAFE,HIGH,,openfoodfacts,https://world.openfoodfacts.org/product/6281022120417,controlled-lexicon-composition v1 (no free machine translation),
06281022167740,Alsafi creamy taste,,الصافي,الصافي كريمي نكهة,SA,unknown,30,AUTO_SAFE,HIGH,,openfoodfacts,https://world.openfoodfacts.org/product/6281022167740,controlled-lexicon-composition v1 (no free machine translation),
06281036004185,Tasali chilli,,تسالي,تسالي شطة,SA,Crisps,,AUTO_SAFE,HIGH,,openfoodfacts,https://world.openfoodfacts.org/product/6281036004185,controlled-lexicon-composition v1 (no free machine translation),
06281036110305,Salt & Vinegar Potato Chips,Lay's,ليز,ليز ملح خل بطاطس شيبس,GCC,Snacks-salty-snacks-appetizers-chips-and-fries-crisps,12,AUTO_SAFE,HIGH,,openfoodfacts,https://world.openfoodfacts.org/product/6281036110305,controlled-lexicon-composition v1 (no free machine translation),
06281100412137,Basmati Rice,Abu Kass,أبو كاس,أبو كاس بسمتي أرز,SA,Basmati rices,100,AUTO_SAFE,HIGH,,openfoodfacts,https://world.openfoodfacts.org/product/6281100412137,controlled-lexicon-composition v1 (no free machine translation),
06281102620059,Maamoul,,,معمول,SA,unknown,,AUTO_SAFE,HIGH,,openfoodfacts,https://world.openfoodfacts.org/product/6281102620059,controlled-lexicon-composition v1 (no free machine translation),
06287016561082,Dattes,,,تمر,SA,Dates,,AUTO_SAFE,HIGH,,openfoodfacts,https://world.openfoodfacts.org/product/6287016561082,controlled-lexicon-composition v1 (no free machine translation),
06287038220363,Chocolate Milk,Nada,ندى,ندى شوكولاتة حليب,SA,unknown,100,AUTO_SAFE,HIGH,,openfoodfacts,https://world.openfoodfacts.org/product/6287038220363,controlled-lexicon-composition v1 (no free machine translation),
06291001010073,Masafi fruits mango nectar,,مسافي,مسافي فواكه مانجو رحيق,GCC,Juice,,AUTO_SAFE,HIGH,,openfoodfacts,https://world.openfoodfacts.org/product/6291001010073,controlled-lexicon-composition v1 (no free machine translation),
06291011064950,Chocolate baklava,,,شوكولاتة بقلاوة,GCC,unknown,,AUTO_SAFE,HIGH,,openfoodfacts,https://world.openfoodfacts.org/product/6291011064950,controlled-lexicon-composition v1 (no free machine translation),
06299200044752,Pineapple Slices In Light Syrup,Freshly Pick,فريشلي,فريشلي أناناس شرائح لايت شراب,GCC,unknown,100,AUTO_SAFE,HIGH,,openfoodfacts,https://world.openfoodfacts.org/product/6299200044752,controlled-lexicon-composition v1 (no free machine translation),
07891515560560,Chicken Shawarma,Sadia,ساديا,ساديا دجاج شاورما,GCC,Frozen chickens,100,AUTO_SAFE,HIGH,,openfoodfacts,https://world.openfoodfacts.org/product/7891515560560,controlled-lexicon-composition v1 (no free machine translation),
08445290568069,Kitkat white,KitKat,كيت كات,كيت كات أبيض,GCC,unknown,41.5,AUTO_SAFE,HIGH,,openfoodfacts,https://world.openfoodfacts.org/product/8445290568069,controlled-lexicon-composition v1 (no free machine translation),
00012000022777,7up mini zero sugar,7up,سفن أب,سفن أب ميني زيرو سكر,GCC,unknown,,AUTO_SAFE,HIGH,,openfoodfacts,https://world.openfoodfacts.org/product/0012000022777,controlled-lexicon-composition v1 (no free machine translation),
03073781103397,Dip & Crunch,Kiri,كيري,كيري غموس مقرمش,GCC,unknown,35,AUTO_SAFE,HIGH,,openfoodfacts,https://world.openfoodfacts.org/product/3073781103397,controlled-lexicon-composition v1 (no free machine translation),
05056357910344,Mars caramel flavored milk drink,Mass,مارس,مارس كراميل بنكهة حليب شراب,SA,unknown,350,AUTO_SAFE,HIGH,,openfoodfacts,https://world.openfoodfacts.org/product/5056357910344,controlled-lexicon-composition v1 (no free machine translation),
06271002103011,KDD Uht Full Cream Milk 1L,,كي دي دي,كي دي دي كامل الدسم طويل الأجل حليب,GCC,Whole milks,,AUTO_SAFE,HIGH,,openfoodfacts,https://world.openfoodfacts.org/product/6271002103011,controlled-lexicon-composition v1 (no free machine translation),
06281007031196,cooking cream 250ml,Almarai,المراعي,المراعي طبخ قشطة,SA,unknown,,AUTO_SAFE,HIGH,,openfoodfacts,https://world.openfoodfacts.org/product/6281007031196,controlled-lexicon-composition v1 (no free machine translation),
06281016900469,Albatal ketchup flavor,,البطل,البطل كاتشب نكهة,SA,unknown,23,AUTO_SAFE,HIGH,,openfoodfacts,https://world.openfoodfacts.org/product/6281016900469,controlled-lexicon-composition v1 (no free machine translation),
06281039163414,Saudia strawberry milk,saudia,السعودية,السعودية فراولة حليب,GCC,unknown,,AUTO_SAFE,HIGH,,openfoodfacts,https://world.openfoodfacts.org/product/6281039163414,controlled-lexicon-composition v1 (no free machine translation),
06281057005505,Nadec cooking cream,,نادك,نادك طبخ قشطة,SA,unknown,100,AUTO_SAFE,HIGH,,openfoodfacts,https://world.openfoodfacts.org/product/6281057005505,controlled-lexicon-composition v1 (no free machine translation),
06281063881889,Freshly strawberry fruit topping and filling,,فريشلي,فريشلي فراولة فواكه توبينق حشوة,SA,unknown,,AUTO_SAFE,HIGH,,openfoodfacts,https://world.openfoodfacts.org/product/6281063881889,controlled-lexicon-composition v1 (no free machine translation),
06287014410245,Dattes,,,تمر,SA,Dates,,AUTO_SAFE,HIGH,,openfoodfacts,https://world.openfoodfacts.org/product/6287014410245,controlled-lexicon-composition v1 (no free machine translation),
06290090033413,Heinz Mayonnaise Light,Heinz,هاينز,هاينز مايونيز لايت,GCC,Light mayonnaises,100,AUTO_SAFE,HIGH,,openfoodfacts,https://world.openfoodfacts.org/product/6290090033413,controlled-lexicon-composition v1 (no free machine translation),
06290090036025,Heinz Mayonnaise Creamy Classic,Heinz,هاينز,هاينز مايونيز كريمي كلاسيك,GCC,Groceries,100,AUTO_SAFE,HIGH,,openfoodfacts,https://world.openfoodfacts.org/product/6290090036025,controlled-lexicon-composition v1 (no free machine translation),
06291016024065,Chocolaté milk,,,شوكولاتة حليب,GCC,unknown,,AUTO_SAFE,HIGH,,openfoodfacts,https://world.openfoodfacts.org/product/6291016024065,controlled-lexicon-composition v1 (no free machine translation),
06291031020202,Strawberry Yoghurt,,,فراولة زبادي,GCC,Yogurts,100,AUTO_SAFE,HIGH,,openfoodfacts,https://world.openfoodfacts.org/product/6291031020202,controlled-lexicon-composition v1 (no free machine translation),
06291056002276,Apple Juice,Al Ain Farms,العين,العين تفاح عصير,GCC,unknown,250,AUTO_SAFE,HIGH,,openfoodfacts,https://world.openfoodfacts.org/product/6291056002276,controlled-lexicon-composition v1 (no free machine translation),
06291056070008,Fresh Laban full cream,Al Ain Farms,العين,العين كامل الدسم طازج لبن,GCC,Laban,,AUTO_SAFE,HIGH,,openfoodfacts,https://world.openfoodfacts.org/product/6291056070008,controlled-lexicon-composition v1 (no free machine translation),
06291058156977,Instant noodles,,,سريع التحضير نودلز,GCC,unknown,,AUTO_SAFE,HIGH,,openfoodfacts,https://world.openfoodfacts.org/product/6291058156977,controlled-lexicon-composition v1 (no free machine translation),
06291115000212,Camel milk date,,,إبل حليب تمر,GCC,unknown,,AUTO_SAFE,HIGH,,openfoodfacts,https://world.openfoodfacts.org/product/6291115000212,controlled-lexicon-composition v1 (no free machine translation),
06292296128795,Date jam,,,تمر مربى,GCC,unknown,,AUTO_SAFE,HIGH,,openfoodfacts,https://world.openfoodfacts.org/product/6292296128795,controlled-lexicon-composition v1 (no free machine translation),
06294011615252,Mixed Vegetables,Lulu,لولو,لولو مشكل خضار,GCC,unknown,100,AUTO_SAFE,HIGH,,openfoodfacts,https://world.openfoodfacts.org/product/6294011615252,controlled-lexicon-composition v1 (no free machine translation),
08445290341860,Cerelac wheat honey,Nestle,نستله,نستله قمح عسل,SA,unknown,50,AUTO_SAFE,HIGH,,openfoodfacts,https://world.openfoodfacts.org/product/8445290341860,controlled-lexicon-composition v1 (no free machine translation),
00012000061127,Lipton red fruits ice tea,,ليبتون,ليبتون أحمر فواكه مثلج شاي,SA,unknown,,AUTO_SAFE,HIGH,,openfoodfacts,https://world.openfoodfacts.org/product/0012000061127,controlled-lexicon-composition v1 (no free machine translation),
00617950706328,Alalali sweet corn whole kernel,,العلالي,العلالي حبّ كامل ذرة حلوة,SA,unknown,,AUTO_SAFE,HIGH,,openfoodfacts,https://world.openfoodfacts.org/product/0617950706328,controlled-lexicon-composition v1 (no free machine translation),
03073781058796,Kiri spread cream cheese,,كيري,كيري سبريد قشطة جبن,GCC,Melted-cheese,,AUTO_SAFE,HIGH,,openfoodfacts,https://world.openfoodfacts.org/product/3073781058796,controlled-lexicon-composition v1 (no free machine translation),
06223000410455,Americana chips vinegar and salt,,أمريكانا,أمريكانا شيبس خل ملح,SA,Chips,,AUTO_SAFE,HIGH,,openfoodfacts,https://world.openfoodfacts.org/product/6223000410455,controlled-lexicon-composition v1 (no free machine translation),
06281020174825,Luna iced coffee white mocha,Luna,لونا,لونا مثلج قهوة أبيض موكا,SA,unknown,,AUTO_SAFE,HIGH,,openfoodfacts,https://world.openfoodfacts.org/product/6281020174825,controlled-lexicon-composition v1 (no free machine translation),
06281022118483,Activia plain low fat yogurt,,أكتيفيا,أكتيفيا قليل الدسم سادة زبادي,SA,unknown,,AUTO_SAFE,HIGH,,openfoodfacts,https://world.openfoodfacts.org/product/6281022118483,controlled-lexicon-composition v1 (no free machine translation),
06281026120789,Al rabie apple juice 185ml,Alrabie,الربيع,الربيع تفاح عصير,SA,Apple juices,185,AUTO_SAFE,HIGH,,openfoodfacts,https://world.openfoodfacts.org/product/6281026120789,controlled-lexicon-composition v1 (no free machine translation),
06281026165100,Al Rabie juice 125 ml,,الربيع,الربيع عصير,SA,Fruit nectars,,AUTO_SAFE,HIGH,,openfoodfacts,https://world.openfoodfacts.org/product/6281026165100,controlled-lexicon-composition v1 (no free machine translation),
06281036110008,Lays Chips (salted,Lay's,ليز,ليز شيبس مملّح,SA,Potato crisps,,AUTO_SAFE,HIGH,,openfoodfacts,https://world.openfoodfacts.org/product/6281036110008,controlled-lexicon-composition v1 (no free machine translation),
06281036114600,Chips Lays,Lay's,ليز,ليز شيبس,SA,Potato crisps,,AUTO_SAFE,HIGH,,openfoodfacts,https://world.openfoodfacts.org/product/6281036114600,controlled-lexicon-composition v1 (no free machine translation),
06281039121018,Saudia low fat milk,,السعودية,السعودية قليل الدسم حليب,SA,Low-fat,,AUTO_SAFE,HIGH,,openfoodfacts,https://world.openfoodfacts.org/product/6281039121018,controlled-lexicon-composition v1 (no free machine translation),
06281050829948,Crunchy Chicken Burger Fillet,Americana,أمريكانا,أمريكانا مقرمش دجاج برجر فيليه,GCC,unknown,100,AUTO_SAFE,HIGH,,openfoodfacts,https://world.openfoodfacts.org/product/6281050829948,controlled-lexicon-composition v1 (no free machine translation),
06281101733552,Dattes Ajwa,,,تمر عجوة,SA,unknown,,AUTO_SAFE,HIGH,,openfoodfacts,https://world.openfoodfacts.org/product/6281101733552,controlled-lexicon-composition v1 (no free machine translation),
06281175002073,Biscuit,,,بسكويت,SA,unknown,,AUTO_SAFE,HIGH,,openfoodfacts,https://world.openfoodfacts.org/product/6281175002073,controlled-lexicon-composition v1 (no free machine translation),
06287022200784,Green farms red kidney beans,,,أخضر مزارع أحمر حمراء فاصوليا,SA,unknown,,AUTO_SAFE,HIGH,,openfoodfacts,https://world.openfoodfacts.org/product/6287022200784,controlled-lexicon-composition v1 (no free machine translation),
06287034100096,Kinza cola,kinza,كينزا,كينزا كولا,SA,Sodas,100,AUTO_SAFE,HIGH,,openfoodfacts,https://world.openfoodfacts.org/product/6287034100096,controlled-lexicon-composition v1 (no free machine translation),
06291058156939,Instant noodles,,,سريع التحضير نودلز,GCC,unknown,,AUTO_SAFE,HIGH,,openfoodfacts,https://world.openfoodfacts.org/product/6291058156939,controlled-lexicon-composition v1 (no free machine translation),
06297000354088,Brown sugar,,,بني سكر,GCC,unknown,,AUTO_SAFE,HIGH,,openfoodfacts,https://world.openfoodfacts.org/product/6297000354088,controlled-lexicon-composition v1 (no free machine translation),
06300900101253,Lemon mint,,,ليمون نعناع,GCC,unknown,,AUTO_SAFE,HIGH,,openfoodfacts,https://world.openfoodfacts.org/product/6300900101253,controlled-lexicon-composition v1 (no free machine translation),
06300900235668,Mozzarella Cheese Light,Baladna,بلدنا,بلدنا موزاريلا جبن لايت,GCC,unknown,100,AUTO_SAFE,HIGH,,openfoodfacts,https://world.openfoodfacts.org/product/6300900235668,controlled-lexicon-composition v1 (no free machine translation),
06300900237464,Fresh Ayran,Baladna Qatar,بلدنا,بلدنا طازج عيران,GCC,unknown,100,AUTO_SAFE,HIGH,,openfoodfacts,https://world.openfoodfacts.org/product/6300900237464,controlled-lexicon-composition v1 (no free machine translation),
07613287436382,Maggi pizza sauce,,ماجي,ماجي بيتزا صلصة,SA,unknown,50,AUTO_SAFE,HIGH,,openfoodfacts,https://world.openfoodfacts.org/product/7613287436382,controlled-lexicon-composition v1 (no free machine translation),
09556001302755,CHICKEN Flavour,Maggi,ماجي,ماجي دجاج نكهة,GCC,unknown,75,AUTO_SAFE,HIGH,,openfoodfacts,https://world.openfoodfacts.org/product/9556001302755,controlled-lexicon-composition v1 (no free machine translation),
00012000060090,7up zero sugar,,سفن أب,سفن أب زيرو سكر,SA,Beverages,,AUTO_SAFE,HIGH,,openfoodfacts,https://world.openfoodfacts.org/product/0012000060090,controlled-lexicon-composition v1 (no free machine translation),
00012000063459,Mirinda citrus zero sugar,,ميرندا,ميرندا حمضيات زيرو سكر,SA,unknown,,AUTO_SAFE,HIGH,,openfoodfacts,https://world.openfoodfacts.org/product/0012000063459,controlled-lexicon-composition v1 (no free machine translation),
06270024001022,Mortadella,Americana,أمريكانا,أمريكانا مرتديلا,GCC,unknown,153,AUTO_SAFE,HIGH,,openfoodfacts,https://world.openfoodfacts.org/product/6270024001022,controlled-lexicon-composition v1 (no free machine translation),
06281007058704,Almarai greek style yogurt mango,,المراعي,المراعي يوناني ستايل زبادي مانجو,SA,Yogurts,,AUTO_SAFE,HIGH,,openfoodfacts,https://world.openfoodfacts.org/product/6281007058704,controlled-lexicon-composition v1 (no free machine translation),
06281020040700,Green farms light meat tuna,,,أخضر مزارع لايت لحم تونة,SA,unknown,,AUTO_SAFE,HIGH,,openfoodfacts,https://world.openfoodfacts.org/product/6281020040700,controlled-lexicon-composition v1 (no free machine translation),
06281060903331,Caesar fruit mix and lemon mint nectar,Caesar,قيصر,قيصر فواكه مشكل ليمون نعناع رحيق,SA,unknown,250,AUTO_SAFE,HIGH,,openfoodfacts,https://world.openfoodfacts.org/product/6281060903331,controlled-lexicon-composition v1 (no free machine translation),
06281063222439,Orient gardens dark red kidney beans,,,شرقي حدائق داكن أحمر حمراء فاصوليا,SA,Cans-food,,AUTO_SAFE,HIGH,,openfoodfacts,https://world.openfoodfacts.org/product/6281063222439,controlled-lexicon-composition v1 (no free machine translation),
06281063881070,Soy Sauce,Freshly,فريشلي,فريشلي صويا صلصة,SA,Soy sauces,,AUTO_SAFE,HIGH,,openfoodfacts,https://world.openfoodfacts.org/product/6281063881070,controlled-lexicon-composition v1 (no free machine translation),
06287009831130,Date Paste,,,تمر معجون,SA,Simple syrups,,AUTO_SAFE,HIGH,,openfoodfacts,https://world.openfoodfacts.org/product/6287009831130,controlled-lexicon-composition v1 (no free machine translation),
06290361200292,Filled Dates,Jomara,جمارة,جمارة محشو تمر,GCC,unknown,44,AUTO_SAFE,HIGH,,openfoodfacts,https://world.openfoodfacts.org/product/6290361200292,controlled-lexicon-composition v1 (no free machine translation),
06291030100035,Orange,,,برتقال,GCC,unknown,,AUTO_SAFE,HIGH,,openfoodfacts,https://world.openfoodfacts.org/product/6291030100035,controlled-lexicon-composition v1 (no free machine translation),
06291056068012,Yoghurt,,,زبادي,GCC,Yogurts,,AUTO_SAFE,HIGH,,openfoodfacts,https://world.openfoodfacts.org/product/6291056068012,controlled-lexicon-composition v1 (no free machine translation),
06300900232803,Baladna Evaporated Milk,Baladna,بلدنا,بلدنا مبخّر حليب,GCC,unknown,100,AUTO_SAFE,HIGH,,openfoodfacts,https://world.openfoodfacts.org/product/6300900232803,controlled-lexicon-composition v1 (no free machine translation),
06300900237280,Fresh Cream,Baladna,بلدنا,بلدنا طازج قشطة,GCC,Compound dairy creams,100,AUTO_SAFE,HIGH,,openfoodfacts,https://world.openfoodfacts.org/product/6300900237280,controlled-lexicon-composition v1 (no free machine translation),
00032894041173,California garden sweet corn whole kernel,,كاليفورنيا جاردن,كاليفورنيا جاردن حبّ كامل ذرة حلوة,SA,Cans-food,,AUTO_SAFE,HIGH,,openfoodfacts,https://world.openfoodfacts.org/product/0032894041173,controlled-lexicon-composition v1 (no free machine translation),
00759992905342,organic potato chips,,,عضوي بطاطس شيبس,GCC,unknown,,AUTO_SAFE,HIGH,,openfoodfacts,https://world.openfoodfacts.org/product/0759992905342,controlled-lexicon-composition v1 (no free machine translation),
05201704064878,Greek yoghurt,,,يوناني زبادي,GCC,Greek-style yogurts,,AUTO_SAFE,HIGH,,openfoodfacts,https://world.openfoodfacts.org/product/5201704064878,controlled-lexicon-composition v1 (no free machine translation),
05711953040641,PUCK LIGHT COOKING CREAM,PUCK,بوك,بوك لايت طبخ قشطة,GCC,unknown,100,AUTO_SAFE,HIGH,,openfoodfacts,https://world.openfoodfacts.org/product/5711953040641,controlled-lexicon-composition v1 (no free machine translation),
05711953090059,Puck olive cream cheese,,بوك,بوك زيتون قشطة جبن,GCC,Cream cheeses,,AUTO_SAFE,HIGH,,openfoodfacts,https://world.openfoodfacts.org/product/5711953090059,controlled-lexicon-composition v1 (no free machine translation),
06253808660356,Brown Bread,Qbake,كيو بيك,كيو بيك بني خبز,GCC,Wholemeal breads,26,AUTO_SAFE,HIGH,,openfoodfacts,https://world.openfoodfacts.org/product/6253808660356,controlled-lexicon-composition v1 (no free machine translation),
06271002311119,Vanilla Ice Cream,KDD,كي دي دي,كي دي دي آيس كريم فانيلا,GCC,Vanilla ice cream tubs,52,AUTO_SAFE,HIGH,,openfoodfacts,https://world.openfoodfacts.org/product/6271002311119,controlled-lexicon-composition v1 (no free machine translation),
06281007053617,Mango and grape,Almarai,المراعي,المراعي مانجو عنب,SA,unknown,,AUTO_SAFE,HIGH,,openfoodfacts,https://world.openfoodfacts.org/product/6281007053617,controlled-lexicon-composition v1 (no free machine translation),
06281018302919,Nada fresh milk full cream,,ندى,ندى حليب طازج كامل الدسم,SA,Dairies,,AUTO_SAFE,HIGH,,openfoodfacts,https://world.openfoodfacts.org/product/6281018302919,controlled-lexicon-composition v1 (no free machine translation),
06281024110096,Cheddar,President,بريزيدون,بريزيدون شيدر,SA,unknown,100,AUTO_SAFE,HIGH,,openfoodfacts,https://world.openfoodfacts.org/product/6281024110096,controlled-lexicon-composition v1 (no free machine translation),
06281057005932,Nadec greek yogurt strawberry,,نادك,نادك يوناني زبادي فراولة,SA,unknown,100,AUTO_SAFE,HIGH,,openfoodfacts,https://world.openfoodfacts.org/product/6281057005932,controlled-lexicon-composition v1 (no free machine translation),
06281063881407,Salad dressing,Freshly,فريشلي,فريشلي سلطة صلصة,SA,unknown,30,AUTO_SAFE,HIGH,,openfoodfacts,https://world.openfoodfacts.org/product/6281063881407,controlled-lexicon-composition v1 (no free machine translation),
06281073152597,Sunbulah instant noodles vegetable flavor,,سنبلة,سنبلة سريع التحضير نودلز خضار نكهة,SA,Noodles,,AUTO_SAFE,HIGH,,openfoodfacts,https://world.openfoodfacts.org/product/6281073152597,controlled-lexicon-composition v1 (no free machine translation),
06290360332871,Pomegranate,,,رمان,GCC,unknown,,AUTO_SAFE,HIGH,,openfoodfacts,https://world.openfoodfacts.org/product/6290360332871,controlled-lexicon-composition v1 (no free machine translation),
06290361203590,Ajwa Dates,Jomara,جمارة,جمارة عجوة تمر,GCC,unknown,40,AUTO_SAFE,HIGH,,openfoodfacts,https://world.openfoodfacts.org/product/6290361203590,controlled-lexicon-composition v1 (no free machine translation),
06291002106010,Chicken Spring Rolls,Al Islami,الإسلامي,الإسلامي سبرينق رول دجاج,GCC,unknown,30,AUTO_SAFE,HIGH,,openfoodfacts,https://world.openfoodfacts.org/product/6291002106010,controlled-lexicon-composition v1 (no free machine translation),
06291011055699,85%. Cocoa Extra Dark,Chocodate,تشوكوديت,تشوكوديت كاكاو إكسترا داكن,GCC,Filled dates,12.5,AUTO_SAFE,HIGH,,openfoodfacts,https://world.openfoodfacts.org/product/6291011055699,controlled-lexicon-composition v1 (no free machine translation),
06291016008201,Orange,,,برتقال,GCC,unknown,,AUTO_SAFE,HIGH,,openfoodfacts,https://world.openfoodfacts.org/product/6291016008201,controlled-lexicon-composition v1 (no free machine translation),
06291100930388,Strawberry smoothie,,,فراولة سموذي,GCC,unknown,,AUTO_SAFE,HIGH,,openfoodfacts,https://world.openfoodfacts.org/product/6291100930388,controlled-lexicon-composition v1 (no free machine translation),
06300900362081,mozzarella,,,موزاريلا,GCC,unknown,,AUTO_SAFE,HIGH,,openfoodfacts,https://world.openfoodfacts.org/product/6300900362081,controlled-lexicon-composition v1 (no free machine translation),
00617950142829,TUNA SLICES Smoked in Sunflower oil,alalali,العلالي,العلالي زيت دوار الشمس تونة شرائح مدخّن,GCC,unknown,170,AUTO_SAFE,HIGH,,openfoodfacts,https://world.openfoodfacts.org/product/0617950142829,controlled-lexicon-composition v1 (no free machine translation),
00709993305108,Chia seeds,NATURELAND,نيتشرلاند,نيتشرلاند شيا بذور,GCC,Chia,31,AUTO_SAFE,HIGH,,openfoodfacts,https://world.openfoodfacts.org/product/0709993305108,controlled-lexicon-composition v1 (no free machine translation),
06073000050980,Fresh yoghurt,,,طازج زبادي,GCC,Yogurts,,AUTO_SAFE,HIGH,,openfoodfacts,https://world.openfoodfacts.org/product/6073000050980,controlled-lexicon-composition v1 (no free machine translation),
06281007060387,Date Milk,Almarai,المراعي,المراعي تمر حليب,SA,unknown,225,AUTO_SAFE,HIGH,,openfoodfacts,https://world.openfoodfacts.org/product/6281007060387,controlled-lexicon-composition v1 (no free machine translation),
06281011111457,Pure corn oil,Afia,عافية,عافية زيت ذرة نقي,SA,Corn oils,,AUTO_SAFE,HIGH,,openfoodfacts,https://world.openfoodfacts.org/product/6281011111457,controlled-lexicon-composition v1 (no free machine translation),
06281018148081,Greek Yoghurt Low Fat Red Fruits With Chia Seeds,nada,ندى,ندى قليل الدسم يوناني زبادي أحمر فواكه شيا بذور,SA,unknown,160,AUTO_SAFE,HIGH,,openfoodfacts,https://world.openfoodfacts.org/product/6281018148081,controlled-lexicon-composition v1 (no free machine translation),
06281018316299,Nada strawberry milk,,ندى,ندى فراولة حليب,SA,unknown,,AUTO_SAFE,HIGH,,openfoodfacts,https://world.openfoodfacts.org/product/6281018316299,controlled-lexicon-composition v1 (no free machine translation),
06281036003454,Lay's ketchup,,ليز,ليز كاتشب,GCC,Crisps,21,AUTO_SAFE,HIGH,,openfoodfacts,https://world.openfoodfacts.org/product/6281036003454,controlled-lexicon-composition v1 (no free machine translation),
06281039161816,Saudia date milk,,السعودية,السعودية تمر حليب,SA,unknown,,AUTO_SAFE,HIGH,,openfoodfacts,https://world.openfoodfacts.org/product/6281039161816,controlled-lexicon-composition v1 (no free machine translation),
06281039174113,Saudia banana 125ml,Almarai,المراعي,المراعي موز,SA,unknown,100,AUTO_SAFE,HIGH,,openfoodfacts,https://world.openfoodfacts.org/product/6281039174113,controlled-lexicon-composition v1 (no free machine translation),
06281063881780,Freshly black beans,,فريشلي,فريشلي أسود فاصوليا,SA,Cans-food,,AUTO_SAFE,HIGH,,openfoodfacts,https://world.openfoodfacts.org/product/6281063881780,controlled-lexicon-composition v1 (no free machine translation),
06281100515418,orange carrot juice drink,,,برتقال جزر عصير شراب,SA,unknown,,AUTO_SAFE,HIGH,,openfoodfacts,https://world.openfoodfacts.org/product/6281100515418,controlled-lexicon-composition v1 (no free machine translation),
06297000747767,Barbican malt beverage pomegranate flavor,Barbican,باربيكان,باربيكان شعير مشروب رمان نكهة,SA,Sweetened beverages,250,AUTO_SAFE,HIGH,,openfoodfacts,https://world.openfoodfacts.org/product/6297000747767,controlled-lexicon-composition v1 (no free machine translation),
06300900237402,Turkish Labneh Low Fat,Baladna,بلدنا,بلدنا قليل الدسم تركي لبنة,GCC,unknown,100,AUTO_SAFE,HIGH,,openfoodfacts,https://world.openfoodfacts.org/product/6300900237402,controlled-lexicon-composition v1 (no free machine translation),
07340001805536,Cookies & Cream Protein Bar,Barebells,بيربلز,بيربلز لوح بروتين كوكيز قشطة,GCC,unknown,55,AUTO_SAFE,HIGH,,openfoodfacts,https://world.openfoodfacts.org/product/7340001805536,controlled-lexicon-composition v1 (no free machine translation),
00000090453403,Red bull blueberry flavor energy drink,,ريد بول,ريد بول توت أزرق نكهة طاقة شراب,SA,Energy drinks,,AUTO_SAFE,HIGH,,openfoodfacts,https://world.openfoodfacts.org/product/90453403,controlled-lexicon-composition v1 (no free machine translation),
00617950205593,Alalali chocolate syrup,,العلالي,العلالي شوكولاتة شراب,SA,Dressing-sauce,,AUTO_SAFE,HIGH,,openfoodfacts,https://world.openfoodfacts.org/product/0617950205593,controlled-lexicon-composition v1 (no free machine translation),
06271002190219,KddChocolate Milk (Low Fat) 180 ml,KDD,كي دي دي,كي دي دي قليل الدسم شوكولاتة حليب,SA,Partially skimmed chocolate flavoured milk with sugar fortified with vitamins and chemicals elements,100,AUTO_SAFE,HIGH,,openfoodfacts,https://world.openfoodfacts.org/product/6271002190219,controlled-lexicon-composition v1 (no free machine translation),
06271002221517,KDD Guava juice 180ml,,كي دي دي,كي دي دي جوافة عصير,SA,unknown,,AUTO_SAFE,HIGH,,openfoodfacts,https://world.openfoodfacts.org/product/6271002221517,controlled-lexicon-composition v1 (no free machine translation),
06281007025799,Spreadable Cheddar Cheese,Almarai,المراعي,المراعي جبن شيدر قابل للدهن,SA,unknown,,AUTO_SAFE,HIGH,,openfoodfacts,https://world.openfoodfacts.org/product/6281007025799,controlled-lexicon-composition v1 (no free machine translation),
06281014800419,Goody original light meat tuna in sunflower oil,goody,قودي,قودي زيت دوار الشمس أصلي لايت لحم تونة,SA,Canned tunas,,AUTO_SAFE,HIGH,,openfoodfacts,https://world.openfoodfacts.org/product/6281014800419,controlled-lexicon-composition v1 (no free machine translation),
06281022116472,Activia Yoghurt (Full fat),,أكتيفيا,أكتيفيا كامل الدسم زبادي,SA,fr:sodium,150,AUTO_SAFE,HIGH,,openfoodfacts,https://world.openfoodfacts.org/product/6281022116472,controlled-lexicon-composition v1 (no free machine translation),
06281022183344,Safio strawberry,,صافيو,صافيو فراولة,SA,unknown,,AUTO_SAFE,HIGH,,openfoodfacts,https://world.openfoodfacts.org/product/6281022183344,controlled-lexicon-composition v1 (no free machine translation),
06281057005956,Nadec greek yogurt mixed berries,,نادك,نادك يوناني زبادي مشكل توت,GCC,unknown,100,AUTO_SAFE,HIGH,,openfoodfacts,https://world.openfoodfacts.org/product/6281057005956,controlled-lexicon-composition v1 (no free machine translation),
06281057015986,Nadec labneh zaatar,,نادك,نادك لبنة زعتر,SA,unknown,,AUTO_SAFE,HIGH,,openfoodfacts,https://world.openfoodfacts.org/product/6281057015986,controlled-lexicon-composition v1 (no free machine translation),
06281060903317,Caesar fruit mix and lemon mint nectar,,قيصر,قيصر فواكه مشكل ليمون نعناع رحيق,SA,unknown,,AUTO_SAFE,HIGH,,openfoodfacts,https://world.openfoodfacts.org/product/6281060903317,controlled-lexicon-composition v1 (no free machine translation),
06290090036018,Creamy Caesar,Heinz,هاينز,هاينز كريمي,GCC,Salads,100,AUTO_SAFE,HIGH,,openfoodfacts,https://world.openfoodfacts.org/product/6290090036018,controlled-lexicon-composition v1 (no free machine translation),
06291007902181,Digestive Sugar Free Biscuits,Britannia,بريتانيا,بريتانيا خالي السكر دايجستيف بسكويت,GCC,Bus,29,AUTO_SAFE,HIGH,,openfoodfacts,https://world.openfoodfacts.org/product/6291007902181,controlled-lexicon-composition v1 (no free machine translation),
06291034469961,Mango Drink,,,مانجو شراب,GCC,unknown,,AUTO_SAFE,HIGH,,openfoodfacts,https://world.openfoodfacts.org/product/6291034469961,controlled-lexicon-composition v1 (no free machine translation),
06291104286009,Organic Larder Orange Marmalade,Organic Larder,أورجانيك لاردر,أورجانيك لاردر برتقال مربى برتقال,GCC,Orange jams,,AUTO_SAFE,HIGH,,openfoodfacts,https://world.openfoodfacts.org/product/6291104286009,controlled-lexicon-composition v1 (no free machine translation),
06291107051956,Milk Full Fat,,,كامل الدسم حليب,GCC,unknown,,AUTO_SAFE,HIGH,,openfoodfacts,https://world.openfoodfacts.org/product/6291107051956,controlled-lexicon-composition v1 (no free machine translation),
06291108639252,Organic Dates,Jomara,جمارة,جمارة عضوي تمر,GCC,unknown,100,AUTO_SAFE,HIGH,,openfoodfacts,https://world.openfoodfacts.org/product/6291108639252,controlled-lexicon-composition v1 (no free machine translation),
06294001851530,Coconut Kunafa Milk Chocolate,Galaxy,جالاكسي,جالاكسي جوز الهند كنافة حليب شوكولاتة,GCC,unknown,11.25,AUTO_SAFE,HIGH,,openfoodfacts,https://world.openfoodfacts.org/product/6294001851530,controlled-lexicon-composition v1 (no free machine translation),
06297000670997,Balade farms strawberry kefir,,مزارع بلدي,مزارع بلدي فراولة كفير,SA,unknown,100,AUTO_SAFE,HIGH,,openfoodfacts,https://world.openfoodfacts.org/product/6297000670997,controlled-lexicon-composition v1 (no free machine translation),
06297001083727,Balade farms labneh,,مزارع بلدي,مزارع بلدي لبنة,SA,Dairies,,AUTO_SAFE,HIGH,,openfoodfacts,https://world.openfoodfacts.org/product/6297001083727,controlled-lexicon-composition v1 (no free machine translation),
06300900081548,Tomato Ketchup,,,طماطم كاتشب,GCC,Ketchup,,AUTO_SAFE,HIGH,,openfoodfacts,https://world.openfoodfacts.org/product/6300900081548,controlled-lexicon-composition v1 (no free machine translation),
07891515634209,Chilli Cheese Bites,Sadia,ساديا,ساديا شطة جبن قطع,GCC,unknown,100,AUTO_SAFE,HIGH,,openfoodfacts,https://world.openfoodfacts.org/product/7891515634209,controlled-lexicon-composition v1 (no free machine translation),
07891515644604,Halloumi Style Beef Burger,Sadia Special,ساديا,ساديا حلوم ستايل لحم بقري برجر,GCC,unknown,100,AUTO_SAFE,HIGH,,openfoodfacts,https://world.openfoodfacts.org/product/7891515644604,controlled-lexicon-composition v1 (no free machine translation),
08445291537668,cerelac Multigrain,Cerelac,سيريلاك,سيريلاك حبوب متعددة,GCC,unknown,,AUTO_SAFE,HIGH,,openfoodfacts,https://world.openfoodfacts.org/product/8445291537668,controlled-lexicon-composition v1 (no free machine translation),
00012000060236,Lipton peach ice tea zero sugar,Lipton,ليبتون,ليبتون خوخ مثلج شاي زيرو سكر,SA,Iced teas,,AUTO_SAFE,HIGH,,openfoodfacts,https://world.openfoodfacts.org/product/0012000060236,controlled-lexicon-composition v1 (no free machine translation),
06281039525410,Saudia chocolate,,السعودية,السعودية شوكولاتة,SA,Desert,51.2,AUTO_SAFE,HIGH,,openfoodfacts,https://world.openfoodfacts.org/product/6281039525410,controlled-lexicon-composition v1 (no free machine translation),
06281057009091,Nadec turkish labneh full fat,,نادك,نادك كامل الدسم تركي لبنة,SA,unknown,,AUTO_SAFE,HIGH,,openfoodfacts,https://world.openfoodfacts.org/product/6281057009091,controlled-lexicon-composition v1 (no free machine translation),
06281057016044,Nadec fresh yogurt lactose free full fat,,نادك,نادك خالي اللاكتوز كامل الدسم طازج زبادي,SA,Dairies,,AUTO_SAFE,HIGH,,openfoodfacts,https://world.openfoodfacts.org/product/6281057016044,controlled-lexicon-composition v1 (no free machine translation),
06281073312373,Chicken Strips Cheese Flavor,Sunbulah,سنبلة,سنبلة دجاج ستربس جبن نكهة,SA,unknown,100,AUTO_SAFE,HIGH,,openfoodfacts,https://world.openfoodfacts.org/product/6281073312373,controlled-lexicon-composition v1 (no free machine translation),
06287006530012,Instant Arabic coffee cardamom,,,سريع التحضير عربي قهوة هيل,SA,Instant coffees,,AUTO_SAFE,HIGH,,openfoodfacts,https://world.openfoodfacts.org/product/6287006530012,controlled-lexicon-composition v1 (no free machine translation),
06287006940798,Kitco bites sticks tomato ketchup flavor,,كيتكو,كيتكو قطع أصابع طماطم كاتشب نكهة,SA,Chips,,AUTO_SAFE,HIGH,,openfoodfacts,https://world.openfoodfacts.org/product/6287006940798,controlled-lexicon-composition v1 (no free machine translation),
06291079225089,Red Kidney Beans,Farm Fresh,فارم فريش,فارم فريش أحمر حمراء فاصوليا,GCC,unknown,,AUTO_SAFE,HIGH,,openfoodfacts,https://world.openfoodfacts.org/product/6291079225089,controlled-lexicon-composition v1 (no free machine translation),
06291079363927,Chicken Popcorn,Farm Fresh,فارم فريش,فارم فريش دجاج فشار,GCC,unknown,100,AUTO_SAFE,HIGH,,openfoodfacts,https://world.openfoodfacts.org/product/6291079363927,controlled-lexicon-composition v1 (no free machine translation),
06291108230251,Chocolate Dates,Date Crown,ديت كراون,ديت كراون شوكولاتة تمر,GCC,unknown,50,AUTO_SAFE,HIGH,,openfoodfacts,https://world.openfoodfacts.org/product/6291108230251,controlled-lexicon-composition v1 (no free machine translation),
06300900236184,Strawberry Milk,Baladna,بلدنا,بلدنا فراولة حليب,GCC,unknown,125,AUTO_SAFE,HIGH,,openfoodfacts,https://world.openfoodfacts.org/product/6300900236184,controlled-lexicon-composition v1 (no free machine translation),
08992696526013,Nescafe mocha,rtd,نسكافيه,نسكافيه موكا,SA,unknown,225,AUTO_SAFE,HIGH,,openfoodfacts,https://world.openfoodfacts.org/product/8992696526013,controlled-lexicon-composition v1 (no free machine translation),
00709993309168,Black Sesame Butter,Natureland,نيتشرلاند,نيتشرلاند أسود سمسم زبدة,GCC,unknown,34,AUTO_SAFE,HIGH,,openfoodfacts,https://world.openfoodfacts.org/product/0709993309168,controlled-lexicon-composition v1 (no free machine translation),
05285000396109,Indomie instant noodles fried noodles hot and spicy,,إندومي,إندومي سريع التحضير نودلز مقلي نودلز حار حار,GCC,unknown,,AUTO_SAFE,HIGH,,openfoodfacts,https://world.openfoodfacts.org/product/5285000396109,controlled-lexicon-composition v1 (no free machine translation),
05740900403550,Unsalted,Lurpak,لورباك,لورباك بدون ملح,SA,unknown,,AUTO_SAFE,HIGH,,openfoodfacts,https://world.openfoodfacts.org/product/5740900403550,controlled-lexicon-composition v1 (no free machine translation),
06281007120500,Fresh milk,Almarai,المراعي,المراعي حليب طازج,SA,unknown,250,AUTO_SAFE,HIGH,,openfoodfacts,https://world.openfoodfacts.org/product/6281007120500,controlled-lexicon-composition v1 (no free machine translation),
06281018127048,Protein Milk with Dates,Nada,ندى,ندى بروتين حليب تمر,SA,Flavoured milks,320,AUTO_SAFE,HIGH,,openfoodfacts,https://world.openfoodfacts.org/product/6281018127048,controlled-lexicon-composition v1 (no free machine translation),
06281018154549,Protein Chocolate Flavored Milk,Nada,ندى,ندى بروتين شوكولاتة بنكهة حليب,SA,Protein shakes,320,AUTO_SAFE,HIGH,,openfoodfacts,https://world.openfoodfacts.org/product/6281018154549,controlled-lexicon-composition v1 (no free machine translation),
06281022113150,Alsafi fresh laban full fat,,الصافي,الصافي كامل الدسم طازج لبن,SA,Dairies,,AUTO_SAFE,HIGH,,openfoodfacts,https://world.openfoodfacts.org/product/6281022113150,controlled-lexicon-composition v1 (no free machine translation),
06281022126587,Activia greek strawberry,,أكتيفيا,أكتيفيا يوناني فراولة,SA,unknown,,AUTO_SAFE,HIGH,,openfoodfacts,https://world.openfoodfacts.org/product/6281022126587,controlled-lexicon-composition v1 (no free machine translation),
06281022167726,Alsafi creamy taste,,الصافي,الصافي كريمي نكهة,SA,unknown,,AUTO_SAFE,HIGH,,openfoodfacts,https://world.openfoodfacts.org/product/6281022167726,controlled-lexicon-composition v1 (no free machine translation),
06281036177155,Tasali ketchup,Tasali,تسالي,تسالي كاتشب,SA,unknown,,AUTO_SAFE,HIGH,,openfoodfacts,https://world.openfoodfacts.org/product/6281036177155,controlled-lexicon-composition v1 (no free machine translation),
06291021765502,Cream Cheese,Puck,بوك,بوك قشطة جبن,GCC,unknown,100,AUTO_SAFE,HIGH,,openfoodfacts,https://world.openfoodfacts.org/product/6291021765502,controlled-lexicon-composition v1 (no free machine translation),
06291106582567,Coconut cream,,,جوز الهند قشطة,GCC,unknown,,AUTO_SAFE,HIGH,,openfoodfacts,https://world.openfoodfacts.org/product/6291106582567,controlled-lexicon-composition v1 (no free machine translation),
06294003587925,Maggi coriander and garlic mix,,ماجي,ماجي كزبرة ثوم مشكل,GCC,unknown,,AUTO_SAFE,HIGH,,openfoodfacts,https://world.openfoodfacts.org/product/6294003587925,controlled-lexicon-composition v1 (no free machine translation),
06294011628474,Chia seeds,LuLu,لولو,لولو شيا بذور,GCC,Chia,30,AUTO_SAFE,HIGH,,openfoodfacts,https://world.openfoodfacts.org/product/6294011628474,controlled-lexicon-composition v1 (no free machine translation),
06297000670256,Balade farms labneh,,مزارع بلدي,مزارع بلدي لبنة,SA,unknown,,AUTO_SAFE,HIGH,,openfoodfacts,https://world.openfoodfacts.org/product/6297000670256,controlled-lexicon-composition v1 (no free machine translation),
06297000999494,Pistachio Maamoul,,,فستق معمول,GCC,unknown,,AUTO_SAFE,HIGH,,openfoodfacts,https://world.openfoodfacts.org/product/6297000999494,controlled-lexicon-composition v1 (no free machine translation),
09504000343767,Flavored Yoghurt (Peach) (Low Fat),Mazzraty,مزرعتي,مزرعتي قليل الدسم بنكهة زبادي خوخ,GCC,Flavoured yogurts,100,AUTO_SAFE,HIGH,,openfoodfacts,https://world.openfoodfacts.org/product/9504000343767,controlled-lexicon-composition v1 (no free machine translation),
00012000804083,7up mini,7UP,سفن أب,سفن أب ميني,GCC,Sweetened beverages,150,AUTO_SAFE,HIGH,,openfoodfacts,https://world.openfoodfacts.org/product/0012000804083,controlled-lexicon-composition v1 (no free machine translation),
00012000804489,Mirinda mini citrus,,ميرندا,ميرندا ميني حمضيات,SA,unknown,,AUTO_SAFE,HIGH,,openfoodfacts,https://world.openfoodfacts.org/product/0012000804489,controlled-lexicon-composition v1 (no free machine translation),
00344900362418,Greek Style Yogurt,Mazzraty,مزرعتي,مزرعتي يوناني ستايل زبادي,GCC,unknown,170,AUTO_SAFE,HIGH,,openfoodfacts,https://world.openfoodfacts.org/product/0344900362418,controlled-lexicon-composition v1 (no free machine translation),
00614347230404,Organic Corn Flakes,Rahi,كورن فليكس,كورن فليكس عضوي,SA,unknown,100,AUTO_SAFE,HIGH,,openfoodfacts,https://world.openfoodfacts.org/product/0614347230404,controlled-lexicon-composition v1 (no free machine translation),
00617950701552,Alalali sweet corn cream style,,العلالي,العلالي ذرة حلوة قشطة ستايل,GCC,unknown,,AUTO_SAFE,HIGH,,openfoodfacts,https://world.openfoodfacts.org/product/0617950701552,controlled-lexicon-composition v1 (no free machine translation),
00709993300325,Spaghetti Pasta,Natureland,نيتشرلاند,نيتشرلاند سباغيتي معكرونة,GCC,unknown,55,AUTO_SAFE,HIGH,,openfoodfacts,https://world.openfoodfacts.org/product/0709993300325,controlled-lexicon-composition v1 (no free machine translation),
00709993306631,Chocolate Coated Wafer,Natureland,نيتشرلاند,نيتشرلاند شوكولاتة مغطّى ويفر,GCC,unknown,30,AUTO_SAFE,HIGH,,openfoodfacts,https://world.openfoodfacts.org/product/0709993306631,controlled-lexicon-composition v1 (no free machine translation),
06271002107811,Kdd iced mocha coffee with chocolate milk,KDD,كي دي دي,كي دي دي مثلج موكا قهوة شوكولاتة حليب,SA,unknown,,AUTO_SAFE,HIGH,,openfoodfacts,https://world.openfoodfacts.org/product/6271002107811,controlled-lexicon-composition v1 (no free machine translation),
06281007049658,Almarai greek style yogurt blueberry,Almarai,المراعي,المراعي يوناني ستايل زبادي توت أزرق,GCC,Greek-style yogurts,150,AUTO_SAFE,HIGH,,openfoodfacts,https://world.openfoodfacts.org/product/6281007049658,controlled-lexicon-composition v1 (no free machine translation),
06281007119054,Almarai fresh laban full fat,,المراعي,المراعي كامل الدسم طازج لبن,SA,Dairies,,AUTO_SAFE,HIGH,,openfoodfacts,https://world.openfoodfacts.org/product/6281007119054,controlled-lexicon-composition v1 (no free machine translation),
06281011701894,Sunflower Oil,,,زيت دوار الشمس,GCC,Sunflower oils,,AUTO_SAFE,HIGH,,openfoodfacts,https://world.openfoodfacts.org/product/6281011701894,controlled-lexicon-composition v1 (no free machine translation),
06281039160918,Saudia chocolate milk,,السعودية,السعودية شوكولاتة حليب,SA,unknown,,AUTO_SAFE,HIGH,,openfoodfacts,https://world.openfoodfacts.org/product/6281039160918,controlled-lexicon-composition v1 (no free machine translation),
06281050038593,Chicken Breast Popcorn,Americana,أمريكانا,أمريكانا دجاج صدر فشار,SA,unknown,,AUTO_SAFE,HIGH,,openfoodfacts,https://world.openfoodfacts.org/product/6281050038593,controlled-lexicon-composition v1 (no free machine translation),
06281060903201,Orange carrot & grape nectar,caesar,قيصر,قيصر برتقال جزر عنب رحيق,SA,unknown,250,AUTO_SAFE,HIGH,,openfoodfacts,https://world.openfoodfacts.org/product/6281060903201,controlled-lexicon-composition v1 (no free machine translation),
06281063460664,Orient gardens chocolate flavored syrup,,,شرقي حدائق شوكولاتة بنكهة شراب,SA,Energy drinks,,AUTO_SAFE,HIGH,,openfoodfacts,https://world.openfoodfacts.org/product/6281063460664,controlled-lexicon-composition v1 (no free machine translation),
06281063881117,Freshly tomato sauce,,فريشلي,فريشلي طماطم صلصة,SA,unknown,,AUTO_SAFE,HIGH,,openfoodfacts,https://world.openfoodfacts.org/product/6281063881117,controlled-lexicon-composition v1 (no free machine translation),
06281102673079,Basmati rice,,,بسمتي أرز,SA,Basmati rices,,AUTO_SAFE,HIGH,,openfoodfacts,https://world.openfoodfacts.org/product/6281102673079,controlled-lexicon-composition v1 (no free machine translation),
06281105680517,Maamoul,,,معمول,SA,unknown,,AUTO_SAFE,HIGH,,openfoodfacts,https://world.openfoodfacts.org/product/6281105680517,controlled-lexicon-composition v1 (no free machine translation),
06291003059261,Spaghetti,,,سباغيتي,GCC,unknown,,AUTO_SAFE,HIGH,,openfoodfacts,https://world.openfoodfacts.org/product/6291003059261,controlled-lexicon-composition v1 (no free machine translation),
06291011053954,Chocodate dark,Chocodate,تشوكوديت,تشوكوديت داكن,GCC,Dark chocolates,,AUTO_SAFE,HIGH,,openfoodfacts,https://world.openfoodfacts.org/product/6291011053954,controlled-lexicon-composition v1 (no free machine translation),
06291011054296,Coconut,,,جوز الهند,GCC,unknown,,AUTO_SAFE,HIGH,,openfoodfacts,https://world.openfoodfacts.org/product/6291011054296,controlled-lexicon-composition v1 (no free machine translation),
06291011055446,Milk chocodate,,تشوكوديت,تشوكوديت حليب,GCC,unknown,,AUTO_SAFE,HIGH,,openfoodfacts,https://world.openfoodfacts.org/product/6291011055446,controlled-lexicon-composition v1 (no free machine translation),
06291053130149,Chocolate Sandwich Ice Cream,Hershey's,هيرشيز,هيرشيز آيس كريم شوكولاتة ساندويتش,GCC,unknown,63,AUTO_SAFE,HIGH,,openfoodfacts,https://world.openfoodfacts.org/product/6291053130149,controlled-lexicon-composition v1 (no free machine translation),
06291108225417,Apple strawberry,,,تفاح فراولة,GCC,unknown,,AUTO_SAFE,HIGH,,openfoodfacts,https://world.openfoodfacts.org/product/6291108225417,controlled-lexicon-composition v1 (no free machine translation),
06294011664144,Yoghurt,LuLu,لولو,لولو زبادي,GCC,unknown,100,AUTO_SAFE,HIGH,,openfoodfacts,https://world.openfoodfacts.org/product/6294011664144,controlled-lexicon-composition v1 (no free machine translation),
06294017503898,Breaded Chicken Strips,Carrefour,كارفور,كارفور مقرمش بالبقسماط دجاج ستربس,GCC,unknown,,AUTO_SAFE,HIGH,,openfoodfacts,https://world.openfoodfacts.org/product/6294017503898,controlled-lexicon-composition v1 (no free machine translation),
07613287248930,Nestle cocoa puffs cereal,,نستله,نستله كاكاو نفخات حبوب إفطار,SA,unknown,,AUTO_SAFE,HIGH,,openfoodfacts,https://world.openfoodfacts.org/product/7613287248930,controlled-lexicon-composition v1 (no free machine translation),
08445290341259,Nestle Cerelac wheat dates,Cerelac,سيريلاك,سيريلاك قمح تمر,SA,Baby dishes,100,AUTO_SAFE,HIGH,,openfoodfacts,https://world.openfoodfacts.org/product/8445290341259,controlled-lexicon-composition v1 (no free machine translation),
00000029574377,Honey Rings Cereal,Spinneys Food,سبينيس,سبينيس عسل حلقات حبوب إفطار,GCC,Breakfast cereals,40,AUTO_SAFE,HIGH,,openfoodfacts,https://world.openfoodfacts.org/product/29574377,controlled-lexicon-composition v1 (no free machine translation),
00012000061080,Lipton peach ice tea,Lepton,ليبتون,ليبتون خوخ مثلج شاي,SA,unknown,310,AUTO_SAFE,HIGH,,openfoodfacts,https://world.openfoodfacts.org/product/0012000061080,controlled-lexicon-composition v1 (no free machine translation),
05711953169120,Puck Halloumi Full Fat 200g,Puck,بوك,بوك كامل الدسم حلوم,SA,unknown,,AUTO_SAFE,HIGH,,openfoodfacts,https://world.openfoodfacts.org/product/5711953169120,controlled-lexicon-composition v1 (no free machine translation),
06077160156728,Keto Granola,,,كيتو جرانولا,GCC,unknown,100,AUTO_SAFE,HIGH,,openfoodfacts,https://world.openfoodfacts.org/product/6077160156728,controlled-lexicon-composition v1 (no free machine translation),
06281007070737,Orange Juice,Almarai,المراعي,المراعي برتقال عصير,GCC,Orange juices,200,AUTO_SAFE,HIGH,,openfoodfacts,https://world.openfoodfacts.org/product/6281007070737,controlled-lexicon-composition v1 (no free machine translation),
06281018310297,Nada full cream milk,,ندى,ندى كامل الدسم حليب,SA,Dairies,,AUTO_SAFE,HIGH,,openfoodfacts,https://world.openfoodfacts.org/product/6281018310297,controlled-lexicon-composition v1 (no free machine translation),
06281022180312,Alsafi long life milk full fat,,الصافي,الصافي طويل الأجل كامل الدسم حليب,SA,unknown,,AUTO_SAFE,HIGH,,openfoodfacts,https://world.openfoodfacts.org/product/6281022180312,controlled-lexicon-composition v1 (no free machine translation),
06281022183412,Safio vanilla milk,,صافيو,صافيو فانيلا حليب,SA,unknown,,AUTO_SAFE,HIGH,,openfoodfacts,https://world.openfoodfacts.org/product/6281022183412,controlled-lexicon-composition v1 (no free machine translation),
06281026165643,The original orange drink,Al Rabie,الربيع,الربيع أصلي برتقال شراب,SA,Juices and nectars,100,AUTO_SAFE,HIGH,,openfoodfacts,https://world.openfoodfacts.org/product/6281026165643,controlled-lexicon-composition v1 (no free machine translation),
06281034914301,Rani Mango fruit drink 1.4L,Rani,راني,راني مانجو فواكه شراب,GCC,unknown,200,AUTO_SAFE,HIGH,,openfoodfacts,https://world.openfoodfacts.org/product/6281034914301,controlled-lexicon-composition v1 (no free machine translation),
06281060056518,Caesar orange,,قيصر,قيصر برتقال,SA,unknown,,AUTO_SAFE,HIGH,,openfoodfacts,https://world.openfoodfacts.org/product/6281060056518,controlled-lexicon-composition v1 (no free machine translation),
06281063222385,Orient gardens green peas,,,شرقي حدائق أخضر بازلاء,SA,Cans-food,,AUTO_SAFE,HIGH,,openfoodfacts,https://world.openfoodfacts.org/product/6281063222385,controlled-lexicon-composition v1 (no free machine translation),
06291011059345,Chocolate date almond,,,شوكولاتة تمر لوز,GCC,unknown,,AUTO_SAFE,HIGH,,openfoodfacts,https://world.openfoodfacts.org/product/6291011059345,controlled-lexicon-composition v1 (no free machine translation),
06291103750150,Fish Curry masala,,,سمك كاري ماسالا,GCC,unknown,,AUTO_SAFE,HIGH,,openfoodfacts,https://world.openfoodfacts.org/product/6291103750150,controlled-lexicon-composition v1 (no free machine translation),
06294017120781,NESCAFE 2 IN 1 SUGAR FREE,NESCAFE,نسكافيه,نسكافيه خالي السكر,GCC,Instant coffees,100,AUTO_SAFE,HIGH,,openfoodfacts,https://world.openfoodfacts.org/product/6294017120781,controlled-lexicon-composition v1 (no free machine translation),
06297000140612,Assorted filled dates,,,مشكل محشو تمر,GCC,Filled dates,36,AUTO_SAFE,HIGH,,openfoodfacts,https://world.openfoodfacts.org/product/6297000140612,controlled-lexicon-composition v1 (no free machine translation),
00000080001355,Sandwich Chocolate,Loacker,لواكر,لواكر ساندويتش شوكولاتة,SA,Stuffed wafers,25,AUTO_SAFE,HIGH,,openfoodfacts,https://world.openfoodfacts.org/product/80001355,controlled-lexicon-composition v1 (no free machine translation),
05449000343468,Sprite citrus and mint flavor,,سبرايت,سبرايت حمضيات نعناع نكهة,SA,Beverages,,AUTO_SAFE,HIGH,,openfoodfacts,https://world.openfoodfacts.org/product/5449000343468,controlled-lexicon-composition v1 (no free machine translation),
06281007035187,Evaporated milk,Almarai,المراعي,المراعي مبخّر حليب,GCC,Milks,,AUTO_SAFE,HIGH,,openfoodfacts,https://world.openfoodfacts.org/product/6281007035187,controlled-lexicon-composition v1 (no free machine translation),
06281007037150,Almarai fresh sour yogurt full fat,,المراعي,المراعي كامل الدسم طازج حامض زبادي,GCC,unknown,,AUTO_SAFE,HIGH,,openfoodfacts,https://world.openfoodfacts.org/product/6281007037150,controlled-lexicon-composition v1 (no free machine translation),
06281007039994,Sandwich rolls milk,Almarai,المراعي,المراعي ساندويتش رولز حليب,SA,unknown,50,AUTO_SAFE,HIGH,,openfoodfacts,https://world.openfoodfacts.org/product/6281007039994,controlled-lexicon-composition v1 (no free machine translation),
06281007042772,Almarai creamy taste,Almarai,المراعي,المراعي كريمي نكهة,SA,Cheeses,,AUTO_SAFE,HIGH,,openfoodfacts,https://world.openfoodfacts.org/product/6281007042772,controlled-lexicon-composition v1 (no free machine translation),
06281007062732,Protein Milk 34g Strawberry and Banana Fat Free 400ml,,,خالي الدسم بروتين حليب فراولة موز,GCC,Milks,200,AUTO_SAFE,HIGH,,openfoodfacts,https://world.openfoodfacts.org/product/6281007062732,controlled-lexicon-composition v1 (no free machine translation),
06281016900506,Albatal cheese flavor,,البطل,البطل جبن نكهة,SA,unknown,,AUTO_SAFE,HIGH,,openfoodfacts,https://world.openfoodfacts.org/product/6281016900506,controlled-lexicon-composition v1 (no free machine translation),
06281018169413,Nada turkish labneh,,ندى,ندى تركي لبنة,SA,Dairies,,AUTO_SAFE,HIGH,,openfoodfacts,https://world.openfoodfacts.org/product/6281018169413,controlled-lexicon-composition v1 (no free machine translation),
06281022126594,Activia greek,Safi,أكتيفيا,أكتيفيا يوناني,SA,unknown,180,AUTO_SAFE,HIGH,,openfoodfacts,https://world.openfoodfacts.org/product/6281022126594,controlled-lexicon-composition v1 (no free machine translation),
06281022180411,Alsafi long life milk low fat,,الصافي,الصافي طويل الأجل قليل الدسم حليب,GCC,unknown,,AUTO_SAFE,HIGH,,openfoodfacts,https://world.openfoodfacts.org/product/6281022180411,controlled-lexicon-composition v1 (no free machine translation),
06281026164004,Al Rabie Orange drink,Al Rabie,الربيع,الربيع برتقال شراب,SA,Orange nectars,250,AUTO_SAFE,HIGH,,openfoodfacts,https://world.openfoodfacts.org/product/6281026164004,controlled-lexicon-composition v1 (no free machine translation),
06281039163216,Saudia chocolate milk,,السعودية,السعودية شوكولاتة حليب,SA,Partially skimmed chocolate flavoured milk with sugar fortified with vitamins and chemicals elements,100,AUTO_SAFE,HIGH,,openfoodfacts,https://world.openfoodfacts.org/product/6281039163216,controlled-lexicon-composition v1 (no free machine translation),
06281048108376,Puck labneh turkish recipe,,بوك,بوك لبنة تركي وصفة,SA,unknown,8,AUTO_SAFE,HIGH,,openfoodfacts,https://world.openfoodfacts.org/product/6281048108376,controlled-lexicon-composition v1 (no free machine translation),
06281106254403,Chocolate dates,,,شوكولاتة تمر,SA,unknown,,AUTO_SAFE,HIGH,,openfoodfacts,https://world.openfoodfacts.org/product/6281106254403,controlled-lexicon-composition v1 (no free machine translation),
06285602011805,Deemah Original date bar,Deemah,ديمة,ديمة أصلي تمر لوح,SA,unknown,100,AUTO_SAFE,HIGH,,openfoodfacts,https://world.openfoodfacts.org/product/6285602011805,controlled-lexicon-composition v1 (no free machine translation),
06287027460183,Premium maamoul with dates,,,فاخر معمول تمر,SA,Biscuits,,AUTO_SAFE,HIGH,,openfoodfacts,https://world.openfoodfacts.org/product/6287027460183,controlled-lexicon-composition v1 (no free machine translation),
06291011051974,CHOCODATE Assorted,Chocoadate,تشوكوديت,تشوكوديت مشكل,GCC,unknown,,AUTO_SAFE,HIGH,,openfoodfacts,https://world.openfoodfacts.org/product/6291011051974,controlled-lexicon-composition v1 (no free machine translation),
06291100852222,fresh and creamy,Yoplait,يوبليه,يوبليه طازج كريمي,GCC,Fruit yogurts,100,AUTO_SAFE,HIGH,,openfoodfacts,https://world.openfoodfacts.org/product/6291100852222,controlled-lexicon-composition v1 (no free machine translation),
06294017116906,Maggi cream of chicken soup,,ماجي,ماجي قشطة دجاج شوربة,GCC,unknown,,AUTO_SAFE,HIGH,,openfoodfacts,https://world.openfoodfacts.org/product/6294017116906,controlled-lexicon-composition v1 (no free machine translation),
06297000999067,Mixed Baklava,,,مشكل بقلاوة,GCC,unknown,,AUTO_SAFE,HIGH,,openfoodfacts,https://world.openfoodfacts.org/product/6297000999067,controlled-lexicon-composition v1 (no free machine translation),
06298044127034,Dates fruits,,,تمر فواكه,GCC,unknown,,AUTO_SAFE,HIGH,,openfoodfacts,https://world.openfoodfacts.org/product/6298044127034,controlled-lexicon-composition v1 (no free machine translation),
06300900235347,Protein milk chocolate,Balade à,بلدي,بلدي بروتين حليب شوكولاتة,GCC,unknown,360,AUTO_SAFE,HIGH,,openfoodfacts,https://world.openfoodfacts.org/product/6300900235347,controlled-lexicon-composition v1 (no free machine translation),
00617950205425,Alalali pancake syrup,,العلالي,العلالي بان كيك شراب,SA,unknown,,AUTO_SAFE,HIGH,,openfoodfacts,https://world.openfoodfacts.org/product/0617950205425,controlled-lexicon-composition v1 (no free machine translation),
05740900864405,Butter (Unsalted),Lurpak,لورباك,لورباك زبدة بدون ملح,GCC,Unsalted butters,10,AUTO_SAFE,HIGH,,openfoodfacts,https://world.openfoodfacts.org/product/5740900864405,controlled-lexicon-composition v1 (no free machine translation),
05760466878661,Cream Cheese,Puck,بوك,بوك قشطة جبن,GCC,unknown,,AUTO_SAFE,HIGH,,openfoodfacts,https://world.openfoodfacts.org/product/5760466878661,controlled-lexicon-composition v1 (no free machine translation),
06281006709843,Lipton Green Tea Mint,Lipton,ليبتون,ليبتون أخضر شاي نعناع,SA,Green teas,,AUTO_SAFE,HIGH,,openfoodfacts,https://world.openfoodfacts.org/product/6281006709843,controlled-lexicon-composition v1 (no free machine translation),
06281018143581,greek yoghurt,nada,ندى,ندى يوناني زبادي,SA,unknown,160,AUTO_SAFE,HIGH,,openfoodfacts,https://world.openfoodfacts.org/product/6281018143581,controlled-lexicon-composition v1 (no free machine translation),
06281024117248,President cheddar cheese,,بريزيدون,بريزيدون جبن شيدر,SA,Cheeses,,AUTO_SAFE,HIGH,,openfoodfacts,https://world.openfoodfacts.org/product/6281024117248,controlled-lexicon-composition v1 (no free machine translation),
06281048109458,Mozzarella cheddar 180 gm,Puck,بوك,بوك موزاريلا شيدر,SA,unknown,100,AUTO_SAFE,HIGH,,openfoodfacts,https://world.openfoodfacts.org/product/6281048109458,controlled-lexicon-composition v1 (no free machine translation),
06281057002665,Nadec fresh milk full fat,,نادك,نادك حليب طازج كامل الدسم,SA,unknown,,AUTO_SAFE,HIGH,,openfoodfacts,https://world.openfoodfacts.org/product/6281057002665,controlled-lexicon-composition v1 (no free machine translation),
06281057011964,Nadec halloumi cheese full fat,,نادك,نادك كامل الدسم حلوم جبن,SA,unknown,100,AUTO_SAFE,HIGH,,openfoodfacts,https://world.openfoodfacts.org/product/6281057011964,controlled-lexicon-composition v1 (no free machine translation),
06287034101055,Kinza lemon zero sugar,Kinza,كينزا,كينزا ليمون زيرو سكر,SA,Diet sodas,100,AUTO_SAFE,HIGH,,openfoodfacts,https://world.openfoodfacts.org/product/6287034101055,controlled-lexicon-composition v1 (no free machine translation),
06291011055903,Chocodate dark,,تشوكوديت,تشوكوديت داكن,GCC,unknown,,AUTO_SAFE,HIGH,,openfoodfacts,https://world.openfoodfacts.org/product/6291011055903,controlled-lexicon-composition v1 (no free machine translation),
06291100212781,Dattes,,,تمر,GCC,unknown,,AUTO_SAFE,HIGH,,openfoodfacts,https://world.openfoodfacts.org/product/6291100212781,controlled-lexicon-composition v1 (no free machine translation),
06291103629739,Dark Almond,,,داكن لوز,GCC,Dark chocolates with almonds,,AUTO_SAFE,HIGH,,openfoodfacts,https://world.openfoodfacts.org/product/6291103629739,controlled-lexicon-composition v1 (no free machine translation),
06291104282117,Organic Larder Organic White Quinoa,Organic Larder,أورجانيك لاردر,أورجانيك لاردر عضوي أبيض كينوا,GCC,unknown,,AUTO_SAFE,HIGH,,openfoodfacts,https://world.openfoodfacts.org/product/6291104282117,controlled-lexicon-composition v1 (no free machine translation),
06291104282377,Tomato paste,Organic Larder,أورجانيك لاردر,أورجانيك لاردر طماطم معجون,GCC,unknown,,AUTO_SAFE,HIGH,,openfoodfacts,https://world.openfoodfacts.org/product/6291104282377,controlled-lexicon-composition v1 (no free machine translation),
00717273501942,Mushroom Pasta Sauce,,,فطر معكرونة صلصة,GCC,unknown,,AUTO_SAFE,HIGH,,openfoodfacts,https://world.openfoodfacts.org/product/0717273501942,controlled-lexicon-composition v1 (no free machine translation),
05711953032929,Natural cheddar,Puck,بوك,بوك طبيعي شيدر,GCC,unknown,19,AUTO_SAFE,HIGH,,openfoodfacts,https://world.openfoodfacts.org/product/5711953032929,controlled-lexicon-composition v1 (no free machine translation),
05740900403574,Lurpak soft salted,Lurpak,لورباك,لورباك طري مملّح,SA,unknown,,AUTO_SAFE,HIGH,,openfoodfacts,https://world.openfoodfacts.org/product/5740900403574,controlled-lexicon-composition v1 (no free machine translation),
06272255306679,Mini Brownie,,,ميني براوني,GCC,unknown,,AUTO_SAFE,HIGH,,openfoodfacts,https://world.openfoodfacts.org/product/6272255306679,controlled-lexicon-composition v1 (no free machine translation),
06281014110044,Goody Creamy Peanut Butter,Goody,قودي,قودي زبدة فول سوداني كريمي,SA,Peanut butters,,AUTO_SAFE,HIGH,,openfoodfacts,https://world.openfoodfacts.org/product/6281014110044,controlled-lexicon-composition v1 (no free machine translation),
06281022115352,Alsafi fresh laban low fat,,الصافي,الصافي قليل الدسم طازج لبن,SA,unknown,,AUTO_SAFE,HIGH,,openfoodfacts,https://world.openfoodfacts.org/product/6281022115352,controlled-lexicon-composition v1 (no free machine translation),
06281063771401,Crushed Red Pepper,Freshly,فريشلي,فريشلي مجروش أحمر فلفل,SA,Red peppers,0.5,AUTO_SAFE,HIGH,,openfoodfacts,https://world.openfoodfacts.org/product/6281063771401,controlled-lexicon-composition v1 (no free machine translation),
06281100362074,Super seeds bread,,,سوبر بذور خبز,SA,unknown,30,AUTO_SAFE,HIGH,,openfoodfacts,https://world.openfoodfacts.org/product/6281100362074,controlled-lexicon-composition v1 (no free machine translation),
06281106258784,Chocolat date,,,شوكولاتة تمر,SA,unknown,,AUTO_SAFE,HIGH,,openfoodfacts,https://world.openfoodfacts.org/product/6281106258784,controlled-lexicon-composition v1 (no free machine translation),
06291056003440,Organic Laban full cream,Al Ain Farms,العين,العين كامل الدسم عضوي لبن,GCC,sv:organic-laban,100,AUTO_SAFE,HIGH,,openfoodfacts,https://world.openfoodfacts.org/product/6291056003440,controlled-lexicon-composition v1 (no free machine translation),
06291102148187,Breaded Fish Fillet,,,مقرمش بالبقسماط سمك فيليه,GCC,unknown,,AUTO_SAFE,HIGH,,openfoodfacts,https://world.openfoodfacts.org/product/6291102148187,controlled-lexicon-composition v1 (no free machine translation),
06297000747675,Barbican malt beverage classic malt,,باربيكان,باربيكان شعير مشروب كلاسيك شعير,GCC,unknown,,AUTO_SAFE,HIGH,,openfoodfacts,https://world.openfoodfacts.org/product/6297000747675,controlled-lexicon-composition v1 (no free machine translation),
06300900362494,Milk Vanilla Flavor High Protein Low Fat,Mazzraty Pro,مزرعتي,مزرعتي عالي البروتين قليل الدسم حليب فانيلا نكهة,GCC,unknown,100,AUTO_SAFE,HIGH,,openfoodfacts,https://world.openfoodfacts.org/product/6300900362494,controlled-lexicon-composition v1 (no free machine translation),
00000029605477,Seed Crunch,Spinneys Food,سبينيس,سبينيس بذور مقرمش,GCC,unknown,42,AUTO_SAFE,HIGH,,openfoodfacts,https://world.openfoodfacts.org/product/29605477,controlled-lexicon-composition v1 (no free machine translation),
00012000804717,Mirinda citrus,,ميرندا,ميرندا حمضيات,SA,Sodas,,AUTO_SAFE,HIGH,,openfoodfacts,https://world.openfoodfacts.org/product/0012000804717,controlled-lexicon-composition v1 (no free machine translation),
00617950600077,TOMATO KETCHUP,alalali,العلالي,العلالي طماطم كاتشب,SA,Groceries,15,AUTO_SAFE,HIGH,,openfoodfacts,https://world.openfoodfacts.org/product/0617950600077,controlled-lexicon-composition v1 (no free machine translation),
05033712110052,Beef Burger,Al Kabeer,الكبير,الكبير لحم بقري برجر,GCC,unknown,100,AUTO_SAFE,HIGH,,openfoodfacts,https://world.openfoodfacts.org/product/5033712110052,controlled-lexicon-composition v1 (no free machine translation),
05449000295040,Fanta citrus,Fanta,فانتا,فانتا حمضيات,SA,Sodas,,AUTO_SAFE,HIGH,,openfoodfacts,https://world.openfoodfacts.org/product/5449000295040,controlled-lexicon-composition v1 (no free machine translation),
06084000206123,White beans,,,أبيض فاصوليا,GCC,unknown,,AUTO_SAFE,HIGH,,openfoodfacts,https://world.openfoodfacts.org/product/6084000206123,controlled-lexicon-composition v1 (no free machine translation),
06271002212317,Apricot Nectar,KDD,كي دي دي,كي دي دي مشمش رحيق,GCC,Apricot nectars,250,AUTO_SAFE,HIGH,,openfoodfacts,https://world.openfoodfacts.org/product/6271002212317,controlled-lexicon-composition v1 (no free machine translation),
06271002322313,Vanilla Ice Cream in Biscuit Sandwich,KDD,كي دي دي,كي دي دي آيس كريم فانيلا بسكويت ساندويتش,GCC,Ice cream sandwiches,33,AUTO_SAFE,HIGH,,openfoodfacts,https://world.openfoodfacts.org/product/6271002322313,controlled-lexicon-composition v1 (no free machine translation),
06281022183399,Safio strawberry,,صافيو,صافيو فراولة,SA,unknown,,AUTO_SAFE,HIGH,,openfoodfacts,https://world.openfoodfacts.org/product/6281022183399,controlled-lexicon-composition v1 (no free machine translation),
06281039820416,Crispy cheese rings,,,مقرمش جبن حلقات,SA,Chips,,AUTO_SAFE,HIGH,,openfoodfacts,https://world.openfoodfacts.org/product/6281039820416,controlled-lexicon-composition v1 (no free machine translation),
06281039829815,Crispy sweet chili rings,,,مقرمش حلو شطة حلقات,SA,Chips,,AUTO_SAFE,HIGH,,openfoodfacts,https://world.openfoodfacts.org/product/6281039829815,controlled-lexicon-composition v1 (no free machine translation),
06281057002627,Nadec fresh laban low fat,,نادك,نادك قليل الدسم طازج لبن,SA,unknown,,AUTO_SAFE,HIGH,,openfoodfacts,https://world.openfoodfacts.org/product/6281057002627,controlled-lexicon-composition v1 (no free machine translation),
06281060903249,Caesar fruit mix orange carrot nectar,,قيصر,قيصر فواكه مشكل برتقال جزر رحيق,SA,unknown,,AUTO_SAFE,HIGH,,openfoodfacts,https://world.openfoodfacts.org/product/6281060903249,controlled-lexicon-composition v1 (no free machine translation),
06281063881100,Spicy Mustard,FRESHLY,فريشلي,فريشلي حار مسطردة,SA,unknown,5,AUTO_SAFE,HIGH,,openfoodfacts,https://world.openfoodfacts.org/product/6281063881100,controlled-lexicon-composition v1 (no free machine translation),
06281073152559,Sunbulah instant noodles chicken flavor,,سنبلة,سنبلة سريع التحضير نودلز دجاج نكهة,SA,Noodles,,AUTO_SAFE,HIGH,,openfoodfacts,https://world.openfoodfacts.org/product/6281073152559,controlled-lexicon-composition v1 (no free machine translation),
06281102100834,Fine dark cocoa powder,Reihan,فاين,فاين داكن كاكاو بودرة,SA,unknown,5,AUTO_SAFE,HIGH,,openfoodfacts,https://world.openfoodfacts.org/product/6281102100834,controlled-lexicon-composition v1 (no free machine translation),
06281106250382,Chocolate Dates,,,شوكولاتة تمر,SA,unknown,,AUTO_SAFE,HIGH,,openfoodfacts,https://world.openfoodfacts.org/product/6281106250382,controlled-lexicon-composition v1 (no free machine translation),
06285602013083,Deemah chili lemon,,ديمة,ديمة شطة ليمون,SA,Chips,,AUTO_SAFE,HIGH,,openfoodfacts,https://world.openfoodfacts.org/product/6285602013083,controlled-lexicon-composition v1 (no free machine translation),
06291011052049,Chocolate Date Almond assorted,,,شوكولاتة تمر لوز مشكل,GCC,unknown,,AUTO_SAFE,HIGH,,openfoodfacts,https://world.openfoodfacts.org/product/6291011052049,controlled-lexicon-composition v1 (no free machine translation),
06294003335526,Mayonnaise,,,مايونيز,GCC,unknown,,AUTO_SAFE,HIGH,,openfoodfacts,https://world.openfoodfacts.org/product/6294003335526,controlled-lexicon-composition v1 (no free machine translation),
06297000670492,Balade Greek yogurt,,بلدي,بلدي يوناني زبادي,GCC,Greek-style yogurts,,AUTO_SAFE,HIGH,,openfoodfacts,https://world.openfoodfacts.org/product/6297000670492,controlled-lexicon-composition v1 (no free machine translation),
06298888416110,Chocolate date,,,شوكولاتة تمر,GCC,unknown,,AUTO_SAFE,HIGH,,openfoodfacts,https://world.openfoodfacts.org/product/6298888416110,controlled-lexicon-composition v1 (no free machine translation),
06300900236887,Greek Style Yoghurt,BALADNA,بلدنا,بلدنا يوناني ستايل زبادي,GCC,unknown,360,AUTO_SAFE,HIGH,,openfoodfacts,https://world.openfoodfacts.org/product/6300900236887,controlled-lexicon-composition v1 (no free machine translation),
06307611040031,Sandwich,,,ساندويتش,GCC,unknown,220,AUTO_SAFE,HIGH,,openfoodfacts,https://world.openfoodfacts.org/product/6307611040031,controlled-lexicon-composition v1 (no free machine translation),
08445291537101,cerelac wheat,Nestle,نستله,نستله قمح,GCC,unknown,,AUTO_SAFE,HIGH,,openfoodfacts,https://world.openfoodfacts.org/product/8445291537101,controlled-lexicon-composition v1 (no free machine translation),
00709993323188,Nature land sweet corn,,نيتشرلاند,نيتشرلاند ذرة حلوة,SA,Canned foods,,AUTO_SAFE,HIGH,,openfoodfacts,https://world.openfoodfacts.org/product/0709993323188,controlled-lexicon-composition v1 (no free machine translation),
05711953175992,Galaxy milk hazelnut flavor,Galaxy,جالاكسي,جالاكسي حليب بندق نكهة,GCC,unknown,220,AUTO_SAFE,HIGH,,openfoodfacts,https://world.openfoodfacts.org/product/5711953175992,controlled-lexicon-composition v1 (no free machine translation),
06281006709812,Lipton Green Tea Classic,Lipton,ليبتون,ليبتون أخضر شاي كلاسيك,SA,unknown,,AUTO_SAFE,HIGH,,openfoodfacts,https://world.openfoodfacts.org/product/6281006709812,controlled-lexicon-composition v1 (no free machine translation),
06281007026031,Almarai labneh full fat,Almarai,المراعي,المراعي كامل الدسم لبنة,SA,unknown,55,AUTO_SAFE,HIGH,,openfoodfacts,https://world.openfoodfacts.org/product/6281007026031,controlled-lexicon-composition v1 (no free machine translation),
06281007038898,Almarai chocolate milk,Almarai,المراعي,المراعي شوكولاتة حليب,SA,Milks,150,AUTO_SAFE,HIGH,,openfoodfacts,https://world.openfoodfacts.org/product/6281007038898,controlled-lexicon-composition v1 (no free machine translation),
06281014002707,Goody Natural Ketchup 425ml,Goody,قودي,قودي طبيعي كاتشب,SA,unknown,15,AUTO_SAFE,HIGH,,openfoodfacts,https://world.openfoodfacts.org/product/6281014002707,controlled-lexicon-composition v1 (no free machine translation),
06281016149240,Albatal potato sticks extra chili,,البطل,البطل بطاطس أصابع إكسترا شطة,SA,Chips,,AUTO_SAFE,HIGH,,openfoodfacts,https://world.openfoodfacts.org/product/6281016149240,controlled-lexicon-composition v1 (no free machine translation),
06281020318335,Iced coffee mocha,Luna,لونا,لونا مثلج قهوة موكا,SA,Iced coffees,,AUTO_SAFE,HIGH,,openfoodfacts,https://world.openfoodfacts.org/product/6281020318335,controlled-lexicon-composition v1 (no free machine translation),
06281060043112,Caesar pineapple juice,,قيصر,قيصر أناناس عصير,SA,unknown,,AUTO_SAFE,HIGH,,openfoodfacts,https://world.openfoodfacts.org/product/6281060043112,controlled-lexicon-composition v1 (no free machine translation),
06281063883111,Freshly caramel syrup sugar free,,فريشلي,فريشلي خالي السكر كراميل شراب,SA,unknown,,AUTO_SAFE,HIGH,,openfoodfacts,https://world.openfoodfacts.org/product/6281063883111,controlled-lexicon-composition v1 (no free machine translation),
06285602010747,deemah cream strawberry,Deemah,ديمة,ديمة قشطة فراولة,SA,unknown,6.8,AUTO_SAFE,HIGH,,openfoodfacts,https://world.openfoodfacts.org/product/6285602010747,controlled-lexicon-composition v1 (no free machine translation),
06290090016126,Mayonnaise Classic,Heinz,هاينز,هاينز مايونيز كلاسيك,GCC,unknown,100,AUTO_SAFE,HIGH,,openfoodfacts,https://world.openfoodfacts.org/product/6290090016126,controlled-lexicon-composition v1 (no free machine translation),
06291056002481,Greek yoghurt drink,Al Ain farm,العين,العين زبادي سائل يوناني,GCC,Yogurts,100,AUTO_SAFE,HIGH,,openfoodfacts,https://world.openfoodfacts.org/product/6291056002481,controlled-lexicon-composition v1 (no free machine translation),
06291107379296,Chicken Nuggets,Seara,سيارا,سيارا دجاج ناجتس,GCC,unknown,,AUTO_SAFE,HIGH,,openfoodfacts,https://world.openfoodfacts.org/product/6291107379296,controlled-lexicon-composition v1 (no free machine translation),
06294003562083,Nescafe classic 3 in 1,Nescafe,نسكافيه,نسكافيه كلاسيك,GCC,unknown,,AUTO_SAFE,HIGH,,openfoodfacts,https://world.openfoodfacts.org/product/6294003562083,controlled-lexicon-composition v1 (no free machine translation),
06294011697739,Kidney Beans,Lulu,لولو,لولو حمراء فاصوليا,GCC,unknown,100,AUTO_SAFE,HIGH,,openfoodfacts,https://world.openfoodfacts.org/product/6294011697739,controlled-lexicon-composition v1 (no free machine translation),
06300900235743,baladna milk,baladna,بلدنا,بلدنا حليب,GCC,unknown,180,AUTO_SAFE,HIGH,,openfoodfacts,https://world.openfoodfacts.org/product/6300900235743,controlled-lexicon-composition v1 (no free machine translation),
09501101821217,Baladna low fat milk,Baladna,بلدنا,بلدنا قليل الدسم حليب,GCC,Low-fat,,AUTO_SAFE,HIGH,,openfoodfacts,https://world.openfoodfacts.org/product/9501101821217,controlled-lexicon-composition v1 (no free machine translation),
00012000800160,Mirinda orange,mirinda,ميرندا,ميرندا برتقال,GCC,Beverages with orange,,AUTO_SAFE,HIGH,,openfoodfacts,https://world.openfoodfacts.org/product/0012000800160,controlled-lexicon-composition v1 (no free machine translation),
00684500704523,Premium Fava Beans,California Garden,كاليفورنيا جاردن,كاليفورنيا جاردن فاخر فول فاصوليا,GCC,unknown,130,AUTO_SAFE,HIGH,,openfoodfacts,https://world.openfoodfacts.org/product/0684500704523,controlled-lexicon-composition v1 (no free machine translation),
00882149004978,Tuna Can Olive Oil,California Garden,كاليفورنيا جاردن,كاليفورنيا جاردن زيت زيتون تونة علبة,GCC,unknown,120,AUTO_SAFE,HIGH,,openfoodfacts,https://world.openfoodfacts.org/product/0882149004978,controlled-lexicon-composition v1 (no free machine translation),
04792024009171,Maggi Coconut Milk Powder Mix,Maggi,ماجي,ماجي حليب جوز الهند بودرة مشكل,GCC,Coconut milks and creams,10,AUTO_SAFE,HIGH,,openfoodfacts,https://world.openfoodfacts.org/product/4792024009171,controlled-lexicon-composition v1 (no free machine translation),
05053990137497,Pringles ketchup,,برينجلز,برينجلز كاتشب,GCC,Salty snacks made from potato,,AUTO_SAFE,HIGH,,openfoodfacts,https://world.openfoodfacts.org/product/5053990137497,controlled-lexicon-composition v1 (no free machine translation),
06084012090475,Cheddar Cheese,Kraft,كرافت,كرافت جبن شيدر,GCC,Cheddar cheese,,AUTO_SAFE,HIGH,,openfoodfacts,https://world.openfoodfacts.org/product/6084012090475,controlled-lexicon-composition v1 (no free machine translation),
06280203456710,Dattes Ajwa,,,تمر عجوة,SA,unknown,,AUTO_SAFE,HIGH,,openfoodfacts,https://world.openfoodfacts.org/product/6280203456710,controlled-lexicon-composition v1 (no free machine translation),
06281006870161,Karak Cardamom,Lipton,ليبتون,ليبتون كرك هيل,SA,unknown,,AUTO_SAFE,HIGH,,openfoodfacts,https://world.openfoodfacts.org/product/6281006870161,controlled-lexicon-composition v1 (no free machine translation),
06281007046381,Almarai greek style yogurt strawberry,,المراعي,المراعي يوناني ستايل زبادي فراولة,SA,Greek-style yogurts,150,AUTO_SAFE,HIGH,,openfoodfacts,https://world.openfoodfacts.org/product/6281007046381,controlled-lexicon-composition v1 (no free machine translation),
06281007070058,Almarai fresh milk full fat,Almarai,المراعي,المراعي حليب طازج كامل الدسم,SA,Dairies,250,AUTO_SAFE,HIGH,,openfoodfacts,https://world.openfoodfacts.org/product/6281007070058,controlled-lexicon-composition v1 (no free machine translation),
06281012033178,Suntop orange 125ml,sun top,صن توب,صن توب برتقال,SA,Sweetened beverages,,AUTO_SAFE,HIGH,,openfoodfacts,https://world.openfoodfacts.org/product/6281012033178,controlled-lexicon-composition v1 (no free machine translation),
06281024110690,Pasteurized Processed Cheese with Cheddar Taste Fat Free,PRESIDENT,بريزيدون,بريزيدون جبن مطبوخ خالي الدسم مبستر شيدر نكهة,SA,unknown,,AUTO_SAFE,HIGH,,openfoodfacts,https://world.openfoodfacts.org/product/6281024110690,controlled-lexicon-composition v1 (no free machine translation),
06281039105018,Saudia whole milk,,السعودية,السعودية حليب كامل الدسم,SA,Milks,200,AUTO_SAFE,HIGH,,openfoodfacts,https://world.openfoodfacts.org/product/6281039105018,controlled-lexicon-composition v1 (no free machine translation),
06281057012855,Nadec greek yogurt plain low fat,,نادك,نادك قليل الدسم يوناني زبادي سادة,SA,unknown,100,AUTO_SAFE,HIGH,,openfoodfacts,https://world.openfoodfacts.org/product/6281057012855,controlled-lexicon-composition v1 (no free machine translation),
06284588314443,Dattes Ajwa,,,تمر عجوة,SA,unknown,,AUTO_SAFE,HIGH,,openfoodfacts,https://world.openfoodfacts.org/product/6284588314443,controlled-lexicon-composition v1 (no free machine translation),
06287001562520,Zaatar Protein Crackers,,,زعتر بروتين مقرمشات,SA,unknown,,AUTO_SAFE,HIGH,,openfoodfacts,https://world.openfoodfacts.org/product/6287001562520,controlled-lexicon-composition v1 (no free machine translation),
06287022200166,Green farms light meat tuna in olive oil,,,زيت زيتون أخضر مزارع لايت لحم تونة,SA,unknown,,AUTO_SAFE,HIGH,,openfoodfacts,https://world.openfoodfacts.org/product/6287022200166,controlled-lexicon-composition v1 (no free machine translation),
06291016003787,Mango nectar,,,مانجو رحيق,GCC,unknown,,AUTO_SAFE,HIGH,,openfoodfacts,https://world.openfoodfacts.org/product/6291016003787,controlled-lexicon-composition v1 (no free machine translation),
06291104283664,Organic White rice noodles,,,عضوي أبيض أرز نودلز,GCC,unknown,,AUTO_SAFE,HIGH,,openfoodfacts,https://world.openfoodfacts.org/product/6291104283664,controlled-lexicon-composition v1 (no free machine translation),
06291107384450,Date Mustard,,,تمر مسطردة,GCC,unknown,,AUTO_SAFE,HIGH,,openfoodfacts,https://world.openfoodfacts.org/product/6291107384450,controlled-lexicon-composition v1 (no free machine translation),
06294003598761,Nescafe Cappuccino,,نسكافيه,نسكافيه كابتشينو,GCC,unknown,19,AUTO_SAFE,HIGH,,openfoodfacts,https://world.openfoodfacts.org/product/6294003598761,controlled-lexicon-composition v1 (no free machine translation),
06294017111055,Nido Milk Powder,,نيدو,نيدو حليب بودرة,GCC,Milk powders,,AUTO_SAFE,HIGH,,openfoodfacts,https://world.openfoodfacts.org/product/6294017111055,controlled-lexicon-composition v1 (no free machine translation),
06294017121603,Maggi mushroom soup,,ماجي,ماجي فطر شوربة,GCC,unknown,100,AUTO_SAFE,HIGH,,openfoodfacts,https://world.openfoodfacts.org/product/6294017121603,controlled-lexicon-composition v1 (no free machine translation),
06297001083574,Balade farms cream cheese original,,مزارع بلدي,مزارع بلدي قشطة جبن أصلي,GCC,unknown,,AUTO_SAFE,HIGH,,openfoodfacts,https://world.openfoodfacts.org/product/6297001083574,controlled-lexicon-composition v1 (no free machine translation),
06300900235866,100% Fresh Milk Low Fat,Baladna,بلدنا,بلدنا حليب طازج قليل الدسم,GCC,unknown,100,AUTO_SAFE,HIGH,,openfoodfacts,https://world.openfoodfacts.org/product/6300900235866,controlled-lexicon-composition v1 (no free machine translation),
08445290340993,Nestle Cerelac wheat,Nestle,نستله,نستله قمح,SA,unknown,50,AUTO_SAFE,HIGH,,openfoodfacts,https://world.openfoodfacts.org/product/8445290340993,controlled-lexicon-composition v1 (no free machine translation),
08850228000281,Red bull extra energy drink,,ريد بول,ريد بول إكسترا طاقة شراب,SA,Energy drinks,,AUTO_SAFE,HIGH,,openfoodfacts,https://world.openfoodfacts.org/product/8850228000281,controlled-lexicon-composition v1 (no free machine translation),
00000090486586,Red bull iced vanilla berry flavor energy drink,,ريد بول,ريد بول مثلج فانيلا توت نكهة طاقة شراب,SA,Energy drinks,,AUTO_SAFE,HIGH,,openfoodfacts,https://world.openfoodfacts.org/product/90486586,controlled-lexicon-composition v1 (no free machine translation),
00012000063022,Mirinda plus apple cocktail,Pepsi,بيبسي,بيبسي تفاح كوكتيل,SA,unknown,,AUTO_SAFE,HIGH,,openfoodfacts,https://world.openfoodfacts.org/product/0012000063022,controlled-lexicon-composition v1 (no free machine translation),
00012000801655,Pepsi mini,Pepsi,بيبسي,بيبسي ميني,GCC,Sweetened beverages,,AUTO_SAFE,HIGH,,openfoodfacts,https://world.openfoodfacts.org/product/0012000801655,controlled-lexicon-composition v1 (no free machine translation),
05449000285850,Fanta orange,,فانتا,فانتا برتقال,SA,Beverages,,AUTO_SAFE,HIGH,,openfoodfacts,https://world.openfoodfacts.org/product/5449000285850,controlled-lexicon-composition v1 (no free machine translation),
05449000303356,Fanta citrus,,فانتا,فانتا حمضيات,SA,Beverages,,AUTO_SAFE,HIGH,,openfoodfacts,https://world.openfoodfacts.org/product/5449000303356,controlled-lexicon-composition v1 (no free machine translation),
06271002322511,Ice cream,KDD,كي دي دي,كي دي دي آيس كريم,GCC,Ice cream cones,84,AUTO_SAFE,HIGH,,openfoodfacts,https://world.openfoodfacts.org/product/6271002322511,controlled-lexicon-composition v1 (no free machine translation),
06281007023511,Almarai fresh laban low fat,,المراعي,المراعي قليل الدسم طازج لبن,GCC,unknown,,AUTO_SAFE,HIGH,,openfoodfacts,https://world.openfoodfacts.org/product/6281007023511,controlled-lexicon-composition v1 (no free machine translation),
06281007032285,Almarai milk fat free,Almarai,المراعي,المراعي خالي الدسم حليب,SA,unknown,250,AUTO_SAFE,HIGH,,openfoodfacts,https://world.openfoodfacts.org/product/6281007032285,controlled-lexicon-composition v1 (no free machine translation),
06281007032582,Almarai strawberry flavored milk,,المراعي,المراعي فراولة بنكهة حليب,SA,Milks,,AUTO_SAFE,HIGH,,openfoodfacts,https://world.openfoodfacts.org/product/6281007032582,controlled-lexicon-composition v1 (no free machine translation),
06281007168205,Almarai cheddar cheese full fat,Al Marai,المراعي,المراعي جبن شيدر كامل الدسم,SA,unknown,,AUTO_SAFE,HIGH,,openfoodfacts,https://world.openfoodfacts.org/product/6281007168205,controlled-lexicon-composition v1 (no free machine translation),
06281018131687,GREEK YOGHURT Low Fat Strawberry,nada,ندى,ندى قليل الدسم يوناني زبادي فراولة,SA,unknown,100,AUTO_SAFE,HIGH,,openfoodfacts,https://world.openfoodfacts.org/product/6281018131687,controlled-lexicon-composition v1 (no free machine translation),
06281018172888,greek yoghurt,nada,ندى,ندى يوناني زبادي,SA,unknown,160,AUTO_SAFE,HIGH,,openfoodfacts,https://world.openfoodfacts.org/product/6281018172888,controlled-lexicon-composition v1 (no free machine translation),
06281034914486,Barbican malt beverage citrus flavor,,باربيكان,باربيكان شعير مشروب حمضيات نكهة,SA,unknown,,AUTO_SAFE,HIGH,,openfoodfacts,https://world.openfoodfacts.org/product/6281034914486,controlled-lexicon-composition v1 (no free machine translation),
06281036004345,Tasali cumin and lemon,,تسالي,تسالي كمون ليمون,SA,Potato crisps,,AUTO_SAFE,HIGH,,openfoodfacts,https://world.openfoodfacts.org/product/6281036004345,controlled-lexicon-composition v1 (no free machine translation),
06281050707666,Chicken Breast Fillet,Americana,أمريكانا,أمريكانا دجاج صدر فيليه,SA,unknown,,AUTO_SAFE,HIGH,,openfoodfacts,https://world.openfoodfacts.org/product/6281050707666,controlled-lexicon-composition v1 (no free machine translation),
06281057017362,Nadec kefir,,نادك,نادك كفير,SA,Dairies,,AUTO_SAFE,HIGH,,openfoodfacts,https://world.openfoodfacts.org/product/6281057017362,controlled-lexicon-composition v1 (no free machine translation),
06281063882299,Freshly strawberry syrup,Freshly,فريشلي,فريشلي فراولة شراب,SA,unknown,,AUTO_SAFE,HIGH,,openfoodfacts,https://world.openfoodfacts.org/product/6281063882299,controlled-lexicon-composition v1 (no free machine translation),
06288005913240,Ajwa Fine Dates,Siafa,سيافة,سيافة عجوة تمر,SA,unknown,40,AUTO_SAFE,HIGH,,openfoodfacts,https://world.openfoodfacts.org/product/6288005913240,controlled-lexicon-composition v1 (no free machine translation),
06291003005602,Tiffany Wafer Chocolate,Tiffany,تيفاني,تيفاني ويفر شوكولاتة,GCC,unknown,,AUTO_SAFE,HIGH,,openfoodfacts,https://world.openfoodfacts.org/product/6291003005602,controlled-lexicon-composition v1 (no free machine translation),
06291003095641,Ice Cream,,,آيس كريم,GCC,unknown,,AUTO_SAFE,HIGH,,openfoodfacts,https://world.openfoodfacts.org/product/6291003095641,controlled-lexicon-composition v1 (no free machine translation),
06291010901096,Mango fruit drink,,,مانجو فواكه شراب,GCC,unknown,,AUTO_SAFE,HIGH,,openfoodfacts,https://world.openfoodfacts.org/product/6291010901096,controlled-lexicon-composition v1 (no free machine translation),
06291014130034,Milk Chocolate Date & Peanut,,,حليب شوكولاتة تمر فول سوداني,GCC,unknown,,AUTO_SAFE,HIGH,,openfoodfacts,https://world.openfoodfacts.org/product/6291014130034,controlled-lexicon-composition v1 (no free machine translation),
06291056002320,Lemon Mint Juice,Al Ain Foods,العين,العين ليمون نعناع عصير,GCC,unknown,100,AUTO_SAFE,HIGH,,openfoodfacts,https://world.openfoodfacts.org/product/6291056002320,controlled-lexicon-composition v1 (no free machine translation),
06291056180318,Yoghurt,,,زبادي,GCC,unknown,,AUTO_SAFE,HIGH,,openfoodfacts,https://world.openfoodfacts.org/product/6291056180318,controlled-lexicon-composition v1 (no free machine translation),
06291058156960,Instant noodles beef flavor,,,سريع التحضير نودلز لحم بقري نكهة,GCC,unknown,,AUTO_SAFE,HIGH,,openfoodfacts,https://world.openfoodfacts.org/product/6291058156960,controlled-lexicon-composition v1 (no free machine translation),
06291104282421,Black Chia Seeds,Organic Larder,أورجانيك لاردر,أورجانيك لاردر أسود شيا بذور,GCC,unknown,,AUTO_SAFE,HIGH,,openfoodfacts,https://world.openfoodfacts.org/product/6291104282421,controlled-lexicon-composition v1 (no free machine translation),
06291115001318,Camel milk,,,إبل حليب,GCC,Chocolate milks,,AUTO_SAFE,HIGH,,openfoodfacts,https://world.openfoodfacts.org/product/6291115001318,controlled-lexicon-composition v1 (no free machine translation),
06294017107232,Maggi cream of mushroom soup,Maggi,ماجي,ماجي قشطة فطر شوربة,SA,unknown,250,AUTO_SAFE,HIGH,,openfoodfacts,https://world.openfoodfacts.org/product/6294017107232,controlled-lexicon-composition v1 (no free machine translation),
07894904255986,Minced Beef,Seara,سيارا,سيارا مفروم لحم بقري,GCC,Frozen ground beef meats,100,AUTO_SAFE,HIGH,,openfoodfacts,https://world.openfoodfacts.org/product/7894904255986,controlled-lexicon-composition v1 (no free machine translation),
06271002103219,KDD Skimmed Milk,KDD,كي دي دي,كي دي دي خالي الدسم حليب,GCC,Milks,100,AUTO_SAFE,HIGH,,openfoodfacts,https://world.openfoodfacts.org/product/6271002103219,controlled-lexicon-composition v1 (no free machine translation),
06271100082584,sardines,,,سردين,GCC,unknown,,AUTO_SAFE,HIGH,,openfoodfacts,https://world.openfoodfacts.org/product/6271100082584,controlled-lexicon-composition v1 (no free machine translation),
06281007027380,Almarai fresh yogurt full fat,Almarai,المراعي,المراعي كامل الدسم طازج زبادي,SA,Yogurts,170,AUTO_SAFE,HIGH,,openfoodfacts,https://world.openfoodfacts.org/product/6281007027380,controlled-lexicon-composition v1 (no free machine translation),
06281018110187,Nada fresh milk full cream,,ندى,ندى حليب طازج كامل الدسم,SA,Milks,100,AUTO_SAFE,HIGH,,openfoodfacts,https://world.openfoodfacts.org/product/6281018110187,controlled-lexicon-composition v1 (no free machine translation),
06281018127413,Mixed fruit nectar,,,مشكل فواكه رحيق,SA,unknown,,AUTO_SAFE,HIGH,,openfoodfacts,https://world.openfoodfacts.org/product/6281018127413,controlled-lexicon-composition v1 (no free machine translation),
06281022120363,Alsafi fresh milk full fat,,الصافي,الصافي حليب طازج كامل الدسم,SA,unknown,,AUTO_SAFE,HIGH,,openfoodfacts,https://world.openfoodfacts.org/product/6281022120363,controlled-lexicon-composition v1 (no free machine translation),
06281060051766,Caesar fruit mix hibiscus nectar,,قيصر,قيصر فواكه مشكل كركديه رحيق,SA,Juice,,AUTO_SAFE,HIGH,,openfoodfacts,https://world.openfoodfacts.org/product/6281060051766,controlled-lexicon-composition v1 (no free machine translation),
06281060101980,Caesar apple juice,,قيصر,قيصر تفاح عصير,SA,ar:bervages,,AUTO_SAFE,HIGH,,openfoodfacts,https://world.openfoodfacts.org/product/6281060101980,controlled-lexicon-composition v1 (no free machine translation),
06281175001601,Date maamoul,,,تمر معمول,SA,unknown,,AUTO_SAFE,HIGH,,openfoodfacts,https://world.openfoodfacts.org/product/6281175001601,controlled-lexicon-composition v1 (no free machine translation),
06287016881135,Sesame,,,سمسم,SA,unknown,,AUTO_SAFE,HIGH,,openfoodfacts,https://world.openfoodfacts.org/product/6287016881135,controlled-lexicon-composition v1 (no free machine translation),
06291029110014,Halloumi,,,حلوم,GCC,unknown,,AUTO_SAFE,HIGH,,openfoodfacts,https://world.openfoodfacts.org/product/6291029110014,controlled-lexicon-composition v1 (no free machine translation),
06291108340936,Creamy labneh,,,كريمي لبنة,GCC,unknown,,AUTO_SAFE,HIGH,,openfoodfacts,https://world.openfoodfacts.org/product/6291108340936,controlled-lexicon-composition v1 (no free machine translation),
06297000999807,Mixed Baklava,,,مشكل بقلاوة,GCC,Baklava,,AUTO_SAFE,HIGH,,openfoodfacts,https://world.openfoodfacts.org/product/6297000999807,controlled-lexicon-composition v1 (no free machine translation),
06300900362517,Whole milk,Mazzraty,مزرعتي,مزرعتي حليب كامل الدسم,GCC,unknown,100,AUTO_SAFE,HIGH,,openfoodfacts,https://world.openfoodfacts.org/product/6300900362517,controlled-lexicon-composition v1 (no free machine translation),
08692971031569,President the creamy turkish labneh,,بريزيدون,بريزيدون كريمي تركي لبنة,SA,Labnah,100,AUTO_SAFE,HIGH,,openfoodfacts,https://world.openfoodfacts.org/product/8692971031569,controlled-lexicon-composition v1 (no free machine translation),
00000050112142,Fanta strawberry,Fanta,فانتا,فانتا فراولة,SA,unknown,,AUTO_SAFE,HIGH,,openfoodfacts,https://world.openfoodfacts.org/product/50112142,controlled-lexicon-composition v1 (no free machine translation),
00012000022869,7up zero sugar,,سفن أب,سفن أب زيرو سكر,GCC,Carbonated soft drinks without fruit juice with sugar and artificial sweeteners,,AUTO_SAFE,HIGH,,openfoodfacts,https://world.openfoodfacts.org/product/0012000022869,controlled-lexicon-composition v1 (no free machine translation),
00617950701460,Alalali sweet corn whole kernel,,العلالي,العلالي حبّ كامل ذرة حلوة,GCC,unknown,,AUTO_SAFE,HIGH,,openfoodfacts,https://world.openfoodfacts.org/product/0617950701460,controlled-lexicon-composition v1 (no free machine translation),
00749460633495,Bounty Sauce,AB,باونتي,باونتي صلصة,SA,unknown,32,AUTO_SAFE,HIGH,,openfoodfacts,https://world.openfoodfacts.org/product/0749460633495,controlled-lexicon-composition v1 (no free machine translation),
06084012090222,Kraft cheddar cheese spreadable original,,كرافت,كرافت جبن شيدر قابل للدهن أصلي,GCC,unknown,,AUTO_SAFE,HIGH,,openfoodfacts,https://world.openfoodfacts.org/product/6084012090222,controlled-lexicon-composition v1 (no free machine translation),
06253808660219,Plain Cup Cake,Qbake,كيو بيك,كيو بيك سادة كوب كيك,GCC,unknown,100,AUTO_SAFE,HIGH,,openfoodfacts,https://world.openfoodfacts.org/product/6253808660219,controlled-lexicon-composition v1 (no free machine translation),
06260418702451,Cerelac Wheat,Nestle,نستله,نستله قمح,GCC,unknown,100,AUTO_SAFE,HIGH,,openfoodfacts,https://world.openfoodfacts.org/product/6260418702451,controlled-lexicon-composition v1 (no free machine translation),
06271002210719,Kdd pineapple juice 250 ml,KDD,كي دي دي,كي دي دي أناناس عصير,SA,Pineapple juices,100,AUTO_SAFE,HIGH,,openfoodfacts,https://world.openfoodfacts.org/product/6271002210719,controlled-lexicon-composition v1 (no free machine translation),
06281006809901,Knorr Chicken Thyme & Sesame,,كنور,كنور دجاج زعتر سمسم,SA,unknown,,AUTO_SAFE,HIGH,,openfoodfacts,https://world.openfoodfacts.org/product/6281006809901,controlled-lexicon-composition v1 (no free machine translation),
06281007168403,Almarai cheddar cheese full fat,,المراعي,المراعي جبن شيدر كامل الدسم,SA,unknown,,AUTO_SAFE,HIGH,,openfoodfacts,https://world.openfoodfacts.org/product/6281007168403,controlled-lexicon-composition v1 (no free machine translation),
06281016273594,Albatal potato sticks extra chili,,البطل,البطل بطاطس أصابع إكسترا شطة,SA,unknown,,AUTO_SAFE,HIGH,,openfoodfacts,https://world.openfoodfacts.org/product/6281016273594,controlled-lexicon-composition v1 (no free machine translation),
06281020318236,Luna Iced Coffee Original,Luna,لونا,لونا مثلج قهوة أصلي,SA,Iced coffees,,AUTO_SAFE,HIGH,,openfoodfacts,https://world.openfoodfacts.org/product/6281020318236,controlled-lexicon-composition v1 (no free machine translation),
06281022120431,Alsafi fresh milk full fat,,الصافي,الصافي حليب طازج كامل الدسم,SA,unknown,,AUTO_SAFE,HIGH,,openfoodfacts,https://world.openfoodfacts.org/product/6281022120431,controlled-lexicon-composition v1 (no free machine translation),
06281034904456,Barbican pomegranate flavor,BARBICAN,باربيكان,باربيكان رمان نكهة,SA,unknown,,AUTO_SAFE,HIGH,,openfoodfacts,https://world.openfoodfacts.org/product/6281034904456,controlled-lexicon-composition v1 (no free machine translation),
06281039829112,Crispy cheese,,,مقرمش جبن,SA,Chips,,AUTO_SAFE,HIGH,,openfoodfacts,https://world.openfoodfacts.org/product/6281039829112,controlled-lexicon-composition v1 (no free machine translation),
06281060903140,Caesar guava and fruit mix nectar,,قيصر,قيصر جوافة فواكه مشكل رحيق,SA,unknown,,AUTO_SAFE,HIGH,,openfoodfacts,https://world.openfoodfacts.org/product/6281060903140,controlled-lexicon-composition v1 (no free machine translation),
06281063450283,Freshly toffee syrup,,فريشلي,فريشلي توفي شراب,SA,Syrups,,AUTO_SAFE,HIGH,,openfoodfacts,https://world.openfoodfacts.org/product/6281063450283,controlled-lexicon-composition v1 (no free machine translation),
06291007912104,Butter cookies,Britannia,بريتانيا,بريتانيا زبدة كوكيز,GCC,Drop cookies,,AUTO_SAFE,HIGH,,openfoodfacts,https://world.openfoodfacts.org/product/6291007912104,controlled-lexicon-composition v1 (no free machine translation),
06291011050182,Chocodate Choco-date With Almond (90 G),arabian delights,تشوكوديت,تشوكوديت شوكولاتة تمر لوز,GCC,unknown,,AUTO_SAFE,HIGH,,openfoodfacts,https://world.openfoodfacts.org/product/6291011050182,controlled-lexicon-composition v1 (no free machine translation),
06291011053831,Assorted chocolate,Chocodate,تشوكوديت,تشوكوديت مشكل شوكولاتة,GCC,Bonbons,,AUTO_SAFE,HIGH,,openfoodfacts,https://world.openfoodfacts.org/product/6291011053831,controlled-lexicon-composition v1 (no free machine translation),
06291056003846,Original Kefir,Al Ain Farms,العين,العين أصلي كفير,GCC,unknown,300,AUTO_SAFE,HIGH,,openfoodfacts,https://world.openfoodfacts.org/product/6291056003846,controlled-lexicon-composition v1 (no free machine translation),
06291104288041,Oat cookies,Organic Larder,أورجانيك لاردر,أورجانيك لاردر شوفان كوكيز,GCC,Biscuits,,AUTO_SAFE,HIGH,,openfoodfacts,https://world.openfoodfacts.org/product/6291104288041,controlled-lexicon-composition v1 (no free machine translation),
00000090486975,Red bull zero energy drink,,ريد بول,ريد بول زيرو طاقة شراب,SA,Energy drinks,,AUTO_SAFE,HIGH,,openfoodfacts,https://world.openfoodfacts.org/product/90486975,controlled-lexicon-composition v1 (no free machine translation),
04011100815476,Ice cream galaxy,Galaxy,جالاكسي,جالاكسي آيس كريم,GCC,unknown,60,AUTO_SAFE,HIGH,,openfoodfacts,https://world.openfoodfacts.org/product/4011100815476,controlled-lexicon-composition v1 (no free machine translation),
05011371601104,White Oats,Alalali,العلالي,العلالي أبيض شوفان,GCC,unknown,40,AUTO_SAFE,HIGH,,openfoodfacts,https://world.openfoodfacts.org/product/5011371601104,controlled-lexicon-composition v1 (no free machine translation),
05290036003297,Puck halloumi cheese,Puck,بوك,بوك حلوم جبن,GCC,Halloumi,,AUTO_SAFE,HIGH,,openfoodfacts,https://world.openfoodfacts.org/product/5290036003297,controlled-lexicon-composition v1 (no free machine translation),
06084000092139,Rice Flour,Lulu,لولو,لولو أرز دقيق,GCC,unknown,,AUTO_SAFE,HIGH,,openfoodfacts,https://world.openfoodfacts.org/product/6084000092139,controlled-lexicon-composition v1 (no free machine translation),
06084012090567,Cheddar cheese,kraft,كرافت,كرافت جبن شيدر,GCC,Processed cheese in slices,,AUTO_SAFE,HIGH,,openfoodfacts,https://world.openfoodfacts.org/product/6084012090567,controlled-lexicon-composition v1 (no free machine translation),
06271002311515,Chocolate Ice Cream,KDD,كي دي دي,كي دي دي آيس كريم شوكولاتة,GCC,Chocolate ice cream tubs,53,AUTO_SAFE,HIGH,,openfoodfacts,https://world.openfoodfacts.org/product/6271002311515,controlled-lexicon-composition v1 (no free machine translation),
06281006710009,Lipton Ice Tea Peach,Lipton,ليبتون,ليبتون مثلج شاي خوخ,SA,Iced teas,,AUTO_SAFE,HIGH,,openfoodfacts,https://world.openfoodfacts.org/product/6281006710009,controlled-lexicon-composition v1 (no free machine translation),
06281014800426,Goody original light meat tuna in sunflower oil,GOODY,قودي,قودي زيت دوار الشمس أصلي لايت لحم تونة,SA,Tuna in olive oil,185,AUTO_SAFE,HIGH,,openfoodfacts,https://world.openfoodfacts.org/product/6281014800426,controlled-lexicon-composition v1 (no free machine translation),
06281018143383,Nada turkish labneh,,ندى,ندى تركي لبنة,SA,unknown,,AUTO_SAFE,HIGH,,openfoodfacts,https://world.openfoodfacts.org/product/6281018143383,controlled-lexicon-composition v1 (no free machine translation),
06281018316770,Labneh,Nada,ندى,ندى لبنة,SA,unknown,,AUTO_SAFE,HIGH,,openfoodfacts,https://world.openfoodfacts.org/product/6281018316770,controlled-lexicon-composition v1 (no free machine translation),
06281057002689,Nadec fresh milk low fat,,نادك,نادك حليب طازج قليل الدسم,SA,unknown,,AUTO_SAFE,HIGH,,openfoodfacts,https://world.openfoodfacts.org/product/6281057002689,controlled-lexicon-composition v1 (no free machine translation),
06281063222149,Orient gardens tomato sauce,,,شرقي حدائق طماطم صلصة,SA,unknown,,AUTO_SAFE,HIGH,,openfoodfacts,https://world.openfoodfacts.org/product/6281063222149,controlled-lexicon-composition v1 (no free machine translation),
06281063461302,Orient gardens White beans,,,شرقي حدائق أبيض فاصوليا,SA,Canned foods,,AUTO_SAFE,HIGH,,openfoodfacts,https://world.openfoodfacts.org/product/6281063461302,controlled-lexicon-composition v1 (no free machine translation),
06281063882466,Original pancake mix,Freshly,فريشلي,فريشلي أصلي بان كيك مشكل,SA,unknown,,AUTO_SAFE,HIGH,,openfoodfacts,https://world.openfoodfacts.org/product/6281063882466,controlled-lexicon-composition v1 (no free machine translation),
06281063882756,Freshly whole kernel corn no sugar no salt,,فريشلي,فريشلي حبّ كامل ذرة خالي من سكر خالي من ملح,SA,unknown,130,AUTO_SAFE,HIGH,,openfoodfacts,https://world.openfoodfacts.org/product/6281063882756,controlled-lexicon-composition v1 (no free machine translation),
06281063883227,Freshly chocolate malt syrup,,فريشلي,فريشلي شوكولاتة شعير شراب,SA,unknown,,AUTO_SAFE,HIGH,,openfoodfacts,https://world.openfoodfacts.org/product/6281063883227,controlled-lexicon-composition v1 (no free machine translation),
06282351231294,Ginger Garlic Paste,,,زنجبيل ثوم معجون,SA,unknown,,AUTO_SAFE,HIGH,,openfoodfacts,https://world.openfoodfacts.org/product/6282351231294,controlled-lexicon-composition v1 (no free machine translation),
06287007100627,Dattes Ajwa,,,تمر عجوة,SA,unknown,,AUTO_SAFE,HIGH,,openfoodfacts,https://world.openfoodfacts.org/product/6287007100627,controlled-lexicon-composition v1 (no free machine translation),
06287034100102,Kinza citrus,,كينزا,كينزا حمضيات,SA,unknown,,AUTO_SAFE,HIGH,,openfoodfacts,https://world.openfoodfacts.org/product/6287034100102,controlled-lexicon-composition v1 (no free machine translation),
06287034100119,Kinza orange,,كينزا,كينزا برتقال,SA,Sodas,,AUTO_SAFE,HIGH,,openfoodfacts,https://world.openfoodfacts.org/product/6287034100119,controlled-lexicon-composition v1 (no free machine translation),
06287034101130,Kinza zero sugar,Kinza,كينزا,كينزا زيرو سكر,SA,Beverages,100,AUTO_SAFE,HIGH,,openfoodfacts,https://world.openfoodfacts.org/product/6287034101130,controlled-lexicon-composition v1 (no free machine translation),
06287727031027,Cooked White shrimp,,,مطبوخ أبيض روبيان,SA,Seafood,,AUTO_SAFE,HIGH,,openfoodfacts,https://world.openfoodfacts.org/product/6287727031027,controlled-lexicon-composition v1 (no free machine translation),
06291100213320,Date Syrup,Date Crown,ديت كراون,ديت كراون تمر شراب,GCC,Date syrups,,AUTO_SAFE,HIGH,,openfoodfacts,https://world.openfoodfacts.org/product/6291100213320,controlled-lexicon-composition v1 (no free machine translation),
06291104289284,Organic,Organic Larder,أورجانيك لاردر,أورجانيك لاردر عضوي,GCC,unknown,,AUTO_SAFE,HIGH,,openfoodfacts,https://world.openfoodfacts.org/product/6291104289284,controlled-lexicon-composition v1 (no free machine translation),
06291107053790,Sour Cream,,,كريمة حامضة,GCC,unknown,,AUTO_SAFE,HIGH,,openfoodfacts,https://world.openfoodfacts.org/product/6291107053790,controlled-lexicon-composition v1 (no free machine translation),
06294011634574,Coconut Milk Powder,Lulu,لولو,لولو حليب جوز الهند بودرة,GCC,Coconut milks and creams,,AUTO_SAFE,HIGH,,openfoodfacts,https://world.openfoodfacts.org/product/6294011634574,controlled-lexicon-composition v1 (no free machine translation),
06300900360568,Flavored kefir Laban,Mazzraty,مزرعتي,مزرعتي بنكهة كفير لبن,GCC,unknown,240,AUTO_SAFE,HIGH,,openfoodfacts,https://world.openfoodfacts.org/product/6300900360568,controlled-lexicon-composition v1 (no free machine translation),
08401860146518,Laperva zero sugar ketchup,,لابيرفا,لابيرفا زيرو سكر كاتشب,SA,Sauces,,AUTO_SAFE,HIGH,,openfoodfacts,https://world.openfoodfacts.org/product/8401860146518,controlled-lexicon-composition v1 (no free machine translation),
08692971032573,President the creamy turkish labneh,,بريزيدون,بريزيدون كريمي تركي لبنة,SA,Dairies,,AUTO_SAFE,HIGH,,openfoodfacts,https://world.openfoodfacts.org/product/8692971032573,controlled-lexicon-composition v1 (no free machine translation),
00000029590469,Full Fat Milk,Spinneys Food,سبينيس,سبينيس كامل الدسم حليب,GCC,unknown,100,AUTO_SAFE,HIGH,,openfoodfacts,https://world.openfoodfacts.org/product/29590469,controlled-lexicon-composition v1 (no free machine translation),
00012000805356,7Up ZERO,,سفن أب,سفن أب زيرو,GCC,unknown,,AUTO_SAFE,HIGH,,openfoodfacts,https://world.openfoodfacts.org/product/0012000805356,controlled-lexicon-composition v1 (no free machine translation),
06271002107521,Kdd coffee latte coffee with milk,KDD,كي دي دي,كي دي دي قهوة لاتيه قهوة حليب,GCC,Caffe-latte,250,AUTO_SAFE,HIGH,,openfoodfacts,https://world.openfoodfacts.org/product/6271002107521,controlled-lexicon-composition v1 (no free machine translation),
06281007031202,cooking cream,Almarai,المراعي,المراعي طبخ قشطة,SA,Creams,30,AUTO_SAFE,HIGH,,openfoodfacts,https://world.openfoodfacts.org/product/6281007031202,controlled-lexicon-composition v1 (no free machine translation),
06281007032568,Almarai milk full fat,,المراعي,المراعي كامل الدسم حليب,SA,Cow milks,,AUTO_SAFE,HIGH,,openfoodfacts,https://world.openfoodfacts.org/product/6281007032568,controlled-lexicon-composition v1 (no free machine translation),
06281007034012,Almarai fresh sour yogurt full fat,,المراعي,المراعي كامل الدسم طازج حامض زبادي,SA,unknown,170,AUTO_SAFE,HIGH,,openfoodfacts,https://world.openfoodfacts.org/product/6281007034012,controlled-lexicon-composition v1 (no free machine translation),
06281020172395,Luna iced coffee mocha,Luna,لونا,لونا مثلج قهوة موكا,SA,unknown,,AUTO_SAFE,HIGH,,openfoodfacts,https://world.openfoodfacts.org/product/6281020172395,controlled-lexicon-composition v1 (no free machine translation),
06281020337732,Luna chickpeas,,لونا,لونا حمص,SA,Canned foods,,AUTO_SAFE,HIGH,,openfoodfacts,https://world.openfoodfacts.org/product/6281020337732,controlled-lexicon-composition v1 (no free machine translation),
06281034007164,Barbican raspberry flavor,Barbican,باربيكان,باربيكان توت أحمر نكهة,SA,unknown,,AUTO_SAFE,HIGH,,openfoodfacts,https://world.openfoodfacts.org/product/6281034007164,controlled-lexicon-composition v1 (no free machine translation),
06281063600022,Orient gardens blueberry pie filling,,,شرقي حدائق توت أزرق فطيرة حشوة,SA,unknown,,AUTO_SAFE,HIGH,,openfoodfacts,https://world.openfoodfacts.org/product/6281063600022,controlled-lexicon-composition v1 (no free machine translation),
06285602012253,Crackers -Salt,Deemah,ديمة,ديمة مقرمشات ملح,SA,Appetizers,3.05,AUTO_SAFE,HIGH,,openfoodfacts,https://world.openfoodfacts.org/product/6285602012253,controlled-lexicon-composition v1 (no free machine translation),
06287034100126,Kinza lemon,Kinza,كينزا,كينزا ليمون,GCC,unknown,360,AUTO_SAFE,HIGH,,openfoodfacts,https://world.openfoodfacts.org/product/6287034100126,controlled-lexicon-composition v1 (no free machine translation),
06291003003257,Tiffany Mango Biscuits -,Tiffany,تيفاني,تيفاني مانجو بسكويت,GCC,Biscuits,,AUTO_SAFE,HIGH,,openfoodfacts,https://world.openfoodfacts.org/product/6291003003257,controlled-lexicon-composition v1 (no free machine translation),
06291011051943,Chocodate dark,Chocodate,تشوكوديت,تشوكوديت داكن,GCC,unknown,12.5,AUTO_SAFE,HIGH,,openfoodfacts,https://world.openfoodfacts.org/product/6291011051943,controlled-lexicon-composition v1 (no free machine translation),
06291011055439,Chocodate White,Chocodate,تشوكوديت,تشوكوديت أبيض,GCC,Chocolate candies,12.5,AUTO_SAFE,HIGH,,openfoodfacts,https://world.openfoodfacts.org/product/6291011055439,controlled-lexicon-composition v1 (no free machine translation),
06291014129991,Milk chocolate date & peanut,,,حليب شوكولاتة تمر فول سوداني,GCC,unknown,,AUTO_SAFE,HIGH,,openfoodfacts,https://world.openfoodfacts.org/product/6291014129991,controlled-lexicon-composition v1 (no free machine translation),
06291100198764,Dattes,,,تمر,GCC,unknown,,AUTO_SAFE,HIGH,,openfoodfacts,https://world.openfoodfacts.org/product/6291100198764,controlled-lexicon-composition v1 (no free machine translation),
06291105410359,EVAPORATED FILLED MILK,,,مبخّر محشو حليب,GCC,fr:melange-de-lait-ecreme-et-de-graisse-vegetale-evaporee,,AUTO_SAFE,HIGH,,openfoodfacts,https://world.openfoodfacts.org/product/6291105410359,controlled-lexicon-composition v1 (no free machine translation),
06291108636961,Dark Chocolate,Bateel,بتيل,بتيل داكن شوكولاتة,GCC,unknown,23,AUTO_SAFE,HIGH,,openfoodfacts,https://world.openfoodfacts.org/product/6291108636961,controlled-lexicon-composition v1 (no free machine translation),
06294001850793,Pistachio Kunafa Milk,Galaxy,جالاكسي,جالاكسي فستق كنافة حليب,GCC,unknown,11.25,AUTO_SAFE,HIGH,,openfoodfacts,https://world.openfoodfacts.org/product/6294001850793,controlled-lexicon-composition v1 (no free machine translation),
06294011602481,Popcorn (Lite Butter),Lulu,لولو,لولو فشار لايت زبدة,GCC,Popcorn,33,AUTO_SAFE,HIGH,,openfoodfacts,https://world.openfoodfacts.org/product/6294011602481,controlled-lexicon-composition v1 (no free machine translation),
06300900234807,Greek Style Mixed Berry Yoghurt (Full Fat),Baladna,بلدنا,بلدنا كامل الدسم يوناني ستايل مشكل توت زبادي,GCC,Greek-style yogurts on a bed of fruits,100,AUTO_SAFE,HIGH,,openfoodfacts,https://world.openfoodfacts.org/product/6300900234807,controlled-lexicon-composition v1 (no free machine translation),
06300900237754,greek style plain protein,baladna,بلدنا,بلدنا يوناني ستايل سادة بروتين,GCC,unknown,360,AUTO_SAFE,HIGH,,openfoodfacts,https://world.openfoodfacts.org/product/6300900237754,controlled-lexicon-composition v1 (no free machine translation),
07340001804225,Barebells milk shake protein vanilla flavor,Barebells,بيربلز,بيربلز حليب شيك بروتين فانيلا نكهة,GCC,unknown,330,AUTO_SAFE,HIGH,,openfoodfacts,https://world.openfoodfacts.org/product/7340001804225,controlled-lexicon-composition v1 (no free machine translation),
09501101821873,Fresh full fat yoghurt,,,كامل الدسم طازج زبادي,GCC,Plain yogurts,,AUTO_SAFE,HIGH,,openfoodfacts,https://world.openfoodfacts.org/product/9501101821873,controlled-lexicon-composition v1 (no free machine translation),
00617950200628,Baking Powder,Alalali,العلالي,العلالي خبز بودرة,GCC,unknown,100,AUTO_SAFE,HIGH,,openfoodfacts,https://world.openfoodfacts.org/product/0617950200628,controlled-lexicon-composition v1 (no free machine translation),
06080022105130,Couscous,,,كسكس,GCC,unknown,,AUTO_SAFE,HIGH,,openfoodfacts,https://world.openfoodfacts.org/product/6080022105130,controlled-lexicon-composition v1 (no free machine translation),
06270024000896,Americana Sandwich,,أمريكانا,أمريكانا ساندويتش,GCC,unknown,,AUTO_SAFE,HIGH,,openfoodfacts,https://world.openfoodfacts.org/product/6270024000896,controlled-lexicon-composition v1 (no free machine translation),
06271002118619,Banana flavored milk,,,موز بنكهة حليب,GCC,Milks,,AUTO_SAFE,HIGH,,openfoodfacts,https://world.openfoodfacts.org/product/6271002118619,controlled-lexicon-composition v1 (no free machine translation),
06271002220916,KDD Orange juice 180 ml,,كي دي دي,كي دي دي برتقال عصير,SA,Fruit-based beverages,,AUTO_SAFE,HIGH,,openfoodfacts,https://world.openfoodfacts.org/product/6271002220916,controlled-lexicon-composition v1 (no free machine translation),
06280102011492,Snickers Cake,Aani & Dani,سنيكرز,سنيكرز كيك,SA,unknown,100,AUTO_SAFE,HIGH,,openfoodfacts,https://world.openfoodfacts.org/product/6280102011492,controlled-lexicon-composition v1 (no free machine translation),
06281007032438,Low Fat Milk,Almarai,المراعي,المراعي قليل الدسم حليب,SA,unknown,250,AUTO_SAFE,HIGH,,openfoodfacts,https://world.openfoodfacts.org/product/6281007032438,controlled-lexicon-composition v1 (no free machine translation),
06281014002745,Creamy Peanut Butter,Goody,قودي,قودي زبدة فول سوداني كريمي,SA,unknown,32,AUTO_SAFE,HIGH,,openfoodfacts,https://world.openfoodfacts.org/product/6281014002745,controlled-lexicon-composition v1 (no free machine translation),
06281018297987,Yogurt,Nada,ندى,ندى زبادي,SA,Greek-style yogurts,100,AUTO_SAFE,HIGH,,openfoodfacts,https://world.openfoodfacts.org/product/6281018297987,controlled-lexicon-composition v1 (no free machine translation),
06281022118223,Activia Yogurt Light Strawberry,ACTIVIA,أكتيفيا,أكتيفيا زبادي لايت فراولة,SA,unknown,120,AUTO_SAFE,HIGH,,openfoodfacts,https://world.openfoodfacts.org/product/6281022118223,controlled-lexicon-composition v1 (no free machine translation),
06281024116173,Light Mozzarella,PRESIDENT,بريزيدون,بريزيدون لايت موزاريلا,SA,unknown,100,AUTO_SAFE,HIGH,,openfoodfacts,https://world.openfoodfacts.org/product/6281024116173,controlled-lexicon-composition v1 (no free machine translation),
06281060903164,Caesar mango and fruit mix nectar,,قيصر,قيصر مانجو فواكه مشكل رحيق,SA,unknown,,AUTO_SAFE,HIGH,,openfoodfacts,https://world.openfoodfacts.org/product/6281060903164,controlled-lexicon-composition v1 (no free machine translation),
06281063881278,Peanut Butter Creamy,,,زبدة فول سوداني كريمي,SA,Creamy peanut butters,32,AUTO_SAFE,HIGH,,openfoodfacts,https://world.openfoodfacts.org/product/6281063881278,controlled-lexicon-composition v1 (no free machine translation),
06291104284128,Organic Black Chia Seeds,Organic Larder,أورجانيك لاردر,أورجانيك لاردر عضوي أسود شيا بذور,GCC,Chia,,AUTO_SAFE,HIGH,,openfoodfacts,https://world.openfoodfacts.org/product/6291104284128,controlled-lexicon-composition v1 (no free machine translation),
06294003587956,Maggi Hot & Spicy Mix,Maggi,ماجي,ماجي حار حار مشكل,GCC,unknown,100,AUTO_SAFE,HIGH,,openfoodfacts,https://world.openfoodfacts.org/product/6294003587956,controlled-lexicon-composition v1 (no free machine translation),
06294003588014,Maggi shawarma mix,,ماجي,ماجي شاورما مشكل,GCC,unknown,,AUTO_SAFE,HIGH,,openfoodfacts,https://world.openfoodfacts.org/product/6294003588014,controlled-lexicon-composition v1 (no free machine translation),
06297001083482,Balade farms kefir,,مزارع بلدي,مزارع بلدي كفير,GCC,Cultured,,AUTO_SAFE,HIGH,,openfoodfacts,https://world.openfoodfacts.org/product/6297001083482,controlled-lexicon-composition v1 (no free machine translation),
07894904256419,Breaded Chicken Fillet,Seara,سيارا,سيارا مقرمش بالبقسماط دجاج فيليه,GCC,unknown,100,AUTO_SAFE,HIGH,,openfoodfacts,https://world.openfoodfacts.org/product/7894904256419,controlled-lexicon-composition v1 (no free machine translation),
08410522001133,Sliced black olives,,,شرائح أسود زيتون,SA,unknown,,AUTO_SAFE,HIGH,,openfoodfacts,https://world.openfoodfacts.org/product/8410522001133,controlled-lexicon-composition v1 (no free machine translation),
08693887003176,Cocoa hazelnut spread,,,سبريد بندق كاكاو,GCC,Cocoa and hazelnuts spreads,,AUTO_SAFE,HIGH,,openfoodfacts,https://world.openfoodfacts.org/product/8693887003176,controlled-lexicon-composition v1 (no free machine translation),
00012000057557,Mirinda green apple,,ميرندا,ميرندا أخضر تفاح,SA,Beverages,,AUTO_SAFE,HIGH,,openfoodfacts,https://world.openfoodfacts.org/product/0012000057557,controlled-lexicon-composition v1 (no free machine translation),
00062810631058,Freshly whole kernel corn,,فريشلي,فريشلي حبّ كامل ذرة,SA,unknown,,AUTO_SAFE,HIGH,,openfoodfacts,https://world.openfoodfacts.org/product/0062810631058,controlled-lexicon-composition v1 (no free machine translation),
00617950205531,Alalali strawberry syrup,,العلالي,العلالي فراولة شراب,SA,unknown,,AUTO_SAFE,HIGH,,openfoodfacts,https://world.openfoodfacts.org/product/0617950205531,controlled-lexicon-composition v1 (no free machine translation),
00709993323263,Nature land red kidney beans,,نيتشرلاند,نيتشرلاند أحمر حمراء فاصوليا,SA,Canned foods,,AUTO_SAFE,HIGH,,openfoodfacts,https://world.openfoodfacts.org/product/0709993323263,controlled-lexicon-composition v1 (no free machine translation),
06223000410448,Americana chips french cheese,,أمريكانا,أمريكانا شيبس فرنسي جبن,SA,Chips,,AUTO_SAFE,HIGH,,openfoodfacts,https://world.openfoodfacts.org/product/6223000410448,controlled-lexicon-composition v1 (no free machine translation),
06260418702420,Cerelac Wheat,Nestle,نستله,نستله قمح,GCC,unknown,,AUTO_SAFE,HIGH,,openfoodfacts,https://world.openfoodfacts.org/product/6260418702420,controlled-lexicon-composition v1 (no free machine translation),
06271002270713,Tomato Paste,KDD,كي دي دي,كي دي دي طماطم معجون,GCC,unknown,100,AUTO_SAFE,HIGH,,openfoodfacts,https://world.openfoodfacts.org/product/6271002270713,controlled-lexicon-composition v1 (no free machine translation),
06281006704954,Lipton Hibiscus -,Lipton,ليبتون,ليبتون كركديه,SA,Teas,,AUTO_SAFE,HIGH,,openfoodfacts,https://world.openfoodfacts.org/product/6281006704954,controlled-lexicon-composition v1 (no free machine translation),
06281007038928,Almarai strawberry flavored milk,,المراعي,المراعي فراولة بنكهة حليب,SA,Milks,,AUTO_SAFE,HIGH,,openfoodfacts,https://world.openfoodfacts.org/product/6281007038928,controlled-lexicon-composition v1 (no free machine translation),
06281018316190,Nada chocolate milk,,ندى,ندى شوكولاتة حليب,SA,unknown,,AUTO_SAFE,HIGH,,openfoodfacts,https://world.openfoodfacts.org/product/6281018316190,controlled-lexicon-composition v1 (no free machine translation),
06281022118414,Activia full fat,,أكتيفيا,أكتيفيا كامل الدسم,SA,Yogurts,,AUTO_SAFE,HIGH,,openfoodfacts,https://world.openfoodfacts.org/product/6281022118414,controlled-lexicon-composition v1 (no free machine translation),
06281022181258,Safio Chocolate Milk -,,صافيو,صافيو شوكولاتة حليب,SA,unknown,,AUTO_SAFE,HIGH,,openfoodfacts,https://world.openfoodfacts.org/product/6281022181258,controlled-lexicon-composition v1 (no free machine translation),
06281057011667,Nadec fresh laban low fat,,نادك,نادك قليل الدسم طازج لبن,SA,unknown,,AUTO_SAFE,HIGH,,openfoodfacts,https://world.openfoodfacts.org/product/6281057011667,controlled-lexicon-composition v1 (no free machine translation),
06285349001039,Dattes ajwa,,,تمر عجوة,SA,unknown,,AUTO_SAFE,HIGH,,openfoodfacts,https://world.openfoodfacts.org/product/6285349001039,controlled-lexicon-composition v1 (no free machine translation),
06291047020586,Spaghetti,,,سباغيتي,GCC,Instant pasta,,AUTO_SAFE,HIGH,,openfoodfacts,https://world.openfoodfacts.org/product/6291047020586,controlled-lexicon-composition v1 (no free machine translation),
06297000395876,Smoked Salmon,Fine Foods,فاين,فاين مدخّن سلمون,GCC,unknown,100,AUTO_SAFE,HIGH,,openfoodfacts,https://world.openfoodfacts.org/product/6297000395876,controlled-lexicon-composition v1 (no free machine translation),
06300900230663,mango low fat yogurt,,,قليل الدسم مانجو زبادي,GCC,unknown,,AUTO_SAFE,HIGH,,openfoodfacts,https://world.openfoodfacts.org/product/6300900230663,controlled-lexicon-composition v1 (no free machine translation),
00012000803024,Mirinda strawberry,Mirinda,ميرندا,ميرندا فراولة,SA,unknown,,AUTO_SAFE,HIGH,,openfoodfacts,https://world.openfoodfacts.org/product/0012000803024,controlled-lexicon-composition v1 (no free machine translation),
00627735268309,Basmati Rice,Great Value,جريت فاليو,جريت فاليو بسمتي أرز,GCC,Basmati rices,120,AUTO_SAFE,HIGH,,openfoodfacts,https://world.openfoodfacts.org/product/0627735268309,controlled-lexicon-composition v1 (no free machine translation),
00717544110125,Pancake Syrup Sugar Free,Freshly,فريشلي,فريشلي خالي السكر بان كيك شراب,SA,unknown,41,AUTO_SAFE,HIGH,,openfoodfacts,https://world.openfoodfacts.org/product/0717544110125,controlled-lexicon-composition v1 (no free machine translation),
05711953198557,Galaxy milk coconut flavor,,جالاكسي,جالاكسي حليب جوز الهند نكهة,SA,unknown,,AUTO_SAFE,HIGH,,openfoodfacts,https://world.openfoodfacts.org/product/5711953198557,controlled-lexicon-composition v1 (no free machine translation),
06271002103899,strawberry milk,,,فراولة حليب,GCC,unknown,,AUTO_SAFE,HIGH,,openfoodfacts,https://world.openfoodfacts.org/product/6271002103899,controlled-lexicon-composition v1 (no free machine translation),
06271002341611,Vanilla soft ice cream,KDD,كي دي دي,كي دي دي آيس كريم فانيلا طري,GCC,unknown,100,AUTO_SAFE,HIGH,,openfoodfacts,https://world.openfoodfacts.org/product/6271002341611,controlled-lexicon-composition v1 (no free machine translation),
06281007118132,Almarai fresh laban low fat,,المراعي,المراعي قليل الدسم طازج لبن,SA,unknown,,AUTO_SAFE,HIGH,,openfoodfacts,https://world.openfoodfacts.org/product/6281007118132,controlled-lexicon-composition v1 (no free machine translation),
06281014146005,Goody pancake syrup,,قودي,قودي بان كيك شراب,GCC,Pancakes-syrup,,AUTO_SAFE,HIGH,,openfoodfacts,https://world.openfoodfacts.org/product/6281014146005,controlled-lexicon-composition v1 (no free machine translation),
06281020040908,Green farms light meat tuna in sunflower oil,,,زيت دوار الشمس أخضر مزارع لايت لحم تونة,SA,unknown,,AUTO_SAFE,HIGH,,openfoodfacts,https://world.openfoodfacts.org/product/6281020040908,controlled-lexicon-composition v1 (no free machine translation),
06281022132670,Alsafi fresh yogurt full fat,,الصافي,الصافي كامل الدسم طازج زبادي,SA,unknown,120,AUTO_SAFE,HIGH,,openfoodfacts,https://world.openfoodfacts.org/product/6281022132670,controlled-lexicon-composition v1 (no free machine translation),
06281036004918,Tasali spicy cream cheese,Tasali,تسالي,تسالي حار قشطة جبن,SA,unknown,25,AUTO_SAFE,HIGH,,openfoodfacts,https://world.openfoodfacts.org/product/6281036004918,controlled-lexicon-composition v1 (no free machine translation),
06281060903232,Fruit Cocktail Nectar,CAESAR,قيصر,قيصر فواكه كوكتيل رحيق,SA,unknown,,AUTO_SAFE,HIGH,,openfoodfacts,https://world.openfoodfacts.org/product/6281060903232,controlled-lexicon-composition v1 (no free machine translation),
06281063881056,Freshly whole kernel corn,,فريشلي,فريشلي حبّ كامل ذرة,SA,Cans-food,,AUTO_SAFE,HIGH,,openfoodfacts,https://world.openfoodfacts.org/product/6281063881056,controlled-lexicon-composition v1 (no free machine translation),
06281063882305,Freshly caramel syrup,,فريشلي,فريشلي كراميل شراب,SA,unknown,,AUTO_SAFE,HIGH,,openfoodfacts,https://world.openfoodfacts.org/product/6281063882305,controlled-lexicon-composition v1 (no free machine translation),
06290361204221,date Maamoul,,,تمر معمول,GCC,unknown,,AUTO_SAFE,HIGH,,openfoodfacts,https://world.openfoodfacts.org/product/6290361204221,controlled-lexicon-composition v1 (no free machine translation),
06291079374336,Farm Fresh Smoked Turkey Strips,Farm Fresh,فارم فريش,فارم فريش مدخّن ديك رومي ستربس,GCC,unknown,100,AUTO_SAFE,HIGH,,openfoodfacts,https://world.openfoodfacts.org/product/6291079374336,controlled-lexicon-composition v1 (no free machine translation),
06291104283961,Organic honey,Organic Larder,أورجانيك لاردر,أورجانيك لاردر عضوي عسل,GCC,Honeys,,AUTO_SAFE,HIGH,,openfoodfacts,https://world.openfoodfacts.org/product/6291104283961,controlled-lexicon-composition v1 (no free machine translation),
06291106441765,Dates Premium,,,تمر فاخر,GCC,unknown,,AUTO_SAFE,HIGH,,openfoodfacts,https://world.openfoodfacts.org/product/6291106441765,controlled-lexicon-composition v1 (no free machine translation),
06291108226230,Red Kidney Beans,Organic Larder,أورجانيك لاردر,أورجانيك لاردر أحمر حمراء فاصوليا,GCC,unknown,130,AUTO_SAFE,HIGH,,openfoodfacts,https://world.openfoodfacts.org/product/6291108226230,controlled-lexicon-composition v1 (no free machine translation),
06297000395067,Hot smoked salmon,Spinneys,سبينيس,سبينيس حار مدخّن سلمون,GCC,unknown,50,AUTO_SAFE,HIGH,,openfoodfacts,https://world.openfoodfacts.org/product/6297000395067,controlled-lexicon-composition v1 (no free machine translation),
06297001083918,Greek Yogurt Natural,balade,بلدي,بلدي يوناني زبادي طبيعي,GCC,unknown,100,AUTO_SAFE,HIGH,,openfoodfacts,https://world.openfoodfacts.org/product/6297001083918,controlled-lexicon-composition v1 (no free machine translation),
08017977009358,Corn flakes bio,La Finestra sul Cielo,كورن فليكس,كورن فليكس عضوي,SA,Corn flakes,,AUTO_SAFE,HIGH,,openfoodfacts,https://world.openfoodfacts.org/product/8017977009358,controlled-lexicon-composition v1 (no free machine translation),
08410066104635,Creamy Classic mayonnaise,Heinz,هاينز,هاينز كريمي كلاسيك مايونيز,GCC,unknown,,AUTO_SAFE,HIGH,,openfoodfacts,https://world.openfoodfacts.org/product/8410066104635,controlled-lexicon-composition v1 (no free machine translation),
06281022183382,Safio chocolate,,صافيو,صافيو شوكولاتة,SA,Dairies,,AUTO_SAFE,HIGH,,openfoodfacts,https://world.openfoodfacts.org/product/6281022183382,controlled-lexicon-composition v1 (no free machine translation),
06281034910259,Rani Mango,,راني,راني مانجو,SA,unknown,240,AUTO_SAFE,HIGH,,openfoodfacts,https://world.openfoodfacts.org/product/6281034910259,controlled-lexicon-composition v1 (no free machine translation),
06281048114001,Puck Mozzarella Cheese,Puck,بوك,بوك موزاريلا جبن,GCC,unknown,180,AUTO_SAFE,HIGH,,openfoodfacts,https://world.openfoodfacts.org/product/6281048114001,controlled-lexicon-composition v1 (no free machine translation),
06281057007592,Nadec milk chocolate,,نادك,نادك حليب شوكولاتة,SA,unknown,,AUTO_SAFE,HIGH,,openfoodfacts,https://world.openfoodfacts.org/product/6281057007592,controlled-lexicon-composition v1 (no free machine translation),
06281060903522,Caesar fruit mix and berries nectar,,قيصر,قيصر فواكه مشكل توت رحيق,SA,unknown,,AUTO_SAFE,HIGH,,openfoodfacts,https://world.openfoodfacts.org/product/6281060903522,controlled-lexicon-composition v1 (no free machine translation),
06281063882558,Lite Mayonnaise,Freshly,فريشلي,فريشلي لايت مايونيز,SA,unknown,15,AUTO_SAFE,HIGH,,openfoodfacts,https://world.openfoodfacts.org/product/6281063882558,controlled-lexicon-composition v1 (no free machine translation),
06285602012369,Biscuit,,,بسكويت,SA,unknown,,AUTO_SAFE,HIGH,,openfoodfacts,https://world.openfoodfacts.org/product/6285602012369,controlled-lexicon-composition v1 (no free machine translation),
06285602012833,Deemah natural salt,,ديمة,ديمة طبيعي ملح,SA,unknown,,AUTO_SAFE,HIGH,,openfoodfacts,https://world.openfoodfacts.org/product/6285602012833,controlled-lexicon-composition v1 (no free machine translation),
06291003084522,Hazelnut,,,بندق,GCC,unknown,,AUTO_SAFE,HIGH,,openfoodfacts,https://world.openfoodfacts.org/product/6291003084522,controlled-lexicon-composition v1 (no free machine translation),
09221544013023,Snickers bar,Snickers,سنيكرز,سنيكرز لوح,SA,Sweet snacks,,AUTO_SAFE,HIGH,,openfoodfacts,https://world.openfoodfacts.org/product/9221544013023,controlled-lexicon-composition v1 (no free machine translation),
00684500704875,California garden whole kernel sweet corn,,كاليفورنيا جاردن,كاليفورنيا جاردن حبّ كامل ذرة حلوة,SA,unknown,100,AUTO_SAFE,HIGH,,openfoodfacts,https://world.openfoodfacts.org/product/0684500704875,controlled-lexicon-composition v1 (no free machine translation),
00840370901381,Cheddar cheese,Kraft,كرافت,كرافت جبن شيدر,GCC,Cheddar cheese,28,AUTO_SAFE,HIGH,,openfoodfacts,https://world.openfoodfacts.org/product/0840370901381,controlled-lexicon-composition v1 (no free machine translation),
03350033518346,Sardines,Monoprix,مونوبري,مونوبري سردين,GCC,Sardines in oil and lemon,,AUTO_SAFE,HIGH,,openfoodfacts,https://world.openfoodfacts.org/product/3350033518346,controlled-lexicon-composition v1 (no free machine translation),
06223000410721,Americana chips salt,,أمريكانا,أمريكانا شيبس ملح,SA,Chips,,AUTO_SAFE,HIGH,,openfoodfacts,https://world.openfoodfacts.org/product/6223000410721,controlled-lexicon-composition v1 (no free machine translation),
06281007067379,Vanilla Ice Cream,Almarai,المراعي,المراعي آيس كريم فانيلا,SA,unknown,100,AUTO_SAFE,HIGH,,openfoodfacts,https://world.openfoodfacts.org/product/6281007067379,controlled-lexicon-composition v1 (no free machine translation),
06281014131001,Goody red kidney beans,,قودي,قودي أحمر حمراء فاصوليا,SA,unknown,100,AUTO_SAFE,HIGH,,openfoodfacts,https://world.openfoodfacts.org/product/6281014131001,controlled-lexicon-composition v1 (no free machine translation),
06281036003713,Lay's salt and vinegar,Frito-Lay,ليز,ليز ملح خل,SA,unknown,25,AUTO_SAFE,HIGH,,openfoodfacts,https://world.openfoodfacts.org/product/6281036003713,controlled-lexicon-composition v1 (no free machine translation),
06281039102017,Saudia whole milk,,السعودية,السعودية حليب كامل الدسم,SA,Milks,,AUTO_SAFE,HIGH,,openfoodfacts,https://world.openfoodfacts.org/product/6281039102017,controlled-lexicon-composition v1 (no free machine translation),
06281057030026,Nadec fresh yogurt full fat,,نادك,نادك كامل الدسم طازج زبادي,SA,unknown,,AUTO_SAFE,HIGH,,openfoodfacts,https://world.openfoodfacts.org/product/6281057030026,controlled-lexicon-composition v1 (no free machine translation),
06285602013212,Deemah chili lemon,,ديمة,ديمة شطة ليمون,SA,unknown,,AUTO_SAFE,HIGH,,openfoodfacts,https://world.openfoodfacts.org/product/6285602013212,controlled-lexicon-composition v1 (no free machine translation),
06290090033406,Heinz Classic Mayonnaise,Heinz,هاينز,هاينز كلاسيك مايونيز,GCC,Mayonnaises,,AUTO_SAFE,HIGH,,openfoodfacts,https://world.openfoodfacts.org/product/6290090033406,controlled-lexicon-composition v1 (no free machine translation),
06291002400002,Premium French Fries,Al Islami,الإسلامي,الإسلامي فاخر فرنسي بطاطس مقلية,GCC,unknown,,AUTO_SAFE,HIGH,,openfoodfacts,https://world.openfoodfacts.org/product/6291002400002,controlled-lexicon-composition v1 (no free machine translation),
06291003003394,Tiffany Light Natural 400 G Digestive,Tiffany,تيفاني,تيفاني لايت طبيعي دايجستيف,GCC,unknown,,AUTO_SAFE,HIGH,,openfoodfacts,https://world.openfoodfacts.org/product/6291003003394,controlled-lexicon-composition v1 (no free machine translation),
06291010910722,Pomegranate,,,رمان,GCC,unknown,,AUTO_SAFE,HIGH,,openfoodfacts,https://world.openfoodfacts.org/product/6291010910722,controlled-lexicon-composition v1 (no free machine translation),
06291011054302,Chocolate Date Almond Coconut,Chocodate,تشوكوديت,تشوكوديت شوكولاتة تمر لوز جوز الهند,GCC,Chocolate-covered-fruits,15,AUTO_SAFE,HIGH,,openfoodfacts,https://world.openfoodfacts.org/product/6291011054302,controlled-lexicon-composition v1 (no free machine translation),
06291011064264,Pistachio Kunafa,Chocodate,تشوكوديت,تشوكوديت فستق كنافة,GCC,unknown,,AUTO_SAFE,HIGH,,openfoodfacts,https://world.openfoodfacts.org/product/6291011064264,controlled-lexicon-composition v1 (no free machine translation),
06291115000847,Camel milk powder,,,إبل حليب بودرة,GCC,unknown,,AUTO_SAFE,HIGH,,openfoodfacts,https://world.openfoodfacts.org/product/6291115000847,controlled-lexicon-composition v1 (no free machine translation),
06294001850823,Galaxy pistachio kunafa dark,Galaxy,جالاكسي,جالاكسي فستق كنافة داكن,SA,Chocolates,100,AUTO_SAFE,HIGH,,openfoodfacts,https://world.openfoodfacts.org/product/6294001850823,controlled-lexicon-composition v1 (no free machine translation),
06294017116999,11 Vegetable Soup,Maggi,ماجي,ماجي خضار شوربة,GCC,unknown,,AUTO_SAFE,HIGH,,openfoodfacts,https://world.openfoodfacts.org/product/6294017116999,controlled-lexicon-composition v1 (no free machine translation),
06297000670263,labneh low fat,Balade Farms,مزارع بلدي,مزارع بلدي قليل الدسم لبنة,GCC,Yogurts,225,AUTO_SAFE,HIGH,,openfoodfacts,https://world.openfoodfacts.org/product/6297000670263,controlled-lexicon-composition v1 (no free machine translation),
00000029605040,Yoghurt Almond Mango Apricot Snack Bar,Spinneys Food,سبينيس,سبينيس زبادي لوز مانجو مشمش سناك لوح,GCC,unknown,45,AUTO_SAFE,HIGH,,openfoodfacts,https://world.openfoodfacts.org/product/29605040,controlled-lexicon-composition v1 (no free machine translation),
06191513505138,President fresh cream and milk,,بريزيدون,بريزيدون طازج قشطة حليب,SA,Cheeses,,AUTO_SAFE,HIGH,,openfoodfacts,https://world.openfoodfacts.org/product/6191513505138,controlled-lexicon-composition v1 (no free machine translation),
06280558342362,Pure and Natural Honey,,,نقي طبيعي عسل,SA,Honeys,,AUTO_SAFE,HIGH,,openfoodfacts,https://world.openfoodfacts.org/product/6280558342362,controlled-lexicon-composition v1 (no free machine translation),
06281007142366,Evaporated milk,Almarai,المراعي,المراعي مبخّر حليب,SA,unknown,30,AUTO_SAFE,HIGH,,openfoodfacts,https://world.openfoodfacts.org/product/6281007142366,controlled-lexicon-composition v1 (no free machine translation),
06281014603508,lasagna,goody,قودي,قودي لازانيا,SA,unknown,100,AUTO_SAFE,HIGH,,openfoodfacts,https://world.openfoodfacts.org/product/6281014603508,controlled-lexicon-composition v1 (no free machine translation),
06281016900483,Albatal salt and vinegar flavor,Al Batal,البطل,البطل ملح خل نكهة,SA,unknown,22,AUTO_SAFE,HIGH,,openfoodfacts,https://world.openfoodfacts.org/product/6281016900483,controlled-lexicon-composition v1 (no free machine translation),
06281018321965,Nada turkish labneh,,ندى,ندى تركي لبنة,SA,Dairies,,AUTO_SAFE,HIGH,,openfoodfacts,https://world.openfoodfacts.org/product/6281018321965,controlled-lexicon-composition v1 (no free machine translation),
06281022118209,Activia low fat mixed berries,,أكتيفيا,أكتيفيا قليل الدسم مشكل توت,GCC,unknown,,AUTO_SAFE,HIGH,,openfoodfacts,https://world.openfoodfacts.org/product/6281022118209,controlled-lexicon-composition v1 (no free machine translation),
06281022129779,Lemon pie Greek yogurt,Danone,دانون,دانون ليمون فطيرة يوناني زبادي,GCC,Greek-style yogurts,150,AUTO_SAFE,HIGH,,openfoodfacts,https://world.openfoodfacts.org/product/6281022129779,controlled-lexicon-composition v1 (no free machine translation),
06281057002924,Nadec fresh yogurt low fat,,نادك,نادك قليل الدسم طازج زبادي,SA,Dairies,,AUTO_SAFE,HIGH,,openfoodfacts,https://world.openfoodfacts.org/product/6281057002924,controlled-lexicon-composition v1 (no free machine translation),
06281063632276,Freshly chickpeas,,فريشلي,فريشلي حمص,SA,unknown,,AUTO_SAFE,HIGH,,openfoodfacts,https://world.openfoodfacts.org/product/6281063632276,controlled-lexicon-composition v1 (no free machine translation),
06287038221056,Chocolate Milk,Nada,ندى,ندى شوكولاتة حليب,SA,unknown,115,AUTO_SAFE,HIGH,,openfoodfacts,https://world.openfoodfacts.org/product/6287038221056,controlled-lexicon-composition v1 (no free machine translation),
06290090033178,Garlic Mayonnaise,Heinz,هاينز,هاينز ثوم مايونيز,GCC,Groceries,,AUTO_SAFE,HIGH,,openfoodfacts,https://world.openfoodfacts.org/product/6290090033178,controlled-lexicon-composition v1 (no free machine translation),
06291079363651,Breaded Chicken Fillet,Farm Fresh,فارم فريش,فارم فريش مقرمش بالبقسماط دجاج فيليه,GCC,unknown,,AUTO_SAFE,HIGH,,openfoodfacts,https://world.openfoodfacts.org/product/6291079363651,controlled-lexicon-composition v1 (no free machine translation),
06291108639092,Biscuit,,,بسكويت,GCC,unknown,,AUTO_SAFE,HIGH,,openfoodfacts,https://world.openfoodfacts.org/product/6291108639092,controlled-lexicon-composition v1 (no free machine translation),
06291109891246,Mixed Berries,Al Ain,العين,العين مشكل توت,GCC,unknown,,AUTO_SAFE,HIGH,,openfoodfacts,https://world.openfoodfacts.org/product/6291109891246,controlled-lexicon-composition v1 (no free machine translation),
05449000295026,Fanta orange,cola,فانتا,فانتا برتقال,SA,Beverages,,AUTO_SAFE,HIGH,,openfoodfacts,https://world.openfoodfacts.org/product/5449000295026,controlled-lexicon-composition v1 (no free machine translation),
06281007167826,Almarai cheddar cheese full fat,Al Marai,المراعي,المراعي جبن شيدر كامل الدسم,SA,unknown,,AUTO_SAFE,HIGH,,openfoodfacts,https://world.openfoodfacts.org/product/6281007167826,controlled-lexicon-composition v1 (no free machine translation),
06281016003177,Albatal ketchup flavor,,البطل,البطل كاتشب نكهة,SA,unknown,,AUTO_SAFE,HIGH,,openfoodfacts,https://world.openfoodfacts.org/product/6281016003177,controlled-lexicon-composition v1 (no free machine translation),
06281018315988,greek yoghurt with dates,nada,ندى,ندى يوناني زبادي تمر,SA,unknown,100,AUTO_SAFE,HIGH,,openfoodfacts,https://world.openfoodfacts.org/product/6281018315988,controlled-lexicon-composition v1 (no free machine translation),
06281020337633,Luna chickpeas,,لونا,لونا حمص,SA,unknown,100,AUTO_SAFE,HIGH,,openfoodfacts,https://world.openfoodfacts.org/product/6281020337633,controlled-lexicon-composition v1 (no free machine translation),
06281022120226,Alsafi fresh milk full fat,,الصافي,الصافي حليب طازج كامل الدسم,SA,unknown,100,AUTO_SAFE,HIGH,,openfoodfacts,https://world.openfoodfacts.org/product/6281022120226,controlled-lexicon-composition v1 (no free machine translation),
06281026122820,100% grape juice,Al Rabie,الربيع,الربيع عنب عصير,SA,Grape juices,100,AUTO_SAFE,HIGH,,openfoodfacts,https://world.openfoodfacts.org/product/6281026122820,controlled-lexicon-composition v1 (no free machine translation),
06281039571219,Sandwich ice cream,,,آيس كريم ساندويتش,SA,Ice creams and sorbets,50,AUTO_SAFE,HIGH,,openfoodfacts,https://world.openfoodfacts.org/product/6281039571219,controlled-lexicon-composition v1 (no free machine translation),
06281050828569,Beef pastrami,Americana,أمريكانا,أمريكانا لحم بقري بسطرمة,SA,unknown,50,AUTO_SAFE,HIGH,,openfoodfacts,https://world.openfoodfacts.org/product/6281050828569,controlled-lexicon-composition v1 (no free machine translation),
06281060067996,Caesar fruit mix hibiscus nectar,,قيصر,قيصر فواكه مشكل كركديه رحيق,SA,Juice,,AUTO_SAFE,HIGH,,openfoodfacts,https://world.openfoodfacts.org/product/6281060067996,controlled-lexicon-composition v1 (no free machine translation),
06281063461432,Orient gardens sliced pineapple in light syrup,,,شرقي حدائق شرائح أناناس لايت شراب,SA,Cans-food,,AUTO_SAFE,HIGH,,openfoodfacts,https://world.openfoodfacts.org/product/6281063461432,controlled-lexicon-composition v1 (no free machine translation),
06281063881834,Freshly green peas,,فريشلي,فريشلي أخضر بازلاء,SA,Cans-food,,AUTO_SAFE,HIGH,,openfoodfacts,https://world.openfoodfacts.org/product/6281063881834,controlled-lexicon-composition v1 (no free machine translation),
06281106251846,Siafa Brown Chocolate Coated Dates,,سيافة,سيافة بني شوكولاتة مغطّى تمر,SA,unknown,,AUTO_SAFE,HIGH,,openfoodfacts,https://world.openfoodfacts.org/product/6281106251846,controlled-lexicon-composition v1 (no free machine translation),
06291104284449,Chia seeds (white),Organic Larder,أورجانيك لاردر,أورجانيك لاردر شيا بذور أبيض,GCC,Chia,100,AUTO_SAFE,HIGH,,openfoodfacts,https://world.openfoodfacts.org/product/6291104284449,controlled-lexicon-composition v1 (no free machine translation),
06291108638774,DATE BAR,,,تمر لوح,GCC,unknown,,AUTO_SAFE,HIGH,,openfoodfacts,https://world.openfoodfacts.org/product/6291108638774,controlled-lexicon-composition v1 (no free machine translation),
06293370709831,Yoghurt drink,,,زبادي سائل,GCC,unknown,,AUTO_SAFE,HIGH,,openfoodfacts,https://world.openfoodfacts.org/product/6293370709831,controlled-lexicon-composition v1 (no free machine translation),
06297000747736,Barbican malt beverage strawberry flavor,Barbican,باربيكان,باربيكان شعير مشروب فراولة نكهة,GCC,unknown,,AUTO_SAFE,HIGH,,openfoodfacts,https://world.openfoodfacts.org/product/6297000747736,controlled-lexicon-composition v1 (no free machine translation),
06297001083871,Balade Kefir Greek Yogurt,Balade,بلدي,بلدي كفير يوناني زبادي,GCC,unknown,100,AUTO_SAFE,HIGH,,openfoodfacts,https://world.openfoodfacts.org/product/6297001083871,controlled-lexicon-composition v1 (no free machine translation),
00012000802805,Mirinda orange,,ميرندا,ميرندا برتقال,GCC,unknown,,AUTO_SAFE,HIGH,,openfoodfacts,https://world.openfoodfacts.org/product/0012000802805,controlled-lexicon-composition v1 (no free machine translation),
00032894075116,Premium fava beans,California garden,كاليفورنيا جاردن,كاليفورنيا جاردن فاخر فول فاصوليا,SA,unknown,130,AUTO_SAFE,HIGH,,openfoodfacts,https://world.openfoodfacts.org/product/0032894075116,controlled-lexicon-composition v1 (no free machine translation),
06084010992320,Pure chicken breast,,,نقي دجاج صدر,GCC,unknown,,AUTO_SAFE,HIGH,,openfoodfacts,https://world.openfoodfacts.org/product/6084010992320,controlled-lexicon-composition v1 (no free machine translation),
06271002204114,Tomato Juice,KDD,كي دي دي,كي دي دي طماطم عصير,SA,Tomato juices,100,AUTO_SAFE,HIGH,,openfoodfacts,https://world.openfoodfacts.org/product/6271002204114,controlled-lexicon-composition v1 (no free machine translation),
06281007053662,lemon 200ml,Almarai,المراعي,المراعي ليمون,SA,unknown,200,AUTO_SAFE,HIGH,,openfoodfacts,https://world.openfoodfacts.org/product/6281007053662,controlled-lexicon-composition v1 (no free machine translation),
06281018122746,Nada ayran fresh laban drink,,ندى,ندى عيران طازج لبن شراب,SA,unknown,,AUTO_SAFE,HIGH,,openfoodfacts,https://world.openfoodfacts.org/product/6281018122746,controlled-lexicon-composition v1 (no free machine translation),
06281018130246,Greek yogurt,nada,ندى,ندى يوناني زبادي,GCC,Greek-style yogurts,100,AUTO_SAFE,HIGH,,openfoodfacts,https://world.openfoodfacts.org/product/6281018130246,controlled-lexicon-composition v1 (no free machine translation),
06281020010413,Luna chickpeas,,لونا,لونا حمص,SA,Canned chickpeas,100,AUTO_SAFE,HIGH,,openfoodfacts,https://world.openfoodfacts.org/product/6281020010413,controlled-lexicon-composition v1 (no free machine translation),
06281022160109,Alsafi fresh cream,,الصافي,الصافي طازج قشطة,SA,unknown,100,AUTO_SAFE,HIGH,,openfoodfacts,https://world.openfoodfacts.org/product/6281022160109,controlled-lexicon-composition v1 (no free machine translation),
06281057015979,Nadec labneh olive,,نادك,نادك لبنة زيتون,SA,unknown,,AUTO_SAFE,HIGH,,openfoodfacts,https://world.openfoodfacts.org/product/6281057015979,controlled-lexicon-composition v1 (no free machine translation),
06281060103601,Caesar apple juice,,قيصر,قيصر تفاح عصير,SA,unknown,,AUTO_SAFE,HIGH,,openfoodfacts,https://world.openfoodfacts.org/product/6281060103601,controlled-lexicon-composition v1 (no free machine translation),
06281063461319,Orient gardens dark red kidney beans,,,شرقي حدائق داكن أحمر حمراء فاصوليا,SA,Jarrad-foods,,AUTO_SAFE,HIGH,,openfoodfacts,https://world.openfoodfacts.org/product/6281063461319,controlled-lexicon-composition v1 (no free machine translation),
06281063881858,Freshly blueberry fruit topping and filling,,فريشلي,فريشلي توت أزرق فواكه توبينق حشوة,SA,unknown,,AUTO_SAFE,HIGH,,openfoodfacts,https://world.openfoodfacts.org/product/6281063881858,controlled-lexicon-composition v1 (no free machine translation),
06286788790027,Mushroom soup,,,فطر شوربة,SA,unknown,,AUTO_SAFE,HIGH,,openfoodfacts,https://world.openfoodfacts.org/product/6286788790027,controlled-lexicon-composition v1 (no free machine translation),
06291007500370,Strawberry flavoured cream wafers,,,فراولة بنكهة قشطة ويفر,GCC,Stuffed wafers,,AUTO_SAFE,HIGH,,openfoodfacts,https://world.openfoodfacts.org/product/6291007500370,controlled-lexicon-composition v1 (no free machine translation),
06291056002474,Greek yoghurt,Al ain farms,العين,العين يوناني زبادي,GCC,Yogurts,280,AUTO_SAFE,HIGH,,openfoodfacts,https://world.openfoodfacts.org/product/6291056002474,controlled-lexicon-composition v1 (no free machine translation),
06291106895643,Beef Sausage,,,لحم بقري نقانق,GCC,unknown,,AUTO_SAFE,HIGH,,openfoodfacts,https://world.openfoodfacts.org/product/6291106895643,controlled-lexicon-composition v1 (no free machine translation),
06291107293714,Orange Marmalade,,,برتقال مربى برتقال,GCC,Orange jams,,AUTO_SAFE,HIGH,,openfoodfacts,https://world.openfoodfacts.org/product/6291107293714,controlled-lexicon-composition v1 (no free machine translation),
06294001820017,Galaxy Smooth & Creamy Milk Chocolate,Galaxy,جالاكسي,جالاكسي ناعم كريمي حليب شوكولاتة,GCC,unknown,,AUTO_SAFE,HIGH,,openfoodfacts,https://world.openfoodfacts.org/product/6294001820017,controlled-lexicon-composition v1 (no free machine translation),
06297000361956,Premium Dates,,,فاخر تمر,GCC,Dates,,AUTO_SAFE,HIGH,,openfoodfacts,https://world.openfoodfacts.org/product/6297000361956,controlled-lexicon-composition v1 (no free machine translation),
06298044091229,Salted caramel cashew spread,,,مملّح كراميل كاجو سبريد,GCC,unknown,,AUTO_SAFE,HIGH,,openfoodfacts,https://world.openfoodfacts.org/product/6298044091229,controlled-lexicon-composition v1 (no free machine translation),
08445291634176,Butter Chicken Mix 1+1,Maggi,ماجي,ماجي زبدة دجاج مشكل,GCC,unknown,,AUTO_SAFE,HIGH,,openfoodfacts,https://world.openfoodfacts.org/product/8445291634176,controlled-lexicon-composition v1 (no free machine translation),
00000029590438,Greek-Style Vanilla Yoghurt,Spinneysfood,سبينيس,سبينيس يوناني ستايل فانيلا زبادي,GCC,Greek-style yogurts,150,AUTO_SAFE,HIGH,,openfoodfacts,https://world.openfoodfacts.org/product/29590438,controlled-lexicon-composition v1 (no free machine translation),
00000029622450,Salted Caramel Popcorn,Spinneys Food,سبينيس,سبينيس مملّح كراميل فشار,GCC,unknown,100,AUTO_SAFE,HIGH,,openfoodfacts,https://world.openfoodfacts.org/product/29622450,controlled-lexicon-composition v1 (no free machine translation),
03073786863111,Spreadable Cream Cheese,kiri,كيري,كيري قابل للدهن قشطة جبن,GCC,Cheese spreads,18,AUTO_SAFE,HIGH,,openfoodfacts,https://world.openfoodfacts.org/product/3073786863111,controlled-lexicon-composition v1 (no free machine translation),
03228022970195,Fresh Butter Unsalted,President,بريزيدون,بريزيدون طازج زبدة بدون ملح,SA,Sweet cream butters,,AUTO_SAFE,HIGH,,openfoodfacts,https://world.openfoodfacts.org/product/3228022970195,controlled-lexicon-composition v1 (no free machine translation),
05060811383803,Grenade White Chocolate Cookie Protein Bar,Grenade,جرينيد,جرينيد لوح بروتين أبيض شوكولاتة كوكيز,GCC,unknown,60,AUTO_SAFE,HIGH,,openfoodfacts,https://world.openfoodfacts.org/product/5060811383803,controlled-lexicon-composition v1 (no free machine translation),
05285000390589,Indomie instant noodles fried noodles,,إندومي,إندومي سريع التحضير نودلز مقلي نودلز,GCC,Instant noodles,,AUTO_SAFE,HIGH,,openfoodfacts,https://world.openfoodfacts.org/product/5285000390589,controlled-lexicon-composition v1 (no free machine translation),
05711953022500,Mozzarella cheese slices,Puck,بوك,بوك موزاريلا جبن شرائح,GCC,unknown,,AUTO_SAFE,HIGH,,openfoodfacts,https://world.openfoodfacts.org/product/5711953022500,controlled-lexicon-composition v1 (no free machine translation),
06281006709829,Lipton Green Tea Lemon,Lipton,ليبتون,ليبتون أخضر شاي ليمون,SA,unknown,,AUTO_SAFE,HIGH,,openfoodfacts,https://world.openfoodfacts.org/product/6281006709829,controlled-lexicon-composition v1 (no free machine translation),
06281007046237,Almarai milk,Almarai,المراعي,المراعي حليب,SA,Milks,,AUTO_SAFE,HIGH,,openfoodfacts,https://world.openfoodfacts.org/product/6281007046237,controlled-lexicon-composition v1 (no free machine translation),
06281022123135,Activia kefir mango,,أكتيفيا,أكتيفيا كفير مانجو,SA,Dairies,,AUTO_SAFE,HIGH,,openfoodfacts,https://world.openfoodfacts.org/product/6281022123135,controlled-lexicon-composition v1 (no free machine translation),
06281048108352,Puck labneh turkish recipe,,بوك,بوك لبنة تركي وصفة,SA,unknown,,AUTO_SAFE,HIGH,,openfoodfacts,https://world.openfoodfacts.org/product/6281048108352,controlled-lexicon-composition v1 (no free machine translation),
06281057002672,Fresh Milk,,,حليب طازج,SA,Milks,,AUTO_SAFE,HIGH,,openfoodfacts,https://world.openfoodfacts.org/product/6281057002672,controlled-lexicon-composition v1 (no free machine translation),
06281060103670,Orange & Carrot Juice Drink,,,برتقال جزر عصير شراب,SA,Carrot-orange-juice-drink,,AUTO_SAFE,HIGH,,openfoodfacts,https://world.openfoodfacts.org/product/6281060103670,controlled-lexicon-composition v1 (no free machine translation),
06281060903225,Caesar guava and fruit mix nectar,caesar,قيصر,قيصر جوافة فواكه مشكل رحيق,SA,unknown,,AUTO_SAFE,HIGH,,openfoodfacts,https://world.openfoodfacts.org/product/6281060903225,controlled-lexicon-composition v1 (no free machine translation),
06281101691937,Dattes,,,تمر,SA,unknown,,AUTO_SAFE,HIGH,,openfoodfacts,https://world.openfoodfacts.org/product/6281101691937,controlled-lexicon-composition v1 (no free machine translation),
06291003000157,Natural wheat biscuit,Tiffany Digestive,تيفاني,تيفاني طبيعي قمح بسكويت,GCC,Digestive-biscuits,,AUTO_SAFE,HIGH,,openfoodfacts,https://world.openfoodfacts.org/product/6291003000157,controlled-lexicon-composition v1 (no free machine translation),
06291115001301,CAMEL MILK DRINK,,,إبل حليب شراب,GCC,unknown,,AUTO_SAFE,HIGH,,openfoodfacts,https://world.openfoodfacts.org/product/6291115001301,controlled-lexicon-composition v1 (no free machine translation),
06294011632693,Brown Chocolate Coated Dates,Lulu,لولو,لولو بني شوكولاتة مغطّى تمر,GCC,unknown,10,AUTO_SAFE,HIGH,,openfoodfacts,https://world.openfoodfacts.org/product/6294011632693,controlled-lexicon-composition v1 (no free machine translation),
06297001059036,mango mix,,,مانجو مشكل,GCC,unknown,,AUTO_SAFE,HIGH,,openfoodfacts,https://world.openfoodfacts.org/product/6297001059036,controlled-lexicon-composition v1 (no free machine translation),
07340001804218,Barebells Milk shake Banana,Barbells,بيربلز,بيربلز حليب شيك موز,SA,Milkshakes,330,AUTO_SAFE,HIGH,,openfoodfacts,https://world.openfoodfacts.org/product/7340001804218,controlled-lexicon-composition v1 (no free machine translation),
00000090486555,Red bull coconut and berry flavor energy drink,,ريد بول,ريد بول جوز الهند توت نكهة طاقة شراب,SA,Energy drinks,,AUTO_SAFE,HIGH,,openfoodfacts,https://world.openfoodfacts.org/product/90486555,controlled-lexicon-composition v1 (no free machine translation),
00012000802850,Mirinda orange,,ميرندا,ميرندا برتقال,SA,unknown,,AUTO_SAFE,HIGH,,openfoodfacts,https://world.openfoodfacts.org/product/0012000802850,controlled-lexicon-composition v1 (no free machine translation),
00344900236245,Lactose Free Milk,Baladna,بلدنا,بلدنا خالي اللاكتوز حليب,GCC,unknown,,AUTO_SAFE,HIGH,,openfoodfacts,https://world.openfoodfacts.org/product/0344900236245,controlled-lexicon-composition v1 (no free machine translation),
00709993323225,Nature land brown beans,,نيتشرلاند,نيتشرلاند بني فاصوليا,SA,Canned foods,,AUTO_SAFE,HIGH,,openfoodfacts,https://world.openfoodfacts.org/product/0709993323225,controlled-lexicon-composition v1 (no free machine translation),
05285000390626,Indomie instant noodles vegetable flavor,,إندومي,إندومي سريع التحضير نودلز خضار نكهة,SA,unknown,,AUTO_SAFE,HIGH,,openfoodfacts,https://world.openfoodfacts.org/product/5285000390626,controlled-lexicon-composition v1 (no free machine translation),
06251010121108,Chicken Shawarma,Nabil,نبيل,نبيل دجاج شاورما,GCC,unknown,,AUTO_SAFE,HIGH,,openfoodfacts,https://world.openfoodfacts.org/product/6251010121108,controlled-lexicon-composition v1 (no free machine translation),
06281007021241,Fresh labneh,Almarai,المراعي,المراعي طازج لبنة,SA,fr:labnes,,AUTO_SAFE,HIGH,,openfoodfacts,https://world.openfoodfacts.org/product/6281007021241,controlled-lexicon-composition v1 (no free machine translation),
06281016961163,Albatal rings,,البطل,البطل حلقات,SA,Chips,,AUTO_SAFE,HIGH,,openfoodfacts,https://world.openfoodfacts.org/product/6281016961163,controlled-lexicon-composition v1 (no free machine translation),
06281018140467,Nada long life milk low fat,Nada,ندى,ندى طويل الأجل قليل الدسم حليب,GCC,unknown,,AUTO_SAFE,HIGH,,openfoodfacts,https://world.openfoodfacts.org/product/6281018140467,controlled-lexicon-composition v1 (no free machine translation),
06281020010314,Luna green peas,,لونا,لونا أخضر بازلاء,SA,unknown,,AUTO_SAFE,HIGH,,openfoodfacts,https://world.openfoodfacts.org/product/6281020010314,controlled-lexicon-composition v1 (no free machine translation),
06281022130409,Alsafi fresh yogurt low fat,,الصافي,الصافي قليل الدسم طازج زبادي,SA,Yogurts,,AUTO_SAFE,HIGH,,openfoodfacts,https://world.openfoodfacts.org/product/6281022130409,controlled-lexicon-composition v1 (no free machine translation),
06281026083541,Chocolate Milk,,,شوكولاتة حليب,SA,unknown,,AUTO_SAFE,HIGH,,openfoodfacts,https://world.openfoodfacts.org/product/6281026083541,controlled-lexicon-composition v1 (no free machine translation),
06281034915728,Barbican orange flavoured,,باربيكان,باربيكان برتقال بنكهة,SA,Beverages,,AUTO_SAFE,HIGH,,openfoodfacts,https://world.openfoodfacts.org/product/6281034915728,controlled-lexicon-composition v1 (no free machine translation),
06281057005512,Nadec whipping cream,,نادك,نادك خفق قشطة,SA,unknown,100,AUTO_SAFE,HIGH,,openfoodfacts,https://world.openfoodfacts.org/product/6281057005512,controlled-lexicon-composition v1 (no free machine translation),
06281060903287,Caesar mango and fruit mix nectar,,قيصر,قيصر مانجو فواكه مشكل رحيق,SA,unknown,,AUTO_SAFE,HIGH,,openfoodfacts,https://world.openfoodfacts.org/product/6281060903287,controlled-lexicon-composition v1 (no free machine translation),
06281063222859,Orient gardens whole kernel sweet corn no sugar no salt,,,حبّ كامل ذرة حلوة شرقي حدائق خالي من سكر خالي من ملح,SA,unknown,,AUTO_SAFE,HIGH,,openfoodfacts,https://world.openfoodfacts.org/product/6281063222859,controlled-lexicon-composition v1 (no free machine translation),
06281063632245,Freshly white beans,,فريشلي,فريشلي أبيض فاصوليا,SA,Canned foods,,AUTO_SAFE,HIGH,,openfoodfacts,https://world.openfoodfacts.org/product/6281063632245,controlled-lexicon-composition v1 (no free machine translation),
06281073152566,Sunbulah instant noodles chicken flavor,,سنبلة,سنبلة سريع التحضير نودلز دجاج نكهة,SA,Noodles,,AUTO_SAFE,HIGH,,openfoodfacts,https://world.openfoodfacts.org/product/6281073152566,controlled-lexicon-composition v1 (no free machine translation),
06281101690084,Premium organic dates,,,فاخر عضوي تمر,SA,unknown,,AUTO_SAFE,HIGH,,openfoodfacts,https://world.openfoodfacts.org/product/6281101690084,controlled-lexicon-composition v1 (no free machine translation),
06281101691371,Dattes,,,تمر,SA,Dates,,AUTO_SAFE,HIGH,,openfoodfacts,https://world.openfoodfacts.org/product/6281101691371,controlled-lexicon-composition v1 (no free machine translation),
06285602013038,Deemah tomato ketchup,,ديمة,ديمة طماطم كاتشب,SA,unknown,,AUTO_SAFE,HIGH,,openfoodfacts,https://world.openfoodfacts.org/product/6285602013038,controlled-lexicon-composition v1 (no free machine translation),
06286788790058,Pickle soup,,,مخلل شوربة,SA,unknown,,AUTO_SAFE,HIGH,,openfoodfacts,https://world.openfoodfacts.org/product/6286788790058,controlled-lexicon-composition v1 (no free machine translation),
06290090011039,Tomato ketchup,HEINZ,هاينز,هاينز طماطم كاتشب,GCC,Groceries,,AUTO_SAFE,HIGH,,openfoodfacts,https://world.openfoodfacts.org/product/6290090011039,controlled-lexicon-composition v1 (no free machine translation),
06291106222111,Energy drink,,,طاقة شراب,GCC,unknown,,AUTO_SAFE,HIGH,,openfoodfacts,https://world.openfoodfacts.org/product/6291106222111,controlled-lexicon-composition v1 (no free machine translation),
06294017121573,Maggi chicken soup with corn,,ماجي,ماجي دجاج شوربة ذرة,SA,unknown,250,AUTO_SAFE,HIGH,,openfoodfacts,https://world.openfoodfacts.org/product/6294017121573,controlled-lexicon-composition v1 (no free machine translation),
06297000778839,Yogurt Pineapple Coconut,,,زبادي أناناس جوز الهند,GCC,unknown,,AUTO_SAFE,HIGH,,openfoodfacts,https://world.openfoodfacts.org/product/6297000778839,controlled-lexicon-composition v1 (no free machine translation),
08992696526051,Nescafe cappuccino,Nestlé,نستله,نستله كابتشينو,GCC,Instant coffees,225,AUTO_SAFE,HIGH,,openfoodfacts,https://world.openfoodfacts.org/product/8992696526051,controlled-lexicon-composition v1 (no free machine translation),
00032894011480,Tuna sandwich,California Garden,كاليفورنيا جاردن,كاليفورنيا جاردن تونة ساندويتش,GCC,unknown,,AUTO_SAFE,HIGH,,openfoodfacts,https://world.openfoodfacts.org/product/0032894011480,controlled-lexicon-composition v1 (no free machine translation),
04000417626011,Fine Extra Dark Chocolate 70%,Ritter Sport,فاين,فاين إكسترا داكن شوكولاتة,GCC,Dark chocolates,39,AUTO_SAFE,HIGH,,openfoodfacts,https://world.openfoodfacts.org/product/4000417626011,controlled-lexicon-composition v1 (no free machine translation),
05449000295033,Fanta strawberry,,فانتا,فانتا فراولة,SA,Beverages,,AUTO_SAFE,HIGH,,openfoodfacts,https://world.openfoodfacts.org/product/5449000295033,controlled-lexicon-composition v1 (no free machine translation),
06281018420811,Natural Orange Pineapple Juice,,,طبيعي برتقال أناناس عصير,SA,unknown,,AUTO_SAFE,HIGH,,openfoodfacts,https://world.openfoodfacts.org/product/6281018420811,controlled-lexicon-composition v1 (no free machine translation),
06281020172388,Luna iced coffee original,Luna,لونا,لونا مثلج قهوة أصلي,SA,Coffees,,AUTO_SAFE,HIGH,,openfoodfacts,https://world.openfoodfacts.org/product/6281020172388,controlled-lexicon-composition v1 (no free machine translation),
06281022118926,Activia low fat plain,,أكتيفيا,أكتيفيا قليل الدسم سادة,SA,Yogh,125,AUTO_SAFE,HIGH,,openfoodfacts,https://world.openfoodfacts.org/product/6281022118926,controlled-lexicon-composition v1 (no free machine translation),
06281034902650,Barbican Soft Drink Pineapple,Barbican,باربيكان,باربيكان طري شراب أناناس,SA,Sodas,,AUTO_SAFE,HIGH,,openfoodfacts,https://world.openfoodfacts.org/product/6281034902650,controlled-lexicon-composition v1 (no free machine translation),
06281057011001,Low Fat Milk - Long Life,nadec,نادك,نادك طويل الأجل قليل الدسم حليب,SA,Dairies,,AUTO_SAFE,HIGH,,openfoodfacts,https://world.openfoodfacts.org/product/6281057011001,controlled-lexicon-composition v1 (no free machine translation),
06281057012220,Nadec fresh laban low fat,,نادك,نادك قليل الدسم طازج لبن,SA,Dairies,,AUTO_SAFE,HIGH,,openfoodfacts,https://world.openfoodfacts.org/product/6281057012220,controlled-lexicon-composition v1 (no free machine translation),
06281057018352,Nadec kefir mango,,نادك,نادك كفير مانجو,SA,Dairies,,AUTO_SAFE,HIGH,,openfoodfacts,https://world.openfoodfacts.org/product/6281057018352,controlled-lexicon-composition v1 (no free machine translation),
06281057090013,Nadec fresh labneh low fat,,نادك,نادك قليل الدسم طازج لبنة,SA,unknown,,AUTO_SAFE,HIGH,,openfoodfacts,https://world.openfoodfacts.org/product/6281057090013,controlled-lexicon-composition v1 (no free machine translation),
06281063882527,Freshly whole kernel corn,,فريشلي,فريشلي حبّ كامل ذرة,SA,Cans-food,125,AUTO_SAFE,HIGH,,openfoodfacts,https://world.openfoodfacts.org/product/6281063882527,controlled-lexicon-composition v1 (no free machine translation),
06281063883128,Freshly strawberry concentrate sugar free,,فريشلي,فريشلي خالي السكر فراولة مركّز,SA,unknown,,AUTO_SAFE,HIGH,,openfoodfacts,https://world.openfoodfacts.org/product/6281063883128,controlled-lexicon-composition v1 (no free machine translation),
06281063884040,Parsley Flakes,Freshly,فريشلي,فريشلي بقدونس رقائق,SA,Parsley,,AUTO_SAFE,HIGH,,openfoodfacts,https://world.openfoodfacts.org/product/6281063884040,controlled-lexicon-composition v1 (no free machine translation),
06281106250467,Dattes Ajwa,Siafa,سيافة,سيافة تمر عجوة,SA,Dates,100,AUTO_SAFE,HIGH,,openfoodfacts,https://world.openfoodfacts.org/product/6281106250467,controlled-lexicon-composition v1 (no free machine translation),
06287003021957,Dattes,,,تمر,SA,unknown,,AUTO_SAFE,HIGH,,openfoodfacts,https://world.openfoodfacts.org/product/6287003021957,controlled-lexicon-composition v1 (no free machine translation),
06291003054334,Pure vegetable Ghee,,,نقي خضار سمن,GCC,unknown,,AUTO_SAFE,HIGH,,openfoodfacts,https://world.openfoodfacts.org/product/6291003054334,controlled-lexicon-composition v1 (no free machine translation),
06291031003380,Low Fat Yogurt,Carrefour,كارفور,كارفور قليل الدسم زبادي,GCC,Yogurts,100,AUTO_SAFE,HIGH,,openfoodfacts,https://world.openfoodfacts.org/product/6291031003380,controlled-lexicon-composition v1 (no free machine translation),
06291056068050,Strawberry,,,فراولة,GCC,unknown,,AUTO_SAFE,HIGH,,openfoodfacts,https://world.openfoodfacts.org/product/6291056068050,controlled-lexicon-composition v1 (no free machine translation),
06291056180387,Pineapple,Al Ain Dairy,العين,العين أناناس,GCC,Pineapple juices,250,AUTO_SAFE,HIGH,,openfoodfacts,https://world.openfoodfacts.org/product/6291056180387,controlled-lexicon-composition v1 (no free machine translation),
06291100852246,Fresh & Creamy full cream,Yoplait,يوبليه,يوبليه كامل الدسم طازج كريمي,GCC,unknown,,AUTO_SAFE,HIGH,,openfoodfacts,https://world.openfoodfacts.org/product/6291100852246,controlled-lexicon-composition v1 (no free machine translation),
06294003598303,Cappuccino,Nescafé,نسكافيه,نسكافيه كابتشينو,GCC,Powdered cappucino,,AUTO_SAFE,HIGH,,openfoodfacts,https://world.openfoodfacts.org/product/6294003598303,controlled-lexicon-composition v1 (no free machine translation),
06299200053471,Full Cream Fresh Laban,,,كامل الدسم طازج لبن,GCC,unknown,,AUTO_SAFE,HIGH,,openfoodfacts,https://world.openfoodfacts.org/product/6299200053471,controlled-lexicon-composition v1 (no free machine translation),
09310021039028,Lemon Flavour Ice Tea,Lipton,ليبتون,ليبتون ليمون نكهة مثلج شاي,GCC,Iced teas,500,AUTO_SAFE,HIGH,,openfoodfacts,https://world.openfoodfacts.org/product/9310021039028,controlled-lexicon-composition v1 (no free machine translation),
00000029596614,Cheese and Onion Sandwich,Spinneys,سبينيس,سبينيس جبن بصل ساندويتش,GCC,unknown,85,AUTO_SAFE,HIGH,,openfoodfacts,https://world.openfoodfacts.org/product/29596614,controlled-lexicon-composition v1 (no free machine translation),
05412860335430,Protein chips,LAPERVA,لابيرفا,لابيرفا بروتين شيبس,GCC,Crisps,,AUTO_SAFE,HIGH,,openfoodfacts,https://world.openfoodfacts.org/product/5412860335430,controlled-lexicon-composition v1 (no free machine translation),
06270021801212,Mini Plain Croissant,Americana,أمريكانا,أمريكانا ميني سادة كرواسون,GCC,unknown,20,AUTO_SAFE,HIGH,,openfoodfacts,https://world.openfoodfacts.org/product/6270021801212,controlled-lexicon-composition v1 (no free machine translation),
06271005034091,Sliced Turkey Breast,,,شرائح ديك رومي صدر,GCC,Meats,,AUTO_SAFE,HIGH,,openfoodfacts,https://world.openfoodfacts.org/product/6271005034091,controlled-lexicon-composition v1 (no free machine translation),
06281007024020,Fresh Yogurt Low Fat,Almarai,المراعي,المراعي قليل الدسم طازج زبادي,SA,Low-fat yogurts,170,AUTO_SAFE,HIGH,,openfoodfacts,https://world.openfoodfacts.org/product/6281007024020,controlled-lexicon-composition v1 (no free machine translation),
06281018181965,Nada fresh yogurt full cream,,ندى,ندى كامل الدسم طازج زبادي,GCC,Dairies,100,AUTO_SAFE,HIGH,,openfoodfacts,https://world.openfoodfacts.org/product/6281018181965,controlled-lexicon-composition v1 (no free machine translation),
06281022183337,Chocolate Flavoured Long Life Milk,Safio,صافيو,صافيو طويل الأجل شوكولاتة بنكهة حليب,SA,unknown,,AUTO_SAFE,HIGH,,openfoodfacts,https://world.openfoodfacts.org/product/6281022183337,controlled-lexicon-composition v1 (no free machine translation),
06281039597318,Peach Greek Frozen Yogurt,Saudia,السعودية,السعودية خوخ يوناني مجمّد زبادي,SA,unknown,78,AUTO_SAFE,HIGH,,openfoodfacts,https://world.openfoodfacts.org/product/6281039597318,controlled-lexicon-composition v1 (no free machine translation),
06281063883579,Freshly whole kernel corn,,فريشلي,فريشلي حبّ كامل ذرة,SA,Cans-food,,AUTO_SAFE,HIGH,,openfoodfacts,https://world.openfoodfacts.org/product/6281063883579,controlled-lexicon-composition v1 (no free machine translation),
06290019196137,Dates with assorted chocolate and almond,,,تمر مشكل شوكولاتة لوز,GCC,unknown,,AUTO_SAFE,HIGH,,openfoodfacts,https://world.openfoodfacts.org/product/6290019196137,controlled-lexicon-composition v1 (no free machine translation),
06291100852178,Fresh Yoghurt,Yoplait,يوبليه,يوبليه طازج زبادي,GCC,unknown,,AUTO_SAFE,HIGH,,openfoodfacts,https://world.openfoodfacts.org/product/6291100852178,controlled-lexicon-composition v1 (no free machine translation),
06299200053426,Full Cream Fresh Milk,,,حليب طازج كامل الدسم,GCC,unknown,,AUTO_SAFE,HIGH,,openfoodfacts,https://world.openfoodfacts.org/product/6299200053426,controlled-lexicon-composition v1 (no free machine translation),
06300900360292,Fresh Laban (Full Fat),Mazzraty,مزرعتي,مزرعتي كامل الدسم طازج لبن,GCC,Laban,100,AUTO_SAFE,HIGH,,openfoodfacts,https://world.openfoodfacts.org/product/6300900360292,controlled-lexicon-composition v1 (no free machine translation),
07610100300059,Cream of mushroom soup,Maggi,ماجي,ماجي قشطة فطر شوربة,GCC,Cream of mushroom soups,,AUTO_SAFE,HIGH,,openfoodfacts,https://world.openfoodfacts.org/product/7610100300059,controlled-lexicon-composition v1 (no free machine translation),
00012000005459,Mirinda orange,,ميرندا,ميرندا برتقال,SA,Beverages,,AUTO_SAFE,HIGH,,openfoodfacts,https://world.openfoodfacts.org/product/0012000005459,controlled-lexicon-composition v1 (no free machine translation),
06281006870178,Karak Cardamom,Lipton,ليبتون,ليبتون كرك هيل,SA,unknown,,AUTO_SAFE,HIGH,,openfoodfacts,https://world.openfoodfacts.org/product/6281006870178,controlled-lexicon-composition v1 (no free machine translation),
06281007066884,Almarai mango flavored milk,,المراعي,المراعي مانجو بنكهة حليب,SA,unknown,,AUTO_SAFE,HIGH,,openfoodfacts,https://world.openfoodfacts.org/product/6281007066884,controlled-lexicon-composition v1 (no free machine translation),
06281007070881,Almarai mix berry,Almarai,المراعي,المراعي مشكل توت,GCC,unknown,200,AUTO_SAFE,HIGH,,openfoodfacts,https://world.openfoodfacts.org/product/6281007070881,controlled-lexicon-composition v1 (no free machine translation),
06281022102055,Danette chocolat 80% Chocolat 90GR,Danette,دانيت,دانيت شوكولاتة شوكولاتة,SA,Puddings,90,AUTO_SAFE,HIGH,,openfoodfacts,https://world.openfoodfacts.org/product/6281022102055,controlled-lexicon-composition v1 (no free machine translation),
06281034007171,Barbican apple flavor,Barbican,باربيكان,باربيكان تفاح نكهة,SA,Non-alcoholic beers,,AUTO_SAFE,HIGH,,openfoodfacts,https://world.openfoodfacts.org/product/6281034007171,controlled-lexicon-composition v1 (no free machine translation),
06281041269029,Maamoul,,,معمول,SA,unknown,,AUTO_SAFE,HIGH,,openfoodfacts,https://world.openfoodfacts.org/product/6281041269029,controlled-lexicon-composition v1 (no free machine translation),
06281057007035,Nadec vanilla flavored milk,,نادك,نادك فانيلا بنكهة حليب,SA,unknown,,AUTO_SAFE,HIGH,,openfoodfacts,https://world.openfoodfacts.org/product/6281057007035,controlled-lexicon-composition v1 (no free machine translation),
06281101692309,Dates with pistachio,Jomara,جمارة,جمارة تمر فستق,SA,unknown,,AUTO_SAFE,HIGH,,openfoodfacts,https://world.openfoodfacts.org/product/6281101692309,controlled-lexicon-composition v1 (no free machine translation),
06285835001598,Mini Smooth Milk,Galaxy,جالاكسي,جالاكسي ميني ناعم حليب,GCC,unknown,12.5,AUTO_SAFE,HIGH,,openfoodfacts,https://world.openfoodfacts.org/product/6285835001598,controlled-lexicon-composition v1 (no free machine translation),
06291003005633,Tiffany Crunch n Cream,Tiffany,تيفاني,تيفاني مقرمش قشطة,GCC,Vanilla stuffed wafers,23,AUTO_SAFE,HIGH,,openfoodfacts,https://world.openfoodfacts.org/product/6291003005633,controlled-lexicon-composition v1 (no free machine translation),
06291011051684,Chocodate Dark Chocolate,Chocolove,تشوكوديت,تشوكوديت داكن شوكولاتة,GCC,es:1,,AUTO_SAFE,HIGH,,openfoodfacts,https://world.openfoodfacts.org/product/6291011051684,controlled-lexicon-composition v1 (no free machine translation),
06291011057624,caramel,chocodate,تشوكوديت,تشوكوديت كراميل,GCC,unknown,13.5,AUTO_SAFE,HIGH,,openfoodfacts,https://world.openfoodfacts.org/product/6291011057624,controlled-lexicon-composition v1 (no free machine translation),
06291056003860,Al Ain Farms Kefir Drink with Mix Berries Flavour 300 ml,Al Ain,العين,العين مزارع كفير شراب مشكل توت نكهة,GCC,Kefir,300,AUTO_SAFE,HIGH,,openfoodfacts,https://world.openfoodfacts.org/product/6291056003860,controlled-lexicon-composition v1 (no free machine translation),
06291100001194,Al Ain tomato paste,al ain,العين,العين طماطم معجون,GCC,unknown,,AUTO_SAFE,HIGH,,openfoodfacts,https://world.openfoodfacts.org/product/6291100001194,controlled-lexicon-composition v1 (no free machine translation),
06291100450275,Popcorn,,,فشار,GCC,unknown,,AUTO_SAFE,HIGH,,openfoodfacts,https://world.openfoodfacts.org/product/6291100450275,controlled-lexicon-composition v1 (no free machine translation),
06291104286115,Organic blueberry,Organic Larder,أورجانيك لاردر,أورجانيك لاردر عضوي توت أزرق,GCC,unknown,,AUTO_SAFE,HIGH,,openfoodfacts,https://world.openfoodfacts.org/product/6291104286115,controlled-lexicon-composition v1 (no free machine translation),
06294007310086,Camel milk chocolate,,,إبل حليب شوكولاتة,GCC,unknown,,AUTO_SAFE,HIGH,,openfoodfacts,https://world.openfoodfacts.org/product/6294007310086,controlled-lexicon-composition v1 (no free machine translation),
06294011620867,Lulu milk,LuLu,لولو,لولو حليب,GCC,UHT Milks,,AUTO_SAFE,HIGH,,openfoodfacts,https://world.openfoodfacts.org/product/6294011620867,controlled-lexicon-composition v1 (no free machine translation),
06297000140919,Chocolate Dates with Almonds,,,شوكولاتة تمر لوز,GCC,unknown,,AUTO_SAFE,HIGH,,openfoodfacts,https://world.openfoodfacts.org/product/6297000140919,controlled-lexicon-composition v1 (no free machine translation),
06297000999821,Mixed Baklava,,,مشكل بقلاوة,GCC,Baklava,,AUTO_SAFE,HIGH,,openfoodfacts,https://world.openfoodfacts.org/product/6297000999821,controlled-lexicon-composition v1 (no free machine translation),
00000000180351,Slices Bread Wholemeal,Lulu,لولو,لولو شرائح خبز حبوب كاملة,GCC,unknown,100,AUTO_SAFE,HIGH,,openfoodfacts,https://world.openfoodfacts.org/product/00180351,controlled-lexicon-composition v1 (no free machine translation),
00012000063466,Mirinda mini citrus zero sugar,,ميرندا,ميرندا ميني حمضيات زيرو سكر,SA,Beverages,,AUTO_SAFE,HIGH,,openfoodfacts,https://world.openfoodfacts.org/product/0012000063466,controlled-lexicon-composition v1 (no free machine translation),
00709993323218,Nature land white beans,,نيتشرلاند,نيتشرلاند أبيض فاصوليا,SA,Canned foods,,AUTO_SAFE,HIGH,,openfoodfacts,https://world.openfoodfacts.org/product/0709993323218,controlled-lexicon-composition v1 (no free machine translation),
06251897001128,Sour Super Green Apple,,,حامض سوبر أخضر تفاح,GCC,unknown,250,AUTO_SAFE,HIGH,,openfoodfacts,https://world.openfoodfacts.org/product/6251897001128,controlled-lexicon-composition v1 (no free machine translation),
06281014002752,Peanut butter 800gm goody,Goody,قودي,قودي زبدة فول سوداني,SA,unknown,32,AUTO_SAFE,HIGH,,openfoodfacts,https://world.openfoodfacts.org/product/6281014002752,controlled-lexicon-composition v1 (no free machine translation),
06281018172680,Greek yoghurt,,,يوناني زبادي,SA,unknown,,AUTO_SAFE,HIGH,,openfoodfacts,https://world.openfoodfacts.org/product/6281018172680,controlled-lexicon-composition v1 (no free machine translation),
06281022118247,Activia peach and apricot full fat,,أكتيفيا,أكتيفيا كامل الدسم خوخ مشمش,SA,unknown,,AUTO_SAFE,HIGH,,openfoodfacts,https://world.openfoodfacts.org/product/6281022118247,controlled-lexicon-composition v1 (no free machine translation),
06281057090006,Nadec fresh labneh full fat,,نادك,نادك كامل الدسم طازج لبنة,SA,unknown,,AUTO_SAFE,HIGH,,openfoodfacts,https://world.openfoodfacts.org/product/6281057090006,controlled-lexicon-composition v1 (no free machine translation),
06281063223078,Orient gardens whole kernel sweet sweet corn,,,حبّ كامل ذرة حلوة شرقي حدائق حلو,SA,unknown,,AUTO_SAFE,HIGH,,openfoodfacts,https://world.openfoodfacts.org/product/6281063223078,controlled-lexicon-composition v1 (no free machine translation),
06281063450030,Freshly natural sliced mushroom,,فريشلي,فريشلي طبيعي شرائح فطر,SA,Cans-food,,AUTO_SAFE,HIGH,,openfoodfacts,https://world.openfoodfacts.org/product/6281063450030,controlled-lexicon-composition v1 (no free machine translation),
06281063632115,Freshly sliced pineapple in light syrup,,فريشلي,فريشلي شرائح أناناس لايت شراب,SA,Cans-food,,AUTO_SAFE,HIGH,,openfoodfacts,https://world.openfoodfacts.org/product/6281063632115,controlled-lexicon-composition v1 (no free machine translation),
06281100500575,Cheddar shredded,,,شيدر مبشور,SA,unknown,,AUTO_SAFE,HIGH,,openfoodfacts,https://world.openfoodfacts.org/product/6281100500575,controlled-lexicon-composition v1 (no free machine translation),
06281106250368,Chocolate dates,,,شوكولاتة تمر,SA,unknown,,AUTO_SAFE,HIGH,,openfoodfacts,https://world.openfoodfacts.org/product/6281106250368,controlled-lexicon-composition v1 (no free machine translation),
06294001800279,Galaxy crispy,Galaxy,جالاكسي,جالاكسي مقرمش,GCC,unknown,36,AUTO_SAFE,HIGH,,openfoodfacts,https://world.openfoodfacts.org/product/6294001800279,controlled-lexicon-composition v1 (no free machine translation),
06294003557300,Nestle Cerelac Wheat and Honey,,سيريلاك,سيريلاك قمح عسل,GCC,unknown,,AUTO_SAFE,HIGH,,openfoodfacts,https://world.openfoodfacts.org/product/6294003557300,controlled-lexicon-composition v1 (no free machine translation),
00054881017787,Cardamom Tea,,,هيل شاي,GCC,ar:شاي,,AUTO_SAFE,HIGH,,openfoodfacts,https://world.openfoodfacts.org/product/0054881017787,controlled-lexicon-composition v1 (no free machine translation),
03073781010725,Kiri spread cream cheese,,كيري,كيري سبريد قشطة جبن,GCC,Cheese spreads,,AUTO_SAFE,HIGH,,openfoodfacts,https://world.openfoodfacts.org/product/3073781010725,controlled-lexicon-composition v1 (no free machine translation),
03272770014298,Le Cream Cheese,Elle & Vire,ال آند فير,ال آند فير قشطة جبن,GCC,Cream cheeses,,AUTO_SAFE,HIGH,,openfoodfacts,https://world.openfoodfacts.org/product/3272770014298,controlled-lexicon-composition v1 (no free machine translation),
06281018143741,Nada greek yoghurt,Nada,ندى,ندى يوناني زبادي,GCC,Yogurt drinks,330,AUTO_SAFE,HIGH,,openfoodfacts,https://world.openfoodfacts.org/product/6281018143741,controlled-lexicon-composition v1 (no free machine translation),
06281022115710,Alsafi flavored laban strawberry,,الصافي,الصافي بنكهة لبن فراولة,SA,unknown,,AUTO_SAFE,HIGH,,openfoodfacts,https://world.openfoodfacts.org/product/6281022115710,controlled-lexicon-composition v1 (no free machine translation),
06281022123128,Activia kefir blueberry,,أكتيفيا,أكتيفيا كفير توت أزرق,SA,Dairies,,AUTO_SAFE,HIGH,,openfoodfacts,https://world.openfoodfacts.org/product/6281022123128,controlled-lexicon-composition v1 (no free machine translation),
06281034016210,Rani Mango Juice,Rani,راني,راني مانجو عصير,SA,Fruit-based beverages,200,AUTO_SAFE,HIGH,,openfoodfacts,https://world.openfoodfacts.org/product/6281034016210,controlled-lexicon-composition v1 (no free machine translation),
06281034908577,Barbican peach flavour,,باربيكان,باربيكان خوخ نكهة,SA,Beverages,,AUTO_SAFE,HIGH,,openfoodfacts,https://world.openfoodfacts.org/product/6281034908577,controlled-lexicon-composition v1 (no free machine translation),
06281036560209,Doritos sweet chili pepper,,دوريتوس,دوريتوس حلو شطة فلفل,SA,Corn chips,,AUTO_SAFE,HIGH,,openfoodfacts,https://world.openfoodfacts.org/product/6281036560209,controlled-lexicon-composition v1 (no free machine translation),
06281039122015,Saudia low fat milk,,السعودية,السعودية قليل الدسم حليب,SA,Milks,,AUTO_SAFE,HIGH,,openfoodfacts,https://world.openfoodfacts.org/product/6281039122015,controlled-lexicon-composition v1 (no free machine translation),
06281057018369,Nadec kefir yogurt,,نادك,نادك كفير زبادي,SA,Dairies,,AUTO_SAFE,HIGH,,openfoodfacts,https://world.openfoodfacts.org/product/6281057018369,controlled-lexicon-composition v1 (no free machine translation),
06281063600046,Orient gardens strawberry pie filling,,,شرقي حدائق فراولة فطيرة حشوة,SA,unknown,,AUTO_SAFE,HIGH,,openfoodfacts,https://world.openfoodfacts.org/product/6281063600046,controlled-lexicon-composition v1 (no free machine translation),
06281063632207,Freshly mango slices in syrup,,فريشلي,فريشلي مانجو شرائح شراب,SA,Cans-food,,AUTO_SAFE,HIGH,,openfoodfacts,https://world.openfoodfacts.org/product/6281063632207,controlled-lexicon-composition v1 (no free machine translation),
06281123035016,Maamoul date cookie,,,معمول تمر كوكيز,SA,unknown,,AUTO_SAFE,HIGH,,openfoodfacts,https://world.openfoodfacts.org/product/6281123035016,controlled-lexicon-composition v1 (no free machine translation),
06291003000010,Milk & Honey Biscuits,Tiffany,تيفاني,تيفاني حليب عسل بسكويت,GCC,unknown,40,AUTO_SAFE,HIGH,,openfoodfacts,https://world.openfoodfacts.org/product/6291003000010,controlled-lexicon-composition v1 (no free machine translation),
06291031000747,Greek yogurt,,,يوناني زبادي,GCC,Yogurts,,AUTO_SAFE,HIGH,,openfoodfacts,https://world.openfoodfacts.org/product/6291031000747,controlled-lexicon-composition v1 (no free machine translation),
06291056000784,Low Fat Milk,Al Ain Farms,العين,العين قليل الدسم حليب,GCC,unknown,100,AUTO_SAFE,HIGH,,openfoodfacts,https://world.openfoodfacts.org/product/6291056000784,controlled-lexicon-composition v1 (no free machine translation),
06294007302043,Milk Chocolate with Pistachio,,,حليب شوكولاتة فستق,GCC,unknown,,AUTO_SAFE,HIGH,,openfoodfacts,https://world.openfoodfacts.org/product/6294007302043,controlled-lexicon-composition v1 (no free machine translation),
06294011693908,Peanut Butter,LuLu,لولو,لولو زبدة فول سوداني,GCC,unknown,32,AUTO_SAFE,HIGH,,openfoodfacts,https://world.openfoodfacts.org/product/6294011693908,controlled-lexicon-composition v1 (no free machine translation),
06294017139837,Pistachio Kunafa,Kitkat,كيت كات,كيت كات فستق كنافة,GCC,unknown,16.6,AUTO_SAFE,HIGH,,openfoodfacts,https://world.openfoodfacts.org/product/6294017139837,controlled-lexicon-composition v1 (no free machine translation),
06295151300763,White meat tuna,Afia,عافية,عافية أبيض لحم تونة,GCC,unknown,100,AUTO_SAFE,HIGH,,openfoodfacts,https://world.openfoodfacts.org/product/6295151300763,controlled-lexicon-composition v1 (no free machine translation),
06297000670447,Balade farms feta cheese thyme,,مزارع بلدي,مزارع بلدي فيتا جبن زعتر,SA,unknown,,AUTO_SAFE,HIGH,,openfoodfacts,https://world.openfoodfacts.org/product/6297000670447,controlled-lexicon-composition v1 (no free machine translation),
06300900234197,Fresh Yoghurt (Full Fat),Baladna,بلدنا,بلدنا كامل الدسم طازج زبادي,GCC,Cow milk yogurts,100,AUTO_SAFE,HIGH,,openfoodfacts,https://world.openfoodfacts.org/product/6300900234197,controlled-lexicon-composition v1 (no free machine translation),
00032894010667,Sliced Pineapple (in light syrup),California Garden,كاليفورنيا جاردن,كاليفورنيا جاردن شرائح أناناس لايت شراب,GCC,Pineapple-in-syrup,100,AUTO_SAFE,HIGH,,openfoodfacts,https://world.openfoodfacts.org/product/0032894010667,controlled-lexicon-composition v1 (no free machine translation),
05000159462037,Snickers Ice Cream,Snickers,سنيكرز,سنيكرز آيس كريم,GCC,Ice cream bars,73,AUTO_SAFE,HIGH,,openfoodfacts,https://world.openfoodfacts.org/product/5000159462037,controlled-lexicon-composition v1 (no free machine translation),
05449000304148,Fanta strawberry,,فانتا,فانتا فراولة,SA,Beverages,,AUTO_SAFE,HIGH,,openfoodfacts,https://world.openfoodfacts.org/product/5449000304148,controlled-lexicon-composition v1 (no free machine translation),
05711953001406,Cooking Cream 1l,Puck,بوك,بوك طبخ قشطة,SA,unknown,,AUTO_SAFE,HIGH,,openfoodfacts,https://world.openfoodfacts.org/product/5711953001406,controlled-lexicon-composition v1 (no free machine translation),
05711953175978,Chocolate milk with sweetener,Galaxy,جالاكسي,جالاكسي شوكولاتة حليب محلّي,GCC,unknown,,AUTO_SAFE,HIGH,,openfoodfacts,https://world.openfoodfacts.org/product/5711953175978,controlled-lexicon-composition v1 (no free machine translation),
06084012090253,Kraft cheddar cheese spread original,Kraft,كرافت,كرافت جبن شيدر سبريد أصلي,SA,Cow cheeses,,AUTO_SAFE,HIGH,,openfoodfacts,https://world.openfoodfacts.org/product/6084012090253,controlled-lexicon-composition v1 (no free machine translation),
06253808661537,Blueberry Muffin,Qbake,كيو بيك,كيو بيك توت أزرق مافن,GCC,unknown,100,AUTO_SAFE,HIGH,,openfoodfacts,https://world.openfoodfacts.org/product/6253808661537,controlled-lexicon-composition v1 (no free machine translation),
06281007023955,Cream Cheese,Almarai,المراعي,المراعي قشطة جبن,GCC,Cheeses,100,AUTO_SAFE,HIGH,,openfoodfacts,https://world.openfoodfacts.org/product/6281007023955,controlled-lexicon-composition v1 (no free machine translation),
06281016590318,Popcorn cheese flavor,,,فشار جبن نكهة,SA,Popcorn,,AUTO_SAFE,HIGH,,openfoodfacts,https://world.openfoodfacts.org/product/6281016590318,controlled-lexicon-composition v1 (no free machine translation),
06281020174900,Luna iced coffee protein caramel,,لونا,لونا مثلج قهوة بروتين كراميل,SA,unknown,,AUTO_SAFE,HIGH,,openfoodfacts,https://world.openfoodfacts.org/product/6281020174900,controlled-lexicon-composition v1 (no free machine translation),
06281063632092,Freshly creamy style corn,,فريشلي,فريشلي كريمي ستايل ذرة,SA,Cans-food,,AUTO_SAFE,HIGH,,openfoodfacts,https://world.openfoodfacts.org/product/6281063632092,controlled-lexicon-composition v1 (no free machine translation),
06281105473065,Sesame biscuits,Ulker,أولكر,أولكر سمسم بسكويت,SA,Sesame,29,AUTO_SAFE,HIGH,,openfoodfacts,https://world.openfoodfacts.org/product/6281105473065,controlled-lexicon-composition v1 (no free machine translation),
06285572001271,Lemon and mint sparkling drink,,,ليمون نعناع فوّار شراب,SA,unknown,,AUTO_SAFE,HIGH,,openfoodfacts,https://world.openfoodfacts.org/product/6285572001271,controlled-lexicon-composition v1 (no free machine translation),
06285602012949,Deemah french cheese,,ديمة,ديمة فرنسي جبن,SA,Chips,,AUTO_SAFE,HIGH,,openfoodfacts,https://world.openfoodfacts.org/product/6285602012949,controlled-lexicon-composition v1 (no free machine translation),
06290090003003,Salad Cream,Heinz,هاينز,هاينز سلطة قشطة,GCC,Salad dressings,,AUTO_SAFE,HIGH,,openfoodfacts,https://world.openfoodfacts.org/product/6290090003003,controlled-lexicon-composition v1 (no free machine translation),
06291011061133,Chocolate Date Almond,Chocodate,تشوكوديت,تشوكوديت شوكولاتة تمر لوز,GCC,unknown,12.5,AUTO_SAFE,HIGH,,openfoodfacts,https://world.openfoodfacts.org/product/6291011061133,controlled-lexicon-composition v1 (no free machine translation),
06297000747705,Barbican malt beverage apple flavor,,باربيكان,باربيكان شعير مشروب تفاح نكهة,SA,unknown,,AUTO_SAFE,HIGH,,openfoodfacts,https://world.openfoodfacts.org/product/6297000747705,controlled-lexicon-composition v1 (no free machine translation),
07340001805642,WHITE CHOCOLATE ALMOND,Barebells,بيربلز,بيربلز أبيض شوكولاتة لوز,GCC,unknown,55,AUTO_SAFE,HIGH,,openfoodfacts,https://world.openfoodfacts.org/product/7340001805642,controlled-lexicon-composition v1 (no free machine translation),
08445291773080,Cereal almond& choco 350gm Nestle,,نستله,نستله حبوب إفطار لوز شوكولاتة,SA,Oat,100,AUTO_SAFE,HIGH,,openfoodfacts,https://world.openfoodfacts.org/product/8445291773080,controlled-lexicon-composition v1 (no free machine translation),
09415007021711,Anchor Milk Powder,Anchor,أنكور,أنكور حليب بودرة,SA,unknown,,AUTO_SAFE,HIGH,,openfoodfacts,https://world.openfoodfacts.org/product/9415007021711,controlled-lexicon-composition v1 (no free machine translation),
09504000343804,Flavored Yoghurt (Strawberry) (Low Fat),Mazzraty,مزرعتي,مزرعتي قليل الدسم بنكهة زبادي فراولة,GCC,Flavoured yogurts,100,AUTO_SAFE,HIGH,,openfoodfacts,https://world.openfoodfacts.org/product/9504000343804,controlled-lexicon-composition v1 (no free machine translation),
09556001600806,Maggi Ketchup tomato 475g,Maggi,ماجي,ماجي كاتشب طماطم,GCC,Ketchup,,AUTO_SAFE,HIGH,,openfoodfacts,https://world.openfoodfacts.org/product/9556001600806,controlled-lexicon-composition v1 (no free machine translation),
