gtin,name_en,brand_en,brand_ar_proposed,arabic_search_alias,market,category,serving_size,tier,confidence,unknown_terms,source,source_url,method,notes
00000000117494,Hight-Protein Cottage Cheese,Piatnica,,بروتين قريش جبن,GCC,unknown,200,REVIEW_UNKNOWN_TERMS,LOW,hight,openfoodfacts,https://world.openfoodfacts.org/product/00117494,controlled-lexicon-composition v1 (no free machine translation),مصطلح غير مغطّى بالمعجم
00022929429915,Quinoa Cakes,Lestello,,كينوا,SA,unknown,7.9,REVIEW_UNKNOWN_TERMS,LOW,cakes,openfoodfacts,https://world.openfoodfacts.org/product/0022929429915,controlled-lexicon-composition v1 (no free machine translation),مصطلح غير مغطّى بالمعجم
00041570120651,Lait d'amande,Almond Breeze,,,GCC,Almond-based drinks,,REVIEW_UNKNOWN_TERMS,LOW,lait;amande,openfoodfacts,https://world.openfoodfacts.org/product/0041570120651,controlled-lexicon-composition v1 (no free machine translation),مصطلح غير مغطّى بالمعجم
00055773080179,mccain Crinkle cut fries 1yr 6mons,McCain,,بطاطس مقلية,GCC,unknown,100,REVIEW_UNKNOWN_TERMS,LOW,crinkle;cut;yr;mons,openfoodfacts,https://world.openfoodfacts.org/product/0055773080179,controlled-lexicon-composition v1 (no free machine translation),مصطلح غير مغطّى بالمعجم
00627531014476,Chocolate Mint Whey - Revolution Nutrtion,Revolution Nutrition,,شوكولاتة نعناع واي,GCC,unknown,33,REVIEW_UNKNOWN_TERMS,LOW,revolution;nutrtion,openfoodfacts,https://world.openfoodfacts.org/product/0627531014476,controlled-lexicon-composition v1 (no free machine translation),مصطلح غير مغطّى بالمعجم
00627735267845,Great Value Gummy Bears - Great Value,Great Value,جريت فاليو,جريت فاليو,GCC,unknown,40,REVIEW_UNKNOWN_TERMS,LOW,gummy;bears,openfoodfacts,https://world.openfoodfacts.org/product/0627735267845,controlled-lexicon-composition v1 (no free machine translation),مصطلح غير مغطّى بالمعجم
00627788000796,Poulet général tao,Dr Isabelle,,,GCC,unknown,350,REVIEW_UNKNOWN_TERMS,LOW,poulet;ral;tao,openfoodfacts,https://world.openfoodfacts.org/product/0627788000796,controlled-lexicon-composition v1 (no free machine translation),مصطلح غير مغطّى بالمعجم
00627987018530,Protein Pancake & Waffle Mix Vanilla,Flourish,,بروتين بان كيك مشكل فانيلا,GCC,Pancake mixes,75,REVIEW_UNKNOWN_TERMS,LOW,waffle,openfoodfacts,https://world.openfoodfacts.org/product/0627987018530,controlled-lexicon-composition v1 (no free machine translation),مصطلح غير مغطّى بالمعجم
00628634616086,Hardcore Pré Workout,Berserk,,,SA,unknown,11,REVIEW_UNKNOWN_TERMS,LOW,hardcore;pr;workout,openfoodfacts,https://world.openfoodfacts.org/product/0628634616086,controlled-lexicon-composition v1 (no free machine translation),مصطلح غير مغطّى بالمعجم
00628942158995,Toaster Pastries,Flings,,,SA,Toaster pastries,55,REVIEW_UNKNOWN_TERMS,LOW,toaster;pastries,openfoodfacts,https://world.openfoodfacts.org/product/0628942158995,controlled-lexicon-composition v1 (no free machine translation),مصطلح غير مغطّى بالمعجم
00661706215015,Double Chocolate Cookie,Freakin’ Healthy Kids,,شوكولاتة كوكيز,GCC,unknown,14,REVIEW_UNKNOWN_TERMS,LOW,double,openfoodfacts,https://world.openfoodfacts.org/product/0661706215015,controlled-lexicon-composition v1 (no free machine translation),مصطلح غير مغطّى بالمعجم
00732542001589,Shredded Thin Dough,AlKaramah,,مبشور عجينة,GCC,Frozen phyllo dough,50,REVIEW_UNKNOWN_TERMS,LOW,thin,openfoodfacts,https://world.openfoodfacts.org/product/0732542001589,controlled-lexicon-composition v1 (no free machine translation),مصطلح غير مغطّى بالمعجم
00753035118188,CHOCOLATE BROWNIE,Light Whey,,شوكولاتة براوني,GCC,unknown,73,REVIEW_BRAND_UNMAPPED,LOW,,openfoodfacts,https://world.openfoodfacts.org/product/0753035118188,controlled-lexicon-composition v1 (no free machine translation),علامة بلا مقابل عربي متحقَّق
00810014671352,Nutricost whey protein isolate chocolate pb 907g,Nutricost,,واي بروتين آيزوليت شوكولاتة,SA,unknown,39,REVIEW_UNKNOWN_TERMS,LOW,pb,openfoodfacts,https://world.openfoodfacts.org/product/0810014671352,controlled-lexicon-composition v1 (no free machine translation),مصطلح غير مغطّى بالمعجم
01302371760002,Rostad Lök,Ikea,,,GCC,Fried onions,,REVIEW_UNKNOWN_TERMS,LOW,rostad,openfoodfacts,https://world.openfoodfacts.org/product/1302371760002,controlled-lexicon-composition v1 (no free machine translation),مصطلح غير مغطّى بالمعجم
03033710061983,Nestle chocapic strong chocolate taste,,نستله,نستله شوكولاتة نكهة,GCC,Unfilled breakfast chocolate cereals fortified with vitamins and chemical elements,30,REVIEW_UNKNOWN_TERMS,LOW,chocapic;strong,openfoodfacts,https://world.openfoodfacts.org/product/3033710061983,controlled-lexicon-composition v1 (no free machine translation),مصطلح غير مغطّى بالمعجم
04001860148136,Iso Protein Dreamy Vanilla,Laperva,لابيرفا,لابيرفا بروتين فانيلا,SA,unknown,31,REVIEW_UNKNOWN_TERMS,LOW,iso;dreamy,openfoodfacts,https://world.openfoodfacts.org/product/4001860148136,controlled-lexicon-composition v1 (no free machine translation),مصطلح غير مغطّى بالمعجم
04008713712674,Poppins choco bits,,,شوكولاتة,SA,Cereals and their products,,REVIEW_UNKNOWN_TERMS,LOW,poppins;bits,openfoodfacts,https://world.openfoodfacts.org/product/4008713712674,controlled-lexicon-composition v1 (no free machine translation),مصطلح غير مغطّى بالمعجم
04210110803118,Doner Meat,Oz,,لحم,GCC,unknown,75,REVIEW_UNKNOWN_TERMS,LOW,doner,openfoodfacts,https://world.openfoodfacts.org/product/4210110803118,controlled-lexicon-composition v1 (no free machine translation),مصطلح غير مغطّى بالمعجم
05021638100820,Greek Style Natural,Rachel's,,يوناني ستايل طبيعي,GCC,Greek-style yogurts,100,REVIEW_BRAND_UNMAPPED,LOW,,openfoodfacts,https://world.openfoodfacts.org/product/5021638100820,controlled-lexicon-composition v1 (no free machine translation),علامة بلا مقابل عربي متحقَّق
05022019590209,Farms Elderflower & Rose Cordial,Belvoir,,مزارع,GCC,Cordials,,REVIEW_UNKNOWN_TERMS,LOW,elderflower;rose;cordial,openfoodfacts,https://world.openfoodfacts.org/product/5022019590209,controlled-lexicon-composition v1 (no free machine translation),مصطلح غير مغطّى بالمعجم
05060362070634,Plenish Organic Hazelnut Dairy Free Milk Alternative,PLENISH,,عضوي بندق حليب,GCC,Milk substitutes,,REVIEW_UNKNOWN_TERMS,LOW,dairy;free;alternative,openfoodfacts,https://world.openfoodfacts.org/product/5060362070634,controlled-lexicon-composition v1 (no free machine translation),مصطلح غير مغطّى بالمعجم
06073290030303,Skyr vanille,Siggi’s,,,GCC,unknown,140,REVIEW_UNKNOWN_TERMS,LOW,skyr;vanille,openfoodfacts,https://world.openfoodfacts.org/product/6073290030303,controlled-lexicon-composition v1 (no free machine translation),مصطلح غير مغطّى بالمعجم
06079324306826,Baiocchi,,,,GCC,unknown,,REVIEW_UNKNOWN_TERMS,LOW,baiocchi,openfoodfacts,https://world.openfoodfacts.org/product/6079324306826,controlled-lexicon-composition v1 (no free machine translation),مصطلح غير مغطّى بالمعجم
06081944074115,Streaky Bacon,Oakhurst,,,GCC,Bacon rashers,300,REVIEW_UNKNOWN_TERMS,LOW,streaky;bacon,openfoodfacts,https://world.openfoodfacts.org/product/6081944074115,controlled-lexicon-composition v1 (no free machine translation),مصطلح غير مغطّى بالمعجم
06081950003901,Gelato artigianale ARACHIDE,,,,GCC,unknown,,REVIEW_UNKNOWN_TERMS,LOW,gelato;artigianale;arachide,openfoodfacts,https://world.openfoodfacts.org/product/6081950003901,controlled-lexicon-composition v1 (no free machine translation),مصطلح غير مغطّى بالمعجم
06275000520450,Meat Arayes,Mawashi,,لحم,GCC,unknown,100,REVIEW_UNKNOWN_TERMS,LOW,arayes,openfoodfacts,https://world.openfoodfacts.org/product/6275000520450,controlled-lexicon-composition v1 (no free machine translation),مصطلح غير مغطّى بالمعجم
06281000010006,Zoi ice tea flavor lime ment,Zoi,,مثلج شاي نكهة ليمون أخضر,SA,unknown,100,REVIEW_UNKNOWN_TERMS,LOW,ment,openfoodfacts,https://world.openfoodfacts.org/product/6281000010006,controlled-lexicon-composition v1 (no free machine translation),مصطلح غير مغطّى بالمعجم
06281012047670,Sun lolly exotic,Sun Lolly,,,SA,unknown,,REVIEW_UNKNOWN_TERMS,LOW,exotic,openfoodfacts,https://world.openfoodfacts.org/product/6281012047670,controlled-lexicon-composition v1 (no free machine translation),مصطلح غير مغطّى بالمعجم
06281014003056,Welloo super clusters banana toffee,,,سوبر موز توفي,SA,Oat,,REVIEW_UNKNOWN_TERMS,LOW,welloo;clusters,openfoodfacts,https://world.openfoodfacts.org/product/6281014003056,controlled-lexicon-composition v1 (no free machine translation),مصطلح غير مغطّى بالمعجم
06281016012308,Albatal ridges hot shatta flavor,,البطل,البطل حار نكهة,SA,unknown,,REVIEW_UNKNOWN_TERMS,LOW,ridges;shatta,openfoodfacts,https://world.openfoodfacts.org/product/6281016012308,controlled-lexicon-composition v1 (no free machine translation),مصطلح غير مغطّى بالمعجم
06281016702261,Albatal burning hot,,البطل,البطل حار,SA,Chips,,REVIEW_UNKNOWN_TERMS,LOW,burning,openfoodfacts,https://world.openfoodfacts.org/product/6281016702261,controlled-lexicon-composition v1 (no free machine translation),مصطلح غير مغطّى بالمعجم
06281018130383,Yaourt grec,Nada,ندى,ندى,SA,Greek-style yogurts,100,REVIEW_UNKNOWN_TERMS,LOW,yaourt;grec,openfoodfacts,https://world.openfoodfacts.org/product/6281018130383,controlled-lexicon-composition v1 (no free machine translation),مصطلح غير مغطّى بالمعجم
06281018424819,Florida Natural Pure Orange Mango Juice,,,طبيعي نقي برتقال مانجو عصير,SA,unknown,,REVIEW_UNKNOWN_TERMS,LOW,florida,openfoodfacts,https://world.openfoodfacts.org/product/6281018424819,controlled-lexicon-composition v1 (no free machine translation),مصطلح غير مغطّى بالمعجم
06281036028235,Lay’s crispz chili,,,شطة,SA,unknown,30,REVIEW_UNKNOWN_TERMS,LOW,lay;crispz,openfoodfacts,https://world.openfoodfacts.org/product/6281036028235,controlled-lexicon-composition v1 (no free machine translation),مصطلح غير مغطّى بالمعجم
06281058140199,Fifa orange,,,برتقال,SA,Beverages,,REVIEW_UNKNOWN_TERMS,LOW,fifa,openfoodfacts,https://world.openfoodfacts.org/product/6281058140199,controlled-lexicon-composition v1 (no free machine translation),مصطلح غير مغطّى بالمعجم
06281058290276,Code red zero sugar energy drink,Code Red,,زيرو سكر طاقة شراب,SA,unknown,100,REVIEW_BRAND_UNMAPPED,LOW,,openfoodfacts,https://world.openfoodfacts.org/product/6281058290276,controlled-lexicon-composition v1 (no free machine translation),علامة بلا مقابل عربي متحقَّق
06281063460954,Orient gardens chopped tomatoes with onion and garlic,,,شرقي حدائق طماطم بصل ثوم,SA,Cans-food,,REVIEW_UNKNOWN_TERMS,LOW,chopped,openfoodfacts,https://world.openfoodfacts.org/product/6281063460954,controlled-lexicon-composition v1 (no free machine translation),مصطلح غير مغطّى بالمعجم
06281063462750,Peanut butter Lite,Orient Gardens,,زبدة فول سوداني لايت,SA,unknown,32,REVIEW_BRAND_UNMAPPED,LOW,,openfoodfacts,https://world.openfoodfacts.org/product/6281063462750,controlled-lexicon-composition v1 (no free machine translation),علامة بلا مقابل عربي متحقَّق
06281063633211,Makati jackfruit in syrup,Makati,,شراب,SA,unknown,,REVIEW_UNKNOWN_TERMS,LOW,jackfruit,openfoodfacts,https://world.openfoodfacts.org/product/6281063633211,controlled-lexicon-composition v1 (no free machine translation),مصطلح غير مغطّى بالمعجم
06281100350156,Ulker Halley,Ülker,أولكر,أولكر,SA,Peeled-roasted-chestnuts,,REVIEW_UNKNOWN_TERMS,LOW,halley,openfoodfacts,https://world.openfoodfacts.org/product/6281100350156,controlled-lexicon-composition v1 (no free machine translation),مصطلح غير مغطّى بالمعجم
06281100362531,Spinach Tortilla Wraps,Yaumi,,تورتيلا,GCC,unknown,100,REVIEW_UNKNOWN_TERMS,LOW,spinach;wraps,openfoodfacts,https://world.openfoodfacts.org/product/6281100362531,controlled-lexicon-composition v1 (no free machine translation),مصطلح غير مغطّى بالمعجم
06281100514817,Original Mango chunks,Original,,مانجو,SA,unknown,,REVIEW_UNKNOWN_TERMS,LOW,chunks,openfoodfacts,https://world.openfoodfacts.org/product/6281100514817,controlled-lexicon-composition v1 (no free machine translation),مصطلح غير مغطّى بالمعجم
06287001563060,HIGH PROTEIN SLICED BREAD,AL HATAB BAKERY,,عالي البروتين شرائح خبز,SA,unknown,40,REVIEW_BRAND_UNMAPPED,LOW,,openfoodfacts,https://world.openfoodfacts.org/product/6287001563060,controlled-lexicon-composition v1 (no free machine translation),علامة بلا مقابل عربي متحقَّق
06287005613129,Dattes SUKKARI Rutab,,,تمر,SA,Dates,,REVIEW_UNKNOWN_TERMS,LOW,sukkari;rutab,openfoodfacts,https://world.openfoodfacts.org/product/6287005613129,controlled-lexicon-composition v1 (no free machine translation),مصطلح غير مغطّى بالمعجم
06287009831659,Energy balls,Nayla,,طاقة,GCC,unknown,20,REVIEW_UNKNOWN_TERMS,LOW,balls,openfoodfacts,https://world.openfoodfacts.org/product/6287009831659,controlled-lexicon-composition v1 (no free machine translation),مصطلح غير مغطّى بالمعجم
06287009833967,Ajwa Dates,Nakheel alya,,عجوة تمر,SA,unknown,30,REVIEW_BRAND_UNMAPPED,LOW,,openfoodfacts,https://world.openfoodfacts.org/product/6287009833967,controlled-lexicon-composition v1 (no free machine translation),علامة بلا مقابل عربي متحقَّق
06287014280565,Fairco potato sticks flamin hot,,,بطاطس أصابع حار,SA,unknown,,REVIEW_UNKNOWN_TERMS,LOW,fairco;flamin,openfoodfacts,https://world.openfoodfacts.org/product/6287014280565,controlled-lexicon-composition v1 (no free machine translation),مصطلح غير مغطّى بالمعجم
06287014440570,Sorrah Fried Onions,Sirrah,,مقلي,SA,unknown,100,REVIEW_UNKNOWN_TERMS,LOW,sorrah;onions,openfoodfacts,https://world.openfoodfacts.org/product/6287014440570,controlled-lexicon-composition v1 (no free machine translation),مصطلح غير مغطّى بالمعجم
06287034100867,Kinza Carbonated Drink (Pomegranate) 250ml,Kinza,كينزا,كينزا شراب رمان,GCC,Carbonated fruit soft drink,100,REVIEW_UNKNOWN_TERMS,LOW,carbonated,openfoodfacts,https://world.openfoodfacts.org/product/6287034100867,controlled-lexicon-composition v1 (no free machine translation),مصطلح غير مغطّى بالمعجم
06287043720056,Whole wheat large maamoul,,,قمح معمول,SA,unknown,55,REVIEW_UNKNOWN_TERMS,LOW,whole;large,openfoodfacts,https://world.openfoodfacts.org/product/6287043720056,controlled-lexicon-composition v1 (no free machine translation),مصطلح غير مغطّى بالمعجم
06287047770019,Potato Chips 60% Less Fats,Go Ships !,,بطاطس شيبس,SA,unknown,12,REVIEW_UNKNOWN_TERMS,LOW,less;fats,openfoodfacts,https://world.openfoodfacts.org/product/6287047770019,controlled-lexicon-composition v1 (no free machine translation),مصطلح غير مغطّى بالمعجم
06290050412708,Crunchy muesli,Kellogg's,,مقرمش,GCC,Mueslis with fruits,,REVIEW_UNKNOWN_TERMS,LOW,muesli,openfoodfacts,https://world.openfoodfacts.org/product/6290050412708,controlled-lexicon-composition v1 (no free machine translation),مصطلح غير مغطّى بالمعجم
06290361532430,0% Fat Greek Yogurt,Hayatna,,يوناني زبادي,GCC,unknown,120,REVIEW_UNKNOWN_TERMS,LOW,fat,openfoodfacts,https://world.openfoodfacts.org/product/6290361532430,controlled-lexicon-composition v1 (no free machine translation),مصطلح غير مغطّى بالمعجم
06291003003219,Creams Coconut,Tiffany,تيفاني,تيفاني جوز الهند,GCC,Biscuits,,REVIEW_UNKNOWN_TERMS,LOW,creams,openfoodfacts,https://world.openfoodfacts.org/product/6291003003219,controlled-lexicon-composition v1 (no free machine translation),مصطلح غير مغطّى بالمعجم
06291003099069,Evens Vanilla Sandwich,Igloo,,فانيلا ساندويتش,GCC,Ice cream sandwiches,55,REVIEW_UNKNOWN_TERMS,LOW,evens,openfoodfacts,https://world.openfoodfacts.org/product/6291003099069,controlled-lexicon-composition v1 (no free machine translation),مصطلح غير مغطّى بالمعجم
06291003636332,Peanut Power,Yonkers,,فول سوداني,GCC,unknown,16,REVIEW_UNKNOWN_TERMS,LOW,power,openfoodfacts,https://world.openfoodfacts.org/product/6291003636332,controlled-lexicon-composition v1 (no free machine translation),مصطلح غير مغطّى بالمعجم
06291011008138,XL tomato ketchup,,,طماطم كاتشب,SA,Chips,,REVIEW_UNKNOWN_TERMS,LOW,xl,openfoodfacts,https://world.openfoodfacts.org/product/6291011008138,controlled-lexicon-composition v1 (no free machine translation),مصطلح غير مغطّى بالمعجم
06291014102895,Salted Mix,Best,,مملّح مشكل,GCC,unknown,30,REVIEW_BRAND_UNMAPPED,LOW,,openfoodfacts,https://world.openfoodfacts.org/product/6291014102895,controlled-lexicon-composition v1 (no free machine translation),علامة بلا مقابل عربي متحقَّق
06291052303117,Prime Beef Pepperoni Slices,Prime,,لحم بقري شرائح,GCC,unknown,100,REVIEW_UNKNOWN_TERMS,LOW,pepperoni,openfoodfacts,https://world.openfoodfacts.org/product/6291052303117,controlled-lexicon-composition v1 (no free machine translation),مصطلح غير مغطّى بالمعجم
06291079225348,Whole Kernel Corn,FarmFresh,,حبّ كامل ذرة,GCC,unknown,130,REVIEW_BRAND_UNMAPPED,LOW,,openfoodfacts,https://world.openfoodfacts.org/product/6291079225348,controlled-lexicon-composition v1 (no free machine translation),علامة بلا مقابل عربي متحقَّق
06291104284609,Organic All Purpose Flour,Organic Lander,,عضوي دقيق,SA,unknown,100,REVIEW_UNKNOWN_TERMS,LOW,all;purpose,openfoodfacts,https://world.openfoodfacts.org/product/6291104284609,controlled-lexicon-composition v1 (no free machine translation),مصطلح غير مغطّى بالمعجم
06291105690041,dark chocolate,Betty Croker,,داكن شوكولاتة,SA,unknown,,REVIEW_BRAND_UNMAPPED,LOW,,openfoodfacts,https://world.openfoodfacts.org/product/6291105690041,controlled-lexicon-composition v1 (no free machine translation),علامة بلا مقابل عربي متحقَّق
06291108557365,Quinoa Cereal Flakes With Honey And Almond,Mr. Flakes,,كينوا حبوب إفطار رقائق عسل لوز,GCC,unknown,,REVIEW_BRAND_UNMAPPED,LOW,,openfoodfacts,https://world.openfoodfacts.org/product/6291108557365,controlled-lexicon-composition v1 (no free machine translation),علامة بلا مقابل عربي متحقَّق
06294003571009,Kit Kat 5F Coconut Chocolate 40 GR,Kit Kat,,جوز الهند شوكولاتة,GCC,unknown,,REVIEW_BRAND_UNMAPPED,LOW,,openfoodfacts,https://world.openfoodfacts.org/product/6294003571009,controlled-lexicon-composition v1 (no free machine translation),علامة بلا مقابل عربي متحقَّق
06294003589394,Maggi cheesy bechamil,,ماجي,ماجي,SA,Soups,,REVIEW_UNKNOWN_TERMS,LOW,cheesy;bechamil,openfoodfacts,https://world.openfoodfacts.org/product/6294003589394,controlled-lexicon-composition v1 (no free machine translation),مصطلح غير مغطّى بالمعجم
06294003598976,Caramel crisp,Nestlé,نستله,نستله كراميل,GCC,unknown,,REVIEW_UNKNOWN_TERMS,LOW,crisp,openfoodfacts,https://world.openfoodfacts.org/product/6294003598976,controlled-lexicon-composition v1 (no free machine translation),مصطلح غير مغطّى بالمعجم
06294007310055,Whole Milk,Al Nassma,,حليب كامل الدسم,GCC,unknown,100,REVIEW_BRAND_UNMAPPED,LOW,,openfoodfacts,https://world.openfoodfacts.org/product/6294007310055,controlled-lexicon-composition v1 (no free machine translation),علامة بلا مقابل عربي متحقَّق
06294017138144,Magi truffle mushroom soup,,,ترافل فطر شوربة,GCC,Soups,,REVIEW_UNKNOWN_TERMS,LOW,magi,openfoodfacts,https://world.openfoodfacts.org/product/6294017138144,controlled-lexicon-composition v1 (no free machine translation),مصطلح غير مغطّى بالمعجم
06297000139890,Alrawi yogurt,,,زبادي,GCC,Whole milk yogurts,,REVIEW_UNKNOWN_TERMS,LOW,alrawi,openfoodfacts,https://world.openfoodfacts.org/product/6297000139890,controlled-lexicon-composition v1 (no free machine translation),مصطلح غير مغطّى بالمعجم
06297001393130,Switch Plant-based Soujuk,Switch Foods International LLC,,نباتي,GCC,unknown,90,REVIEW_UNKNOWN_TERMS,LOW,switch;based;soujuk,openfoodfacts,https://world.openfoodfacts.org/product/6297001393130,controlled-lexicon-composition v1 (no free machine translation),مصطلح غير مغطّى بالمعجم
06299200000031,Tortilla Chips,Mu Cha Chos,,تورتيلا شيبس,GCC,unknown,100,REVIEW_BRAND_UNMAPPED,LOW,,openfoodfacts,https://world.openfoodfacts.org/product/6299200000031,controlled-lexicon-composition v1 (no free machine translation),علامة بلا مقابل عربي متحقَّق
06300900083191,Low Fat Yogurt with Pomegranate Fruits & Chia Seeds,Raw'a,,قليل الدسم زبادي رمان فواكه شيا بذور,GCC,Multifruit yoghurts,150,REVIEW_BRAND_UNMAPPED,LOW,,openfoodfacts,https://world.openfoodfacts.org/product/6300900083191,controlled-lexicon-composition v1 (no free machine translation),علامة بلا مقابل عربي متحقَّق
06300900101185,Greek Yogurt Drink,Al Wajba,,يوناني زبادي شراب,GCC,unknown,100,REVIEW_BRAND_UNMAPPED,LOW,,openfoodfacts,https://world.openfoodfacts.org/product/6300900101185,controlled-lexicon-composition v1 (no free machine translation),علامة بلا مقابل عربي متحقَّق
06306136350649,eau aromatisée saveur peche,,,,GCC,unknown,,REVIEW_UNKNOWN_TERMS,LOW,eau;aromatis;saveur;peche,openfoodfacts,https://world.openfoodfacts.org/product/6306136350649,controlled-lexicon-composition v1 (no free machine translation),مصطلح غير مغطّى بالمعجم
06308700003203,Pão integral - Santa Maria - Santa Maria,,,,GCC,unknown,50,REVIEW_UNKNOWN_TERMS,LOW,integral;santa;maria;santa;maria,openfoodfacts,https://world.openfoodfacts.org/product/6308700003203,controlled-lexicon-composition v1 (no free machine translation),مصطلح غير مغطّى بالمعجم
06947929617176,franzzi dark choco,Franzzi,,داكن شوكولاتة,SA,unknown,12,REVIEW_BRAND_UNMAPPED,LOW,,openfoodfacts,https://world.openfoodfacts.org/product/6947929617176,controlled-lexicon-composition v1 (no free machine translation),علامة بلا مقابل عربي متحقَّق
07613039459515,GALAK Renne 88g,Nestlé,نستله,نستله,GCC,Chocolate candies,17.6,REVIEW_UNKNOWN_TERMS,LOW,galak;renne,openfoodfacts,https://world.openfoodfacts.org/product/7613039459515,controlled-lexicon-composition v1 (no free machine translation),مصطلح غير مغطّى بالمعجم
08019428004080,Bio Rice Drink Coconut,The Bridge,,عضوي أرز شراب جوز الهند,GCC,Rice-based drinks,250,REVIEW_BRAND_UNMAPPED,LOW,,openfoodfacts,https://world.openfoodfacts.org/product/8019428004080,controlled-lexicon-composition v1 (no free machine translation),علامة بلا مقابل عربي متحقَّق
08020999010134,Breasola Pro 25g,Panzers,,,GCC,Italian meat products,100,REVIEW_UNKNOWN_TERMS,LOW,breasola;pro,openfoodfacts,https://world.openfoodfacts.org/product/8020999010134,controlled-lexicon-composition v1 (no free machine translation),مصطلح غير مغطّى بالمعجم
08044190063430,Chocolate Ice Cream,Dandy,,آيس كريم شوكولاتة,GCC,unknown,51,REVIEW_BRAND_UNMAPPED,LOW,,openfoodfacts,https://world.openfoodfacts.org/product/8044190063430,controlled-lexicon-composition v1 (no free machine translation),علامة بلا مقابل عربي متحقَّق
08996001526309,Spaghetti Bolognese,Wow Pasta,,سباغيتي,SA,unknown,94,REVIEW_UNKNOWN_TERMS,LOW,bolognese,openfoodfacts,https://world.openfoodfacts.org/product/8996001526309,controlled-lexicon-composition v1 (no free machine translation),مصطلح غير مغطّى بالمعجم
09349664002557,ICING POWDER MONKFRUIT SWEETENER,LAKANTO,,بودرة محلّي,SA,unknown,100,REVIEW_UNKNOWN_TERMS,LOW,icing;monkfruit,openfoodfacts,https://world.openfoodfacts.org/product/9349664002557,controlled-lexicon-composition v1 (no free machine translation),مصطلح غير مغطّى بالمعجم
00038000317101,Frosted strawberry toaster pastries,Kellogg's,,فراولة,GCC,Toaster pastries,52,REVIEW_UNKNOWN_TERMS,LOW,frosted;toaster;pastries,openfoodfacts,https://world.openfoodfacts.org/product/0038000317101,controlled-lexicon-composition v1 (no free machine translation),مصطلح غير مغطّى بالمعجم
00617950200055,Ultra Maist Chocolate Cake mix,Ultra Maist,,شوكولاتة كيك مشكل,GCC,unknown,100,REVIEW_BRAND_UNMAPPED,LOW,,openfoodfacts,https://world.openfoodfacts.org/product/0617950200055,controlled-lexicon-composition v1 (no free machine translation),علامة بلا مقابل عربي متحقَّق
00628011283092,organic overnight muesli,HOLOS,,عضوي,SA,unknown,90,REVIEW_UNKNOWN_TERMS,LOW,overnight;muesli,openfoodfacts,https://world.openfoodfacts.org/product/0628011283092,controlled-lexicon-composition v1 (no free machine translation),مصطلح غير مغطّى بالمعجم
00628678203501,goodprotein All-in-One Shake,goodprotein,,شيك,SA,Protein-supplement,44,REVIEW_UNKNOWN_TERMS,LOW,all,openfoodfacts,https://world.openfoodfacts.org/product/0628678203501,controlled-lexicon-composition v1 (no free machine translation),مصطلح غير مغطّى بالمعجم
00628678440814,Roasted Broadbeans Salt & Pepper,go! beanz,,محمّص ملح فلفل,SA,unknown,28,REVIEW_UNKNOWN_TERMS,LOW,broadbeans,openfoodfacts,https://world.openfoodfacts.org/product/0628678440814,controlled-lexicon-composition v1 (no free machine translation),مصطلح غير مغطّى بالمعجم
00649762928629,Flour Tortillas,Mexicana Made in UAE,,دقيق,GCC,unknown,100,REVIEW_UNKNOWN_TERMS,LOW,tortillas,openfoodfacts,https://world.openfoodfacts.org/product/0649762928629,controlled-lexicon-composition v1 (no free machine translation),مصطلح غير مغطّى بالمعجم
00745760171101,Agege classic Milk Loaf,Family,,كلاسيك حليب,GCC,unknown,100,REVIEW_UNKNOWN_TERMS,LOW,agege;loaf,openfoodfacts,https://world.openfoodfacts.org/product/0745760171101,controlled-lexicon-composition v1 (no free machine translation),مصطلح غير مغطّى بالمعجم
00807176703724,Seasoned seaweed,Bibigo,,متبّل,GCC,Dried seaweeds,4,REVIEW_UNKNOWN_TERMS,LOW,seaweed,openfoodfacts,https://world.openfoodfacts.org/product/0807176703724,controlled-lexicon-composition v1 (no free machine translation),مصطلح غير مغطّى بالمعجم
00814646005240,Hayat white oats instant oat flakes for soup,,,أبيض شوفان سريع التحضير شوفان رقائق شوربة,SA,Oat,,REVIEW_UNKNOWN_TERMS,LOW,hayat,openfoodfacts,https://world.openfoodfacts.org/product/0814646005240,controlled-lexicon-composition v1 (no free machine translation),مصطلح غير مغطّى بالمعجم
03168930162636,Lay’s stax chili,,,شطة,SA,unknown,,REVIEW_UNKNOWN_TERMS,LOW,lay;stax,openfoodfacts,https://world.openfoodfacts.org/product/3168930162636,controlled-lexicon-composition v1 (no free machine translation),مصطلح غير مغطّى بالمعجم
03254471007045,green giant Seeet corn 340g alphamed,Green Giant,,ذرة,GCC,unknown,,REVIEW_UNKNOWN_TERMS,LOW,seeet;alphamed,openfoodfacts,https://world.openfoodfacts.org/product/3254471007045,controlled-lexicon-composition v1 (no free machine translation),مصطلح غير مغطّى بالمعجم
03451790408892,Le Beurre Tendre plaquette Demi-Sel,Elle & Vire,ال آند فير,ال آند فير,GCC,Half-salted butter,10,REVIEW_UNKNOWN_TERMS,LOW,beurre;tendre;plaquette;demi;sel,openfoodfacts,https://world.openfoodfacts.org/product/3451790408892,controlled-lexicon-composition v1 (no free machine translation),مصطلح غير مغطّى بالمعجم
03451790887260,La Crème Legere 12% MG,Elle & Vire,ال آند فير,ال آند فير,GCC,fr:cremes-cuisson,30,REVIEW_UNKNOWN_TERMS,LOW,cr;me;legere;mg,openfoodfacts,https://world.openfoodfacts.org/product/3451790887260,controlled-lexicon-composition v1 (no free machine translation),مصطلح غير مغطّى بالمعجم
03560070841936,Pate Feuilleté,Carrefour,كارفور,كارفور,GCC,unknown,230,REVIEW_UNKNOWN_TERMS,LOW,pate;feuillet,openfoodfacts,https://world.openfoodfacts.org/product/3560070841936,controlled-lexicon-composition v1 (no free machine translation),مصطلح غير مغطّى بالمعجم
03770001910000,Bee Zen Pêche & Miel,Bee Zen,,,GCC,Tea-based beverages,250,REVIEW_UNKNOWN_TERMS,LOW,che;miel,openfoodfacts,https://world.openfoodfacts.org/product/3770001910000,controlled-lexicon-composition v1 (no free machine translation),مصطلح غير مغطّى بالمعجم
04607084352320,Choco Pie Raspverry,Orion,,شوكولاتة فطيرة,GCC,unknown,30,REVIEW_UNKNOWN_TERMS,LOW,raspverry,openfoodfacts,https://world.openfoodfacts.org/product/4607084352320,controlled-lexicon-composition v1 (no free machine translation),مصطلح غير مغطّى بالمعجم
04779039730351,Baked Beans,Auga,,فاصوليا,GCC,Baked beans in tomato sauce,,REVIEW_UNKNOWN_TERMS,LOW,baked,openfoodfacts,https://world.openfoodfacts.org/product/4779039730351,controlled-lexicon-composition v1 (no free machine translation),مصطلح غير مغطّى بالمعجم
04800216110014,Clover chips cheesier,,,شيبس,GCC,unknown,,REVIEW_UNKNOWN_TERMS,LOW,clover;cheesier,openfoodfacts,https://world.openfoodfacts.org/product/4800216110014,controlled-lexicon-composition v1 (no free machine translation),مصطلح غير مغطّى بالمعجم
04901335708516,Polinky Light Corn Snacks,Koikeya,,لايت ذرة,GCC,unknown,55,REVIEW_UNKNOWN_TERMS,LOW,polinky;snacks,openfoodfacts,https://world.openfoodfacts.org/product/4901335708516,controlled-lexicon-composition v1 (no free machine translation),مصطلح غير مغطّى بالمعجم
05010044010922,Wholemeal Bread,Warburtons,,حبوب كاملة خبز,GCC,unknown,44.8,REVIEW_BRAND_UNMAPPED,LOW,,openfoodfacts,https://world.openfoodfacts.org/product/5010044010922,controlled-lexicon-composition v1 (no free machine translation),علامة بلا مقابل عربي متحقَّق
05056555210680,ABE Ultimate Pre-workout,ABE (All Black Everything) By Applied Nutrition,,,GCC,unknown,12.5,REVIEW_UNKNOWN_TERMS,LOW,abe;ultimate;pre;workout,openfoodfacts,https://world.openfoodfacts.org/product/5056555210680,controlled-lexicon-composition v1 (no free machine translation),مصطلح غير مغطّى بالمعجم
05056784901069,Monster Energy Rio Punch,Monster Energy,,,GCC,unknown,500,REVIEW_UNKNOWN_TERMS,LOW,rio;punch,openfoodfacts,https://world.openfoodfacts.org/product/5056784901069,controlled-lexicon-composition v1 (no free machine translation),مصطلح غير مغطّى بالمعجم
05059883237541,Impact Whey Protein Vanilla,MYPROTIEN,,واي بروتين فانيلا,GCC,unknown,25,REVIEW_UNKNOWN_TERMS,LOW,impact,openfoodfacts,https://world.openfoodfacts.org/product/5059883237541,controlled-lexicon-composition v1 (no free machine translation),مصطلح غير مغطّى بالمعجم
05391532121703,Fulfil chocolate hazrlnut whip,FULFIL,,شوكولاتة,GCC,unknown,,REVIEW_UNKNOWN_TERMS,LOW,hazrlnut;whip,openfoodfacts,https://world.openfoodfacts.org/product/5391532121703,controlled-lexicon-composition v1 (no free machine translation),مصطلح غير مغطّى بالمعجم
05413121372447,Belgian white chocolate,,,أبيض شوكولاتة,SA,Chocolates,,REVIEW_UNKNOWN_TERMS,LOW,belgian,openfoodfacts,https://world.openfoodfacts.org/product/5413121372447,controlled-lexicon-composition v1 (no free machine translation),مصطلح غير مغطّى بالمعجم
05701215058415,Epinard feuilles entières,Emborg,إمبورج,إمبورج,GCC,Frozen spinachs,100,REVIEW_UNKNOWN_TERMS,LOW,epinard;feuilles;enti;res,openfoodfacts,https://world.openfoodfacts.org/product/5701215058415,controlled-lexicon-composition v1 (no free machine translation),مصطلح غير مغطّى بالمعجم
05906063863833,PROTEINE COOKIE DOUGH,YAVA LABS,,كوكيز عجينة,SA,unknown,40,REVIEW_UNKNOWN_TERMS,LOW,proteine,openfoodfacts,https://world.openfoodfacts.org/product/5906063863833,controlled-lexicon-composition v1 (no free machine translation),مصطلح غير مغطّى بالمعجم
06075949870001,Crotin chavignol,Carrefour,كارفور,كارفور,GCC,unknown,60,REVIEW_UNKNOWN_TERMS,LOW,crotin;chavignol,openfoodfacts,https://world.openfoodfacts.org/product/6075949870001,controlled-lexicon-composition v1 (no free machine translation),مصطلح غير مغطّى بالمعجم
06077040015077,Moelleux au chocolat,Alsa,,شوكولاتة,GCC,Dairy chocolate desserts,,REVIEW_UNKNOWN_TERMS,LOW,moelleux;au,openfoodfacts,https://world.openfoodfacts.org/product/6077040015077,controlled-lexicon-composition v1 (no free machine translation),مصطلح غير مغطّى بالمعجم
06079840521581,Piccolini mini penne rigate,Barilla,باريلا,باريلا ميني بيني,GCC,unknown,125,REVIEW_UNKNOWN_TERMS,LOW,piccolini;rigate,openfoodfacts,https://world.openfoodfacts.org/product/6079840521581,controlled-lexicon-composition v1 (no free machine translation),مصطلح غير مغطّى بالمعجم
06084010840027,Popcorn sea salt,SAM'S,,فشار بحري ملح,GCC,unknown,,REVIEW_BRAND_UNMAPPED,LOW,,openfoodfacts,https://world.openfoodfacts.org/product/6084010840027,controlled-lexicon-composition v1 (no free machine translation),علامة بلا مقابل عربي متحقَّق
06084010990807,Diet beef burger,ALZAEEM,,دايت لحم بقري برجر,GCC,unknown,,REVIEW_BRAND_UNMAPPED,LOW,,openfoodfacts,https://world.openfoodfacts.org/product/6084010990807,controlled-lexicon-composition v1 (no free machine translation),علامة بلا مقابل عربي متحقَّق
06271002122012,Royal yogurt,KDD,كي دي دي,كي دي دي زبادي,GCC,Yogurts,180,REVIEW_UNKNOWN_TERMS,LOW,royal,openfoodfacts,https://world.openfoodfacts.org/product/6271002122012,controlled-lexicon-composition v1 (no free machine translation),مصطلح غير مغطّى بالمعجم
06280110451211,Pomegranate Molasses,Alsohul,,رمان,SA,unknown,20,REVIEW_UNKNOWN_TERMS,LOW,molasses,openfoodfacts,https://world.openfoodfacts.org/product/6280110451211,controlled-lexicon-composition v1 (no free machine translation),مصطلح غير مغطّى بالمعجم
06281007025447,Thick cream Analogue,Almarai,المراعي,المراعي قشطة,GCC,unknown,,REVIEW_UNKNOWN_TERMS,LOW,thick;analogue,openfoodfacts,https://world.openfoodfacts.org/product/6281007025447,controlled-lexicon-composition v1 (no free machine translation),مصطلح غير مغطّى بالمعجم
06281018316862,Greek Labnah,Nada,ندى,ندى يوناني,GCC,unknown,100,REVIEW_UNKNOWN_TERMS,LOW,labnah,openfoodfacts,https://world.openfoodfacts.org/product/6281018316862,controlled-lexicon-composition v1 (no free machine translation),مصطلح غير مغطّى بالمعجم
06281022110098,Alsafi ayran authentic recipe,,الصافي,الصافي عيران وصفة,GCC,Ayran,100,REVIEW_UNKNOWN_TERMS,LOW,authentic,openfoodfacts,https://world.openfoodfacts.org/product/6281022110098,controlled-lexicon-composition v1 (no free machine translation),مصطلح غير مغطّى بالمعجم
06281022111392,Dano peach,Danao,,خوخ,SA,unknown,180,REVIEW_UNKNOWN_TERMS,LOW,dano,openfoodfacts,https://world.openfoodfacts.org/product/6281022111392,controlled-lexicon-composition v1 (no free machine translation),مصطلح غير مغطّى بالمعجم
06281033317226,Fresh brown rusks,Americana Quality,أمريكانا,أمريكانا طازج بني,SA,Biscuits,,REVIEW_UNKNOWN_TERMS,LOW,rusks,openfoodfacts,https://world.openfoodfacts.org/product/6281033317226,controlled-lexicon-composition v1 (no free machine translation),مصطلح غير مغطّى بالمعجم
06281036002020,Lay’s chili,,,شطة,GCC,unknown,,REVIEW_UNKNOWN_TERMS,LOW,lay,openfoodfacts,https://world.openfoodfacts.org/product/6281036002020,controlled-lexicon-composition v1 (no free machine translation),مصطلح غير مغطّى بالمعجم
06281050031969,Nuggests,Americana Craves,أمريكانا,أمريكانا,GCC,unknown,100,REVIEW_UNKNOWN_TERMS,LOW,nuggests,openfoodfacts,https://world.openfoodfacts.org/product/6281050031969,controlled-lexicon-composition v1 (no free machine translation),مصطلح غير مغطّى بالمعجم
06281055001981,Hanaa oats granola tutti frutti,Hanaa,,شوفان جرانولا,SA,Oat,,REVIEW_UNKNOWN_TERMS,LOW,tutti;frutti,openfoodfacts,https://world.openfoodfacts.org/product/6281055001981,controlled-lexicon-composition v1 (no free machine translation),مصطلح غير مغطّى بالمعجم
06281058179830,Code red focus energy drink 330ml,Code Red,,طاقة شراب,SA,unknown,100,REVIEW_UNKNOWN_TERMS,LOW,focus,openfoodfacts,https://world.openfoodfacts.org/product/6281058179830,controlled-lexicon-composition v1 (no free machine translation),مصطلح غير مغطّى بالمعجم
06281060103663,Caesar orang juice,,قيصر,قيصر عصير,SA,unknown,,REVIEW_UNKNOWN_TERMS,LOW,orang,openfoodfacts,https://world.openfoodfacts.org/product/6281060103663,controlled-lexicon-composition v1 (no free machine translation),مصطلح غير مغطّى بالمعجم
06281060781311,Bison energy drink,Bison,,طاقة شراب,SA,unknown,100,REVIEW_BRAND_UNMAPPED,LOW,,openfoodfacts,https://world.openfoodfacts.org/product/6281060781311,controlled-lexicon-composition v1 (no free machine translation),علامة بلا مقابل عربي متحقَّق
06281063222637,1k Island,Orient Gardens,,,SA,unknown,14,REVIEW_UNKNOWN_TERMS,LOW,island,openfoodfacts,https://world.openfoodfacts.org/product/6281063222637,controlled-lexicon-composition v1 (no free machine translation),مصطلح غير مغطّى بالمعجم
06281063461296,Orient gardens garbanzo chickpeas,,,شرقي حدائق حمص,SA,unknown,,REVIEW_UNKNOWN_TERMS,LOW,garbanzo,openfoodfacts,https://world.openfoodfacts.org/product/6281063461296,controlled-lexicon-composition v1 (no free machine translation),مصطلح غير مغطّى بالمعجم
06281063883210,Freshly double chocolate syrup,,فريشلي,فريشلي شوكولاتة شراب,SA,unknown,,REVIEW_UNKNOWN_TERMS,LOW,double,openfoodfacts,https://world.openfoodfacts.org/product/6281063883210,controlled-lexicon-composition v1 (no free machine translation),مصطلح غير مغطّى بالمعجم
06281071111169,Marami potato chips ketchup,,,بطاطس شيبس كاتشب,SA,unknown,,REVIEW_UNKNOWN_TERMS,LOW,marami,openfoodfacts,https://world.openfoodfacts.org/product/6281071111169,controlled-lexicon-composition v1 (no free machine translation),مصطلح غير مغطّى بالمعجم
06281100029366,Mayonnaise,Baidar,,مايونيز,SA,unknown,15,REVIEW_BRAND_UNMAPPED,LOW,,openfoodfacts,https://world.openfoodfacts.org/product/6281100029366,controlled-lexicon-composition v1 (no free machine translation),علامة بلا مقابل عربي متحقَّق
06281100031369,Rana Italian peeled tomatoes in tomato juice,,,طماطم طماطم عصير,SA,Cans-food,,REVIEW_UNKNOWN_TERMS,LOW,rana;italian;peeled,openfoodfacts,https://world.openfoodfacts.org/product/6281100031369,controlled-lexicon-composition v1 (no free machine translation),مصطلح غير مغطّى بالمعجم
06281100517153,Cobra classic energy drink,,,كلاسيك طاقة شراب,GCC,unknown,,REVIEW_UNKNOWN_TERMS,LOW,cobra,openfoodfacts,https://world.openfoodfacts.org/product/6281100517153,controlled-lexicon-composition v1 (no free machine translation),مصطلح غير مغطّى بالمعجم
06281118781089,Sukkary,,,,SA,unknown,,REVIEW_UNKNOWN_TERMS,LOW,sukkary,openfoodfacts,https://world.openfoodfacts.org/product/6281118781089,controlled-lexicon-composition v1 (no free machine translation),مصطلح غير مغطّى بالمعجم
06281168001793,Lipton Ice Tea (pear & Peach,Lipton,ليبتون,ليبتون مثلج شاي خوخ,SA,unknown,,REVIEW_UNKNOWN_TERMS,LOW,pear,openfoodfacts,https://world.openfoodfacts.org/product/6281168001793,controlled-lexicon-composition v1 (no free machine translation),مصطلح غير مغطّى بالمعجم
06281803401001,Reem sweet kernel corn,,,حلو حبّ ذرة,SA,unknown,,REVIEW_UNKNOWN_TERMS,LOW,reem,openfoodfacts,https://world.openfoodfacts.org/product/6281803401001,controlled-lexicon-composition v1 (no free machine translation),مصطلح غير مغطّى بالمعجم
06287001562247,Molina Sweet,Alhatab,,حلو,SA,unknown,100,REVIEW_UNKNOWN_TERMS,LOW,molina,openfoodfacts,https://world.openfoodfacts.org/product/6287001562247,controlled-lexicon-composition v1 (no free machine translation),مصطلح غير مغطّى بالمعجم
06287006941825,Kitco mexita sweet chili pepper,,كيتكو,كيتكو حلو شطة فلفل,GCC,Crisps,25,REVIEW_UNKNOWN_TERMS,LOW,mexita,openfoodfacts,https://world.openfoodfacts.org/product/6287006941825,controlled-lexicon-composition v1 (no free machine translation),مصطلح غير مغطّى بالمعجم
06287008680050,Dattes Sukari La Succulente,Tamra,,تمر,SA,Dates,,REVIEW_UNKNOWN_TERMS,LOW,sukari;succulente,openfoodfacts,https://world.openfoodfacts.org/product/6287008680050,controlled-lexicon-composition v1 (no free machine translation),مصطلح غير مغطّى بالمعجم
06287018651156,Peanut Butter,REGANO,,زبدة فول سوداني,SA,unknown,100,REVIEW_BRAND_UNMAPPED,LOW,,openfoodfacts,https://world.openfoodfacts.org/product/6287018651156,controlled-lexicon-composition v1 (no free machine translation),علامة بلا مقابل عربي متحقَّق
06288004000507,Mabroom Dates,Milaf,,تمر,SA,unknown,,REVIEW_UNKNOWN_TERMS,LOW,mabroom,openfoodfacts,https://world.openfoodfacts.org/product/6288004000507,controlled-lexicon-composition v1 (no free machine translation),مصطلح غير مغطّى بالمعجم
06289427793748,Mini King Oyster Mushroom,Mount Kumgang,,ميني فطر,SA,unknown,100,REVIEW_UNKNOWN_TERMS,LOW,king;oyster,openfoodfacts,https://world.openfoodfacts.org/product/6289427793748,controlled-lexicon-composition v1 (no free machine translation),مصطلح غير مغطّى بالمعجم
06290361984451,Frozen Ice Greek (Strawberry & Honey),Barakat,,مجمّد مثلج يوناني فراولة عسل,GCC,unknown,80,REVIEW_BRAND_UNMAPPED,LOW,,openfoodfacts,https://world.openfoodfacts.org/product/6290361984451,controlled-lexicon-composition v1 (no free machine translation),علامة بلا مقابل عربي متحقَّق
06291003192326,Tomato Ketchup,Hayat,,طماطم كاتشب,GCC,unknown,15,REVIEW_BRAND_UNMAPPED,LOW,,openfoodfacts,https://world.openfoodfacts.org/product/6291003192326,controlled-lexicon-composition v1 (no free machine translation),علامة بلا مقابل عربي متحقَّق
06291100213344,Uea Crown Date 1Kg,,,تمر,GCC,unknown,,REVIEW_UNKNOWN_TERMS,LOW,uea;crown,openfoodfacts,https://world.openfoodfacts.org/product/6291100213344,controlled-lexicon-composition v1 (no free machine translation),مصطلح غير مغطّى بالمعجم
06291103750129,Raita Masala,,,ماسالا,GCC,unknown,,REVIEW_UNKNOWN_TERMS,LOW,raita,openfoodfacts,https://world.openfoodfacts.org/product/6291103750129,controlled-lexicon-composition v1 (no free machine translation),مصطلح غير مغطّى بالمعجم
06291104289314,Organic BBQ Classic Sauce,Organic Larder,أورجانيك لاردر,أورجانيك لاردر عضوي كلاسيك صلصة,GCC,unknown,30,REVIEW_UNKNOWN_TERMS,LOW,bbq,openfoodfacts,https://world.openfoodfacts.org/product/6291104289314,controlled-lexicon-composition v1 (no free machine translation),مصطلح غير مغطّى بالمعجم
06291108070376,Crispy Oats Cereal Cranberry,,,مقرمش شوفان حبوب إفطار,GCC,Plant-based foods and beverages,,REVIEW_UNKNOWN_TERMS,LOW,cranberry,openfoodfacts,https://world.openfoodfacts.org/product/6291108070376,controlled-lexicon-composition v1 (no free machine translation),مصطلح غير مغطّى بالمعجم
06291681402311,Dubai chocolaté pistachio,,,شوكولاتة فستق,GCC,unknown,,REVIEW_UNKNOWN_TERMS,LOW,dubai,openfoodfacts,https://world.openfoodfacts.org/product/6291681402311,controlled-lexicon-composition v1 (no free machine translation),مصطلح غير مغطّى بالمعجم
06294017516713,Beef Cocktail Sausages,Butchero,,لحم بقري كوكتيل,GCC,unknown,100,REVIEW_UNKNOWN_TERMS,LOW,sausages,openfoodfacts,https://world.openfoodfacts.org/product/6294017516713,controlled-lexicon-composition v1 (no free machine translation),مصطلح غير مغطّى بالمعجم
06295134114318,Pain arabe,ROYAL BAKERS,,,GCC,unknown,,REVIEW_UNKNOWN_TERMS,LOW,pain;arabe,openfoodfacts,https://world.openfoodfacts.org/product/6295134114318,controlled-lexicon-composition v1 (no free machine translation),مصطلح غير مغطّى بالمعجم
06295151960493,Organic Fresh Milk,Meliha,,حليب طازج عضوي,GCC,unknown,100,REVIEW_BRAND_UNMAPPED,LOW,,openfoodfacts,https://world.openfoodfacts.org/product/6295151960493,controlled-lexicon-composition v1 (no free machine translation),علامة بلا مقابل عربي متحقَّق
06297000395456,Atlantic Smoked Salmon Skinless,,,مدخّن سلمون بلا جلد,GCC,Fishes,,REVIEW_UNKNOWN_TERMS,LOW,atlantic,openfoodfacts,https://world.openfoodfacts.org/product/6297000395456,controlled-lexicon-composition v1 (no free machine translation),مصطلح غير مغطّى بالمعجم
06297000589527,Idli Dosa Maavu (Batter),Chennai Star,,خليط,GCC,Wet dosa batter mixes,100,REVIEW_UNKNOWN_TERMS,LOW,idli;dosa;maavu,openfoodfacts,https://world.openfoodfacts.org/product/6297000589527,controlled-lexicon-composition v1 (no free machine translation),مصطلح غير مغطّى بالمعجم
06297000924106,Black Cool Mint,,,أسود نعناع,GCC,unknown,,REVIEW_UNKNOWN_TERMS,LOW,cool,openfoodfacts,https://world.openfoodfacts.org/product/6297000924106,controlled-lexicon-composition v1 (no free machine translation),مصطلح غير مغطّى بالمعجم
06298044126303,Keto Brownie,Keto Break,,كيتو براوني,GCC,unknown,70,REVIEW_BRAND_UNMAPPED,LOW,,openfoodfacts,https://world.openfoodfacts.org/product/6298044126303,controlled-lexicon-composition v1 (no free machine translation),علامة بلا مقابل عربي متحقَّق
06298044177282,Espresso Euphoria Protien Bar,Soul Pantry,,إسبريسو لوح,GCC,unknown,60,REVIEW_UNKNOWN_TERMS,LOW,euphoria;protien,openfoodfacts,https://world.openfoodfacts.org/product/6298044177282,controlled-lexicon-composition v1 (no free machine translation),مصطلح غير مغطّى بالمعجم
06299200063845,Green Smoothie,Cipri,,أخضر سموذي,GCC,unknown,,REVIEW_BRAND_UNMAPPED,LOW,,openfoodfacts,https://world.openfoodfacts.org/product/6299200063845,controlled-lexicon-composition v1 (no free machine translation),علامة بلا مقابل عربي متحقَّق
06970113724411,Little donkey happy popcorn fruity,,,فشار,SA,Chips,,REVIEW_UNKNOWN_TERMS,LOW,little;donkey;happy;fruity,openfoodfacts,https://world.openfoodfacts.org/product/6970113724411,controlled-lexicon-composition v1 (no free machine translation),مصطلح غير مغطّى بالمعجم
08723400772385,Fruittella Juicy Chews Bag,Fruitella,,كيس,GCC,unknown,4.1,REVIEW_UNKNOWN_TERMS,LOW,fruittella;juicy;chews,openfoodfacts,https://world.openfoodfacts.org/product/8723400772385,controlled-lexicon-composition v1 (no free machine translation),مصطلح غير مغطّى بالمعجم
08888056706518,Oriental Instant Noodles The Original Spicy Prawn Tom Yum Flavour,Koka,,سريع التحضير نودلز أصلي حار نكهة,GCC,unknown,,REVIEW_UNKNOWN_TERMS,LOW,oriental;prawn;tom;yum,openfoodfacts,https://world.openfoodfacts.org/product/8888056706518,controlled-lexicon-composition v1 (no free machine translation),مصطلح غير مغطّى بالمعجم
08901063151055,Britannia Toastea Wheat Rusk,BRITANNIA,بريتانيا,بريتانيا قمح,GCC,unknown,,REVIEW_UNKNOWN_TERMS,LOW,toastea;rusk,openfoodfacts,https://world.openfoodfacts.org/product/8901063151055,controlled-lexicon-composition v1 (no free machine translation),مصطلح غير مغطّى بالمعجم
08901709000426,Bobby Veal,Allana,,,GCC,Veal meat,100,REVIEW_UNKNOWN_TERMS,LOW,bobby;veal,openfoodfacts,https://world.openfoodfacts.org/product/8901709000426,controlled-lexicon-composition v1 (no free machine translation),مصطلح غير مغطّى بالمعجم
08906064701773,Crispy Ripe Jackfruit,KozhiKoden’s,,مقرمش,GCC,Vacuum-sealed,100,REVIEW_UNKNOWN_TERMS,LOW,ripe;jackfruit,openfoodfacts,https://world.openfoodfacts.org/product/8906064701773,controlled-lexicon-composition v1 (no free machine translation),مصطلح غير مغطّى بالمعجم
08936060460633,Organic White Rice Paper,Hoasua Foods,,عضوي أبيض أرز,GCC,unknown,100,REVIEW_UNKNOWN_TERMS,LOW,paper,openfoodfacts,https://world.openfoodfacts.org/product/8936060460633,controlled-lexicon-composition v1 (no free machine translation),مصطلح غير مغطّى بالمعجم
09000133145686,Milky Lux Burger Cheese Slices imp,Rupp,,برجر جبن شرائح,GCC,Cheeses,20,REVIEW_UNKNOWN_TERMS,LOW,milky;lux;imp,openfoodfacts,https://world.openfoodfacts.org/product/9000133145686,controlled-lexicon-composition v1 (no free machine translation),مصطلح غير مغطّى بالمعجم
09322248001283,OAT SLICE,ALL NATURAL BAKERY,,شوفان,GCC,unknown,,REVIEW_UNKNOWN_TERMS,LOW,slice,openfoodfacts,https://world.openfoodfacts.org/product/9322248001283,controlled-lexicon-composition v1 (no free machine translation),مصطلح غير مغطّى بالمعجم
09501100010223,Pofak oman,,,,GCC,Appetizers,,REVIEW_UNKNOWN_TERMS,LOW,pofak;oman,openfoodfacts,https://world.openfoodfacts.org/product/9501100010223,controlled-lexicon-composition v1 (no free machine translation),مصطلح غير مغطّى بالمعجم
26287375066796,PMP Blue Raspberry Stim Free,GAT Sport,,توت أحمر,SA,unknown,8,REVIEW_UNKNOWN_TERMS,LOW,pmp;blue;stim;free,openfoodfacts,https://world.openfoodfacts.org/product/26287375066796,controlled-lexicon-composition v1 (no free machine translation),مصطلح غير مغطّى بالمعجم
00017273502179,American garden topping and filling blackberry,,,حديقة توبينق حشوة,SA,Backing-and-dessert-topping,,REVIEW_UNKNOWN_TERMS,LOW,american;blackberry,openfoodfacts,https://world.openfoodfacts.org/product/0017273502179,controlled-lexicon-composition v1 (no free machine translation),مصطلح غير مغطّى بالمعجم
00072527260618,Roasted BBQ Chicken Bao,Little Bangkok,,محمّص دجاج,GCC,unknown,80,REVIEW_UNKNOWN_TERMS,LOW,bbq;bao,openfoodfacts,https://world.openfoodfacts.org/product/0072527260618,controlled-lexicon-composition v1 (no free machine translation),مصطلح غير مغطّى بالمعجم
00627735266015,English Muffins,Great Value,جريت فاليو,جريت فاليو,GCC,unknown,57,REVIEW_UNKNOWN_TERMS,LOW,english;muffins,openfoodfacts,https://world.openfoodfacts.org/product/0627735266015,controlled-lexicon-composition v1 (no free machine translation),مصطلح غير مغطّى بالمعجم
00628347300012,Barbacoa Sauce,La Pimenterie,,صلصة,GCC,unknown,30,REVIEW_UNKNOWN_TERMS,LOW,barbacoa,openfoodfacts,https://world.openfoodfacts.org/product/0628347300012,controlled-lexicon-composition v1 (no free machine translation),مصطلح غير مغطّى بالمعجم
00629025404565,Iögo flavoured pureed yogurt,iögo,,بنكهة زبادي,GCC,Yogurts,100,REVIEW_UNKNOWN_TERMS,LOW,pureed,openfoodfacts,https://world.openfoodfacts.org/product/0629025404565,controlled-lexicon-composition v1 (no free machine translation),مصطلح غير مغطّى بالمعجم
00691835710327,Moussy pineapple non alcoholic malt beverage,,موسي,موسي أناناس شعير مشروب,SA,unknown,,REVIEW_UNKNOWN_TERMS,LOW,no_alcoholic,openfoodfacts,https://world.openfoodfacts.org/product/0691835710327,controlled-lexicon-composition v1 (no free machine translation),مصطلح غير مغطّى بالمعجم
00734071264343,Whey Premium Protein Banofee Pie,Naughty Boy,,واي فاخر بروتين فطيرة,GCC,unknown,30,REVIEW_UNKNOWN_TERMS,LOW,banofee,openfoodfacts,https://world.openfoodfacts.org/product/0734071264343,controlled-lexicon-composition v1 (no free machine translation),مصطلح غير مغطّى بالمعجم
00795847884530,oatful OVERNIGHT OATS DARK CHOCO,oatful,,شوفان داكن شوكولاتة,GCC,unknown,240,REVIEW_UNKNOWN_TERMS,LOW,overnight,openfoodfacts,https://world.openfoodfacts.org/product/0795847884530,controlled-lexicon-composition v1 (no free machine translation),مصطلح غير مغطّى بالمعجم
00810116129003,Prime dragon fruit flavor,,,فواكه نكهة,SA,Hydration,,REVIEW_UNKNOWN_TERMS,LOW,prime;dragon,openfoodfacts,https://world.openfoodfacts.org/product/0810116129003,controlled-lexicon-composition v1 (no free machine translation),مصطلح غير مغطّى بالمعجم
03080216031248,Holsten black grape flavor,,,أسود عنب نكهة,SA,unknown,,REVIEW_UNKNOWN_TERMS,LOW,holsten,openfoodfacts,https://world.openfoodfacts.org/product/3080216031248,controlled-lexicon-composition v1 (no free machine translation),مصطلح غير مغطّى بالمعجم
03770032242668,Plant Protein,Rite,,نباتي بروتين,GCC,unknown,30,REVIEW_BRAND_UNMAPPED,LOW,,openfoodfacts,https://world.openfoodfacts.org/product/3770032242668,controlled-lexicon-composition v1 (no free machine translation),علامة بلا مقابل عربي متحقَّق
04003490090595,Bonny café latte,Bonny,,لاتيه,SA,unknown,,REVIEW_UNKNOWN_TERMS,LOW,caf,openfoodfacts,https://world.openfoodfacts.org/product/4003490090595,controlled-lexicon-composition v1 (no free machine translation),مصطلح غير مغطّى بالمعجم
04056489965022,Chocolate Rice Crackers,Sondey,,شوكولاتة أرز مقرمشات,GCC,unknown,100,REVIEW_BRAND_UNMAPPED,LOW,,openfoodfacts,https://world.openfoodfacts.org/product/4056489965022,controlled-lexicon-composition v1 (no free machine translation),علامة بلا مقابل عربي متحقَّق
04806514656797,Tipas Hopia Ube Ribbonette's,Buenas,,,GCC,unknown,42,REVIEW_UNKNOWN_TERMS,LOW,tipas;hopia;ube;ribbonette,openfoodfacts,https://world.openfoodfacts.org/product/4806514656797,controlled-lexicon-composition v1 (no free machine translation),مصطلح غير مغطّى بالمعجم
04820005195848,Dark Chocolate &quot,Millennium,,داكن شوكولاتة,GCC,Dark chocolates,,REVIEW_UNKNOWN_TERMS,LOW,quot,openfoodfacts,https://world.openfoodfacts.org/product/4820005195848,controlled-lexicon-composition v1 (no free machine translation),مصطلح غير مغطّى بالمعجم
05056086501592,Super Sour Hard Candy,Brain Blasters,,سوبر حامض حلوى,GCC,unknown,4,REVIEW_UNKNOWN_TERMS,LOW,hard,openfoodfacts,https://world.openfoodfacts.org/product/5056086501592,controlled-lexicon-composition v1 (no free machine translation),مصطلح غير مغطّى بالمعجم
05059319024448,Frosties,Kellog,,,GCC,Breakfast cereals,30,REVIEW_UNKNOWN_TERMS,LOW,frosties,openfoodfacts,https://world.openfoodfacts.org/product/5059319024448,controlled-lexicon-composition v1 (no free machine translation),مصطلح غير مغطّى بالمعجم
05060670992345,Spicy Chicken Delight Ramen Instant Noodles,Tabasco,,حار دجاج سريع التحضير نودلز,GCC,unknown,75,REVIEW_UNKNOWN_TERMS,LOW,delight;ramen,openfoodfacts,https://world.openfoodfacts.org/product/5060670992345,controlled-lexicon-composition v1 (no free machine translation),مصطلح غير مغطّى بالمعجم
05711953005237,Starbucks Chocolate mocha flavor,Starbucks,,شوكولاتة موكا نكهة,SA,unknown,,REVIEW_BRAND_UNMAPPED,LOW,,openfoodfacts,https://world.openfoodfacts.org/product/5711953005237,controlled-lexicon-composition v1 (no free machine translation),علامة بلا مقابل عربي متحقَّق
05901104004398,Organiczny Coconut Veganurt,VegupBIO,,جوز الهند,GCC,Non-dairy yogurts,,REVIEW_UNKNOWN_TERMS,LOW,organiczny;veganurt,openfoodfacts,https://world.openfoodfacts.org/product/5901104004398,controlled-lexicon-composition v1 (no free machine translation),مصطلح غير مغطّى بالمعجم
05901888023011,Cool Bottles imp,Dexters,,,SA,unknown,,REVIEW_UNKNOWN_TERMS,LOW,cool;bottles;imp,openfoodfacts,https://world.openfoodfacts.org/product/5901888023011,controlled-lexicon-composition v1 (no free machine translation),مصطلح غير مغطّى بالمعجم
05998207948421,Turkish Style Labneh,Imima Gardens,,تركي ستايل لبنة,GCC,unknown,100,REVIEW_BRAND_UNMAPPED,LOW,,openfoodfacts,https://world.openfoodfacts.org/product/5998207948421,controlled-lexicon-composition v1 (no free machine translation),علامة بلا مقابل عربي متحقَّق
06013915785737,Mango Yoghurt,Holland,,مانجو زبادي,GCC,unknown,150,REVIEW_BRAND_UNMAPPED,LOW,,openfoodfacts,https://world.openfoodfacts.org/product/6013915785737,controlled-lexicon-composition v1 (no free machine translation),علامة بلا مقابل عربي متحقَّق
06081944184081,Original Stackz,Snackrite,,أصلي,GCC,unknown,25,REVIEW_UNKNOWN_TERMS,LOW,stackz,openfoodfacts,https://world.openfoodfacts.org/product/6081944184081,controlled-lexicon-composition v1 (no free machine translation),مصطلح غير مغطّى بالمعجم
06081944555782,Strawberry Protein Yogurt Drink,Brooklea,,فراولة بروتين زبادي شراب,GCC,unknown,,REVIEW_BRAND_UNMAPPED,LOW,,openfoodfacts,https://world.openfoodfacts.org/product/6081944555782,controlled-lexicon-composition v1 (no free machine translation),علامة بلا مقابل عربي متحقَّق
06088640331856,Basi scottate di Pisa romana,,,,GCC,unknown,,REVIEW_UNKNOWN_TERMS,LOW,basi;scottate;di;pisa;romana,openfoodfacts,https://world.openfoodfacts.org/product/6088640331856,controlled-lexicon-composition v1 (no free machine translation),مصطلح غير مغطّى بالمعجم
06271002107774,Kdd double shot espresso coffee with milk,KDD,كي دي دي,كي دي دي إسبريسو قهوة حليب,SA,Coffees,,REVIEW_UNKNOWN_TERMS,LOW,double;shot,openfoodfacts,https://world.openfoodfacts.org/product/6271002107774,controlled-lexicon-composition v1 (no free machine translation),مصطلح غير مغطّى بالمعجم
06271008174503,Protein Puffs Cheese,Bliss,,بروتين نفخات جبن,GCC,unknown,54,REVIEW_BRAND_UNMAPPED,LOW,,openfoodfacts,https://world.openfoodfacts.org/product/6271008174503,controlled-lexicon-composition v1 (no free machine translation),علامة بلا مقابل عربي متحقَّق
06271101020042,Sea Salt and Balsamic Vinegar Chips,Hectare’s,,بحري ملح خل شيبس,GCC,unknown,150,REVIEW_UNKNOWN_TERMS,LOW,balsamic,openfoodfacts,https://world.openfoodfacts.org/product/6271101020042,controlled-lexicon-composition v1 (no free machine translation),مصطلح غير مغطّى بالمعجم
06279871420826,GoMatcha,,,,GCC,unknown,,REVIEW_UNKNOWN_TERMS,LOW,gomatcha,openfoodfacts,https://world.openfoodfacts.org/product/6279871420826,controlled-lexicon-composition v1 (no free machine translation),مصطلح غير مغطّى بالمعجم
06280550100281,Gelée de bleuets et citron,,,,SA,unknown,,REVIEW_UNKNOWN_TERMS,LOW,gel;bleuets;et;citron,openfoodfacts,https://world.openfoodfacts.org/product/6280550100281,controlled-lexicon-composition v1 (no free machine translation),مصطلح غير مغطّى بالمعجم
06281007036849,Sliced Bread Milk,l'usine,,شرائح خبز حليب,GCC,Sliced breads,30,REVIEW_BRAND_UNMAPPED,LOW,,openfoodfacts,https://world.openfoodfacts.org/product/6281007036849,controlled-lexicon-composition v1 (no free machine translation),علامة بلا مقابل عربي متحقَّق
06281014003063,Welloo super clusters honey pistachio,,,سوبر عسل فستق,SA,Oat,,REVIEW_UNKNOWN_TERMS,LOW,welloo;clusters,openfoodfacts,https://world.openfoodfacts.org/product/6281014003063,controlled-lexicon-composition v1 (no free machine translation),مصطلح غير مغطّى بالمعجم
06281014303149,Pesto alfredo,,,,SA,unknown,,REVIEW_UNKNOWN_TERMS,LOW,pesto;alfredo,openfoodfacts,https://world.openfoodfacts.org/product/6281014303149,controlled-lexicon-composition v1 (no free machine translation),مصطلح غير مغطّى بالمعجم
06281016012322,AL BATAL CHILLI LEMON FALVOR,,البطل,البطل شطة ليمون,SA,unknown,,REVIEW_UNKNOWN_TERMS,LOW,falvor,openfoodfacts,https://world.openfoodfacts.org/product/6281016012322,controlled-lexicon-composition v1 (no free machine translation),مصطلح غير مغطّى بالمعجم
06281016960494,Al batal ketchup & jalapeno flavor,,البطل,البطل كاتشب نكهة,SA,Potato crisps,12,REVIEW_UNKNOWN_TERMS,LOW,jalapeno,openfoodfacts,https://world.openfoodfacts.org/product/6281016960494,controlled-lexicon-composition v1 (no free machine translation),مصطلح غير مغطّى بالمعجم
06281018305842,Drinking Greek Yoghurt Blackberry & Raspberry with Mixed Fruits,Nada,ندى,ندى يوناني زبادي توت أحمر مشكل فواكه,SA,unknown,330,REVIEW_UNKNOWN_TERMS,LOW,drinking;blackberry,openfoodfacts,https://world.openfoodfacts.org/product/6281018305842,controlled-lexicon-composition v1 (no free machine translation),مصطلح غير مغطّى بالمعجم
06281020293236,Luna Sweetened Condensed Milk,Luna,لونا,لونا مكثّف حليب,GCC,Condensed milks,100,REVIEW_UNKNOWN_TERMS,LOW,sweetened,openfoodfacts,https://world.openfoodfacts.org/product/6281020293236,controlled-lexicon-composition v1 (no free machine translation),مصطلح غير مغطّى بالمعجم
06281022125344,Safi millk,,,,SA,Dairies,,REVIEW_UNKNOWN_TERMS,LOW,safi;millk,openfoodfacts,https://world.openfoodfacts.org/product/6281022125344,controlled-lexicon-composition v1 (no free machine translation),مصطلح غير مغطّى بالمعجم
06281022159172,Alsafi mgo aple,Al safi,الصافي,الصافي,SA,unknown,,REVIEW_UNKNOWN_TERMS,LOW,mgo;aple,openfoodfacts,https://world.openfoodfacts.org/product/6281022159172,controlled-lexicon-composition v1 (no free machine translation),مصطلح غير مغطّى بالمعجم
06281034913670,Barbican turbo,,باربيكان,باربيكان,SA,Beverages,,REVIEW_UNKNOWN_TERMS,LOW,turbo,openfoodfacts,https://world.openfoodfacts.org/product/6281034913670,controlled-lexicon-composition v1 (no free machine translation),مصطلح غير مغطّى بالمعجم
06281055002414,Hanaa oats quick cooking,,,شوفان طبخ,SA,Oat,,REVIEW_UNKNOWN_TERMS,LOW,hanaa;quick,openfoodfacts,https://world.openfoodfacts.org/product/6281055002414,controlled-lexicon-composition v1 (no free machine translation),مصطلح غير مغطّى بالمعجم
06281058048914,Stream,,,,SA,Beverages,,REVIEW_UNKNOWN_TERMS,LOW,stream,openfoodfacts,https://world.openfoodfacts.org/product/6281058048914,controlled-lexicon-composition v1 (no free machine translation),مصطلح غير مغطّى بالمعجم
06281063454441,Freshly natural truffle flavored extra virgin olive oil cooking spray non stick,,فريشلي,فريشلي زيت زيتون طبيعي ترافل بنكهة إكسترا طبخ خالي من إصبع,SA,Oil-spray,,REVIEW_UNKNOWN_TERMS,LOW,virgin;spray,openfoodfacts,https://world.openfoodfacts.org/product/6281063454441,controlled-lexicon-composition v1 (no free machine translation),مصطلح غير مغطّى بالمعجم
06281063460329,Pesto sauce,Orient Gardens,,صلصة,SA,unknown,,REVIEW_UNKNOWN_TERMS,LOW,pesto,openfoodfacts,https://world.openfoodfacts.org/product/6281063460329,controlled-lexicon-composition v1 (no free machine translation),مصطلح غير مغطّى بالمعجم
06281103690983,Hillsburg with Honey Flavour,,,عسل نكهة,SA,unknown,,REVIEW_UNKNOWN_TERMS,LOW,hillsburg,openfoodfacts,https://world.openfoodfacts.org/product/6281103690983,controlled-lexicon-composition v1 (no free machine translation),مصطلح غير مغطّى بالمعجم
06281804001262,Reem whole peeled tomatoes in tomato juice,,,طماطم طماطم عصير,SA,unknown,100,REVIEW_UNKNOWN_TERMS,LOW,reem;whole;peeled,openfoodfacts,https://world.openfoodfacts.org/product/6281804001262,controlled-lexicon-composition v1 (no free machine translation),مصطلح غير مغطّى بالمعجم
06285035010840,Assorted Baklawa,,,مشكل,SA,unknown,,REVIEW_UNKNOWN_TERMS,LOW,baklawa,openfoodfacts,https://world.openfoodfacts.org/product/6285035010840,controlled-lexicon-composition v1 (no free machine translation),مصطلح غير مغطّى بالمعجم
06285413000036,Dattes sukari,,,تمر,SA,Dates,,REVIEW_UNKNOWN_TERMS,LOW,sukari,openfoodfacts,https://world.openfoodfacts.org/product/6285413000036,controlled-lexicon-composition v1 (no free machine translation),مصطلح غير مغطّى بالمعجم
06285572002001,Rita candy sparkling drink,Rita,,حلوى فوّار شراب,SA,Carbonated fruit soft drink,240,REVIEW_BRAND_UNMAPPED,LOW,,openfoodfacts,https://world.openfoodfacts.org/product/6285572002001,controlled-lexicon-composition v1 (no free machine translation),علامة بلا مقابل عربي متحقَّق
06287001330099,Dattes sukkari,,,تمر,SA,Dates,,REVIEW_UNKNOWN_TERMS,LOW,sukkari,openfoodfacts,https://world.openfoodfacts.org/product/6287001330099,controlled-lexicon-composition v1 (no free machine translation),مصطلح غير مغطّى بالمعجم
06287001960128,Khudri dates,Mazare Al-Nakheel,,تمر,SA,unknown,100,REVIEW_UNKNOWN_TERMS,LOW,khudri,openfoodfacts,https://world.openfoodfacts.org/product/6287001960128,controlled-lexicon-composition v1 (no free machine translation),مصطلح غير مغطّى بالمعجم
06287006940286,Kitco mexita hot chili and lime,,كيتكو,كيتكو حار شطة ليمون أخضر,GCC,Corn chips,23,REVIEW_UNKNOWN_TERMS,LOW,mexita,openfoodfacts,https://world.openfoodfacts.org/product/6287006940286,controlled-lexicon-composition v1 (no free machine translation),مصطلح غير مغطّى بالمعجم
06287006941092,Kitco bites flips prawn cocktail,,كيتكو,كيتكو قطع كوكتيل,SA,Chips,,REVIEW_UNKNOWN_TERMS,LOW,flips;prawn,openfoodfacts,https://world.openfoodfacts.org/product/6287006941092,controlled-lexicon-composition v1 (no free machine translation),مصطلح غير مغطّى بالمعجم
06287014630025,Ma amoul saisi Dates Nigella sativa flavour,,,تمر نكهة,SA,unknown,,REVIEW_UNKNOWN_TERMS,LOW,ma;amoul;saisi;nigella;sativa,openfoodfacts,https://world.openfoodfacts.org/product/6287014630025,controlled-lexicon-composition v1 (no free machine translation),مصطلح غير مغطّى بالمعجم
06288004003423,Milaf up lemon flavor,Milaf,,ليمون نكهة,SA,Beverages,100,REVIEW_UNKNOWN_TERMS,LOW,up,openfoodfacts,https://world.openfoodfacts.org/product/6288004003423,controlled-lexicon-composition v1 (no free machine translation),مصطلح غير مغطّى بالمعجم
06290090013378,Heinz Original Ranch Salad Dressing,Heinz,هاينز,هاينز أصلي سلطة صلصة,GCC,unknown,100,REVIEW_UNKNOWN_TERMS,LOW,ranch,openfoodfacts,https://world.openfoodfacts.org/product/6290090013378,controlled-lexicon-composition v1 (no free machine translation),مصطلح غير مغطّى بالمعجم
06290090013392,Spicy tikka masala mayonnaise,Heinz,هاينز,هاينز حار ماسالا مايونيز,GCC,Groceries,,REVIEW_UNKNOWN_TERMS,LOW,tikka,openfoodfacts,https://world.openfoodfacts.org/product/6290090013392,controlled-lexicon-composition v1 (no free machine translation),مصطلح غير مغطّى بالمعجم
06290361822371,Raspberry Cheesecake With Colagen,Fitsnack Crunch,,توت أحمر,SA,unknown,55,REVIEW_UNKNOWN_TERMS,LOW,cheesecake;colagen,openfoodfacts,https://world.openfoodfacts.org/product/6290361822371,controlled-lexicon-composition v1 (no free machine translation),مصطلح غير مغطّى بالمعجم
06290400004553,Liquid Egg White,Al Ghurair Foods,,بيض أبيض,GCC,unknown,100,REVIEW_UNKNOWN_TERMS,LOW,liquid,openfoodfacts,https://world.openfoodfacts.org/product/6290400004553,controlled-lexicon-composition v1 (no free machine translation),مصطلح غير مغطّى بالمعجم
06291003099465,Ice cream Belgian Chocolate,London dairy,,آيس كريم شوكولاتة,GCC,Ice creams and sorbets,,REVIEW_UNKNOWN_TERMS,LOW,belgian,openfoodfacts,https://world.openfoodfacts.org/product/6291003099465,controlled-lexicon-composition v1 (no free machine translation),مصطلح غير مغطّى بالمعجم
06291003607905,Break Ice Cream Sandwich,Quanta,,آيس كريم ساندويتش,SA,unknown,47,REVIEW_UNKNOWN_TERMS,LOW,break,openfoodfacts,https://world.openfoodfacts.org/product/6291003607905,controlled-lexicon-composition v1 (no free machine translation),مصطلح غير مغطّى بالمعجم
06291007902051,Nutro digestive light,,,دايجستيف لايت,GCC,unknown,,REVIEW_UNKNOWN_TERMS,LOW,nutro,openfoodfacts,https://world.openfoodfacts.org/product/6291007902051,controlled-lexicon-composition v1 (no free machine translation),مصطلح غير مغطّى بالمعجم
06291016114018,Jus d'orange,,,برتقال,GCC,Orange juices,,REVIEW_UNKNOWN_TERMS,LOW,jus,openfoodfacts,https://world.openfoodfacts.org/product/6291016114018,controlled-lexicon-composition v1 (no free machine translation),مصطلح غير مغطّى بالمعجم
06291031004301,Greek Yogurt Low Fat,Marmum,,قليل الدسم يوناني زبادي,GCC,unknown,,REVIEW_BRAND_UNMAPPED,LOW,,openfoodfacts,https://world.openfoodfacts.org/product/6291031004301,controlled-lexicon-composition v1 (no free machine translation),علامة بلا مقابل عربي متحقَّق
06291044111447,Date Milk Shake,Safa,,تمر حليب شيك,GCC,unknown,,REVIEW_BRAND_UNMAPPED,LOW,,openfoodfacts,https://world.openfoodfacts.org/product/6291044111447,controlled-lexicon-composition v1 (no free machine translation),علامة بلا مقابل عربي متحقَّق
06291044170253,Sterelac yogurt,,,زبادي,GCC,Yogurts,,REVIEW_UNKNOWN_TERMS,LOW,sterelac,openfoodfacts,https://world.openfoodfacts.org/product/6291044170253,controlled-lexicon-composition v1 (no free machine translation),مصطلح غير مغطّى بالمعجم
06291100212842,Dattes dabbas,,,تمر,GCC,unknown,,REVIEW_UNKNOWN_TERMS,LOW,dabbas,openfoodfacts,https://world.openfoodfacts.org/product/6291100212842,controlled-lexicon-composition v1 (no free machine translation),مصطلح غير مغطّى بالمعجم
06291100213108,Date Crown Fard Premium Emirates Dates (1KG),Date Crown,ديت كراون,ديت كراون فاخر تمر,GCC,Dates,40,REVIEW_UNKNOWN_TERMS,LOW,fard;emirates,openfoodfacts,https://world.openfoodfacts.org/product/6291100213108,controlled-lexicon-composition v1 (no free machine translation),مصطلح غير مغطّى بالمعجم
06291100213184,Datteln Lulu,Date Crown,ديت كراون,ديت كراون,GCC,Dried fruits,,REVIEW_UNKNOWN_TERMS,LOW,datteln,openfoodfacts,https://world.openfoodfacts.org/product/6291100213184,controlled-lexicon-composition v1 (no free machine translation),مصطلح غير مغطّى بالمعجم
06291101131029,cinnamon tea,Alokozay,,قرفة شاي,GCC,unknown,,REVIEW_BRAND_UNMAPPED,LOW,,openfoodfacts,https://world.openfoodfacts.org/product/6291101131029,controlled-lexicon-composition v1 (no free machine translation),علامة بلا مقابل عربي متحقَّق
06291105692243,Super moist family cake 🎂 15days,Betty Crocker,,سوبر عائلي كيك,SA,Cakes,25,REVIEW_UNKNOWN_TERMS,LOW,moist;days,openfoodfacts,https://world.openfoodfacts.org/product/6291105692243,controlled-lexicon-composition v1 (no free machine translation),مصطلح غير مغطّى بالمعجم
06291107383019,Datteri assortiti,,,,GCC,unknown,,REVIEW_UNKNOWN_TERMS,LOW,datteri;assortiti,openfoodfacts,https://world.openfoodfacts.org/product/6291107383019,controlled-lexicon-composition v1 (no free machine translation),مصطلح غير مغطّى بالمعجم
06294002411795,White oat flakes,Herman,,أبيض شوفان رقائق,GCC,Breakfast cereals,,REVIEW_BRAND_UNMAPPED,LOW,,openfoodfacts,https://world.openfoodfacts.org/product/6294002411795,controlled-lexicon-composition v1 (no free machine translation),علامة بلا مقابل عربي متحقَّق
06294003568665,Kit Kat Mini Moments 12PCS,Nestlé,نستله,نستله ميني,GCC,fr:Barre chocolatée biscuitée type KitKat,,REVIEW_UNKNOWN_TERMS,LOW,kit;kat;moments,openfoodfacts,https://world.openfoodfacts.org/product/6294003568665,controlled-lexicon-composition v1 (no free machine translation),مصطلح غير مغطّى بالمعجم
06295134000277,Multi grain bread,Lulu,لولو,لولو خبز,GCC,Breads,,REVIEW_UNKNOWN_TERMS,LOW,multi;grain,openfoodfacts,https://world.openfoodfacts.org/product/6295134000277,controlled-lexicon-composition v1 (no free machine translation),مصطلح غير مغطّى بالمعجم
06295151302507,Keto High Protein Thin Sandwich Bread,munchbox,,عالي البروتين كيتو ساندويتش خبز,GCC,unknown,60,REVIEW_UNKNOWN_TERMS,LOW,thin,openfoodfacts,https://world.openfoodfacts.org/product/6295151302507,controlled-lexicon-composition v1 (no free machine translation),مصطلح غير مغطّى بالمعجم
06297000191065,Popcorn,Crispo,,فشار,GCC,Popcorn,25,REVIEW_BRAND_UNMAPPED,LOW,,openfoodfacts,https://world.openfoodfacts.org/product/6297000191065,controlled-lexicon-composition v1 (no free machine translation),علامة بلا مقابل عربي متحقَّق
06297001083536,Balade farms cheese makdous,,مزارع بلدي,مزارع بلدي جبن,SA,Cheeses,100,REVIEW_UNKNOWN_TERMS,LOW,makdous,openfoodfacts,https://world.openfoodfacts.org/product/6297001083536,controlled-lexicon-composition v1 (no free machine translation),مصطلح غير مغطّى بالمعجم
06298044062519,Tomato Sauce,Castinetto,,طماطم صلصة,GCC,unknown,100,REVIEW_BRAND_UNMAPPED,LOW,,openfoodfacts,https://world.openfoodfacts.org/product/6298044062519,controlled-lexicon-composition v1 (no free machine translation),علامة بلا مقابل عربي متحقَّق
06299200047036,Stonebell's Chicken Cream Soup,Stonebell's,,دجاج قشطة شوربة,GCC,Soups,250,REVIEW_BRAND_UNMAPPED,LOW,,openfoodfacts,https://world.openfoodfacts.org/product/6299200047036,controlled-lexicon-composition v1 (no free machine translation),علامة بلا مقابل عربي متحقَّق
06299200047715,Mini soft waffles,Plaisir quotidien,,ميني طري,GCC,Food,,REVIEW_UNKNOWN_TERMS,LOW,waffles,openfoodfacts,https://world.openfoodfacts.org/product/6299200047715,controlled-lexicon-composition v1 (no free machine translation),مصطلح غير مغطّى بالمعجم
06299200049078,Shredded Tuna in Sunflower Oil,Deep Blue,,زيت دوار الشمس مبشور تونة,GCC,unknown,100,REVIEW_BRAND_UNMAPPED,LOW,,openfoodfacts,https://world.openfoodfacts.org/product/6299200049078,controlled-lexicon-composition v1 (no free machine translation),علامة بلا مقابل عربي متحقَّق
06299200053914,Atlantic Salmon in Ketchup Sauce,Deep Blue,,سلمون كاتشب صلصة,GCC,unknown,120,REVIEW_UNKNOWN_TERMS,LOW,atlantic,openfoodfacts,https://world.openfoodfacts.org/product/6299200053914,controlled-lexicon-composition v1 (no free machine translation),مصطلح غير مغطّى بالمعجم
06300900101192,High Protein Greek Yoghurt Drink,Alwajba,,زبادي سائل عالي البروتين يوناني,GCC,unknown,100,REVIEW_BRAND_UNMAPPED,LOW,,openfoodfacts,https://world.openfoodfacts.org/product/6300900101192,controlled-lexicon-composition v1 (no free machine translation),علامة بلا مقابل عربي متحقَّق
07622202296376,Dairy milk hazelnut,Dairy milk,,بندق,GCC,unknown,,REVIEW_BRAND_UNMAPPED,LOW,,openfoodfacts,https://world.openfoodfacts.org/product/7622202296376,controlled-lexicon-composition v1 (no free machine translation),علامة بلا مقابل عربي متحقَّق
08410376023831,Digestive zero sin azúcares,gullón,,دايجستيف زيرو,SA,Biscuits,400,REVIEW_UNKNOWN_TERMS,LOW,sin;az;cares,openfoodfacts,https://world.openfoodfacts.org/product/8410376023831,controlled-lexicon-composition v1 (no free machine translation),مصطلح غير مغطّى بالمعجم
08410660097302,Extra Virgin Olive Oil,La Española,,زيت زيتون إكسترا,GCC,unknown,100,REVIEW_UNKNOWN_TERMS,LOW,virgin,openfoodfacts,https://world.openfoodfacts.org/product/8410660097302,controlled-lexicon-composition v1 (no free machine translation),مصطلح غير مغطّى بالمعجم
08423453902035,Sahara Gold Biere,Sahara Gold,,,GCC,Lagers,,REVIEW_UNKNOWN_TERMS,LOW,biere,openfoodfacts,https://world.openfoodfacts.org/product/8423453902035,controlled-lexicon-composition v1 (no free machine translation),مصطلح غير مغطّى بالمعجم
08682084414861,Angel Hair Chocolate,Konak,,شوكولاتة,SA,Chocolates,,REVIEW_UNKNOWN_TERMS,LOW,angel;hair,openfoodfacts,https://world.openfoodfacts.org/product/8682084414861,controlled-lexicon-composition v1 (no free machine translation),مصطلح غير مغطّى بالمعجم
08695543006934,Muratbey Helix Cheese 150g low sodium,MURATBEY,,جبن,SA,Turkish cheeses,,REVIEW_UNKNOWN_TERMS,LOW,helix;low;sodium,openfoodfacts,https://world.openfoodfacts.org/product/8695543006934,controlled-lexicon-composition v1 (no free machine translation),مصطلح غير مغطّى بالمعجم
08716200675048,Rainbow Milk w/ Cardamon,,,حليب,GCC,Milks,,REVIEW_UNKNOWN_TERMS,LOW,rainbow;cardamon,openfoodfacts,https://world.openfoodfacts.org/product/8716200675048,controlled-lexicon-composition v1 (no free machine translation),مصطلح غير مغطّى بالمعجم
08901030117213,Kissan pineapple jam,Kissan,,أناناس مربى,GCC,unknown,20,REVIEW_BRAND_UNMAPPED,LOW,,openfoodfacts,https://world.openfoodfacts.org/product/8901030117213,controlled-lexicon-composition v1 (no free machine translation),علامة بلا مقابل عربي متحقَّق
08901719707490,Murano chocolate chip cookies,Parle,,شوكولاتة كوكيز,GCC,Chocolate chip cookies,,REVIEW_UNKNOWN_TERMS,LOW,murano;chip,openfoodfacts,https://world.openfoodfacts.org/product/8901719707490,controlled-lexicon-composition v1 (no free machine translation),مصطلح غير مغطّى بالمعجم
08904150502792,Nature valley minis biscuits oats and honey,,,طبيعي بسكويت شوفان عسل,GCC,unknown,,REVIEW_UNKNOWN_TERMS,LOW,valley;minis,openfoodfacts,https://world.openfoodfacts.org/product/8904150502792,controlled-lexicon-composition v1 (no free machine translation),مصطلح غير مغطّى بالمعجم
09501100040107,Abu walad,,,,GCC,Biscuits,,REVIEW_UNKNOWN_TERMS,LOW,abu;walad,openfoodfacts,https://world.openfoodfacts.org/product/9501100040107,controlled-lexicon-composition v1 (no free machine translation),مصطلح غير مغطّى بالمعجم
00000029584994,Hash Browns,SpinneysFood,سبينيس,سبينيس,GCC,unknown,43,REVIEW_UNKNOWN_TERMS,LOW,hash;browns,openfoodfacts,https://world.openfoodfacts.org/product/29584994,controlled-lexicon-composition v1 (no free machine translation),مصطلح غير مغطّى بالمعجم
00000029593088,Dry Cured Organic Back Bacon (unsmoked),Spinneys Good,سبينيس,سبينيس عضوي,GCC,unknown,100,REVIEW_UNKNOWN_TERMS,LOW,dry;cured;back;bacon;unsmoked,openfoodfacts,https://world.openfoodfacts.org/product/29593088,controlled-lexicon-composition v1 (no free machine translation),مصطلح غير مغطّى بالمعجم
00011359650372,Salsa Con Queso,Cantina Mexicana,,,GCC,unknown,100,REVIEW_UNKNOWN_TERMS,LOW,salsa;con;queso,openfoodfacts,https://world.openfoodfacts.org/product/0011359650372,controlled-lexicon-composition v1 (no free machine translation),مصطلح غير مغطّى بالمعجم
00024182029901,Eden organic black soy beans,,,عضوي أسود صويا فاصوليا,SA,unknown,,REVIEW_UNKNOWN_TERMS,LOW,eden,openfoodfacts,https://world.openfoodfacts.org/product/0024182029901,controlled-lexicon-composition v1 (no free machine translation),مصطلح غير مغطّى بالمعجم
00628055733393,Apple Slices,Arctic,,تفاح شرائح,SA,unknown,57,REVIEW_BRAND_UNMAPPED,LOW,,openfoodfacts,https://world.openfoodfacts.org/product/0628055733393,controlled-lexicon-composition v1 (no free machine translation),علامة بلا مقابل عربي متحقَّق
03033491453021,Actimel activate,Actimel,,,GCC,Yogurt drinks,,REVIEW_UNKNOWN_TERMS,LOW,activate,openfoodfacts,https://world.openfoodfacts.org/product/3033491453021,controlled-lexicon-composition v1 (no free machine translation),مصطلح غير مغطّى بالمعجم
03350033620728,Mélange de noix grillées salées et d'abricots secs,Monoprix,مونوبري,مونوبري,GCC,Mixed nuts and dried fruits,30,REVIEW_UNKNOWN_TERMS,LOW,lange;noix;grill;es;sal;es;et;abricots;secs,openfoodfacts,https://world.openfoodfacts.org/product/3350033620728,controlled-lexicon-composition v1 (no free machine translation),مصطلح غير مغطّى بالمعجم
03451790833076,Lait entier stérilisé UHT - Longue conservation,Elle & Vire,ال آند فير,ال آند فير طويل الأجل,GCC,Whole milk UHT,200,REVIEW_UNKNOWN_TERMS,LOW,lait;entier;st;rilis;longue;conservation,openfoodfacts,https://world.openfoodfacts.org/product/3451790833076,controlled-lexicon-composition v1 (no free machine translation),مصطلح غير مغطّى بالمعجم
04100290056162,Protein pudding dessert with Salted caramel flavour and sweeteners,Area,,بروتين مهلبية حلى مملّح كراميل نكهة,GCC,unknown,100,REVIEW_UNKNOWN_TERMS,LOW,sweeteners,openfoodfacts,https://world.openfoodfacts.org/product/4100290056162,controlled-lexicon-composition v1 (no free machine translation),مصطلح غير مغطّى بالمعجم
05000127061828,Kelloggs all-bran flakes,,,رقائق,GCC,Extruded wheat flakes,30,REVIEW_UNKNOWN_TERMS,LOW,kelloggs;all;bran,openfoodfacts,https://world.openfoodfacts.org/product/5000127061828,controlled-lexicon-composition v1 (no free machine translation),مصطلح غير مغطّى بالمعجم
05000159553186,Be kind nut clusters peanut butter dark chocolate,,,زبدة فول سوداني داكن شوكولاتة,SA,unknown,100,REVIEW_UNKNOWN_TERMS,LOW,be;kind;nut;clusters,openfoodfacts,https://world.openfoodfacts.org/product/5000159553186,controlled-lexicon-composition v1 (no free machine translation),مصطلح غير مغطّى بالمعجم
05059319024509,Kelloggs coco pops original cereal,,,أصلي حبوب إفطار,GCC,unknown,,REVIEW_UNKNOWN_TERMS,LOW,kelloggs;coco;pops,openfoodfacts,https://world.openfoodfacts.org/product/5059319024509,controlled-lexicon-composition v1 (no free machine translation),مصطلح غير مغطّى بالمعجم
05061013960366,Energy drink,BPN Energy,,طاقة شراب,GCC,unknown,500,REVIEW_BRAND_UNMAPPED,LOW,,openfoodfacts,https://world.openfoodfacts.org/product/5061013960366,controlled-lexicon-composition v1 (no free machine translation),علامة بلا مقابل عربي متحقَّق
05200106605313,Wild Tuna Smoked In A Wood Oven,Th!nkgreen,,تونة مدخّن,GCC,unknown,80,REVIEW_UNKNOWN_TERMS,LOW,wild;wood;oven,openfoodfacts,https://world.openfoodfacts.org/product/5200106605313,controlled-lexicon-composition v1 (no free machine translation),مصطلح غير مغطّى بالمعجم
05201041023712,Jannis sesame Honey imp,Jannis,,سمسم عسل,SA,el:φαγητο,,REVIEW_UNKNOWN_TERMS,LOW,imp,openfoodfacts,https://world.openfoodfacts.org/product/5201041023712,controlled-lexicon-composition v1 (no free machine translation),مصطلح غير مغطّى بالمعجم
05201054017913,FAGE Total 0%,Fage,,,GCC,Yogurts,150,REVIEW_UNKNOWN_TERMS,LOW,total,openfoodfacts,https://world.openfoodfacts.org/product/5201054017913,controlled-lexicon-composition v1 (no free machine translation),مصطلح غير مغطّى بالمعجم
05285000835158,Shredded Mozzarella,Plain Soleil,,مبشور موزاريلا,GCC,unknown,100,REVIEW_BRAND_UNMAPPED,LOW,,openfoodfacts,https://world.openfoodfacts.org/product/5285000835158,controlled-lexicon-composition v1 (no free machine translation),علامة بلا مقابل عربي متحقَّق
05391532123998,Chocolate Peanut Butter Flavour Vitamin & Protein Bar,FULLFIL,,زبدة فول سوداني لوح بروتين شوكولاتة نكهة فيتامين,GCC,unknown,55,REVIEW_BRAND_UNMAPPED,LOW,,openfoodfacts,https://world.openfoodfacts.org/product/5391532123998,controlled-lexicon-composition v1 (no free machine translation),علامة بلا مقابل عربي متحقَّق
05410126116168,Lotus (Caramelised Biscuits,Lotus,,بسكويت,GCC,Speculoos,6.25,REVIEW_UNKNOWN_TERMS,LOW,caramelised,openfoodfacts,https://world.openfoodfacts.org/product/5410126116168,controlled-lexicon-composition v1 (no free machine translation),مصطلح غير مغطّى بالمعجم
05711953200861,Puck orignal spreadable processed cheese analogue,Puck,بوك,بوك جبن مطبوخ قابل للدهن,SA,unknown,100,REVIEW_UNKNOWN_TERMS,LOW,orignal;analogue,openfoodfacts,https://world.openfoodfacts.org/product/5711953200861,controlled-lexicon-composition v1 (no free machine translation),مصطلح غير مغطّى بالمعجم
05900020044839,nesquik minis 300g,Nesquik,,,GCC,Cocoa and chocolate powders,30,REVIEW_UNKNOWN_TERMS,LOW,minis,openfoodfacts,https://world.openfoodfacts.org/product/5900020044839,controlled-lexicon-composition v1 (no free machine translation),مصطلح غير مغطّى بالمعجم
06001068312504,Evaporated milk,3. Nestle,,مبخّر حليب,GCC,unknown,,REVIEW_BRAND_UNMAPPED,LOW,,openfoodfacts,https://world.openfoodfacts.org/product/6001068312504,controlled-lexicon-composition v1 (no free machine translation),علامة بلا مقابل عربي متحقَّق
06071700403181,Pom' potes sans sucres ajoutés,Materne,,,GCC,unknown,90,REVIEW_UNKNOWN_TERMS,LOW,pom;potes;sans;sucres;ajout,openfoodfacts,https://world.openfoodfacts.org/product/6071700403181,controlled-lexicon-composition v1 (no free machine translation),مصطلح غير مغطّى بالمعجم
06072000102620,Light Ranch Salad Dressing,Delicio,,لايت سلطة صلصة,GCC,unknown,30,REVIEW_UNKNOWN_TERMS,LOW,ranch,openfoodfacts,https://world.openfoodfacts.org/product/6072000102620,controlled-lexicon-composition v1 (no free machine translation),مصطلح غير مغطّى بالمعجم
06080725550718,Poulet rôti en cocotte,,,,GCC,unknown,,REVIEW_UNKNOWN_TERMS,LOW,poulet;ti;en;cocotte,openfoodfacts,https://world.openfoodfacts.org/product/6080725550718,controlled-lexicon-composition v1 (no free machine translation),مصطلح غير مغطّى بالمعجم
06105840006268,Mini Zoo Biscuit,Prima,,ميني بسكويت,SA,unknown,30,REVIEW_UNKNOWN_TERMS,LOW,zoo,openfoodfacts,https://world.openfoodfacts.org/product/6105840006268,controlled-lexicon-composition v1 (no free machine translation),مصطلح غير مغطّى بالمعجم
06223006711471,Kelloggs instant noodles vegetables flavor,,,سريع التحضير نودلز خضار نكهة,SA,unknown,,REVIEW_UNKNOWN_TERMS,LOW,kelloggs,openfoodfacts,https://world.openfoodfacts.org/product/6223006711471,controlled-lexicon-composition v1 (no free machine translation),مصطلح غير مغطّى بالمعجم
06251934004426,Alfares pretzel original sweet and chili,,,أصلي حلو شطة,SA,Chips,,REVIEW_UNKNOWN_TERMS,LOW,alfares;pretzel,openfoodfacts,https://world.openfoodfacts.org/product/6251934004426,controlled-lexicon-composition v1 (no free machine translation),مصطلح غير مغطّى بالمعجم
06271003052400,Macaroni,KFBM,,مكرونة,GCC,unknown,100,REVIEW_BRAND_UNMAPPED,LOW,,openfoodfacts,https://world.openfoodfacts.org/product/6271003052400,controlled-lexicon-composition v1 (no free machine translation),علامة بلا مقابل عربي متحقَّق
06271005001130,Smoked turkey,Khazan,,مدخّن ديك رومي,GCC,unknown,100,REVIEW_BRAND_UNMAPPED,LOW,,openfoodfacts,https://world.openfoodfacts.org/product/6271005001130,controlled-lexicon-composition v1 (no free machine translation),علامة بلا مقابل عربي متحقَّق
06271100662878,PRO PUFFS Cheese,prolife,,نفخات جبن,GCC,Corn chips,,REVIEW_UNKNOWN_TERMS,LOW,pro,openfoodfacts,https://world.openfoodfacts.org/product/6271100662878,controlled-lexicon-composition v1 (no free machine translation),مصطلح غير مغطّى بالمعجم
06271101020080,Popcorn Lightly Salted,Hectare’s,,فشار مملّح,GCC,unknown,100,REVIEW_UNKNOWN_TERMS,LOW,lightly,openfoodfacts,https://world.openfoodfacts.org/product/6271101020080,controlled-lexicon-composition v1 (no free machine translation),مصطلح غير مغطّى بالمعجم
06279875557832,Ginger Fizz,Loch Mór Cider Co,,زنجبيل,GCC,unknown,355,REVIEW_UNKNOWN_TERMS,LOW,fizz,openfoodfacts,https://world.openfoodfacts.org/product/6279875557832,controlled-lexicon-composition v1 (no free machine translation),مصطلح غير مغطّى بالمعجم
06279878505366,Lyos botes,,,,GCC,unknown,,REVIEW_UNKNOWN_TERMS,LOW,lyos;botes,openfoodfacts,https://world.openfoodfacts.org/product/6279878505366,controlled-lexicon-composition v1 (no free machine translation),مصطلح غير مغطّى بالمعجم
06281006824201,Light mayo,Knorr,كنور,كنور لايت,SA,Mayonnaises,10,REVIEW_UNKNOWN_TERMS,LOW,mayo,openfoodfacts,https://world.openfoodfacts.org/product/6281006824201,controlled-lexicon-composition v1 (no free machine translation),مصطلح غير مغطّى بالمعجم
06281007050166,Sliced Bread Multigrain,L'usine,,شرائح خبز حبوب متعددة,SA,Sliced breads,30,REVIEW_BRAND_UNMAPPED,LOW,,openfoodfacts,https://world.openfoodfacts.org/product/6281007050166,controlled-lexicon-composition v1 (no free machine translation),علامة بلا مقابل عربي متحقَّق
06281013222069,Rabea black tea 100 bg,,,أسود شاي,SA,Tea bags,,REVIEW_UNKNOWN_TERMS,LOW,rabea;bg,openfoodfacts,https://world.openfoodfacts.org/product/6281013222069,controlled-lexicon-composition v1 (no free machine translation),مصطلح غير مغطّى بالمعجم
06281014000994,Golden Corn Whole Kernels,GOODY,قودي,قودي ذرة,SA,unknown,,REVIEW_UNKNOWN_TERMS,LOW,golden;whole;kernels,openfoodfacts,https://world.openfoodfacts.org/product/6281014000994,controlled-lexicon-composition v1 (no free machine translation),مصطلح غير مغطّى بالمعجم
06281020174061,Luna balila chickpeas recipe,,لونا,لونا حمص وصفة,SA,unknown,,REVIEW_UNKNOWN_TERMS,LOW,balila,openfoodfacts,https://world.openfoodfacts.org/product/6281020174061,controlled-lexicon-composition v1 (no free machine translation),مصطلح غير مغطّى بالمعجم
06281024120057,Cheddar cheese slices,Bridel,,جبن شيدر شرائح,GCC,unknown,17,REVIEW_BRAND_UNMAPPED,LOW,,openfoodfacts,https://world.openfoodfacts.org/product/6281024120057,controlled-lexicon-composition v1 (no free machine translation),علامة بلا مقابل عربي متحقَّق
06281051005730,Dari labneh,,,لبنة,SA,unknown,,REVIEW_UNKNOWN_TERMS,LOW,dari,openfoodfacts,https://world.openfoodfacts.org/product/6281051005730,controlled-lexicon-composition v1 (no free machine translation),مصطلح غير مغطّى بالمعجم
06281055003152,Oats granola nutty delight 50gm Hanaa,,,شوفان جرانولا,SA,Oat,,REVIEW_UNKNOWN_TERMS,LOW,nutty;delight;hanaa,openfoodfacts,https://world.openfoodfacts.org/product/6281055003152,controlled-lexicon-composition v1 (no free machine translation),مصطلح غير مغطّى بالمعجم
06281099054882,Mayonnaise,Haley,,مايونيز,SA,Mayonnaises,100,REVIEW_BRAND_UNMAPPED,LOW,,openfoodfacts,https://world.openfoodfacts.org/product/6281099054882,controlled-lexicon-composition v1 (no free machine translation),علامة بلا مقابل عربي متحقَّق
06281101260539,Fruit Crush Mango Juice,Capri-Sun,,فواكه مانجو عصير,GCC,Beverages,,REVIEW_UNKNOWN_TERMS,LOW,crush,openfoodfacts,https://world.openfoodfacts.org/product/6281101260539,controlled-lexicon-composition v1 (no free machine translation),مصطلح غير مغطّى بالمعجم
06285014000855,Tahina,,,,SA,unknown,,REVIEW_UNKNOWN_TERMS,LOW,tahina,openfoodfacts,https://world.openfoodfacts.org/product/6285014000855,controlled-lexicon-composition v1 (no free machine translation),مصطلح غير مغطّى بالمعجم
06285035006546,Assorted Baklava,Saadeddin,,مشكل بقلاوة,SA,unknown,38,REVIEW_BRAND_UNMAPPED,LOW,,openfoodfacts,https://world.openfoodfacts.org/product/6285035006546,controlled-lexicon-composition v1 (no free machine translation),علامة بلا مقابل عربي متحقَّق
06285349000971,Dattes Sukary Galaxy,,جالاكسي,جالاكسي تمر,SA,unknown,,REVIEW_UNKNOWN_TERMS,LOW,sukary,openfoodfacts,https://world.openfoodfacts.org/product/6285349000971,controlled-lexicon-composition v1 (no free machine translation),مصطلح غير مغطّى بالمعجم
06285413000005,Dattes Sukari,,,تمر,SA,Dates,,REVIEW_UNKNOWN_TERMS,LOW,sukari,openfoodfacts,https://world.openfoodfacts.org/product/6285413000005,controlled-lexicon-composition v1 (no free machine translation),مصطلح غير مغطّى بالمعجم
06285572000625,Rita berry sparkling drink,,,توت فوّار شراب,SA,unknown,,REVIEW_UNKNOWN_TERMS,LOW,rita,openfoodfacts,https://world.openfoodfacts.org/product/6285572000625,controlled-lexicon-composition v1 (no free machine translation),مصطلح غير مغطّى بالمعجم
06287000650204,Freshco peeled tomato,,,طماطم,SA,unknown,,REVIEW_UNKNOWN_TERMS,LOW,freshco;peeled,openfoodfacts,https://world.openfoodfacts.org/product/6287000650204,controlled-lexicon-composition v1 (no free machine translation),مصطلح غير مغطّى بالمعجم
06287001562667,ITALIAN CRACKERS Mix,al hatab,,مقرمشات مشكل,SA,unknown,,REVIEW_UNKNOWN_TERMS,LOW,italian,openfoodfacts,https://world.openfoodfacts.org/product/6287001562667,controlled-lexicon-composition v1 (no free machine translation),مصطلح غير مغطّى بالمعجم
06287003851233,Khudary dates,,,تمر,SA,Dates,,REVIEW_UNKNOWN_TERMS,LOW,khudary,openfoodfacts,https://world.openfoodfacts.org/product/6287003851233,controlled-lexicon-composition v1 (no free machine translation),مصطلح غير مغطّى بالمعجم
06287011321407,Wholesome organic maple syrup,Wholesome,,عضوي شراب,SA,Syrups,30,REVIEW_UNKNOWN_TERMS,LOW,maple,openfoodfacts,https://world.openfoodfacts.org/product/6287011321407,controlled-lexicon-composition v1 (no free machine translation),مصطلح غير مغطّى بالمعجم
06287031380286,Medjool premium dates,,,فاخر تمر,SA,Dates,,REVIEW_UNKNOWN_TERMS,LOW,medjool,openfoodfacts,https://world.openfoodfacts.org/product/6287031380286,controlled-lexicon-composition v1 (no free machine translation),مصطلح غير مغطّى بالمعجم
06287034100034,Kinza orange Carbonated Drink (Orange) 250ml,Kinza,كينزا,كينزا برتقال شراب برتقال,SA,Carbonated fruit soft drink,100,REVIEW_UNKNOWN_TERMS,LOW,carbonated,openfoodfacts,https://world.openfoodfacts.org/product/6287034100034,controlled-lexicon-composition v1 (no free machine translation),مصطلح غير مغطّى بالمعجم
06290340600457,Kitco stix spiced with tabasco sauce flavor,,كيتكو,كيتكو صلصة نكهة,GCC,unknown,25,REVIEW_UNKNOWN_TERMS,LOW,stix;spiced;tabasco,openfoodfacts,https://world.openfoodfacts.org/product/6290340600457,controlled-lexicon-composition v1 (no free machine translation),مصطلح غير مغطّى بالمعجم
06291003000102,Tiffany Everyday Marie Biscuit 100G,Tiffany,تيفاني,تيفاني بسكويت,GCC,unknown,,REVIEW_UNKNOWN_TERMS,LOW,everyday;marie,openfoodfacts,https://world.openfoodfacts.org/product/6291003000102,controlled-lexicon-composition v1 (no free machine translation),مصطلح غير مغطّى بالمعجم
06291003632242,Break Trio Mix,,,مشكل,GCC,Confectioneries,,REVIEW_UNKNOWN_TERMS,LOW,break;trio,openfoodfacts,https://world.openfoodfacts.org/product/6291003632242,controlled-lexicon-composition v1 (no free machine translation),مصطلح غير مغطّى بالمعجم
06291011054791,Chocodate Coco,,تشوكوديت,تشوكوديت,GCC,unknown,,REVIEW_UNKNOWN_TERMS,LOW,coco,openfoodfacts,https://world.openfoodfacts.org/product/6291011054791,controlled-lexicon-composition v1 (no free machine translation),مصطلح غير مغطّى بالمعجم
06291014121964,Carmel Chocolate Covered Date with Almond,,,شوكولاتة تمر لوز,GCC,unknown,,REVIEW_UNKNOWN_TERMS,LOW,carmel;covered,openfoodfacts,https://world.openfoodfacts.org/product/6291014121964,controlled-lexicon-composition v1 (no free machine translation),مصطلح غير مغطّى بالمعجم
06291014126525,Chocolate Coated Pecan,,,شوكولاتة مغطّى,GCC,unknown,,REVIEW_UNKNOWN_TERMS,LOW,pecan,openfoodfacts,https://world.openfoodfacts.org/product/6291014126525,controlled-lexicon-composition v1 (no free machine translation),مصطلح غير مغطّى بالمعجم
06291031000709,Fresh Greek Yogurt - Strawberry,Marmum,,طازج يوناني زبادي فراولة,GCC,Greek-style yogurts,,REVIEW_BRAND_UNMAPPED,LOW,,openfoodfacts,https://world.openfoodfacts.org/product/6291031000709,controlled-lexicon-composition v1 (no free machine translation),علامة بلا مقابل عربي متحقَّق
06291044110396,Laban Up,Safa,,لبن,GCC,unknown,500,REVIEW_BRAND_UNMAPPED,LOW,,openfoodfacts,https://world.openfoodfacts.org/product/6291044110396,controlled-lexicon-composition v1 (no free machine translation),علامة بلا مقابل عربي متحقَّق
06291053040196,Brooklyn Creamery Ice Cream,,,آيس كريم,GCC,unknown,,REVIEW_UNKNOWN_TERMS,LOW,brooklyn;creamery,openfoodfacts,https://world.openfoodfacts.org/product/6291053040196,controlled-lexicon-composition v1 (no free machine translation),مصطلح غير مغطّى بالمعجم
06291100198801,Freakin,,,,GCC,unknown,,REVIEW_UNKNOWN_TERMS,LOW,freakin,openfoodfacts,https://world.openfoodfacts.org/product/6291100198801,controlled-lexicon-composition v1 (no free machine translation),مصطلح غير مغطّى بالمعجم
06291108630846,Ajwa dhibs,,,عجوة,GCC,unknown,,REVIEW_UNKNOWN_TERMS,LOW,dhibs,openfoodfacts,https://world.openfoodfacts.org/product/6291108630846,controlled-lexicon-composition v1 (no free machine translation),مصطلح غير مغطّى بالمعجم
06294002411573,Herman,,,,GCC,unknown,,REVIEW_UNKNOWN_TERMS,LOW,herman,openfoodfacts,https://world.openfoodfacts.org/product/6294002411573,controlled-lexicon-composition v1 (no free machine translation),مصطلح غير مغطّى بالمعجم
06294004567520,Natural Honey,Nature’s Choice,,طبيعي عسل,GCC,unknown,,REVIEW_BRAND_UNMAPPED,LOW,,openfoodfacts,https://world.openfoodfacts.org/product/6294004567520,controlled-lexicon-composition v1 (no free machine translation),علامة بلا مقابل عربي متحقَّق
06294007302050,Datte chocolat pistache,Samha,,شوكولاتة,GCC,Dates,10,REVIEW_UNKNOWN_TERMS,LOW,datte;pistache,openfoodfacts,https://world.openfoodfacts.org/product/6294007302050,controlled-lexicon-composition v1 (no free machine translation),مصطلح غير مغطّى بالمعجم
06294011645716,Beef Breakfast Strips,Lulu,لولو,لولو لحم بقري ستربس,GCC,unknown,28,REVIEW_UNKNOWN_TERMS,LOW,breakfast,openfoodfacts,https://world.openfoodfacts.org/product/6294011645716,controlled-lexicon-composition v1 (no free machine translation),مصطلح غير مغطّى بالمعجم
06294017120910,Chocolat granola fitness,,,شوكولاتة جرانولا,GCC,Mueslis with chocolate,,REVIEW_UNKNOWN_TERMS,LOW,fitness,openfoodfacts,https://world.openfoodfacts.org/product/6294017120910,controlled-lexicon-composition v1 (no free machine translation),مصطلح غير مغطّى بالمعجم
06297000173443,Tender Chicken Breasts,Sadia,ساديا,ساديا دجاج,GCC,Frozen chicken breast without skin raw,100,REVIEW_UNKNOWN_TERMS,LOW,tender;breasts,openfoodfacts,https://world.openfoodfacts.org/product/6297000173443,controlled-lexicon-composition v1 (no free machine translation),مصطلح غير مغطّى بالمعجم
06298042782518,Bontime Stropwafels,Pekaridze,,,GCC,unknown,40,REVIEW_UNKNOWN_TERMS,LOW,bontime;stropwafels,openfoodfacts,https://world.openfoodfacts.org/product/6298042782518,controlled-lexicon-composition v1 (no free machine translation),مصطلح غير مغطّى بالمعجم
06298044043792,Huile d'olive extra vierge,ammaedara,,زيتون إكسترا,GCC,Huile-d-olive-vierge-extra,100,REVIEW_UNKNOWN_TERMS,LOW,huile;vierge,openfoodfacts,https://world.openfoodfacts.org/product/6298044043792,controlled-lexicon-composition v1 (no free machine translation),مصطلح غير مغطّى بالمعجم
06299200055390,French Fries,Mcsnacker,,فرنسي بطاطس مقلية,GCC,unknown,100,REVIEW_BRAND_UNMAPPED,LOW,,openfoodfacts,https://world.openfoodfacts.org/product/6299200055390,controlled-lexicon-composition v1 (no free machine translation),علامة بلا مقابل عربي متحقَّق
06931722326496,Dr. Crazy Sour Chewy Candy Ball,Rozy,,حامض حلوى,SA,unknown,100,REVIEW_UNKNOWN_TERMS,LOW,dr;crazy;chewy;ball,openfoodfacts,https://world.openfoodfacts.org/product/6931722326496,controlled-lexicon-composition v1 (no free machine translation),مصطلح غير مغطّى بالمعجم
07311311021169,Tortilla Large,Santa Maria,,تورتيلا,GCC,Wheat flatbreads,62,REVIEW_UNKNOWN_TERMS,LOW,large,openfoodfacts,https://world.openfoodfacts.org/product/7311311021169,controlled-lexicon-composition v1 (no free machine translation),مصطلح غير مغطّى بالمعجم
07451784172354,Mr tito cheese flavor,,,جبن نكهة,GCC,unknown,,REVIEW_UNKNOWN_TERMS,LOW,mr;tito,openfoodfacts,https://world.openfoodfacts.org/product/7451784172354,controlled-lexicon-composition v1 (no free machine translation),مصطلح غير مغطّى بالمعجم
07622202240188,Dairy Milk (Daim),Cadbury,كادبوري,كادبوري حليب,GCC,Candy chocolate bars,30,REVIEW_UNKNOWN_TERMS,LOW,dairy;daim,openfoodfacts,https://world.openfoodfacts.org/product/7622202240188,controlled-lexicon-composition v1 (no free machine translation),مصطلح غير مغطّى بالمعجم
07891515444266,Chicken Thighs - Frozen 1 By 1,Sadia,ساديا,ساديا دجاج مجمّد,GCC,unknown,100,REVIEW_UNKNOWN_TERMS,LOW,thighs,openfoodfacts,https://world.openfoodfacts.org/product/7891515444266,controlled-lexicon-composition v1 (no free machine translation),مصطلح غير مغطّى بالمعجم
07891515574918,Crinkle Cut Fries,Sadia,ساديا,ساديا بطاطس مقلية,GCC,unknown,100,REVIEW_UNKNOWN_TERMS,LOW,crinkle;cut,openfoodfacts,https://world.openfoodfacts.org/product/7891515574918,controlled-lexicon-composition v1 (no free machine translation),مصطلح غير مغطّى بالمعجم
08683989472017,Caffeine one cold brew coffee iced cold brew,,,قهوة مثلج,SA,unknown,,REVIEW_UNKNOWN_TERMS,LOW,caffeine;cold;brew;cold;brew,openfoodfacts,https://world.openfoodfacts.org/product/8683989472017,controlled-lexicon-composition v1 (no free machine translation),مصطلح غير مغطّى بالمعجم
08699413132044,Patiswiss Dark Chocolate,PATISWISS,,داكن شوكولاتة,SA,unknown,13.3,REVIEW_BRAND_UNMAPPED,LOW,,openfoodfacts,https://world.openfoodfacts.org/product/8699413132044,controlled-lexicon-composition v1 (no free machine translation),علامة بلا مقابل عربي متحقَّق
08902850000013,Estern Cocunut milk 400 ml,Eastern,,حليب,SA,unknown,,REVIEW_UNKNOWN_TERMS,LOW,estern;cocunut,openfoodfacts,https://world.openfoodfacts.org/product/8902850000013,controlled-lexicon-composition v1 (no free machine translation),مصطلح غير مغطّى بالمعجم
08906069612371,Jolliz Namkeen Cream Onion Chips,Anand,,قشطة بصل شيبس,GCC,Namkeen,,REVIEW_UNKNOWN_TERMS,LOW,jolliz;namkeen,openfoodfacts,https://world.openfoodfacts.org/product/8906069612371,controlled-lexicon-composition v1 (no free machine translation),مصطلح غير مغطّى بالمعجم
08936036025620,Orion Pie,Orion,,فطيرة,SA,unknown,30,REVIEW_BRAND_UNMAPPED,LOW,,openfoodfacts,https://world.openfoodfacts.org/product/8936036025620,controlled-lexicon-composition v1 (no free machine translation),علامة بلا مقابل عربي متحقَّق
09556587988107,Paratha (plain),Kawan,,سادة,GCC,Paratha,80,REVIEW_UNKNOWN_TERMS,LOW,paratha,openfoodfacts,https://world.openfoodfacts.org/product/9556587988107,controlled-lexicon-composition v1 (no free machine translation),مصطلح غير مغطّى بالمعجم
00000076162817,Moussy classic non alcoholic malt beverage,,موسي,موسي كلاسيك شعير مشروب,GCC,Beers,,REVIEW_UNKNOWN_TERMS,LOW,no_alcoholic,openfoodfacts,https://world.openfoodfacts.org/product/76162817,controlled-lexicon-composition v1 (no free machine translation),مصطلح غير مغطّى بالمعجم
00014800001082,No Sugar Added Applesauce Strawberry,Mott's,,فراولة خالي من سكر,GCC,Fruit-puree,,REVIEW_UNKNOWN_TERMS,LOW,added;applesauce,openfoodfacts,https://world.openfoodfacts.org/product/0014800001082,controlled-lexicon-composition v1 (no free machine translation),مصطلح غير مغطّى بالمعجم
00016000207554,Super Moist Red Velvet cake mix,Betty Crocker,,سوبر أحمر كيك مشكل,SA,Cakes,42,REVIEW_UNKNOWN_TERMS,LOW,moist;velvet,openfoodfacts,https://world.openfoodfacts.org/product/0016000207554,controlled-lexicon-composition v1 (no free machine translation),مصطلح غير مغطّى بالمعجم
00628250924602,Protein Pancake & Waffle Mix Blueberry,Flourish,,بروتين بان كيك مشكل توت أزرق,SA,unknown,175,REVIEW_UNKNOWN_TERMS,LOW,waffle,openfoodfacts,https://world.openfoodfacts.org/product/0628250924602,controlled-lexicon-composition v1 (no free machine translation),مصطلح غير مغطّى بالمعجم
00642135335994,Whey Protein - Coffe,Buffalo,,واي بروتين,GCC,unknown,30,REVIEW_UNKNOWN_TERMS,LOW,coffe,openfoodfacts,https://world.openfoodfacts.org/product/0642135335994,controlled-lexicon-composition v1 (no free machine translation),مصطلح غير مغطّى بالمعجم
00709993300134,Organic Wholegrain Spelt Penne,Biona Organic,,عضوي بيني,GCC,unknown,60,REVIEW_UNKNOWN_TERMS,LOW,wholegrain;spelt,openfoodfacts,https://world.openfoodfacts.org/product/0709993300134,controlled-lexicon-composition v1 (no free machine translation),مصطلح غير مغطّى بالمعجم
00759992959048,Thin Wheat Toritalla,Cantina Maria,,قمح,GCC,unknown,32,REVIEW_UNKNOWN_TERMS,LOW,thin;toritalla,openfoodfacts,https://world.openfoodfacts.org/product/0759992959048,controlled-lexicon-composition v1 (no free machine translation),مصطلح غير مغطّى بالمعجم
00767461497458,Pickles Fermented,Tabchilli,,مخلل,GCC,unknown,,REVIEW_UNKNOWN_TERMS,LOW,fermented,openfoodfacts,https://world.openfoodfacts.org/product/0767461497458,controlled-lexicon-composition v1 (no free machine translation),مصطلح غير مغطّى بالمعجم
03179142058389,Agar Agar BIO,Vahiné,,عضوي,GCC,Agar-agar,,REVIEW_UNKNOWN_TERMS,LOW,agar;agar,openfoodfacts,https://world.openfoodfacts.org/product/3179142058389,controlled-lexicon-composition v1 (no free machine translation),مصطلح غير مغطّى بالمعجم
03350033721463,Filets thonblanc germon,Monoprix Gourmet,مونوبري,مونوبري,GCC,unknown,,REVIEW_UNKNOWN_TERMS,LOW,filets;thonblanc;germon,openfoodfacts,https://world.openfoodfacts.org/product/3350033721463,controlled-lexicon-composition v1 (no free machine translation),مصطلح غير مغطّى بالمعجم
03350033861299,Yaourt brassé nature,Monoprix Bio,مونوبري,مونوبري طبيعي,GCC,Plain yogurts,,REVIEW_UNKNOWN_TERMS,LOW,yaourt;brass,openfoodfacts,https://world.openfoodfacts.org/product/3350033861299,controlled-lexicon-composition v1 (no free machine translation),مصطلح غير مغطّى بالمعجم
03421371527496,Les bûchettes fraises Bio,Chevaliers D'Argouges,,عضوي,GCC,unknown,,REVIEW_UNKNOWN_TERMS,LOW,les;chettes;fraises,openfoodfacts,https://world.openfoodfacts.org/product/3421371527496,controlled-lexicon-composition v1 (no free machine translation),مصطلح غير مغطّى بالمعجم
03451790833199,Lait demi-écrémé stérilisé UHT - Longue conservation,Elle&Vire International,,طويل الأجل,GCC,fr:cremes-cuisson,200,REVIEW_UNKNOWN_TERMS,LOW,lait;demi;cr;st;rilis;longue;conservation,openfoodfacts,https://world.openfoodfacts.org/product/3451790833199,controlled-lexicon-composition v1 (no free machine translation),مصطلح غير مغطّى بالمعجم
03451790941610,Le Beurre Tendre Plaquette Doux,Elle & Vire,ال آند فير,ال آند فير,GCC,Sweet cream butters,10,REVIEW_UNKNOWN_TERMS,LOW,beurre;tendre;plaquette,openfoodfacts,https://world.openfoodfacts.org/product/3451790941610,controlled-lexicon-composition v1 (no free machine translation),مصطلح غير مغطّى بالمعجم
03850102323036,Wafers,Kraś,,ويفر,SA,Nougats,38,REVIEW_BRAND_UNMAPPED,LOW,,openfoodfacts,https://world.openfoodfacts.org/product/3850102323036,controlled-lexicon-composition v1 (no free machine translation),علامة بلا مقابل عربي متحقَّق
04807770191725,Lucky me beef mami artificial beef flavor noodles,,,لحم بقري لحم بقري نكهة نودلز,GCC,unknown,,REVIEW_UNKNOWN_TERMS,LOW,lucky;me;mami;artificial,openfoodfacts,https://world.openfoodfacts.org/product/4807770191725,controlled-lexicon-composition v1 (no free machine translation),مصطلح غير مغطّى بالمعجم
05000159569989,Celebration,,,,GCC,unknown,,REVIEW_UNKNOWN_TERMS,LOW,celebration,openfoodfacts,https://world.openfoodfacts.org/product/5000159569989,controlled-lexicon-composition v1 (no free machine translation),مصطلح غير مغطّى بالمعجم
05010477365712,COUNTRY CRISP Oat clusters with DARK CHOCOLATE,JORDANS,,شوفان داكن شوكولاتة,SA,unknown,100,REVIEW_UNKNOWN_TERMS,LOW,country;crisp;clusters,openfoodfacts,https://world.openfoodfacts.org/product/5010477365712,controlled-lexicon-composition v1 (no free machine translation),مصطلح غير مغطّى بالمعجم
05011835101232,Smooth Organic Peanut Butter,Whole earth,,زبدة فول سوداني ناعم عضوي,GCC,Peanut butters,,REVIEW_BRAND_UNMAPPED,LOW,,openfoodfacts,https://world.openfoodfacts.org/product/5011835101232,controlled-lexicon-composition v1 (no free machine translation),علامة بلا مقابل عربي متحقَّق
05024121885303,Melty Carrot Puffs 7+ Months,Organix,,جزر نفخات,GCC,Dehydrated carrots,,REVIEW_UNKNOWN_TERMS,LOW,melty;months,openfoodfacts,https://world.openfoodfacts.org/product/5024121885303,controlled-lexicon-composition v1 (no free machine translation),مصطلح غير مغطّى بالمعجم
05032085009994,Hype energy drink wild blackcurrant,,,طاقة شراب,SA,Energy drinks,,REVIEW_UNKNOWN_TERMS,LOW,hype;wild;blackcurrant,openfoodfacts,https://world.openfoodfacts.org/product/5032085009994,controlled-lexicon-composition v1 (no free machine translation),مصطلح غير مغطّى بالمعجم
05059321002601,Frosties,Kellogg's,,,GCC,Cereals and their products,,REVIEW_UNKNOWN_TERMS,LOW,frosties,openfoodfacts,https://world.openfoodfacts.org/product/5059321002601,controlled-lexicon-composition v1 (no free machine translation),مصطلح غير مغطّى بالمعجم
05060670992062,Roasted Peanuts,Tabasco,,محمّص,GCC,unknown,30,REVIEW_UNKNOWN_TERMS,LOW,peanuts,openfoodfacts,https://world.openfoodfacts.org/product/5060670992062,controlled-lexicon-composition v1 (no free machine translation),مصطلح غير مغطّى بالمعجم
05900020049209,Nestle fitness cappuccino breakfast cereal bar,,نستله,نستله كابتشينو حبوب إفطار لوح,SA,Snack-bar,,REVIEW_UNKNOWN_TERMS,LOW,fitness;breakfast,openfoodfacts,https://world.openfoodfacts.org/product/5900020049209,controlled-lexicon-composition v1 (no free machine translation),مصطلح غير مغطّى بالمعجم
06070794831733,Huile olive et basilic,Oliviers&Co,,زيتون,GCC,unknown,100,REVIEW_UNKNOWN_TERMS,LOW,huile;et;basilic,openfoodfacts,https://world.openfoodfacts.org/product/6070794831733,controlled-lexicon-composition v1 (no free machine translation),مصطلح غير مغطّى بالمعجم
06072000100503,Salted Margarine,Muscat,,مملّح,GCC,unknown,10,REVIEW_UNKNOWN_TERMS,LOW,margarine,openfoodfacts,https://world.openfoodfacts.org/product/6072000100503,controlled-lexicon-composition v1 (no free machine translation),مصطلح غير مغطّى بالمعجم
06082856451179,CHEESECAKE DE FRAMBUESA,,,,GCC,unknown,90,REVIEW_UNKNOWN_TERMS,LOW,cheesecake;frambuesa,openfoodfacts,https://world.openfoodfacts.org/product/6082856451179,controlled-lexicon-composition v1 (no free machine translation),مصطلح غير مغطّى بالمعجم
06084010930117,chicken nuggets,meat town,,دجاج ناجتس,GCC,unknown,100,REVIEW_BRAND_UNMAPPED,LOW,,openfoodfacts,https://world.openfoodfacts.org/product/6084010930117,controlled-lexicon-composition v1 (no free machine translation),علامة بلا مقابل عربي متحقَّق
06221012003030,Coco Pops Chocos,Kellog’s,,,GCC,Breakfast cereals,30,REVIEW_UNKNOWN_TERMS,LOW,coco;pops;chocos,openfoodfacts,https://world.openfoodfacts.org/product/6221012003030,controlled-lexicon-composition v1 (no free machine translation),مصطلح غير مغطّى بالمعجم
06221030003623,El Shamadan,Shamadan red,,,GCC,unknown,22,REVIEW_UNKNOWN_TERMS,LOW,el;shamadan,openfoodfacts,https://world.openfoodfacts.org/product/6221030003623,controlled-lexicon-composition v1 (no free machine translation),مصطلح غير مغطّى بالمعجم
06271000500225,Chicken Musakhan Rolls,Diet Care,,دجاج رولز,GCC,unknown,155,REVIEW_UNKNOWN_TERMS,LOW,musakhan,openfoodfacts,https://world.openfoodfacts.org/product/6271000500225,controlled-lexicon-composition v1 (no free machine translation),مصطلح غير مغطّى بالمعجم
06271002303695,Good For Me Strawberry Ice Cream,Kdd,كي دي دي,كي دي دي آيس كريم فراولة,GCC,unknown,94,REVIEW_UNKNOWN_TERMS,LOW,good;me,openfoodfacts,https://world.openfoodfacts.org/product/6271002303695,controlled-lexicon-composition v1 (no free machine translation),مصطلح غير مغطّى بالمعجم
06271002404071,ChocoNutty,,,,GCC,unknown,,REVIEW_UNKNOWN_TERMS,LOW,choconutty,openfoodfacts,https://world.openfoodfacts.org/product/6271002404071,controlled-lexicon-composition v1 (no free machine translation),مصطلح غير مغطّى بالمعجم
06271003043040,cup cake,Kuwait Flour Mills,,كوب كيك,GCC,unknown,50,REVIEW_BRAND_UNMAPPED,LOW,,openfoodfacts,https://world.openfoodfacts.org/product/6271003043040,controlled-lexicon-composition v1 (no free machine translation),علامة بلا مقابل عربي متحقَّق
06271100335567,Firecracker Chicken,MF,,دجاج,GCC,unknown,150,REVIEW_UNKNOWN_TERMS,LOW,firecracker,openfoodfacts,https://world.openfoodfacts.org/product/6271100335567,controlled-lexicon-composition v1 (no free machine translation),مصطلح غير مغطّى بالمعجم
06277000103398,PRO GRILLS Sweet Chili,prolife,,حلو شطة,GCC,unknown,,REVIEW_UNKNOWN_TERMS,LOW,pro;grills,openfoodfacts,https://world.openfoodfacts.org/product/6277000103398,controlled-lexicon-composition v1 (no free machine translation),مصطلح غير مغطّى بالمعجم
06281006864504,Yellow label tea,Lipton,ليبتون,ليبتون شاي,SA,unknown,,REVIEW_UNKNOWN_TERMS,LOW,yellow;label,openfoodfacts,https://world.openfoodfacts.org/product/6281006864504,controlled-lexicon-composition v1 (no free machine translation),مصطلح غير مغطّى بالمعجم
06281007050982,Supper pomegranate juice,Almarai,المراعي,المراعي رمان عصير,SA,unknown,,REVIEW_UNKNOWN_TERMS,LOW,supper,openfoodfacts,https://world.openfoodfacts.org/product/6281007050982,controlled-lexicon-composition v1 (no free machine translation),مصطلح غير مغطّى بالمعجم
06281018420163,Florida's Natural Squeezed Orange Juice (900 ML),,,طبيعي برتقال عصير,SA,unknown,,REVIEW_UNKNOWN_TERMS,LOW,florida;squeezed,openfoodfacts,https://world.openfoodfacts.org/product/6281018420163,controlled-lexicon-composition v1 (no free machine translation),مصطلح غير مغطّى بالمعجم
06281050116017,Minced Mutton,Americana,أمريكانا,أمريكانا مفروم,GCC,Sheep meat,100,REVIEW_UNKNOWN_TERMS,LOW,mutton,openfoodfacts,https://world.openfoodfacts.org/product/6281050116017,controlled-lexicon-composition v1 (no free machine translation),مصطلح غير مغطّى بالمعجم
06281058292638,Code red monitor 250ml,,,أحمر,SA,Energy drinks,,REVIEW_UNKNOWN_TERMS,LOW,code;monitor,openfoodfacts,https://world.openfoodfacts.org/product/6281058292638,controlled-lexicon-composition v1 (no free machine translation),مصطلح غير مغطّى بالمعجم
06281060103717,Caesar apricot nectar qamar el din,,قيصر,قيصر مشمش رحيق,SA,Juice,,REVIEW_UNKNOWN_TERMS,LOW,qamar;el;din,openfoodfacts,https://world.openfoodfacts.org/product/6281060103717,controlled-lexicon-composition v1 (no free machine translation),مصطلح غير مغطّى بالمعجم
06281060780895,Bugzy energy drink,,,طاقة شراب,SA,Energy drinks,,REVIEW_UNKNOWN_TERMS,LOW,bugzy,openfoodfacts,https://world.openfoodfacts.org/product/6281060780895,controlled-lexicon-composition v1 (no free machine translation),مصطلح غير مغطّى بالمعجم
06281063632139,Peep choice pineapple broken slices,Peep,,أناناس شرائح,SA,unknown,100,REVIEW_UNKNOWN_TERMS,LOW,choice;broken,openfoodfacts,https://world.openfoodfacts.org/product/6281063632139,controlled-lexicon-composition v1 (no free machine translation),مصطلح غير مغطّى بالمعجم
06281063882077,Basil Leaves,,,ريحان,SA,Dried basils,,REVIEW_UNKNOWN_TERMS,LOW,leaves,openfoodfacts,https://world.openfoodfacts.org/product/6281063882077,controlled-lexicon-composition v1 (no free machine translation),مصطلح غير مغطّى بالمعجم
06281073536007,Amwaj light meat tuna in extra virgin olive oil,,,زيت زيتون لايت لحم تونة إكسترا,SA,Tunas,,REVIEW_UNKNOWN_TERMS,LOW,amwaj;virgin,openfoodfacts,https://world.openfoodfacts.org/product/6281073536007,controlled-lexicon-composition v1 (no free machine translation),مصطلح غير مغطّى بالمعجم
06281101730988,Saudi Dates,,,تمر,SA,unknown,,REVIEW_UNKNOWN_TERMS,LOW,saudi,openfoodfacts,https://world.openfoodfacts.org/product/6281101730988,controlled-lexicon-composition v1 (no free machine translation),مصطلح غير مغطّى بالمعجم
06281105793859,Turkish Coffee Cardamom,Baja,,تركي قهوة هيل,SA,Coffee beans,,REVIEW_BRAND_UNMAPPED,LOW,,openfoodfacts,https://world.openfoodfacts.org/product/6281105793859,controlled-lexicon-composition v1 (no free machine translation),علامة بلا مقابل عربي متحقَّق
06287002760314,Cumin Laban Drink,Rayan,,كمون لبن شراب,SA,unknown,100,REVIEW_BRAND_UNMAPPED,LOW,,openfoodfacts,https://world.openfoodfacts.org/product/6287002760314,controlled-lexicon-composition v1 (no free machine translation),علامة بلا مقابل عربي متحقَّق
06287011321032,Wholesome organic whole grain rolled oats,,,حبوب كاملة عضوي شوفان,SA,unknown,,REVIEW_UNKNOWN_TERMS,LOW,wholesome;rolled,openfoodfacts,https://world.openfoodfacts.org/product/6287011321032,controlled-lexicon-composition v1 (no free machine translation),مصطلح غير مغطّى بالمعجم
06287015240001,Dare jam,,,مربى,SA,unknown,,REVIEW_UNKNOWN_TERMS,LOW,dare,openfoodfacts,https://world.openfoodfacts.org/product/6287015240001,controlled-lexicon-composition v1 (no free machine translation),مصطلح غير مغطّى بالمعجم
06287017150568,Super Superior All Purpose Flour,First Mills,,سوبر دقيق,SA,unknown,,REVIEW_UNKNOWN_TERMS,LOW,superior;all;purpose,openfoodfacts,https://world.openfoodfacts.org/product/6287017150568,controlled-lexicon-composition v1 (no free machine translation),مصطلح غير مغطّى بالمعجم
06287018651149,Natural Peanut Butter,Regano,,زبدة فول سوداني طبيعي,GCC,Nut butters,100,REVIEW_BRAND_UNMAPPED,LOW,,openfoodfacts,https://world.openfoodfacts.org/product/6287018651149,controlled-lexicon-composition v1 (no free machine translation),علامة بلا مقابل عربي متحقَّق
06287022200760,Green farms peeled fava beans,,,أخضر مزارع فول فاصوليا,SA,unknown,,REVIEW_UNKNOWN_TERMS,LOW,peeled,openfoodfacts,https://world.openfoodfacts.org/product/6287022200760,controlled-lexicon-composition v1 (no free machine translation),مصطلح غير مغطّى بالمعجم
06290361202692,Organic Medjool Dates,Jomara,جمارة,جمارة عضوي تمر,GCC,Medjool dates,48,REVIEW_UNKNOWN_TERMS,LOW,medjool,openfoodfacts,https://world.openfoodfacts.org/product/6290361202692,controlled-lexicon-composition v1 (no free machine translation),مصطلح غير مغطّى بالمعجم
06290361830000,Square Beef Burger,Seara,سيارا,سيارا لحم بقري برجر,GCC,unknown,100,REVIEW_UNKNOWN_TERMS,LOW,square,openfoodfacts,https://world.openfoodfacts.org/product/6290361830000,controlled-lexicon-composition v1 (no free machine translation),مصطلح غير مغطّى بالمعجم
06291003018589,Fins Creamy Cheddar,Tiffany,تيفاني,تيفاني كريمي شيدر,GCC,unknown,170,REVIEW_UNKNOWN_TERMS,LOW,fins,openfoodfacts,https://world.openfoodfacts.org/product/6291003018589,controlled-lexicon-composition v1 (no free machine translation),مصطلح غير مغطّى بالمعجم
06291007907599,Good Day Rich Pistachio and Almond Cookies,Britannia,بريتانيا,بريتانيا فستق لوز كوكيز,GCC,unknown,,REVIEW_UNKNOWN_TERMS,LOW,good;day;rich,openfoodfacts,https://world.openfoodfacts.org/product/6291007907599,controlled-lexicon-composition v1 (no free machine translation),مصطلح غير مغطّى بالمعجم
06291010902949,Goyave genial,Star,,,GCC,Sweetened beverages,250,REVIEW_UNKNOWN_TERMS,LOW,goyave;genial,openfoodfacts,https://world.openfoodfacts.org/product/6291010902949,controlled-lexicon-composition v1 (no free machine translation),مصطلح غير مغطّى بالمعجم
06291079225058,Farm fresh premium fava beans plan medames,Farm fresh,فارم فريش,فارم فريش فاخر فول فاصوليا,GCC,unknown,130,REVIEW_UNKNOWN_TERMS,LOW,plan;medames,openfoodfacts,https://world.openfoodfacts.org/product/6291079225058,controlled-lexicon-composition v1 (no free machine translation),مصطلح غير مغطّى بالمعجم
06291104285781,Organic Spaghetti OL,Mama Italy,,عضوي سباغيتي,GCC,unknown,,REVIEW_UNKNOWN_TERMS,LOW,ol,openfoodfacts,https://world.openfoodfacts.org/product/6291104285781,controlled-lexicon-composition v1 (no free machine translation),مصطلح غير مغطّى بالمعجم
06291106845778,Power Shot,Fit Fresh,,,GCC,unknown,60,REVIEW_UNKNOWN_TERMS,LOW,power;shot,openfoodfacts,https://world.openfoodfacts.org/product/6291106845778,controlled-lexicon-composition v1 (no free machine translation),مصطلح غير مغطّى بالمعجم
06291109850366,Yellowfin Tuna In Olive Oil,Virginia,,زيت زيتون تونة,GCC,unknown,100,REVIEW_UNKNOWN_TERMS,LOW,yellowfin,openfoodfacts,https://world.openfoodfacts.org/product/6291109850366,controlled-lexicon-composition v1 (no free machine translation),مصطلح غير مغطّى بالمعجم
06292644005112,Tempura Squid Strips,Paramount Food,,ستربس,GCC,unknown,30,REVIEW_UNKNOWN_TERMS,LOW,tempura;squid,openfoodfacts,https://world.openfoodfacts.org/product/6292644005112,controlled-lexicon-composition v1 (no free machine translation),مصطلح غير مغطّى بالمعجم
06294003591052,Maggi lentil soup,,ماجي,ماجي شوربة,GCC,unknown,,REVIEW_UNKNOWN_TERMS,LOW,lentil,openfoodfacts,https://world.openfoodfacts.org/product/6294003591052,controlled-lexicon-composition v1 (no free machine translation),مصطلح غير مغطّى بالمعجم
06294006707450,Lychee Drink,Cosco,,شراب,GCC,unknown,320,REVIEW_UNKNOWN_TERMS,LOW,lychee,openfoodfacts,https://world.openfoodfacts.org/product/6294006707450,controlled-lexicon-composition v1 (no free machine translation),مصطلح غير مغطّى بالمعجم
06294011651151,Sugar Free Oatmeal Cookies,LuLu,لولو,لولو خالي السكر كوكيز,GCC,unknown,30,REVIEW_UNKNOWN_TERMS,LOW,oatmeal,openfoodfacts,https://world.openfoodfacts.org/product/6294011651151,controlled-lexicon-composition v1 (no free machine translation),مصطلح غير مغطّى بالمعجم
06294017518601,brazilian beef cubes,butchero,,لحم بقري,GCC,unknown,100,REVIEW_UNKNOWN_TERMS,LOW,brazilian;cubes,openfoodfacts,https://world.openfoodfacts.org/product/6294017518601,controlled-lexicon-composition v1 (no free machine translation),مصطلح غير مغطّى بالمعجم
06297000670331,halloumi low fat,baladé farms,,قليل الدسم حلوم,GCC,Halloumi,100,REVIEW_BRAND_UNMAPPED,LOW,,openfoodfacts,https://world.openfoodfacts.org/product/6297000670331,controlled-lexicon-composition v1 (no free machine translation),علامة بلا مقابل عربي متحقَّق
06298044177268,Protein chips,Soul Pantry,,بروتين شيبس,GCC,Chips and fries,50,REVIEW_BRAND_UNMAPPED,LOW,,openfoodfacts,https://world.openfoodfacts.org/product/6298044177268,controlled-lexicon-composition v1 (no free machine translation),علامة بلا مقابل عربي متحقَّق
06299200046718,Protein Drink Vanilla Flavour,Milba,,بروتين شراب فانيلا نكهة,GCC,unknown,,REVIEW_BRAND_UNMAPPED,LOW,,openfoodfacts,https://world.openfoodfacts.org/product/6299200046718,controlled-lexicon-composition v1 (no free machine translation),علامة بلا مقابل عربي متحقَّق
06299200048064,French Madeleine With Chocolate Chips,Plaisir,,فرنسي شوكولاتة شيبس,GCC,unknown,25,REVIEW_UNKNOWN_TERMS,LOW,madeleine,openfoodfacts,https://world.openfoodfacts.org/product/6299200048064,controlled-lexicon-composition v1 (no free machine translation),مصطلح غير مغطّى بالمعجم
06299200062282,Dried Mango Slices,Chic n Choc,,مجفّف مانجو شرائح,GCC,unknown,,REVIEW_BRAND_UNMAPPED,LOW,,openfoodfacts,https://world.openfoodfacts.org/product/6299200062282,controlled-lexicon-composition v1 (no free machine translation),علامة بلا مقابل عربي متحقَّق
06300900237938,Hi-protein Yogurt Drink,Baladna,بلدنا,بلدنا بروتين زبادي شراب,GCC,unknown,360,REVIEW_UNKNOWN_TERMS,LOW,hi,openfoodfacts,https://world.openfoodfacts.org/product/6300900237938,controlled-lexicon-composition v1 (no free machine translation),مصطلح غير مغطّى بالمعجم
06301286349888,Tuna Steaks,The Fish Market,,تونة,GCC,Tunas,,REVIEW_UNKNOWN_TERMS,LOW,steaks,openfoodfacts,https://world.openfoodfacts.org/product/6301286349888,controlled-lexicon-composition v1 (no free machine translation),مصطلح غير مغطّى بالمعجم
08410076622013,Betty crocker brownies chocolate fudge4×24g,betty crocker,,شوكولاتة فدج,GCC,unknown,24,REVIEW_UNKNOWN_TERMS,LOW,brownies,openfoodfacts,https://world.openfoodfacts.org/product/8410076622013,controlled-lexicon-composition v1 (no free machine translation),مصطلح غير مغطّى بالمعجم
08801073910225,Dumpling,Self-Made（10个）,,,GCC,unknown,250,REVIEW_UNKNOWN_TERMS,LOW,dumpling,openfoodfacts,https://world.openfoodfacts.org/product/8801073910225,controlled-lexicon-composition v1 (no free machine translation),مصطلح غير مغطّى بالمعجم
08901491000192,Doritod cheese flavor,20rs,,جبن نكهة,GCC,Crisps,,REVIEW_UNKNOWN_TERMS,LOW,doritod,openfoodfacts,https://world.openfoodfacts.org/product/8901491000192,controlled-lexicon-composition v1 (no free machine translation),مصطلح غير مغطّى بالمعجم
08998866501743,Mie sedaap instant noodles korean spicy chicken,,,سريع التحضير نودلز حار دجاج,SA,Noodles,,REVIEW_UNKNOWN_TERMS,LOW,mie;sedaap;korean,openfoodfacts,https://world.openfoodfacts.org/product/8998866501743,controlled-lexicon-composition v1 (no free machine translation),مصطلح غير مغطّى بالمعجم
00000029582235,100% Fresh Cows Milk,Spinney’s,,طازج حليب,GCC,unknown,250,REVIEW_UNKNOWN_TERMS,LOW,cows,openfoodfacts,https://world.openfoodfacts.org/product/29582235,controlled-lexicon-composition v1 (no free machine translation),مصطلح غير مغطّى بالمعجم
00000087162035,Rainbow fresh Milk Original,Rainbow,,حليب طازج أصلي,SA,unknown,14,REVIEW_BRAND_UNMAPPED,LOW,,openfoodfacts,https://world.openfoodfacts.org/product/87162035,controlled-lexicon-composition v1 (no free machine translation),علامة بلا مقابل عربي متحقَّق
00025616042138,Mr. Brown vanilla,,,بني فانيلا,GCC,unknown,,REVIEW_UNKNOWN_TERMS,LOW,mr,openfoodfacts,https://world.openfoodfacts.org/product/0025616042138,controlled-lexicon-composition v1 (no free machine translation),مصطلح غير مغطّى بالمعجم
00628634736135,Carrot Cake,Stellar Eats,,جزر كيك,GCC,unknown,29,REVIEW_BRAND_UNMAPPED,LOW,,openfoodfacts,https://world.openfoodfacts.org/product/0628634736135,controlled-lexicon-composition v1 (no free machine translation),علامة بلا مقابل عربي متحقَّق
00745178417587,Mr tito pizza flavor,,,بيتزا نكهة,SA,Chips,,REVIEW_UNKNOWN_TERMS,LOW,mr;tito,openfoodfacts,https://world.openfoodfacts.org/product/0745178417587,controlled-lexicon-composition v1 (no free machine translation),مصطلح غير مغطّى بالمعجم
00855434002966,Johar Joshanda,,,,GCC,unknown,,REVIEW_UNKNOWN_TERMS,LOW,johar;joshanda,openfoodfacts,https://world.openfoodfacts.org/product/0855434002966,controlled-lexicon-composition v1 (no free machine translation),مصطلح غير مغطّى بالمعجم
04025127086351,Effect guava massive energy drink 250ml,Effect,,جوافة طاقة شراب,GCC,unknown,250,REVIEW_UNKNOWN_TERMS,LOW,massive,openfoodfacts,https://world.openfoodfacts.org/product/4025127086351,controlled-lexicon-composition v1 (no free machine translation),مصطلح غير مغطّى بالمعجم
04610169563412,pancake,Snaq Fabriq,,بان كيك,GCC,unknown,45,REVIEW_BRAND_UNMAPPED,LOW,,openfoodfacts,https://world.openfoodfacts.org/product/4610169563412,controlled-lexicon-composition v1 (no free machine translation),علامة بلا مقابل عربي متحقَّق
04742024330034,turmeric shot,wasel,,كركم,GCC,unknown,60,REVIEW_UNKNOWN_TERMS,LOW,shot,openfoodfacts,https://world.openfoodfacts.org/product/4742024330034,controlled-lexicon-composition v1 (no free machine translation),مصطلح غير مغطّى بالمعجم
04800344001420,Silver Swan Soy sauce imp,,,صويا صلصة,SA,Soy sauces,,REVIEW_UNKNOWN_TERMS,LOW,silver;swan;imp,openfoodfacts,https://world.openfoodfacts.org/product/4800344001420,controlled-lexicon-composition v1 (no free machine translation),مصطلح غير مغطّى بالمعجم
04807770272394,Lucky me lomi,Lucky Me,,,GCC,unknown,65,REVIEW_UNKNOWN_TERMS,LOW,lomi,openfoodfacts,https://world.openfoodfacts.org/product/4807770272394,controlled-lexicon-composition v1 (no free machine translation),مصطلح غير مغطّى بالمعجم
05000500101264,Crunchy Choco Chips,Casabite,,مقرمش شوكولاتة شيبس,GCC,unknown,100,REVIEW_BRAND_UNMAPPED,LOW,,openfoodfacts,https://world.openfoodfacts.org/product/5000500101264,controlled-lexicon-composition v1 (no free machine translation),علامة بلا مقابل عربي متحقَّق
05010029214420,Alpen light Summer fruits,Weetabix,,لايت فواكه,GCC,Cereal bars,,REVIEW_UNKNOWN_TERMS,LOW,alpen;summer,openfoodfacts,https://world.openfoodfacts.org/product/5010029214420,controlled-lexicon-composition v1 (no free machine translation),مصطلح غير مغطّى بالمعجم
05012246006444,Crazy Jack Organic Soft Dried Apricots 200g,Crazy Jack,,عضوي طري مجفّف,SA,Dried apricots,,REVIEW_UNKNOWN_TERMS,LOW,apricots,openfoodfacts,https://world.openfoodfacts.org/product/5012246006444,controlled-lexicon-composition v1 (no free machine translation),مصطلح غير مغطّى بالمعجم
05032085011010,Hype energy drink tropical fusion,,,طاقة شراب,SA,Energy drinks,,REVIEW_UNKNOWN_TERMS,LOW,hype;tropical;fusion,openfoodfacts,https://world.openfoodfacts.org/product/5032085011010,controlled-lexicon-composition v1 (no free machine translation),مصطلح غير مغطّى بالمعجم
05051146373447,Naboulsi Cheese,Sarouja,,جبن,GCC,Cheeses,,REVIEW_UNKNOWN_TERMS,LOW,naboulsi,openfoodfacts,https://world.openfoodfacts.org/product/5051146373447,controlled-lexicon-composition v1 (no free machine translation),مصطلح غير مغطّى بالمعجم
05060686530012,Whey Protein Strawberry,Basix,,واي بروتين فراولة,SA,unknown,32,REVIEW_BRAND_UNMAPPED,LOW,,openfoodfacts,https://world.openfoodfacts.org/product/5060686530012,controlled-lexicon-composition v1 (no free machine translation),علامة بلا مقابل عربي متحقَّق
05201004046031,Papadopoulos digestive bar with red fruits and milk,,,دايجستيف لوح أحمر فواكه حليب,GCC,unknown,,REVIEW_UNKNOWN_TERMS,LOW,papadopoulos,openfoodfacts,https://world.openfoodfacts.org/product/5201004046031,controlled-lexicon-composition v1 (no free machine translation),مصطلح غير مغطّى بالمعجم
05285000910572,steviana sweetener,STEVANA,,محلّي,SA,Stevia sweetener,5,REVIEW_UNKNOWN_TERMS,LOW,steviana,openfoodfacts,https://world.openfoodfacts.org/product/5285000910572,controlled-lexicon-composition v1 (no free machine translation),مصطلح غير مغطّى بالمعجم
05941047829214,Praline,Primola,,برالين,SA,Bonbons,,REVIEW_BRAND_UNMAPPED,LOW,,openfoodfacts,https://world.openfoodfacts.org/product/5941047829214,controlled-lexicon-composition v1 (no free machine translation),علامة بلا مقابل عربي متحقَّق
06078410773863,English Butter Salted,Tesco,,زبدة مملّح,GCC,Salted butters,,REVIEW_UNKNOWN_TERMS,LOW,english,openfoodfacts,https://world.openfoodfacts.org/product/6078410773863,controlled-lexicon-composition v1 (no free machine translation),مصطلح غير مغطّى بالمعجم
06079809073144,Zimtmandeln in Vollmilch-Schokolade,,,,GCC,unknown,,REVIEW_UNKNOWN_TERMS,LOW,zimtmandeln;vollmilch;schokolade,openfoodfacts,https://world.openfoodfacts.org/product/6079809073144,controlled-lexicon-composition v1 (no free machine translation),مصطلح غير مغطّى بالمعجم
06082052430466,Mayonesa con aceite de oliva,auchan,,,GCC,unknown,,REVIEW_UNKNOWN_TERMS,LOW,mayonesa;con;aceite;oliva,openfoodfacts,https://world.openfoodfacts.org/product/6082052430466,controlled-lexicon-composition v1 (no free machine translation),مصطلح غير مغطّى بالمعجم
06088750338806,Queso crema,Kraft,كرافت,كرافت,GCC,unknown,,REVIEW_UNKNOWN_TERMS,LOW,queso;crema,openfoodfacts,https://world.openfoodfacts.org/product/6088750338806,controlled-lexicon-composition v1 (no free machine translation),مصطلح غير مغطّى بالمعجم
06223017870105,Protein Puffs - Sour Cream And Onion,Lino,,كريمة حامضة بروتين نفخات بصل,GCC,unknown,30,REVIEW_BRAND_UNMAPPED,LOW,,openfoodfacts,https://world.openfoodfacts.org/product/6223017870105,controlled-lexicon-composition v1 (no free machine translation),علامة بلا مقابل عربي متحقَّق
06253357902617,Corn flow,Ukol,,ذرة,GCC,Corn starch,10,REVIEW_UNKNOWN_TERMS,LOW,flow,openfoodfacts,https://world.openfoodfacts.org/product/6253357902617,controlled-lexicon-composition v1 (no free machine translation),مصطلح غير مغطّى بالمعجم
06271002700562,Béchamel Sauce,KDD,كي دي دي,كي دي دي صلصة,SA,Béchamel sauces,100,REVIEW_UNKNOWN_TERMS,LOW,chamel,openfoodfacts,https://world.openfoodfacts.org/product/6271002700562,controlled-lexicon-composition v1 (no free machine translation),مصطلح غير مغطّى بالمعجم
06271009040357,Urad Dal White,ahlia,,أبيض,GCC,Lentils,100,REVIEW_UNKNOWN_TERMS,LOW,urad;dal,openfoodfacts,https://world.openfoodfacts.org/product/6271009040357,controlled-lexicon-composition v1 (no free machine translation),مصطلح غير مغطّى بالمعجم
06271101029397,Roasted Turkey,Hectare’s,,محمّص ديك رومي,GCC,unknown,100,REVIEW_BRAND_UNMAPPED,LOW,,openfoodfacts,https://world.openfoodfacts.org/product/6271101029397,controlled-lexicon-composition v1 (no free machine translation),علامة بلا مقابل عربي متحقَّق
06278844598210,Organic Plantain Chips,El Origen,,عضوي شيبس,GCC,Chips and fries,20,REVIEW_UNKNOWN_TERMS,LOW,plantain,openfoodfacts,https://world.openfoodfacts.org/product/6278844598210,controlled-lexicon-composition v1 (no free machine translation),مصطلح غير مغطّى بالمعجم
06279870380718,Garlic and Chive Vegan Cheese,,,ثوم نباتي جبن,GCC,unknown,,REVIEW_UNKNOWN_TERMS,LOW,chive,openfoodfacts,https://world.openfoodfacts.org/product/6279870380718,controlled-lexicon-composition v1 (no free machine translation),مصطلح غير مغطّى بالمعجم
06281000010174,Zoi ice tea flavor tropical,Zoi,,مثلج شاي نكهة,SA,unknown,320,REVIEW_UNKNOWN_TERMS,LOW,tropical,openfoodfacts,https://world.openfoodfacts.org/product/6281000010174,controlled-lexicon-composition v1 (no free machine translation),مصطلح غير مغطّى بالمعجم
06281006702387,Thé or,Lipton,ليبتون,ليبتون,SA,Flavored black teas,,REVIEW_UNKNOWN_TERMS,LOW,th;or,openfoodfacts,https://world.openfoodfacts.org/product/6281006702387,controlled-lexicon-composition v1 (no free machine translation),مصطلح غير مغطّى بالمعجم
06281016202129,Abu Walad Yemeni Sandwich Biscuits,Teashop,,ساندويتش بسكويت,SA,Biscuits,30,REVIEW_UNKNOWN_TERMS,LOW,abu;walad;yemeni,openfoodfacts,https://world.openfoodfacts.org/product/6281016202129,controlled-lexicon-composition v1 (no free machine translation),مصطلح غير مغطّى بالمعجم
06281022119206,Actimel mixed berries dairy drink,Actimel,,مشكل توت شراب,SA,unknown,93,REVIEW_UNKNOWN_TERMS,LOW,dairy,openfoodfacts,https://world.openfoodfacts.org/product/6281022119206,controlled-lexicon-composition v1 (no free machine translation),مصطلح غير مغطّى بالمعجم
06281024110119,Light tasty 😋,Président,,لايت,SA,unknown,100,REVIEW_UNKNOWN_TERMS,LOW,tasty,openfoodfacts,https://world.openfoodfacts.org/product/6281024110119,controlled-lexicon-composition v1 (no free machine translation),مصطلح غير مغطّى بالمعجم
06281026121038,Alrabie chocolate biscuits flavored milk,,,شوكولاتة بسكويت بنكهة حليب,SA,unknown,,REVIEW_UNKNOWN_TERMS,LOW,alrabie,openfoodfacts,https://world.openfoodfacts.org/product/6281026121038,controlled-lexicon-composition v1 (no free machine translation),مصطلح غير مغطّى بالمعجم
06281033305308,Fresh cake marble,,,طازج كيك,GCC,Cakes,,REVIEW_UNKNOWN_TERMS,LOW,marble,openfoodfacts,https://world.openfoodfacts.org/product/6281033305308,controlled-lexicon-composition v1 (no free machine translation),مصطلح غير مغطّى بالمعجم
06281034915698,Barbican malt beverage berry freeze flavor,,باربيكان,باربيكان شعير مشروب توت نكهة,SA,Beverages,,REVIEW_UNKNOWN_TERMS,LOW,freeze,openfoodfacts,https://world.openfoodfacts.org/product/6281034915698,controlled-lexicon-composition v1 (no free machine translation),مصطلح غير مغطّى بالمعجم
06281036125705,Lay’s french cheese,,,فرنسي جبن,SA,unknown,,REVIEW_UNKNOWN_TERMS,LOW,lay,openfoodfacts,https://world.openfoodfacts.org/product/6281036125705,controlled-lexicon-composition v1 (no free machine translation),مصطلح غير مغطّى بالمعجم
06281051005778,Dari labneh,,,لبنة,SA,unknown,,REVIEW_UNKNOWN_TERMS,LOW,dari,openfoodfacts,https://world.openfoodfacts.org/product/6281051005778,controlled-lexicon-composition v1 (no free machine translation),مصطلح غير مغطّى بالمعجم
06281100611844,Zidnee white oats quick cooking,,,أبيض شوفان طبخ,SA,unknown,,REVIEW_UNKNOWN_TERMS,LOW,zidnee;quick,openfoodfacts,https://world.openfoodfacts.org/product/6281100611844,controlled-lexicon-composition v1 (no free machine translation),مصطلح غير مغطّى بالمعجم
06281105790360,Baja Salted Cashew,,,مملّح كاجو,SA,unknown,,REVIEW_UNKNOWN_TERMS,LOW,baja,openfoodfacts,https://world.openfoodfacts.org/product/6281105790360,controlled-lexicon-composition v1 (no free machine translation),مصطلح غير مغطّى بالمعجم
06287005470074,Premium sukari dates,,,فاخر تمر,SA,unknown,,REVIEW_UNKNOWN_TERMS,LOW,sukari,openfoodfacts,https://world.openfoodfacts.org/product/6287005470074,controlled-lexicon-composition v1 (no free machine translation),مصطلح غير مغطّى بالمعجم
06287022200722,Green farms whole fava beans Saudi recipe,,,أخضر مزارع فول فاصوليا وصفة,SA,unknown,,REVIEW_UNKNOWN_TERMS,LOW,whole;saudi,openfoodfacts,https://world.openfoodfacts.org/product/6287022200722,controlled-lexicon-composition v1 (no free machine translation),مصطلح غير مغطّى بالمعجم
06287039020016,Salted Caramel,Laveira,,مملّح كراميل,SA,unknown,100,REVIEW_BRAND_UNMAPPED,LOW,,openfoodfacts,https://world.openfoodfacts.org/product/6287039020016,controlled-lexicon-composition v1 (no free machine translation),علامة بلا مقابل عربي متحقَّق
06287042130825,Victoria halawa with pistachio,,,حلاوة فستق,SA,Baking-ingredients,,REVIEW_UNKNOWN_TERMS,LOW,victoria,openfoodfacts,https://world.openfoodfacts.org/product/6287042130825,controlled-lexicon-composition v1 (no free machine translation),مصطلح غير مغطّى بالمعجم
06291003300974,Noor cocking spray,,,,SA,Oil-spray,,REVIEW_UNKNOWN_TERMS,LOW,noor;cocking;spray,openfoodfacts,https://world.openfoodfacts.org/product/6291003300974,controlled-lexicon-composition v1 (no free machine translation),مصطلح غير مغطّى بالمعجم
06291003604904,Mango flavored sorbet bar,London Diary,,مانجو بنكهة لوح,GCC,Ice creams,,REVIEW_UNKNOWN_TERMS,LOW,sorbet,openfoodfacts,https://world.openfoodfacts.org/product/6291003604904,controlled-lexicon-composition v1 (no free machine translation),مصطلح غير مغطّى بالمعجم
06291007906417,5050 sweet and salty,Britannia,بريتانيا,بريتانيا حلو,GCC,Salty-crackers,22,REVIEW_UNKNOWN_TERMS,LOW,salty,openfoodfacts,https://world.openfoodfacts.org/product/6291007906417,controlled-lexicon-composition v1 (no free machine translation),مصطلح غير مغطّى بالمعجم
06291011005632,XL extreme flamin hot,,,حار,SA,Chips,,REVIEW_UNKNOWN_TERMS,LOW,xl;extreme;flamin,openfoodfacts,https://world.openfoodfacts.org/product/6291011005632,controlled-lexicon-composition v1 (no free machine translation),مصطلح غير مغطّى بالمعجم
06291031001799,Fresh Laban,Al Rawabi,,طازج لبن,GCC,unknown,100,REVIEW_BRAND_UNMAPPED,LOW,,openfoodfacts,https://world.openfoodfacts.org/product/6291031001799,controlled-lexicon-composition v1 (no free machine translation),علامة بلا مقابل عربي متحقَّق
06291034003677,Pure Coconut Water With Pulp,Unikai,,نقي جوز الهند ماء,GCC,unknown,310,REVIEW_UNKNOWN_TERMS,LOW,pulp,openfoodfacts,https://world.openfoodfacts.org/product/6291034003677,controlled-lexicon-composition v1 (no free machine translation),مصطلح غير مغطّى بالمعجم
06291044444910,Laban up - sweetened laban drink,Safa,,لبن لبن شراب,GCC,Yogurt drinks,,REVIEW_UNKNOWN_TERMS,LOW,sweetened,openfoodfacts,https://world.openfoodfacts.org/product/6291044444910,controlled-lexicon-composition v1 (no free machine translation),مصطلح غير مغطّى بالمعجم
06291079227052,Mild&Crispy Zing Chicken,Farm Fresh,فارم فريش,فارم فريش خفيف مقرمش دجاج,GCC,unknown,100,REVIEW_UNKNOWN_TERMS,LOW,zing,openfoodfacts,https://world.openfoodfacts.org/product/6291079227052,controlled-lexicon-composition v1 (no free machine translation),مصطلح غير مغطّى بالمعجم
06291100605866,Keto Butter Crossaint IMP,Delice,,كيتو زبدة,SA,unknown,40,REVIEW_UNKNOWN_TERMS,LOW,crossaint;imp,openfoodfacts,https://world.openfoodfacts.org/product/6291100605866,controlled-lexicon-composition v1 (no free machine translation),مصطلح غير مغطّى بالمعجم
06291106450378,Yaumi Potato Bread,Yaumi,,بطاطس خبز,GCC,unknown,100,REVIEW_BRAND_UNMAPPED,LOW,,openfoodfacts,https://world.openfoodfacts.org/product/6291106450378,controlled-lexicon-composition v1 (no free machine translation),علامة بلا مقابل عربي متحقَّق
06291108638460,Dattes fourrées,Jomara,جمارة,جمارة تمر,GCC,unknown,48,REVIEW_UNKNOWN_TERMS,LOW,fourr;es,openfoodfacts,https://world.openfoodfacts.org/product/6291108638460,controlled-lexicon-composition v1 (no free machine translation),مصطلح غير مغطّى بالمعجم
06297000670379,Yaourt grec,balade,بلدي,بلدي,GCC,unknown,100,REVIEW_UNKNOWN_TERMS,LOW,yaourt;grec,openfoodfacts,https://world.openfoodfacts.org/product/6297000670379,controlled-lexicon-composition v1 (no free machine translation),مصطلح غير مغطّى بالمعجم
06297000778662,Lactofree low fat probiotic yogurt,baladé farms,,قليل الدسم بروبيوتيك زبادي,SA,unknown,100,REVIEW_UNKNOWN_TERMS,LOW,lactofree,openfoodfacts,https://world.openfoodfacts.org/product/6297000778662,controlled-lexicon-composition v1 (no free machine translation),مصطلح غير مغطّى بالمعجم
06299200059619,Chocolate milk,Cafe dolce,,شوكولاتة حليب,SA,Chocolate milks,250,REVIEW_BRAND_UNMAPPED,LOW,,openfoodfacts,https://world.openfoodfacts.org/product/6299200059619,controlled-lexicon-composition v1 (no free machine translation),علامة بلا مقابل عربي متحقَّق
06300900550105,Vancho Keksy,London Bakery,,,GCC,unknown,100,REVIEW_UNKNOWN_TERMS,LOW,vancho;keksy,openfoodfacts,https://world.openfoodfacts.org/product/6300900550105,controlled-lexicon-composition v1 (no free machine translation),مصطلح غير مغطّى بالمعجم
06305469603460,Cranberries sechees,,,,GCC,unknown,,REVIEW_UNKNOWN_TERMS,LOW,cranberries;sechees,openfoodfacts,https://world.openfoodfacts.org/product/6305469603460,controlled-lexicon-composition v1 (no free machine translation),مصطلح غير مغطّى بالمعجم
06942836715199,Syrup (Delicious Strawberry Flavour),Hershey's,هيرشيز,هيرشيز شراب فراولة نكهة,GCC,Strawberry syrups,,REVIEW_UNKNOWN_TERMS,LOW,delicious,openfoodfacts,https://world.openfoodfacts.org/product/6942836715199,controlled-lexicon-composition v1 (no free machine translation),مصطلح غير مغطّى بالمعجم
08052575090902,Nocciolata,Tigoni Di Asiago,,,GCC,Chocolate spreads,15,REVIEW_UNKNOWN_TERMS,LOW,nocciolata,openfoodfacts,https://world.openfoodfacts.org/product/8052575090902,controlled-lexicon-composition v1 (no free machine translation),مصطلح غير مغطّى بالمعجم
08410076602138,Nature valley crunchy dipped milk chocolate,,,طبيعي مقرمش حليب شوكولاتة,SA,unknown,,REVIEW_UNKNOWN_TERMS,LOW,valley;dipped,openfoodfacts,https://world.openfoodfacts.org/product/8410076602138,controlled-lexicon-composition v1 (no free machine translation),مصطلح غير مغطّى بالمعجم
08410522001034,sliced coopoliva,,,شرائح,SA,unknown,,REVIEW_UNKNOWN_TERMS,LOW,coopoliva,openfoodfacts,https://world.openfoodfacts.org/product/8410522001034,controlled-lexicon-composition v1 (no free machine translation),مصطلح غير مغطّى بالمعجم
08690766026387,Çikolatalı Yaş Pasta,Ülker,أولكر,أولكر معكرونة,GCC,Chocolate cakes,66,REVIEW_UNKNOWN_TERMS,LOW,ikolatal;ya,openfoodfacts,https://world.openfoodfacts.org/product/8690766026387,controlled-lexicon-composition v1 (no free machine translation),مصطلح غير مغطّى بالمعجم
08801117907006,Choco Pie,ORION,,شوكولاتة فطيرة,GCC,Snacks-sweet-snacks-chocolates,,REVIEW_BRAND_UNMAPPED,LOW,,openfoodfacts,https://world.openfoodfacts.org/product/8801117907006,controlled-lexicon-composition v1 (no free machine translation),علامة بلا مقابل عربي متحقَّق
08903950201515,Madagascar Vanilla Ice Cream,Lazza,,آيس كريم فانيلا,GCC,Ice cream tubs,100,REVIEW_UNKNOWN_TERMS,LOW,madagascar,openfoodfacts,https://world.openfoodfacts.org/product/8903950201515,controlled-lexicon-composition v1 (no free machine translation),مصطلح غير مغطّى بالمعجم
09300633454296,Organic Lentils,macro,,عضوي عدس,SA,Canned lentils,75,REVIEW_BRAND_UNMAPPED,LOW,,openfoodfacts,https://world.openfoodfacts.org/product/9300633454296,controlled-lexicon-composition v1 (no free machine translation),علامة بلا مقابل عربي متحقَّق
09555855401621,Ice Bars,Popsmalaya,,مثلج,GCC,unknown,45,REVIEW_UNKNOWN_TERMS,LOW,bars,openfoodfacts,https://world.openfoodfacts.org/product/9555855401621,controlled-lexicon-composition v1 (no free machine translation),مصطلح غير مغطّى بالمعجم
00000090020087,Rauch graceful grape juice,Rauch,,عنب عصير,SA,unknown,,REVIEW_UNKNOWN_TERMS,LOW,graceful,openfoodfacts,https://world.openfoodfacts.org/product/90020087,controlled-lexicon-composition v1 (no free machine translation),مصطلح غير مغطّى بالمعجم
00000090474064,Red bull curuba - elderflower flavor energy drink,,ريد بول,ريد بول نكهة طاقة شراب,SA,Energy drinks,,REVIEW_UNKNOWN_TERMS,LOW,curuba;elderflower,openfoodfacts,https://world.openfoodfacts.org/product/90474064,controlled-lexicon-composition v1 (no free machine translation),مصطلح غير مغطّى بالمعجم
00012000047466,Sting red,,,أحمر,SA,unknown,,REVIEW_UNKNOWN_TERMS,LOW,sting,openfoodfacts,https://world.openfoodfacts.org/product/0012000047466,controlled-lexicon-composition v1 (no free machine translation),مصطلح غير مغطّى بالمعجم
00627735270012,Original Pepperoni,Fresh Market,,أصلي,GCC,unknown,54,REVIEW_UNKNOWN_TERMS,LOW,pepperoni,openfoodfacts,https://world.openfoodfacts.org/product/0627735270012,controlled-lexicon-composition v1 (no free machine translation),مصطلح غير مغطّى بالمعجم
00628678203181,All-in-one Superfood Shake,GOOD,,شيك,SA,Protein powders,36,REVIEW_UNKNOWN_TERMS,LOW,all;superfood,openfoodfacts,https://world.openfoodfacts.org/product/0628678203181,controlled-lexicon-composition v1 (no free machine translation),مصطلح غير مغطّى بالمعجم
00629002072398,Diced Cooked Pancetta,Fantino & Mondello,,مطبوخ,GCC,unknown,55,REVIEW_UNKNOWN_TERMS,LOW,diced;pancetta,openfoodfacts,https://world.openfoodfacts.org/product/0629002072398,controlled-lexicon-composition v1 (no free machine translation),مصطلح غير مغطّى بالمعجم
00717273508620,Peanut Butter,Unknown,,زبدة فول سوداني,GCC,Peanut butters,32,REVIEW_BRAND_UNMAPPED,LOW,,openfoodfacts,https://world.openfoodfacts.org/product/0717273508620,controlled-lexicon-composition v1 (no free machine translation),علامة بلا مقابل عربي متحقَّق
03193514102135,Pita White,Al Reem Lebanese Bakery,,أبيض,GCC,unknown,62,REVIEW_UNKNOWN_TERMS,LOW,pita,openfoodfacts,https://world.openfoodfacts.org/product/3193514102135,controlled-lexicon-composition v1 (no free machine translation),مصطلح غير مغطّى بالمعجم
03456300014280,Pur jus citron vert,Jardin biologique,,,GCC,Fruit juices,,REVIEW_UNKNOWN_TERMS,LOW,pur;jus;citron;vert,openfoodfacts,https://world.openfoodfacts.org/product/3456300014280,controlled-lexicon-composition v1 (no free machine translation),مصطلح غير مغطّى بالمعجم
04017100125362,Leibniz zoo,Leibniz,,,GCC,Biscuits,,REVIEW_UNKNOWN_TERMS,LOW,zoo,openfoodfacts,https://world.openfoodfacts.org/product/4017100125362,controlled-lexicon-composition v1 (no free machine translation),مصطلح غير مغطّى بالمعجم
04100290056209,Protein pudding dessert with hazelnut latte flavor,Arla,,بروتين مهلبية حلى بندق لاتيه نكهة,SA,unknown,200,REVIEW_BRAND_UNMAPPED,LOW,,openfoodfacts,https://world.openfoodfacts.org/product/4100290056209,controlled-lexicon-composition v1 (no free machine translation),علامة بلا مقابل عربي متحقَّق
04823116813632,Ptn Chicken,Qualiko,,دجاج,SA,unknown,100,REVIEW_UNKNOWN_TERMS,LOW,ptn,openfoodfacts,https://world.openfoodfacts.org/product/4823116813632,controlled-lexicon-composition v1 (no free machine translation),مصطلح غير مغطّى بالمعجم
04893316018243,Sweet Corn,RITA,,ذرة حلوة,GCC,unknown,100,REVIEW_BRAND_UNMAPPED,LOW,,openfoodfacts,https://world.openfoodfacts.org/product/4893316018243,controlled-lexicon-composition v1 (no free machine translation),علامة بلا مقابل عربي متحقَّق
04999900003876,Dandy sure Labneh,Dandy,,لبنة,GCC,unknown,100,REVIEW_UNKNOWN_TERMS,LOW,sure,openfoodfacts,https://world.openfoodfacts.org/product/4999900003876,controlled-lexicon-composition v1 (no free machine translation),مصطلح غير مغطّى بالمعجم
05015285811734,Egg replacer,Free and Easy,,بيض,GCC,Tapioca-flour,,REVIEW_UNKNOWN_TERMS,LOW,replacer,openfoodfacts,https://world.openfoodfacts.org/product/5015285811734,controlled-lexicon-composition v1 (no free machine translation),مصطلح غير مغطّى بالمعجم
05027952012986,4 Seeded Brioche Burger Buns,ST. PIERRE,,برجر,SA,Hamburger buns,63,REVIEW_UNKNOWN_TERMS,LOW,seeded;brioche;buns,openfoodfacts,https://world.openfoodfacts.org/product/5027952012986,controlled-lexicon-composition v1 (no free machine translation),مصطلح غير مغطّى بالمعجم
05059883472836,Clear Whey Protein Cola flavour,My Protein,,واي بروتين كولا نكهة,GCC,unknown,100,REVIEW_UNKNOWN_TERMS,LOW,clear,openfoodfacts,https://world.openfoodfacts.org/product/5059883472836,controlled-lexicon-composition v1 (no free machine translation),مصطلح غير مغطّى بالمعجم
05283013319962,Chicken Tenders,Kwik Bite,,دجاج,GCC,unknown,100,REVIEW_UNKNOWN_TERMS,LOW,tenders,openfoodfacts,https://world.openfoodfacts.org/product/5283013319962,controlled-lexicon-composition v1 (no free machine translation),مصطلح غير مغطّى بالمعجم
05410228313854,Bière sans alcool CORONA Cero,Corona,,,GCC,Beers,330,REVIEW_UNKNOWN_TERMS,LOW,bi;re;sans;alcool;cero,openfoodfacts,https://world.openfoodfacts.org/product/5410228313854,controlled-lexicon-composition v1 (no free machine translation),مصطلح غير مغطّى بالمعجم
05900020033345,Cini Minis,Nestlé,نستله,نستله,GCC,Breakfast cereals,,REVIEW_UNKNOWN_TERMS,LOW,cini;minis,openfoodfacts,https://world.openfoodfacts.org/product/5900020033345,controlled-lexicon-composition v1 (no free machine translation),مصطلح غير مغطّى بالمعجم
06075800800000,Tarallini 14% olio d'oliva,Italiamo,,,GCC,Wheat-biscuits-with-fennel-seeds,100,REVIEW_UNKNOWN_TERMS,LOW,tarallini;olio;oliva,openfoodfacts,https://world.openfoodfacts.org/product/6075800800000,controlled-lexicon-composition v1 (no free machine translation),مصطلح غير مغطّى بالمعجم
06075882071671,Beef jerky,Jack links,,لحم بقري,GCC,unknown,28,REVIEW_UNKNOWN_TERMS,LOW,jerky,openfoodfacts,https://world.openfoodfacts.org/product/6075882071671,controlled-lexicon-composition v1 (no free machine translation),مصطلح غير مغطّى بالمعجم
06078459054220,Escalopes de poulet,Volaé,,,GCC,unknown,100,REVIEW_UNKNOWN_TERMS,LOW,escalopes;poulet,openfoodfacts,https://world.openfoodfacts.org/product/6078459054220,controlled-lexicon-composition v1 (no free machine translation),مصطلح غير مغطّى بالمعجم
06081944047553,Lamb Moussaka,M&S,,لحم غنم,GCC,unknown,410,REVIEW_UNKNOWN_TERMS,LOW,moussaka,openfoodfacts,https://world.openfoodfacts.org/product/6081944047553,controlled-lexicon-composition v1 (no free machine translation),مصطلح غير مغطّى بالمعجم
06223000660171,Sayyadiya Easy Rice,Doha,,أرز,GCC,unknown,81.75,REVIEW_UNKNOWN_TERMS,LOW,sayyadiya;easy,openfoodfacts,https://world.openfoodfacts.org/product/6223000660171,controlled-lexicon-composition v1 (no free machine translation),مصطلح غير مغطّى بالمعجم
06253808661414,Bran Sliced Bread Qbake,Qbake,كيو بيك,كيو بيك شرائح خبز,GCC,unknown,100,REVIEW_UNKNOWN_TERMS,LOW,bran,openfoodfacts,https://world.openfoodfacts.org/product/6253808661414,controlled-lexicon-composition v1 (no free machine translation),مصطلح غير مغطّى بالمعجم
06266323145550,Dubai Chocolate,Vivolaa,,شوكولاتة,GCC,unknown,100,REVIEW_UNKNOWN_TERMS,LOW,dubai,openfoodfacts,https://world.openfoodfacts.org/product/6266323145550,controlled-lexicon-composition v1 (no free machine translation),مصطلح غير مغطّى بالمعجم
06271005001512,Frankfurter Sausages,Khazan,,,GCC,unknown,100,REVIEW_UNKNOWN_TERMS,LOW,frankfurter;sausages,openfoodfacts,https://world.openfoodfacts.org/product/6271005001512,controlled-lexicon-composition v1 (no free machine translation),مصطلح غير مغطّى بالمعجم
06271011201982,Lactose Free Milk,Kdcow,,خالي اللاكتوز حليب,GCC,unknown,100,REVIEW_BRAND_UNMAPPED,LOW,,openfoodfacts,https://world.openfoodfacts.org/product/6271011201982,controlled-lexicon-composition v1 (no free machine translation),علامة بلا مقابل عربي متحقَّق
06271101020592,Hectare’s passionately popped,Hectare’s,,,GCC,Popcorn,25,REVIEW_UNKNOWN_TERMS,LOW,passionately;popped,openfoodfacts,https://world.openfoodfacts.org/product/6271101020592,controlled-lexicon-composition v1 (no free machine translation),مصطلح غير مغطّى بالمعجم
06281007040419,Al Marai Low Fat (1 Liter),Almarai,المراعي,المراعي قليل الدسم,SA,unknown,250,REVIEW_UNKNOWN_TERMS,LOW,al;marai,openfoodfacts,https://world.openfoodfacts.org/product/6281007040419,controlled-lexicon-composition v1 (no free machine translation),مصطلح غير مغطّى بالمعجم
06281007053549,Mixed fruit 200 2sr,Almarai,المراعي,المراعي مشكل فواكه,SA,unknown,200,REVIEW_UNKNOWN_TERMS,LOW,sr,openfoodfacts,https://world.openfoodfacts.org/product/6281007053549,controlled-lexicon-composition v1 (no free machine translation),مصطلح غير مغطّى بالمعجم
06281007070560,Almarai marvello cream cheese,,المراعي,المراعي قشطة جبن,SA,unknown,30,REVIEW_UNKNOWN_TERMS,LOW,marvello,openfoodfacts,https://world.openfoodfacts.org/product/6281007070560,controlled-lexicon-composition v1 (no free machine translation),مصطلح غير مغطّى بالمعجم
06281013122048,Karak Cardamom Tea,Rabea,,كرك هيل شاي,SA,unknown,20,REVIEW_BRAND_UNMAPPED,LOW,,openfoodfacts,https://world.openfoodfacts.org/product/6281013122048,controlled-lexicon-composition v1 (no free machine translation),علامة بلا مقابل عربي متحقَّق
06281024010648,Processed Light Cheddar Cheese,Pride,,جبن شيدر لايت,SA,unknown,100,REVIEW_UNKNOWN_TERMS,LOW,processed,openfoodfacts,https://world.openfoodfacts.org/product/6281024010648,controlled-lexicon-composition v1 (no free machine translation),مصطلح غير مغطّى بالمعجم
06281036108401,Lay’s french cheese,,,فرنسي جبن,SA,Salty snacks made from potato,,REVIEW_UNKNOWN_TERMS,LOW,lay,openfoodfacts,https://world.openfoodfacts.org/product/6281036108401,controlled-lexicon-composition v1 (no free machine translation),مصطلح غير مغطّى بالمعجم
06281055001998,Hanaa oats granola verry berry,,,شوفان جرانولا توت,SA,Cereals and their products,40,REVIEW_UNKNOWN_TERMS,LOW,hanaa;verry,openfoodfacts,https://world.openfoodfacts.org/product/6281055001998,controlled-lexicon-composition v1 (no free machine translation),مصطلح غير مغطّى بالمعجم
06281071112111,Marami hot chili,,,حار شطة,SA,unknown,,REVIEW_UNKNOWN_TERMS,LOW,marami,openfoodfacts,https://world.openfoodfacts.org/product/6281071112111,controlled-lexicon-composition v1 (no free machine translation),مصطلح غير مغطّى بالمعجم
06281106251082,Khudri dates,,,تمر,SA,unknown,,REVIEW_UNKNOWN_TERMS,LOW,khudri,openfoodfacts,https://world.openfoodfacts.org/product/6281106251082,controlled-lexicon-composition v1 (no free machine translation),مصطلح غير مغطّى بالمعجم
06281175000413,Choco Pearl,,,شوكولاتة,SA,unknown,,REVIEW_UNKNOWN_TERMS,LOW,pearl,openfoodfacts,https://world.openfoodfacts.org/product/6281175000413,controlled-lexicon-composition v1 (no free machine translation),مصطلح غير مغطّى بالمعجم
06285009000075,Bran Bread with Black Seed,Fonte,,خبز أسود بذور,SA,unknown,63,REVIEW_UNKNOWN_TERMS,LOW,bran,openfoodfacts,https://world.openfoodfacts.org/product/6285009000075,controlled-lexicon-composition v1 (no free machine translation),مصطلح غير مغطّى بالمعجم
06285572000601,Rita blue sparkling drink,,,فوّار شراب,SA,unknown,,REVIEW_UNKNOWN_TERMS,LOW,rita;blue,openfoodfacts,https://world.openfoodfacts.org/product/6285572000601,controlled-lexicon-composition v1 (no free machine translation),مصطلح غير مغطّى بالمعجم
06286783492025,Noodles - Abalone Chicken Flavored,LTC,,نودلز دجاج بنكهة,SA,unknown,50,REVIEW_UNKNOWN_TERMS,LOW,abalone,openfoodfacts,https://world.openfoodfacts.org/product/6286783492025,controlled-lexicon-composition v1 (no free machine translation),مصطلح غير مغطّى بالمعجم
06286788790041,Soupe à la tomate,,,,SA,unknown,,REVIEW_UNKNOWN_TERMS,LOW,soupe;tomate,openfoodfacts,https://world.openfoodfacts.org/product/6286788790041,controlled-lexicon-composition v1 (no free machine translation),مصطلح غير مغطّى بالمعجم
06287005470562,Dattes sukari rotab,,,تمر,SA,Dried fruits,3,REVIEW_UNKNOWN_TERMS,LOW,sukari;rotab,openfoodfacts,https://world.openfoodfacts.org/product/6287005470562,controlled-lexicon-composition v1 (no free machine translation),مصطلح غير مغطّى بالمعجم
06287006941733,Kitco mexita nacho cheese,,كيتكو,كيتكو جبن,GCC,Chips,23,REVIEW_UNKNOWN_TERMS,LOW,mexita;nacho,openfoodfacts,https://world.openfoodfacts.org/product/6287006941733,controlled-lexicon-composition v1 (no free machine translation),مصطلح غير مغطّى بالمعجم
06287024551952,Pomegranate Molasses,Baider,,رمان,SA,unknown,20,REVIEW_UNKNOWN_TERMS,LOW,molasses,openfoodfacts,https://world.openfoodfacts.org/product/6287024551952,controlled-lexicon-composition v1 (no free machine translation),مصطلح غير مغطّى بالمعجم
06287028111367,Oat Bread,Altannor Alarabi,,شوفان خبز,SA,unknown,100,REVIEW_BRAND_UNMAPPED,LOW,,openfoodfacts,https://world.openfoodfacts.org/product/6287028111367,controlled-lexicon-composition v1 (no free machine translation),علامة بلا مقابل عربي متحقَّق
06287034101093,Kinza blackcurrant 330ml,,كينزا,كينزا,SA,Beverages,,REVIEW_UNKNOWN_TERMS,LOW,blackcurrant,openfoodfacts,https://world.openfoodfacts.org/product/6287034101093,controlled-lexicon-composition v1 (no free machine translation),مصطلح غير مغطّى بالمعجم
06287042130320,Cheese Slices,Victoria,,جبن شرائح,SA,unknown,17,REVIEW_BRAND_UNMAPPED,LOW,,openfoodfacts,https://world.openfoodfacts.org/product/6287042130320,controlled-lexicon-composition v1 (no free machine translation),علامة بلا مقابل عربي متحقَّق
06288004000453,Sukkari Dates,Milaf,,تمر,SA,unknown,,REVIEW_UNKNOWN_TERMS,LOW,sukkari,openfoodfacts,https://world.openfoodfacts.org/product/6288004000453,controlled-lexicon-composition v1 (no free machine translation),مصطلح غير مغطّى بالمعجم
06290360271590,Minis biscuits,,,بسكويت,GCC,unknown,,REVIEW_UNKNOWN_TERMS,LOW,minis,openfoodfacts,https://world.openfoodfacts.org/product/6290360271590,controlled-lexicon-composition v1 (no free machine translation),مصطلح غير مغطّى بالمعجم
06290360342382,Breaded Chicken Strips,Al Areesh,,مقرمش بالبقسماط دجاج ستربس,GCC,unknown,100,REVIEW_BRAND_UNMAPPED,LOW,,openfoodfacts,https://world.openfoodfacts.org/product/6290360342382,controlled-lexicon-composition v1 (no free machine translation),علامة بلا مقابل عربي متحقَّق
06291003012648,Oats ville,,,شوفان,GCC,ar:غذائيه,33.3,REVIEW_UNKNOWN_TERMS,LOW,ville,openfoodfacts,https://world.openfoodfacts.org/product/6291003012648,controlled-lexicon-composition v1 (no free machine translation),مصطلح غير مغطّى بالمعجم
06291003203527,Break Chocolate Fingers,Break,,شوكولاتة,GCC,Milk chocolate biscuits,25,REVIEW_UNKNOWN_TERMS,LOW,fingers,openfoodfacts,https://world.openfoodfacts.org/product/6291003203527,controlled-lexicon-composition v1 (no free machine translation),مصطلح غير مغطّى بالمعجم
06291003606786,Pink guava,London Dairy,,جوافة,GCC,Ice creams,,REVIEW_UNKNOWN_TERMS,LOW,pink,openfoodfacts,https://world.openfoodfacts.org/product/6291003606786,controlled-lexicon-composition v1 (no free machine translation),مصطلح غير مغطّى بالمعجم
06291010915673,pineapple,Star,,أناناس,GCC,unknown,,REVIEW_BRAND_UNMAPPED,LOW,,openfoodfacts,https://world.openfoodfacts.org/product/6291010915673,controlled-lexicon-composition v1 (no free machine translation),علامة بلا مقابل عربي متحقَّق
06291011007520,XL twister honey bbq,,,عسل,SA,Chips,,REVIEW_UNKNOWN_TERMS,LOW,xl;twister;bbq,openfoodfacts,https://world.openfoodfacts.org/product/6291011007520,controlled-lexicon-composition v1 (no free machine translation),مصطلح غير مغطّى بالمعجم
06291014139150,DUBAI CHOCOLATE,,,شوكولاتة,GCC,unknown,,REVIEW_UNKNOWN_TERMS,LOW,dubai,openfoodfacts,https://world.openfoodfacts.org/product/6291014139150,controlled-lexicon-composition v1 (no free machine translation),مصطلح غير مغطّى بالمعجم
06291034139307,Chocolate Milk,Unikai,,شوكولاتة حليب,GCC,Flavoured milks,180,REVIEW_BRAND_UNMAPPED,LOW,,openfoodfacts,https://world.openfoodfacts.org/product/6291034139307,controlled-lexicon-composition v1 (no free machine translation),علامة بلا مقابل عربي متحقَّق
06291100609994,Pistachio Kunafa Dubai Chocolate Cake Bar imp,Flair,,فستق كنافة شوكولاتة كيك لوح,GCC,unknown,40,REVIEW_UNKNOWN_TERMS,LOW,dubai;imp,openfoodfacts,https://world.openfoodfacts.org/product/6291100609994,controlled-lexicon-composition v1 (no free machine translation),مصطلح غير مغطّى بالمعجم
06291103750259,Kitchen King,,,,GCC,Spice Mix,,REVIEW_UNKNOWN_TERMS,LOW,kitchen;king,openfoodfacts,https://world.openfoodfacts.org/product/6291103750259,controlled-lexicon-composition v1 (no free machine translation),مصطلح غير مغطّى بالمعجم
06291104287310,Organic lader organic maple syrup,,,عضوي عضوي شراب,SA,unknown,,REVIEW_UNKNOWN_TERMS,LOW,lader;maple,openfoodfacts,https://world.openfoodfacts.org/product/6291104287310,controlled-lexicon-composition v1 (no free machine translation),مصطلح غير مغطّى بالمعجم
06291106763560,Peri-Peri White Fish Fillet,Asmak,,أبيض سمك فيليه,GCC,Fish preparations,,REVIEW_UNKNOWN_TERMS,LOW,peri;peri,openfoodfacts,https://world.openfoodfacts.org/product/6291106763560,controlled-lexicon-composition v1 (no free machine translation),مصطلح غير مغطّى بالمعجم
06291108342664,Full Fat Mozzarella Cheese Analogue,Nubo,,كامل الدسم موزاريلا جبن,GCC,unknown,,REVIEW_UNKNOWN_TERMS,LOW,analogue,openfoodfacts,https://world.openfoodfacts.org/product/6291108342664,controlled-lexicon-composition v1 (no free machine translation),مصطلح غير مغطّى بالمعجم
06294003599003,Kit kat,,,,GCC,unknown,,REVIEW_UNKNOWN_TERMS,LOW,kit;kat,openfoodfacts,https://world.openfoodfacts.org/product/6294003599003,controlled-lexicon-composition v1 (no free machine translation),مصطلح غير مغطّى بالمعجم
06297000812229,Slow Cooked Turkey Thigh With Butter & Dill,Butterball,,مطبوخ ديك رومي فخذ زبدة,GCC,unknown,,REVIEW_UNKNOWN_TERMS,LOW,slow;dill,openfoodfacts,https://world.openfoodfacts.org/product/6297000812229,controlled-lexicon-composition v1 (no free machine translation),مصطلح غير مغطّى بالمعجم
06297001135037,Fresh milk,Hayatuna Milk,,حليب طازج,GCC,unknown,100,REVIEW_BRAND_UNMAPPED,LOW,,openfoodfacts,https://world.openfoodfacts.org/product/6297001135037,controlled-lexicon-composition v1 (no free machine translation),علامة بلا مقابل عربي متحقَّق
06299200053945,Atlantic Salmon in Oil (Drained),Deep Blue,,سلمون زيت,GCC,unknown,84,REVIEW_UNKNOWN_TERMS,LOW,atlantic;drained,openfoodfacts,https://world.openfoodfacts.org/product/6299200053945,controlled-lexicon-composition v1 (no free machine translation),مصطلح غير مغطّى بالمعجم
08076809513739,Tomate y Badilico,Barilla,باريلا,باريلا,SA,Tomato sauces with basil,380,REVIEW_UNKNOWN_TERMS,LOW,tomate;badilico,openfoodfacts,https://world.openfoodfacts.org/product/8076809513739,controlled-lexicon-composition v1 (no free machine translation),مصطلح غير مغطّى بالمعجم
08690624103588,Ruffles,,,,GCC,unknown,,REVIEW_UNKNOWN_TERMS,LOW,ruffles,openfoodfacts,https://world.openfoodfacts.org/product/8690624103588,controlled-lexicon-composition v1 (no free machine translation),مصطلح غير مغطّى بالمعجم
09414735954148,Crunchy Chicken Burgers,Tegal,,مقرمش دجاج,GCC,unknown,97.5,REVIEW_UNKNOWN_TERMS,LOW,burgers,openfoodfacts,https://world.openfoodfacts.org/product/9414735954148,controlled-lexicon-composition v1 (no free machine translation),مصطلح غير مغطّى بالمعجم
00000047898882,Keto Almond Lemon Cake,FreshHouse,,كيتو لوز ليمون كيك,SA,unknown,45,REVIEW_BRAND_UNMAPPED,LOW,,openfoodfacts,https://world.openfoodfacts.org/product/47898882,controlled-lexicon-composition v1 (no free machine translation),علامة بلا مقابل عربي متحقَّق
00032894041265,Fava Beans Kuwaiti Hamsa,California Garden,كاليفورنيا جاردن,كاليفورنيا جاردن فول فاصوليا,GCC,unknown,130,REVIEW_UNKNOWN_TERMS,LOW,kuwaiti;hamsa,openfoodfacts,https://world.openfoodfacts.org/product/0032894041265,controlled-lexicon-composition v1 (no free machine translation),مصطلح غير مغطّى بالمعجم
00082592633705,Pure Coconut Water,Thai Coco,,نقي جوز الهند ماء,GCC,unknown,100,REVIEW_BRAND_UNMAPPED,LOW,,openfoodfacts,https://world.openfoodfacts.org/product/0082592633705,controlled-lexicon-composition v1 (no free machine translation),علامة بلا مقابل عربي متحقَّق
00093856991189,Chinese Noodles,Chef's Choice,,نودلز,GCC,Chinese noodles,50,REVIEW_UNKNOWN_TERMS,LOW,chinese,openfoodfacts,https://world.openfoodfacts.org/product/0093856991189,controlled-lexicon-composition v1 (no free machine translation),مصطلح غير مغطّى بالمعجم
00627933024035,Iso surge,Tony’s,,,GCC,unknown,32,REVIEW_UNKNOWN_TERMS,LOW,iso;surge,openfoodfacts,https://world.openfoodfacts.org/product/0627933024035,controlled-lexicon-composition v1 (no free machine translation),مصطلح غير مغطّى بالمعجم
00628011283085,organic overnight muesli,HOLOS,,عضوي,SA,unknown,90,REVIEW_UNKNOWN_TERMS,LOW,overnight;muesli,openfoodfacts,https://world.openfoodfacts.org/product/0628011283085,controlled-lexicon-composition v1 (no free machine translation),مصطلح غير مغطّى بالمعجم
00628678617568,Cinnamon Crisps,Farm Girl,,قرفة شيبس,SA,Cereals and their products,40,REVIEW_BRAND_UNMAPPED,LOW,,openfoodfacts,https://world.openfoodfacts.org/product/0628678617568,controlled-lexicon-composition v1 (no free machine translation),علامة بلا مقابل عربي متحقَّق
00628834181988,Peanut Butter & Strawberry Jam CrustOffs Sandwiches,Choceur,,زبدة فول سوداني فراولة مربى,SA,Breads,80,REVIEW_UNKNOWN_TERMS,LOW,crustoffs;sandwiches,openfoodfacts,https://world.openfoodfacts.org/product/0628834181988,controlled-lexicon-composition v1 (no free machine translation),مصطلح غير مغطّى بالمعجم
00628942533105,Blueberry muffin,Just proats,,توت أزرق مافن,SA,unknown,62,REVIEW_BRAND_UNMAPPED,LOW,,openfoodfacts,https://world.openfoodfacts.org/product/0628942533105,controlled-lexicon-composition v1 (no free machine translation),علامة بلا مقابل عربي متحقَّق
00655390372178,Wadi fatma analogue cream cheese spread,,,جبن قابل للدهن قشطة,SA,Cheeses,,REVIEW_UNKNOWN_TERMS,LOW,wadi;fatma;analogue,openfoodfacts,https://world.openfoodfacts.org/product/0655390372178,controlled-lexicon-composition v1 (no free machine translation),مصطلح غير مغطّى بالمعجم
00709993002229,Organic Keto Brownie,Haha Bakehouse,,عضوي كيتو براوني,SA,unknown,30,REVIEW_BRAND_UNMAPPED,LOW,,openfoodfacts,https://world.openfoodfacts.org/product/0709993002229,controlled-lexicon-composition v1 (no free machine translation),علامة بلا مقابل عربي متحقَّق
00725765170224,Frozen Berry Medley,Hey Life,,مجمّد توت,GCC,unknown,100,REVIEW_UNKNOWN_TERMS,LOW,medley,openfoodfacts,https://world.openfoodfacts.org/product/0725765170224,controlled-lexicon-composition v1 (no free machine translation),مصطلح غير مغطّى بالمعجم
00745125317274,Mr tito salt and vinegar flavor,,,ملح خل نكهة,SA,Chips,,REVIEW_UNKNOWN_TERMS,LOW,mr;tito,openfoodfacts,https://world.openfoodfacts.org/product/0745125317274,controlled-lexicon-composition v1 (no free machine translation),مصطلح غير مغطّى بالمعجم
00745604631020,Banna Brothers,Dry Meat Spicy,,,GCC,unknown,40,REVIEW_UNKNOWN_TERMS,LOW,banna;brothers,openfoodfacts,https://world.openfoodfacts.org/product/0745604631020,controlled-lexicon-composition v1 (no free machine translation),مصطلح غير مغطّى بالمعجم
00759500303769,Hershey’s Cocoa Powder Unsweetened,Hershey’s,,كاكاو بودرة غير محلّى,GCC,unknown,100,REVIEW_BRAND_UNMAPPED,LOW,,openfoodfacts,https://world.openfoodfacts.org/product/0759500303769,controlled-lexicon-composition v1 (no free machine translation),علامة بلا مقابل عربي متحقَّق
00792851361835,British Flapjack Bar,Mornflake Mighty Oats,,لوح,GCC,unknown,90,REVIEW_UNKNOWN_TERMS,LOW,british;flapjack,openfoodfacts,https://world.openfoodfacts.org/product/0792851361835,controlled-lexicon-composition v1 (no free machine translation),مصطلح غير مغطّى بالمعجم
00818901029958,EAA7000 Pink Lemonade,EVL,,ليموناضة,GCC,unknown,12.3,REVIEW_UNKNOWN_TERMS,LOW,eaa;pink,openfoodfacts,https://world.openfoodfacts.org/product/0818901029958,controlled-lexicon-composition v1 (no free machine translation),مصطلح غير مغطّى بالمعجم
03073781125870,Mini babybel light,Babybel,,ميني لايت,GCC,unknown,20,REVIEW_BRAND_UNMAPPED,LOW,,openfoodfacts,https://world.openfoodfacts.org/product/3073781125870,controlled-lexicon-composition v1 (no free machine translation),علامة بلا مقابل عربي متحقَّق
03350033506640,12 Gourdes Pomme,Monoprix Bio,مونوبري,مونوبري,GCC,Apple compotes,,REVIEW_UNKNOWN_TERMS,LOW,gourdes;pomme,openfoodfacts,https://world.openfoodfacts.org/product/3350033506640,controlled-lexicon-composition v1 (no free machine translation),مصطلح غير مغطّى بالمعجم
03451790824326,Marquis 80%MG Doux,Marquis,دو,دو,GCC,Butters,10,REVIEW_UNKNOWN_TERMS,LOW,mg,openfoodfacts,https://world.openfoodfacts.org/product/3451790824326,controlled-lexicon-composition v1 (no free machine translation),مصطلح غير مغطّى بالمعجم
04809013897548,Dried Noodles,Fiesta Pinoy,,مجفّف نودلز,GCC,Flavoured dehydrated Asian noodles,,REVIEW_BRAND_UNMAPPED,LOW,,openfoodfacts,https://world.openfoodfacts.org/product/4809013897548,controlled-lexicon-composition v1 (no free machine translation),علامة بلا مقابل عربي متحقَّق
04901872837144,Caesar salad bowl,Saladstop,قيصر,قيصر سلطة,SA,Prepared salads,350,REVIEW_UNKNOWN_TERMS,LOW,bowl,openfoodfacts,https://world.openfoodfacts.org/product/4901872837144,controlled-lexicon-composition v1 (no free machine translation),مصطلح غير مغطّى بالمعجم
05000193730574,Slimline Lemonade,Schweppes,,ليموناضة,GCC,Sweetened beverages,250,REVIEW_UNKNOWN_TERMS,LOW,slimline,openfoodfacts,https://world.openfoodfacts.org/product/5000193730574,controlled-lexicon-composition v1 (no free machine translation),مصطلح غير مغطّى بالمعجم
05010102241541,Bitter Lemon,,,ليمون,SA,unknown,,REVIEW_UNKNOWN_TERMS,LOW,bitter,openfoodfacts,https://world.openfoodfacts.org/product/5010102241541,controlled-lexicon-composition v1 (no free machine translation),مصطلح غير مغطّى بالمعجم
05011038136079,Mature Chadder,Kerrygold,,,GCC,unknown,,REVIEW_UNKNOWN_TERMS,LOW,mature;chadder,openfoodfacts,https://world.openfoodfacts.org/product/5011038136079,controlled-lexicon-composition v1 (no free machine translation),مصطلح غير مغطّى بالمعجم
05060686530821,Whey protein,basix,,واي بروتين,GCC,unknown,34,REVIEW_BRAND_UNMAPPED,LOW,,openfoodfacts,https://world.openfoodfacts.org/product/5060686530821,controlled-lexicon-composition v1 (no free machine translation),علامة بلا مقابل عربي متحقَّق
05206542007612,Green cola,green,,كولا,GCC,Colas,,REVIEW_BRAND_UNMAPPED,LOW,,openfoodfacts,https://world.openfoodfacts.org/product/5206542007612,controlled-lexicon-composition v1 (no free machine translation),علامة بلا مقابل عربي متحقَّق
05283013322450,White Tuna In Water,Plein Soleil,,أبيض تونة ماء,GCC,unknown,120,REVIEW_BRAND_UNMAPPED,LOW,,openfoodfacts,https://world.openfoodfacts.org/product/5283013322450,controlled-lexicon-composition v1 (no free machine translation),علامة بلا مقابل عربي متحقَّق
05285000394488,Curry Instant Pot Noodles,Indomie,إندومي,إندومي كاري سريع التحضير نودلز,GCC,unknown,62,REVIEW_UNKNOWN_TERMS,LOW,pot,openfoodfacts,https://world.openfoodfacts.org/product/5285000394488,controlled-lexicon-composition v1 (no free machine translation),مصطلح غير مغطّى بالمعجم
05285006131018,Chich barak,Lamesa,,,GCC,unknown,60,REVIEW_UNKNOWN_TERMS,LOW,chich;barak,openfoodfacts,https://world.openfoodfacts.org/product/5285006131018,controlled-lexicon-composition v1 (no free machine translation),مصطلح غير مغطّى بالمعجم
06084010991163,Chicken Pop,Alzaeem,,دجاج,GCC,unknown,,REVIEW_UNKNOWN_TERMS,LOW,pop,openfoodfacts,https://world.openfoodfacts.org/product/6084010991163,controlled-lexicon-composition v1 (no free machine translation),مصطلح غير مغطّى بالمعجم
06271005006746,Chicken Mortadella Low Fat,Radwa Chicken,,قليل الدسم دجاج مرتديلا,GCC,unknown,100,REVIEW_BRAND_UNMAPPED,LOW,,openfoodfacts,https://world.openfoodfacts.org/product/6271005006746,controlled-lexicon-composition v1 (no free machine translation),علامة بلا مقابل عربي متحقَّق
06274996957806,Crème de foie,,,,GCC,unknown,,REVIEW_UNKNOWN_TERMS,LOW,cr;me;foie,openfoodfacts,https://world.openfoodfacts.org/product/6274996957806,controlled-lexicon-composition v1 (no free machine translation),مصطلح غير مغطّى بالمعجم
06280310068219,Singapore Laksa,Prima Taste,,,SA,unknown,144,REVIEW_UNKNOWN_TERMS,LOW,singapore;laksa,openfoodfacts,https://world.openfoodfacts.org/product/6280310068219,controlled-lexicon-composition v1 (no free machine translation),مصطلح غير مغطّى بالمعجم
06281020172241,Luna foul medamas super quality fava beans,,لونا,لونا فول سوبر فول فاصوليا,SA,Cans-food,,REVIEW_UNKNOWN_TERMS,LOW,medamas;quality,openfoodfacts,https://world.openfoodfacts.org/product/6281020172241,controlled-lexicon-composition v1 (no free machine translation),مصطلح غير مغطّى بالمعجم
06281024115510,Mozzarella Natural Shredded Cheese Originale,Galbani,,موزاريلا طبيعي مبشور جبن,SA,unknown,100,REVIEW_UNKNOWN_TERMS,LOW,originale,openfoodfacts,https://world.openfoodfacts.org/product/6281024115510,controlled-lexicon-composition v1 (no free machine translation),مصطلح غير مغطّى بالمعجم
06281036124708,Lay’s chili and lime,,,شطة ليمون أخضر,SA,unknown,25,REVIEW_UNKNOWN_TERMS,LOW,lay,openfoodfacts,https://world.openfoodfacts.org/product/6281036124708,controlled-lexicon-composition v1 (no free machine translation),مصطلح غير مغطّى بالمعجم
06281063223092,Orient gardens backed beans,,,شرقي حدائق فاصوليا,SA,unknown,,REVIEW_UNKNOWN_TERMS,LOW,backed,openfoodfacts,https://world.openfoodfacts.org/product/6281063223092,controlled-lexicon-composition v1 (no free machine translation),مصطلح غير مغطّى بالمعجم
06281063600039,Orient gardens cherry pie filling,,,شرقي حدائق فطيرة حشوة,SA,unknown,,REVIEW_UNKNOWN_TERMS,LOW,cherry,openfoodfacts,https://world.openfoodfacts.org/product/6281063600039,controlled-lexicon-composition v1 (no free machine translation),مصطلح غير مغطّى بالمعجم
06281063882343,Freshly bread crumbs plain 2yrs prod,Freshly,فريشلي,فريشلي خبز سادة,SA,unknown,30,REVIEW_UNKNOWN_TERMS,LOW,crumbs;yrs;prod,openfoodfacts,https://world.openfoodfacts.org/product/6281063882343,controlled-lexicon-composition v1 (no free machine translation),مصطلح غير مغطّى بالمعجم
06281100327073,Mangue drink,,,شراب,SA,unknown,,REVIEW_UNKNOWN_TERMS,LOW,mangue,openfoodfacts,https://world.openfoodfacts.org/product/6281100327073,controlled-lexicon-composition v1 (no free machine translation),مصطلح غير مغطّى بالمعجم
06285602011768,dTe bar,,,لوح,SA,Bars,12.5,REVIEW_UNKNOWN_TERMS,LOW,dte,openfoodfacts,https://world.openfoodfacts.org/product/6285602011768,controlled-lexicon-composition v1 (no free machine translation),مصطلح غير مغطّى بالمعجم
06287001562186,Whole Wheat Maamoul,Al Hatab Bakery,,قمح معمول,SA,unknown,22,REVIEW_UNKNOWN_TERMS,LOW,whole,openfoodfacts,https://world.openfoodfacts.org/product/6287001562186,controlled-lexicon-composition v1 (no free machine translation),مصطلح غير مغطّى بالمعجم
06287004640485,Dattes fraiches,Sukkary,,تمر,SA,Dates,,REVIEW_UNKNOWN_TERMS,LOW,fraiches,openfoodfacts,https://world.openfoodfacts.org/product/6287004640485,controlled-lexicon-composition v1 (no free machine translation),مصطلح غير مغطّى بالمعجم
06287007762740,Kombucha forest berry,,,توت,SA,Beverages,,REVIEW_UNKNOWN_TERMS,LOW,kombucha;forest,openfoodfacts,https://world.openfoodfacts.org/product/6287007762740,controlled-lexicon-composition v1 (no free machine translation),مصطلح غير مغطّى بالمعجم
06287013345272,Aiwa Dates,Anaya,,تمر,SA,unknown,,REVIEW_UNKNOWN_TERMS,LOW,aiwa,openfoodfacts,https://world.openfoodfacts.org/product/6287013345272,controlled-lexicon-composition v1 (no free machine translation),مصطلح غير مغطّى بالمعجم
06287042760145,Cold brew speciality coffee classic blend,,,قهوة كلاسيك,SA,Coffees,,REVIEW_UNKNOWN_TERMS,LOW,cold;brew;speciality;blend,openfoodfacts,https://world.openfoodfacts.org/product/6287042760145,controlled-lexicon-composition v1 (no free machine translation),مصطلح غير مغطّى بالمعجم
06290362661351,Rock & Rolled Oats,Talabat,,شوفان,GCC,unknown,,REVIEW_UNKNOWN_TERMS,LOW,rock;rolled,openfoodfacts,https://world.openfoodfacts.org/product/6290362661351,controlled-lexicon-composition v1 (no free machine translation),مصطلح غير مغطّى بالمعجم
06291003012433,Good start cranberry,Quaker,كواكر,كواكر,GCC,unknown,,REVIEW_UNKNOWN_TERMS,LOW,good;start;cranberry,openfoodfacts,https://world.openfoodfacts.org/product/6291003012433,controlled-lexicon-composition v1 (no free machine translation),مصطلح غير مغطّى بالمعجم
06291003096211,Caramel crunch,London Dairy,,كراميل مقرمش,GCC,unknown,,REVIEW_BRAND_UNMAPPED,LOW,,openfoodfacts,https://world.openfoodfacts.org/product/6291003096211,controlled-lexicon-composition v1 (no free machine translation),علامة بلا مقابل عربي متحقَّق
06291011061706,Salted Caramel Protein Bar,Fade Fit,,لوح بروتين مملّح كراميل,GCC,unknown,55,REVIEW_BRAND_UNMAPPED,LOW,,openfoodfacts,https://world.openfoodfacts.org/product/6291011061706,controlled-lexicon-composition v1 (no free machine translation),علامة بلا مقابل عربي متحقَّق
06291014116649,Dattes Amandes Chocolat Caramel - Tamrah,Best,,تمر شوكولاتة كراميل,GCC,Bonbons,15,REVIEW_UNKNOWN_TERMS,LOW,amandes;tamrah,openfoodfacts,https://world.openfoodfacts.org/product/6291014116649,controlled-lexicon-composition v1 (no free machine translation),مصطلح غير مغطّى بالمعجم
06291014117196,Dates au caramel,,,تمر كراميل,GCC,unknown,,REVIEW_UNKNOWN_TERMS,LOW,au,openfoodfacts,https://world.openfoodfacts.org/product/6291014117196,controlled-lexicon-composition v1 (no free machine translation),مصطلح غير مغطّى بالمعجم
06291016007921,Double Chocolate Milk,LACNOR,,شوكولاتة حليب,GCC,unknown,250,REVIEW_UNKNOWN_TERMS,LOW,double,openfoodfacts,https://world.openfoodfacts.org/product/6291016007921,controlled-lexicon-composition v1 (no free machine translation),مصطلح غير مغطّى بالمعجم
06291031004264,Fresh Greek Yogurt Honey,Marmum,,طازج يوناني زبادي عسل,GCC,unknown,150,REVIEW_BRAND_UNMAPPED,LOW,,openfoodfacts,https://world.openfoodfacts.org/product/6291031004264,controlled-lexicon-composition v1 (no free machine translation),علامة بلا مقابل عربي متحقَّق
06291062100522,Finger Roll,Golden Leaf,,رول,GCC,unknown,55,REVIEW_UNKNOWN_TERMS,LOW,finger,openfoodfacts,https://world.openfoodfacts.org/product/6291062100522,controlled-lexicon-composition v1 (no free machine translation),مصطلح غير مغطّى بالمعجم
06291100881062,Luxury Chocolate Dates With Nuts,,,شوكولاتة تمر مكسرات,GCC,unknown,,REVIEW_UNKNOWN_TERMS,LOW,luxury,openfoodfacts,https://world.openfoodfacts.org/product/6291100881062,controlled-lexicon-composition v1 (no free machine translation),مصطلح غير مغطّى بالمعجم
06292644004986,Black Truffle Flavoured Potato Crispy Biscuits,Paramount Food,,أسود ترافل بنكهة بطاطس مقرمش بسكويت,GCC,unknown,14.5,REVIEW_BRAND_UNMAPPED,LOW,,openfoodfacts,https://world.openfoodfacts.org/product/6292644004986,controlled-lexicon-composition v1 (no free machine translation),علامة بلا مقابل عربي متحقَّق
06294003532987,Nestle Kitkat 4 Fingers Chocolate,Nestlé,نستله,نستله شوكولاتة,GCC,Chocolate biscuity bars,20,REVIEW_UNKNOWN_TERMS,LOW,fingers,openfoodfacts,https://world.openfoodfacts.org/product/6294003532987,controlled-lexicon-composition v1 (no free machine translation),مصطلح غير مغطّى بالمعجم
06294017507988,FAVA BEANS & CHICK PEAS,Simply Good,,فول فاصوليا بازلاء,GCC,unknown,100,REVIEW_UNKNOWN_TERMS,LOW,chick,openfoodfacts,https://world.openfoodfacts.org/product/6294017507988,controlled-lexicon-composition v1 (no free machine translation),مصطلح غير مغطّى بالمعجم
06295151960400,Organic Long Life Milk (Full Fat),Meliha,,طويل الأجل كامل الدسم عضوي حليب,GCC,unknown,100,REVIEW_BRAND_UNMAPPED,LOW,,openfoodfacts,https://world.openfoodfacts.org/product/6295151960400,controlled-lexicon-composition v1 (no free machine translation),علامة بلا مقابل عربي متحقَّق
06298042560604,Freeze Dried Strawberry,RYPE,,مجفّف فراولة,GCC,unknown,18,REVIEW_UNKNOWN_TERMS,LOW,freeze,openfoodfacts,https://world.openfoodfacts.org/product/6298042560604,controlled-lexicon-composition v1 (no free machine translation),مصطلح غير مغطّى بالمعجم
06298044151794,protein gummies,freelife,,بروتين,GCC,unknown,32,REVIEW_UNKNOWN_TERMS,LOW,gummies,openfoodfacts,https://world.openfoodfacts.org/product/6298044151794,controlled-lexicon-composition v1 (no free machine translation),مصطلح غير مغطّى بالمعجم
06299200057158,Baked Potato Chips,McSnacker,,بطاطس شيبس,GCC,unknown,30,REVIEW_UNKNOWN_TERMS,LOW,baked,openfoodfacts,https://world.openfoodfacts.org/product/6299200057158,controlled-lexicon-composition v1 (no free machine translation),مصطلح غير مغطّى بالمعجم
06304715426839,Organic Smoked pitted kalamata olives,Sprouts,,عضوي مدخّن زيتون,GCC,unknown,15,REVIEW_UNKNOWN_TERMS,LOW,pitted;kalamata,openfoodfacts,https://world.openfoodfacts.org/product/6304715426839,controlled-lexicon-composition v1 (no free machine translation),مصطلح غير مغطّى بالمعجم
07710000002463,Chicken Fajita With Brown Baguette,Lofat,,دجاج بني,GCC,unknown,190,REVIEW_UNKNOWN_TERMS,LOW,fajita;baguette,openfoodfacts,https://world.openfoodfacts.org/product/7710000002463,controlled-lexicon-composition v1 (no free machine translation),مصطلح غير مغطّى بالمعجم
07891515623135,Sadia chicken Breast small Cubes,Sadia,ساديا,ساديا دجاج صدر,GCC,unknown,100,REVIEW_UNKNOWN_TERMS,LOW,small;cubes,openfoodfacts,https://world.openfoodfacts.org/product/7891515623135,controlled-lexicon-composition v1 (no free machine translation),مصطلح غير مغطّى بالمعجم
08410376062090,Gullón chocolate wafer,Gullón,,شوكولاتة ويفر,SA,Biscuits,30,REVIEW_BRAND_UNMAPPED,LOW,,openfoodfacts,https://world.openfoodfacts.org/product/8410376062090,controlled-lexicon-composition v1 (no free machine translation),علامة بلا مقابل عربي متحقَّق
08413178398244,Sour Belts Multicolor,Vidal,,حامض,SA,unknown,,REVIEW_UNKNOWN_TERMS,LOW,belts;multicolor,openfoodfacts,https://world.openfoodfacts.org/product/8413178398244,controlled-lexicon-composition v1 (no free machine translation),مصطلح غير مغطّى بالمعجم
08436542193290,NaturGreen Organic Chia seeds,NaturGreen,,عضوي شيا بذور,SA,Semillas-de-chia,10,REVIEW_BRAND_UNMAPPED,LOW,,openfoodfacts,https://world.openfoodfacts.org/product/8436542193290,controlled-lexicon-composition v1 (no free machine translation),علامة بلا مقابل عربي متحقَّق
08908014051570,Flax Seeds,ERIKA ORGANICS,,كتان بذور,SA,unknown,30,REVIEW_BRAND_UNMAPPED,LOW,,openfoodfacts,https://world.openfoodfacts.org/product/8908014051570,controlled-lexicon-composition v1 (no free machine translation),علامة بلا مقابل عربي متحقَّق
08938500113062,Pearl Rice,Japonica,,أرز,GCC,unknown,300,REVIEW_UNKNOWN_TERMS,LOW,pearl,openfoodfacts,https://world.openfoodfacts.org/product/8938500113062,controlled-lexicon-composition v1 (no free machine translation),مصطلح غير مغطّى بالمعجم
08939132083006,Peanut Butter - Classic Creamy,foodmol,,زبدة فول سوداني كلاسيك كريمي,GCC,unknown,32,REVIEW_BRAND_UNMAPPED,LOW,,openfoodfacts,https://world.openfoodfacts.org/product/8939132083006,controlled-lexicon-composition v1 (no free machine translation),علامة بلا مقابل عربي متحقَّق
09348082048062,Certified Organic Walnut Butter,CRACK’d,,عضوي جوز زبدة,SA,unknown,17.8,REVIEW_UNKNOWN_TERMS,LOW,certified,openfoodfacts,https://world.openfoodfacts.org/product/9348082048062,controlled-lexicon-composition v1 (no free machine translation),مصطلح غير مغطّى بالمعجم
00000029593521,SLICED ROAST CHICKEN BREAST,spinneysFOOD,سبينيس,سبينيس شرائح دجاج صدر,GCC,unknown,200,REVIEW_UNKNOWN_TERMS,LOW,roast,openfoodfacts,https://world.openfoodfacts.org/product/29593521,controlled-lexicon-composition v1 (no free machine translation),مصطلح غير مغطّى بالمعجم
00000201910320,Beef Shui Jiao/Dumplings,Yellow River Trading,,لحم بقري,GCC,Frozen Chinese dumplings,100,REVIEW_UNKNOWN_TERMS,LOW,shui;jiao;dumplings,openfoodfacts,https://world.openfoodfacts.org/product/0000201910320,controlled-lexicon-composition v1 (no free machine translation),مصطلح غير مغطّى بالمعجم
00064579335048,PINEAPPLE carrot orange,RUBICON,,أناناس جزر برتقال,GCC,unknown,250,REVIEW_BRAND_UNMAPPED,LOW,,openfoodfacts,https://world.openfoodfacts.org/product/0064579335048,controlled-lexicon-composition v1 (no free machine translation),علامة بلا مقابل عربي متحقَّق
00627735266718,Cheese Mini Croissant,Fresh Market,,جبن ميني كرواسون,GCC,Croissants,62,REVIEW_BRAND_UNMAPPED,LOW,,openfoodfacts,https://world.openfoodfacts.org/product/0627735266718,controlled-lexicon-composition v1 (no free machine translation),علامة بلا مقابل عربي متحقَّق
00628451870180,Croustilles de pita,Les filles fattoush,,,SA,unknown,50,REVIEW_UNKNOWN_TERMS,LOW,croustilles;pita,openfoodfacts,https://world.openfoodfacts.org/product/0628451870180,controlled-lexicon-composition v1 (no free machine translation),مصطلح غير مغطّى بالمعجم
00661558304950,Protein Overnight Oats,oatful,,بروتين شوفان,GCC,unknown,85,REVIEW_UNKNOWN_TERMS,LOW,overnight,openfoodfacts,https://world.openfoodfacts.org/product/0661558304950,controlled-lexicon-composition v1 (no free machine translation),مصطلح غير مغطّى بالمعجم
00709993311154,Honey Blend With Royal Jelly Organic,Natureland,نيتشرلاند,نيتشرلاند عسل جيلي عضوي,GCC,unknown,21,REVIEW_UNKNOWN_TERMS,LOW,blend;royal,openfoodfacts,https://world.openfoodfacts.org/product/0709993311154,controlled-lexicon-composition v1 (no free machine translation),مصطلح غير مغطّى بالمعجم
00793573604293,Whole Wheat Chappati,Nellara,,قمح,GCC,unknown,,REVIEW_UNKNOWN_TERMS,LOW,whole;chappati,openfoodfacts,https://world.openfoodfacts.org/product/0793573604293,controlled-lexicon-composition v1 (no free machine translation),مصطلح غير مغطّى بالمعجم
00793888013810,Holsten pink guava-pineapple flavor,,,جوافة أناناس نكهة,SA,unknown,,REVIEW_UNKNOWN_TERMS,LOW,holsten;pink,openfoodfacts,https://world.openfoodfacts.org/product/0793888013810,controlled-lexicon-composition v1 (no free machine translation),مصطلح غير مغطّى بالمعجم
00850015421259,Venison Bone Broth Original Flavor,Maui Nui,,أصلي نكهة,SA,unknown,479,REVIEW_UNKNOWN_TERMS,LOW,venison;bone;broth,openfoodfacts,https://world.openfoodfacts.org/product/0850015421259,controlled-lexicon-composition v1 (no free machine translation),مصطلح غير مغطّى بالمعجم
00898220010585,California Gold BCAA 454 g,,,بي سي إيه إيه,SA,unknown,5,REVIEW_UNKNOWN_TERMS,LOW,california;gold,openfoodfacts,https://world.openfoodfacts.org/product/0898220010585,controlled-lexicon-composition v1 (no free machine translation),مصطلح غير مغطّى بالمعجم
01110000742431,Protein Bar Mint Rush,Clean Junk,,لوح بروتين نعناع,GCC,unknown,55,REVIEW_UNKNOWN_TERMS,LOW,rush,openfoodfacts,https://world.openfoodfacts.org/product/1110000742431,controlled-lexicon-composition v1 (no free machine translation),مصطلح غير مغطّى بالمعجم
01110000880096,Spice protein cracker,modern bakery,,بروتين,GCC,Baked-protein-cracker,33,REVIEW_UNKNOWN_TERMS,LOW,spice;cracker,openfoodfacts,https://world.openfoodfacts.org/product/1110000880096,controlled-lexicon-composition v1 (no free machine translation),مصطلح غير مغطّى بالمعجم
03451790188831,Elle & vire desserts lactes mon grec miel,Elle & Vire,ال آند فير,ال آند فير,GCC,Fermented dairy desserts,125,REVIEW_UNKNOWN_TERMS,LOW,desserts;lactes;mon;grec;miel,openfoodfacts,https://world.openfoodfacts.org/product/3451790188831,controlled-lexicon-composition v1 (no free machine translation),مصطلح غير مغطّى بالمعجم
04779039730382,Chilli Beans,Auga,,شطة فاصوليا,GCC,Red beans,200,REVIEW_BRAND_UNMAPPED,LOW,,openfoodfacts,https://world.openfoodfacts.org/product/4779039730382,controlled-lexicon-composition v1 (no free machine translation),علامة بلا مقابل عربي متحقَّق
04820179256581,REEVA Vegetable flavour Instant noodles,Reeva,,خضار نكهة سريع التحضير نودلز,GCC,Instant noodle soups,75,REVIEW_BRAND_UNMAPPED,LOW,,openfoodfacts,https://world.openfoodfacts.org/product/4820179256581,controlled-lexicon-composition v1 (no free machine translation),علامة بلا مقابل عربي متحقَّق
04975186230090,Kukkia (Whipped Chocolate Sandwiched with Cookie and Gaufrette),Akai Bohshi,,شوكولاتة كوكيز,GCC,Biscuit (cookie) snack w chocolate filling,,REVIEW_UNKNOWN_TERMS,LOW,kukkia;whipped;sandwiched;gaufrette,openfoodfacts,https://world.openfoodfacts.org/product/4975186230090,controlled-lexicon-composition v1 (no free machine translation),مصطلح غير مغطّى بالمعجم
05203912390916,Bugles ketchup flavor,,,كاتشب نكهة,SA,unknown,,REVIEW_UNKNOWN_TERMS,LOW,bugles,openfoodfacts,https://world.openfoodfacts.org/product/5203912390916,controlled-lexicon-composition v1 (no free machine translation),مصطلح غير مغطّى بالمعجم
05391532120331,Vitamin & Protein Bar,FULFIL,,لوح بروتين فيتامين,GCC,Protein Energy Bars,55,REVIEW_BRAND_UNMAPPED,LOW,,openfoodfacts,https://world.openfoodfacts.org/product/5391532120331,controlled-lexicon-composition v1 (no free machine translation),علامة بلا مقابل عربي متحقَّق
05711953135224,Arla organic lactose free low fat milk,,,خالي اللاكتوز قليل الدسم عضوي حليب,SA,unknown,,REVIEW_UNKNOWN_TERMS,LOW,arla,openfoodfacts,https://world.openfoodfacts.org/product/5711953135224,controlled-lexicon-composition v1 (no free machine translation),مصطلح غير مغطّى بالمعجم
06071013100432,Hotpot sweet potato wide noodle,,,حلو بطاطس,GCC,unknown,100,REVIEW_UNKNOWN_TERMS,LOW,hotpot;wide;noodle,openfoodfacts,https://world.openfoodfacts.org/product/6071013100432,controlled-lexicon-composition v1 (no free machine translation),مصطلح غير مغطّى بالمعجم
06072120169114,Chicken Luncheo Meat,Royal Steakhouse,,دجاج لحم,GCC,unknown,50,REVIEW_UNKNOWN_TERMS,LOW,luncheo,openfoodfacts,https://world.openfoodfacts.org/product/6072120169114,controlled-lexicon-composition v1 (no free machine translation),مصطلح غير مغطّى بالمعجم
06253502890141,Boiled Mastic Cheese,Saeed,,جبن,GCC,unknown,100,REVIEW_UNKNOWN_TERMS,LOW,boiled;mastic,openfoodfacts,https://world.openfoodfacts.org/product/6253502890141,controlled-lexicon-composition v1 (no free machine translation),مصطلح غير مغطّى بالمعجم
06271100330982,semi dried cherry tomatoes,,,مجفّف طماطم,GCC,Dried tomatoes,,REVIEW_UNKNOWN_TERMS,LOW,semi;cherry,openfoodfacts,https://world.openfoodfacts.org/product/6271100330982,controlled-lexicon-composition v1 (no free machine translation),مصطلح غير مغطّى بالمعجم
06271101029816,Chicken Popper,Hectare,,دجاج,GCC,unknown,100,REVIEW_UNKNOWN_TERMS,LOW,popper,openfoodfacts,https://world.openfoodfacts.org/product/6271101029816,controlled-lexicon-composition v1 (no free machine translation),مصطلح غير مغطّى بالمعجم
06271101029854,Panko Chicken Strips,Hectare,,دجاج ستربس,GCC,unknown,100,REVIEW_UNKNOWN_TERMS,LOW,panko,openfoodfacts,https://world.openfoodfacts.org/product/6271101029854,controlled-lexicon-composition v1 (no free machine translation),مصطلح غير مغطّى بالمعجم
06280789081818,Beef Burger,Big Bruce,,لحم بقري برجر,SA,unknown,150,REVIEW_BRAND_UNMAPPED,LOW,,openfoodfacts,https://world.openfoodfacts.org/product/6280789081818,controlled-lexicon-composition v1 (no free machine translation),علامة بلا مقابل عربي متحقَّق
06281014304252,Goody mushrooms pieces and stemps,,قودي,قودي فطر قطع,SA,unknown,,REVIEW_UNKNOWN_TERMS,LOW,stemps,openfoodfacts,https://world.openfoodfacts.org/product/6281014304252,controlled-lexicon-composition v1 (no free machine translation),مصطلح غير مغطّى بالمعجم
06281014620208,Goody original tenderina tuna in sunflower oil,,قودي,قودي زيت دوار الشمس أصلي تونة,SA,Tuna in olive oil,,REVIEW_UNKNOWN_TERMS,LOW,tenderina,openfoodfacts,https://world.openfoodfacts.org/product/6281014620208,controlled-lexicon-composition v1 (no free machine translation),مصطلح غير مغطّى بالمعجم
06281016948652,Albatal burning hot,,البطل,البطل حار,SA,Chips,,REVIEW_UNKNOWN_TERMS,LOW,burning,openfoodfacts,https://world.openfoodfacts.org/product/6281016948652,controlled-lexicon-composition v1 (no free machine translation),مصطلح غير مغطّى بالمعجم
06281018137047,Drinking greek yoghurt pomegranate,nada,ندى,ندى يوناني زبادي رمان,GCC,Yogurts,100,REVIEW_UNKNOWN_TERMS,LOW,drinking,openfoodfacts,https://world.openfoodfacts.org/product/6281018137047,controlled-lexicon-composition v1 (no free machine translation),مصطلح غير مغطّى بالمعجم
06281022117295,Activia figue,Activia,أكتيفيا,أكتيفيا,SA,unknown,120,REVIEW_UNKNOWN_TERMS,LOW,figue,openfoodfacts,https://world.openfoodfacts.org/product/6281022117295,controlled-lexicon-composition v1 (no free machine translation),مصطلح غير مغطّى بالمعجم
06281050831743,Breaded Chicken Burger (Air Fryer Meals),Americana Arabia,أمريكانا,أمريكانا مقرمش بالبقسماط دجاج برجر,SA,unknown,,REVIEW_UNKNOWN_TERMS,LOW,air;fryer;meals,openfoodfacts,https://world.openfoodfacts.org/product/6281050831743,controlled-lexicon-composition v1 (no free machine translation),مصطلح غير مغطّى بالمعجم
06281051007185,Original Fries,Dari,,أصلي بطاطس مقلية,SA,unknown,100,REVIEW_BRAND_UNMAPPED,LOW,,openfoodfacts,https://world.openfoodfacts.org/product/6281051007185,controlled-lexicon-composition v1 (no free machine translation),علامة بلا مقابل عربي متحقَّق
06281073150869,molokhia 400g,sunbulah,سنبلة,سنبلة,GCC,unknown,100,REVIEW_UNKNOWN_TERMS,LOW,molokhia,openfoodfacts,https://world.openfoodfacts.org/product/6281073150869,controlled-lexicon-composition v1 (no free machine translation),مصطلح غير مغطّى بالمعجم
06281073211065,Al Shifa Natural Honey Squeezy,Alshifa,,طبيعي عسل,SA,Honeys,15,REVIEW_UNKNOWN_TERMS,LOW,al;shifa;squeezy,openfoodfacts,https://world.openfoodfacts.org/product/6281073211065,controlled-lexicon-composition v1 (no free machine translation),مصطلح غير مغطّى بالمعجم
06281100111610,Lalo solid light meat tuna,,,لايت لحم تونة,SA,Tunas,,REVIEW_UNKNOWN_TERMS,LOW,lalo;solid,openfoodfacts,https://world.openfoodfacts.org/product/6281100111610,controlled-lexicon-composition v1 (no free machine translation),مصطلح غير مغطّى بالمعجم
06281101490318,Premium solid,,,فاخر,SA,unknown,,REVIEW_UNKNOWN_TERMS,LOW,solid,openfoodfacts,https://world.openfoodfacts.org/product/6281101490318,controlled-lexicon-composition v1 (no free machine translation),مصطلح غير مغطّى بالمعجم
06281101732135,Natural Dates Medjoul,,,طبيعي تمر,SA,Dates,,REVIEW_UNKNOWN_TERMS,LOW,medjoul,openfoodfacts,https://world.openfoodfacts.org/product/6281101732135,controlled-lexicon-composition v1 (no free machine translation),مصطلح غير مغطّى بالمعجم
06281105791541,Baja deluxe mix 450g,Baja,,مشكل,SA,unknown,28,REVIEW_UNKNOWN_TERMS,LOW,deluxe,openfoodfacts,https://world.openfoodfacts.org/product/6281105791541,controlled-lexicon-composition v1 (no free machine translation),مصطلح غير مغطّى بالمعجم
06281118281046,Khudary dates,Al Madinah Dates Co.,,تمر,SA,unknown,40,REVIEW_UNKNOWN_TERMS,LOW,khudary,openfoodfacts,https://world.openfoodfacts.org/product/6281118281046,controlled-lexicon-composition v1 (no free machine translation),مصطلح غير مغطّى بالمعجم
06285131004187,Roasted Almonds,mehbaj,,محمّص لوز,SA,unknown,32,REVIEW_BRAND_UNMAPPED,LOW,,openfoodfacts,https://world.openfoodfacts.org/product/6285131004187,controlled-lexicon-composition v1 (no free machine translation),علامة بلا مقابل عربي متحقَّق
06285572001639,Rita mojito sparkling drink,Rita,,فوّار شراب,SA,unknown,,REVIEW_UNKNOWN_TERMS,LOW,mojito,openfoodfacts,https://world.openfoodfacts.org/product/6285572001639,controlled-lexicon-composition v1 (no free machine translation),مصطلح غير مغطّى بالمعجم
06287002760437,Fresh Yogurt,Rayan,,طازج زبادي,SA,unknown,100,REVIEW_BRAND_UNMAPPED,LOW,,openfoodfacts,https://world.openfoodfacts.org/product/6287002760437,controlled-lexicon-composition v1 (no free machine translation),علامة بلا مقابل عربي متحقَّق
06287004590414,Baguette Almithali,Almithali,,,SA,unknown,100,REVIEW_UNKNOWN_TERMS,LOW,baguette,openfoodfacts,https://world.openfoodfacts.org/product/6287004590414,controlled-lexicon-composition v1 (no free machine translation),مصطلح غير مغطّى بالمعجم
06287005840129,Sukari Rutab Dates,,,تمر,SA,unknown,,REVIEW_UNKNOWN_TERMS,LOW,sukari;rutab,openfoodfacts,https://world.openfoodfacts.org/product/6287005840129,controlled-lexicon-composition v1 (no free machine translation),مصطلح غير مغطّى بالمعجم
06287011310814,Finest Tahini,,,طحينة,SA,unknown,,REVIEW_UNKNOWN_TERMS,LOW,finest,openfoodfacts,https://world.openfoodfacts.org/product/6287011310814,controlled-lexicon-composition v1 (no free machine translation),مصطلح غير مغطّى بالمعجم
06287011650118,Fresh Green Chili Paste,Leen Alkhair,,طازج أخضر شطة معجون,SA,unknown,25,REVIEW_BRAND_UNMAPPED,LOW,,openfoodfacts,https://world.openfoodfacts.org/product/6287011650118,controlled-lexicon-composition v1 (no free machine translation),علامة بلا مقابل عربي متحقَّق
06287031380019,RUTAB ROYAL King of Saudi Dattes,Dates Makarem,,تمر,SA,Whole dates,,REVIEW_UNKNOWN_TERMS,LOW,rutab;royal;king;saudi,openfoodfacts,https://world.openfoodfacts.org/product/6287031380019,controlled-lexicon-composition v1 (no free machine translation),مصطلح غير مغطّى بالمعجم
06291007902198,Britannia Digestives Sugar Free Biscuits,Britannia,بريتانيا,بريتانيا خالي السكر بسكويت,GCC,Biscuits,29,REVIEW_UNKNOWN_TERMS,LOW,digestives,openfoodfacts,https://world.openfoodfacts.org/product/6291007902198,controlled-lexicon-composition v1 (no free machine translation),مصطلح غير مغطّى بالمعجم
06291031000570,Fresh Strawberry Milk,marmum,,طازج فراولة حليب,GCC,unknown,200,REVIEW_BRAND_UNMAPPED,LOW,,openfoodfacts,https://world.openfoodfacts.org/product/6291031000570,controlled-lexicon-composition v1 (no free machine translation),علامة بلا مقابل عربي متحقَّق
06291100881109,Nadiya,,,,GCC,unknown,,REVIEW_UNKNOWN_TERMS,LOW,nadiya,openfoodfacts,https://world.openfoodfacts.org/product/6291100881109,controlled-lexicon-composition v1 (no free machine translation),مصطلح غير مغطّى بالمعجم
06291103750136,Dal Makhani Masala,MDH,,ماسالا,GCC,Groceries,5,REVIEW_UNKNOWN_TERMS,LOW,dal;makhani,openfoodfacts,https://world.openfoodfacts.org/product/6291103750136,controlled-lexicon-composition v1 (no free machine translation),مصطلح غير مغطّى بالمعجم
06291105694193,Bugles firey hot,,,حار,SA,unknown,,REVIEW_UNKNOWN_TERMS,LOW,bugles;firey,openfoodfacts,https://world.openfoodfacts.org/product/6291105694193,controlled-lexicon-composition v1 (no free machine translation),مصطلح غير مغطّى بالمعجم
06291105694469,Bugles nacho cheese flavor,,,جبن نكهة,SA,Corn-snacks,15,REVIEW_UNKNOWN_TERMS,LOW,bugles;nacho,openfoodfacts,https://world.openfoodfacts.org/product/6291105694469,controlled-lexicon-composition v1 (no free machine translation),مصطلح غير مغطّى بالمعجم
06291106420968,Zingo Chicken Breast Strips,Freshly Foods,فريشلي,فريشلي دجاج صدر ستربس,GCC,unknown,100,REVIEW_UNKNOWN_TERMS,LOW,zingo,openfoodfacts,https://world.openfoodfacts.org/product/6291106420968,controlled-lexicon-composition v1 (no free machine translation),مصطلح غير مغطّى بالمعجم
06291106421934,Jumbo Chicken Sausage,Senora,,دجاج نقانق,GCC,unknown,100,REVIEW_UNKNOWN_TERMS,LOW,jumbo,openfoodfacts,https://world.openfoodfacts.org/product/6291106421934,controlled-lexicon-composition v1 (no free machine translation),مصطلح غير مغطّى بالمعجم
06291108422892,Earth goods,Earths Goods Organic,,,GCC,unknown,100,REVIEW_UNKNOWN_TERMS,LOW,earth;goods,openfoodfacts,https://world.openfoodfacts.org/product/6291108422892,controlled-lexicon-composition v1 (no free machine translation),مصطلح غير مغطّى بالمعجم
06294001830887,Snickers minis bars,Mars,مارس,مارس,GCC,unknown,18,REVIEW_UNKNOWN_TERMS,LOW,minis;bars,openfoodfacts,https://world.openfoodfacts.org/product/6294001830887,controlled-lexicon-composition v1 (no free machine translation),مصطلح غير مغطّى بالمعجم
06294003597849,Nestle Kkat Lotus Chunky,kitkaylt,نستله,نستله,GCC,unknown,41.5,REVIEW_UNKNOWN_TERMS,LOW,kkat;lotus;chunky,openfoodfacts,https://world.openfoodfacts.org/product/6294003597849,controlled-lexicon-composition v1 (no free machine translation),مصطلح غير مغطّى بالمعجم
06294104088550,Chocolat Pistache Kunafa,Forrey & Galland,,شوكولاتة كنافة,GCC,unknown,100,REVIEW_UNKNOWN_TERMS,LOW,pistache,openfoodfacts,https://world.openfoodfacts.org/product/6294104088550,controlled-lexicon-composition v1 (no free machine translation),مصطلح غير مغطّى بالمعجم
06297000080468,Coffee,Al Janoub Stores,,قهوة,GCC,Coffees,,REVIEW_BRAND_UNMAPPED,LOW,,openfoodfacts,https://world.openfoodfacts.org/product/6297000080468,controlled-lexicon-composition v1 (no free machine translation),علامة بلا مقابل عربي متحقَّق
06297001135365,Yogurt,hayatna low fat,,زبادي,GCC,unknown,100,REVIEW_BRAND_UNMAPPED,LOW,,openfoodfacts,https://world.openfoodfacts.org/product/6297001135365,controlled-lexicon-composition v1 (no free machine translation),علامة بلا مقابل عربي متحقَّق
06297001135815,Hayatna Strawberry Yogurt,,,فراولة زبادي,GCC,unknown,,REVIEW_UNKNOWN_TERMS,LOW,hayatna,openfoodfacts,https://world.openfoodfacts.org/product/6297001135815,controlled-lexicon-composition v1 (no free machine translation),مصطلح غير مغطّى بالمعجم
06298044126389,Keto Blueberry Cheesecake,Keto Break,,كيتو توت أزرق,GCC,unknown,130,REVIEW_UNKNOWN_TERMS,LOW,cheesecake,openfoodfacts,https://world.openfoodfacts.org/product/6298044126389,controlled-lexicon-composition v1 (no free machine translation),مصطلح غير مغطّى بالمعجم
06299200002684,Sliced Smoked Chicken Breast,D’pollo,,شرائح مدخّن دجاج صدر,GCC,unknown,,REVIEW_BRAND_UNMAPPED,LOW,,openfoodfacts,https://world.openfoodfacts.org/product/6299200002684,controlled-lexicon-composition v1 (no free machine translation),علامة بلا مقابل عربي متحقَّق
06305417070016,bouchon de mijoule,Lou passou bio,,,GCC,fr:fromage-a-pate-molle-thermise,100,REVIEW_UNKNOWN_TERMS,LOW,bouchon;mijoule,openfoodfacts,https://world.openfoodfacts.org/product/6305417070016,controlled-lexicon-composition v1 (no free machine translation),مصطلح غير مغطّى بالمعجم
08683130050149,Knorr CAS Chicken noodle,Knife,كنور,كنور دجاج,GCC,unknown,170,REVIEW_UNKNOWN_TERMS,LOW,cas;noodle,openfoodfacts,https://world.openfoodfacts.org/product/8683130050149,controlled-lexicon-composition v1 (no free machine translation),مصطلح غير مغطّى بالمعجم
08801007323527,Pork Mandu,Bibigo,,,GCC,unknown,33,REVIEW_UNKNOWN_TERMS,LOW,pork;mandu,openfoodfacts,https://world.openfoodfacts.org/product/8801007323527,controlled-lexicon-composition v1 (no free machine translation),مصطلح غير مغطّى بالمعجم
00012000063121,Mirinda plus tropical,,ميرندا,ميرندا,SA,unknown,,REVIEW_UNKNOWN_TERMS,LOW,tropical,openfoodfacts,https://world.openfoodfacts.org/product/0012000063121,controlled-lexicon-composition v1 (no free machine translation),مصطلح غير مغطّى بالمعجم
00627531018191,HIGH WHEY PROTEIN,REVOLUTION NUTRITION,,واي بروتين,GCC,unknown,37,REVIEW_UNKNOWN_TERMS,LOW,high,openfoodfacts,https://world.openfoodfacts.org/product/0627531018191,controlled-lexicon-composition v1 (no free machine translation),مصطلح غير مغطّى بالمعجم
00628176016078,Breaded Chicken Tender Pieces Seasoned Uncooked,Hometown,,مقرمش بالبقسماط دجاج قطع متبّل,SA,unknown,100,REVIEW_UNKNOWN_TERMS,LOW,tender;uncooked,openfoodfacts,https://world.openfoodfacts.org/product/0628176016078,controlled-lexicon-composition v1 (no free machine translation),مصطلح غير مغطّى بالمعجم
00628250350999,Chicken Charcoal Kebab,Al-Shamas Food Products,,دجاج كباب,SA,unknown,43,REVIEW_UNKNOWN_TERMS,LOW,charcoal,openfoodfacts,https://world.openfoodfacts.org/product/0628250350999,controlled-lexicon-composition v1 (no free machine translation),مصطلح غير مغطّى بالمعجم
00628308000135,Sirop caramel,Landish,,كراميل,SA,unknown,6,REVIEW_UNKNOWN_TERMS,LOW,sirop,openfoodfacts,https://world.openfoodfacts.org/product/0628308000135,controlled-lexicon-composition v1 (no free machine translation),مصطلح غير مغطّى بالمعجم
00628502241501,Beef Flap Steak Seasoned Steakhouse,Alpha,,لحم بقري متبّل,SA,unknown,225,REVIEW_UNKNOWN_TERMS,LOW,flap;steak;steakhouse,openfoodfacts,https://world.openfoodfacts.org/product/0628502241501,controlled-lexicon-composition v1 (no free machine translation),مصطلح غير مغطّى بالمعجم
00634240347412,Protein Bar Peanut Butter Kunafa,Choco Nafa,,زبدة فول سوداني لوح بروتين كنافة,GCC,Sports-nutrition,50,REVIEW_BRAND_UNMAPPED,LOW,,openfoodfacts,https://world.openfoodfacts.org/product/0634240347412,controlled-lexicon-composition v1 (no free machine translation),علامة بلا مقابل عربي متحقَّق
00709993300394,Natureland Rigatoni,Natureland,نيتشرلاند,نيتشرلاند,SA,unknown,55,REVIEW_UNKNOWN_TERMS,LOW,rigatoni,openfoodfacts,https://world.openfoodfacts.org/product/0709993300394,controlled-lexicon-composition v1 (no free machine translation),مصطلح غير مغطّى بالمعجم
00743209251001,Protein Active Wraps,Golden Sun,,بروتين,GCC,unknown,51,REVIEW_UNKNOWN_TERMS,LOW,active;wraps,openfoodfacts,https://world.openfoodfacts.org/product/0743209251001,controlled-lexicon-composition v1 (no free machine translation),مصطلح غير مغطّى بالمعجم
01110000880126,Protein Cracker,Modern Bakery,,بروتين,GCC,Appetizers,33,REVIEW_UNKNOWN_TERMS,LOW,cracker,openfoodfacts,https://world.openfoodfacts.org/product/1110000880126,controlled-lexicon-composition v1 (no free machine translation),مصطلح غير مغطّى بالمعجم
04000415043100,Schogetten Ciocolată cu lapte,Schogetten,,,SA,Chocolates,,REVIEW_UNKNOWN_TERMS,LOW,ciocolat;cu;lapte,openfoodfacts,https://world.openfoodfacts.org/product/4000415043100,controlled-lexicon-composition v1 (no free machine translation),مصطلح غير مغطّى بالمعجم
04807770272578,Pancit canton sweet & spicy,lucky me,,حلو حار,GCC,Noodles,60,REVIEW_UNKNOWN_TERMS,LOW,pancit;canton,openfoodfacts,https://world.openfoodfacts.org/product/4807770272578,controlled-lexicon-composition v1 (no free machine translation),مصطلح غير مغطّى بالمعجم
04902931110642,Botan sandwich tuna fancy soft tuna,,,ساندويتش تونة طري تونة,SA,unknown,,REVIEW_UNKNOWN_TERMS,LOW,botan;fancy,openfoodfacts,https://world.openfoodfacts.org/product/4902931110642,controlled-lexicon-composition v1 (no free machine translation),مصطلح غير مغطّى بالمعجم
05032722301566,Biona amarath,Biona,,,SA,unknown,100,REVIEW_UNKNOWN_TERMS,LOW,amarath,openfoodfacts,https://world.openfoodfacts.org/product/5032722301566,controlled-lexicon-composition v1 (no free machine translation),مصطلح غير مغطّى بالمعجم
05056555211212,Frappuccino Whey,Applied Nutrition,,واي,SA,unknown,33,REVIEW_UNKNOWN_TERMS,LOW,frappuccino,openfoodfacts,https://world.openfoodfacts.org/product/5056555211212,controlled-lexicon-composition v1 (no free machine translation),مصطلح غير مغطّى بالمعجم
05059883237299,Impact Whey Protein Cereal Milk Flavor,MYPROTEIN,ماي بروتين,ماي بروتين واي بروتين حبوب إفطار حليب نكهة,GCC,unknown,25,REVIEW_UNKNOWN_TERMS,LOW,impact,openfoodfacts,https://world.openfoodfacts.org/product/5059883237299,controlled-lexicon-composition v1 (no free machine translation),مصطلح غير مغطّى بالمعجم
05285009110225,Hummus Bar,Grapeful,,حمص لوح,GCC,unknown,55,REVIEW_BRAND_UNMAPPED,LOW,,openfoodfacts,https://world.openfoodfacts.org/product/5285009110225,controlled-lexicon-composition v1 (no free machine translation),علامة بلا مقابل عربي متحقَّق
05287000617307,Pistachio Spread,Le Professeur,,فستق سبريد,GCC,unknown,34,REVIEW_BRAND_UNMAPPED,LOW,,openfoodfacts,https://world.openfoodfacts.org/product/5287000617307,controlled-lexicon-composition v1 (no free machine translation),علامة بلا مقابل عربي متحقَّق
05412158056160,Madeleines Gluten free imp,Damhert,,خالي الجلوتين,SA,unknown,70,REVIEW_UNKNOWN_TERMS,LOW,madeleines;imp,openfoodfacts,https://world.openfoodfacts.org/product/5412158056160,controlled-lexicon-composition v1 (no free machine translation),مصطلح غير مغطّى بالمعجم
05425035577900,Arthur granola sweet honey,,,جرانولا حلو عسل,SA,unknown,,REVIEW_UNKNOWN_TERMS,LOW,arthur,openfoodfacts,https://world.openfoodfacts.org/product/5425035577900,controlled-lexicon-composition v1 (no free machine translation),مصطلح غير مغطّى بالمعجم
05711953118388,Arla organic strawberry flavored milk,,,عضوي فراولة بنكهة حليب,SA,unknown,,REVIEW_UNKNOWN_TERMS,LOW,arla,openfoodfacts,https://world.openfoodfacts.org/product/5711953118388,controlled-lexicon-composition v1 (no free machine translation),مصطلح غير مغطّى بالمعجم
05900020030924,Nestle country corn flakes,,كورن فليكس,كورن فليكس,SA,unknown,,REVIEW_UNKNOWN_TERMS,LOW,country,openfoodfacts,https://world.openfoodfacts.org/product/5900020030924,controlled-lexicon-composition v1 (no free machine translation),مصطلح غير مغطّى بالمعجم
05900020038371,Nestle country honey and peanuts corn flakes,,كورن فليكس,كورن فليكس عسل,SA,unknown,,REVIEW_UNKNOWN_TERMS,LOW,country;peanuts,openfoodfacts,https://world.openfoodfacts.org/product/5900020038371,controlled-lexicon-composition v1 (no free machine translation),مصطلح غير مغطّى بالمعجم
06075723934424,M&ms peanut,,,فول سوداني,GCC,unknown,,REVIEW_UNKNOWN_TERMS,LOW,ms,openfoodfacts,https://world.openfoodfacts.org/product/6075723934424,controlled-lexicon-composition v1 (no free machine translation),مصطلح غير مغطّى بالمعجم
06079324843475,Capellini n°1,Boîte,,,GCC,Dry durum wheat pasta,,REVIEW_UNKNOWN_TERMS,LOW,capellini,openfoodfacts,https://world.openfoodfacts.org/product/6079324843475,controlled-lexicon-composition v1 (no free machine translation),مصطلح غير مغطّى بالمعجم
06079501057497,Linsennudeln,Barilla,باريلا,باريلا,GCC,Noodles,,REVIEW_UNKNOWN_TERMS,LOW,linsennudeln,openfoodfacts,https://world.openfoodfacts.org/product/6079501057497,controlled-lexicon-composition v1 (no free machine translation),مصطلح غير مغطّى بالمعجم
06083166032508,Raspberry Cheesecake,EARLY RISER,,توت أحمر,GCC,unknown,32,REVIEW_UNKNOWN_TERMS,LOW,cheesecake,openfoodfacts,https://world.openfoodfacts.org/product/6083166032508,controlled-lexicon-composition v1 (no free machine translation),مصطلح غير مغطّى بالمعجم
06191537700557,Harissa du Cap Bon,Cap d'or,,,SA,fr:harissa-du-cap-bon,,REVIEW_UNKNOWN_TERMS,LOW,harissa;du;cap;bon,openfoodfacts,https://world.openfoodfacts.org/product/6191537700557,controlled-lexicon-composition v1 (no free machine translation),مصطلح غير مغطّى بالمعجم
06272000042562,Mburaké,,,,GCC,unknown,,REVIEW_UNKNOWN_TERMS,LOW,mburak,openfoodfacts,https://world.openfoodfacts.org/product/6272000042562,controlled-lexicon-composition v1 (no free machine translation),مصطلح غير مغطّى بالمعجم
06277710788878,Haricots lingots - Saveurs U,U,,,GCC,Canned vegetables,100,REVIEW_UNKNOWN_TERMS,LOW,haricots;lingots;save;rs,openfoodfacts,https://world.openfoodfacts.org/product/6277710788878,controlled-lexicon-composition v1 (no free machine translation),مصطلح غير مغطّى بالمعجم
06277930020826,Cacahuètes grillées à sexa,Cora,,,GCC,Peanuts,,REVIEW_UNKNOWN_TERMS,LOW,cacahu;tes;grill;es;sexa,openfoodfacts,https://world.openfoodfacts.org/product/6277930020826,controlled-lexicon-composition v1 (no free machine translation),مصطلح غير مغطّى بالمعجم
06281000122464,Panko Breadcrumbs,Sozo,,,SA,unknown,100,REVIEW_UNKNOWN_TERMS,LOW,panko;breadcrumbs,openfoodfacts,https://world.openfoodfacts.org/product/6281000122464,controlled-lexicon-composition v1 (no free machine translation),مصطلح غير مغطّى بالمعجم
06281022118230,Activia Strawberry Stirred Yoghurt,Activia,أكتيفيا,أكتيفيا فراولة زبادي,GCC,Yogurts,120,REVIEW_UNKNOWN_TERMS,LOW,stirred,openfoodfacts,https://world.openfoodfacts.org/product/6281022118230,controlled-lexicon-composition v1 (no free machine translation),مصطلح غير مغطّى بالمعجم
06281022120967,Safi milk,,,حليب,SA,Dairies,,REVIEW_UNKNOWN_TERMS,LOW,safi,openfoodfacts,https://world.openfoodfacts.org/product/6281022120967,controlled-lexicon-composition v1 (no free machine translation),مصطلح غير مغطّى بالمعجم
06281036115102,Lay’s tomato ketchup,,,طماطم كاتشب,GCC,unknown,,REVIEW_UNKNOWN_TERMS,LOW,lay,openfoodfacts,https://world.openfoodfacts.org/product/6281036115102,controlled-lexicon-composition v1 (no free machine translation),مصطلح غير مغطّى بالمعجم
06281062371756,Chicken Parts,Al Watania,,دجاج,SA,unknown,200,REVIEW_UNKNOWN_TERMS,LOW,parts,openfoodfacts,https://world.openfoodfacts.org/product/6281062371756,controlled-lexicon-composition v1 (no free machine translation),مصطلح غير مغطّى بالمعجم
06281073210143,Al Shifa Natural Floral Honey,Alshifa,,طبيعي عسل,SA,Honeys,,REVIEW_UNKNOWN_TERMS,LOW,al;shifa;floral,openfoodfacts,https://world.openfoodfacts.org/product/6281073210143,controlled-lexicon-composition v1 (no free machine translation),مصطلح غير مغطّى بالمعجم
06281100400295,Maamoul Bar With Olive Oil,RAGHD,,زيت زيتون معمول لوح,GCC,unknown,100,REVIEW_BRAND_UNMAPPED,LOW,,openfoodfacts,https://world.openfoodfacts.org/product/6281100400295,controlled-lexicon-composition v1 (no free machine translation),علامة بلا مقابل عربي متحقَّق
06281102740306,Sliced bread brown,Kako,,شرائح خبز بني,SA,unknown,35,REVIEW_BRAND_UNMAPPED,LOW,,openfoodfacts,https://world.openfoodfacts.org/product/6281102740306,controlled-lexicon-composition v1 (no free machine translation),علامة بلا مقابل عربي متحقَّق
06281106251815,Ajwa Al Madinah,SIAFA,سيافة,سيافة عجوة,SA,unknown,,REVIEW_UNKNOWN_TERMS,LOW,al;madinah,openfoodfacts,https://world.openfoodfacts.org/product/6281106251815,controlled-lexicon-composition v1 (no free machine translation),مصطلح غير مغطّى بالمعجم
06284519230033,Apple Pie Pecan,Jewels Under The Kilt,,تفاح فطيرة,SA,unknown,28,REVIEW_UNKNOWN_TERMS,LOW,pecan,openfoodfacts,https://world.openfoodfacts.org/product/6284519230033,controlled-lexicon-composition v1 (no free machine translation),مصطلح غير مغطّى بالمعجم
06286783491561,BBQ Flavour Snack Chips,LTC,,نكهة سناك شيبس,SA,unknown,42,REVIEW_UNKNOWN_TERMS,LOW,bbq,openfoodfacts,https://world.openfoodfacts.org/product/6286783491561,controlled-lexicon-composition v1 (no free machine translation),مصطلح غير مغطّى بالمعجم
06287006941122,Kitco bites spiralz paprika,,كيتكو,كيتكو قطع,SA,Chips,,REVIEW_UNKNOWN_TERMS,LOW,spiralz;paprika,openfoodfacts,https://world.openfoodfacts.org/product/6287006941122,controlled-lexicon-composition v1 (no free machine translation),مصطلح غير مغطّى بالمعجم
06287006941801,Kitco nacho cheese,,كيتكو,كيتكو جبن,SA,unknown,25,REVIEW_UNKNOWN_TERMS,LOW,nacho,openfoodfacts,https://world.openfoodfacts.org/product/6287006941801,controlled-lexicon-composition v1 (no free machine translation),مصطلح غير مغطّى بالمعجم
06287007090706,Premium Marinated Whole Chicken,Redwa,,فاخر متبّل دجاج,SA,unknown,100,REVIEW_UNKNOWN_TERMS,LOW,whole,openfoodfacts,https://world.openfoodfacts.org/product/6287007090706,controlled-lexicon-composition v1 (no free machine translation),مصطلح غير مغطّى بالمعجم
06287009831673,Energy Ball - Dates Almond Cranberries Whole Oats,Nayla,,طاقة تمر لوز شوفان,SA,unknown,20,REVIEW_UNKNOWN_TERMS,LOW,ball;cranberries;whole,openfoodfacts,https://world.openfoodfacts.org/product/6287009831673,controlled-lexicon-composition v1 (no free machine translation),مصطلح غير مغطّى بالمعجم
06287034100171,Lift up energy drink,Lift Up,,طاقة شراب,SA,Energy drink with sugar,250,REVIEW_BRAND_UNMAPPED,LOW,,openfoodfacts,https://world.openfoodfacts.org/product/6287034100171,controlled-lexicon-composition v1 (no free machine translation),علامة بلا مقابل عربي متحقَّق
06287043724023,Sourdough Whole Meal,Al Hatab Bakery,,,SA,unknown,100,REVIEW_UNKNOWN_TERMS,LOW,sourdough;whole;meal,openfoodfacts,https://world.openfoodfacts.org/product/6287043724023,controlled-lexicon-composition v1 (no free machine translation),مصطلح غير مغطّى بالمعجم
06289428846894,Tofu Mariné Balsamique,Soja,,,SA,unknown,125,REVIEW_UNKNOWN_TERMS,LOW,tofu;marin;balsamique,openfoodfacts,https://world.openfoodfacts.org/product/6289428846894,controlled-lexicon-composition v1 (no free machine translation),مصطلح غير مغطّى بالمعجم
06290090013613,Creamy ceasar,Heinz,هاينز,هاينز كريمي,GCC,unknown,,REVIEW_UNKNOWN_TERMS,LOW,ceasar,openfoodfacts,https://world.openfoodfacts.org/product/6290090013613,controlled-lexicon-composition v1 (no free machine translation),مصطلح غير مغطّى بالمعجم
06291003003233,Tiffany Bisc Choclate Cream -,Tiffany,تيفاني,تيفاني قشطة,GCC,Biscuits,,REVIEW_UNKNOWN_TERMS,LOW,bisc;choclate,openfoodfacts,https://world.openfoodfacts.org/product/6291003003233,controlled-lexicon-composition v1 (no free machine translation),مصطلح غير مغطّى بالمعجم
06291010902932,Glorius Guava,Star,,جوافة,GCC,unknown,,REVIEW_UNKNOWN_TERMS,LOW,glorius,openfoodfacts,https://world.openfoodfacts.org/product/6291010902932,controlled-lexicon-composition v1 (no free machine translation),مصطلح غير مغطّى بالمعجم
06291011050137,Arabian Delights,,,عربي,GCC,unknown,,REVIEW_UNKNOWN_TERMS,LOW,delights,openfoodfacts,https://world.openfoodfacts.org/product/6291011050137,controlled-lexicon-composition v1 (no free machine translation),مصطلح غير مغطّى بالمعجم
06291052000252,frozen chicken breast,prime,,مجمّد دجاج صدر,GCC,unknown,100,REVIEW_BRAND_UNMAPPED,LOW,,openfoodfacts,https://world.openfoodfacts.org/product/6291052000252,controlled-lexicon-composition v1 (no free machine translation),علامة بلا مقابل عربي متحقَّق
06291103750075,Chana Masala Spices Blend for Chick Peas,,,ماسالا بازلاء,GCC,unknown,,REVIEW_UNKNOWN_TERMS,LOW,chana;spices;blend;chick,openfoodfacts,https://world.openfoodfacts.org/product/6291103750075,controlled-lexicon-composition v1 (no free machine translation),مصطلح غير مغطّى بالمعجم
06291104284371,Organic Agave Syrup Natural Sweetener,,,عضوي شراب طبيعي محلّي,GCC,Agave syrups,,REVIEW_UNKNOWN_TERMS,LOW,agave,openfoodfacts,https://world.openfoodfacts.org/product/6291104284371,controlled-lexicon-composition v1 (no free machine translation),مصطلح غير مغطّى بالمعجم
06291105694186,Bugles nachos cheese,,,جبن,SA,unknown,,REVIEW_UNKNOWN_TERMS,LOW,bugles;nachos,openfoodfacts,https://world.openfoodfacts.org/product/6291105694186,controlled-lexicon-composition v1 (no free machine translation),مصطلح غير مغطّى بالمعجم
06294001825470,Ripple,Galaxy,جالاكسي,جالاكسي,GCC,unknown,30,REVIEW_UNKNOWN_TERMS,LOW,ripple,openfoodfacts,https://world.openfoodfacts.org/product/6294001825470,controlled-lexicon-composition v1 (no free machine translation),مصطلح غير مغطّى بالمعجم
06294011671029,Chicken Chapli Kabab,Lulu,لولو,لولو دجاج,GCC,unknown,100,REVIEW_UNKNOWN_TERMS,LOW,chapli;kabab,openfoodfacts,https://world.openfoodfacts.org/product/6294011671029,controlled-lexicon-composition v1 (no free machine translation),مصطلح غير مغطّى بالمعجم
06295155934759,Chicken Samosa,Yum Bites,,دجاج سمبوسة,GCC,unknown,,REVIEW_BRAND_UNMAPPED,LOW,,openfoodfacts,https://world.openfoodfacts.org/product/6295155934759,controlled-lexicon-composition v1 (no free machine translation),علامة بلا مقابل عربي متحقَّق
06297001393024,Switch Plant-based Kabab,Switch Foods International LLC,,نباتي,GCC,unknown,120,REVIEW_UNKNOWN_TERMS,LOW,switch;based;kabab,openfoodfacts,https://world.openfoodfacts.org/product/6297001393024,controlled-lexicon-composition v1 (no free machine translation),مصطلح غير مغطّى بالمعجم
06298044151787,Protein Gummies,freelife,,بروتين,GCC,Candy-gummies,32,REVIEW_UNKNOWN_TERMS,LOW,gummies,openfoodfacts,https://world.openfoodfacts.org/product/6298044151787,controlled-lexicon-composition v1 (no free machine translation),مصطلح غير مغطّى بالمعجم
06299200053143,Malabar Paratha,EATISTAAN,,,GCC,unknown,,REVIEW_UNKNOWN_TERMS,LOW,malabar;paratha,openfoodfacts,https://world.openfoodfacts.org/product/6299200053143,controlled-lexicon-composition v1 (no free machine translation),مصطلح غير مغطّى بالمعجم
06303944697010,Gaspacho concombre et menthe,Alvalle,,,GCC,unknown,100,REVIEW_UNKNOWN_TERMS,LOW,gaspacho;concombre;et;menthe,openfoodfacts,https://world.openfoodfacts.org/product/6303944697010,controlled-lexicon-composition v1 (no free machine translation),مصطلح غير مغطّى بالمعجم
07340001806014,Creamy Crisp Protein Bar,Barebells,بيربلز,بيربلز لوح بروتين كريمي,SA,unknown,55,REVIEW_UNKNOWN_TERMS,LOW,crisp,openfoodfacts,https://world.openfoodfacts.org/product/7340001806014,controlled-lexicon-composition v1 (no free machine translation),مصطلح غير مغطّى بالمعجم
07649992858348,ginger shot,go ginger,,زنجبيل,GCC,unknown,60,REVIEW_UNKNOWN_TERMS,LOW,shot,openfoodfacts,https://world.openfoodfacts.org/product/7649992858348,controlled-lexicon-composition v1 (no free machine translation),مصطلح غير مغطّى بالمعجم
08044190050003,Dandy Yoghurt small,,,زبادي,GCC,Yogurts,,REVIEW_UNKNOWN_TERMS,LOW,dandy;small,openfoodfacts,https://world.openfoodfacts.org/product/8044190050003,controlled-lexicon-composition v1 (no free machine translation),مصطلح غير مغطّى بالمعجم
08044190063058,Chocolate Flavoured Semi-Ice Milk,Dandy,,شوكولاتة بنكهة مثلج حليب,GCC,Chocolate ice cream tubs,63.75,REVIEW_UNKNOWN_TERMS,LOW,semi,openfoodfacts,https://world.openfoodfacts.org/product/8044190063058,controlled-lexicon-composition v1 (no free machine translation),مصطلح غير مغطّى بالمعجم
08410076610683,Nature valley protein peanuts and chocolate,Nature Valley,,بروتين شوكولاتة,GCC,Protein bars,40,REVIEW_UNKNOWN_TERMS,LOW,peanuts,openfoodfacts,https://world.openfoodfacts.org/product/8410076610683,controlled-lexicon-composition v1 (no free machine translation),مصطلح غير مغطّى بالمعجم
08410159048976,Olivas Pitted Black,Figaro,,أسود,GCC,unknown,,REVIEW_UNKNOWN_TERMS,LOW,olivas;pitted,openfoodfacts,https://world.openfoodfacts.org/product/8410159048976,controlled-lexicon-composition v1 (no free machine translation),مصطلح غير مغطّى بالمعجم
08697403892060,Smoke Chicken Breast,Danet,,دجاج صدر,GCC,unknown,30,REVIEW_UNKNOWN_TERMS,LOW,smoke,openfoodfacts,https://world.openfoodfacts.org/product/8697403892060,controlled-lexicon-composition v1 (no free machine translation),مصطلح غير مغطّى بالمعجم
00000054492820,Cocacola light,Coca-Cola,كوكا كولا,كوكا كولا لايت,GCC,unknown,,REVIEW_UNKNOWN_TERMS,LOW,cocacola,openfoodfacts,https://world.openfoodfacts.org/product/54492820,controlled-lexicon-composition v1 (no free machine translation),مصطلح غير مغطّى بالمعجم
00084909000668,Rice Stick (10 mm),Cock Brand,,أرز إصبع,GCC,Dried rice noodles,55,REVIEW_UNKNOWN_TERMS,LOW,mm,openfoodfacts,https://world.openfoodfacts.org/product/0084909000668,controlled-lexicon-composition v1 (no free machine translation),مصطلح غير مغطّى بالمعجم
00098000010099,Tropical Passionfruit & Mango Ice Tea,Lipton,ليبتون,ليبتون مانجو مثلج شاي,GCC,unknown,100,REVIEW_UNKNOWN_TERMS,LOW,tropical;passionfruit,openfoodfacts,https://world.openfoodfacts.org/product/0098000010099,controlled-lexicon-composition v1 (no free machine translation),مصطلح غير مغطّى بالمعجم
00617950803560,Alalali pineapple slices choice in heavy syrup,,العلالي,العلالي أناناس شرائح شراب,SA,Cans-food,,REVIEW_UNKNOWN_TERMS,LOW,choice;heavy,openfoodfacts,https://world.openfoodfacts.org/product/0617950803560,controlled-lexicon-composition v1 (no free machine translation),مصطلح غير مغطّى بالمعجم
00628245700655,Cooked Frozen Lobster Meat Homarus americanus,Gaspe shore,,مطبوخ مجمّد لحم,SA,Lobster-meat,85,REVIEW_UNKNOWN_TERMS,LOW,lobster;homarus;americanus,openfoodfacts,https://world.openfoodfacts.org/product/0628245700655,controlled-lexicon-composition v1 (no free machine translation),مصطلح غير مغطّى بالمعجم
00628678203518,All-in-One Shake,goodprotein,,شيك,SA,Protein shakes,44,REVIEW_UNKNOWN_TERMS,LOW,all,openfoodfacts,https://world.openfoodfacts.org/product/0628678203518,controlled-lexicon-composition v1 (no free machine translation),مصطلح غير مغطّى بالمعجم
00628693732062,GREENS Premium Superfoods Powder,BELIEVE SUPPLEMENTS,,فاخر بودرة,SA,unknown,10,REVIEW_UNKNOWN_TERMS,LOW,greens;superfoods,openfoodfacts,https://world.openfoodfacts.org/product/0628693732062,controlled-lexicon-composition v1 (no free machine translation),مصطلح غير مغطّى بالمعجم
00709565040444,Agaven organic agave syrup,,,عضوي شراب,SA,Syrups,,REVIEW_UNKNOWN_TERMS,LOW,agaven;agave,openfoodfacts,https://world.openfoodfacts.org/product/0709565040444,controlled-lexicon-composition v1 (no free machine translation),مصطلح غير مغطّى بالمعجم
00717273504219,American Garden Jalepeno Pepper,American Garden,,فلفل,GCC,unknown,25,REVIEW_UNKNOWN_TERMS,LOW,jalepeno,openfoodfacts,https://world.openfoodfacts.org/product/0717273504219,controlled-lexicon-composition v1 (no free machine translation),مصطلح غير مغطّى بالمعجم
00745178417365,Mr tito mix flavor,,,مشكل نكهة,SA,Chips,,REVIEW_UNKNOWN_TERMS,LOW,mr;tito,openfoodfacts,https://world.openfoodfacts.org/product/0745178417365,controlled-lexicon-composition v1 (no free machine translation),مصطلح غير مغطّى بالمعجم
00818094006972,Rockstar energy drink original,Pepsi,بيبسي,بيبسي طاقة شراب أصلي,SA,unknown,185,REVIEW_UNKNOWN_TERMS,LOW,rockstar,openfoodfacts,https://world.openfoodfacts.org/product/0818094006972,controlled-lexicon-composition v1 (no free machine translation),مصطلح غير مغطّى بالمعجم
03166291543026,Quelle salade croustillante italienne assaisonnement,Ducros,,,GCC,fr:croutons-et-assaisonnement-pour-salade-a-l-ail-et-au-basilic,100,REVIEW_UNKNOWN_TERMS,LOW,quelle;salade;croustillante;italienne;assaisonnement,openfoodfacts,https://world.openfoodfacts.org/product/3166291543026,controlled-lexicon-composition v1 (no free machine translation),مصطلح غير مغطّى بالمعجم
03350033557918,Des de fromage de chevre,Monoprix,مونوبري,مونوبري,GCC,Goat cheeses,,REVIEW_UNKNOWN_TERMS,LOW,des;fromage;chevre,openfoodfacts,https://world.openfoodfacts.org/product/3350033557918,controlled-lexicon-composition v1 (no free machine translation),مصطلح غير مغطّى بالمعجم
04000492021107,Flex-back Cake Margarine,Meistermarken,,كيك,GCC,unknown,100,REVIEW_UNKNOWN_TERMS,LOW,flex;back;margarine,openfoodfacts,https://world.openfoodfacts.org/product/4000492021107,controlled-lexicon-composition v1 (no free machine translation),مصطلح غير مغطّى بالمعجم
04640103525237,Marshick Protein Marshmallow,SOJ,,بروتين مارشميلو,SA,unknown,30,REVIEW_UNKNOWN_TERMS,LOW,marshick,openfoodfacts,https://world.openfoodfacts.org/product/4640103525237,controlled-lexicon-composition v1 (no free machine translation),مصطلح غير مغطّى بالمعجم
04807770191701,Lucky me la paz batchoy artificial beef flavored with garlic noodles,,,لحم بقري بنكهة ثوم نودلز,GCC,unknown,,REVIEW_UNKNOWN_TERMS,LOW,lucky;me;paz;batchoy;artificial,openfoodfacts,https://world.openfoodfacts.org/product/4807770191701,controlled-lexicon-composition v1 (no free machine translation),مصطلح غير مغطّى بالمعجم
05056555206102,Critical Oats Protein Porridge - Golden Syrup,Applied Nutrition,,شوفان بروتين شراب,SA,Protein powders,60,REVIEW_UNKNOWN_TERMS,LOW,critical;porridge;golden,openfoodfacts,https://world.openfoodfacts.org/product/5056555206102,controlled-lexicon-composition v1 (no free machine translation),مصطلح غير مغطّى بالمعجم
05059883301099,Impact Whey Isolate,Myprotein,ماي بروتين,ماي بروتين واي آيزوليت,GCC,unknown,100,REVIEW_UNKNOWN_TERMS,LOW,impact,openfoodfacts,https://world.openfoodfacts.org/product/5059883301099,controlled-lexicon-composition v1 (no free machine translation),مصطلح غير مغطّى بالمعجم
05060689760065,Lono whole oats,,,شوفان,SA,Oat,35,REVIEW_UNKNOWN_TERMS,LOW,lono;whole,openfoodfacts,https://world.openfoodfacts.org/product/5060689760065,controlled-lexicon-composition v1 (no free machine translation),مصطلح غير مغطّى بالمعجم
05065014665008,Vitamin C Drink,Vantori,,فيتامين شراب,GCC,unknown,250,REVIEW_BRAND_UNMAPPED,LOW,,openfoodfacts,https://world.openfoodfacts.org/product/5065014665008,controlled-lexicon-composition v1 (no free machine translation),علامة بلا مقابل عربي متحقَّق
06001120627119,Maynards Wine Gums,Maynards,,,GCC,unknown,100,REVIEW_UNKNOWN_TERMS,LOW,wine;gums,openfoodfacts,https://world.openfoodfacts.org/product/6001120627119,controlled-lexicon-composition v1 (no free machine translation),مصطلح غير مغطّى بالمعجم
06070842081851,Gnocchi,Barilla,باريلا,باريلا,GCC,Noodles,,REVIEW_UNKNOWN_TERMS,LOW,gnocchi,openfoodfacts,https://world.openfoodfacts.org/product/6070842081851,controlled-lexicon-composition v1 (no free machine translation),مصطلح غير مغطّى بالمعجم
06082697495233,ABBACCHIO CARRE',,,,GCC,unknown,,REVIEW_UNKNOWN_TERMS,LOW,abbacchio;carre,openfoodfacts,https://world.openfoodfacts.org/product/6082697495233,controlled-lexicon-composition v1 (no free machine translation),مصطلح غير مغطّى بالمعجم
06084010930025,meat town zinger,,,لحم,GCC,unknown,,REVIEW_UNKNOWN_TERMS,LOW,town;zinger,openfoodfacts,https://world.openfoodfacts.org/product/6084010930025,controlled-lexicon-composition v1 (no free machine translation),مصطلح غير مغطّى بالمعجم
06215441482092,Pomegranate Molasses,Al Rasheed,,رمان,SA,unknown,18,REVIEW_UNKNOWN_TERMS,LOW,molasses,openfoodfacts,https://world.openfoodfacts.org/product/6215441482092,controlled-lexicon-composition v1 (no free machine translation),مصطلح غير مغطّى بالمعجم
06222024103428,Milky Biscuit,Ulker,أولكر,أولكر بسكويت,SA,Biscuits,,REVIEW_UNKNOWN_TERMS,LOW,milky,openfoodfacts,https://world.openfoodfacts.org/product/6222024103428,controlled-lexicon-composition v1 (no free machine translation),مصطلح غير مغطّى بالمعجم
06251036300730,Mr.chips snack mix french cheese,,,شيبس سناك مشكل فرنسي جبن,SA,Chips,,REVIEW_UNKNOWN_TERMS,LOW,mr,openfoodfacts,https://world.openfoodfacts.org/product/6251036300730,controlled-lexicon-composition v1 (no free machine translation),مصطلح غير مغطّى بالمعجم
06271011501037,Funny Face Ice Cream,KDCOW,,آيس كريم,GCC,unknown,28.5,REVIEW_UNKNOWN_TERMS,LOW,funny;face,openfoodfacts,https://world.openfoodfacts.org/product/6271011501037,controlled-lexicon-composition v1 (no free machine translation),مصطلح غير مغطّى بالمعجم
06281000816080,Clotted Cream,DiRi,,قشطة,SA,unknown,100,REVIEW_UNKNOWN_TERMS,LOW,clotted,openfoodfacts,https://world.openfoodfacts.org/product/6281000816080,controlled-lexicon-composition v1 (no free machine translation),مصطلح غير مغطّى بالمعجم
06281004700033,Yamama Cake Sandwich Vanilla Flavour,,,كيك ساندويتش فانيلا نكهة,SA,unknown,,REVIEW_UNKNOWN_TERMS,LOW,yamama,openfoodfacts,https://world.openfoodfacts.org/product/6281004700033,controlled-lexicon-composition v1 (no free machine translation),مصطلح غير مغطّى بالمعجم
06281007043359,Almarai processed cream cheese,Al Marai,المراعي,المراعي قشطة جبن,SA,Cheeses,,REVIEW_UNKNOWN_TERMS,LOW,processed,openfoodfacts,https://world.openfoodfacts.org/product/6281007043359,controlled-lexicon-composition v1 (no free machine translation),مصطلح غير مغطّى بالمعجم
06281016210124,Maamoul - Teashop Dates 40G *12,Teashop,,معمول تمر,SA,Pastries,35,REVIEW_BRAND_UNMAPPED,LOW,,openfoodfacts,https://world.openfoodfacts.org/product/6281016210124,controlled-lexicon-composition v1 (no free machine translation),علامة بلا مقابل عربي متحقَّق
06281016901725,Memories date cookies,MEMORIES,,تمر كوكيز,SA,unknown,,REVIEW_BRAND_UNMAPPED,LOW,,openfoodfacts,https://world.openfoodfacts.org/product/6281016901725,controlled-lexicon-composition v1 (no free machine translation),علامة بلا مقابل عربي متحقَّق
06281016960432,Albatal barbeque chips,AlBatal,البطل,البطل شيبس,SA,unknown,,REVIEW_UNKNOWN_TERMS,LOW,barbeque,openfoodfacts,https://world.openfoodfacts.org/product/6281016960432,controlled-lexicon-composition v1 (no free machine translation),مصطلح غير مغطّى بالمعجم
06281020010611,Luna baked beans in tomato sauce,,لونا,لونا فاصوليا طماطم صلصة,SA,unknown,,REVIEW_UNKNOWN_TERMS,LOW,baked,openfoodfacts,https://world.openfoodfacts.org/product/6281020010611,controlled-lexicon-composition v1 (no free machine translation),مصطلح غير مغطّى بالمعجم
06281036564108,Doritos Nacho Cheese,Doritos,دوريتوس,دوريتوس جبن,GCC,Corn chips,30,REVIEW_UNKNOWN_TERMS,LOW,nacho,openfoodfacts,https://world.openfoodfacts.org/product/6281036564108,controlled-lexicon-composition v1 (no free machine translation),مصطلح غير مغطّى بالمعجم
06281039821512,Crispy letters ketchup,,,مقرمش كاتشب,SA,unknown,,REVIEW_UNKNOWN_TERMS,LOW,letters,openfoodfacts,https://world.openfoodfacts.org/product/6281039821512,controlled-lexicon-composition v1 (no free machine translation),مصطلح غير مغطّى بالمعجم
06281063632085,Freshly tropical fruit cocktail in light syrup,,فريشلي,فريشلي فواكه كوكتيل لايت شراب,SA,unknown,,REVIEW_UNKNOWN_TERMS,LOW,tropical,openfoodfacts,https://world.openfoodfacts.org/product/6281063632085,controlled-lexicon-composition v1 (no free machine translation),مصطلح غير مغطّى بالمعجم
06281071112166,Marami wavy potato chips hot chili,,,بطاطس شيبس حار شطة,SA,unknown,25,REVIEW_UNKNOWN_TERMS,LOW,marami;wavy,openfoodfacts,https://world.openfoodfacts.org/product/6281071112166,controlled-lexicon-composition v1 (no free machine translation),مصطلح غير مغطّى بالمعجم
06281100356554,Dark Chocolate 90%,Godiva,,داكن شوكولاتة,SA,unknown,15,REVIEW_BRAND_UNMAPPED,LOW,,openfoodfacts,https://world.openfoodfacts.org/product/6281100356554,controlled-lexicon-composition v1 (no free machine translation),علامة بلا مقابل عربي متحقَّق
06281105302204,Kaak Tersiyeh Sesae,,,,SA,unknown,,REVIEW_UNKNOWN_TERMS,LOW,kaak;tersiyeh;sesae,openfoodfacts,https://world.openfoodfacts.org/product/6281105302204,controlled-lexicon-composition v1 (no free machine translation),مصطلح غير مغطّى بالمعجم
06285349000155,Dattes Sukary,,,تمر,SA,Dates,,REVIEW_UNKNOWN_TERMS,LOW,sukary,openfoodfacts,https://world.openfoodfacts.org/product/6285349000155,controlled-lexicon-composition v1 (no free machine translation),مصطلح غير مغطّى بالمعجم
06286905410852,Almôndega De Frango Com Molho,Livup,,,SA,unknown,100,REVIEW_UNKNOWN_TERMS,LOW,alm;ndega;frango;com;molho,openfoodfacts,https://world.openfoodfacts.org/product/6286905410852,controlled-lexicon-composition v1 (no free machine translation),مصطلح غير مغطّى بالمعجم
06287001563862,Grissini Breadsticks Whole Wheat Barn,Alhatab,,قمح,SA,unknown,100,REVIEW_UNKNOWN_TERMS,LOW,grissini;breadsticks;whole;barn,openfoodfacts,https://world.openfoodfacts.org/product/6287001563862,controlled-lexicon-composition v1 (no free machine translation),مصطلح غير مغطّى بالمعجم
06287035713790,SATE SUNTAN Organic Date Syrup,,,عضوي تمر شراب,SA,unknown,,REVIEW_UNKNOWN_TERMS,LOW,sate;suntan,openfoodfacts,https://world.openfoodfacts.org/product/6287035713790,controlled-lexicon-composition v1 (no free machine translation),مصطلح غير مغطّى بالمعجم
06288022840345,Nonnette à l’Orange,Vital Ainé,,برتقال,SA,fr:Nonnettes,,REVIEW_UNKNOWN_TERMS,LOW,nonnette,openfoodfacts,https://world.openfoodfacts.org/product/6288022840345,controlled-lexicon-composition v1 (no free machine translation),مصطلح غير مغطّى بالمعجم
06289427793434,enoki mushroom (金剛山牌金菇),Mount Kumgang,,فطر,SA,unknown,100,REVIEW_UNKNOWN_TERMS,LOW,enoki,openfoodfacts,https://world.openfoodfacts.org/product/6289427793434,controlled-lexicon-composition v1 (no free machine translation),مصطلح غير مغطّى بالمعجم
06290361983157,Jus dorange,,,,GCC,unknown,,REVIEW_UNKNOWN_TERMS,LOW,jus;dorange,openfoodfacts,https://world.openfoodfacts.org/product/6290361983157,controlled-lexicon-composition v1 (no free machine translation),مصطلح غير مغطّى بالمعجم
06291003240751,Balou Balou (Chocolate),Igloo,,شوكولاتة,GCC,Ice cream cones,69,REVIEW_UNKNOWN_TERMS,LOW,balou;balou,openfoodfacts,https://world.openfoodfacts.org/product/6291003240751,controlled-lexicon-composition v1 (no free machine translation),مصطلح غير مغطّى بالمعجم
06291011008107,XL twinkle pepper jack,,,فلفل,SA,Chips,,REVIEW_UNKNOWN_TERMS,LOW,xl;twinkle;jack,openfoodfacts,https://world.openfoodfacts.org/product/6291011008107,controlled-lexicon-composition v1 (no free machine translation),مصطلح غير مغطّى بالمعجم
06291016111055,lacnor HL grapefruit 1L,NFPC,,,GCC,unknown,,REVIEW_UNKNOWN_TERMS,LOW,lacnor;hl;grapefruit,openfoodfacts,https://world.openfoodfacts.org/product/6291016111055,controlled-lexicon-composition v1 (no free machine translation),مصطلح غير مغطّى بالمعجم
06291016131091,Apple & beetroot juice,,,تفاح عصير,GCC,unknown,,REVIEW_UNKNOWN_TERMS,LOW,beetroot,openfoodfacts,https://world.openfoodfacts.org/product/6291016131091,controlled-lexicon-composition v1 (no free machine translation),مصطلح غير مغطّى بالمعجم
06291107447643,Emac pasta sauce arrabiata 350,,,معكرونة صلصة,GCC,unknown,,REVIEW_UNKNOWN_TERMS,LOW,emac;arrabiata,openfoodfacts,https://world.openfoodfacts.org/product/6291107447643,controlled-lexicon-composition v1 (no free machine translation),مصطلح غير مغطّى بالمعجم
06292848616114,Paprika Powder,Virginia Green Garden,,بودرة,GCC,unknown,,REVIEW_UNKNOWN_TERMS,LOW,paprika,openfoodfacts,https://world.openfoodfacts.org/product/6292848616114,controlled-lexicon-composition v1 (no free machine translation),مصطلح غير مغطّى بالمعجم
06294001821670,Galaxy Carmel,Galaxy,جالاكسي,جالاكسي,GCC,Milk chocolate with caramel,,REVIEW_UNKNOWN_TERMS,LOW,carmel,openfoodfacts,https://world.openfoodfacts.org/product/6294001821670,controlled-lexicon-composition v1 (no free machine translation),مصطلح غير مغطّى بالمعجم
06294003573942,Kit Kat mini Moments Desserts,Kit Kat,,ميني,GCC,unknown,,REVIEW_UNKNOWN_TERMS,LOW,moments;desserts,openfoodfacts,https://world.openfoodfacts.org/product/6294003573942,controlled-lexicon-composition v1 (no free machine translation),مصطلح غير مغطّى بالمعجم
06294007310338,White chocolate with pistachios,,,أبيض شوكولاتة,GCC,Chocolates,,REVIEW_UNKNOWN_TERMS,LOW,pistachios,openfoodfacts,https://world.openfoodfacts.org/product/6294007310338,controlled-lexicon-composition v1 (no free machine translation),مصطلح غير مغطّى بالمعجم
06297000071077,Arya Idly / Dosa Wet Mix,,,مشكل,GCC,unknown,,REVIEW_UNKNOWN_TERMS,LOW,arya;idly;dosa;wet,openfoodfacts,https://world.openfoodfacts.org/product/6297000071077,controlled-lexicon-composition v1 (no free machine translation),مصطلح غير مغطّى بالمعجم
06297000670515,Greek Yog Low Fat Vanilla,Balade Farms,مزارع بلدي,مزارع بلدي قليل الدسم يوناني فانيلا,GCC,Greek-style yogurts,180,REVIEW_UNKNOWN_TERMS,LOW,yog,openfoodfacts,https://world.openfoodfacts.org/product/6297000670515,controlled-lexicon-composition v1 (no free machine translation),مصطلح غير مغطّى بالمعجم
06298850002815,Pain de mie gourmand beau et bon,Harrys,,,GCC,unknown,,REVIEW_UNKNOWN_TERMS,LOW,pain;mie;gourmand;beau;et;bon,openfoodfacts,https://world.openfoodfacts.org/product/6298850002815,controlled-lexicon-composition v1 (no free machine translation),مصطلح غير مغطّى بالمعجم
06300900239413,Skyr Strawberry,Baladna,بلدنا,بلدنا فراولة,GCC,unknown,100,REVIEW_UNKNOWN_TERMS,LOW,skyr,openfoodfacts,https://world.openfoodfacts.org/product/6300900239413,controlled-lexicon-composition v1 (no free machine translation),مصطلح غير مغطّى بالمعجم
06300900362401,Greek Style Yoghurt Plain,Mazra3ati,,يوناني ستايل زبادي سادة,GCC,Greek-style yogurts,170,REVIEW_BRAND_UNMAPPED,LOW,,openfoodfacts,https://world.openfoodfacts.org/product/6300900362401,controlled-lexicon-composition v1 (no free machine translation),علامة بلا مقابل عربي متحقَّق
06306311152136,St Hubert 41,,,,GCC,unknown,100,REVIEW_UNKNOWN_TERMS,LOW,st;hubert,openfoodfacts,https://world.openfoodfacts.org/product/6306311152136,controlled-lexicon-composition v1 (no free machine translation),مصطلح غير مغطّى بالمعجم
07613031341726,Nestle cookie crisp cereal,,نستله,نستله كوكيز حبوب إفطار,GCC,unknown,,REVIEW_UNKNOWN_TERMS,LOW,crisp,openfoodfacts,https://world.openfoodfacts.org/product/7613031341726,controlled-lexicon-composition v1 (no free machine translation),مصطلح غير مغطّى بالمعجم
07640151713867,Chocolate Protein Drink,Kaimun,,شوكولاتة بروتين شراب,GCC,unknown,330,REVIEW_BRAND_UNMAPPED,LOW,,openfoodfacts,https://world.openfoodfacts.org/product/7640151713867,controlled-lexicon-composition v1 (no free machine translation),علامة بلا مقابل عربي متحقَّق
08000500351444,Kinder calendrier ravensburger livre,Kinder,كيندر,كيندر,GCC,Advent calendars,,REVIEW_UNKNOWN_TERMS,LOW,calendrier;ravensburger;livre,openfoodfacts,https://world.openfoodfacts.org/product/8000500351444,controlled-lexicon-composition v1 (no free machine translation),مصطلح غير مغطّى بالمعجم
08003712009912,Organic gluten-free vegetable broth,Sarchio,,عضوي خضار,SA,Dehydrated vegetable bouillons,,REVIEW_UNKNOWN_TERMS,LOW,gluten;free;broth,openfoodfacts,https://world.openfoodfacts.org/product/8003712009912,controlled-lexicon-composition v1 (no free machine translation),مصطلح غير مغطّى بالمعجم
08683989472116,Caffeine one cold brew coffee iced spanish,,,قهوة مثلج,SA,unknown,,REVIEW_UNKNOWN_TERMS,LOW,caffeine;cold;brew;spanish,openfoodfacts,https://world.openfoodfacts.org/product/8683989472116,controlled-lexicon-composition v1 (no free machine translation),مصطلح غير مغطّى بالمعجم
08906013030947,X-press Instant Noodles Vegetable Flavour 70g,WAI WAI,,سريع التحضير نودلز خضار نكهة,GCC,Instant noodles,,REVIEW_UNKNOWN_TERMS,LOW,press,openfoodfacts,https://world.openfoodfacts.org/product/8906013030947,controlled-lexicon-composition v1 (no free machine translation),مصطلح غير مغطّى بالمعجم
08934609212019,Lotte pie,Lotte,,فطيرة,SA,unknown,,REVIEW_BRAND_UNMAPPED,LOW,,openfoodfacts,https://world.openfoodfacts.org/product/8934609212019,controlled-lexicon-composition v1 (no free machine translation),علامة بلا مقابل عربي متحقَّق
08996001301715,Coffee Joy,Mayora,,قهوة,SA,Dry biscuits,24,REVIEW_UNKNOWN_TERMS,LOW,joy,openfoodfacts,https://world.openfoodfacts.org/product/8996001301715,controlled-lexicon-composition v1 (no free machine translation),مصطلح غير مغطّى بالمعجم
00000029574322,Cornflakes,Spinneys Food,سبينيس,سبينيس,GCC,Corn flakes,,REVIEW_UNKNOWN_TERMS,LOW,cornflakes,openfoodfacts,https://world.openfoodfacts.org/product/29574322,controlled-lexicon-composition v1 (no free machine translation),مصطلح غير مغطّى بالمعجم
00012000067679,Mountain Dew Zero sugar,Mountain Dew,,زيرو سكر,GCC,unknown,330,REVIEW_BRAND_UNMAPPED,LOW,,openfoodfacts,https://world.openfoodfacts.org/product/0012000067679,controlled-lexicon-composition v1 (no free machine translation),علامة بلا مقابل عربي متحقَّق
00089686400465,Hot chili sauce,Indofood,,حار شطة صلصة,SA,unknown,,REVIEW_BRAND_UNMAPPED,LOW,,openfoodfacts,https://world.openfoodfacts.org/product/0089686400465,controlled-lexicon-composition v1 (no free machine translation),علامة بلا مقابل عربي متحقَّق
00617950804536,Alalali fruit cocktail in heavy syrup,Alalali,العلالي,العلالي فواكه كوكتيل شراب,SA,unknown,,REVIEW_UNKNOWN_TERMS,LOW,heavy,openfoodfacts,https://world.openfoodfacts.org/product/0617950804536,controlled-lexicon-composition v1 (no free machine translation),مصطلح غير مغطّى بالمعجم
00627735266060,100% Whole Wheat Bread,Great Value,جريت فاليو,جريت فاليو قمح خبز,GCC,Whole-wheat-bread,63,REVIEW_UNKNOWN_TERMS,LOW,whole,openfoodfacts,https://world.openfoodfacts.org/product/0627735266060,controlled-lexicon-composition v1 (no free machine translation),مصطلح غير مغطّى بالمعجم
00717273509030,Peanut Butter almond340gm American garden,American Garden,,زبدة فول سوداني لوز,GCC,unknown,32,REVIEW_UNKNOWN_TERMS,LOW,gm,openfoodfacts,https://world.openfoodfacts.org/product/0717273509030,controlled-lexicon-composition v1 (no free machine translation),مصطلح غير مغطّى بالمعجم
00810027730626,Soft N Fluffy Bagel,Thinslim,,طري,GCC,unknown,57,REVIEW_UNKNOWN_TERMS,LOW,fluffy;bagel,openfoodfacts,https://world.openfoodfacts.org/product/0810027730626,controlled-lexicon-composition v1 (no free machine translation),مصطلح غير مغطّى بالمعجم
03178530417340,7 Brownies au chocolat,St Michel,,شوكولاتة,GCC,Brownies,,REVIEW_UNKNOWN_TERMS,LOW,brownies;au,openfoodfacts,https://world.openfoodfacts.org/product/3178530417340,controlled-lexicon-composition v1 (no free machine translation),مصطلح غير مغطّى بالمعجم
03451790930058,Lait demi-écrémé stérilisé UHT - Longue conservation,Elle & Vire,ال آند فير,ال آند فير طويل الأجل,GCC,fr:cremes-cuisson,200,REVIEW_UNKNOWN_TERMS,LOW,lait;demi;cr;st;rilis;longue;conservation,openfoodfacts,https://world.openfoodfacts.org/product/3451790930058,controlled-lexicon-composition v1 (no free machine translation),مصطلح غير مغطّى بالمعجم
03451791343444,Lait écrémé stérilisé UHT - Longue conservation,Elle & Vire,ال آند فير,ال آند فير طويل الأجل,GCC,UHT Skimmed milks,200,REVIEW_UNKNOWN_TERMS,LOW,lait;cr;st;rilis;longue;conservation,openfoodfacts,https://world.openfoodfacts.org/product/3451791343444,controlled-lexicon-composition v1 (no free machine translation),مصطلح غير مغطّى بالمعجم
04044782320174,Protein cookie,Weider,,بروتين كوكيز,GCC,fr:snack-proteine,90,REVIEW_BRAND_UNMAPPED,LOW,,openfoodfacts,https://world.openfoodfacts.org/product/4044782320174,controlled-lexicon-composition v1 (no free machine translation),علامة بلا مقابل عربي متحقَّق
04800016603266,Potato chips Vcut,,,بطاطس شيبس,GCC,unknown,,REVIEW_UNKNOWN_TERMS,LOW,vcut,openfoodfacts,https://world.openfoodfacts.org/product/4800016603266,controlled-lexicon-composition v1 (no free machine translation),مصطلح غير مغطّى بالمعجم
04810168011024,snow crab 🦀,SANTA BREMOR,,سلطعون,GCC,unknown,,REVIEW_UNKNOWN_TERMS,LOW,snow,openfoodfacts,https://world.openfoodfacts.org/product/4810168011024,controlled-lexicon-composition v1 (no free machine translation),مصطلح غير مغطّى بالمعجم
05000171054432,John West light meat tuna chunks in water,JOHN WEST,,لايت لحم تونة ماء,GCC,Tuna chunks,100,REVIEW_UNKNOWN_TERMS,LOW,chunks,openfoodfacts,https://world.openfoodfacts.org/product/5000171054432,controlled-lexicon-composition v1 (no free machine translation),مصطلح غير مغطّى بالمعجم
05013665115595,Kallo Organic Sriracha 6 Stock Cubes 66 g,Kallo,,عضوي,SA,Dehydrated broths,,REVIEW_UNKNOWN_TERMS,LOW,sriracha;stock;cubes,openfoodfacts,https://world.openfoodfacts.org/product/5013665115595,controlled-lexicon-composition v1 (no free machine translation),مصطلح غير مغطّى بالمعجم
05032085011591,Hype energy drink original,,,طاقة شراب أصلي,SA,Energy drinks,,REVIEW_UNKNOWN_TERMS,LOW,hype,openfoodfacts,https://world.openfoodfacts.org/product/5032085011591,controlled-lexicon-composition v1 (no free machine translation),مصطلح غير مغطّى بالمعجم
05201004546036,Papadopoulos digestive bar with red fruits and milk,,,دايجستيف لوح أحمر فواكه حليب,SA,unknown,,REVIEW_UNKNOWN_TERMS,LOW,papadopoulos,openfoodfacts,https://world.openfoodfacts.org/product/5201004546036,controlled-lexicon-composition v1 (no free machine translation),مصطلح غير مغطّى بالمعجم
05352101004414,Foster Clarks Cocoa,Foster Clark's,,كاكاو,GCC,unknown,5,REVIEW_UNKNOWN_TERMS,LOW,foster;clarks,openfoodfacts,https://world.openfoodfacts.org/product/5352101004414,controlled-lexicon-composition v1 (no free machine translation),مصطلح غير مغطّى بالمعجم
05410038403004,Sliced honey cake,Meli,,شرائح عسل كيك,GCC,unknown,,REVIEW_BRAND_UNMAPPED,LOW,,openfoodfacts,https://world.openfoodfacts.org/product/5410038403004,controlled-lexicon-composition v1 (no free machine translation),علامة بلا مقابل عربي متحقَّق
05711953169281,star bucks,Starbucks,,,GCC,unknown,250,REVIEW_UNKNOWN_TERMS,LOW,star;bucks,openfoodfacts,https://world.openfoodfacts.org/product/5711953169281,controlled-lexicon-composition v1 (no free machine translation),مصطلح غير مغطّى بالمعجم
06071700400135,Compote,Pom’potes,,,GCC,unknown,90,REVIEW_UNKNOWN_TERMS,LOW,compote,openfoodfacts,https://world.openfoodfacts.org/product/6071700400135,controlled-lexicon-composition v1 (no free machine translation),مصطلح غير مغطّى بالمعجم
06079614528556,The Ultimate Fish Stick,Trident Seafood,,سمك إصبع,GCC,unknown,85,REVIEW_UNKNOWN_TERMS,LOW,ultimate,openfoodfacts,https://world.openfoodfacts.org/product/6079614528556,controlled-lexicon-composition v1 (no free machine translation),مصطلح غير مغطّى بالمعجم
06221007042846,Cerlac,Nestle,نستله,نستله,SA,unknown,100,REVIEW_UNKNOWN_TERMS,LOW,cerlac,openfoodfacts,https://world.openfoodfacts.org/product/6221007042846,controlled-lexicon-composition v1 (no free machine translation),مصطلح غير مغطّى بالمعجم
06224002206206,Rice Cake Chocolate,Naso Healthy,,أرز كيك شوكولاتة,SA,unknown,15,REVIEW_BRAND_UNMAPPED,LOW,,openfoodfacts,https://world.openfoodfacts.org/product/6224002206206,controlled-lexicon-composition v1 (no free machine translation),علامة بلا مقابل عربي متحقَّق
06251036300914,Mr.tortilla flame carnaval,,,تورتيلا,SA,Chips,,REVIEW_UNKNOWN_TERMS,LOW,mr;flame;carnaval,openfoodfacts,https://world.openfoodfacts.org/product/6251036300914,controlled-lexicon-composition v1 (no free machine translation),مصطلح غير مغطّى بالمعجم
06277000109215,Wafer Protien Bites,Rych,,ويفر قطع,GCC,unknown,17,REVIEW_UNKNOWN_TERMS,LOW,protien,openfoodfacts,https://world.openfoodfacts.org/product/6277000109215,controlled-lexicon-composition v1 (no free machine translation),مصطلح غير مغطّى بالمعجم
06281014402149,Avemari lisce pasta,,,معكرونة,SA,unknown,,REVIEW_UNKNOWN_TERMS,LOW,avemari;lisce,openfoodfacts,https://world.openfoodfacts.org/product/6281014402149,controlled-lexicon-composition v1 (no free machine translation),مصطلح غير مغطّى بالمعجم
06281036001481,Lay’s chili and lime,,,شطة ليمون أخضر,SA,unknown,,REVIEW_UNKNOWN_TERMS,LOW,lay,openfoodfacts,https://world.openfoodfacts.org/product/6281036001481,controlled-lexicon-composition v1 (no free machine translation),مصطلح غير مغطّى بالمعجم
06281039583113,Sensations Gold Salted Caramel Ice Cream,Saudia,السعودية,السعودية آيس كريم مملّح كراميل,SA,unknown,72,REVIEW_UNKNOWN_TERMS,LOW,sensations;gold,openfoodfacts,https://world.openfoodfacts.org/product/6281039583113,controlled-lexicon-composition v1 (no free machine translation),مصطلح غير مغطّى بالمعجم
06281063451716,Freshly arabic sweets syrup cardamom flavor,,فريشلي,فريشلي عربي شراب هيل نكهة,SA,Dessert-syrup,,REVIEW_UNKNOWN_TERMS,LOW,sweets,openfoodfacts,https://world.openfoodfacts.org/product/6281063451716,controlled-lexicon-composition v1 (no free machine translation),مصطلح غير مغطّى بالمعجم
06281063632061,Freshly bean sprouts in water,,فريشلي,فريشلي ماء,SA,unknown,,REVIEW_UNKNOWN_TERMS,LOW,bean;sprouts,openfoodfacts,https://world.openfoodfacts.org/product/6281063632061,controlled-lexicon-composition v1 (no free machine translation),مصطلح غير مغطّى بالمعجم
06281063635505,Peep pieces and stems mushrooms,,,قطع فطر,SA,unknown,,REVIEW_UNKNOWN_TERMS,LOW,peep;stems,openfoodfacts,https://world.openfoodfacts.org/product/6281063635505,controlled-lexicon-composition v1 (no free machine translation),مصطلح غير مغطّى بالمعجم
06281100681359,Al taie white oats quick cooking,,,أبيض شوفان طبخ,SA,unknown,,REVIEW_UNKNOWN_TERMS,LOW,al;taie;quick,openfoodfacts,https://world.openfoodfacts.org/product/6281100681359,controlled-lexicon-composition v1 (no free machine translation),مصطلح غير مغطّى بالمعجم
06282602600183,Dattes Sukkari Ruttab,Qootof Altmor,,تمر,SA,unknown,28,REVIEW_UNKNOWN_TERMS,LOW,sukkari;ruttab,openfoodfacts,https://world.openfoodfacts.org/product/6282602600183,controlled-lexicon-composition v1 (no free machine translation),مصطلح غير مغطّى بالمعجم
06282602600213,Dattes Ajwa de Medine,Qootof,,تمر عجوة,SA,Dates,100,REVIEW_UNKNOWN_TERMS,LOW,medine,openfoodfacts,https://world.openfoodfacts.org/product/6282602600213,controlled-lexicon-composition v1 (no free machine translation),مصطلح غير مغطّى بالمعجم
06285896345266,Datte Sukkari,,,,SA,Dates,,REVIEW_UNKNOWN_TERMS,LOW,datte;sukkari,openfoodfacts,https://world.openfoodfacts.org/product/6285896345266,controlled-lexicon-composition v1 (no free machine translation),مصطلح غير مغطّى بالمعجم
06286782529128,Popcorn,Purplesful Snacking,,فشار,SA,unknown,40,REVIEW_BRAND_UNMAPPED,LOW,,openfoodfacts,https://world.openfoodfacts.org/product/6286782529128,controlled-lexicon-composition v1 (no free machine translation),علامة بلا مقابل عربي متحقَّق
06286783491479,Hei Ya Flavour Broad Bean,Ltc,,نكهة,SA,unknown,100,REVIEW_UNKNOWN_TERMS,LOW,hei;ya;broad;bean,openfoodfacts,https://world.openfoodfacts.org/product/6286783491479,controlled-lexicon-composition v1 (no free machine translation),مصطلح غير مغطّى بالمعجم
06286788790089,Premium Baby Dill Pickles,Dworek,,فاخر مخلل,SA,unknown,30,REVIEW_UNKNOWN_TERMS,LOW,baby;dill,openfoodfacts,https://world.openfoodfacts.org/product/6286788790089,controlled-lexicon-composition v1 (no free machine translation),مصطلح غير مغطّى بالمعجم
06286800176969,Kingsy (Wafer),Premie'a,,ويفر,GCC,unknown,20,REVIEW_UNKNOWN_TERMS,LOW,kingsy,openfoodfacts,https://world.openfoodfacts.org/product/6286800176969,controlled-lexicon-composition v1 (no free machine translation),مصطلح غير مغطّى بالمعجم
06287022200708,Green farms whole fava beans plain medames,,,أخضر مزارع فول فاصوليا سادة,SA,Cans-food,,REVIEW_UNKNOWN_TERMS,LOW,whole;medames,openfoodfacts,https://world.openfoodfacts.org/product/6287022200708,controlled-lexicon-composition v1 (no free machine translation),مصطلح غير مغطّى بالمعجم
06288004003157,Milaf loumi citrus flavor,,,حمضيات نكهة,SA,Beverages,,REVIEW_UNKNOWN_TERMS,LOW,milaf;loumi,openfoodfacts,https://world.openfoodfacts.org/product/6288004003157,controlled-lexicon-composition v1 (no free machine translation),مصطلح غير مغطّى بالمعجم
06290050409302,Coco pops,,,,GCC,unknown,,REVIEW_UNKNOWN_TERMS,LOW,coco;pops,openfoodfacts,https://world.openfoodfacts.org/product/6290050409302,controlled-lexicon-composition v1 (no free machine translation),مصطلح غير مغطّى بالمعجم
06290361980897,Chicken & Yuzu Poke Bowl Salad,Barakat,,دجاج سلطة,GCC,unknown,100,REVIEW_UNKNOWN_TERMS,LOW,yuzu;poke;bowl,openfoodfacts,https://world.openfoodfacts.org/product/6290361980897,controlled-lexicon-composition v1 (no free machine translation),مصطلح غير مغطّى بالمعجم
06291002708696,Jumbo Chicken Burger,Al Islami,الإسلامي,الإسلامي دجاج برجر,GCC,unknown,,REVIEW_UNKNOWN_TERMS,LOW,jumbo,openfoodfacts,https://world.openfoodfacts.org/product/6291002708696,controlled-lexicon-composition v1 (no free machine translation),مصطلح غير مغطّى بالمعجم
06291011007537,XL twister nacho cheese,,,جبن,SA,Chips,,REVIEW_UNKNOWN_TERMS,LOW,xl;twister;nacho,openfoodfacts,https://world.openfoodfacts.org/product/6291011007537,controlled-lexicon-composition v1 (no free machine translation),مصطلح غير مغطّى بالمعجم
06291011061041,Protein Balls Salted Caramel,Health Nation,,بروتين مملّح كراميل,GCC,unknown,15,REVIEW_UNKNOWN_TERMS,LOW,balls,openfoodfacts,https://world.openfoodfacts.org/product/6291011061041,controlled-lexicon-composition v1 (no free machine translation),مصطلح غير مغطّى بالمعجم
06291013400022,macaroni shell small,alkhaleejia,,مكرونة,GCC,unknown,100,REVIEW_UNKNOWN_TERMS,LOW,shell;small,openfoodfacts,https://world.openfoodfacts.org/product/6291013400022,controlled-lexicon-composition v1 (no free machine translation),مصطلح غير مغطّى بالمعجم
06291030400241,Al Rawabi Full Cream Yogurt,Al Rawabi,,كامل الدسم زبادي,GCC,unknown,200,REVIEW_BRAND_UNMAPPED,LOW,,openfoodfacts,https://world.openfoodfacts.org/product/6291030400241,controlled-lexicon-composition v1 (no free machine translation),علامة بلا مقابل عربي متحقَّق
06291100002108,Classic Cur Fries,Al Ain,العين,العين كلاسيك بطاطس مقلية,GCC,unknown,,REVIEW_UNKNOWN_TERMS,LOW,cur,openfoodfacts,https://world.openfoodfacts.org/product/6291100002108,controlled-lexicon-composition v1 (no free machine translation),مصطلح غير مغطّى بالمعجم
06291100212651,Bumaan,,,,GCC,unknown,,REVIEW_UNKNOWN_TERMS,LOW,bumaan,openfoodfacts,https://world.openfoodfacts.org/product/6291100212651,controlled-lexicon-composition v1 (no free machine translation),مصطلح غير مغطّى بالمعجم
06291100880843,Khodri dates with mixed nuts,,,تمر مشكل مكسرات,GCC,unknown,,REVIEW_UNKNOWN_TERMS,LOW,khodri,openfoodfacts,https://world.openfoodfacts.org/product/6291100880843,controlled-lexicon-composition v1 (no free machine translation),مصطلح غير مغطّى بالمعجم
06291105691185,Mug treats - blueberry muffin with blueberry topping,Betty Crocker,,توت أزرق مافن توت أزرق توبينق,GCC,Fruit muffins,135,REVIEW_UNKNOWN_TERMS,LOW,mug;treats,openfoodfacts,https://world.openfoodfacts.org/product/6291105691185,controlled-lexicon-composition v1 (no free machine translation),مصطلح غير مغطّى بالمعجم
06291107375342,Minced Chicken Meat,Mayda,,مفروم دجاج لحم,SA,unknown,100,REVIEW_BRAND_UNMAPPED,LOW,,openfoodfacts,https://world.openfoodfacts.org/product/6291107375342,controlled-lexicon-composition v1 (no free machine translation),علامة بلا مقابل عربي متحقَّق
06291109605560,Turmeric Shot,The Ginger People,,كركم,GCC,unknown,30,REVIEW_UNKNOWN_TERMS,LOW,shot,openfoodfacts,https://world.openfoodfacts.org/product/6291109605560,controlled-lexicon-composition v1 (no free machine translation),مصطلح غير مغطّى بالمعجم
06294017116845,Maggi Chicken Stock,Maggi,ماجي,ماجي دجاج,GCC,unknown,,REVIEW_UNKNOWN_TERMS,LOW,stock,openfoodfacts,https://world.openfoodfacts.org/product/6294017116845,controlled-lexicon-composition v1 (no free machine translation),مصطلح غير مغطّى بالمعجم
06295151024973,Pistachio Kunafah Milk Chocolate,Socacao,,فستق حليب شوكولاتة,GCC,unknown,100,REVIEW_UNKNOWN_TERMS,LOW,kunafah,openfoodfacts,https://world.openfoodfacts.org/product/6295151024973,controlled-lexicon-composition v1 (no free machine translation),مصطلح غير مغطّى بالمعجم
06300900233596,Greek style honey layered yoghurt,,,يوناني ستايل عسل زبادي,GCC,unknown,150,REVIEW_UNKNOWN_TERMS,LOW,layered,openfoodfacts,https://world.openfoodfacts.org/product/6300900233596,controlled-lexicon-composition v1 (no free machine translation),مصطلح غير مغطّى بالمعجم
06300900360254,Apple juice,Mazraaty,,تفاح عصير,GCC,unknown,100,REVIEW_BRAND_UNMAPPED,LOW,,openfoodfacts,https://world.openfoodfacts.org/product/6300900360254,controlled-lexicon-composition v1 (no free machine translation),علامة بلا مقابل عربي متحقَّق
06305975398881,Purée mousline saveur a l'ancienne,Maggi,ماجي,ماجي,GCC,unknown,,REVIEW_UNKNOWN_TERMS,LOW,pur;mousline;saveur;ancienne,openfoodfacts,https://world.openfoodfacts.org/product/6305975398881,controlled-lexicon-composition v1 (no free machine translation),مصطلح غير مغطّى بالمعجم
06306780001027,Blasco cafe,,,,GCC,Coffees,,REVIEW_UNKNOWN_TERMS,LOW,blasco;cafe,openfoodfacts,https://world.openfoodfacts.org/product/6306780001027,controlled-lexicon-composition v1 (no free machine translation),مصطلح غير مغطّى بالمعجم
07451784172040,Mr tito chili and lemon flavor,,,شطة ليمون نكهة,GCC,unknown,,REVIEW_UNKNOWN_TERMS,LOW,mr;tito,openfoodfacts,https://world.openfoodfacts.org/product/7451784172040,controlled-lexicon-composition v1 (no free machine translation),مصطلح غير مغطّى بالمعجم
07622202276200,cadbury bitsa wispa,Cadbury,كادبوري,كادبوري,SA,unknown,24.5,REVIEW_UNKNOWN_TERMS,LOW,bitsa;wispa,openfoodfacts,https://world.openfoodfacts.org/product/7622202276200,controlled-lexicon-composition v1 (no free machine translation),مصطلح غير مغطّى بالمعجم
08000500126356,kinder joy boy ×3,Kinder,كيندر,كيندر,GCC,unknown,20,REVIEW_UNKNOWN_TERMS,LOW,joy;boy,openfoodfacts,https://world.openfoodfacts.org/product/8000500126356,controlled-lexicon-composition v1 (no free machine translation),مصطلح غير مغطّى بالمعجم
08003340802336,Lindor silver,,,,SA,unknown,,REVIEW_UNKNOWN_TERMS,LOW,lindor;silver,openfoodfacts,https://world.openfoodfacts.org/product/8003340802336,controlled-lexicon-composition v1 (no free machine translation),مصطلح غير مغطّى بالمعجم
08008714001605,Paprika,Amica Chips,,,GCC,unknown,,REVIEW_UNKNOWN_TERMS,LOW,paprika,openfoodfacts,https://world.openfoodfacts.org/product/8008714001605,controlled-lexicon-composition v1 (no free machine translation),مصطلح غير مغطّى بالمعجم
08682530220305,Kelloggs granola mixed fruit with coconuts,,,جرانولا مشكل فواكه,GCC,unknown,45,REVIEW_UNKNOWN_TERMS,LOW,kelloggs;coconuts,openfoodfacts,https://world.openfoodfacts.org/product/8682530220305,controlled-lexicon-composition v1 (no free machine translation),مصطلح غير مغطّى بالمعجم
08885017391516,Granola Golden Honey Crunch,Zenko,,جرانولا عسل مقرمش,GCC,unknown,50,REVIEW_UNKNOWN_TERMS,LOW,golden,openfoodfacts,https://world.openfoodfacts.org/product/8885017391516,controlled-lexicon-composition v1 (no free machine translation),مصطلح غير مغطّى بالمعجم
08901786081004,Everest Sambhar masala,everest,,ماسالا,GCC,Spices,5,REVIEW_UNKNOWN_TERMS,LOW,sambhar,openfoodfacts,https://world.openfoodfacts.org/product/8901786081004,controlled-lexicon-composition v1 (no free machine translation),مصطلح غير مغطّى بالمعجم
08906038740326,Grilled Sweet Corn Cob,Y-Cook!,,ذرة حلوة مشوي,SA,unknown,100,REVIEW_UNKNOWN_TERMS,LOW,cob,openfoodfacts,https://world.openfoodfacts.org/product/8906038740326,controlled-lexicon-composition v1 (no free machine translation),مصطلح غير مغطّى بالمعجم
08906143610538,Peanut Butter Crunchy,Classy,,زبدة فول سوداني مقرمش,GCC,unknown,,REVIEW_BRAND_UNMAPPED,LOW,,openfoodfacts,https://world.openfoodfacts.org/product/8906143610538,controlled-lexicon-composition v1 (no free machine translation),علامة بلا مقابل عربي متحقَّق
09310140010571,Calrose White Rice,Sunwhite,,أبيض أرز,GCC,unknown,100,REVIEW_UNKNOWN_TERMS,LOW,calrose,openfoodfacts,https://world.openfoodfacts.org/product/9310140010571,controlled-lexicon-composition v1 (no free machine translation),مصطلح غير مغطّى بالمعجم
09431074311401,Potatoe Bun,KFMB,,خبز,GCC,unknown,60,REVIEW_UNKNOWN_TERMS,LOW,potatoe,openfoodfacts,https://world.openfoodfacts.org/product/9431074311401,controlled-lexicon-composition v1 (no free machine translation),مصطلح غير مغطّى بالمعجم
00000000050715,Toffee Assortment,Marks & Spencer (M&S Food),,توفي,GCC,Chocolate candies,7.4,REVIEW_UNKNOWN_TERMS,LOW,assortment,openfoodfacts,https://world.openfoodfacts.org/product/00050715,controlled-lexicon-composition v1 (no free machine translation),مصطلح غير مغطّى بالمعجم
00012000063145,Mirinda plus tangerine,Pepsi,بيبسي,بيبسي,SA,unknown,,REVIEW_UNKNOWN_TERMS,LOW,tangerine,openfoodfacts,https://world.openfoodfacts.org/product/0012000063145,controlled-lexicon-composition v1 (no free machine translation),مصطلح غير مغطّى بالمعجم
00608819175607,Chaunsa Mango Fruit Drink,Freshtime,,مانجو فواكه شراب,GCC,Mango nectars,240,REVIEW_UNKNOWN_TERMS,LOW,chaunsa,openfoodfacts,https://world.openfoodfacts.org/product/0608819175607,controlled-lexicon-composition v1 (no free machine translation),مصطلح غير مغطّى بالمعجم
00617950381884,Chicken Stock,Alalali,العلالي,العلالي دجاج,GCC,unknown,100,REVIEW_UNKNOWN_TERMS,LOW,stock,openfoodfacts,https://world.openfoodfacts.org/product/0617950381884,controlled-lexicon-composition v1 (no free machine translation),مصطلح غير مغطّى بالمعجم
00617950701194,Alalali mushrooms pieces and stems,,العلالي,العلالي فطر قطع,GCC,Mushrooms and their products,100,REVIEW_UNKNOWN_TERMS,LOW,stems,openfoodfacts,https://world.openfoodfacts.org/product/0617950701194,controlled-lexicon-composition v1 (no free machine translation),مصطلح غير مغطّى بالمعجم
00627735266275,Coleslaw,Your Fresh Market,,,GCC,unknown,15,REVIEW_UNKNOWN_TERMS,LOW,coleslaw,openfoodfacts,https://world.openfoodfacts.org/product/0627735266275,controlled-lexicon-composition v1 (no free machine translation),مصطلح غير مغطّى بالمعجم
00628069510003,Peach yuzu butternut squash banana mango,Revive Foods,,خوخ شراب مركّز موز مانجو,SA,unknown,206,REVIEW_UNKNOWN_TERMS,LOW,yuzu;butternut,openfoodfacts,https://world.openfoodfacts.org/product/0628069510003,controlled-lexicon-composition v1 (no free machine translation),مصطلح غير مغطّى بالمعجم
00717273502109,American garden blueberry topping and filling,,,حديقة توت أزرق توبينق حشوة,SA,Backing-and-desset-topping,,REVIEW_UNKNOWN_TERMS,LOW,american,openfoodfacts,https://world.openfoodfacts.org/product/0717273502109,controlled-lexicon-composition v1 (no free machine translation),مصطلح غير مغطّى بالمعجم
00722221001214,Ginger Garlic Paste,Shan,,زنجبيل ثوم معجون,GCC,unknown,25,REVIEW_BRAND_UNMAPPED,LOW,,openfoodfacts,https://world.openfoodfacts.org/product/0722221001214,controlled-lexicon-composition v1 (no free machine translation),علامة بلا مقابل عربي متحقَّق
00745760171064,Protein Sliced Bread,Family Hypermarket,,بروتين شرائح خبز,GCC,unknown,,REVIEW_BRAND_UNMAPPED,LOW,,openfoodfacts,https://world.openfoodfacts.org/product/0745760171064,controlled-lexicon-composition v1 (no free machine translation),علامة بلا مقابل عربي متحقَّق
00745760420704,Carsar Salad,Foodway 2Go,,سلطة,GCC,unknown,100,REVIEW_UNKNOWN_TERMS,LOW,carsar,openfoodfacts,https://world.openfoodfacts.org/product/0745760420704,controlled-lexicon-composition v1 (no free machine translation),مصطلح غير مغطّى بالمعجم
00748485700045,Tuna Mechado,555,,تونة,GCC,Ready-to-eat-meals-tuna-in-sauce,56,REVIEW_UNKNOWN_TERMS,LOW,mechado,openfoodfacts,https://world.openfoodfacts.org/product/0748485700045,controlled-lexicon-composition v1 (no free machine translation),مصطلح غير مغطّى بالمعجم
04061458021609,Bourbon Vanille,Moser Roth,,,GCC,White chocolates,25,REVIEW_UNKNOWN_TERMS,LOW,bourbon;vanille,openfoodfacts,https://world.openfoodfacts.org/product/4061458021609,controlled-lexicon-composition v1 (no free machine translation),مصطلح غير مغطّى بالمعجم
05024121805127,Strawberry rice cake clouds,Organix,,فراولة أرز كيك,GCC,Puffed rice cakes,,REVIEW_UNKNOWN_TERMS,LOW,clouds,openfoodfacts,https://world.openfoodfacts.org/product/5024121805127,controlled-lexicon-composition v1 (no free machine translation),مصطلح غير مغطّى بالمعجم
05060143650154,Vivespo protein stracciatella ice cream,Vivespo,,آيس كريم بروتين,SA,unknown,60,REVIEW_UNKNOWN_TERMS,LOW,stracciatella,openfoodfacts,https://world.openfoodfacts.org/product/5060143650154,controlled-lexicon-composition v1 (no free machine translation),مصطلح غير مغطّى بالمعجم
05285008740089,Innocent sweets cardamom granola,,,هيل جرانولا,SA,unknown,,REVIEW_UNKNOWN_TERMS,LOW,innocent;sweets,openfoodfacts,https://world.openfoodfacts.org/product/5285008740089,controlled-lexicon-composition v1 (no free machine translation),مصطلح غير مغطّى بالمعجم
05401860184476,Iso Triple Zero Belgian Chocolate,Laperva,لابيرفا,لابيرفا زيرو شوكولاتة,GCC,unknown,31.5,REVIEW_UNKNOWN_TERMS,LOW,iso;triple;belgian,openfoodfacts,https://world.openfoodfacts.org/product/5401860184476,controlled-lexicon-composition v1 (no free machine translation),مصطلح غير مغطّى بالمعجم
05711953169922,Tex Mex Mozzarella & Cheddar,Puck,بوك,بوك موزاريلا شيدر,SA,unknown,100,REVIEW_UNKNOWN_TERMS,LOW,tex;mex,openfoodfacts,https://world.openfoodfacts.org/product/5711953169922,controlled-lexicon-composition v1 (no free machine translation),مصطلح غير مغطّى بالمعجم
05998067313223,Kashkavan Cheese,Libnan,,جبن,GCC,unknown,100,REVIEW_UNKNOWN_TERMS,LOW,kashkavan,openfoodfacts,https://world.openfoodfacts.org/product/5998067313223,controlled-lexicon-composition v1 (no free machine translation),مصطلح غير مغطّى بالمعجم
06079002632308,Fromage de chèvre,Soignon,,,GCC,unknown,150,REVIEW_UNKNOWN_TERMS,LOW,fromage;ch;vre,openfoodfacts,https://world.openfoodfacts.org/product/6079002632308,controlled-lexicon-composition v1 (no free machine translation),مصطلح غير مغطّى بالمعجم
06079829577035,Cuor di panna,Mulino bianco,,,GCC,unknown,325,REVIEW_UNKNOWN_TERMS,LOW,cuor;di;panna,openfoodfacts,https://world.openfoodfacts.org/product/6079829577035,controlled-lexicon-composition v1 (no free machine translation),مصطلح غير مغطّى بالمعجم
06084012140002,Pancakes,Amalfi Foods,,,SA,unknown,100,REVIEW_UNKNOWN_TERMS,LOW,pancakes,openfoodfacts,https://world.openfoodfacts.org/product/6084012140002,controlled-lexicon-composition v1 (no free machine translation),مصطلح غير مغطّى بالمعجم
06223006711440,Kelloggs instant noodles korean 2x spicy chicken flavor,,,سريع التحضير نودلز حار دجاج نكهة,SA,Kelloggs-instant-noodles-korean-2x-spicy-chicken-flavor,,REVIEW_UNKNOWN_TERMS,LOW,kelloggs;korean,openfoodfacts,https://world.openfoodfacts.org/product/6223006711440,controlled-lexicon-composition v1 (no free machine translation),مصطلح غير مغطّى بالمعجم
06271000224022,Low Fat Fresh Cow Laban,Yasmin Farms,,قليل الدسم طازج لبن,GCC,unknown,100,REVIEW_UNKNOWN_TERMS,LOW,cow,openfoodfacts,https://world.openfoodfacts.org/product/6271000224022,controlled-lexicon-composition v1 (no free machine translation),مصطلح غير مغطّى بالمعجم
06271028056292,Maamoul fourés dattes,,,معمول تمر,GCC,Biscuits and cakes,,REVIEW_UNKNOWN_TERMS,LOW,four,openfoodfacts,https://world.openfoodfacts.org/product/6271028056292,controlled-lexicon-composition v1 (no free machine translation),مصطلح غير مغطّى بالمعجم
06271100330715,Tomato & Mascarpone Pasta Sauce,MF,,طماطم معكرونة صلصة,GCC,unknown,125,REVIEW_UNKNOWN_TERMS,LOW,mascarpone,openfoodfacts,https://world.openfoodfacts.org/product/6271100330715,controlled-lexicon-composition v1 (no free machine translation),مصطلح غير مغطّى بالمعجم
06275000511649,Smoked Salmon Pre-Sliced (Smoked),Oceans Pride,,مدخّن سلمون شرائح مدخّن,GCC,unknown,100,REVIEW_UNKNOWN_TERMS,LOW,pre,openfoodfacts,https://world.openfoodfacts.org/product/6275000511649,controlled-lexicon-composition v1 (no free machine translation),مصطلح غير مغطّى بالمعجم
06281004260421,Love Yamama,,,,SA,unknown,,REVIEW_UNKNOWN_TERMS,LOW,love;yamama,openfoodfacts,https://world.openfoodfacts.org/product/6281004260421,controlled-lexicon-composition v1 (no free machine translation),مصطلح غير مغطّى بالمعجم
06281007044066,Chocolate cupcake,Almarai,المراعي,المراعي شوكولاتة,GCC,unknown,,REVIEW_UNKNOWN_TERMS,LOW,cupcake,openfoodfacts,https://world.openfoodfacts.org/product/6281007044066,controlled-lexicon-composition v1 (no free machine translation),مصطلح غير مغطّى بالمعجم
06281007065832,Grill cheese low fat 200g,Almarai,المراعي,المراعي قليل الدسم جبن,SA,unknown,30,REVIEW_UNKNOWN_TERMS,LOW,grill,openfoodfacts,https://world.openfoodfacts.org/product/6281007065832,controlled-lexicon-composition v1 (no free machine translation),مصطلح غير مغطّى بالمعجم
06281014146104,Goody arabic sweets syrup,,قودي,قودي عربي شراب,SA,unknown,,REVIEW_UNKNOWN_TERMS,LOW,sweets,openfoodfacts,https://world.openfoodfacts.org/product/6281014146104,controlled-lexicon-composition v1 (no free machine translation),مصطلح غير مغطّى بالمعجم
06281014800471,Goody original tenderina tuna in sunflower oil,,قودي,قودي زيت دوار الشمس أصلي تونة,SA,unknown,100,REVIEW_UNKNOWN_TERMS,LOW,tenderina,openfoodfacts,https://world.openfoodfacts.org/product/6281014800471,controlled-lexicon-composition v1 (no free machine translation),مصطلح غير مغطّى بالمعجم
06281020173613,Luna chopped tomatoes,,لونا,لونا طماطم,SA,Cans-food,,REVIEW_UNKNOWN_TERMS,LOW,chopped,openfoodfacts,https://world.openfoodfacts.org/product/6281020173613,controlled-lexicon-composition v1 (no free machine translation),مصطلح غير مغطّى بالمعجم
06281022117363,Activia Yoghurt Go Mango & Peach,Activia,أكتيفيا,أكتيفيا زبادي مانجو خوخ,SA,unknown,,REVIEW_UNKNOWN_TERMS,LOW,go,openfoodfacts,https://world.openfoodfacts.org/product/6281022117363,controlled-lexicon-composition v1 (no free machine translation),مصطلح غير مغطّى بالمعجم
06281036003478,Lay's salt 21 g ( Jamir...),Lays,ليز,ليز ملح,GCC,unknown,21,REVIEW_UNKNOWN_TERMS,LOW,jamir,openfoodfacts,https://world.openfoodfacts.org/product/6281036003478,controlled-lexicon-composition v1 (no free machine translation),مصطلح غير مغطّى بالمعجم
06281039820317,Crispy letters ketchup,,,مقرمش كاتشب,SA,Chips,,REVIEW_UNKNOWN_TERMS,LOW,letters,openfoodfacts,https://world.openfoodfacts.org/product/6281039820317,controlled-lexicon-composition v1 (no free machine translation),مصطلح غير مغطّى بالمعجم
06281041203115,Halwani bros concentrated cane syrup,,حلواني,حلواني مركّز شراب,SA,Sweeteners,,REVIEW_UNKNOWN_TERMS,LOW,bros;cane,openfoodfacts,https://world.openfoodfacts.org/product/6281041203115,controlled-lexicon-composition v1 (no free machine translation),مصطلح غير مغطّى بالمعجم
06281048102244,Puck original spreadable cheese analogue,,بوك,بوك أصلي قابل للدهن جبن,SA,unknown,,REVIEW_UNKNOWN_TERMS,LOW,analogue,openfoodfacts,https://world.openfoodfacts.org/product/6281048102244,controlled-lexicon-composition v1 (no free machine translation),مصطلح غير مغطّى بالمعجم
06281051006447,Frozen Peas And Carrots,Dari,,مجمّد بازلاء,SA,unknown,100,REVIEW_UNKNOWN_TERMS,LOW,carrots,openfoodfacts,https://world.openfoodfacts.org/product/6281051006447,controlled-lexicon-composition v1 (no free machine translation),مصطلح غير مغطّى بالمعجم
06281058283483,Nerve soft drink mixed berry flavor,,,طري شراب مشكل توت نكهة,SA,unknown,,REVIEW_UNKNOWN_TERMS,LOW,nerve,openfoodfacts,https://world.openfoodfacts.org/product/6281058283483,controlled-lexicon-composition v1 (no free machine translation),مصطلح غير مغطّى بالمعجم
06281063453482,Freshly basil flavor cooking spray non stick,,فريشلي,فريشلي ريحان نكهة طبخ خالي من إصبع,SA,Oil-spray,,REVIEW_UNKNOWN_TERMS,LOW,spray,openfoodfacts,https://world.openfoodfacts.org/product/6281063453482,controlled-lexicon-composition v1 (no free machine translation),مصطلح غير مغطّى بالمعجم
06281063454229,Freshly ghee flavor cooking spray non stick,,فريشلي,فريشلي سمن نكهة طبخ خالي من إصبع,SA,Oil-spray,,REVIEW_UNKNOWN_TERMS,LOW,spray,openfoodfacts,https://world.openfoodfacts.org/product/6281063454229,controlled-lexicon-composition v1 (no free machine translation),مصطلح غير مغطّى بالمعجم
06281063460299,Pitted Green Olives,Orient Gardens,,أخضر زيتون,SA,Green pitted olives,15,REVIEW_UNKNOWN_TERMS,LOW,pitted,openfoodfacts,https://world.openfoodfacts.org/product/6281063460299,controlled-lexicon-composition v1 (no free machine translation),مصطلح غير مغطّى بالمعجم
06281063632269,Chick Peas,Freshly,فريشلي,فريشلي بازلاء,SA,Chickpeas,130,REVIEW_UNKNOWN_TERMS,LOW,chick,openfoodfacts,https://world.openfoodfacts.org/product/6281063632269,controlled-lexicon-composition v1 (no free machine translation),مصطلح غير مغطّى بالمعجم
06281063632382,Freshly peaches halves in light syrup,,فريشلي,فريشلي لايت شراب,SA,unknown,,REVIEW_UNKNOWN_TERMS,LOW,peaches;halves,openfoodfacts,https://world.openfoodfacts.org/product/6281063632382,controlled-lexicon-composition v1 (no free machine translation),مصطلح غير مغطّى بالمعجم
06281099037366,Frozen Chicken Bites,Haley,,مجمّد دجاج قطع,SA,unknown,,REVIEW_BRAND_UNMAPPED,LOW,,openfoodfacts,https://world.openfoodfacts.org/product/6281099037366,controlled-lexicon-composition v1 (no free machine translation),علامة بلا مقابل عربي متحقَّق
06281100324232,Wow orange flavor soft drink,,,برتقال نكهة طري شراب,SA,unknown,,REVIEW_UNKNOWN_TERMS,LOW,wow,openfoodfacts,https://world.openfoodfacts.org/product/6281100324232,controlled-lexicon-composition v1 (no free machine translation),مصطلح غير مغطّى بالمعجم
06281101260034,Capri sun,,,,SA,unknown,,REVIEW_UNKNOWN_TERMS,LOW,capri;sun,openfoodfacts,https://world.openfoodfacts.org/product/6281101260034,controlled-lexicon-composition v1 (no free machine translation),مصطلح غير مغطّى بالمعجم
06287000659016,Mayo chup,Freshco,,,SA,unknown,15,REVIEW_UNKNOWN_TERMS,LOW,mayo;chup,openfoodfacts,https://world.openfoodfacts.org/product/6287000659016,controlled-lexicon-composition v1 (no free machine translation),مصطلح غير مغطّى بالمعجم
06287727222807,Sole Fillets,OceanPrime,,,SA,unknown,125,REVIEW_UNKNOWN_TERMS,LOW,sole;fillets,openfoodfacts,https://world.openfoodfacts.org/product/6287727222807,controlled-lexicon-composition v1 (no free machine translation),مصطلح غير مغطّى بالمعجم
06290090017000,Heinz beanz baked beans in a delicious rich tomato sauce,Heinz,هاينز,هاينز فاصوليا طماطم صلصة,GCC,Baked beans in tomato sauce,,REVIEW_UNKNOWN_TERMS,LOW,beanz;baked;delicious;rich,openfoodfacts,https://world.openfoodfacts.org/product/6290090017000,controlled-lexicon-composition v1 (no free machine translation),مصطلح غير مغطّى بالمعجم
06290360089577,Recheio biscoito Speculoos,Spetaculoos,,,GCC,unknown,20,REVIEW_UNKNOWN_TERMS,LOW,recheio;biscoito;speculoos,openfoodfacts,https://world.openfoodfacts.org/product/6290360089577,controlled-lexicon-composition v1 (no free machine translation),مصطلح غير مغطّى بالمعجم
06290360331300,Star Mango,,,مانجو,GCC,unknown,,REVIEW_UNKNOWN_TERMS,LOW,star,openfoodfacts,https://world.openfoodfacts.org/product/6290360331300,controlled-lexicon-composition v1 (no free machine translation),مصطلح غير مغطّى بالمعجم
06290361206744,Dubai Chocolate,Bateel,بتيل,بتيل شوكولاتة,GCC,Chocolates-stuffed-with-pistachio-paste,40,REVIEW_UNKNOWN_TERMS,LOW,dubai,openfoodfacts,https://world.openfoodfacts.org/product/6290361206744,controlled-lexicon-composition v1 (no free machine translation),مصطلح غير مغطّى بالمعجم
06291003636271,6 BARS BARRES Comenta Day BREAK Hazelnut Noisette,Quanta,,بندق,GCC,unknown,100,REVIEW_UNKNOWN_TERMS,LOW,bars;barres;comenta;day;break;noisette,openfoodfacts,https://world.openfoodfacts.org/product/6291003636271,controlled-lexicon-composition v1 (no free machine translation),مصطلح غير مغطّى بالمعجم
06291011008121,XL french cheese,,,فرنسي جبن,SA,Chips,,REVIEW_UNKNOWN_TERMS,LOW,xl,openfoodfacts,https://world.openfoodfacts.org/product/6291011008121,controlled-lexicon-composition v1 (no free machine translation),مصطلح غير مغطّى بالمعجم
06291011008268,XL spiral salad,,,سلطة,SA,Chips,,REVIEW_UNKNOWN_TERMS,LOW,xl;spiral,openfoodfacts,https://world.openfoodfacts.org/product/6291011008268,controlled-lexicon-composition v1 (no free machine translation),مصطلح غير مغطّى بالمعجم
06291011050052,Arabian Delights Chocodate 300 g,,تشوكوديت,تشوكوديت عربي,GCC,Confectioneries,,REVIEW_UNKNOWN_TERMS,LOW,delights,openfoodfacts,https://world.openfoodfacts.org/product/6291011050052,controlled-lexicon-composition v1 (no free machine translation),مصطلح غير مغطّى بالمعجم
06291056003563,Greek Yogurt Drink Mango,Alain Farms,,يوناني زبادي شراب مانجو,GCC,Yogurts,280,REVIEW_BRAND_UNMAPPED,LOW,,openfoodfacts,https://world.openfoodfacts.org/product/6291056003563,controlled-lexicon-composition v1 (no free machine translation),علامة بلا مقابل عربي متحقَّق
06291100198832,Whole Khalas Dates,Freakin Awesome,,تمر,GCC,unknown,,REVIEW_UNKNOWN_TERMS,LOW,whole;khalas,openfoodfacts,https://world.openfoodfacts.org/product/6291100198832,controlled-lexicon-composition v1 (no free machine translation),مصطلح غير مغطّى بالمعجم
06291100198986,Maamoul - gateau aux dattes,,,معمول تمر,GCC,unknown,,REVIEW_UNKNOWN_TERMS,LOW,gateau;aux,openfoodfacts,https://world.openfoodfacts.org/product/6291100198986,controlled-lexicon-composition v1 (no free machine translation),مصطلح غير مغطّى بالمعجم
06291104286016,Confiture de framboise,Organic Larder,أورجانيك لاردر,أورجانيك لاردر,GCC,Raspberry jams,,REVIEW_UNKNOWN_TERMS,LOW,confiture;framboise,openfoodfacts,https://world.openfoodfacts.org/product/6291104286016,controlled-lexicon-composition v1 (no free machine translation),مصطلح غير مغطّى بالمعجم
06291108424278,Green Peas Organic Fusilli,Earth Goods,,أخضر بازلاء عضوي,GCC,unknown,100,REVIEW_UNKNOWN_TERMS,LOW,fusilli,openfoodfacts,https://world.openfoodfacts.org/product/6291108424278,controlled-lexicon-composition v1 (no free machine translation),مصطلح غير مغطّى بالمعجم
06291115000014,Camelicious Fresh Camel Milk,Camelious,,طازج إبل حليب,GCC,unknown,,REVIEW_UNKNOWN_TERMS,LOW,camelicious,openfoodfacts,https://world.openfoodfacts.org/product/6291115000014,controlled-lexicon-composition v1 (no free machine translation),مصطلح غير مغطّى بالمعجم
06292644003385,Baumkuchen,Paramount Food,,,GCC,unknown,100,REVIEW_UNKNOWN_TERMS,LOW,baumkuchen,openfoodfacts,https://world.openfoodfacts.org/product/6292644003385,controlled-lexicon-composition v1 (no free machine translation),مصطلح غير مغطّى بالمعجم
06297001135785,Vanilla Full Cream Stirred Yoghurt,Hayatna,,كامل الدسم فانيلا زبادي,GCC,unknown,,REVIEW_UNKNOWN_TERMS,LOW,stirred,openfoodfacts,https://world.openfoodfacts.org/product/6297001135785,controlled-lexicon-composition v1 (no free machine translation),مصطلح غير مغطّى بالمعجم
06297001144015,High fiber bread,Reef,,ألياف خبز,GCC,Fibre-bread,38,REVIEW_UNKNOWN_TERMS,LOW,high,openfoodfacts,https://world.openfoodfacts.org/product/6297001144015,controlled-lexicon-composition v1 (no free machine translation),مصطلح غير مغطّى بالمعجم
06298044032260,Le Blue,,,,GCC,unknown,,REVIEW_UNKNOWN_TERMS,LOW,blue,openfoodfacts,https://world.openfoodfacts.org/product/6298044032260,controlled-lexicon-composition v1 (no free machine translation),مصطلح غير مغطّى بالمعجم
06299200055406,Thin Cut Fries,McSnack,,بطاطس مقلية,GCC,unknown,,REVIEW_UNKNOWN_TERMS,LOW,thin;cut,openfoodfacts,https://world.openfoodfacts.org/product/6299200055406,controlled-lexicon-composition v1 (no free machine translation),مصطلح غير مغطّى بالمعجم
06305053561435,Chips de Sarrasin,Saveurs de nos Régions,,شيبس,GCC,Crisps,,REVIEW_UNKNOWN_TERMS,LOW,sarrasin,openfoodfacts,https://world.openfoodfacts.org/product/6305053561435,controlled-lexicon-composition v1 (no free machine translation),مصطلح غير مغطّى بالمعجم
06911316004030,Sour Mix,Chupa Chups,,حامض مشكل,GCC,unknown,100,REVIEW_BRAND_UNMAPPED,LOW,,openfoodfacts,https://world.openfoodfacts.org/product/6911316004030,controlled-lexicon-composition v1 (no free machine translation),علامة بلا مقابل عربي متحقَّق
07622300742416,Prince Chocolate Flavor (40 G),Prince,,شوكولاتة نكهة,GCC,Filled biscuits,,REVIEW_BRAND_UNMAPPED,LOW,,openfoodfacts,https://world.openfoodfacts.org/product/7622300742416,controlled-lexicon-composition v1 (no free machine translation),علامة بلا مقابل عربي متحقَّق
08003340802367,Lindor silver 600 g,,,,GCC,unknown,,REVIEW_UNKNOWN_TERMS,LOW,lindor;silver,openfoodfacts,https://world.openfoodfacts.org/product/8003340802367,controlled-lexicon-composition v1 (no free machine translation),مصطلح غير مغطّى بالمعجم
08445290116543,Guigoz Pelargon - 0 à 6 mois,Nestlé,نستله,نستله,GCC,Infant formulas,100,REVIEW_UNKNOWN_TERMS,LOW,guigoz;pelargon;mois,openfoodfacts,https://world.openfoodfacts.org/product/8445290116543,controlled-lexicon-composition v1 (no free machine translation),مصطلح غير مغطّى بالمعجم
08595229912637,Granola - sans gluten sarrasin,Emco,,جرانولا,SA,Mueslis with nuts,40,REVIEW_UNKNOWN_TERMS,LOW,sans;gluten;sarrasin,openfoodfacts,https://world.openfoodfacts.org/product/8595229912637,controlled-lexicon-composition v1 (no free machine translation),مصطلح غير مغطّى بالمعجم
08906020580954,Aloo Paratha,iD,,,GCC,unknown,100,REVIEW_UNKNOWN_TERMS,LOW,aloo;paratha,openfoodfacts,https://world.openfoodfacts.org/product/8906020580954,controlled-lexicon-composition v1 (no free machine translation),مصطلح غير مغطّى بالمعجم
08997035600300,Pocari sweat,Otsuka,,,GCC,unknown,,REVIEW_UNKNOWN_TERMS,LOW,pocari;sweat,openfoodfacts,https://world.openfoodfacts.org/product/8997035600300,controlled-lexicon-composition v1 (no free machine translation),مصطلح غير مغطّى بالمعجم
09334279004041,Malaysian Peanut Satay,Street Kitchen,,فول سوداني,GCC,Cooking Sauces,64,REVIEW_UNKNOWN_TERMS,LOW,malaysian;satay,openfoodfacts,https://world.openfoodfacts.org/product/9334279004041,controlled-lexicon-composition v1 (no free machine translation),مصطلح غير مغطّى بالمعجم
00000067215843,wine gums,maynardsbassetts,,,GCC,Gummi candies,23.6,REVIEW_UNKNOWN_TERMS,LOW,wine;gums,openfoodfacts,https://world.openfoodfacts.org/product/67215843,controlled-lexicon-composition v1 (no free machine translation),مصطلح غير مغطّى بالمعجم
00025407804419,Mama Sitas Oyster Sauce,Mama Sita's,,صلصة,GCC,Oyster sauces,30,REVIEW_UNKNOWN_TERMS,LOW,mama;sitas;oyster,openfoodfacts,https://world.openfoodfacts.org/product/0025407804419,controlled-lexicon-composition v1 (no free machine translation),مصطلح غير مغطّى بالمعجم
00032894015518,Light Solid Tuna,California Garden,كاليفورنيا جاردن,كاليفورنيا جاردن لايت تونة,GCC,unknown,130,REVIEW_UNKNOWN_TERMS,LOW,solid,openfoodfacts,https://world.openfoodfacts.org/product/0032894015518,controlled-lexicon-composition v1 (no free machine translation),مصطلح غير مغطّى بالمعجم
00046000287324,Soft taco dinner kit imp,Old El Paso,,طري,GCC,Breads,71,REVIEW_UNKNOWN_TERMS,LOW,taco;dinner;kit;imp,openfoodfacts,https://world.openfoodfacts.org/product/0046000287324,controlled-lexicon-composition v1 (no free machine translation),مصطلح غير مغطّى بالمعجم
00076397004075,Chipotle Peppers in Adobo Sauce,La Costeña,,صلصة,SA,Canned peppers,30,REVIEW_UNKNOWN_TERMS,LOW,chipotle;peppers;adobo,openfoodfacts,https://world.openfoodfacts.org/product/0076397004075,controlled-lexicon-composition v1 (no free machine translation),مصطلح غير مغطّى بالمعجم
00617950803232,Alalali pineapple slices choice in heavy syrup,,العلالي,العلالي أناناس شرائح شراب,SA,Cans-food,,REVIEW_UNKNOWN_TERMS,LOW,choice;heavy,openfoodfacts,https://world.openfoodfacts.org/product/0617950803232,controlled-lexicon-composition v1 (no free machine translation),مصطلح غير مغطّى بالمعجم
00620514001036,Chat Masala,National,,ماسالا,SA,Spice Mix,,REVIEW_UNKNOWN_TERMS,LOW,chat,openfoodfacts,https://world.openfoodfacts.org/product/0620514001036,controlled-lexicon-composition v1 (no free machine translation),مصطلح غير مغطّى بالمعجم
00627735265926,100% Whole Wheat Bagels,Great Value,جريت فاليو,جريت فاليو قمح,GCC,100-whole-wheat-bagels,75,REVIEW_UNKNOWN_TERMS,LOW,whole;bagels,openfoodfacts,https://world.openfoodfacts.org/product/0627735265926,controlled-lexicon-composition v1 (no free machine translation),مصطلح غير مغطّى بالمعجم
00627735269375,Flocon de maïs givré,Great Value,جريت فاليو,جريت فاليو,GCC,unknown,40,REVIEW_UNKNOWN_TERMS,LOW,flocon;ma;givr,openfoodfacts,https://world.openfoodfacts.org/product/0627735269375,controlled-lexicon-composition v1 (no free machine translation),مصطلح غير مغطّى بالمعجم
00628055507444,Lemon Square,Made With Local,,ليمون,SA,Snack-bar,53,REVIEW_UNKNOWN_TERMS,LOW,square,openfoodfacts,https://world.openfoodfacts.org/product/0628055507444,controlled-lexicon-composition v1 (no free machine translation),مصطلح غير مغطّى بالمعجم
00628176404073,Sweet Pickled Beets,BC Brine Preservation Co.,,حلو,SA,Beetroot(pickled),30,REVIEW_UNKNOWN_TERMS,LOW,pickled;beets,openfoodfacts,https://world.openfoodfacts.org/product/0628176404073,controlled-lexicon-composition v1 (no free machine translation),مصطلح غير مغطّى بالمعجم
00643985981362,Peanut Butter Creamy,Libby's,,زبدة فول سوداني كريمي,GCC,unknown,32,REVIEW_BRAND_UNMAPPED,LOW,,openfoodfacts,https://world.openfoodfacts.org/product/0643985981362,controlled-lexicon-composition v1 (no free machine translation),علامة بلا مقابل عربي متحقَّق
00680275029212,Organic ginger peach tea imp,English tea shop organic,,عضوي زنجبيل خوخ شاي,SA,Flavored black teas,,REVIEW_UNKNOWN_TERMS,LOW,imp,openfoodfacts,https://world.openfoodfacts.org/product/0680275029212,controlled-lexicon-composition v1 (no free machine translation),مصطلح غير مغطّى بالمعجم
00789673000042,Rye Wraps,Mountain Bread Pty Ltd,,,GCC,Rye-flatbread,25,REVIEW_UNKNOWN_TERMS,LOW,rye;wraps,openfoodfacts,https://world.openfoodfacts.org/product/0789673000042,controlled-lexicon-composition v1 (no free machine translation),مصطلح غير مغطّى بالمعجم
00850027880280,FEASTABLES PEANUT BUTTER,MR BEAST,,زبدة فول سوداني,GCC,Chocolates,30,REVIEW_UNKNOWN_TERMS,LOW,feastables,openfoodfacts,https://world.openfoodfacts.org/product/0850027880280,controlled-lexicon-composition v1 (no free machine translation),مصطلح غير مغطّى بالمعجم
03254471007014,Sweet Corn,Green Giant,,ذرة حلوة,GCC,unknown,,REVIEW_BRAND_UNMAPPED,LOW,,openfoodfacts,https://world.openfoodfacts.org/product/3254471007014,controlled-lexicon-composition v1 (no free machine translation),علامة بلا مقابل عربي متحقَّق
04003994112427,Kelloggs corn flakes the original,,كورن فليكس,كورن فليكس أصلي,SA,Corn flakes,,REVIEW_UNKNOWN_TERMS,LOW,kelloggs,openfoodfacts,https://world.openfoodfacts.org/product/4003994112427,controlled-lexicon-composition v1 (no free machine translation),مصطلح غير مغطّى بالمعجم
04805358245051,STAR MARGARINE Classic,,,كلاسيك,GCC,unknown,,REVIEW_UNKNOWN_TERMS,LOW,star;margarine,openfoodfacts,https://world.openfoodfacts.org/product/4805358245051,controlled-lexicon-composition v1 (no free machine translation),مصطلح غير مغطّى بالمعجم
05000197154239,Prawn Crackers,Sharwood's,,مقرمشات,GCC,Crackers (Appetizers),30,REVIEW_UNKNOWN_TERMS,LOW,prawn,openfoodfacts,https://world.openfoodfacts.org/product/5000197154239,controlled-lexicon-composition v1 (no free machine translation),مصطلح غير مغطّى بالمعجم
05001860147619,ISO Triple Zero protein powder,Laperva,لابيرفا,لابيرفا زيرو بروتين بودرة,GCC,unknown,30,REVIEW_UNKNOWN_TERMS,LOW,iso;triple,openfoodfacts,https://world.openfoodfacts.org/product/5001860147619,controlled-lexicon-composition v1 (no free machine translation),مصطلح غير مغطّى بالمعجم
05039378005275,Popcorn Sweet And Salty,Taylor’s,,فشار حلو,GCC,unknown,100,REVIEW_UNKNOWN_TERMS,LOW,salty,openfoodfacts,https://world.openfoodfacts.org/product/5039378005275,controlled-lexicon-composition v1 (no free machine translation),مصطلح غير مغطّى بالمعجم
05053990101573,Pringles Sare,Pringles,برينجلز,برينجلز,GCC,Stacked extruded potato crisps,30,REVIEW_UNKNOWN_TERMS,LOW,sare,openfoodfacts,https://world.openfoodfacts.org/product/5053990101573,controlled-lexicon-composition v1 (no free machine translation),مصطلح غير مغطّى بالمعجم
05099839648441,Blueberry Yogurt,Supervalu,,توت أزرق زبادي,GCC,Yogurts,,REVIEW_BRAND_UNMAPPED,LOW,,openfoodfacts,https://world.openfoodfacts.org/product/5099839648441,controlled-lexicon-composition v1 (no free machine translation),علامة بلا مقابل عربي متحقَّق
05711953202193,Puck creamy labneh lebanese recipe,,بوك,بوك كريمي لبنة وصفة,SA,unknown,100,REVIEW_UNKNOWN_TERMS,LOW,lebanese,openfoodfacts,https://world.openfoodfacts.org/product/5711953202193,controlled-lexicon-composition v1 (no free machine translation),مصطلح غير مغطّى بالمعجم
06251934008417,Alfares tortilla corn chips nachos cheese flavor,,,تورتيلا ذرة شيبس جبن نكهة,SA,Chips,,REVIEW_UNKNOWN_TERMS,LOW,alfares;nachos,openfoodfacts,https://world.openfoodfacts.org/product/6251934008417,controlled-lexicon-composition v1 (no free machine translation),مصطلح غير مغطّى بالمعجم
06253334600505,mini piano (vanilla),IceQueen,,ميني فانيلا,GCC,Vanilla ice cream bars coated with milk chocolate,60,REVIEW_UNKNOWN_TERMS,LOW,piano,openfoodfacts,https://world.openfoodfacts.org/product/6253334600505,controlled-lexicon-composition v1 (no free machine translation),مصطلح غير مغطّى بالمعجم
06253348102132,75 Dark Chocolate,Tops,,داكن شوكولاتة,SA,unknown,100,REVIEW_BRAND_UNMAPPED,LOW,,openfoodfacts,https://world.openfoodfacts.org/product/6253348102132,controlled-lexicon-composition v1 (no free machine translation),علامة بلا مقابل عربي متحقَّق
06271003047116,Potato Hotdog Roll,Kuwait Flour Mills & Bakeries,,بطاطس رول,GCC,unknown,50,REVIEW_UNKNOWN_TERMS,LOW,hotdog,openfoodfacts,https://world.openfoodfacts.org/product/6271003047116,controlled-lexicon-composition v1 (no free machine translation),مصطلح غير مغطّى بالمعجم
06271100903155,Pickles,Magic Taste,,مخلل,GCC,unknown,100,REVIEW_BRAND_UNMAPPED,LOW,,openfoodfacts,https://world.openfoodfacts.org/product/6271100903155,controlled-lexicon-composition v1 (no free machine translation),علامة بلا مقابل عربي متحقَّق
06273120393473,Jus multifruits à la base de concentrés,,,,GCC,unknown,,REVIEW_UNKNOWN_TERMS,LOW,jus;multifruits;base;concentr,openfoodfacts,https://world.openfoodfacts.org/product/6273120393473,controlled-lexicon-composition v1 (no free machine translation),مصطلح غير مغطّى بالمعجم
06277000008341,Prolife Pro Puffs Chili Lemon,Prolife,,نفخات شطة ليمون,GCC,Corn chips,50,REVIEW_UNKNOWN_TERMS,LOW,pro,openfoodfacts,https://world.openfoodfacts.org/product/6277000008341,controlled-lexicon-composition v1 (no free machine translation),مصطلح غير مغطّى بالمعجم
06277532020606,cuisse de dinde,Carrefour,كارفور,كارفور,GCC,Turkey thighs,,REVIEW_UNKNOWN_TERMS,LOW,cuisse;dinde,openfoodfacts,https://world.openfoodfacts.org/product/6277532020606,controlled-lexicon-composition v1 (no free machine translation),مصطلح غير مغطّى بالمعجم
06281007068048,Almarai ice tea leaf peach and hibiscus,Almarai,المراعي,المراعي مثلج شاي خوخ كركديه,GCC,unknown,240,REVIEW_UNKNOWN_TERMS,LOW,leaf,openfoodfacts,https://world.openfoodfacts.org/product/6281007068048,controlled-lexicon-composition v1 (no free machine translation),مصطلح غير مغطّى بالمعجم
06281007075220,Full-fat milk,Almarai,المراعي,المراعي حليب,SA,unknown,250,REVIEW_UNKNOWN_TERMS,LOW,full;fat,openfoodfacts,https://world.openfoodfacts.org/product/6281007075220,controlled-lexicon-composition v1 (no free machine translation),مصطلح غير مغطّى بالمعجم
06281014400190,Macaronj,,,,SA,unknown,,REVIEW_UNKNOWN_TERMS,LOW,macaronj,openfoodfacts,https://world.openfoodfacts.org/product/6281014400190,controlled-lexicon-composition v1 (no free machine translation),مصطلح غير مغطّى بالمعجم
06281016012209,Digestive Biscuit Go Fit,Memories,,دايجستيف بسكويت,SA,unknown,50,REVIEW_UNKNOWN_TERMS,LOW,go;fit,openfoodfacts,https://world.openfoodfacts.org/product/6281016012209,controlled-lexicon-composition v1 (no free machine translation),مصطلح غير مغطّى بالمعجم
06281018420866,Florida's Natural Juice (100% Pure Orange Pineapple,,,طبيعي عصير نقي برتقال أناناس,SA,unknown,,REVIEW_UNKNOWN_TERMS,LOW,florida,openfoodfacts,https://world.openfoodfacts.org/product/6281018420866,controlled-lexicon-composition v1 (no free machine translation),مصطلح غير مغطّى بالمعجم
06281020172203,Luna foul medames with tahini,,لونا,لونا فول طحينة,SA,unknown,,REVIEW_UNKNOWN_TERMS,LOW,medames,openfoodfacts,https://world.openfoodfacts.org/product/6281020172203,controlled-lexicon-composition v1 (no free machine translation),مصطلح غير مغطّى بالمعجم
06281020174184,Luna whole mushrooms premium quality,,لونا,لونا فطر فاخر,SA,unknown,,REVIEW_UNKNOWN_TERMS,LOW,whole;quality,openfoodfacts,https://world.openfoodfacts.org/product/6281020174184,controlled-lexicon-composition v1 (no free machine translation),مصطلح غير مغطّى بالمعجم
06281022101034,Danao Juice Milk Ora-bana-strw 1LTR,,,عصير حليب,SA,Fruit and milk beverages,,REVIEW_UNKNOWN_TERMS,LOW,danao;ora;bana;strw,openfoodfacts,https://world.openfoodfacts.org/product/6281022101034,controlled-lexicon-composition v1 (no free machine translation),مصطلح غير مغطّى بالمعجم
06281022117370,Activia peach and grain,,أكتيفيا,أكتيفيا خوخ,SA,unknown,,REVIEW_UNKNOWN_TERMS,LOW,grain,openfoodfacts,https://world.openfoodfacts.org/product/6281022117370,controlled-lexicon-composition v1 (no free machine translation),مصطلح غير مغطّى بالمعجم
06281022174236,Dunkin latte French vanilla,Dunkin Donuts,,لاتيه فرنسي فانيلا,SA,unknown,100,REVIEW_UNKNOWN_TERMS,LOW,dunkin,openfoodfacts,https://world.openfoodfacts.org/product/6281022174236,controlled-lexicon-composition v1 (no free machine translation),مصطلح غير مغطّى بالمعجم
06281024110102,Gourmet toast with Emmental,President,بريزيدون,بريزيدون توست,SA,unknown,20,REVIEW_UNKNOWN_TERMS,LOW,gourmet;emmental,openfoodfacts,https://world.openfoodfacts.org/product/6281024110102,controlled-lexicon-composition v1 (no free machine translation),مصطلح غير مغطّى بالمعجم
06281034902629,Strawberry Flavoured Carbonated Malt Beverage,Barbican,باربيكان,باربيكان فراولة بنكهة شعير مشروب,SA,Sweetened beverages,100,REVIEW_UNKNOWN_TERMS,LOW,carbonated,openfoodfacts,https://world.openfoodfacts.org/product/6281034902629,controlled-lexicon-composition v1 (no free machine translation),مصطلح غير مغطّى بالمعجم
06281036028242,Lay’s crispz cheese,,,جبن,SA,unknown,,REVIEW_UNKNOWN_TERMS,LOW,lay;crispz,openfoodfacts,https://world.openfoodfacts.org/product/6281036028242,controlled-lexicon-composition v1 (no free machine translation),مصطلح غير مغطّى بالمعجم
06281063453499,Freshly chili flavor cooking spray non stick,freshly,فريشلي,فريشلي شطة نكهة طبخ خالي من إصبع,SA,unknown,,REVIEW_UNKNOWN_TERMS,LOW,spray,openfoodfacts,https://world.openfoodfacts.org/product/6281063453499,controlled-lexicon-composition v1 (no free machine translation),مصطلح غير مغطّى بالمعجم
06281063881490,Ranch Salad Dressing,Freshly,فريشلي,فريشلي سلطة صلصة,SA,unknown,30,REVIEW_UNKNOWN_TERMS,LOW,ranch,openfoodfacts,https://world.openfoodfacts.org/product/6281063881490,controlled-lexicon-composition v1 (no free machine translation),مصطلح غير مغطّى بالمعجم
06281063881537,Freshly lite pancake and waffle syrup,Freshly,فريشلي,فريشلي لايت بان كيك شراب,SA,unknown,30,REVIEW_UNKNOWN_TERMS,LOW,waffle,openfoodfacts,https://world.openfoodfacts.org/product/6281063881537,controlled-lexicon-composition v1 (no free machine translation),مصطلح غير مغطّى بالمعجم
06281071114160,Marami wavy potato chips salt and vinegar,,,بطاطس شيبس ملح خل,SA,unknown,,REVIEW_UNKNOWN_TERMS,LOW,marami;wavy,openfoodfacts,https://world.openfoodfacts.org/product/6281071114160,controlled-lexicon-composition v1 (no free machine translation),مصطلح غير مغطّى بالمعجم
06281073110108,Puff Pastry Sheets,Sunbulah,سنبلة,سنبلة معجنات,GCC,Puff pastry sheets,40,REVIEW_UNKNOWN_TERMS,LOW,puff;sheets,openfoodfacts,https://world.openfoodfacts.org/product/6281073110108,controlled-lexicon-composition v1 (no free machine translation),مصطلح غير مغطّى بالمعجم
06281073120985,Pepperoni Special Pizza 420gm,Sunbulah,سنبلة,سنبلة بيتزا,GCC,unknown,100,REVIEW_UNKNOWN_TERMS,LOW,pepperoni;special,openfoodfacts,https://world.openfoodfacts.org/product/6281073120985,controlled-lexicon-composition v1 (no free machine translation),مصطلح غير مغطّى بالمعجم
06281100355663,Mcvities Chai Time Butter,Mcvities,ماكفيتيز,ماكفيتيز زبدة,SA,unknown,100,REVIEW_UNKNOWN_TERMS,LOW,chai;time,openfoodfacts,https://world.openfoodfacts.org/product/6281100355663,controlled-lexicon-composition v1 (no free machine translation),مصطلح غير مغطّى بالمعجم
06281100500858,Forsana labneh,,,لبنة,SA,Dairies,,REVIEW_UNKNOWN_TERMS,LOW,forsana,openfoodfacts,https://world.openfoodfacts.org/product/6281100500858,controlled-lexicon-composition v1 (no free machine translation),مصطلح غير مغطّى بالمعجم
06281105500754,Chocolate Ice Cream,Al Amal,,آيس كريم شوكولاتة,SA,unknown,55,REVIEW_BRAND_UNMAPPED,LOW,,openfoodfacts,https://world.openfoodfacts.org/product/6281105500754,controlled-lexicon-composition v1 (no free machine translation),علامة بلا مقابل عربي متحقَّق
06281106251013,Sagai Dates,Siafa,سيافة,سيافة تمر,GCC,Dates,100,REVIEW_UNKNOWN_TERMS,LOW,sagai,openfoodfacts,https://world.openfoodfacts.org/product/6281106251013,controlled-lexicon-composition v1 (no free machine translation),مصطلح غير مغطّى بالمعجم
06281123031292,Sambosa Whole Wheat,Swtiz,,قمح,SA,unknown,13.25,REVIEW_UNKNOWN_TERMS,LOW,sambosa;whole,openfoodfacts,https://world.openfoodfacts.org/product/6281123031292,controlled-lexicon-composition v1 (no free machine translation),مصطلح غير مغطّى بالمعجم
06281183000306,7 days swiss roll vanilla blue,7days,,رول فانيلا,SA,Cake-roll,20,REVIEW_UNKNOWN_TERMS,LOW,days;swiss;blue,openfoodfacts,https://world.openfoodfacts.org/product/6281183000306,controlled-lexicon-composition v1 (no free machine translation),مصطلح غير مغطّى بالمعجم
06282351230068,Ginger Paste,Zack’s,,زنجبيل معجون,SA,unknown,20,REVIEW_BRAND_UNMAPPED,LOW,,openfoodfacts,https://world.openfoodfacts.org/product/6282351230068,controlled-lexicon-composition v1 (no free machine translation),علامة بلا مقابل عربي متحقَّق
06282351230440,Papaya paste,,,معجون,SA,unknown,,REVIEW_UNKNOWN_TERMS,LOW,papaya,openfoodfacts,https://world.openfoodfacts.org/product/6282351230440,controlled-lexicon-composition v1 (no free machine translation),مصطلح غير مغطّى بالمعجم
06285009000013,Arabic white bread medium,Masdar al hayat,,عربي أبيض خبز,SA,unknown,100,REVIEW_UNKNOWN_TERMS,LOW,medium,openfoodfacts,https://world.openfoodfacts.org/product/6285009000013,controlled-lexicon-composition v1 (no free machine translation),مصطلح غير مغطّى بالمعجم
06285045391977,Rosehip Jam,,,مربى,SA,unknown,,REVIEW_UNKNOWN_TERMS,LOW,rosehip,openfoodfacts,https://world.openfoodfacts.org/product/6285045391977,controlled-lexicon-composition v1 (no free machine translation),مصطلح غير مغطّى بالمعجم
06285572000618,Rita red sparkling drink,,,أحمر فوّار شراب,SA,unknown,,REVIEW_UNKNOWN_TERMS,LOW,rita,openfoodfacts,https://world.openfoodfacts.org/product/6285572000618,controlled-lexicon-composition v1 (no free machine translation),مصطلح غير مغطّى بالمعجم
06285572002193,Rita cola sparkling drink,,,كولا فوّار شراب,SA,Sparkling-drink,,REVIEW_UNKNOWN_TERMS,LOW,rita,openfoodfacts,https://world.openfoodfacts.org/product/6285572002193,controlled-lexicon-composition v1 (no free machine translation),مصطلح غير مغطّى بالمعجم
06287002130698,Tortilla Potato,KUDU,,تورتيلا بطاطس,SA,unknown,42,REVIEW_BRAND_UNMAPPED,LOW,,openfoodfacts,https://world.openfoodfacts.org/product/6287002130698,controlled-lexicon-composition v1 (no free machine translation),علامة بلا مقابل عربي متحقَّق
06287014280008,Fairco hot sticks hot pepper flavor,,,حار أصابع حار فلفل نكهة,GCC,unknown,22,REVIEW_UNKNOWN_TERMS,LOW,fairco,openfoodfacts,https://world.openfoodfacts.org/product/6287014280008,controlled-lexicon-composition v1 (no free machine translation),مصطلح غير مغطّى بالمعجم
06287016440691,Dates Covered Chocolate Stuffed With Salted Caramel,Atayed Altomor,,تمر شوكولاتة محشو مملّح كراميل,SA,unknown,18,REVIEW_UNKNOWN_TERMS,LOW,covered,openfoodfacts,https://world.openfoodfacts.org/product/6287016440691,controlled-lexicon-composition v1 (no free machine translation),مصطلح غير مغطّى بالمعجم
06290090018434,Heinze incredibly light mayonnaise,HEINZ,هاينز,هاينز لايت مايونيز,GCC,unknown,100,REVIEW_UNKNOWN_TERMS,LOW,incredibly,openfoodfacts,https://world.openfoodfacts.org/product/6290090018434,controlled-lexicon-composition v1 (no free machine translation),مصطلح غير مغطّى بالمعجم
06290090018489,Thousand island,Heinz,هاينز,هاينز,GCC,Groceries,,REVIEW_UNKNOWN_TERMS,LOW,thousand;island,openfoodfacts,https://world.openfoodfacts.org/product/6290090018489,controlled-lexicon-composition v1 (no free machine translation),مصطلح غير مغطّى بالمعجم
06290805084594,Al Raiqa datefruit,,,,GCC,unknown,,REVIEW_UNKNOWN_TERMS,LOW,al;raiqa;datefruit,openfoodfacts,https://world.openfoodfacts.org/product/6290805084594,controlled-lexicon-composition v1 (no free machine translation),مصطلح غير مغطّى بالمعجم
06291003096365,Igloo Butter Scotch,Igloo,,زبدة,GCC,unknown,55,REVIEW_UNKNOWN_TERMS,LOW,scotch,openfoodfacts,https://world.openfoodfacts.org/product/6291003096365,controlled-lexicon-composition v1 (no free machine translation),مصطلح غير مغطّى بالمعجم
06291058150388,Dark Chocolate Orange Energy Balls,Soul Food,,داكن شوكولاتة برتقال طاقة,GCC,unknown,60,REVIEW_UNKNOWN_TERMS,LOW,balls,openfoodfacts,https://world.openfoodfacts.org/product/6291058150388,controlled-lexicon-composition v1 (no free machine translation),مصطلح غير مغطّى بالمعجم
06291079380887,Khalas Dates,Hello,,تمر,GCC,unknown,40,REVIEW_UNKNOWN_TERMS,LOW,khalas,openfoodfacts,https://world.openfoodfacts.org/product/6291079380887,controlled-lexicon-composition v1 (no free machine translation),مصطلح غير مغطّى بالمعجم
06291103363435,Sliced Smoked Turkey Breast,Country Butcher Boy,,شرائح مدخّن ديك رومي صدر,GCC,unknown,,REVIEW_BRAND_UNMAPPED,LOW,,openfoodfacts,https://world.openfoodfacts.org/product/6291103363435,controlled-lexicon-composition v1 (no free machine translation),علامة بلا مقابل عربي متحقَّق
06291103541635,Dubai Chocolate,Harison Premium Chocolate,,شوكولاتة,GCC,unknown,12.5,REVIEW_UNKNOWN_TERMS,LOW,dubai,openfoodfacts,https://world.openfoodfacts.org/product/6291103541635,controlled-lexicon-composition v1 (no free machine translation),مصطلح غير مغطّى بالمعجم
06291105207812,English Plum Cake,Tea Bis,,كيك,GCC,unknown,100,REVIEW_UNKNOWN_TERMS,LOW,english;plum,openfoodfacts,https://world.openfoodfacts.org/product/6291105207812,controlled-lexicon-composition v1 (no free machine translation),مصطلح غير مغطّى بالمعجم
06291106762549,Cooked baby shrimps,Asmak,,مطبوخ,GCC,unknown,100,REVIEW_UNKNOWN_TERMS,LOW,baby;shrimps,openfoodfacts,https://world.openfoodfacts.org/product/6291106762549,controlled-lexicon-composition v1 (no free machine translation),مصطلح غير مغطّى بالمعجم
06291108340011,Pinar spreadable processed cream cheese analogue,,,قابل للدهن قشطة جبن,GCC,unknown,,REVIEW_UNKNOWN_TERMS,LOW,pinar;processed;analogue,openfoodfacts,https://world.openfoodfacts.org/product/6291108340011,controlled-lexicon-composition v1 (no free machine translation),مصطلح غير مغطّى بالمعجم
06291108636923,Organic Khidri Dates,Jomara,جمارة,جمارة عضوي تمر,GCC,Organic-dates,,REVIEW_UNKNOWN_TERMS,LOW,khidri,openfoodfacts,https://world.openfoodfacts.org/product/6291108636923,controlled-lexicon-composition v1 (no free machine translation),مصطلح غير مغطّى بالمعجم
06293675827100,Ribs barbecue original,,,أصلي,GCC,Pork,,REVIEW_UNKNOWN_TERMS,LOW,ribs;barbecue,openfoodfacts,https://world.openfoodfacts.org/product/6293675827100,controlled-lexicon-composition v1 (no free machine translation),مصطلح غير مغطّى بالمعجم
06294017102329,Nesquik,,,,GCC,unknown,,REVIEW_UNKNOWN_TERMS,LOW,nesquik,openfoodfacts,https://world.openfoodfacts.org/product/6294017102329,controlled-lexicon-composition v1 (no free machine translation),مصطلح غير مغطّى بالمعجم
06294017116968,Maggi chicken with abc pasta soup,,ماجي,ماجي دجاج معكرونة شوربة,SA,unknown,,REVIEW_UNKNOWN_TERMS,LOW,abc,openfoodfacts,https://world.openfoodfacts.org/product/6294017116968,controlled-lexicon-composition v1 (no free machine translation),مصطلح غير مغطّى بالمعجم
06297001003480,Kimchi,Koco,,,GCC,unknown,100,REVIEW_UNKNOWN_TERMS,LOW,kimchi,openfoodfacts,https://world.openfoodfacts.org/product/6297001003480,controlled-lexicon-composition v1 (no free machine translation),مصطلح غير مغطّى بالمعجم
06297001083567,Balade farms cheese chanklish,,مزارع بلدي,مزارع بلدي جبن,SA,unknown,,REVIEW_UNKNOWN_TERMS,LOW,chanklish,openfoodfacts,https://world.openfoodfacts.org/product/6297001083567,controlled-lexicon-composition v1 (no free machine translation),مصطلح غير مغطّى بالمعجم
06297807409066,Chocolate Granola,Oloaa,,شوكولاتة جرانولا,GCC,unknown,30,REVIEW_BRAND_UNMAPPED,LOW,,openfoodfacts,https://world.openfoodfacts.org/product/6297807409066,controlled-lexicon-composition v1 (no free machine translation),علامة بلا مقابل عربي متحقَّق
06298009793229,Sodastream sirop pomme,,,,GCC,Apple syrups,,REVIEW_UNKNOWN_TERMS,LOW,sodastream;sirop;pomme,openfoodfacts,https://world.openfoodfacts.org/product/6298009793229,controlled-lexicon-composition v1 (no free machine translation),مصطلح غير مغطّى بالمعجم
06298208551057,Nouilles chinoises,,,,GCC,unknown,,REVIEW_UNKNOWN_TERMS,LOW,nouilles;chinoises,openfoodfacts,https://world.openfoodfacts.org/product/6298208551057,controlled-lexicon-composition v1 (no free machine translation),مصطلح غير مغطّى بالمعجم
06298857001194,Beau et bon,Harrys,,,GCC,unknown,,REVIEW_UNKNOWN_TERMS,LOW,beau;et;bon,openfoodfacts,https://world.openfoodfacts.org/product/6298857001194,controlled-lexicon-composition v1 (no free machine translation),مصطلح غير مغطّى بالمعجم
06299200002707,Sliced Smoked Turkey Strips,D’pollo,,شرائح مدخّن ديك رومي ستربس,GCC,unknown,,REVIEW_BRAND_UNMAPPED,LOW,,openfoodfacts,https://world.openfoodfacts.org/product/6299200002707,controlled-lexicon-composition v1 (no free machine translation),علامة بلا مقابل عربي متحقَّق
06299200055048,High Protein Vanilla Pudding,Milba,,عالي البروتين فانيلا مهلبية,GCC,unknown,200,REVIEW_BRAND_UNMAPPED,LOW,,openfoodfacts,https://world.openfoodfacts.org/product/6299200055048,controlled-lexicon-composition v1 (no free machine translation),علامة بلا مقابل عربي متحقَّق
06301618000760,Mantequilla de Maní,Terranut,,,GCC,Mantequillas-de-mani,35,REVIEW_UNKNOWN_TERMS,LOW,mantequilla;man,openfoodfacts,https://world.openfoodfacts.org/product/6301618000760,controlled-lexicon-composition v1 (no free machine translation),مصطلح غير مغطّى بالمعجم
06420610115378,Menu juice,Bonne,,عصير,GCC,unknown,100,REVIEW_UNKNOWN_TERMS,LOW,menu,openfoodfacts,https://world.openfoodfacts.org/product/6420610115378,controlled-lexicon-composition v1 (no free machine translation),مصطلح غير مغطّى بالمعجم
07613034389138,Nestle honey cheerios,,نستله,نستله عسل,GCC,Extruded cereals,30,REVIEW_UNKNOWN_TERMS,LOW,cheerios,openfoodfacts,https://world.openfoodfacts.org/product/7613034389138,controlled-lexicon-composition v1 (no free machine translation),مصطلح غير مغطّى بالمعجم
07894904256471,Beef Meatballs,seara,سيارا,سيارا لحم بقري,GCC,Beef meat balls,100,REVIEW_UNKNOWN_TERMS,LOW,meatballs,openfoodfacts,https://world.openfoodfacts.org/product/7894904256471,controlled-lexicon-composition v1 (no free machine translation),مصطلح غير مغطّى بالمعجم
08428532230078,Boisson Amande Calcium,Ecomil,,كالسيوم,SA,Almond-based drinks,250,REVIEW_UNKNOWN_TERMS,LOW,boisson;amande,openfoodfacts,https://world.openfoodfacts.org/product/8428532230078,controlled-lexicon-composition v1 (no free machine translation),مصطلح غير مغطّى بالمعجم
08690632047911,Nesquik,Nestlé,نستله,نستله,GCC,Instant chocolate powders,,REVIEW_UNKNOWN_TERMS,LOW,nesquik,openfoodfacts,https://world.openfoodfacts.org/product/8690632047911,controlled-lexicon-composition v1 (no free machine translation),مصطلح غير مغطّى بالمعجم
08901042954530,Rava Dosa,MTR,,,GCC,Dosa batter mixes,45,REVIEW_UNKNOWN_TERMS,LOW,rava;dosa,openfoodfacts,https://world.openfoodfacts.org/product/8901042954530,controlled-lexicon-composition v1 (no free machine translation),مصطلح غير مغطّى بالمعجم
08906005913715,Makhana - Roasted Indori Masala Flavour,Aakash,,محمّص ماسالا نكهة,GCC,unknown,20,REVIEW_UNKNOWN_TERMS,LOW,makhana;indori,openfoodfacts,https://world.openfoodfacts.org/product/8906005913715,controlled-lexicon-composition v1 (no free machine translation),مصطلح غير مغطّى بالمعجم
09495488400014,Reem mushrooms pieces and stems,,,فطر قطع,SA,unknown,,REVIEW_UNKNOWN_TERMS,LOW,reem;stems,openfoodfacts,https://world.openfoodfacts.org/product/9495488400014,controlled-lexicon-composition v1 (no free machine translation),مصطلح غير مغطّى بالمعجم
09501101822696,Full Fat Milk,Awafi,,كامل الدسم حليب,GCC,unknown,100,REVIEW_BRAND_UNMAPPED,LOW,,openfoodfacts,https://world.openfoodfacts.org/product/9501101822696,controlled-lexicon-composition v1 (no free machine translation),علامة بلا مقابل عربي متحقَّق
09556007000457,Chocolate Soyamilk,Soyfresh,,شوكولاتة,GCC,unknown,250,REVIEW_UNKNOWN_TERMS,LOW,soyamilk,openfoodfacts,https://world.openfoodfacts.org/product/9556007000457,controlled-lexicon-composition v1 (no free machine translation),مصطلح غير مغطّى بالمعجم
00000024442183,Arabbiata Sauce,Spinneys Food,سبينيس,سبينيس صلصة,GCC,unknown,100,REVIEW_UNKNOWN_TERMS,LOW,arabbiata,openfoodfacts,https://world.openfoodfacts.org/product/24442183,controlled-lexicon-composition v1 (no free machine translation),مصطلح غير مغطّى بالمعجم
00000029526222,Farmhouse Bread,Spinneys,سبينيس,سبينيس خبز,GCC,unknown,100,REVIEW_UNKNOWN_TERMS,LOW,farmhouse,openfoodfacts,https://world.openfoodfacts.org/product/29526222,controlled-lexicon-composition v1 (no free machine translation),مصطلح غير مغطّى بالمعجم
00000029573103,Za'atar Crackers,Spinneys,سبينيس,سبينيس مقرمشات,SA,Crackers (Appetizers),30,REVIEW_UNKNOWN_TERMS,LOW,za;atar,openfoodfacts,https://world.openfoodfacts.org/product/29573103,controlled-lexicon-composition v1 (no free machine translation),مصطلح غير مغطّى بالمعجم
00000094183740,Beef stick original,Jack Link's,,لحم بقري إصبع أصلي,GCC,unknown,12,REVIEW_BRAND_UNMAPPED,LOW,,openfoodfacts,https://world.openfoodfacts.org/product/94183740,controlled-lexicon-composition v1 (no free machine translation),علامة بلا مقابل عربي متحقَّق
00054881000024,Infusion Peppermint & Lemon,Ahmad Tea,,ليمون,GCC,Tea bags,,REVIEW_UNKNOWN_TERMS,LOW,infusion;peppermint,openfoodfacts,https://world.openfoodfacts.org/product/0054881000024,controlled-lexicon-composition v1 (no free machine translation),مصطلح غير مغطّى بالمعجم
00617950701453,Betteraves en dès,Alalali,العلالي,العلالي,GCC,Beet,100,REVIEW_UNKNOWN_TERMS,LOW,betteraves;en,openfoodfacts,https://world.openfoodfacts.org/product/0617950701453,controlled-lexicon-composition v1 (no free machine translation),مصطلح غير مغطّى بالمعجم
00628069510362,VanillA + Oats,Revive Foods,,فانيلا شوفان,GCC,unknown,160,REVIEW_BRAND_UNMAPPED,LOW,,openfoodfacts,https://world.openfoodfacts.org/product/0628069510362,controlled-lexicon-composition v1 (no free machine translation),علامة بلا مقابل عربي متحقَّق
00628069511024,High Protein Mango,Revive Superfoods,,عالي البروتين مانجو,SA,unknown,260,REVIEW_BRAND_UNMAPPED,LOW,,openfoodfacts,https://world.openfoodfacts.org/product/0628069511024,controlled-lexicon-composition v1 (no free machine translation),علامة بلا مقابل عربي متحقَّق
00691355905166,Strawberry Sour Bites,Hammond's,,فراولة حامض قطع,SA,unknown,30,REVIEW_BRAND_UNMAPPED,LOW,,openfoodfacts,https://world.openfoodfacts.org/product/0691355905166,controlled-lexicon-composition v1 (no free machine translation),علامة بلا مقابل عربي متحقَّق
00709565040437,Agaven organic agave syrup,,,عضوي شراب,SA,Syrups,,REVIEW_UNKNOWN_TERMS,LOW,agaven;agave,openfoodfacts,https://world.openfoodfacts.org/product/0709565040437,controlled-lexicon-composition v1 (no free machine translation),مصطلح غير مغطّى بالمعجم
00745178417570,Mr tito chilli and lemon flavor,,,شطة ليمون نكهة,SA,Chips,,REVIEW_UNKNOWN_TERMS,LOW,mr;tito,openfoodfacts,https://world.openfoodfacts.org/product/0745178417570,controlled-lexicon-composition v1 (no free machine translation),مصطلح غير مغطّى بالمعجم
01110000120765,Protein Bread,Modern Bakery,,بروتين خبز,GCC,Breads,,REVIEW_BRAND_UNMAPPED,LOW,,openfoodfacts,https://world.openfoodfacts.org/product/1110000120765,controlled-lexicon-composition v1 (no free machine translation),علامة بلا مقابل عربي متحقَّق
04001860147320,CASEIN PROTEIN PLUS,BODY BUILDER,,كازيين بروتين,GCC,unknown,34,REVIEW_BRAND_UNMAPPED,LOW,,openfoodfacts,https://world.openfoodfacts.org/product/4001860147320,controlled-lexicon-composition v1 (no free machine translation),علامة بلا مقابل عربي متحقَّق
04602358003861,Chocolate Covered Plombir,Korovka,,شوكولاتة,GCC,unknown,70,REVIEW_UNKNOWN_TERMS,LOW,covered;plombir,openfoodfacts,https://world.openfoodfacts.org/product/4602358003861,controlled-lexicon-composition v1 (no free machine translation),مصطلح غير مغطّى بالمعجم
05000169162132,Quinoa,Waitrose,,كينوا,GCC,Quinoa,60,REVIEW_BRAND_UNMAPPED,LOW,,openfoodfacts,https://world.openfoodfacts.org/product/5000169162132,controlled-lexicon-composition v1 (no free machine translation),علامة بلا مقابل عربي متحقَّق
05000396001730,Digestives,McVitie's,ماكفيتيز,ماكفيتيز,SA,Shortbread cookies,,REVIEW_UNKNOWN_TERMS,LOW,digestives,openfoodfacts,https://world.openfoodfacts.org/product/5000396001730,controlled-lexicon-composition v1 (no free machine translation),مصطلح غير مغطّى بالمعجم
05032085009871,Isolate,HYPE,,آيزوليت,SA,unknown,30,REVIEW_BRAND_UNMAPPED,LOW,,openfoodfacts,https://world.openfoodfacts.org/product/5032085009871,controlled-lexicon-composition v1 (no free machine translation),علامة بلا مقابل عربي متحقَّق
05060309490785,Gummy drops,:Diablo,,,GCC,Candies,,REVIEW_UNKNOWN_TERMS,LOW,gummy;drops,openfoodfacts,https://world.openfoodfacts.org/product/5060309490785,controlled-lexicon-composition v1 (no free machine translation),مصطلح غير مغطّى بالمعجم
05285000171461,Tamriyeh,Wooden Bakery,,,GCC,unknown,70,REVIEW_UNKNOWN_TERMS,LOW,tamriyeh,openfoodfacts,https://world.openfoodfacts.org/product/5285000171461,controlled-lexicon-composition v1 (no free machine translation),مصطلح غير مغطّى بالمعجم
05285000912057,Hiba mushrooms whole,,,فطر,SA,unknown,,REVIEW_UNKNOWN_TERMS,LOW,hiba;whole,openfoodfacts,https://world.openfoodfacts.org/product/5285000912057,controlled-lexicon-composition v1 (no free machine translation),مصطلح غير مغطّى بالمعجم
05352101800191,Foster Clark's Vanilla Powder,faster,,فانيلا بودرة,GCC,unknown,100,REVIEW_UNKNOWN_TERMS,LOW,foster;clark,openfoodfacts,https://world.openfoodfacts.org/product/5352101800191,controlled-lexicon-composition v1 (no free machine translation),مصطلح غير مغطّى بالمعجم
05449000043382,Cocacola original taste,Coca Cola,,أصلي نكهة,GCC,Colas,,REVIEW_UNKNOWN_TERMS,LOW,cocacola,openfoodfacts,https://world.openfoodfacts.org/product/5449000043382,controlled-lexicon-composition v1 (no free machine translation),مصطلح غير مغطّى بالمعجم
05711953117589,Arla organic full fat milk,,,كامل الدسم عضوي حليب,SA,unknown,200,REVIEW_UNKNOWN_TERMS,LOW,arla,openfoodfacts,https://world.openfoodfacts.org/product/5711953117589,controlled-lexicon-composition v1 (no free machine translation),مصطلح غير مغطّى بالمعجم
06001240100066,Ceres Pinapple,Ceres,,,SA,Pineapple juices,,REVIEW_UNKNOWN_TERMS,LOW,pinapple,openfoodfacts,https://world.openfoodfacts.org/product/6001240100066,controlled-lexicon-composition v1 (no free machine translation),مصطلح غير مغطّى بالمعجم
06079840581868,Pesto Basilic,Barilla,باريلا,باريلا,GCC,Green pestos,30,REVIEW_UNKNOWN_TERMS,LOW,pesto;basilic,openfoodfacts,https://world.openfoodfacts.org/product/6079840581868,controlled-lexicon-composition v1 (no free machine translation),مصطلح غير مغطّى بالمعجم
06084000203122,Pois chiche,,,,GCC,Chickpeas,,REVIEW_UNKNOWN_TERMS,LOW,pois;chiche,openfoodfacts,https://world.openfoodfacts.org/product/6084000203122,controlled-lexicon-composition v1 (no free machine translation),مصطلح غير مغطّى بالمعجم
06086058115518,Jambon supérieur sans nitrate,,,,GCC,unknown,,REVIEW_UNKNOWN_TERMS,LOW,jambon;sup;rieur;sans;nitrate,openfoodfacts,https://world.openfoodfacts.org/product/6086058115518,controlled-lexicon-composition v1 (no free machine translation),مصطلح غير مغطّى بالمعجم
06223000752777,Feta Cheese,Domty,,فيتا جبن,SA,unknown,100,REVIEW_BRAND_UNMAPPED,LOW,,openfoodfacts,https://world.openfoodfacts.org/product/6223000752777,controlled-lexicon-composition v1 (no free machine translation),علامة بلا مقابل عربي متحقَّق
06224001418334,Scrunche no artificial additives,,,,SA,unknown,,REVIEW_UNKNOWN_TERMS,LOW,scrunche;additives;no_artificial,openfoodfacts,https://world.openfoodfacts.org/product/6224001418334,controlled-lexicon-composition v1 (no free machine translation),مصطلح غير مغطّى بالمعجم
06253808660998,Half Cooked Chapati,Qbake,كيو بيك,كيو بيك مطبوخ,GCC,fr:pains-chapati,40,REVIEW_UNKNOWN_TERMS,LOW,half;chapati,openfoodfacts,https://world.openfoodfacts.org/product/6253808660998,controlled-lexicon-composition v1 (no free machine translation),مصطلح غير مغطّى بالمعجم
06271100335284,Honey Mustard Sauce,The Belgian,,عسل مسطردة صلصة,GCC,unknown,15,REVIEW_BRAND_UNMAPPED,LOW,,openfoodfacts,https://world.openfoodfacts.org/product/6271100335284,controlled-lexicon-composition v1 (no free machine translation),علامة بلا مقابل عربي متحقَّق
06279878505434,Lyobites,,,,GCC,unknown,,REVIEW_UNKNOWN_TERMS,LOW,lyobites,openfoodfacts,https://world.openfoodfacts.org/product/6279878505434,controlled-lexicon-composition v1 (no free machine translation),مصطلح غير مغطّى بالمعجم
06281006797901,Flora Original Taste,,,أصلي نكهة,SA,unknown,,REVIEW_UNKNOWN_TERMS,LOW,flora,openfoodfacts,https://world.openfoodfacts.org/product/6281006797901,controlled-lexicon-composition v1 (no free machine translation),مصطلح غير مغطّى بالمعجم
06281007044417,Sliced Bread white,L’usine,,شرائح خبز أبيض,GCC,Sliced breads,30,REVIEW_BRAND_UNMAPPED,LOW,,openfoodfacts,https://world.openfoodfacts.org/product/6281007044417,controlled-lexicon-composition v1 (no free machine translation),علامة بلا مقابل عربي متحقَّق
06281007045841,Chocolate Cupcake,L'usine (Almarai),,شوكولاتة,GCC,unknown,30,REVIEW_UNKNOWN_TERMS,LOW,cupcake,openfoodfacts,https://world.openfoodfacts.org/product/6281007045841,controlled-lexicon-composition v1 (no free machine translation),مصطلح غير مغطّى بالمعجم
06281007046428,Tripple Cheese Puff,Almarai,المراعي,المراعي جبن,SA,unknown,65,REVIEW_UNKNOWN_TERMS,LOW,tripple;puff,openfoodfacts,https://world.openfoodfacts.org/product/6281007046428,controlled-lexicon-composition v1 (no free machine translation),مصطلح غير مغطّى بالمعجم
06281014133005,Goody boiled chickpeas,,قودي,قودي حمص,SA,unknown,,REVIEW_UNKNOWN_TERMS,LOW,boiled,openfoodfacts,https://world.openfoodfacts.org/product/6281014133005,controlled-lexicon-composition v1 (no free machine translation),مصطلح غير مغطّى بالمعجم
06281014302906,Tuna meals,Goody,قودي,قودي تونة,SA,unknown,,REVIEW_UNKNOWN_TERMS,LOW,meals,openfoodfacts,https://world.openfoodfacts.org/product/6281014302906,controlled-lexicon-composition v1 (no free machine translation),مصطلح غير مغطّى بالمعجم
06281016503547,Albatal dubbi sweet tomato flavor,,البطل,البطل حلو طماطم نكهة,SA,unknown,,REVIEW_UNKNOWN_TERMS,LOW,dubbi,openfoodfacts,https://world.openfoodfacts.org/product/6281016503547,controlled-lexicon-composition v1 (no free machine translation),مصطلح غير مغطّى بالمعجم
06281024110041,President mozzarella cheese - othaim 37,President,بريزيدون,بريزيدون موزاريلا جبن,SA,unknown,100,REVIEW_UNKNOWN_TERMS,LOW,othaim,openfoodfacts,https://world.openfoodfacts.org/product/6281024110041,controlled-lexicon-composition v1 (no free machine translation),مصطلح غير مغطّى بالمعجم
06281039560213,TORNADOO ice cream,Saudia,السعودية,السعودية آيس كريم,SA,unknown,70,REVIEW_UNKNOWN_TERMS,LOW,tornadoo,openfoodfacts,https://world.openfoodfacts.org/product/6281039560213,controlled-lexicon-composition v1 (no free machine translation),مصطلح غير مغطّى بالمعجم
06281050116055,Americana pure minced mutton,Americana,أمريكانا,أمريكانا نقي مفروم,SA,unknown,100,REVIEW_UNKNOWN_TERMS,LOW,mutton,openfoodfacts,https://world.openfoodfacts.org/product/6281050116055,controlled-lexicon-composition v1 (no free machine translation),مصطلح غير مغطّى بالمعجم
06281050510846,Zingz breaded shrimps,Americana,أمريكانا,أمريكانا مقرمش بالبقسماط,GCC,unknown,100,REVIEW_UNKNOWN_TERMS,LOW,zingz;shrimps,openfoodfacts,https://world.openfoodfacts.org/product/6281050510846,controlled-lexicon-composition v1 (no free machine translation),مصطلح غير مغطّى بالمعجم
06281073150821,Frozen strawberries,Sunbulah,سنبلة,سنبلة مجمّد,SA,unknown,,REVIEW_UNKNOWN_TERMS,LOW,strawberries,openfoodfacts,https://world.openfoodfacts.org/product/6281073150821,controlled-lexicon-composition v1 (no free machine translation),مصطلح غير مغطّى بالمعجم
06281073151125,Sunbulah Frozen Peas And Carrots,,سنبلة,سنبلة مجمّد بازلاء,SA,unknown,,REVIEW_UNKNOWN_TERMS,LOW,carrots,openfoodfacts,https://world.openfoodfacts.org/product/6281073151125,controlled-lexicon-composition v1 (no free machine translation),مصطلح غير مغطّى بالمعجم
06281100353409,ulker tea biscuit big,Ülker,أولكر,أولكر شاي بسكويت,SA,Biscuits,100,REVIEW_UNKNOWN_TERMS,LOW,big,openfoodfacts,https://world.openfoodfacts.org/product/6281100353409,controlled-lexicon-composition v1 (no free machine translation),مصطلح غير مغطّى بالمعجم
06281105470088,Hobby Chocolate Wafer,ülker,أولكر,أولكر شوكولاتة ويفر,SA,unknown,,REVIEW_UNKNOWN_TERMS,LOW,hobby,openfoodfacts,https://world.openfoodfacts.org/product/6281105470088,controlled-lexicon-composition v1 (no free machine translation),مصطلح غير مغطّى بالمعجم
06281761301337,Okra Crisps,Applewood Signature,,شيبس,SA,unknown,60,REVIEW_UNKNOWN_TERMS,LOW,okra,openfoodfacts,https://world.openfoodfacts.org/product/6281761301337,controlled-lexicon-composition v1 (no free machine translation),مصطلح غير مغطّى بالمعجم
06285536001088,Chocolate Chip Cookie Dough,Golden Brown,,شوكولاتة كوكيز عجينة,SA,unknown,100,REVIEW_UNKNOWN_TERMS,LOW,chip,openfoodfacts,https://world.openfoodfacts.org/product/6285536001088,controlled-lexicon-composition v1 (no free machine translation),مصطلح غير مغطّى بالمعجم
06287001562544,Olives Crackers,Al Hatab Bakery,,زيتون مقرمشات,SA,unknown,100,REVIEW_BRAND_UNMAPPED,LOW,,openfoodfacts,https://world.openfoodfacts.org/product/6287001562544,controlled-lexicon-composition v1 (no free machine translation),علامة بلا مقابل عربي متحقَّق
06287002130100,Kudu Bread White Small,Kudu,,خبز أبيض,SA,unknown,75,REVIEW_UNKNOWN_TERMS,LOW,small,openfoodfacts,https://world.openfoodfacts.org/product/6287002130100,controlled-lexicon-composition v1 (no free machine translation),مصطلح غير مغطّى بالمعجم
06287034430032,Al Reefi Bran Bread,Al Tanour Al Reefi,,خبز,SA,unknown,20,REVIEW_UNKNOWN_TERMS,LOW,al;reefi;bran,openfoodfacts,https://world.openfoodfacts.org/product/6287034430032,controlled-lexicon-composition v1 (no free machine translation),مصطلح غير مغطّى بالمعجم
06290362570394,Organic Du Puy Lentils,ORGANIC LARDER,أورجانيك لاردر,أورجانيك لاردر عضوي عدس,GCC,unknown,45,REVIEW_UNKNOWN_TERMS,LOW,du;puy,openfoodfacts,https://world.openfoodfacts.org/product/6290362570394,controlled-lexicon-composition v1 (no free machine translation),مصطلح غير مغطّى بالمعجم
06291003003165,CREAMS Strawberry,Tiffany,تيفاني,تيفاني فراولة,GCC,Biscuits,30.8,REVIEW_UNKNOWN_TERMS,LOW,creams,openfoodfacts,https://world.openfoodfacts.org/product/6291003003165,controlled-lexicon-composition v1 (no free machine translation),مصطلح غير مغطّى بالمعجم
06291003049323,Mayonnaise,IFFCO Group,,مايونيز,GCC,Groceries,,REVIEW_BRAND_UNMAPPED,LOW,,openfoodfacts,https://world.openfoodfacts.org/product/6291003049323,controlled-lexicon-composition v1 (no free machine translation),علامة بلا مقابل عربي متحقَّق
06291003080197,Spada Chocolate Cream Wafer,Tiffany Spada,تيفاني,تيفاني شوكولاتة قشطة ويفر,GCC,unknown,,REVIEW_UNKNOWN_TERMS,LOW,spada,openfoodfacts,https://world.openfoodfacts.org/product/6291003080197,controlled-lexicon-composition v1 (no free machine translation),مصطلح غير مغطّى بالمعجم
06291003669651,Noor chicken noodle and ginger soup,,,دجاج زنجبيل شوربة,SA,Soups,,REVIEW_UNKNOWN_TERMS,LOW,noor;noodle,openfoodfacts,https://world.openfoodfacts.org/product/6291003669651,controlled-lexicon-composition v1 (no free machine translation),مصطلح غير مغطّى بالمعجم
06291011005014,XL salt and vinegar,,,ملح خل,SA,unknown,,REVIEW_UNKNOWN_TERMS,LOW,xl,openfoodfacts,https://world.openfoodfacts.org/product/6291011005014,controlled-lexicon-composition v1 (no free machine translation),مصطلح غير مغطّى بالمعجم
06291014101317,Salted Peanuts,Best,,مملّح,GCC,unknown,30,REVIEW_UNKNOWN_TERMS,LOW,peanuts,openfoodfacts,https://world.openfoodfacts.org/product/6291014101317,controlled-lexicon-composition v1 (no free machine translation),مصطلح غير مغطّى بالمعجم
06291014116656,dark chocolate,ojaj tamrah,,داكن شوكولاتة,GCC,Chocolates,,REVIEW_BRAND_UNMAPPED,LOW,,openfoodfacts,https://world.openfoodfacts.org/product/6291014116656,controlled-lexicon-composition v1 (no free machine translation),علامة بلا مقابل عربي متحقَّق
06291100603268,Collagen Boost Bar,Be Fit,,كولاجين لوح,GCC,unknown,45,REVIEW_UNKNOWN_TERMS,LOW,boost,openfoodfacts,https://world.openfoodfacts.org/product/6291100603268,controlled-lexicon-composition v1 (no free machine translation),مصطلح غير مغطّى بالمعجم
06291100939640,Pomgrenate Seeds,Barakat,,بذور,GCC,unknown,100,REVIEW_UNKNOWN_TERMS,LOW,pomgrenate,openfoodfacts,https://world.openfoodfacts.org/product/6291100939640,controlled-lexicon-composition v1 (no free machine translation),مصطلح غير مغطّى بالمعجم
06291106441727,Dattes Mabroom,Bayara,,تمر,GCC,Dates,,REVIEW_UNKNOWN_TERMS,LOW,mabroom,openfoodfacts,https://world.openfoodfacts.org/product/6291106441727,controlled-lexicon-composition v1 (no free machine translation),مصطلح غير مغطّى بالمعجم
06291106450002,Toast Bread,Yaum,,توست خبز,GCC,unknown,,REVIEW_BRAND_UNMAPPED,LOW,,openfoodfacts,https://world.openfoodfacts.org/product/6291106450002,controlled-lexicon-composition v1 (no free machine translation),علامة بلا مقابل عربي متحقَّق
06291106890167,roasted beef,ALMASA,,محمّص لحم بقري,GCC,unknown,56,REVIEW_BRAND_UNMAPPED,LOW,,openfoodfacts,https://world.openfoodfacts.org/product/6291106890167,controlled-lexicon-composition v1 (no free machine translation),علامة بلا مقابل عربي متحقَّق
06291107050362,Fresh Yoghurt (Full Fat) (Discontinued),Baladna,بلدنا,بلدنا كامل الدسم طازج زبادي,GCC,Dairy by-products,,REVIEW_UNKNOWN_TERMS,LOW,discontinued,openfoodfacts,https://world.openfoodfacts.org/product/6291107050362,controlled-lexicon-composition v1 (no free machine translation),مصطلح غير مغطّى بالمعجم
06291107387772,Khidri Dates,Jomara,جمارة,جمارة تمر,GCC,Whole dates,,REVIEW_UNKNOWN_TERMS,LOW,khidri,openfoodfacts,https://world.openfoodfacts.org/product/6291107387772,controlled-lexicon-composition v1 (no free machine translation),مصطلح غير مغطّى بالمعجم
06291107835815,Whole Wheat Chapati,Soorya,,قمح,GCC,fr:pains-chapati,100,REVIEW_UNKNOWN_TERMS,LOW,whole;chapati,openfoodfacts,https://world.openfoodfacts.org/product/6291107835815,controlled-lexicon-composition v1 (no free machine translation),مصطلح غير مغطّى بالمعجم
06294017513781,Pangasius Fish Fingers Breaded,MariNova,,سمك مقرمش بالبقسماط,GCC,unknown,,REVIEW_UNKNOWN_TERMS,LOW,pangasius;fingers,openfoodfacts,https://world.openfoodfacts.org/product/6294017513781,controlled-lexicon-composition v1 (no free machine translation),مصطلح غير مغطّى بالمعجم
06297000361048,Al Barakah Dates 500G,Al Barakah,,تمر,GCC,unknown,,REVIEW_BRAND_UNMAPPED,LOW,,openfoodfacts,https://world.openfoodfacts.org/product/6297000361048,controlled-lexicon-composition v1 (no free machine translation),علامة بلا مقابل عربي متحقَّق
06297000827629,Heart Beet Juice,Essentially Juices By Bustanica,,عصير,GCC,unknown,500,REVIEW_UNKNOWN_TERMS,LOW,heart;beet,openfoodfacts,https://world.openfoodfacts.org/product/6297000827629,controlled-lexicon-composition v1 (no free machine translation),مصطلح غير مغطّى بالمعجم
06297001135082,Fresh Milk - Low Fat,Hayatna,,حليب طازج قليل الدسم,GCC,unknown,100,REVIEW_BRAND_UNMAPPED,LOW,,openfoodfacts,https://world.openfoodfacts.org/product/6297001135082,controlled-lexicon-composition v1 (no free machine translation),علامة بلا مقابل عربي متحقَّق
06299200051064,Zinger Chicken Strips,D’pollo,,دجاج ستربس,GCC,unknown,,REVIEW_UNKNOWN_TERMS,LOW,zinger,openfoodfacts,https://world.openfoodfacts.org/product/6299200051064,controlled-lexicon-composition v1 (no free machine translation),مصطلح غير مغطّى بالمعجم
06299200059268,Pizza Margherita,Giovanni,,بيتزا,GCC,unknown,100,REVIEW_UNKNOWN_TERMS,LOW,margherita,openfoodfacts,https://world.openfoodfacts.org/product/6299200059268,controlled-lexicon-composition v1 (no free machine translation),مصطلح غير مغطّى بالمعجم
06303300303807,Saumon marine,,,,GCC,Salmon sandwiches,,REVIEW_UNKNOWN_TERMS,LOW,saumon;marine,openfoodfacts,https://world.openfoodfacts.org/product/6303300303807,controlled-lexicon-composition v1 (no free machine translation),مصطلح غير مغطّى بالمعجم
06319661131362,PROTEIN CRACKERS (CHEESE OR NO CHEESE),VIVA,,بروتين مقرمشات جبن خالي من جبن,GCC,unknown,175,REVIEW_UNKNOWN_TERMS,LOW,or,openfoodfacts,https://world.openfoodfacts.org/product/6319661131362,controlled-lexicon-composition v1 (no free machine translation),مصطلح غير مغطّى بالمعجم
08410076600448,Nature valley crunchy oats and berries,Nature Valley,,مقرمش شوفان توت,GCC,Fruits cereal bars,42,REVIEW_BRAND_UNMAPPED,LOW,,openfoodfacts,https://world.openfoodfacts.org/product/8410076600448,controlled-lexicon-composition v1 (no free machine translation),علامة بلا مقابل عربي متحقَّق
08410076601872,Nature valley crunchy singles oats and dark chocolate,,,طبيعي مقرمش شوفان داكن شوكولاتة,SA,unknown,21,REVIEW_UNKNOWN_TERMS,LOW,valley;singles,openfoodfacts,https://world.openfoodfacts.org/product/8410076601872,controlled-lexicon-composition v1 (no free machine translation),مصطلح غير مغطّى بالمعجم
08410076602176,Nature valley crunchy dipped salted caramel,,,طبيعي مقرمش مملّح كراميل,GCC,unknown,20,REVIEW_UNKNOWN_TERMS,LOW,valley;dipped,openfoodfacts,https://world.openfoodfacts.org/product/8410076602176,controlled-lexicon-composition v1 (no free machine translation),مصطلح غير مغطّى بالمعجم
08683130050071,Mustard Sauce,Hellmann's,,مسطردة صلصة,GCC,unknown,15,REVIEW_BRAND_UNMAPPED,LOW,,openfoodfacts,https://world.openfoodfacts.org/product/8683130050071,controlled-lexicon-composition v1 (no free machine translation),علامة بلا مقابل عربي متحقَّق
08690504153849,Milk Chocolate Hazelnut Oyster,,,حليب شوكولاتة بندق,GCC,unknown,,REVIEW_UNKNOWN_TERMS,LOW,oyster,openfoodfacts,https://world.openfoodfacts.org/product/8690504153849,controlled-lexicon-composition v1 (no free machine translation),مصطلح غير مغطّى بالمعجم
08716200675024,Rainbow milk,Rainbow,,حليب,SA,unknown,100,REVIEW_BRAND_UNMAPPED,LOW,,openfoodfacts,https://world.openfoodfacts.org/product/8716200675024,controlled-lexicon-composition v1 (no free machine translation),علامة بلا مقابل عربي متحقَّق
08852707102042,Geisha light meat,,,لايت لحم,SA,unknown,,REVIEW_UNKNOWN_TERMS,LOW,geisha,openfoodfacts,https://world.openfoodfacts.org/product/8852707102042,controlled-lexicon-composition v1 (no free machine translation),مصطلح غير مغطّى بالمعجم
08906020580190,Tomato Chutney,iD,,طماطم,GCC,Tomato chutneys,30,REVIEW_UNKNOWN_TERMS,LOW,chutney,openfoodfacts,https://world.openfoodfacts.org/product/8906020580190,controlled-lexicon-composition v1 (no free machine translation),مصطلح غير مغطّى بالمعجم
09281446247506,Cheetos twisted,,تشيتوس,تشيتوس,SA,Chips,,REVIEW_UNKNOWN_TERMS,LOW,twisted,openfoodfacts,https://world.openfoodfacts.org/product/9281446247506,controlled-lexicon-composition v1 (no free machine translation),مصطلح غير مغطّى بالمعجم
09504000171292,Delice Jelly Strawberry,Raw'a,,جيلي فراولة,GCC,Fruit jellies,100,REVIEW_UNKNOWN_TERMS,LOW,delice,openfoodfacts,https://world.openfoodfacts.org/product/9504000171292,controlled-lexicon-composition v1 (no free machine translation),مصطلح غير مغطّى بالمعجم
00627987347364,Tofu soyeux - Soykei,Soykei,,,GCC,unknown,85,REVIEW_UNKNOWN_TERMS,LOW,tofu;soyeux,openfoodfacts,https://world.openfoodfacts.org/product/0627987347364,controlled-lexicon-composition v1 (no free machine translation),مصطلح غير مغطّى بالمعجم
00628456832916,Sliced Pepperoni,Mikes,,شرائح,SA,unknown,55,REVIEW_UNKNOWN_TERMS,LOW,pepperoni,openfoodfacts,https://world.openfoodfacts.org/product/0628456832916,controlled-lexicon-composition v1 (no free machine translation),مصطلح غير مغطّى بالمعجم
00628619880983,Apple Blueberry Crisp,Baby Gourmet,,تفاح توت أزرق,SA,Baby foods,113,REVIEW_UNKNOWN_TERMS,LOW,crisp,openfoodfacts,https://world.openfoodfacts.org/product/0628619880983,controlled-lexicon-composition v1 (no free machine translation),مصطلح غير مغطّى بالمعجم
00789232169029,Lenin and chili flavored chips,Alaa,,شطة بنكهة شيبس,GCC,unknown,18,REVIEW_UNKNOWN_TERMS,LOW,lenin,openfoodfacts,https://world.openfoodfacts.org/product/0789232169029,controlled-lexicon-composition v1 (no free machine translation),مصطلح غير مغطّى بالمعجم
00804859303295,High Protein Chocolate Ice Cream Sandwich,Light Whey,,عالي البروتين آيس كريم شوكولاتة ساندويتش,GCC,unknown,80,REVIEW_BRAND_UNMAPPED,LOW,,openfoodfacts,https://world.openfoodfacts.org/product/0804859303295,controlled-lexicon-composition v1 (no free machine translation),علامة بلا مقابل عربي متحقَّق
00818094006965,Rockstar energy drink original,Pepsi,بيبسي,بيبسي طاقة شراب أصلي,SA,unknown,,REVIEW_UNKNOWN_TERMS,LOW,rockstar,openfoodfacts,https://world.openfoodfacts.org/product/0818094006965,controlled-lexicon-composition v1 (no free machine translation),مصطلح غير مغطّى بالمعجم
00850024069411,Cocoa Protein Oats imp,Avelina,,كاكاو بروتين شوفان,SA,unknown,,REVIEW_UNKNOWN_TERMS,LOW,imp,openfoodfacts,https://world.openfoodfacts.org/product/0850024069411,controlled-lexicon-composition v1 (no free machine translation),مصطلح غير مغطّى بالمعجم
00857254000245,Ultimate muscle protein,BEVERLY INTERNATIONAL,,بروتين,GCC,Protein powders,33,REVIEW_UNKNOWN_TERMS,LOW,ultimate;muscle,openfoodfacts,https://world.openfoodfacts.org/product/0857254000245,controlled-lexicon-composition v1 (no free machine translation),مصطلح غير مغطّى بالمعجم
00898220012145,Organic Cacao powder,California gold nutrition,,عضوي بودرة,GCC,unknown,15,REVIEW_UNKNOWN_TERMS,LOW,cacao,openfoodfacts,https://world.openfoodfacts.org/product/0898220012145,controlled-lexicon-composition v1 (no free machine translation),مصطلح غير مغطّى بالمعجم
01552421020048,Smoked Rainbow Trout Slices,Fishko,,مدخّن شرائح,GCC,unknown,100,REVIEW_UNKNOWN_TERMS,LOW,rainbow;trout,openfoodfacts,https://world.openfoodfacts.org/product/1552421020048,controlled-lexicon-composition v1 (no free machine translation),مصطلح غير مغطّى بالمعجم
03077310053276,french pantry Dijon mustard,French Pantry,,مسطردة,GCC,unknown,25,REVIEW_UNKNOWN_TERMS,LOW,dijon,openfoodfacts,https://world.openfoodfacts.org/product/3077310053276,controlled-lexicon-composition v1 (no free machine translation),مصطلح غير مغطّى بالمعجم
04771085204855,Organic Milk,Auga,,عضوي حليب,GCC,Organic-milk,,REVIEW_BRAND_UNMAPPED,LOW,,openfoodfacts,https://world.openfoodfacts.org/product/4771085204855,controlled-lexicon-composition v1 (no free machine translation),علامة بلا مقابل عربي متحقَّق
04902471046456,vitaene,pokka,,,GCC,Vitamins,,REVIEW_UNKNOWN_TERMS,LOW,vitaene,openfoodfacts,https://world.openfoodfacts.org/product/4902471046456,controlled-lexicon-composition v1 (no free machine translation),مصطلح غير مغطّى بالمعجم
05000318004511,Greens white oats quick cooking,,,أبيض شوفان طبخ,SA,Oat,40,REVIEW_UNKNOWN_TERMS,LOW,greens;quick,openfoodfacts,https://world.openfoodfacts.org/product/5000318004511,controlled-lexicon-composition v1 (no free machine translation),مصطلح غير مغطّى بالمعجم
05010238297115,Fruit Pastilles,Rowntree's,,فواكه,GCC,Ice pops,66.5,REVIEW_UNKNOWN_TERMS,LOW,pastilles,openfoodfacts,https://world.openfoodfacts.org/product/5010238297115,controlled-lexicon-composition v1 (no free machine translation),مصطلح غير مغطّى بالمعجم
05053827188876,Original Cereali Integrali,W. K. Kellogg,,أصلي,GCC,Extruded cereals,,REVIEW_UNKNOWN_TERMS,LOW,cereali;integrali,openfoodfacts,https://world.openfoodfacts.org/product/5053827188876,controlled-lexicon-composition v1 (no free machine translation),مصطلح غير مغطّى بالمعجم
05060337220118,Honey & ginger kefir,biotiful,,عسل زنجبيل كفير,GCC,Kefir,250,REVIEW_BRAND_UNMAPPED,LOW,,openfoodfacts,https://world.openfoodfacts.org/product/5060337220118,controlled-lexicon-composition v1 (no free machine translation),علامة بلا مقابل عربي متحقَّق
05060834810546,Keto Jam,Be Keto Kitchen,,كيتو مربى,SA,unknown,25,REVIEW_BRAND_UNMAPPED,LOW,,openfoodfacts,https://world.openfoodfacts.org/product/5060834810546,controlled-lexicon-composition v1 (no free machine translation),علامة بلا مقابل عربي متحقَّق
05391522476233,Advance Kid 4 (Vanilla),Aptamil,,فانيلا,GCC,unknown,100,REVIEW_UNKNOWN_TERMS,LOW,advance;kid,openfoodfacts,https://world.openfoodfacts.org/product/5391522476233,controlled-lexicon-composition v1 (no free machine translation),مصطلح غير مغطّى بالمعجم
05701397301330,Kettle Cooked Chips,OK snacks a/s,,مطبوخ شيبس,GCC,Potato crisps in sunflower oil,30,REVIEW_UNKNOWN_TERMS,LOW,kettle,openfoodfacts,https://world.openfoodfacts.org/product/5701397301330,controlled-lexicon-composition v1 (no free machine translation),مصطلح غير مغطّى بالمعجم
05711953207129,Strawberry & Raspberry Flavoured Protein Milk,Arla,,فراولة توت أحمر بنكهة بروتين حليب,SA,Protein-milk,225,REVIEW_BRAND_UNMAPPED,LOW,,openfoodfacts,https://world.openfoodfacts.org/product/5711953207129,controlled-lexicon-composition v1 (no free machine translation),علامة بلا مقابل عربي متحقَّق
05903246877151,Protein balls,feel FIT,,بروتين,SA,unknown,,REVIEW_UNKNOWN_TERMS,LOW,balls,openfoodfacts,https://world.openfoodfacts.org/product/5903246877151,controlled-lexicon-composition v1 (no free machine translation),مصطلح غير مغطّى بالمعجم
06079824313188,Coquillettes sans gluten,,,,GCC,unknown,,REVIEW_UNKNOWN_TERMS,LOW,coquillettes;sans;gluten,openfoodfacts,https://world.openfoodfacts.org/product/6079824313188,controlled-lexicon-composition v1 (no free machine translation),مصطلح غير مغطّى بالمعجم
06221134014891,Galaxy minis caramel,,جالاكسي,جالاكسي كراميل,GCC,unknown,,REVIEW_UNKNOWN_TERMS,LOW,minis,openfoodfacts,https://world.openfoodfacts.org/product/6221134014891,controlled-lexicon-composition v1 (no free machine translation),مصطلح غير مغطّى بالمعجم
06223006711884,Kelloggs instant noodles hot creamy chicken flavor,,,سريع التحضير نودلز حار كريمي دجاج نكهة,SA,Noodles,,REVIEW_UNKNOWN_TERMS,LOW,kelloggs,openfoodfacts,https://world.openfoodfacts.org/product/6223006711884,controlled-lexicon-composition v1 (no free machine translation),مصطلح غير مغطّى بالمعجم
06253808660653,Vanilla Mini Muffins,Qbake,كيو بيك,كيو بيك فانيلا ميني,GCC,unknown,100,REVIEW_UNKNOWN_TERMS,LOW,muffins,openfoodfacts,https://world.openfoodfacts.org/product/6253808660653,controlled-lexicon-composition v1 (no free machine translation),مصطلح غير مغطّى بالمعجم
06274021043009,Pistolets,,,,GCC,unknown,,REVIEW_UNKNOWN_TERMS,LOW,pistolets,openfoodfacts,https://world.openfoodfacts.org/product/6274021043009,controlled-lexicon-composition v1 (no free machine translation),مصطلح غير مغطّى بالمعجم
06279000004033,Lotus Protein Bites,RYCH,,بروتين قطع,GCC,unknown,19,REVIEW_UNKNOWN_TERMS,LOW,lotus,openfoodfacts,https://world.openfoodfacts.org/product/6279000004033,controlled-lexicon-composition v1 (no free machine translation),مصطلح غير مغطّى بالمعجم
06281014174510,Alfredo Pasta sauce,Goody,قودي,قودي معكرونة صلصة,SA,unknown,100,REVIEW_UNKNOWN_TERMS,LOW,alfredo,openfoodfacts,https://world.openfoodfacts.org/product/6281014174510,controlled-lexicon-composition v1 (no free machine translation),مصطلح غير مغطّى بالمعجم
06281014304078,Treva mushrooms pieces and stems,,,فطر قطع,SA,unknown,,REVIEW_UNKNOWN_TERMS,LOW,treva;stems,openfoodfacts,https://world.openfoodfacts.org/product/6281014304078,controlled-lexicon-composition v1 (no free machine translation),مصطلح غير مغطّى بالمعجم
06281016758152,Biscuits faits avec une garniture riche en dattes,,,بسكويت تمر,SA,unknown,,REVIEW_UNKNOWN_TERMS,LOW,faits;avec;une;garniture;riche;en,openfoodfacts,https://world.openfoodfacts.org/product/6281016758152,controlled-lexicon-composition v1 (no free machine translation),مصطلح غير مغطّى بالمعجم
06281020301139,Luna processed cream cheese analogue,,لونا,لونا قشطة جبن,SA,unknown,500,REVIEW_UNKNOWN_TERMS,LOW,processed;analogue,openfoodfacts,https://world.openfoodfacts.org/product/6281020301139,controlled-lexicon-composition v1 (no free machine translation),مصطلح غير مغطّى بالمعجم
06281026121274,Alrabie banana flavored milk,,,موز بنكهة حليب,SA,unknown,,REVIEW_UNKNOWN_TERMS,LOW,alrabie,openfoodfacts,https://world.openfoodfacts.org/product/6281026121274,controlled-lexicon-composition v1 (no free machine translation),مصطلح غير مغطّى بالمعجم
06281026175666,Al Rabie Mixed Fruit Kiwi & Lime,al rabie,الربيع,الربيع مشكل فواكه ليمون أخضر,SA,unknown,,REVIEW_UNKNOWN_TERMS,LOW,kiwi,openfoodfacts,https://world.openfoodfacts.org/product/6281026175666,controlled-lexicon-composition v1 (no free machine translation),مصطلح غير مغطّى بالمعجم
06281048109625,Puck 24 Square Portions,Puck,بوك,بوك,SA,Cheeses,100,REVIEW_UNKNOWN_TERMS,LOW,square;portions,openfoodfacts,https://world.openfoodfacts.org/product/6281048109625,controlled-lexicon-composition v1 (no free machine translation),مصطلح غير مغطّى بالمعجم
06281050130518,Zingz Chicken Breast Fillet,Americana,أمريكانا,أمريكانا دجاج صدر فيليه,GCC,unknown,700,REVIEW_UNKNOWN_TERMS,LOW,zingz,openfoodfacts,https://world.openfoodfacts.org/product/6281050130518,controlled-lexicon-composition v1 (no free machine translation),مصطلح غير مغطّى بالمعجم
06281063882718,teriyaki sauce,freshly,فريشلي,فريشلي صلصة,SA,Groceries,15,REVIEW_UNKNOWN_TERMS,LOW,teriyaki,openfoodfacts,https://world.openfoodfacts.org/product/6281063882718,controlled-lexicon-composition v1 (no free machine translation),مصطلح غير مغطّى بالمعجم
06281100401438,Maamoul With Wheat Flour,Raghd,,معمول قمح دقيق,SA,unknown,100,REVIEW_BRAND_UNMAPPED,LOW,,openfoodfacts,https://world.openfoodfacts.org/product/6281100401438,controlled-lexicon-composition v1 (no free machine translation),علامة بلا مقابل عربي متحقَّق
06285602000588,Deemah ranch,,ديمة,ديمة,SA,Chips,,REVIEW_UNKNOWN_TERMS,LOW,ranch,openfoodfacts,https://world.openfoodfacts.org/product/6285602000588,controlled-lexicon-composition v1 (no free machine translation),مصطلح غير مغطّى بالمعجم
06285835001543,Galaxy minis hazelnut,,جالاكسي,جالاكسي بندق,SA,unknown,,REVIEW_UNKNOWN_TERMS,LOW,minis,openfoodfacts,https://world.openfoodfacts.org/product/6285835001543,controlled-lexicon-composition v1 (no free machine translation),مصطلح غير مغطّى بالمعجم
06287000650013,Freshco tuna light meat tuna in sunflower oil,,,زيت دوار الشمس تونة لايت لحم تونة,SA,Canned tunas,,REVIEW_UNKNOWN_TERMS,LOW,freshco,openfoodfacts,https://world.openfoodfacts.org/product/6287000650013,controlled-lexicon-composition v1 (no free machine translation),مصطلح غير مغطّى بالمعجم
06287001563619,MINI WHITE ARABIC BREAD,Alhatab,,ميني أبيض عربي خبز,SA,unknown,100,REVIEW_BRAND_UNMAPPED,LOW,,openfoodfacts,https://world.openfoodfacts.org/product/6287001563619,controlled-lexicon-composition v1 (no free machine translation),علامة بلا مقابل عربي متحقَّق
06287004590100,Barazeq,,,,SA,unknown,,REVIEW_UNKNOWN_TERMS,LOW,barazeq,openfoodfacts,https://world.openfoodfacts.org/product/6287004590100,controlled-lexicon-composition v1 (no free machine translation),مصطلح غير مغطّى بالمعجم
06287006940774,Kitco bites cheese balls cheese flavor,,كيتكو,كيتكو قطع جبن جبن نكهة,SA,Chips,,REVIEW_UNKNOWN_TERMS,LOW,balls,openfoodfacts,https://world.openfoodfacts.org/product/6287006940774,controlled-lexicon-composition v1 (no free machine translation),مصطلح غير مغطّى بالمعجم
06287008171879,Carmel Fudge,Snakeez,,فدج,SA,unknown,36,REVIEW_UNKNOWN_TERMS,LOW,carmel,openfoodfacts,https://world.openfoodfacts.org/product/6287008171879,controlled-lexicon-composition v1 (no free machine translation),مصطلح غير مغطّى بالمعجم
06287039530027,Brown Bread,Alkhabbaz,,بني خبز,SA,unknown,100,REVIEW_BRAND_UNMAPPED,LOW,,openfoodfacts,https://world.openfoodfacts.org/product/6287039530027,controlled-lexicon-composition v1 (no free machine translation),علامة بلا مقابل عربي متحقَّق
06287042130801,Victoria halawa with pistachio,,,حلاوة فستق,SA,Baking-ingredients,,REVIEW_UNKNOWN_TERMS,LOW,victoria,openfoodfacts,https://world.openfoodfacts.org/product/6287042130801,controlled-lexicon-composition v1 (no free machine translation),مصطلح غير مغطّى بالمعجم
06291003004773,Tiffany Sugar Free Oatmeal Cookies,Tiffany,تيفاني,تيفاني خالي السكر كوكيز,GCC,unknown,,REVIEW_UNKNOWN_TERMS,LOW,oatmeal,openfoodfacts,https://world.openfoodfacts.org/product/6291003004773,controlled-lexicon-composition v1 (no free machine translation),مصطلح غير مغطّى بالمعجم
06291007907872,Good Day,Britannia,بريتانيا,بريتانيا,GCC,unknown,100,REVIEW_UNKNOWN_TERMS,LOW,good;day,openfoodfacts,https://world.openfoodfacts.org/product/6291007907872,controlled-lexicon-composition v1 (no free machine translation),مصطلح غير مغطّى بالمعجم
06291011008183,XL extreme creamy cheddar,,,كريمي شيدر,SA,Chips,,REVIEW_UNKNOWN_TERMS,LOW,xl;extreme,openfoodfacts,https://world.openfoodfacts.org/product/6291011008183,controlled-lexicon-composition v1 (no free machine translation),مصطلح غير مغطّى بالمعجم
06291011008244,XL spiral firey cheese,,,جبن,SA,Chips,,REVIEW_UNKNOWN_TERMS,LOW,xl;spiral;firey,openfoodfacts,https://world.openfoodfacts.org/product/6291011008244,controlled-lexicon-composition v1 (no free machine translation),مصطلح غير مغطّى بالمعجم
06291011054876,Arabian Delights Apricot,,,عربي مشمش,GCC,unknown,,REVIEW_UNKNOWN_TERMS,LOW,delights,openfoodfacts,https://world.openfoodfacts.org/product/6291011054876,controlled-lexicon-composition v1 (no free machine translation),مصطلح غير مغطّى بالمعجم
06291023139905,Olive Oil,Pomace Oil,,زيت زيتون,GCC,unknown,100,REVIEW_BRAND_UNMAPPED,LOW,,openfoodfacts,https://world.openfoodfacts.org/product/6291023139905,controlled-lexicon-composition v1 (no free machine translation),علامة بلا مقابل عربي متحقَّق
06291079226109,Spanish sliced green olives,Farm Fresh,فارم فريش,فارم فريش شرائح أخضر زيتون,GCC,unknown,100,REVIEW_UNKNOWN_TERMS,LOW,spanish,openfoodfacts,https://world.openfoodfacts.org/product/6291079226109,controlled-lexicon-composition v1 (no free machine translation),مصطلح غير مغطّى بالمعجم
06291101130961,Raspberry tea,alokozay,,توت أحمر شاي,GCC,unknown,,REVIEW_BRAND_UNMAPPED,LOW,,openfoodfacts,https://world.openfoodfacts.org/product/6291101130961,controlled-lexicon-composition v1 (no free machine translation),علامة بلا مقابل عربي متحقَّق
06291103150202,Paratha vegetal,,,,GCC,Paratha,,REVIEW_UNKNOWN_TERMS,LOW,paratha;vegetal,openfoodfacts,https://world.openfoodfacts.org/product/6291103150202,controlled-lexicon-composition v1 (no free machine translation),مصطلح غير مغطّى بالمعجم
06291103151223,Garlic Naan,,,ثوم,GCC,Naans,,REVIEW_UNKNOWN_TERMS,LOW,naan,openfoodfacts,https://world.openfoodfacts.org/product/6291103151223,controlled-lexicon-composition v1 (no free machine translation),مصطلح غير مغطّى بالمعجم
06291105151887,Coconut water,Vita Coco,,جوز الهند ماء,GCC,Coconut waters,,REVIEW_BRAND_UNMAPPED,LOW,,openfoodfacts,https://world.openfoodfacts.org/product/6291105151887,controlled-lexicon-composition v1 (no free machine translation),علامة بلا مقابل عربي متحقَّق
06291105810098,Mixed berries fruit yoghurt with real fruit pieces,,,مشكل توت فواكه زبادي فواكه قطع,GCC,unknown,,REVIEW_UNKNOWN_TERMS,LOW,real,openfoodfacts,https://world.openfoodfacts.org/product/6291105810098,controlled-lexicon-composition v1 (no free machine translation),مصطلح غير مغطّى بالمعجم
06291106534924,Emirates Dates (Khalas),,,تمر,GCC,unknown,,REVIEW_UNKNOWN_TERMS,LOW,emirates;khalas,openfoodfacts,https://world.openfoodfacts.org/product/6291106534924,controlled-lexicon-composition v1 (no free machine translation),مصطلح غير مغطّى بالمعجم
06291108497753,Organic Protein - an naturals,Aitnaturals,,عضوي بروتين,GCC,unknown,39,REVIEW_UNKNOWN_TERMS,LOW,an;naturals,openfoodfacts,https://world.openfoodfacts.org/product/6291108497753,controlled-lexicon-composition v1 (no free machine translation),مصطلح غير مغطّى بالمعجم
06294003599034,KitKat Senses Hazelnut Crunch,KitKat,كيت كات,كيت كات بندق مقرمش,GCC,unknown,,REVIEW_UNKNOWN_TERMS,LOW,senses,openfoodfacts,https://world.openfoodfacts.org/product/6294003599034,controlled-lexicon-composition v1 (no free machine translation),مصطلح غير مغطّى بالمعجم
06294017116937,Maggi chicken noodle soup,Maggi,ماجي,ماجي دجاج شوربة,GCC,Soups,100,REVIEW_UNKNOWN_TERMS,LOW,noodle,openfoodfacts,https://world.openfoodfacts.org/product/6294017116937,controlled-lexicon-composition v1 (no free machine translation),مصطلح غير مغطّى بالمعجم
06294017121542,Maggi broccoli soup,,ماجي,ماجي شوربة,GCC,unknown,48,REVIEW_UNKNOWN_TERMS,LOW,broccoli,openfoodfacts,https://world.openfoodfacts.org/product/6294017121542,controlled-lexicon-composition v1 (no free machine translation),مصطلح غير مغطّى بالمعجم
06297000756974,Marsh Mallows,,,,GCC,Marshmallows,,REVIEW_UNKNOWN_TERMS,LOW,marsh;mallows,openfoodfacts,https://world.openfoodfacts.org/product/6297000756974,controlled-lexicon-composition v1 (no free machine translation),مصطلح غير مغطّى بالمعجم
06297001393543,Switch Plant-based Chicken Tenders,Switch foods,,نباتي دجاج,GCC,Plant-based foods,120,REVIEW_UNKNOWN_TERMS,LOW,switch;based;tenders,openfoodfacts,https://world.openfoodfacts.org/product/6297001393543,controlled-lexicon-composition v1 (no free machine translation),مصطلح غير مغطّى بالمعجم
06300619004760,Mantequilla de Maní,Terranut,,,GCC,Untables-vegetales,35,REVIEW_UNKNOWN_TERMS,LOW,mantequilla;man,openfoodfacts,https://world.openfoodfacts.org/product/6300619004760,controlled-lexicon-composition v1 (no free machine translation),مصطلح غير مغطّى بالمعجم
06306062382950,Pizza speck Ammazza,Cajoo,,بيتزا,GCC,unknown,370,REVIEW_UNKNOWN_TERMS,LOW,speck;ammazza,openfoodfacts,https://world.openfoodfacts.org/product/6306062382950,controlled-lexicon-composition v1 (no free machine translation),مصطلح غير مغطّى بالمعجم
06925678112272,Hand-Torn Crab Sticks,Golden Mill,,سلطعون أصابع,GCC,unknown,100,REVIEW_UNKNOWN_TERMS,LOW,hand;torn,openfoodfacts,https://world.openfoodfacts.org/product/6925678112272,controlled-lexicon-composition v1 (no free machine translation),مصطلح غير مغطّى بالمعجم
07350137580009,Protein Drink,Amini,,بروتين شراب,GCC,unknown,330,REVIEW_BRAND_UNMAPPED,LOW,,openfoodfacts,https://world.openfoodfacts.org/product/7350137580009,controlled-lexicon-composition v1 (no free machine translation),علامة بلا مقابل عربي متحقَّق
07613287248831,Nestle nesquik cereal,,نستله,نستله حبوب إفطار,SA,unknown,30,REVIEW_UNKNOWN_TERMS,LOW,nesquik,openfoodfacts,https://world.openfoodfacts.org/product/7613287248831,controlled-lexicon-composition v1 (no free machine translation),مصطلح غير مغطّى بالمعجم
08000380156573,Loacker collection,Loacker,لواكر,لواكر,SA,unknown,100,REVIEW_UNKNOWN_TERMS,LOW,collection,openfoodfacts,https://world.openfoodfacts.org/product/8000380156573,controlled-lexicon-composition v1 (no free machine translation),مصطلح غير مغطّى بالمعجم
08005709400016,ARMANOO CAPELLINI,,,,SA,unknown,,REVIEW_UNKNOWN_TERMS,LOW,armanoo;capellini,openfoodfacts,https://world.openfoodfacts.org/product/8005709400016,controlled-lexicon-composition v1 (no free machine translation),مصطلح غير مغطّى بالمعجم
08437024935384,Rahma organic extra virgin olive oil,,,زيت زيتون عضوي إكسترا,SA,Oil-spray,,REVIEW_UNKNOWN_TERMS,LOW,rahma;virgin,openfoodfacts,https://world.openfoodfacts.org/product/8437024935384,controlled-lexicon-composition v1 (no free machine translation),مصطلح غير مغطّى بالمعجم
08850781707290,Chinese Noodles,Thai Heritage,,نودلز,GCC,unknown,100,REVIEW_UNKNOWN_TERMS,LOW,chinese,openfoodfacts,https://world.openfoodfacts.org/product/8850781707290,controlled-lexicon-composition v1 (no free machine translation),مصطلح غير مغطّى بالمعجم
08851978800329,Thai sweet chilli sauce,Thai Choice,,حلو شطة صلصة,GCC,unknown,,REVIEW_UNKNOWN_TERMS,LOW,thai,openfoodfacts,https://world.openfoodfacts.org/product/8851978800329,controlled-lexicon-composition v1 (no free machine translation),مصطلح غير مغطّى بالمعجم
08941128007743,Royal tiger,Globe,,,GCC,Beers,250,REVIEW_UNKNOWN_TERMS,LOW,royal;tiger,openfoodfacts,https://world.openfoodfacts.org/product/8941128007743,controlled-lexicon-composition v1 (no free machine translation),مصطلح غير مغطّى بالمعجم
09008700120364,Rauch phenomenal peach drink,,,خوخ شراب,SA,unknown,,REVIEW_UNKNOWN_TERMS,LOW,rauch;phenomenal,openfoodfacts,https://world.openfoodfacts.org/product/9008700120364,controlled-lexicon-composition v1 (no free machine translation),مصطلح غير مغطّى بالمعجم
09009301000376,Original slices processed cheese analogue,,,جبن مطبوخ أصلي شرائح,SA,unknown,,REVIEW_UNKNOWN_TERMS,LOW,analogue,openfoodfacts,https://world.openfoodfacts.org/product/9009301000376,controlled-lexicon-composition v1 (no free machine translation),مصطلح غير مغطّى بالمعجم
09501033113015,Tomato paste,Al Mudhish,,طماطم معجون,GCC,Tomato pastes,,REVIEW_BRAND_UNMAPPED,LOW,,openfoodfacts,https://world.openfoodfacts.org/product/9501033113015,controlled-lexicon-composition v1 (no free machine translation),علامة بلا مقابل عربي متحقَّق
09504000172176,Yogurt,Raw'a,,زبادي,GCC,Flavoured yogurts,,REVIEW_BRAND_UNMAPPED,LOW,,openfoodfacts,https://world.openfoodfacts.org/product/9504000172176,controlled-lexicon-composition v1 (no free machine translation),علامة بلا مقابل عربي متحقَّق
00000029570430,Guacamole,Spinneys Food,سبينيس,سبينيس,GCC,unknown,100,REVIEW_UNKNOWN_TERMS,LOW,guacamole,openfoodfacts,https://world.openfoodfacts.org/product/29570430,controlled-lexicon-composition v1 (no free machine translation),مصطلح غير مغطّى بالمعجم
00000040678498,Holsten mojito flavor,Holsten,,نكهة,SA,unknown,,REVIEW_UNKNOWN_TERMS,LOW,mojito,openfoodfacts,https://world.openfoodfacts.org/product/40678498,controlled-lexicon-composition v1 (no free machine translation),مصطلح غير مغطّى بالمعجم
00011359640106,12 taco shells,Cantina,,,SA,unknown,12.5,REVIEW_UNKNOWN_TERMS,LOW,taco;shells,openfoodfacts,https://world.openfoodfacts.org/product/0011359640106,controlled-lexicon-composition v1 (no free machine translation),مصطلح غير مغطّى بالمعجم
00012000804526,Miranda citrus,,,حمضيات,GCC,Carbonated soft drinks without fruit juice with sugar,330,REVIEW_UNKNOWN_TERMS,LOW,miranda,openfoodfacts,https://world.openfoodfacts.org/product/0012000804526,controlled-lexicon-composition v1 (no free machine translation),مصطلح غير مغطّى بالمعجم
00064579330791,100% Natural Organic Coconut Water,Rubicon,,طبيعي عضوي جوز الهند ماء,GCC,Coconut waters,,REVIEW_BRAND_UNMAPPED,LOW,,openfoodfacts,https://world.openfoodfacts.org/product/0064579330791,controlled-lexicon-composition v1 (no free machine translation),علامة بلا مقابل عربي متحقَّق
00072810272250,Ligo potato chips cheese flavor,,,بطاطس شيبس جبن نكهة,SA,Chips,,REVIEW_UNKNOWN_TERMS,LOW,ligo,openfoodfacts,https://world.openfoodfacts.org/product/0072810272250,controlled-lexicon-composition v1 (no free machine translation),مصطلح غير مغطّى بالمعجم
00709993313073,dried figs,,,مجفّف,GCC,Dried figs,,REVIEW_UNKNOWN_TERMS,LOW,figs,openfoodfacts,https://world.openfoodfacts.org/product/0709993313073,controlled-lexicon-composition v1 (no free machine translation),مصطلح غير مغطّى بالمعجم
00725765691972,Healthy Spread protein,Healthy & Tasty,,سبريد بروتين,SA,unknown,15,REVIEW_UNKNOWN_TERMS,LOW,healthy,openfoodfacts,https://world.openfoodfacts.org/product/0725765691972,controlled-lexicon-composition v1 (no free machine translation),مصطلح غير مغطّى بالمعجم
00736649756076,Kunafaa,Abaan,,,GCC,unknown,30,REVIEW_UNKNOWN_TERMS,LOW,kunafaa,openfoodfacts,https://world.openfoodfacts.org/product/0736649756076,controlled-lexicon-composition v1 (no free machine translation),مصطلح غير مغطّى بالمعجم
00831730005535,Curry Powder,Pran,,كاري بودرة,GCC,unknown,8,REVIEW_BRAND_UNMAPPED,LOW,,openfoodfacts,https://world.openfoodfacts.org/product/0831730005535,controlled-lexicon-composition v1 (no free machine translation),علامة بلا مقابل عربي متحقَّق
00850056167642,Nutritional Yeast Flakes Non-Fortified,Microingredients,,خميرة رقائق خالي من مدعّم,GCC,unknown,16,REVIEW_UNKNOWN_TERMS,LOW,nutritional,openfoodfacts,https://world.openfoodfacts.org/product/0850056167642,controlled-lexicon-composition v1 (no free machine translation),مصطلح غير مغطّى بالمعجم
03412290010992,Goat Cheese Log Plain 100 g,Paysan breton,,جبن سادة,SA,Goat cheeses,,REVIEW_UNKNOWN_TERMS,LOW,goat;log,openfoodfacts,https://world.openfoodfacts.org/product/3412290010992,controlled-lexicon-composition v1 (no free machine translation),مصطلح غير مغطّى بالمعجم
03760269314863,Good goût mangue bio,Good Goût,,عضوي,GCC,unknown,,REVIEW_UNKNOWN_TERMS,LOW,mangue,openfoodfacts,https://world.openfoodfacts.org/product/3760269314863,controlled-lexicon-composition v1 (no free machine translation),مصطلح غير مغطّى بالمعجم
04008713712698,Poppins choco pops,,,شوكولاتة,SA,Cereals and their products,,REVIEW_UNKNOWN_TERMS,LOW,poppins;pops,openfoodfacts,https://world.openfoodfacts.org/product/4008713712698,controlled-lexicon-composition v1 (no free machine translation),مصطلح غير مغطّى بالمعجم
05000169042816,Nonpareille capers,Waitrose,,,GCC,Capers-in-brine,,REVIEW_UNKNOWN_TERMS,LOW,nonpareille;capers,openfoodfacts,https://world.openfoodfacts.org/product/5000169042816,controlled-lexicon-composition v1 (no free machine translation),مصطلح غير مغطّى بالمعجم
05000169605141,Vine Ripened Tomato & Basil soup,Waitrose,,طماطم ريحان شوربة,GCC,Vegetable soups,,REVIEW_UNKNOWN_TERMS,LOW,vine;ripened,openfoodfacts,https://world.openfoodfacts.org/product/5000169605141,controlled-lexicon-composition v1 (no free machine translation),مصطلح غير مغطّى بالمعجم
05010525320687,Apple Juice Drink,Morrisons,,تفاح عصير شراب,GCC,Apple juices,150,REVIEW_BRAND_UNMAPPED,LOW,,openfoodfacts,https://world.openfoodfacts.org/product/5010525320687,controlled-lexicon-composition v1 (no free machine translation),علامة بلا مقابل عربي متحقَّق
05010578008013,Cottage Cheese,Longley Farm,,قريش جبن,GCC,Cottage cheeses,,REVIEW_BRAND_UNMAPPED,LOW,,openfoodfacts,https://world.openfoodfacts.org/product/5010578008013,controlled-lexicon-composition v1 (no free machine translation),علامة بلا مقابل عربي متحقَّق
05099864014501,Max Protein Cafe Mocha Shake,Ensure,,بروتين موكا شيك,GCC,Protein shakes,330,REVIEW_UNKNOWN_TERMS,LOW,max;cafe,openfoodfacts,https://world.openfoodfacts.org/product/5099864014501,controlled-lexicon-composition v1 (no free machine translation),مصطلح غير مغطّى بالمعجم
05201004046024,Papadopoulos digestive bar with orange pieces and dark chocolate,,,دايجستيف لوح برتقال قطع داكن شوكولاتة,GCC,unknown,28,REVIEW_UNKNOWN_TERMS,LOW,papadopoulos,openfoodfacts,https://world.openfoodfacts.org/product/5201004046024,controlled-lexicon-composition v1 (no free machine translation),مصطلح غير مغطّى بالمعجم
05449000323132,Schweppes pink grapefruit,Schweppes,,,SA,unknown,250,REVIEW_UNKNOWN_TERMS,LOW,pink;grapefruit,openfoodfacts,https://world.openfoodfacts.org/product/5449000323132,controlled-lexicon-composition v1 (no free machine translation),مصطلح غير مغطّى بالمعجم
05902898828511,Tortilla cheese chips imp,Casa De Mexico,,تورتيلا جبن شيبس,SA,unknown,40,REVIEW_UNKNOWN_TERMS,LOW,imp,openfoodfacts,https://world.openfoodfacts.org/product/5902898828511,controlled-lexicon-composition v1 (no free machine translation),مصطلح غير مغطّى بالمعجم
06073000051499,Full Fat Long Lasting Milk,Mazoon,,كامل الدسم حليب,GCC,Milks,100,REVIEW_UNKNOWN_TERMS,LOW,long;lasting,openfoodfacts,https://world.openfoodfacts.org/product/6073000051499,controlled-lexicon-composition v1 (no free machine translation),مصطلح غير مغطّى بالمعجم
06077400333438,Whit cheddar mad and cheese with bacon,Crave,,شيدر جبن,GCC,unknown,300,REVIEW_UNKNOWN_TERMS,LOW,whit;mad;bacon,openfoodfacts,https://world.openfoodfacts.org/product/6077400333438,controlled-lexicon-composition v1 (no free machine translation),مصطلح غير مغطّى بالمعجم
06083735455394,Danette café,Danette,دانيت,دانيت,GCC,unknown,,REVIEW_UNKNOWN_TERMS,LOW,caf,openfoodfacts,https://world.openfoodfacts.org/product/6083735455394,controlled-lexicon-composition v1 (no free machine translation),مصطلح غير مغطّى بالمعجم
06084001210112,Cinnamn Powder,Al Fares,,بودرة,GCC,unknown,,REVIEW_UNKNOWN_TERMS,LOW,cinnamn,openfoodfacts,https://world.openfoodfacts.org/product/6084001210112,controlled-lexicon-composition v1 (no free machine translation),مصطلح غير مغطّى بالمعجم
06223000417454,Lion chips ketchup,,,شيبس كاتشب,SA,Chips,,REVIEW_UNKNOWN_TERMS,LOW,lion,openfoodfacts,https://world.openfoodfacts.org/product/6223000417454,controlled-lexicon-composition v1 (no free machine translation),مصطلح غير مغطّى بالمعجم
06271011502201,Mango Sorbet,Kdd,كي دي دي,كي دي دي مانجو,GCC,unknown,135,REVIEW_UNKNOWN_TERMS,LOW,sorbet,openfoodfacts,https://world.openfoodfacts.org/product/6271011502201,controlled-lexicon-composition v1 (no free machine translation),مصطلح غير مغطّى بالمعجم
06281004751035,Wafers milk chocolate caramel biscuits,Tunnocks,,ويفر حليب شوكولاتة كراميل بسكويت,SA,unknown,12.5,REVIEW_BRAND_UNMAPPED,LOW,,openfoodfacts,https://world.openfoodfacts.org/product/6281004751035,controlled-lexicon-composition v1 (no free machine translation),علامة بلا مقابل عربي متحقَّق
06281006864580,Lipton Yellow Tea Bags Green Morrocan Mint 1.8G,Lipton,ليبتون,ليبتون شاي أخضر نعناع,SA,Green teas,,REVIEW_UNKNOWN_TERMS,LOW,yellow;bags;morrocan,openfoodfacts,https://world.openfoodfacts.org/product/6281006864580,controlled-lexicon-composition v1 (no free machine translation),مصطلح غير مغطّى بالمعجم
06281034015022,Rani Three jewels,,راني,راني,SA,Sweetened beverages,,REVIEW_UNKNOWN_TERMS,LOW,three;jewels,openfoodfacts,https://world.openfoodfacts.org/product/6281034015022,controlled-lexicon-composition v1 (no free machine translation),مصطلح غير مغطّى بالمعجم
06281060030112,Bison energy drink,Bison,,طاقة شراب,SA,unknown,,REVIEW_BRAND_UNMAPPED,LOW,,openfoodfacts,https://world.openfoodfacts.org/product/6281060030112,controlled-lexicon-composition v1 (no free machine translation),علامة بلا مقابل عربي متحقَّق
06281063453475,Freshly lemon flavor cooking spray non stick,freshly,فريشلي,فريشلي ليمون نكهة طبخ خالي من إصبع,SA,unknown,,REVIEW_UNKNOWN_TERMS,LOW,spray,openfoodfacts,https://world.openfoodfacts.org/product/6281063453475,controlled-lexicon-composition v1 (no free machine translation),مصطلح غير مغطّى بالمعجم
06281063470618,Peep peach halves in light syrup,,,خوخ لايت شراب,SA,Cans-food,,REVIEW_UNKNOWN_TERMS,LOW,peep;halves,openfoodfacts,https://world.openfoodfacts.org/product/6281063470618,controlled-lexicon-composition v1 (no free machine translation),مصطلح غير مغطّى بالمعجم
06281100614531,Food land spreadable processed cream cheese analogue,,,قابل للدهن قشطة جبن,SA,unknown,,REVIEW_UNKNOWN_TERMS,LOW,food;land;processed;analogue,openfoodfacts,https://world.openfoodfacts.org/product/6281100614531,controlled-lexicon-composition v1 (no free machine translation),مصطلح غير مغطّى بالمعجم
06281174000988,White Oats,Panda,,أبيض شوفان,SA,unknown,40,REVIEW_BRAND_UNMAPPED,LOW,,openfoodfacts,https://world.openfoodfacts.org/product/6281174000988,controlled-lexicon-composition v1 (no free machine translation),علامة بلا مقابل عربي متحقَّق
06281763355062,Szechuan spicy beef jerky,,,حار لحم بقري,SA,unknown,,REVIEW_UNKNOWN_TERMS,LOW,szechuan;jerky,openfoodfacts,https://world.openfoodfacts.org/product/6281763355062,controlled-lexicon-composition v1 (no free machine translation),مصطلح غير مغطّى بالمعجم
06282351230136,Garlic Paste,Zaika,,ثوم معجون,SA,unknown,20,REVIEW_BRAND_UNMAPPED,LOW,,openfoodfacts,https://world.openfoodfacts.org/product/6282351230136,controlled-lexicon-composition v1 (no free machine translation),علامة بلا مقابل عربي متحقَّق
06286349290126,Plant Protein - Summer Berries,Younited,,نباتي بروتين توت,SA,unknown,60,REVIEW_UNKNOWN_TERMS,LOW,summer,openfoodfacts,https://world.openfoodfacts.org/product/6286349290126,controlled-lexicon-composition v1 (no free machine translation),مصطلح غير مغطّى بالمعجم
06287002800560,Dattes Al Madina,Al madina,,تمر,SA,unknown,8,REVIEW_BRAND_UNMAPPED,LOW,,openfoodfacts,https://world.openfoodfacts.org/product/6287002800560,controlled-lexicon-composition v1 (no free machine translation),علامة بلا مقابل عربي متحقَّق
06287003881902,Dates de l'Oasis,,,تمر,SA,unknown,,REVIEW_UNKNOWN_TERMS,LOW,oasis,openfoodfacts,https://world.openfoodfacts.org/product/6287003881902,controlled-lexicon-composition v1 (no free machine translation),مصطلح غير مغطّى بالمعجم
06287005130046,Datte sukary qassim,,,,SA,Dates,,REVIEW_UNKNOWN_TERMS,LOW,datte;sukary;qassim,openfoodfacts,https://world.openfoodfacts.org/product/6287005130046,controlled-lexicon-composition v1 (no free machine translation),مصطلح غير مغطّى بالمعجم
06287006940781,Kitco puff-x bites cheese flavor,,كيتكو,كيتكو قطع جبن نكهة,SA,Chips,,REVIEW_UNKNOWN_TERMS,LOW,puff,openfoodfacts,https://world.openfoodfacts.org/product/6287006940781,controlled-lexicon-composition v1 (no free machine translation),مصطلح غير مغطّى بالمعجم
06287009830294,Energy Bites,Nalya,,طاقة قطع,SA,unknown,45,REVIEW_BRAND_UNMAPPED,LOW,,openfoodfacts,https://world.openfoodfacts.org/product/6287009830294,controlled-lexicon-composition v1 (no free machine translation),علامة بلا مقابل عربي متحقَّق
06287009831901,Date Syrup,Nakheel Alya,,تمر شراب,SA,unknown,100,REVIEW_BRAND_UNMAPPED,LOW,,openfoodfacts,https://world.openfoodfacts.org/product/6287009831901,controlled-lexicon-composition v1 (no free machine translation),علامة بلا مقابل عربي متحقَّق
06287011313372,Aljameel chickpeas,,,حمص,SA,unknown,,REVIEW_UNKNOWN_TERMS,LOW,aljameel,openfoodfacts,https://world.openfoodfacts.org/product/6287011313372,controlled-lexicon-composition v1 (no free machine translation),مصطلح غير مغطّى بالمعجم
06287031380200,Ajwa Al-Madina Makarem,,,عجوة,SA,Dates,,REVIEW_UNKNOWN_TERMS,LOW,al;madina;makarem,openfoodfacts,https://world.openfoodfacts.org/product/6287031380200,controlled-lexicon-composition v1 (no free machine translation),مصطلح غير مغطّى بالمعجم
06287036801083,Sesame balls with tahini,Tamriati,,سمسم طحينة,SA,unknown,,REVIEW_UNKNOWN_TERMS,LOW,balls,openfoodfacts,https://world.openfoodfacts.org/product/6287036801083,controlled-lexicon-composition v1 (no free machine translation),مصطلح غير مغطّى بالمعجم
06287043720223,Whole Wheat Maamoul Large,Al Hatab Bakery,,قمح معمول,SA,unknown,55,REVIEW_UNKNOWN_TERMS,LOW,whole;large,openfoodfacts,https://world.openfoodfacts.org/product/6287043720223,controlled-lexicon-composition v1 (no free machine translation),مصطلح غير مغطّى بالمعجم
06290090011022,Heinz tomato ketchup aux tomates,Heinz,هاينز,هاينز طماطم كاتشب,GCC,Groceries,,REVIEW_UNKNOWN_TERMS,LOW,aux;tomates,openfoodfacts,https://world.openfoodfacts.org/product/6290090011022,controlled-lexicon-composition v1 (no free machine translation),مصطلح غير مغطّى بالمعجم
06290360083377,Cobertura De Pistache,Pistachino,,,GCC,unknown,20,REVIEW_UNKNOWN_TERMS,LOW,cobertura;pistache,openfoodfacts,https://world.openfoodfacts.org/product/6290360083377,controlled-lexicon-composition v1 (no free machine translation),مصطلح غير مغطّى بالمعجم
06290361532508,GREEK YOGURT,hayatna,,يوناني زبادي,GCC,unknown,100,REVIEW_BRAND_UNMAPPED,LOW,,openfoodfacts,https://world.openfoodfacts.org/product/6290361532508,controlled-lexicon-composition v1 (no free machine translation),علامة بلا مقابل عربي متحقَّق
06291007915471,Good Day - Pistachio & Almond Cookies,Britannia,بريتانيا,بريتانيا فستق لوز كوكيز,GCC,unknown,100,REVIEW_UNKNOWN_TERMS,LOW,good;day,openfoodfacts,https://world.openfoodfacts.org/product/6291007915471,controlled-lexicon-composition v1 (no free machine translation),مصطلح غير مغطّى بالمعجم
06291011004680,XL chili pepper,,,شطة فلفل,SA,Chips,,REVIEW_UNKNOWN_TERMS,LOW,xl,openfoodfacts,https://world.openfoodfacts.org/product/6291011004680,controlled-lexicon-composition v1 (no free machine translation),مصطلح غير مغطّى بالمعجم
06291014101614,Best Mixed Nuts,,,مشكل مكسرات,GCC,unknown,,REVIEW_UNKNOWN_TERMS,LOW,best,openfoodfacts,https://world.openfoodfacts.org/product/6291014101614,controlled-lexicon-composition v1 (no free machine translation),مصطلح غير مغطّى بالمعجم
06291028000118,Cheese Balls,Mr. Krisps,,جبن,SA,unknown,,REVIEW_UNKNOWN_TERMS,LOW,balls,openfoodfacts,https://world.openfoodfacts.org/product/6291028000118,controlled-lexicon-composition v1 (no free machine translation),مصطلح غير مغطّى بالمعجم
06291061140727,Dynamite Sauce,Ethnic Excellence,,صلصة,GCC,unknown,15,REVIEW_UNKNOWN_TERMS,LOW,dynamite,openfoodfacts,https://world.openfoodfacts.org/product/6291061140727,controlled-lexicon-composition v1 (no free machine translation),مصطلح غير مغطّى بالمعجم
06291075211048,All Quds Bread,Jerusalem Bakery,,خبز,GCC,unknown,100,REVIEW_UNKNOWN_TERMS,LOW,all;quds,openfoodfacts,https://world.openfoodfacts.org/product/6291075211048,controlled-lexicon-composition v1 (no free machine translation),مصطلح غير مغطّى بالمعجم
06291079386582,Zing Strips,Farm Fresh,فارم فريش,فارم فريش ستربس,GCC,unknown,100,REVIEW_UNKNOWN_TERMS,LOW,zing,openfoodfacts,https://world.openfoodfacts.org/product/6291079386582,controlled-lexicon-composition v1 (no free machine translation),مصطلح غير مغطّى بالمعجم
06291102147548,Chicken Shish Kebab,Freshly Foods,فريشلي,فريشلي دجاج كباب,GCC,unknown,100,REVIEW_UNKNOWN_TERMS,LOW,shish,openfoodfacts,https://world.openfoodfacts.org/product/6291102147548,controlled-lexicon-composition v1 (no free machine translation),مصطلح غير مغطّى بالمعجم
06291103083869,Oat Cranberry Cookies,Oven Fresh,,شوفان كوكيز,GCC,unknown,45,REVIEW_UNKNOWN_TERMS,LOW,cranberry,openfoodfacts,https://world.openfoodfacts.org/product/6291103083869,controlled-lexicon-composition v1 (no free machine translation),مصطلح غير مغطّى بالمعجم
06291103151254,Mazedar Plain Paratha 20 PC,Multi Food Industries,,سادة,GCC,fr:pains-indiens,,REVIEW_UNKNOWN_TERMS,LOW,mazedar;paratha,openfoodfacts,https://world.openfoodfacts.org/product/6291103151254,controlled-lexicon-composition v1 (no free machine translation),مصطلح غير مغطّى بالمعجم
06291106765168,Smoked Salmon,Asmak,,مدخّن سلمون,GCC,unknown,100,REVIEW_BRAND_UNMAPPED,LOW,,openfoodfacts,https://world.openfoodfacts.org/product/6291106765168,controlled-lexicon-composition v1 (no free machine translation),علامة بلا مقابل عربي متحقَّق
06294001850106,Skittles gummies 120g,Skittles,,,GCC,unknown,20,REVIEW_UNKNOWN_TERMS,LOW,gummies,openfoodfacts,https://world.openfoodfacts.org/product/6294001850106,controlled-lexicon-composition v1 (no free machine translation),مصطلح غير مغطّى بالمعجم
06294003567491,Maggi Pumpkin Soup 50GR,,ماجي,ماجي شوربة,GCC,unknown,,REVIEW_UNKNOWN_TERMS,LOW,pumpkin,openfoodfacts,https://world.openfoodfacts.org/product/6294003567491,controlled-lexicon-composition v1 (no free machine translation),مصطلح غير مغطّى بالمعجم
06294017509142,Frosted Flakes,LEO'S CROWN,,رقائق,GCC,unknown,30,REVIEW_UNKNOWN_TERMS,LOW,frosted,openfoodfacts,https://world.openfoodfacts.org/product/6294017509142,controlled-lexicon-composition v1 (no free machine translation),مصطلح غير مغطّى بالمعجم
06297000457772,White Fish Fillet,Eastco,,أبيض سمك فيليه,GCC,unknown,100,REVIEW_BRAND_UNMAPPED,LOW,,openfoodfacts,https://world.openfoodfacts.org/product/6297000457772,controlled-lexicon-composition v1 (no free machine translation),علامة بلا مقابل عربي متحقَّق
06297001558393,Parmesan Sports Pack,Keto Real,,بارميزان رياضي عبوة,GCC,Protein-bites-snack,30,REVIEW_BRAND_UNMAPPED,LOW,,openfoodfacts,https://world.openfoodfacts.org/product/6297001558393,controlled-lexicon-composition v1 (no free machine translation),علامة بلا مقابل عربي متحقَّق
06298044151770,protein gummies,freelife,,بروتين,SA,unknown,32,REVIEW_UNKNOWN_TERMS,LOW,gummies,openfoodfacts,https://world.openfoodfacts.org/product/6298044151770,controlled-lexicon-composition v1 (no free machine translation),مصطلح غير مغطّى بالمعجم
06298857000852,Country crisp,Jordans,,,GCC,unknown,,REVIEW_UNKNOWN_TERMS,LOW,country;crisp,openfoodfacts,https://world.openfoodfacts.org/product/6298857000852,controlled-lexicon-composition v1 (no free machine translation),مصطلح غير مغطّى بالمعجم
06299200055758,Lava Cake,Plaisir Quotidier,,كيك,GCC,unknown,90,REVIEW_UNKNOWN_TERMS,LOW,lava,openfoodfacts,https://world.openfoodfacts.org/product/6299200055758,controlled-lexicon-composition v1 (no free machine translation),مصطلح غير مغطّى بالمعجم
06299200060738,McSNACKER BBQ Potato chips,McSNACKER,,بطاطس شيبس,GCC,unknown,,REVIEW_UNKNOWN_TERMS,LOW,bbq,openfoodfacts,https://world.openfoodfacts.org/product/6299200060738,controlled-lexicon-composition v1 (no free machine translation),مصطلح غير مغطّى بالمعجم
06300900237273,Ruce Pudding,Baladna,بلدنا,بلدنا مهلبية,GCC,unknown,100,REVIEW_UNKNOWN_TERMS,LOW,ruce,openfoodfacts,https://world.openfoodfacts.org/product/6300900237273,controlled-lexicon-composition v1 (no free machine translation),مصطلح غير مغطّى بالمعجم
06300900550563,Brown Bread Small,London Bakery,,بني خبز,GCC,unknown,100,REVIEW_UNKNOWN_TERMS,LOW,small,openfoodfacts,https://world.openfoodfacts.org/product/6300900550563,controlled-lexicon-composition v1 (no free machine translation),مصطلح غير مغطّى بالمعجم
06305390900027,Rillettes de thon blanc,Jacques Gonidec,,,GCC,Tuna rillettes,,REVIEW_UNKNOWN_TERMS,LOW,rillettes;thon;blanc,openfoodfacts,https://world.openfoodfacts.org/product/6305390900027,controlled-lexicon-composition v1 (no free machine translation),مصطلح غير مغطّى بالمعجم
06919950083008,Corned Beef,Farm,,لحم بقري,GCC,unknown,56,REVIEW_UNKNOWN_TERMS,LOW,corned,openfoodfacts,https://world.openfoodfacts.org/product/6919950083008,controlled-lexicon-composition v1 (no free machine translation),مصطلح غير مغطّى بالمعجم
07613287757418,Nestle lion,nestle,نستله,نستله,SA,unknown,,REVIEW_UNKNOWN_TERMS,LOW,lion,openfoodfacts,https://world.openfoodfacts.org/product/7613287757418,controlled-lexicon-composition v1 (no free machine translation),مصطلح غير مغطّى بالمعجم
08000066448787,Aceto Balsamico Di Modena I.g.p. (balsamic Vinegar Of Modena),MARA,,خل,GCC,unknown,,REVIEW_UNKNOWN_TERMS,LOW,aceto;balsamico;di;modena;balsamic;modena,openfoodfacts,https://world.openfoodfacts.org/product/8000066448787,controlled-lexicon-composition v1 (no free machine translation),مصطلح غير مغطّى بالمعجم
08032454000345,Fusilli multicereal con quinoa,Sottolestelle,,كينوا,GCC,Gluten-free pasta,,REVIEW_UNKNOWN_TERMS,LOW,fusilli;multicereal;con,openfoodfacts,https://world.openfoodfacts.org/product/8032454000345,controlled-lexicon-composition v1 (no free machine translation),مصطلح غير مغطّى بالمعجم
08032817247042,Agromonte's authentic Italian Yellow cherry tomato passata,AGROMONTE,,طماطم,SA,Yellow-cherry-tomato,,REVIEW_UNKNOWN_TERMS,LOW,authentic;italian;yellow;cherry;passata,openfoodfacts,https://world.openfoodfacts.org/product/8032817247042,controlled-lexicon-composition v1 (no free machine translation),مصطلح غير مغطّى بالمعجم
08690504056201,ulker cubuk al amir,Ülker,أولكر,أولكر,GCC,Plain salty snacks,30,REVIEW_UNKNOWN_TERMS,LOW,cubuk;al;amir,openfoodfacts,https://world.openfoodfacts.org/product/8690504056201,controlled-lexicon-composition v1 (no free machine translation),مصطلح غير مغطّى بالمعجم
08944513616797,Wooden Bakery Chocolate Croissant,Wooden Bakery,,شوكولاتة كرواسون,GCC,unknown,65,REVIEW_BRAND_UNMAPPED,LOW,,openfoodfacts,https://world.openfoodfacts.org/product/8944513616797,controlled-lexicon-composition v1 (no free machine translation),علامة بلا مقابل عربي متحقَّق
08992696526037,Nescafe spanish latte,Nescafe,نسكافيه,نسكافيه لاتيه,SA,unknown,225,REVIEW_UNKNOWN_TERMS,LOW,spanish,openfoodfacts,https://world.openfoodfacts.org/product/8992696526037,controlled-lexicon-composition v1 (no free machine translation),مصطلح غير مغطّى بالمعجم
00000029589944,Rustic Salami,Spinneys,سبينيس,سبينيس سلامي,GCC,unknown,100,REVIEW_UNKNOWN_TERMS,LOW,rustic,openfoodfacts,https://world.openfoodfacts.org/product/29589944,controlled-lexicon-composition v1 (no free machine translation),مصطلح غير مغطّى بالمعجم
00000090020186,Rauch amazing apple nectar,,,تفاح رحيق,SA,unknown,,REVIEW_UNKNOWN_TERMS,LOW,rauch;amazing,openfoodfacts,https://world.openfoodfacts.org/product/90020186,controlled-lexicon-composition v1 (no free machine translation),مصطلح غير مغطّى بالمعجم
00000090456497,The Blue Edition,Redbull,,,SA,unknown,250,REVIEW_UNKNOWN_TERMS,LOW,blue;edition,openfoodfacts,https://world.openfoodfacts.org/product/90456497,controlled-lexicon-composition v1 (no free machine translation),مصطلح غير مغطّى بالمعجم
00034000440115,'Reese''s Cups 3pieces Beurre De Cacahuètes',Reese's,,قطع,GCC,unknown,,REVIEW_UNKNOWN_TERMS,LOW,reese;cups;beurre;cacahu;tes,openfoodfacts,https://world.openfoodfacts.org/product/0034000440115,controlled-lexicon-composition v1 (no free machine translation),مصطلح غير مغطّى بالمعجم
00098000010112,Lipton tropical passionfruit and mango ice tea,Lipton,ليبتون,ليبتون مانجو مثلج شاي,SA,unknown,310,REVIEW_UNKNOWN_TERMS,LOW,tropical;passionfruit,openfoodfacts,https://world.openfoodfacts.org/product/0098000010112,controlled-lexicon-composition v1 (no free machine translation),مصطلح غير مغطّى بالمعجم
00629093786013,Chicken Breast Burgers,Gourmet Poultry,,دجاج صدر,GCC,unknown,142,REVIEW_UNKNOWN_TERMS,LOW,burgers,openfoodfacts,https://world.openfoodfacts.org/product/0629093786013,controlled-lexicon-composition v1 (no free machine translation),مصطلح غير مغطّى بالمعجم
00633152007537,Vermicelli,Mehran,,شعيرية,GCC,Wheat vermicelli,75,REVIEW_BRAND_UNMAPPED,LOW,,openfoodfacts,https://world.openfoodfacts.org/product/0633152007537,controlled-lexicon-composition v1 (no free machine translation),علامة بلا مقابل عربي متحقَّق
00709993315060,Oat Bar Raisin & Raspberry,Natureland,نيتشرلاند,نيتشرلاند شوفان لوح توت أحمر,GCC,unknown,20,REVIEW_UNKNOWN_TERMS,LOW,raisin,openfoodfacts,https://world.openfoodfacts.org/product/0709993315060,controlled-lexicon-composition v1 (no free machine translation),مصطلح غير مغطّى بالمعجم
01427570841458,Protein plant powered tortilla,Mission,,بروتين نباتي تورتيلا,GCC,unknown,61,REVIEW_UNKNOWN_TERMS,LOW,powered,openfoodfacts,https://world.openfoodfacts.org/product/1427570841458,controlled-lexicon-composition v1 (no free machine translation),مصطلح غير مغطّى بالمعجم
03080216042022,Moussy Non Alcoholic Beverage Ice Berry Flavor,,موسي,موسي مشروب مثلج توت نكهة,SA,Beverages,,REVIEW_UNKNOWN_TERMS,LOW,no_alcoholic,openfoodfacts,https://world.openfoodfacts.org/product/3080216042022,controlled-lexicon-composition v1 (no free machine translation),مصطلح غير مغطّى بالمعجم
03451790878015,Crème Fraîche Advantage,Elle&Vire,,,GCC,Unfermented creams,,REVIEW_UNKNOWN_TERMS,LOW,cr;me;fra;che;advantage,openfoodfacts,https://world.openfoodfacts.org/product/3451790878015,controlled-lexicon-composition v1 (no free machine translation),مصطلح غير مغطّى بالمعجم
04000521586102,Löffelglück Rote Grütze mit Bourbon-Vanillesoße,Dr. Oetker,,,GCC,Desserts,160,REVIEW_UNKNOWN_TERMS,LOW,ffelgl;ck;rote;gr;tze;mit;bourbon;vanilleso,openfoodfacts,https://world.openfoodfacts.org/product/4000521586102,controlled-lexicon-composition v1 (no free machine translation),مصطلح غير مغطّى بالمعجم
04260183211655,Lait De Coco Nature,COCONUT MILK FOR DRINKING,,طبيعي,SA,Coconut milks and creams,,REVIEW_UNKNOWN_TERMS,LOW,lait;coco,openfoodfacts,https://world.openfoodfacts.org/product/4260183211655,controlled-lexicon-composition v1 (no free machine translation),مصطلح غير مغطّى بالمعجم
04792109000871,Sera Chicken Flavoured Noodles,CBL,,دجاج بنكهة نودلز,GCC,Flavoured dehydrated Asian noodles,100,REVIEW_UNKNOWN_TERMS,LOW,sera,openfoodfacts,https://world.openfoodfacts.org/product/4792109000871,controlled-lexicon-composition v1 (no free machine translation),مصطلح غير مغطّى بالمعجم
05032860010818,Fizzy fruity mix,Sweetzone,,مشكل,SA,Gummies,,REVIEW_UNKNOWN_TERMS,LOW,fizzy;fruity,openfoodfacts,https://world.openfoodfacts.org/product/5032860010818,controlled-lexicon-composition v1 (no free machine translation),مصطلح غير مغطّى بالمعجم
05060143650055,Vivespo protein crispy cookie,ViveSpo,,بروتين مقرمش كوكيز,SA,unknown,85,REVIEW_BRAND_UNMAPPED,LOW,,openfoodfacts,https://world.openfoodfacts.org/product/5060143650055,controlled-lexicon-composition v1 (no free machine translation),علامة بلا مقابل عربي متحقَّق
05060178070972,Tagliatelle,Mr Organic,,,GCC,Tagliatelle,,REVIEW_UNKNOWN_TERMS,LOW,tagliatelle,openfoodfacts,https://world.openfoodfacts.org/product/5060178070972,controlled-lexicon-composition v1 (no free machine translation),مصطلح غير مغطّى بالمعجم
05202175002192,Wraps el sabor,Family time,,,GCC,Wholemeal-wraps,,REVIEW_UNKNOWN_TERMS,LOW,wraps;el;sabor,openfoodfacts,https://world.openfoodfacts.org/product/5202175002192,controlled-lexicon-composition v1 (no free machine translation),مصطلح غير مغطّى بالمعجم
05413121372454,Belgian milk chocolate,,,حليب شوكولاتة,SA,Chocolates,,REVIEW_UNKNOWN_TERMS,LOW,belgian,openfoodfacts,https://world.openfoodfacts.org/product/5413121372454,controlled-lexicon-composition v1 (no free machine translation),مصطلح غير مغطّى بالمعجم
05711953005275,Starbucks caramel macchiato flavor,Starbucks,,كراميل نكهة,SA,Coffee drinks,,REVIEW_UNKNOWN_TERMS,LOW,macchiato,openfoodfacts,https://world.openfoodfacts.org/product/5711953005275,controlled-lexicon-composition v1 (no free machine translation),مصطلح غير مغطّى بالمعجم
05760466738040,Puck spreadable processed cream cheese analogue 500g,Puck,بوك,بوك قابل للدهن قشطة جبن,SA,Cream cheeses,100,REVIEW_UNKNOWN_TERMS,LOW,processed;analogue,openfoodfacts,https://world.openfoodfacts.org/product/5760466738040,controlled-lexicon-composition v1 (no free machine translation),مصطلح غير مغطّى بالمعجم
05900020030252,Nestle country corn flakes bar,,كورن فليكس,كورن فليكس لوح,SA,Snack-bar,,REVIEW_UNKNOWN_TERMS,LOW,country,openfoodfacts,https://world.openfoodfacts.org/product/5900020030252,controlled-lexicon-composition v1 (no free machine translation),مصطلح غير مغطّى بالمعجم
05900951000270,Galaxy Minstrels,Galaxy,جالاكسي,جالاكسي,GCC,unknown,42,REVIEW_UNKNOWN_TERMS,LOW,minstrels,openfoodfacts,https://world.openfoodfacts.org/product/5900951000270,controlled-lexicon-composition v1 (no free machine translation),مصطلح غير مغطّى بالمعجم
05998207947721,Cheese Slice Light,Mima,,جبن لايت,GCC,unknown,100,REVIEW_UNKNOWN_TERMS,LOW,slice,openfoodfacts,https://world.openfoodfacts.org/product/5998207947721,controlled-lexicon-composition v1 (no free machine translation),مصطلح غير مغطّى بالمعجم
06070600274853,Real Sliced Potatoes Au Gratin,Signature Select,,شرائح,GCC,unknown,28.349,REVIEW_UNKNOWN_TERMS,LOW,real;potatoes;au;gratin,openfoodfacts,https://world.openfoodfacts.org/product/6070600274853,controlled-lexicon-composition v1 (no free machine translation),مصطلح غير مغطّى بالمعجم
06074764863052,Stryve Beef Biltong,Stryve,,لحم بقري,GCC,unknown,64,REVIEW_UNKNOWN_TERMS,LOW,biltong,openfoodfacts,https://world.openfoodfacts.org/product/6074764863052,controlled-lexicon-composition v1 (no free machine translation),مصطلح غير مغطّى بالمعجم
06194008551016,Prince Mini Gâteau,LU,,ميني,GCC,Filled sponge cake slices,30,REVIEW_UNKNOWN_TERMS,LOW,prince;teau,openfoodfacts,https://world.openfoodfacts.org/product/6194008551016,controlled-lexicon-composition v1 (no free machine translation),مصطلح غير مغطّى بالمعجم
06251934004457,Alfares pretzel original salt,,,أصلي ملح,SA,Chips,,REVIEW_UNKNOWN_TERMS,LOW,alfares;pretzel,openfoodfacts,https://world.openfoodfacts.org/product/6251934004457,controlled-lexicon-composition v1 (no free machine translation),مصطلح غير مغطّى بالمعجم
06271005033957,Flame Grilled Chicken Breast,Khazan,,مشوي دجاج صدر,GCC,unknown,200,REVIEW_UNKNOWN_TERMS,LOW,flame,openfoodfacts,https://world.openfoodfacts.org/product/6271005033957,controlled-lexicon-composition v1 (no free machine translation),مصطلح غير مغطّى بالمعجم
06277000081719,Tru Potato Chips - Smokey Cheese,Tru Prolife,,بطاطس شيبس جبن,GCC,unknown,22.5,REVIEW_UNKNOWN_TERMS,LOW,tru;smokey,openfoodfacts,https://world.openfoodfacts.org/product/6277000081719,controlled-lexicon-composition v1 (no free machine translation),مصطلح غير مغطّى بالمعجم
06281013311268,Fine Suger Sticks,Alnahlah,فاين,فاين أصابع,SA,unknown,5,REVIEW_UNKNOWN_TERMS,LOW,suger,openfoodfacts,https://world.openfoodfacts.org/product/6281013311268,controlled-lexicon-composition v1 (no free machine translation),مصطلح غير مغطّى بالمعجم
06281014300001,Treva light meat tuna flakes in vegetable oil,,,زيت نباتي لايت لحم تونة رقائق,SA,Tuna chunks,,REVIEW_UNKNOWN_TERMS,LOW,treva,openfoodfacts,https://world.openfoodfacts.org/product/6281014300001,controlled-lexicon-composition v1 (no free machine translation),مصطلح غير مغطّى بالمعجم
06281014402187,Conchiglie,Perfetto,,,SA,Conchiglie,,REVIEW_UNKNOWN_TERMS,LOW,conchiglie,openfoodfacts,https://world.openfoodfacts.org/product/6281014402187,controlled-lexicon-composition v1 (no free machine translation),مصطلح غير مغطّى بالمعجم
06281016298221,Albatal potato sticks sea salt 3sr,,البطل,البطل بطاطس أصابع بحري ملح,SA,Chips,,REVIEW_UNKNOWN_TERMS,LOW,sr,openfoodfacts,https://world.openfoodfacts.org/product/6281016298221,controlled-lexicon-composition v1 (no free machine translation),مصطلح غير مغطّى بالمعجم
06281020325630,Luna foul medames egyptian recipe,Luna,لونا,لونا فول وصفة,SA,unknown,,REVIEW_UNKNOWN_TERMS,LOW,medames;egyptian,openfoodfacts,https://world.openfoodfacts.org/product/6281020325630,controlled-lexicon-composition v1 (no free machine translation),مصطلح غير مغطّى بالمعجم
06281022134056,YoPro Vanilla,YoPRO,,فانيلا,SA,Fermented milk drinks,100,REVIEW_BRAND_UNMAPPED,LOW,,openfoodfacts,https://world.openfoodfacts.org/product/6281022134056,controlled-lexicon-composition v1 (no free machine translation),علامة بلا مقابل عربي متحقَّق
06281039820119,Crispy letters cheese,,,مقرمش جبن,SA,Chips,,REVIEW_UNKNOWN_TERMS,LOW,letters,openfoodfacts,https://world.openfoodfacts.org/product/6281039820119,controlled-lexicon-composition v1 (no free machine translation),مصطلح غير مغطّى بالمعجم
06281100514831,original can chk pineapple 240ml,Original,,علبة أناناس,SA,Pineapple juices from concentrate,,REVIEW_UNKNOWN_TERMS,LOW,chk,openfoodfacts,https://world.openfoodfacts.org/product/6281100514831,controlled-lexicon-composition v1 (no free machine translation),مصطلح غير مغطّى بالمعجم
06281100519607,Orange juice 0% added sugar 16days,Original,,برتقال عصير سكر,SA,unknown,,REVIEW_UNKNOWN_TERMS,LOW,added;days,openfoodfacts,https://world.openfoodfacts.org/product/6281100519607,controlled-lexicon-composition v1 (no free machine translation),مصطلح غير مغطّى بالمعجم
06281101490813,Premium solid tuna white meat brine water,,,فاخر تونة أبيض لحم ماء,SA,Tunas,100,REVIEW_UNKNOWN_TERMS,LOW,solid;brine,openfoodfacts,https://world.openfoodfacts.org/product/6281101490813,controlled-lexicon-composition v1 (no free machine translation),مصطلح غير مغطّى بالمعجم
06281101494361,Tierna white meat tuna with lemon and pepper,,,أبيض لحم تونة ليمون فلفل,SA,unknown,,REVIEW_UNKNOWN_TERMS,LOW,tierna,openfoodfacts,https://world.openfoodfacts.org/product/6281101494361,controlled-lexicon-composition v1 (no free machine translation),مصطلح غير مغطّى بالمعجم
06281102680589,Sliced White bread,Herfy,,شرائح أبيض خبز,SA,unknown,100,REVIEW_BRAND_UNMAPPED,LOW,,openfoodfacts,https://world.openfoodfacts.org/product/6281102680589,controlled-lexicon-composition v1 (no free machine translation),علامة بلا مقابل عربي متحقَّق
06281103300080,Qassim Mixed Coffee,,,مشكل قهوة,SA,unknown,,REVIEW_UNKNOWN_TERMS,LOW,qassim,openfoodfacts,https://world.openfoodfacts.org/product/6281103300080,controlled-lexicon-composition v1 (no free machine translation),مصطلح غير مغطّى بالمعجم
06281105790162,Roasted Pumpkin Seeds 110g,Baja,,محمّص بذور,SA,unknown,,REVIEW_UNKNOWN_TERMS,LOW,pumpkin,openfoodfacts,https://world.openfoodfacts.org/product/6281105790162,controlled-lexicon-composition v1 (no free machine translation),مصطلح غير مغطّى بالمعجم
06281115000657,Cooked shrimp,Naqwa,,مطبوخ روبيان,SA,unknown,100,REVIEW_BRAND_UNMAPPED,LOW,,openfoodfacts,https://world.openfoodfacts.org/product/6281115000657,controlled-lexicon-composition v1 (no free machine translation),علامة بلا مقابل عربي متحقَّق
06281123031230,Cheese Sambousak Air Fried,Switz,,جبن مقلي,SA,unknown,12,REVIEW_UNKNOWN_TERMS,LOW,sambousak;air,openfoodfacts,https://world.openfoodfacts.org/product/6281123031230,controlled-lexicon-composition v1 (no free machine translation),مصطلح غير مغطّى بالمعجم
06285021000237,All Purpose Flour,Foom,,دقيق,SA,Flours,100,REVIEW_UNKNOWN_TERMS,LOW,all;purpose,openfoodfacts,https://world.openfoodfacts.org/product/6285021000237,controlled-lexicon-composition v1 (no free machine translation),مصطلح غير مغطّى بالمعجم
06285572002087,Rita red zero sugar sparkling drink,,,أحمر زيرو سكر فوّار شراب,SA,Sparkling-drink,,REVIEW_UNKNOWN_TERMS,LOW,rita,openfoodfacts,https://world.openfoodfacts.org/product/6285572002087,controlled-lexicon-composition v1 (no free machine translation),مصطلح غير مغطّى بالمعجم
06286783491493,Sweet Mashed Bean Criscake - Red Bean Flavor,LTC,,حلو أحمر نكهة,SA,unknown,32,REVIEW_UNKNOWN_TERMS,LOW,mashed;bean;criscake;bean,openfoodfacts,https://world.openfoodfacts.org/product/6286783491493,controlled-lexicon-composition v1 (no free machine translation),مصطلح غير مغطّى بالمعجم
06287004980017,Fresh Laban,Alqariah,,طازج لبن,SA,Drinkable-yogurts,100,REVIEW_BRAND_UNMAPPED,LOW,,openfoodfacts,https://world.openfoodfacts.org/product/6287004980017,controlled-lexicon-composition v1 (no free machine translation),علامة بلا مقابل عربي متحقَّق
06287014280015,Fairco potato sticks salted,,,بطاطس أصابع مملّح,SA,Crisps,119,REVIEW_UNKNOWN_TERMS,LOW,fairco,openfoodfacts,https://world.openfoodfacts.org/product/6287014280015,controlled-lexicon-composition v1 (no free machine translation),مصطلح غير مغطّى بالمعجم
06287456321246,Qootof,,,,SA,unknown,,REVIEW_UNKNOWN_TERMS,LOW,qootof,openfoodfacts,https://world.openfoodfacts.org/product/6287456321246,controlled-lexicon-composition v1 (no free machine translation),مصطلح غير مغطّى بالمعجم
06289427631132,Earl Noir Kombucha,Cultured Kombucha,,,SA,unknown,250,REVIEW_UNKNOWN_TERMS,LOW,earl;noir;kombucha,openfoodfacts,https://world.openfoodfacts.org/product/6289427631132,controlled-lexicon-composition v1 (no free machine translation),مصطلح غير مغطّى بالمعجم
06290361200230,Tâmaras Com Chocolate,Jomara,جمارة,جمارة شوكولاتة,GCC,unknown,12,REVIEW_UNKNOWN_TERMS,LOW,maras;com,openfoodfacts,https://world.openfoodfacts.org/product/6290361200230,controlled-lexicon-composition v1 (no free machine translation),مصطلح غير مغطّى بالمعجم
06291003606229,Mini sorbet bars,null,,ميني,GCC,Ice creams and sorbets,,REVIEW_UNKNOWN_TERMS,LOW,sorbet;bars,openfoodfacts,https://world.openfoodfacts.org/product/6291003606229,controlled-lexicon-composition v1 (no free machine translation),مصطلح غير مغطّى بالمعجم
06291007500387,nutro chocolate,,,شوكولاتة,GCC,unknown,,REVIEW_UNKNOWN_TERMS,LOW,nutro,openfoodfacts,https://world.openfoodfacts.org/product/6291007500387,controlled-lexicon-composition v1 (no free machine translation),مصطلح غير مغطّى بالمعجم
06291011007759,Cheese Puffs,FADE FIT,,جبن نفخات,SA,unknown,40,REVIEW_BRAND_UNMAPPED,LOW,,openfoodfacts,https://world.openfoodfacts.org/product/6291011007759,controlled-lexicon-composition v1 (no free machine translation),علامة بلا مقابل عربي متحقَّق
06291030401040,Yogurt BlackBerry & Raspberry,Al Rawabi,,زبادي توت أحمر,GCC,Cow milk yogurts,130,REVIEW_UNKNOWN_TERMS,LOW,blackberry,openfoodfacts,https://world.openfoodfacts.org/product/6291030401040,controlled-lexicon-composition v1 (no free machine translation),مصطلح غير مغطّى بالمعجم
06291031020240,Peach Yoghurt,Marmum,,خوخ زبادي,GCC,unknown,125,REVIEW_BRAND_UNMAPPED,LOW,,openfoodfacts,https://world.openfoodfacts.org/product/6291031020240,controlled-lexicon-composition v1 (no free machine translation),علامة بلا مقابل عربي متحقَّق
06291052152388,Smoked Beed Strips,Prime,,مدخّن ستربس,GCC,unknown,100,REVIEW_UNKNOWN_TERMS,LOW,beed,openfoodfacts,https://world.openfoodfacts.org/product/6291052152388,controlled-lexicon-composition v1 (no free machine translation),مصطلح غير مغطّى بالمعجم
06291053040189,SEA SALT CARAMEL,The Brooklyn Creamery,,بحري ملح كراميل,SA,Ice creams,,REVIEW_BRAND_UNMAPPED,LOW,,openfoodfacts,https://world.openfoodfacts.org/product/6291053040189,controlled-lexicon-composition v1 (no free machine translation),علامة بلا مقابل عربي متحقَّق
06291075211017,Original Al Wuss Bread,Al Wuss Bread,,أصلي,GCC,unknown,100,REVIEW_BRAND_UNMAPPED,LOW,,openfoodfacts,https://world.openfoodfacts.org/product/6291075211017,controlled-lexicon-composition v1 (no free machine translation),علامة بلا مقابل عربي متحقَّق
06291100605750,Pistachio Kunafa Dubai Chocolate Cake Bar,Flair,,فستق كنافة شوكولاتة كيك لوح,GCC,unknown,55,REVIEW_UNKNOWN_TERMS,LOW,dubai,openfoodfacts,https://world.openfoodfacts.org/product/6291100605750,controlled-lexicon-composition v1 (no free machine translation),مصطلح غير مغطّى بالمعجم
06291103369819,Chicken Tikka Roti Wrap,D & F,,دجاج,GCC,unknown,100,REVIEW_UNKNOWN_TERMS,LOW,tikka;roti;wrap,openfoodfacts,https://world.openfoodfacts.org/product/6291103369819,controlled-lexicon-composition v1 (no free machine translation),مصطلح غير مغطّى بالمعجم
06291103380005,Balsamic Organic Vinegar 250ML,,,عضوي خل,GCC,Balsamic vinegars,,REVIEW_UNKNOWN_TERMS,LOW,balsamic,openfoodfacts,https://world.openfoodfacts.org/product/6291103380005,controlled-lexicon-composition v1 (no free machine translation),مصطلح غير مغطّى بالمعجم
06291105694766,Edamame Beans,Green Giant,,فاصوليا,GCC,unknown,80,REVIEW_UNKNOWN_TERMS,LOW,edamame,openfoodfacts,https://world.openfoodfacts.org/product/6291105694766,controlled-lexicon-composition v1 (no free machine translation),مصطلح غير مغطّى بالمعجم
06291108341698,Labneh Creamy,Pinar,,لبنة كريمي,GCC,unknown,100,REVIEW_BRAND_UNMAPPED,LOW,,openfoodfacts,https://world.openfoodfacts.org/product/6291108341698,controlled-lexicon-composition v1 (no free machine translation),علامة بلا مقابل عربي متحقَّق
06293847350474,crème gourmande,BiOrigine,,,GCC,Chocolate creamy puddings,,REVIEW_UNKNOWN_TERMS,LOW,cr;me;gourmande,openfoodfacts,https://world.openfoodfacts.org/product/6293847350474,controlled-lexicon-composition v1 (no free machine translation),مصطلح غير مغطّى بالمعجم
06294002470174,Mustard Sauce,Cappana,,مسطردة صلصة,GCC,unknown,32,REVIEW_BRAND_UNMAPPED,LOW,,openfoodfacts,https://world.openfoodfacts.org/product/6294002470174,controlled-lexicon-composition v1 (no free machine translation),علامة بلا مقابل عربي متحقَّق
06294010704674,Chickpeas,Ajeeb,,حمص,GCC,Can-food,400,REVIEW_BRAND_UNMAPPED,LOW,,openfoodfacts,https://world.openfoodfacts.org/product/6294010704674,controlled-lexicon-composition v1 (no free machine translation),علامة بلا مقابل عربي متحقَّق
06294011693649,Wheat Flour Tortilla Wrap,Lulu,لولو,لولو قمح دقيق تورتيلا,GCC,unknown,60,REVIEW_UNKNOWN_TERMS,LOW,wrap,openfoodfacts,https://world.openfoodfacts.org/product/6294011693649,controlled-lexicon-composition v1 (no free machine translation),مصطلح غير مغطّى بالمعجم
06297000457161,Breaded Cheesy Chicken Sticks,Eastco,,مقرمش بالبقسماط دجاج أصابع,GCC,unknown,,REVIEW_UNKNOWN_TERMS,LOW,cheesy,openfoodfacts,https://world.openfoodfacts.org/product/6297000457161,controlled-lexicon-composition v1 (no free machine translation),مصطلح غير مغطّى بالمعجم
06297000855653,Light Roast Ground Coffee with Cardamom,,,لايت مفروم قهوة هيل,GCC,unknown,,REVIEW_UNKNOWN_TERMS,LOW,roast,openfoodfacts,https://world.openfoodfacts.org/product/6297000855653,controlled-lexicon-composition v1 (no free machine translation),مصطلح غير مغطّى بالمعجم
06297001558157,MoKeto,Keto Real,,,GCC,Sugar-free-chocolates,18,REVIEW_UNKNOWN_TERMS,LOW,moketo,openfoodfacts,https://world.openfoodfacts.org/product/6297001558157,controlled-lexicon-composition v1 (no free machine translation),مصطلح غير مغطّى بالمعجم
06299200002691,Slices Turkey Breast,D’pollo,,شرائح ديك رومي صدر,GCC,unknown,,REVIEW_BRAND_UNMAPPED,LOW,,openfoodfacts,https://world.openfoodfacts.org/product/6299200002691,controlled-lexicon-composition v1 (no free machine translation),علامة بلا مقابل عربي متحقَّق
06299200050289,Rice cakes with sea salt.,,,أرز بحري ملح,GCC,unknown,,REVIEW_UNKNOWN_TERMS,LOW,cakes,openfoodfacts,https://world.openfoodfacts.org/product/6299200050289,controlled-lexicon-composition v1 (no free machine translation),مصطلح غير مغطّى بالمعجم
06300900220619,Smoked Salmon,Ocean Fish,,مدخّن سلمون,GCC,unknown,100,REVIEW_BRAND_UNMAPPED,LOW,,openfoodfacts,https://world.openfoodfacts.org/product/6300900220619,controlled-lexicon-composition v1 (no free machine translation),علامة بلا مقابل عربي متحقَّق
07503012037635,Jalapeño Guacamole,Freshcourt,,,SA,unknown,32,REVIEW_UNKNOWN_TERMS,LOW,jalape;guacamole,openfoodfacts,https://world.openfoodfacts.org/product/7503012037635,controlled-lexicon-composition v1 (no free machine translation),مصطلح غير مغطّى بالمعجم
08410529701517,Freshly natural whole mushroom,,فريشلي,فريشلي طبيعي فطر,SA,unknown,,REVIEW_UNKNOWN_TERMS,LOW,whole,openfoodfacts,https://world.openfoodfacts.org/product/8410529701517,controlled-lexicon-composition v1 (no free machine translation),مصطلح غير مغطّى بالمعجم
08410707000197,Zumo Juver Disfruta Melocot. 1L,Juver,,,GCC,Peach nectars,,REVIEW_UNKNOWN_TERMS,LOW,zumo;disfruta;melocot,openfoodfacts,https://world.openfoodfacts.org/product/8410707000197,controlled-lexicon-composition v1 (no free machine translation),مصطلح غير مغطّى بالمعجم
08683130045732,Cornetto,Disc Cornetto,,,GCC,unknown,82.8,REVIEW_UNKNOWN_TERMS,LOW,cornetto,openfoodfacts,https://world.openfoodfacts.org/product/8683130045732,controlled-lexicon-composition v1 (no free machine translation),مصطلح غير مغطّى بالمعجم
08714529001609,Affine Holländischer Hartkäse,Wyngaard,,,SA,Cheeses,,REVIEW_UNKNOWN_TERMS,LOW,affine;holl;ndischer;hartk;se,openfoodfacts,https://world.openfoodfacts.org/product/8714529001609,controlled-lexicon-composition v1 (no free machine translation),مصطلح غير مغطّى بالمعجم
08851016006010,Harvest snaps,Calbee,,,GCC,Pea-chips,,REVIEW_UNKNOWN_TERMS,LOW,harvest;snaps,openfoodfacts,https://world.openfoodfacts.org/product/8851016006010,controlled-lexicon-composition v1 (no free machine translation),مصطلح غير مغطّى بالمعجم
08906140520304,Ice Cream,Mercely’s,,آيس كريم,SA,unknown,,REVIEW_BRAND_UNMAPPED,LOW,,openfoodfacts,https://world.openfoodfacts.org/product/8906140520304,controlled-lexicon-composition v1 (no free machine translation),علامة بلا مقابل عربي متحقَّق
08997032671075,Chinese Noodle,Mie Telur,,,SA,unknown,50,REVIEW_UNKNOWN_TERMS,LOW,chinese;noodle,openfoodfacts,https://world.openfoodfacts.org/product/8997032671075,controlled-lexicon-composition v1 (no free machine translation),مصطلح غير مغطّى بالمعجم
09300645110975,Vine Ripened Tomatoes and Caramelised Baby Onion Pasta Sauce,Providore,,طماطم بصل معكرونة صلصة,GCC,Pasta sauces,100,REVIEW_UNKNOWN_TERMS,LOW,vine;ripened;caramelised;baby,openfoodfacts,https://world.openfoodfacts.org/product/9300645110975,controlled-lexicon-composition v1 (no free machine translation),مصطلح غير مغطّى بالمعجم
00000087295627,Bonny banana milk,Bonny,,موز حليب,SA,unknown,,REVIEW_BRAND_UNMAPPED,LOW,,openfoodfacts,https://world.openfoodfacts.org/product/87295627,controlled-lexicon-composition v1 (no free machine translation),علامة بلا مقابل عربي متحقَّق
00000090020049,Rauch amazing apple nectar,,,تفاح رحيق,SA,unknown,,REVIEW_UNKNOWN_TERMS,LOW,rauch;amazing,openfoodfacts,https://world.openfoodfacts.org/product/90020049,controlled-lexicon-composition v1 (no free machine translation),مصطلح غير مغطّى بالمعجم
00603981835083,Oats Cookies With Coconut & Honey,Jannath Sweet Bakery,,شوفان كوكيز جوز الهند عسل,GCC,unknown,45,REVIEW_BRAND_UNMAPPED,LOW,,openfoodfacts,https://world.openfoodfacts.org/product/0603981835083,controlled-lexicon-composition v1 (no free machine translation),علامة بلا مقابل عربي متحقَّق
00617950300724,Linea Italiano Macaroni,Alalali,العلالي,العلالي مكرونة,SA,unknown,,REVIEW_UNKNOWN_TERMS,LOW,linea;italiano,openfoodfacts,https://world.openfoodfacts.org/product/0617950300724,controlled-lexicon-composition v1 (no free machine translation),مصطلح غير مغطّى بالمعجم
00617950811169,Alalali peach halves in heavy syrup,,العلالي,العلالي خوخ شراب,SA,Cans-food,,REVIEW_UNKNOWN_TERMS,LOW,halves;heavy,openfoodfacts,https://world.openfoodfacts.org/product/0617950811169,controlled-lexicon-composition v1 (no free machine translation),مصطلح غير مغطّى بالمعجم
00628055911913,Premium Whey Protein Isolate,Believe Supplements,,فاخر واي بروتين آيزوليت,SA,unknown,30,REVIEW_BRAND_UNMAPPED,LOW,,openfoodfacts,https://world.openfoodfacts.org/product/0628055911913,controlled-lexicon-composition v1 (no free machine translation),علامة بلا مقابل عربي متحقَّق
00628693634083,Primavera Mistura,Pura Vida,,,SA,Fire-roasted-mixed-vegetables,85,REVIEW_UNKNOWN_TERMS,LOW,primavera;mistura,openfoodfacts,https://world.openfoodfacts.org/product/0628693634083,controlled-lexicon-composition v1 (no free machine translation),مصطلح غير مغطّى بالمعجم
00709993346972,Organic Protein Spread - Hazelnut Cocoa,Bonato,,عضوي بروتين سبريد بندق كاكاو,SA,unknown,34,REVIEW_BRAND_UNMAPPED,LOW,,openfoodfacts,https://world.openfoodfacts.org/product/0709993346972,controlled-lexicon-composition v1 (no free machine translation),علامة بلا مقابل عربي متحقَّق
00717273501508,AG Plain bread crumbs,American Garden,,سادة خبز,GCC,Breads,,REVIEW_UNKNOWN_TERMS,LOW,ag;crumbs,openfoodfacts,https://world.openfoodfacts.org/product/0717273501508,controlled-lexicon-composition v1 (no free machine translation),مصطلح غير مغطّى بالمعجم
00745760442966,Mr tito pizza flavor,,,بيتزا نكهة,SA,Chips,,REVIEW_UNKNOWN_TERMS,LOW,mr;tito,openfoodfacts,https://world.openfoodfacts.org/product/0745760442966,controlled-lexicon-composition v1 (no free machine translation),مصطلح غير مغطّى بالمعجم
03052910056377,Sirop de pêche,Monin,,,GCC,Sweetened beverages,,REVIEW_UNKNOWN_TERMS,LOW,sirop;che,openfoodfacts,https://world.openfoodfacts.org/product/3052910056377,controlled-lexicon-composition v1 (no free machine translation),مصطلح غير مغطّى بالمعجم
03161910091247,Le Beurre Doux,Noisy,دو,دو,GCC,Sweet cream butters,10,REVIEW_UNKNOWN_TERMS,LOW,beurre,openfoodfacts,https://world.openfoodfacts.org/product/3161910091247,controlled-lexicon-composition v1 (no free machine translation),مصطلح غير مغطّى بالمعجم
03451790196447,La Crème Entière Liquide 35% MG,Elle & Vire,ال آند فير,ال آند فير,GCC,fr:cremes-cuisson,30,REVIEW_UNKNOWN_TERMS,LOW,cr;me;enti;re;liquide;mg,openfoodfacts,https://world.openfoodfacts.org/product/3451790196447,controlled-lexicon-composition v1 (no free machine translation),مصطلح غير مغطّى بالمعجم
03451790802485,La Crème Sous Pression Gourmande 27% MG,Elle Et Vire,,,GCC,fr:cremes-cuisson,5,REVIEW_UNKNOWN_TERMS,LOW,cr;me;sous;pression;gourmande;mg,openfoodfacts,https://world.openfoodfacts.org/product/3451790802485,controlled-lexicon-composition v1 (no free machine translation),مصطلح غير مغطّى بالمعجم
04210110803286,Angus Ground beef,OZ,,مفروم لحم بقري,GCC,unknown,100,REVIEW_UNKNOWN_TERMS,LOW,angus,openfoodfacts,https://world.openfoodfacts.org/product/4210110803286,controlled-lexicon-composition v1 (no free machine translation),مصطلح غير مغطّى بالمعجم
04260523113137,Mayo Style Sauce,Callowfit,,ستايل صلصة,GCC,unknown,15,REVIEW_UNKNOWN_TERMS,LOW,mayo,openfoodfacts,https://world.openfoodfacts.org/product/4260523113137,controlled-lexicon-composition v1 (no free machine translation),مصطلح غير مغطّى بالمعجم
04902931110611,Botan white meat tuna fancy solid pack,,,أبيض لحم تونة عبوة,SA,unknown,,REVIEW_UNKNOWN_TERMS,LOW,botan;fancy;solid,openfoodfacts,https://world.openfoodfacts.org/product/4902931110611,controlled-lexicon-composition v1 (no free machine translation),مصطلح غير مغطّى بالمعجم
05011673147829,Italian Chopped Tomatoes With Basil,Epicure,,طماطم ريحان,GCC,unknown,100,REVIEW_UNKNOWN_TERMS,LOW,italian;chopped,openfoodfacts,https://world.openfoodfacts.org/product/5011673147829,controlled-lexicon-composition v1 (no free machine translation),مصطلح غير مغطّى بالمعجم
05014213200732,Crunchy Peanut Butter,Meridian Organic,,زبدة فول سوداني مقرمش,SA,Crunchy peanut butters,,REVIEW_BRAND_UNMAPPED,LOW,,openfoodfacts,https://world.openfoodfacts.org/product/5014213200732,controlled-lexicon-composition v1 (no free machine translation),علامة بلا مقابل عربي متحقَّق
05051153825793,Fizz Carbonated Drink (Orange),Dandy,,شراب برتقال,GCC,Sweetened beverages,100,REVIEW_UNKNOWN_TERMS,LOW,fizz;carbonated,openfoodfacts,https://world.openfoodfacts.org/product/5051153825793,controlled-lexicon-composition v1 (no free machine translation),مصطلح غير مغطّى بالمعجم
05056555200711,Applied nutrition cream of rice 2kg toffee biscuit,Applied Nutrition,,قشطة أرز توفي بسكويت,SA,unknown,100,REVIEW_BRAND_UNMAPPED,LOW,,openfoodfacts,https://world.openfoodfacts.org/product/5056555200711,controlled-lexicon-composition v1 (no free machine translation),علامة بلا مقابل عربي متحقَّق
05060686531477,Beef protein powder,Basix,,لحم بقري بروتين بودرة,SA,unknown,30,REVIEW_BRAND_UNMAPPED,LOW,,openfoodfacts,https://world.openfoodfacts.org/product/5060686531477,controlled-lexicon-composition v1 (no free machine translation),علامة بلا مقابل عربي متحقَّق
05099864014464,Ensure Max Protein - French Vanilla,Abbott,,بروتين فرنسي فانيلا,SA,unknown,330,REVIEW_UNKNOWN_TERMS,LOW,ensure;max,openfoodfacts,https://world.openfoodfacts.org/product/5099864014464,controlled-lexicon-composition v1 (no free machine translation),مصطلح غير مغطّى بالمعجم
05412873177218,French Fries,Delight,,فرنسي بطاطس مقلية,GCC,unknown,,REVIEW_BRAND_UNMAPPED,LOW,,openfoodfacts,https://world.openfoodfacts.org/product/5412873177218,controlled-lexicon-composition v1 (no free machine translation),علامة بلا مقابل عربي متحقَّق
05941192110335,Création cheese,President,بريزيدون,بريزيدون جبن,SA,ro:cremă-brânză,,REVIEW_UNKNOWN_TERMS,LOW,cr;ation,openfoodfacts,https://world.openfoodfacts.org/product/5941192110335,controlled-lexicon-composition v1 (no free machine translation),مصطلح غير مغطّى بالمعجم
06111255760039,Karma Moroccan Sardines in Vegetables oil,Karma,,سردين خضار زيت,GCC,Sardines in oil,,REVIEW_UNKNOWN_TERMS,LOW,moroccan,openfoodfacts,https://world.openfoodfacts.org/product/6111255760039,controlled-lexicon-composition v1 (no free machine translation),مصطلح غير مغطّى بالمعجم
06194029100415,Thon entier à l'huile d'olive vierge,El Manar,,زيتون,GCC,Whole tunas,,REVIEW_UNKNOWN_TERMS,LOW,thon;entier;huile;vierge,openfoodfacts,https://world.openfoodfacts.org/product/6194029100415,controlled-lexicon-composition v1 (no free machine translation),مصطلح غير مغطّى بالمعجم
06224001998478,Spiro Spatis Apple,Spiro Spatis,,تفاح,GCC,unknown,100,REVIEW_BRAND_UNMAPPED,LOW,,openfoodfacts,https://world.openfoodfacts.org/product/6224001998478,controlled-lexicon-composition v1 (no free machine translation),علامة بلا مقابل عربي متحقَّق
06251036300822,Mr.tortilla sweet chili carnaval,,,تورتيلا حلو شطة,SA,Chips,,REVIEW_UNKNOWN_TERMS,LOW,mr;carnaval,openfoodfacts,https://world.openfoodfacts.org/product/6251036300822,controlled-lexicon-composition v1 (no free machine translation),مصطلح غير مغطّى بالمعجم
06253808660509,Pita Bread,Qbake,كيو بيك,كيو بيك خبز,GCC,unknown,100,REVIEW_UNKNOWN_TERMS,LOW,pita,openfoodfacts,https://world.openfoodfacts.org/product/6253808660509,controlled-lexicon-composition v1 (no free machine translation),مصطلح غير مغطّى بالمعجم
06271002283010,KDD COCKTAIL SMALL 125 ML,,كي دي دي,كي دي دي كوكتيل,GCC,unknown,,REVIEW_UNKNOWN_TERMS,LOW,small,openfoodfacts,https://world.openfoodfacts.org/product/6271002283010,controlled-lexicon-composition v1 (no free machine translation),مصطلح غير مغطّى بالمعجم
06271003043057,Ougaily,KFM,,,GCC,unknown,50,REVIEW_UNKNOWN_TERMS,LOW,ougaily,openfoodfacts,https://world.openfoodfacts.org/product/6271003043057,controlled-lexicon-composition v1 (no free machine translation),مصطلح غير مغطّى بالمعجم
06271003071036,White Rugag Bread,Kuwait Flour Mills & Bakeries Co.,,أبيض خبز,GCC,unknown,,REVIEW_UNKNOWN_TERMS,LOW,rugag,openfoodfacts,https://world.openfoodfacts.org/product/6271003071036,controlled-lexicon-composition v1 (no free machine translation),مصطلح غير مغطّى بالمعجم
06271101161615,Medjool Dates,Baraka Dates,,تمر,GCC,unknown,16.9,REVIEW_UNKNOWN_TERMS,LOW,medjool,openfoodfacts,https://world.openfoodfacts.org/product/6271101161615,controlled-lexicon-composition v1 (no free machine translation),مصطلح غير مغطّى بالمعجم
06276822870778,Flan Entremet Chocolat,Dr. Oetker,,شوكولاتة,GCC,Flans,,REVIEW_UNKNOWN_TERMS,LOW,flan;entremet,openfoodfacts,https://world.openfoodfacts.org/product/6276822870778,controlled-lexicon-composition v1 (no free machine translation),مصطلح غير مغطّى بالمعجم
06281000010020,Zoi ice tea flavor peach,Zoi,,مثلج شاي نكهة خوخ,SA,Iced teas,320,REVIEW_BRAND_UNMAPPED,LOW,,openfoodfacts,https://world.openfoodfacts.org/product/6281000010020,controlled-lexicon-composition v1 (no free machine translation),علامة بلا مقابل عربي متحقَّق
06281007042857,SANDWICH ROLLS BROWN,l'usine,,ساندويتش رولز بني,SA,Breads,50,REVIEW_BRAND_UNMAPPED,LOW,,openfoodfacts,https://world.openfoodfacts.org/product/6281007042857,controlled-lexicon-composition v1 (no free machine translation),علامة بلا مقابل عربي متحقَّق
06281014003070,Welloo super clusters blueberry almond,,,سوبر توت أزرق لوز,SA,Oat,,REVIEW_UNKNOWN_TERMS,LOW,welloo;clusters,openfoodfacts,https://world.openfoodfacts.org/product/6281014003070,controlled-lexicon-composition v1 (no free machine translation),مصطلح غير مغطّى بالمعجم
06281014004077,Libbys premium quality fruit cocktail tropical in light syrup,,,فاخر فواكه كوكتيل لايت شراب,SA,Cans-food,,REVIEW_UNKNOWN_TERMS,LOW,libbys;quality;tropical,openfoodfacts,https://world.openfoodfacts.org/product/6281014004077,controlled-lexicon-composition v1 (no free machine translation),مصطلح غير مغطّى بالمعجم
06281016210117,Ma'amoul,,,,SA,Snacks-sucres,,REVIEW_UNKNOWN_TERMS,LOW,ma;amoul,openfoodfacts,https://world.openfoodfacts.org/product/6281016210117,controlled-lexicon-composition v1 (no free machine translation),مصطلح غير مغطّى بالمعجم
06281022118193,Activia Stirred Yoghurt Mixed Peach Apricot Light,Activia,أكتيفيا,أكتيفيا زبادي مشكل خوخ مشمش لايت,SA,Yogh,120,REVIEW_UNKNOWN_TERMS,LOW,stirred,openfoodfacts,https://world.openfoodfacts.org/product/6281022118193,controlled-lexicon-composition v1 (no free machine translation),مصطلح غير مغطّى بالمعجم
06281050089755,Xtreme Chicken Strips,Americana,أمريكانا,أمريكانا دجاج ستربس,SA,unknown,,REVIEW_UNKNOWN_TERMS,LOW,xtreme,openfoodfacts,https://world.openfoodfacts.org/product/6281050089755,controlled-lexicon-composition v1 (no free machine translation),مصطلح غير مغطّى بالمعجم
06281055003169,Hanaa oats granola nutty delight,,,شوفان جرانولا,SA,unknown,,REVIEW_UNKNOWN_TERMS,LOW,hanaa;nutty;delight,openfoodfacts,https://world.openfoodfacts.org/product/6281055003169,controlled-lexicon-composition v1 (no free machine translation),مصطلح غير مغطّى بالمعجم
06281057016853,Nadac crackles cheese flavor,,,جبن نكهة,SA,unknown,,REVIEW_UNKNOWN_TERMS,LOW,nadac;crackles,openfoodfacts,https://world.openfoodfacts.org/product/6281057016853,controlled-lexicon-composition v1 (no free machine translation),مصطلح غير مغطّى بالمعجم
06281063632290,Freshly artichoke bottoms,,فريشلي,فريشلي,SA,unknown,,REVIEW_UNKNOWN_TERMS,LOW,artichoke;bottoms,openfoodfacts,https://world.openfoodfacts.org/product/6281063632290,controlled-lexicon-composition v1 (no free machine translation),مصطلح غير مغطّى بالمعجم
06281100500810,Forsana labneh,,,لبنة,SA,Dairies,,REVIEW_UNKNOWN_TERMS,LOW,forsana,openfoodfacts,https://world.openfoodfacts.org/product/6281100500810,controlled-lexicon-composition v1 (no free machine translation),مصطلح غير مغطّى بالمعجم
06281101494354,Tierna white meat tuna with chili,,,أبيض لحم تونة شطة,SA,unknown,,REVIEW_UNKNOWN_TERMS,LOW,tierna,openfoodfacts,https://world.openfoodfacts.org/product/6281101494354,controlled-lexicon-composition v1 (no free machine translation),مصطلح غير مغطّى بالمعجم
06281103690105,Boom boom energy drink,,,طاقة شراب,SA,unknown,,REVIEW_UNKNOWN_TERMS,LOW,boom;boom,openfoodfacts,https://world.openfoodfacts.org/product/6281103690105,controlled-lexicon-composition v1 (no free machine translation),مصطلح غير مغطّى بالمعجم
06281106252539,Mamool Asawer,Siafa,سيافة,سيافة,SA,unknown,100,REVIEW_UNKNOWN_TERMS,LOW,mamool;asawer,openfoodfacts,https://world.openfoodfacts.org/product/6281106252539,controlled-lexicon-composition v1 (no free machine translation),مصطلح غير مغطّى بالمعجم
06282721711111,Extra Lean Ground Beef,Independent Store Clayton,,إكسترا مفروم لحم بقري,SA,unknown,,REVIEW_UNKNOWN_TERMS,LOW,lean,openfoodfacts,https://world.openfoodfacts.org/product/6282721711111,controlled-lexicon-composition v1 (no free machine translation),مصطلح غير مغطّى بالمعجم
06285349001053,Sukary,,,,SA,unknown,,REVIEW_UNKNOWN_TERMS,LOW,sukary,openfoodfacts,https://world.openfoodfacts.org/product/6285349001053,controlled-lexicon-composition v1 (no free machine translation),مصطلح غير مغطّى بالمعجم
06287001561684,Barley Wrap,Al Hatab,,شعير,SA,unknown,100,REVIEW_UNKNOWN_TERMS,LOW,wrap,openfoodfacts,https://world.openfoodfacts.org/product/6287001561684,controlled-lexicon-composition v1 (no free machine translation),مصطلح غير مغطّى بالمعجم
06287003650898,Sage Selection 2yrs prod,Alaseel Premium dates,,,SA,unknown,,REVIEW_UNKNOWN_TERMS,LOW,sage;selection;yrs;prod,openfoodfacts,https://world.openfoodfacts.org/product/6287003650898,controlled-lexicon-composition v1 (no free machine translation),مصطلح غير مغطّى بالمعجم
06287013330049,Sokari Dates,dibs,,تمر,SA,unknown,,REVIEW_UNKNOWN_TERMS,LOW,sokari,openfoodfacts,https://world.openfoodfacts.org/product/6287013330049,controlled-lexicon-composition v1 (no free machine translation),مصطلح غير مغطّى بالمعجم
06287016652407,Pistachio Crush Chocolate Bar,Crush,,فستق شوكولاتة لوح,SA,unknown,,REVIEW_BRAND_UNMAPPED,LOW,,openfoodfacts,https://world.openfoodfacts.org/product/6287016652407,controlled-lexicon-composition v1 (no free machine translation),علامة بلا مقابل عربي متحقَّق
06287042120994,Noug kids camel milk flavored with strawberry lactose free,,,خالي اللاكتوز إبل حليب بنكهة فراولة,SA,Dairies,,REVIEW_UNKNOWN_TERMS,LOW,noug;kids,openfoodfacts,https://world.openfoodfacts.org/product/6287042120994,controlled-lexicon-composition v1 (no free machine translation),مصطلح غير مغطّى بالمعجم
06291003096310,IGLOO Chocolate,Igloo,,شوكولاتة,GCC,unknown,100,REVIEW_BRAND_UNMAPPED,LOW,,openfoodfacts,https://world.openfoodfacts.org/product/6291003096310,controlled-lexicon-composition v1 (no free machine translation),علامة بلا مقابل عربي متحقَّق
06291007915624,Sweet And Salty Cracker,Britannia,بريتانيا,بريتانيا حلو,GCC,unknown,29,REVIEW_UNKNOWN_TERMS,LOW,salty;cracker,openfoodfacts,https://world.openfoodfacts.org/product/6291007915624,controlled-lexicon-composition v1 (no free machine translation),مصطلح غير مغطّى بالمعجم
06291010901041,Star miwedfruit,,,,GCC,unknown,,REVIEW_UNKNOWN_TERMS,LOW,star;miwedfruit,openfoodfacts,https://world.openfoodfacts.org/product/6291010901041,controlled-lexicon-composition v1 (no free machine translation),مصطلح غير مغطّى بالمعجم
06291011007797,Raja vegetable,,,خضار,SA,Chips,,REVIEW_UNKNOWN_TERMS,LOW,raja,openfoodfacts,https://world.openfoodfacts.org/product/6291011007797,controlled-lexicon-composition v1 (no free machine translation),مصطلح غير مغطّى بالمعجم
06291011061027,Protein Balls,Health Nation,,بروتين,GCC,unknown,15,REVIEW_UNKNOWN_TERMS,LOW,balls,openfoodfacts,https://world.openfoodfacts.org/product/6291011061027,controlled-lexicon-composition v1 (no free machine translation),مصطلح غير مغطّى بالمعجم
06291031004257,Greek yogurt vanilla marmum,Marmum,,يوناني زبادي فانيلا,GCC,unknown,100,REVIEW_BRAND_UNMAPPED,LOW,,openfoodfacts,https://world.openfoodfacts.org/product/6291031004257,controlled-lexicon-composition v1 (no free machine translation),علامة بلا مقابل عربي متحقَّق
06291052005462,Frozen Tender Chicken Breast,Prime,,مجمّد دجاج صدر,GCC,unknown,,REVIEW_UNKNOWN_TERMS,LOW,tender,openfoodfacts,https://world.openfoodfacts.org/product/6291052005462,controlled-lexicon-composition v1 (no free machine translation),مصطلح غير مغطّى بالمعجم
06291079374404,Chicken Hot Dog,FARM FRESH,فارم فريش,فارم فريش دجاج حار,GCC,unknown,83.3,REVIEW_UNKNOWN_TERMS,LOW,dog,openfoodfacts,https://world.openfoodfacts.org/product/6291079374404,controlled-lexicon-composition v1 (no free machine translation),مصطلح غير مغطّى بالمعجم
06291104285682,Organic raw coconut water,Organic Source,,عضوي خام جوز الهند ماء,GCC,unknown,235,REVIEW_BRAND_UNMAPPED,LOW,,openfoodfacts,https://world.openfoodfacts.org/product/6291104285682,controlled-lexicon-composition v1 (no free machine translation),علامة بلا مقابل عربي متحقَّق
06291107773643,Roasted Seaweed Snack,organic larder,أورجانيك لاردر,أورجانيك لاردر محمّص سناك,GCC,unknown,5,REVIEW_UNKNOWN_TERMS,LOW,seaweed,openfoodfacts,https://world.openfoodfacts.org/product/6291107773643,controlled-lexicon-composition v1 (no free machine translation),مصطلح غير مغطّى بالمعجم
06294004120985,Extra mischung mix,,,إكسترا مشكل,GCC,unknown,,REVIEW_UNKNOWN_TERMS,LOW,mischung,openfoodfacts,https://world.openfoodfacts.org/product/6294004120985,controlled-lexicon-composition v1 (no free machine translation),مصطلح غير مغطّى بالمعجم
06295156001788,Bark Bites (Caramlized hazelnut),Bateel,بتيل,بتيل قطع بندق,GCC,unknown,100,REVIEW_UNKNOWN_TERMS,LOW,bark;caramlized,openfoodfacts,https://world.openfoodfacts.org/product/6295156001788,controlled-lexicon-composition v1 (no free machine translation),مصطلح غير مغطّى بالمعجم
06297000999173,Barazek,,,,GCC,unknown,,REVIEW_UNKNOWN_TERMS,LOW,barazek,openfoodfacts,https://world.openfoodfacts.org/product/6297000999173,controlled-lexicon-composition v1 (no free machine translation),مصطلح غير مغطّى بالمعجم
06297001393826,Plant-based Marta,Switch,,نباتي,GCC,unknown,120,REVIEW_UNKNOWN_TERMS,LOW,based;marta,openfoodfacts,https://world.openfoodfacts.org/product/6297001393826,controlled-lexicon-composition v1 (no free machine translation),مصطلح غير مغطّى بالمعجم
06298043992541,Dubai chocolate crème de pistache & kunafa,,,شوكولاتة كنافة,GCC,unknown,,REVIEW_UNKNOWN_TERMS,LOW,dubai;cr;me;pistache,openfoodfacts,https://world.openfoodfacts.org/product/6298043992541,controlled-lexicon-composition v1 (no free machine translation),مصطلح غير مغطّى بالمعجم
06298044127164,Khalas Dates,Goldate,,تمر,GCC,unknown,,REVIEW_UNKNOWN_TERMS,LOW,khalas,openfoodfacts,https://world.openfoodfacts.org/product/6298044127164,controlled-lexicon-composition v1 (no free machine translation),مصطلح غير مغطّى بالمعجم
06300900101222,Mixed Berries Greek Yogurt Drink,Alwajba,,مشكل توت يوناني زبادي شراب,GCC,unknown,330,REVIEW_BRAND_UNMAPPED,LOW,,openfoodfacts,https://world.openfoodfacts.org/product/6300900101222,controlled-lexicon-composition v1 (no free machine translation),علامة بلا مقابل عربي متحقَّق
06308437864023,Pulpe de tomates,Savino,,,GCC,unknown,100,REVIEW_UNKNOWN_TERMS,LOW,pulpe;tomates,openfoodfacts,https://world.openfoodfacts.org/product/6308437864023,controlled-lexicon-composition v1 (no free machine translation),مصطلح غير مغطّى بالمعجم
07891515575038,Tempura chicken nuggets,Sadia,ساديا,ساديا دجاج ناجتس,GCC,unknown,100,REVIEW_UNKNOWN_TERMS,LOW,tempura,openfoodfacts,https://world.openfoodfacts.org/product/7891515575038,controlled-lexicon-composition v1 (no free machine translation),مصطلح غير مغطّى بالمعجم
08004030592247,Light Meat Tuna,Rio Mare,,لايت لحم تونة,GCC,unknown,70,REVIEW_BRAND_UNMAPPED,LOW,,openfoodfacts,https://world.openfoodfacts.org/product/8004030592247,controlled-lexicon-composition v1 (no free machine translation),علامة بلا مقابل عربي متحقَّق
08044190073835,Laban Sharab (Original) (Low Fat),Dandy,,قليل الدسم لبن أصلي,GCC,Light buttermilks,101.5,REVIEW_UNKNOWN_TERMS,LOW,sharab,openfoodfacts,https://world.openfoodfacts.org/product/8044190073835,controlled-lexicon-composition v1 (no free machine translation),مصطلح غير مغطّى بالمعجم
08445292223706,Nesquik Strawberry Taste,Nestle,نستله,نستله فراولة نكهة,SA,unknown,30,REVIEW_UNKNOWN_TERMS,LOW,nesquik,openfoodfacts,https://world.openfoodfacts.org/product/8445292223706,controlled-lexicon-composition v1 (no free machine translation),مصطلح غير مغطّى بالمعجم
08684891900551,Protein Puffs,Bite & More,,بروتين نفخات,SA,unknown,50,REVIEW_BRAND_UNMAPPED,LOW,,openfoodfacts,https://world.openfoodfacts.org/product/8684891900551,controlled-lexicon-composition v1 (no free machine translation),علامة بلا مقابل عربي متحقَّق
08691707140049,Amada stix Milk Chocolate,Amanda,,حليب شوكولاتة,SA,Chocolate-covered biscuits,,REVIEW_UNKNOWN_TERMS,LOW,amada;stix,openfoodfacts,https://world.openfoodfacts.org/product/8691707140049,controlled-lexicon-composition v1 (no free machine translation),مصطلح غير مغطّى بالمعجم
08710998534761,Filled Cookies,Magnifique,,محشو كوكيز,GCC,unknown,100,REVIEW_BRAND_UNMAPPED,LOW,,openfoodfacts,https://world.openfoodfacts.org/product/8710998534761,controlled-lexicon-composition v1 (no free machine translation),علامة بلا مقابل عربي متحقَّق
08906030521763,Cardamom Sugar Free Karak Tea,Neel Chai,,خالي السكر هيل كرك شاي,GCC,unknown,16,REVIEW_BRAND_UNMAPPED,LOW,,openfoodfacts,https://world.openfoodfacts.org/product/8906030521763,controlled-lexicon-composition v1 (no free machine translation),علامة بلا مقابل عربي متحقَّق
08908013252190,Muesli Fruity Crunch,Fit & Flex,,مقرمش,GCC,unknown,,REVIEW_UNKNOWN_TERMS,LOW,muesli;fruity,openfoodfacts,https://world.openfoodfacts.org/product/8908013252190,controlled-lexicon-composition v1 (no free machine translation),مصطلح غير مغطّى بالمعجم
08936144484234,Rice paper,Tastée,,أرز,SA,unknown,,REVIEW_UNKNOWN_TERMS,LOW,paper,openfoodfacts,https://world.openfoodfacts.org/product/8936144484234,controlled-lexicon-composition v1 (no free machine translation),مصطلح غير مغطّى بالمعجم
09504000142117,Organic Maple Syrup,Lands Best,,عضوي شراب,GCC,unknown,30,REVIEW_UNKNOWN_TERMS,LOW,maple,openfoodfacts,https://world.openfoodfacts.org/product/9504000142117,controlled-lexicon-composition v1 (no free machine translation),مصطلح غير مغطّى بالمعجم
00000029252022,Dark Chocolate,Marks & Spencer (M&S Food),,داكن شوكولاتة,GCC,Biscuits or Cookies (Perishable),100,REVIEW_BRAND_UNMAPPED,LOW,,openfoodfacts,https://world.openfoodfacts.org/product/29252022,controlled-lexicon-composition v1 (no free machine translation),علامة بلا مقابل عربي متحقَّق
00000029589951,Chorizo,Spinneys,سبينيس,سبينيس,GCC,unknown,100,REVIEW_UNKNOWN_TERMS,LOW,chorizo,openfoodfacts,https://world.openfoodfacts.org/product/29589951,controlled-lexicon-composition v1 (no free machine translation),مصطلح غير مغطّى بالمعجم
00000029604807,Double Chocolate Mini Bites,Spinneys Food,سبينيس,سبينيس شوكولاتة ميني قطع,GCC,unknown,17,REVIEW_UNKNOWN_TERMS,LOW,double,openfoodfacts,https://world.openfoodfacts.org/product/29604807,controlled-lexicon-composition v1 (no free machine translation),مصطلح غير مغطّى بالمعجم
00000030028777,La Crème Entière 35% MG,Elle & Vire,ال آند فير,ال آند فير,GCC,fr:cremes-cuisson,30,REVIEW_UNKNOWN_TERMS,LOW,cr;me;enti;re;mg,openfoodfacts,https://world.openfoodfacts.org/product/30028777,controlled-lexicon-composition v1 (no free machine translation),مصطلح غير مغطّى بالمعجم
00000080310891,Kinder Joy,Kinder,كيندر,كيندر,GCC,Oeufs-en-chocolat,20,REVIEW_UNKNOWN_TERMS,LOW,joy,openfoodfacts,https://world.openfoodfacts.org/product/80310891,controlled-lexicon-composition v1 (no free machine translation),مصطلح غير مغطّى بالمعجم
00000090474811,Red bull curuba-elderflower flavor energy drink,,ريد بول,ريد بول نكهة طاقة شراب,SA,Energy drinks,,REVIEW_UNKNOWN_TERMS,LOW,curuba;elderflower,openfoodfacts,https://world.openfoodfacts.org/product/90474811,controlled-lexicon-composition v1 (no free machine translation),مصطلح غير مغطّى بالمعجم
00028400029025,Kettle cooked original,Lay's,ليز,ليز مطبوخ أصلي,SA,unknown,,REVIEW_UNKNOWN_TERMS,LOW,kettle,openfoodfacts,https://world.openfoodfacts.org/product/0028400029025,controlled-lexicon-composition v1 (no free machine translation),مصطلح غير مغطّى بالمعجم
00032894010919,Egyptian Recipe Fava Beans,California Garden,كاليفورنيا جاردن,كاليفورنيا جاردن وصفة فول فاصوليا,GCC,ar:beans,130,REVIEW_UNKNOWN_TERMS,LOW,egyptian,openfoodfacts,https://world.openfoodfacts.org/product/0032894010919,controlled-lexicon-composition v1 (no free machine translation),مصطلح غير مغطّى بالمعجم
00628000600329,MEAL STARTERS BLACK GARLIC CHICKEN BREAST SKEWERS,ROSSDOWN,,أسود ثوم دجاج صدر,SA,unknown,100,REVIEW_UNKNOWN_TERMS,LOW,meal;starters;skewers,openfoodfacts,https://world.openfoodfacts.org/product/0628000600329,controlled-lexicon-composition v1 (no free machine translation),مصطلح غير مغطّى بالمعجم
00681250010904,Dried Chickpeas,Majdi,,مجفّف حمص,GCC,unknown,100,REVIEW_BRAND_UNMAPPED,LOW,,openfoodfacts,https://world.openfoodfacts.org/product/0681250010904,controlled-lexicon-composition v1 (no free machine translation),علامة بلا مقابل عربي متحقَّق
00717273508644,Peanut butter,American Garden,,زبدة فول سوداني,GCC,Peanut butters,32,REVIEW_BRAND_UNMAPPED,LOW,,openfoodfacts,https://world.openfoodfacts.org/product/0717273508644,controlled-lexicon-composition v1 (no free machine translation),علامة بلا مقابل عربي متحقَّق
00717273509108,Creamy Ranch Light,AMERICAN GARDEN,,كريمي لايت,SA,Salad dressings,32,REVIEW_UNKNOWN_TERMS,LOW,ranch,openfoodfacts,https://world.openfoodfacts.org/product/0717273509108,controlled-lexicon-composition v1 (no free machine translation),مصطلح غير مغطّى بالمعجم
00814646006346,Hayat white oats whole grain oat flakes,Hayat,,حبوب كاملة أبيض شوفان شوفان رقائق,SA,Oat,40,REVIEW_BRAND_UNMAPPED,LOW,,openfoodfacts,https://world.openfoodfacts.org/product/0814646006346,controlled-lexicon-composition v1 (no free machine translation),علامة بلا مقابل عربي متحقَّق
00859686004006,dark chocolate almond & sea salt,barkTHINS,,داكن شوكولاتة لوز بحري ملح,GCC,Dark chocolates with almonds,31,REVIEW_BRAND_UNMAPPED,LOW,,openfoodfacts,https://world.openfoodfacts.org/product/0859686004006,controlled-lexicon-composition v1 (no free machine translation),علامة بلا مقابل عربي متحقَّق
00860014581328,White Chocolate Peanut Butter Cookie Sandwich,Hangry Boy,,زبدة فول سوداني أبيض شوكولاتة كوكيز ساندويتش,GCC,unknown,65,REVIEW_BRAND_UNMAPPED,LOW,,openfoodfacts,https://world.openfoodfacts.org/product/0860014581328,controlled-lexicon-composition v1 (no free machine translation),علامة بلا مقابل عربي متحقَّق
01110000143658,Garlic Bread,Modern Bakery,,ثوم خبز,GCC,unknown,50,REVIEW_BRAND_UNMAPPED,LOW,,openfoodfacts,https://world.openfoodfacts.org/product/1110000143658,controlled-lexicon-composition v1 (no free machine translation),علامة بلا مقابل عربي متحقَّق
03038351484207,Tagliatelle,Panzani,,,GCC,unknown,,REVIEW_UNKNOWN_TERMS,LOW,tagliatelle,openfoodfacts,https://world.openfoodfacts.org/product/3038351484207,controlled-lexicon-composition v1 (no free machine translation),مصطلح غير مغطّى بالمعجم
03046920023351,Lindtextra hazelnut,Lindt,,إكسترا بندق,GCC,unknown,11.5,REVIEW_BRAND_UNMAPPED,LOW,,openfoodfacts,https://world.openfoodfacts.org/product/3046920023351,controlled-lexicon-composition v1 (no free machine translation),علامة بلا مقابل عربي متحقَّق
03179142040186,Nappage caramel goût beurre salé,Vahiné,,كراميل,GCC,Toppings,,REVIEW_UNKNOWN_TERMS,LOW,nappage;go;beurre;sal,openfoodfacts,https://world.openfoodfacts.org/product/3179142040186,controlled-lexicon-composition v1 (no free machine translation),مصطلح غير مغطّى بالمعجم
03701239903212,Graines de folie épices cajun,Michel & Augustin,,,GCC,Crackers (Appetizers),,REVIEW_UNKNOWN_TERMS,LOW,graines;folie;pices;cajun,openfoodfacts,https://world.openfoodfacts.org/product/3701239903212,controlled-lexicon-composition v1 (no free machine translation),مصطلح غير مغطّى بالمعجم
05000169122556,French Brie,Essential Waitrose,,فرنسي,GCC,Bries,,REVIEW_UNKNOWN_TERMS,LOW,brie,openfoodfacts,https://world.openfoodfacts.org/product/5000169122556,controlled-lexicon-composition v1 (no free machine translation),مصطلح غير مغطّى بالمعجم
05000396008784,4 Grain Biscuits,MISURA DOLCESENZA,,بسكويت,SA,Shortbread cookies,14.8,REVIEW_UNKNOWN_TERMS,LOW,grain,openfoodfacts,https://world.openfoodfacts.org/product/5000396008784,controlled-lexicon-composition v1 (no free machine translation),مصطلح غير مغطّى بالمعجم
05000396032444,Mcvities Digestive Chocolate Creams Biscuits,McVitie's,ماكفيتيز,ماكفيتيز دايجستيف شوكولاتة بسكويت,GCC,unknown,,REVIEW_UNKNOWN_TERMS,LOW,creams,openfoodfacts,https://world.openfoodfacts.org/product/5000396032444,controlled-lexicon-composition v1 (no free machine translation),مصطلح غير مغطّى بالمعجم
05032722312920,Organic Rye Bread Chia & Flax Seed,Biona Organic,,عضوي خبز شيا كتان بذور,SA,Vegan-bread,72,REVIEW_UNKNOWN_TERMS,LOW,rye,openfoodfacts,https://world.openfoodfacts.org/product/5032722312920,controlled-lexicon-composition v1 (no free machine translation),مصطلح غير مغطّى بالمعجم
05050083597367,miel pops,Kellogg's,,,GCC,Cereals with honey,,REVIEW_UNKNOWN_TERMS,LOW,miel;pops,openfoodfacts,https://world.openfoodfacts.org/product/5050083597367,controlled-lexicon-composition v1 (no free machine translation),مصطلح غير مغطّى بالمعجم
05060728130088,Frozen Blueberries,OSEA,,مجمّد,SA,unknown,140,REVIEW_UNKNOWN_TERMS,LOW,blueberries,openfoodfacts,https://world.openfoodfacts.org/product/5060728130088,controlled-lexicon-composition v1 (no free machine translation),مصطلح غير مغطّى بالمعجم
05202178001901,Yogurt greco alla pesca,Olympus,,زبادي,GCC,Greek-style yogurts,,REVIEW_UNKNOWN_TERMS,LOW,greco;alla;pesca,openfoodfacts,https://world.openfoodfacts.org/product/5202178001901,controlled-lexicon-composition v1 (no free machine translation),مصطلح غير مغطّى بالمعجم
05397136008020,Salted Caramel Bar,Jacob's,,مملّح كراميل لوح,GCC,unknown,18,REVIEW_BRAND_UNMAPPED,LOW,,openfoodfacts,https://world.openfoodfacts.org/product/5397136008020,controlled-lexicon-composition v1 (no free machine translation),علامة بلا مقابل عربي متحقَّق
05704025036208,Summer smoothe,Emborg,إمبورج,إمبورج,GCC,unknown,100,REVIEW_UNKNOWN_TERMS,LOW,summer;smoothe,openfoodfacts,https://world.openfoodfacts.org/product/5704025036208,controlled-lexicon-composition v1 (no free machine translation),مصطلح غير مغطّى بالمعجم
05998207947745,Cheese Slices Sandwich,Imima,,جبن شرائح ساندويتش,GCC,unknown,100,REVIEW_BRAND_UNMAPPED,LOW,,openfoodfacts,https://world.openfoodfacts.org/product/5998207947745,controlled-lexicon-composition v1 (no free machine translation),علامة بلا مقابل عربي متحقَّق
06074615446090,Pain craquant norvegien seigle et son d'epeautre,,,,GCC,unknown,,REVIEW_UNKNOWN_TERMS,LOW,pain;craquant;norvegien;seigle;et;son;epeautre,openfoodfacts,https://world.openfoodfacts.org/product/6074615446090,controlled-lexicon-composition v1 (no free machine translation),مصطلح غير مغطّى بالمعجم
06081942823647,Pasta & sauce cheese & broccoli flavour,Aldi,,معكرونة صلصة جبن نكهة,GCC,unknown,190,REVIEW_UNKNOWN_TERMS,LOW,broccoli,openfoodfacts,https://world.openfoodfacts.org/product/6081942823647,controlled-lexicon-composition v1 (no free machine translation),مصطلح غير مغطّى بالمعجم
06083166092809,Cookies And Cream Nut Butter,Early Riser,,كوكيز قشطة زبدة,GCC,unknown,14,REVIEW_UNKNOWN_TERMS,LOW,nut,openfoodfacts,https://world.openfoodfacts.org/product/6083166092809,controlled-lexicon-composition v1 (no free machine translation),مصطلح غير مغطّى بالمعجم
06083354167166,Sinaasappel en kiwi,Rio D'oro,,,GCC,unknown,500,REVIEW_UNKNOWN_TERMS,LOW,sinaasappel;en;kiwi,openfoodfacts,https://world.openfoodfacts.org/product/6083354167166,controlled-lexicon-composition v1 (no free machine translation),مصطلح غير مغطّى بالمعجم
06221029060330,Beef Kebbeh,Halwani Bros,حلواني,حلواني لحم بقري,SA,unknown,100,REVIEW_UNKNOWN_TERMS,LOW,kebbeh,openfoodfacts,https://world.openfoodfacts.org/product/6221029060330,controlled-lexicon-composition v1 (no free machine translation),مصطلح غير مغطّى بالمعجم
06271002119111,KDD thick cream,,كي دي دي,كي دي دي قشطة,GCC,unknown,,REVIEW_UNKNOWN_TERMS,LOW,thick,openfoodfacts,https://world.openfoodfacts.org/product/6271002119111,controlled-lexicon-composition v1 (no free machine translation),مصطلح غير مغطّى بالمعجم
06271011102470,Full Fat Milk,Kd Cow,,كامل الدسم حليب,GCC,unknown,100,REVIEW_BRAND_UNMAPPED,LOW,,openfoodfacts,https://world.openfoodfacts.org/product/6271011102470,controlled-lexicon-composition v1 (no free machine translation),علامة بلا مقابل عربي متحقَّق
06277000033794,Giant Nugget,Forevermore,,,GCC,unknown,125,REVIEW_UNKNOWN_TERMS,LOW,giant;nugget,openfoodfacts,https://world.openfoodfacts.org/product/6277000033794,controlled-lexicon-composition v1 (no free machine translation),مصطلح غير مغطّى بالمعجم
06281007066563,LUSINE,,,,GCC,Pastries,80,REVIEW_UNKNOWN_TERMS,LOW,lusine,openfoodfacts,https://world.openfoodfacts.org/product/6281007066563,controlled-lexicon-composition v1 (no free machine translation),مصطلح غير مغطّى بالمعجم
06281016012971,Albatal curls cheese flavor,,البطل,البطل جبن نكهة,SA,unknown,15,REVIEW_UNKNOWN_TERMS,LOW,curls,openfoodfacts,https://world.openfoodfacts.org/product/6281016012971,controlled-lexicon-composition v1 (no free machine translation),مصطلح غير مغطّى بالمعجم
06281039823417,Crispy letters fiery ketchup,,,مقرمش كاتشب,SA,unknown,,REVIEW_UNKNOWN_TERMS,LOW,letters;fiery,openfoodfacts,https://world.openfoodfacts.org/product/6281039823417,controlled-lexicon-composition v1 (no free machine translation),مصطلح غير مغطّى بالمعجم
06281050214744,Tender Chicken Breast,Americana,أمريكانا,أمريكانا دجاج صدر,GCC,Frozen chicken breast without skin raw,100,REVIEW_UNKNOWN_TERMS,LOW,tender,openfoodfacts,https://world.openfoodfacts.org/product/6281050214744,controlled-lexicon-composition v1 (no free machine translation),مصطلح غير مغطّى بالمعجم
06281063461036,Orient gardens whole peeled tomatoes in tomato juice,,,شرقي حدائق طماطم طماطم عصير,SA,unknown,,REVIEW_UNKNOWN_TERMS,LOW,whole;peeled,openfoodfacts,https://world.openfoodfacts.org/product/6281063461036,controlled-lexicon-composition v1 (no free machine translation),مصطلح غير مغطّى بالمعجم
06281100306962,Borgat,,,,SA,unknown,,REVIEW_UNKNOWN_TERMS,LOW,borgat,openfoodfacts,https://world.openfoodfacts.org/product/6281100306962,controlled-lexicon-composition v1 (no free machine translation),مصطلح غير مغطّى بالمعجم
06281105795976,Baja Dluxe Mix Unsalted,,,مشكل بدون ملح,SA,unknown,,REVIEW_UNKNOWN_TERMS,LOW,baja;dluxe,openfoodfacts,https://world.openfoodfacts.org/product/6281105795976,controlled-lexicon-composition v1 (no free machine translation),مصطلح غير مغطّى بالمعجم
06281106256582,Mamool,,,,SA,unknown,,REVIEW_UNKNOWN_TERMS,LOW,mamool,openfoodfacts,https://world.openfoodfacts.org/product/6281106256582,controlled-lexicon-composition v1 (no free machine translation),مصطلح غير مغطّى بالمعجم
06281801851303,Reem light meat tuna in sunflower oil,,,زيت دوار الشمس لايت لحم تونة,SA,unknown,,REVIEW_UNKNOWN_TERMS,LOW,reem,openfoodfacts,https://world.openfoodfacts.org/product/6281801851303,controlled-lexicon-composition v1 (no free machine translation),مصطلح غير مغطّى بالمعجم
06285349000087,Sukary dattes fraîche,,,تمر,SA,unknown,,REVIEW_UNKNOWN_TERMS,LOW,sukary;fra;che,openfoodfacts,https://world.openfoodfacts.org/product/6285349000087,controlled-lexicon-composition v1 (no free machine translation),مصطلح غير مغطّى بالمعجم
06286349292229,All-In Superfood,Younited,,,SA,unknown,10,REVIEW_UNKNOWN_TERMS,LOW,all;superfood,openfoodfacts,https://world.openfoodfacts.org/product/6286349292229,controlled-lexicon-composition v1 (no free machine translation),مصطلح غير مغطّى بالمعجم
06286783492254,Taiwanese Alkaline Noodles,LTC,,نودلز,SA,unknown,100,REVIEW_UNKNOWN_TERMS,LOW,taiwanese;alkaline,openfoodfacts,https://world.openfoodfacts.org/product/6286783492254,controlled-lexicon-composition v1 (no free machine translation),مصطلح غير مغطّى بالمعجم
06286788600142,Mélange à pancakes croustillantes au sucre à la cannelle,,,,SA,unknown,,REVIEW_UNKNOWN_TERMS,LOW,lange;pancakes;croustillantes;au;sucre;cannelle,openfoodfacts,https://world.openfoodfacts.org/product/6286788600142,controlled-lexicon-composition v1 (no free machine translation),مصطلح غير مغطّى بالمعجم
06287006941412,Kitco Popcorn Chesse,KITCO,كيتكو,كيتكو فشار,SA,unknown,90,REVIEW_UNKNOWN_TERMS,LOW,chesse,openfoodfacts,https://world.openfoodfacts.org/product/6287006941412,controlled-lexicon-composition v1 (no free machine translation),مصطلح غير مغطّى بالمعجم
06287043720377,Italian Ciabatta,Alhatab,,,SA,unknown,135,REVIEW_UNKNOWN_TERMS,LOW,italian;ciabatta,openfoodfacts,https://world.openfoodfacts.org/product/6287043720377,controlled-lexicon-composition v1 (no free machine translation),مصطلح غير مغطّى بالمعجم
06288654645363,Sella Golden Basmati Extra-Langkorn Reis,Shabnam,,سيلا بسمتي إكسترا,SA,Basmati rices,,REVIEW_UNKNOWN_TERMS,LOW,golden;langkorn;reis,openfoodfacts,https://world.openfoodfacts.org/product/6288654645363,controlled-lexicon-composition v1 (no free machine translation),مصطلح غير مغطّى بالمعجم
06290090017673,Kraft fromage fondu à tartiner,Kraft,كرافت,كرافت,GCC,Melted-cheese,,REVIEW_UNKNOWN_TERMS,LOW,fromage;fondu;tartiner,openfoodfacts,https://world.openfoodfacts.org/product/6290090017673,controlled-lexicon-composition v1 (no free machine translation),مصطلح غير مغطّى بالمعجم
06290360960043,Zing’d Shrimps,Golden Fresh,,,GCC,unknown,,REVIEW_UNKNOWN_TERMS,LOW,zing;shrimps,openfoodfacts,https://world.openfoodfacts.org/product/6290360960043,controlled-lexicon-composition v1 (no free machine translation),مصطلح غير مغطّى بالمعجم
06291003054297,Pure vegetable ghee,Hayath,,نقي خضار سمن,GCC,Butters,,REVIEW_BRAND_UNMAPPED,LOW,,openfoodfacts,https://world.openfoodfacts.org/product/6291003054297,controlled-lexicon-composition v1 (no free machine translation),علامة بلا مقابل عربي متحقَّق
06291003085895,FARO (Tiffany),,تيفاني,تيفاني,GCC,Confectioneries,40,REVIEW_UNKNOWN_TERMS,LOW,faro,openfoodfacts,https://world.openfoodfacts.org/product/6291003085895,controlled-lexicon-composition v1 (no free machine translation),مصطلح غير مغطّى بالمعجم
06291003099403,London Dairy Ice Cream Butter Pecan,London Dairy,,آيس كريم زبدة,GCC,unknown,,REVIEW_UNKNOWN_TERMS,LOW,pecan,openfoodfacts,https://world.openfoodfacts.org/product/6291003099403,controlled-lexicon-composition v1 (no free machine translation),مصطلح غير مغطّى بالمعجم
06291007901030,Pistachio-almond Cookies,Good Day,,فستق لوز كوكيز,GCC,Biscuits,32,REVIEW_BRAND_UNMAPPED,LOW,,openfoodfacts,https://world.openfoodfacts.org/product/6291007901030,controlled-lexicon-composition v1 (no free machine translation),علامة بلا مقابل عربي متحقَّق
06291011059383,Salted Caramel Snack,FADE FIT,,مملّح كراميل سناك,SA,unknown,15,REVIEW_BRAND_UNMAPPED,LOW,,openfoodfacts,https://world.openfoodfacts.org/product/6291011059383,controlled-lexicon-composition v1 (no free machine translation),علامة بلا مقابل عربي متحقَّق
06291014133929,Pekanz,,,,GCC,unknown,,REVIEW_UNKNOWN_TERMS,LOW,pekanz,openfoodfacts,https://world.openfoodfacts.org/product/6291014133929,controlled-lexicon-composition v1 (no free machine translation),مصطلح غير مغطّى بالمعجم
06291044110242,Sterilac Yoghurt,SAFA,,زبادي,GCC,unknown,,REVIEW_UNKNOWN_TERMS,LOW,sterilac,openfoodfacts,https://world.openfoodfacts.org/product/6291044110242,controlled-lexicon-composition v1 (no free machine translation),مصطلح غير مغطّى بالمعجم
06291103750297,Pav Bhaji Masala,MDH,,ماسالا,GCC,Groceries,5,REVIEW_UNKNOWN_TERMS,LOW,pav;bhaji,openfoodfacts,https://world.openfoodfacts.org/product/6291103750297,controlled-lexicon-composition v1 (no free machine translation),مصطلح غير مغطّى بالمعجم
06291105694452,Bugles ketchup flavor,,,كاتشب نكهة,SA,unknown,,REVIEW_UNKNOWN_TERMS,LOW,bugles,openfoodfacts,https://world.openfoodfacts.org/product/6291105694452,controlled-lexicon-composition v1 (no free machine translation),مصطلح غير مغطّى بالمعجم
06291107613642,Cashews organic,,,عضوي,GCC,Cashew nuts,,REVIEW_UNKNOWN_TERMS,LOW,cashews,openfoodfacts,https://world.openfoodfacts.org/product/6291107613642,controlled-lexicon-composition v1 (no free machine translation),مصطلح غير مغطّى بالمعجم
06291115000021,Camel Milk,Camelicious,,إبل حليب,GCC,unknown,100,REVIEW_BRAND_UNMAPPED,LOW,,openfoodfacts,https://world.openfoodfacts.org/product/6291115000021,controlled-lexicon-composition v1 (no free machine translation),علامة بلا مقابل عربي متحقَّق
06294003569105,Chicken stock,Nestlé,نستله,نستله دجاج,GCC,unknown,,REVIEW_UNKNOWN_TERMS,LOW,stock,openfoodfacts,https://world.openfoodfacts.org/product/6294003569105,controlled-lexicon-composition v1 (no free machine translation),مصطلح غير مغطّى بالمعجم
06294007302005,Dattes fourrées pistaches et chocolat lait chamelle,,,تمر شوكولاتة,GCC,Fruit confectioneries,,REVIEW_UNKNOWN_TERMS,LOW,fourr;es;pistaches;et;lait;chamelle,openfoodfacts,https://world.openfoodfacts.org/product/6294007302005,controlled-lexicon-composition v1 (no free machine translation),مصطلح غير مغطّى بالمعجم
06294011612749,Muesli Crunchy Fruity,Lulu,لولو,لولو مقرمش,GCC,Mueslis with fruits,,REVIEW_UNKNOWN_TERMS,LOW,muesli;fruity,openfoodfacts,https://world.openfoodfacts.org/product/6294011612749,controlled-lexicon-composition v1 (no free machine translation),مصطلح غير مغطّى بالمعجم
06294017134931,Nestle minis,,نستله,نستله,SA,Chocolates,,REVIEW_UNKNOWN_TERMS,LOW,minis,openfoodfacts,https://world.openfoodfacts.org/product/6294017134931,controlled-lexicon-composition v1 (no free machine translation),مصطلح غير مغطّى بالمعجم
06294017516027,Chocolate Pound Cake,Baker’s Pick,,شوكولاتة كيك,GCC,unknown,40,REVIEW_UNKNOWN_TERMS,LOW,pound,openfoodfacts,https://world.openfoodfacts.org/product/6294017516027,controlled-lexicon-composition v1 (no free machine translation),مصطلح غير مغطّى بالمعجم
06297000361666,Al Barakah Dates,,,تمر,GCC,unknown,,REVIEW_UNKNOWN_TERMS,LOW,al;barakah,openfoodfacts,https://world.openfoodfacts.org/product/6297000361666,controlled-lexicon-composition v1 (no free machine translation),مصطلح غير مغطّى بالمعجم
06297000721873,Start the original,,,أصلي,GCC,unknown,,REVIEW_UNKNOWN_TERMS,LOW,start,openfoodfacts,https://world.openfoodfacts.org/product/6297000721873,controlled-lexicon-composition v1 (no free machine translation),مصطلح غير مغطّى بالمعجم
06297001558065,Zen Mini Cookies,Keto Real,,ميني كوكيز,GCC,Ketogenic-products,15,REVIEW_UNKNOWN_TERMS,LOW,zen,openfoodfacts,https://world.openfoodfacts.org/product/6297001558065,controlled-lexicon-composition v1 (no free machine translation),مصطلح غير مغطّى بالمعجم
06299200044455,Toast Slices Light,Milba,,توست شرائح لايت,GCC,unknown,,REVIEW_BRAND_UNMAPPED,LOW,,openfoodfacts,https://world.openfoodfacts.org/product/6299200044455,controlled-lexicon-composition v1 (no free machine translation),علامة بلا مقابل عربي متحقَّق
06303745002068,Raise The Bar,,,لوح,GCC,unknown,45,REVIEW_UNKNOWN_TERMS,LOW,raise,openfoodfacts,https://world.openfoodfacts.org/product/6303745002068,controlled-lexicon-composition v1 (no free machine translation),مصطلح غير مغطّى بالمعجم
06306076416870,Mon biscuit choco,,,بسكويت شوكولاتة,GCC,unknown,,REVIEW_UNKNOWN_TERMS,LOW,mon,openfoodfacts,https://world.openfoodfacts.org/product/6306076416870,controlled-lexicon-composition v1 (no free machine translation),مصطلح غير مغطّى بالمعجم
06931255716429,Rosetta Red Kidney Beans,Rossetta,,أحمر حمراء فاصوليا,SA,unknown,1,REVIEW_UNKNOWN_TERMS,LOW,rosetta,openfoodfacts,https://world.openfoodfacts.org/product/6931255716429,controlled-lexicon-composition v1 (no free machine translation),مصطلح غير مغطّى بالمعجم
07613036425292,Condensed milk Squeezy,Nestle,نستله,نستله مكثّف حليب,GCC,Evaporated milks,,REVIEW_UNKNOWN_TERMS,LOW,squeezy,openfoodfacts,https://world.openfoodfacts.org/product/7613036425292,controlled-lexicon-composition v1 (no free machine translation),مصطلح غير مغطّى بالمعجم
07891515465520,Frozen Chicken Half Breasts Boneless Skinless (Grade A),Sadia,ساديا,ساديا مجمّد دجاج بلا عظم بلا جلد,GCC,Frozen poultry,,REVIEW_UNKNOWN_TERMS,LOW,half;breasts;grade,openfoodfacts,https://world.openfoodfacts.org/product/7891515465520,controlled-lexicon-composition v1 (no free machine translation),مصطلح غير مغطّى بالمعجم
08000500346273,schoko-Bons CRISPY,Kinder,كيندر,كيندر مقرمش,SA,unknown,,REVIEW_UNKNOWN_TERMS,LOW,schoko;bons,openfoodfacts,https://world.openfoodfacts.org/product/8000500346273,controlled-lexicon-composition v1 (no free machine translation),مصطلح غير مغطّى بالمعجم
08002339392629,Mamma Mia Al gusto Pizza imp,Latterie,,بيتزا,SA,unknown,,REVIEW_UNKNOWN_TERMS,LOW,mamma;mia;al;gusto;imp,openfoodfacts,https://world.openfoodfacts.org/product/8002339392629,controlled-lexicon-composition v1 (no free machine translation),مصطلح غير مغطّى بالمعجم
08410076801364,Nature valley crunchy oats and apple,,,طبيعي مقرمش شوفان تفاح,GCC,Breakfast cereals,,REVIEW_UNKNOWN_TERMS,LOW,valley,openfoodfacts,https://world.openfoodfacts.org/product/8410076801364,controlled-lexicon-composition v1 (no free machine translation),مصطلح غير مغطّى بالمعجم
08420701103176,Refined Olive Pomace Oil blended with Extra Virgin Olive Oil,Rafael Salgado,,زيت زيتون زيتون زيت إكسترا,SA,Virgin olive oils,15,REVIEW_UNKNOWN_TERMS,LOW,refined;pomace;blended;virgin,openfoodfacts,https://world.openfoodfacts.org/product/8420701103176,controlled-lexicon-composition v1 (no free machine translation),مصطلح غير مغطّى بالمعجم
08422217003094,Herpac dried and salted tuna slices,,,مجفّف مملّح تونة شرائح,SA,Tunas,,REVIEW_UNKNOWN_TERMS,LOW,herpac,openfoodfacts,https://world.openfoodfacts.org/product/8422217003094,controlled-lexicon-composition v1 (no free machine translation),مصطلح غير مغطّى بالمعجم
08426944000296,Premium Potato Chips,Torres,,فاخر بطاطس شيبس,SA,Potato crisps,100,REVIEW_BRAND_UNMAPPED,LOW,,openfoodfacts,https://world.openfoodfacts.org/product/8426944000296,controlled-lexicon-composition v1 (no free machine translation),علامة بلا مقابل عربي متحقَّق
08716200200905,Sweetened Condensed Milk,RAINBOW,,مكثّف حليب,SA,Whole condensed milk with sugar,40,REVIEW_UNKNOWN_TERMS,LOW,sweetened,openfoodfacts,https://world.openfoodfacts.org/product/8716200200905,controlled-lexicon-composition v1 (no free machine translation),مصطلح غير مغطّى بالمعجم
08850227022239,Organic Coconut Water,Thai Coco,,عضوي جوز الهند ماء,GCC,unknown,100,REVIEW_BRAND_UNMAPPED,LOW,,openfoodfacts,https://world.openfoodfacts.org/product/8850227022239,controlled-lexicon-composition v1 (no free machine translation),علامة بلا مقابل عربي متحقَّق
09008700152648,Rauch phenomenal peach drink,Rauch,,خوخ شراب,SA,unknown,,REVIEW_UNKNOWN_TERMS,LOW,phenomenal,openfoodfacts,https://world.openfoodfacts.org/product/9008700152648,controlled-lexicon-composition v1 (no free machine translation),مصطلح غير مغطّى بالمعجم
09501100592644,Fresh yoghurt,Asafwah,,طازج زبادي,GCC,Cow milk yogurts,,REVIEW_BRAND_UNMAPPED,LOW,,openfoodfacts,https://world.openfoodfacts.org/product/9501100592644,controlled-lexicon-composition v1 (no free machine translation),علامة بلا مقابل عربي متحقَّق
00000029606535,SEEDED ARTISAN LOAF,spinneys FOOD,سبينيس,سبينيس,GCC,unknown,100,REVIEW_UNKNOWN_TERMS,LOW,seeded;artisan;loaf,openfoodfacts,https://world.openfoodfacts.org/product/29606535,controlled-lexicon-composition v1 (no free machine translation),مصطلح غير مغطّى بالمعجم
00000076162961,Moussy strawberry non alcoholic malt beverage,,موسي,موسي فراولة شعير مشروب,SA,Beers,,REVIEW_UNKNOWN_TERMS,LOW,no_alcoholic,openfoodfacts,https://world.openfoodfacts.org/product/76162961,controlled-lexicon-composition v1 (no free machine translation),مصطلح غير مغطّى بالمعجم
00000080050278,Ferrero Rocher t3,Ferrero,فيريرو,فيريرو,GCC,Bonbons,37.5,REVIEW_UNKNOWN_TERMS,LOW,rocher,openfoodfacts,https://world.openfoodfacts.org/product/80050278,controlled-lexicon-composition v1 (no free machine translation),مصطلح غير مغطّى بالمعجم
00072810271963,Ligo potato chips sour cream and onion flavor,,,كريمة حامضة بطاطس شيبس بصل نكهة,SA,Chips,,REVIEW_UNKNOWN_TERMS,LOW,ligo,openfoodfacts,https://world.openfoodfacts.org/product/0072810271963,controlled-lexicon-composition v1 (no free machine translation),مصطلح غير مغطّى بالمعجم
00617950200017,Alalali white cake mix 2yrs prod,Alalali,العلالي,العلالي أبيض كيك مشكل,SA,unknown,41,REVIEW_UNKNOWN_TERMS,LOW,yrs;prod,openfoodfacts,https://world.openfoodfacts.org/product/0617950200017,controlled-lexicon-composition v1 (no free machine translation),مصطلح غير مغطّى بالمعجم
00617950300366,Gnocchi Macaroni,Alalali,العلالي,العلالي مكرونة,SA,unknown,56,REVIEW_UNKNOWN_TERMS,LOW,gnocchi,openfoodfacts,https://world.openfoodfacts.org/product/0617950300366,controlled-lexicon-composition v1 (no free machine translation),مصطلح غير مغطّى بالمعجم
00627735266091,Hamburger Buns,Great Value,جريت فاليو,جريت فاليو,GCC,unknown,45,REVIEW_UNKNOWN_TERMS,LOW,hamburger;buns,openfoodfacts,https://world.openfoodfacts.org/product/0627735266091,controlled-lexicon-composition v1 (no free machine translation),مصطلح غير مغطّى بالمعجم
00628678440227,gummy peach,go!,,خوخ,SA,unknown,50,REVIEW_UNKNOWN_TERMS,LOW,gummy,openfoodfacts,https://world.openfoodfacts.org/product/0628678440227,controlled-lexicon-composition v1 (no free machine translation),مصطلح غير مغطّى بالمعجم
00628678440685,ROASTED EDAMAME Ranch,go! beanz,,محمّص,SA,unknown,26,REVIEW_UNKNOWN_TERMS,LOW,edamame;ranch,openfoodfacts,https://world.openfoodfacts.org/product/0628678440685,controlled-lexicon-composition v1 (no free machine translation),مصطلح غير مغطّى بالمعجم
00759992959031,Corn Tortillas,Cantina maria,,ذرة,GCC,unknown,26,REVIEW_UNKNOWN_TERMS,LOW,tortillas,openfoodfacts,https://world.openfoodfacts.org/product/0759992959031,controlled-lexicon-composition v1 (no free machine translation),مصطلح غير مغطّى بالمعجم
03019898077824,Tarama au saumon fumé et fromage frais,Dom Petroff,,,GCC,fr:Taramas au cabillaud,,REVIEW_UNKNOWN_TERMS,LOW,tarama;au;saumon;fum;et;fromage;frais,openfoodfacts,https://world.openfoodfacts.org/product/3019898077824,controlled-lexicon-composition v1 (no free machine translation),مصطلح غير مغطّى بالمعجم
03080216032474,Holsten pomegranate flavor,Holsten,,رمان نكهة,SA,Non-alcoholic wheat beers,100,REVIEW_BRAND_UNMAPPED,LOW,,openfoodfacts,https://world.openfoodfacts.org/product/3080216032474,controlled-lexicon-composition v1 (no free machine translation),علامة بلا مقابل عربي متحقَّق
03161911364531,Le Beurre Doux,Elle & Vire,ال آند فير,ال آند فير,GCC,Unsalted butters,10,REVIEW_UNKNOWN_TERMS,LOW,beurre,openfoodfacts,https://world.openfoodfacts.org/product/3161911364531,controlled-lexicon-composition v1 (no free machine translation),مصطلح غير مغطّى بالمعجم
03168930162612,Lay’s stax barbecue,,,,SA,tr:nutrition-facts,,REVIEW_UNKNOWN_TERMS,LOW,lay;stax;barbecue,openfoodfacts,https://world.openfoodfacts.org/product/3168930162612,controlled-lexicon-composition v1 (no free machine translation),مصطلح غير مغطّى بالمعجم
03350033872257,Jus de citron,Monoprix Bio,مونوبري,مونوبري,GCC,Lemon juice,,REVIEW_UNKNOWN_TERMS,LOW,jus;citron,openfoodfacts,https://world.openfoodfacts.org/product/3350033872257,controlled-lexicon-composition v1 (no free machine translation),مصطلح غير مغطّى بالمعجم
03380380071270,Organic Andean Penne - gluten free imp,Ma vie sans gluten,,خالي الجلوتين عضوي بيني,SA,Multi-grain-pasta,,REVIEW_UNKNOWN_TERMS,LOW,andean;imp,openfoodfacts,https://world.openfoodfacts.org/product/3380380071270,controlled-lexicon-composition v1 (no free machine translation),مصطلح غير مغطّى بالمعجم
03451790802515,La Crème Sous Pression Extra Légère 10,Elle & Vire,ال آند فير,ال آند فير إكسترا,GCC,Surgeles,8,REVIEW_UNKNOWN_TERMS,LOW,cr;me;sous;pression;re,openfoodfacts,https://world.openfoodfacts.org/product/3451790802515,controlled-lexicon-composition v1 (no free machine translation),مصطلح غير مغطّى بالمعجم
03563970160893,Caesar Wrap,Oishii,قيصر,قيصر,GCC,unknown,235,REVIEW_UNKNOWN_TERMS,LOW,wrap,openfoodfacts,https://world.openfoodfacts.org/product/3563970160893,controlled-lexicon-composition v1 (no free machine translation),مصطلح غير مغطّى بالمعجم
04000415007706,Schogetten Ciocolată cu lapte cu bucățele de biscuiți cu ovăz,Schogetten,,,SA,Milk chocolates,,REVIEW_UNKNOWN_TERMS,LOW,ciocolat;cu;lapte;cu;buc;ele;biscui;cu;ov,openfoodfacts,https://world.openfoodfacts.org/product/4000415007706,controlled-lexicon-composition v1 (no free machine translation),مصطلح غير مغطّى بالمعجم
04003490199038,Bonny cappuccino,Bonny,,كابتشينو,SA,unknown,250,REVIEW_BRAND_UNMAPPED,LOW,,openfoodfacts,https://world.openfoodfacts.org/product/4003490199038,controlled-lexicon-composition v1 (no free machine translation),علامة بلا مقابل عربي متحقَّق
04007933222710,Eiweißbrot,delba,,,SA,unknown,50,REVIEW_UNKNOWN_TERMS,LOW,eiwei;brot,openfoodfacts,https://world.openfoodfacts.org/product/4007933222710,controlled-lexicon-composition v1 (no free machine translation),مصطلح غير مغطّى بالمعجم
04210110304196,Doner Chicken,Oz,,دجاج,GCC,unknown,75,REVIEW_UNKNOWN_TERMS,LOW,doner,openfoodfacts,https://world.openfoodfacts.org/product/4210110304196,controlled-lexicon-composition v1 (no free machine translation),مصطلح غير مغطّى بالمعجم
04902888354731,Monaka With Sweet Red Bean Ice Cream,7-Eleven,,آيس كريم حلو أحمر,GCC,unknown,115,REVIEW_UNKNOWN_TERMS,LOW,monaka;bean,openfoodfacts,https://world.openfoodfacts.org/product/4902888354731,controlled-lexicon-composition v1 (no free machine translation),مصطلح غير مغطّى بالمعجم
05000169088036,Soup mix,Marks and Spencer Good Health,,شوربة مشكل,GCC,Raw-mix-of-cereals-and-legumes,80,REVIEW_BRAND_UNMAPPED,LOW,,openfoodfacts,https://world.openfoodfacts.org/product/5000169088036,controlled-lexicon-composition v1 (no free machine translation),علامة بلا مقابل عربي متحقَّق
05021554005391,Seaveg crispies turmeric,Clearspring,,كركم,SA,Nori seaweeds,4,REVIEW_UNKNOWN_TERMS,LOW,seaveg;crispies,openfoodfacts,https://world.openfoodfacts.org/product/5021554005391,controlled-lexicon-composition v1 (no free machine translation),مصطلح غير مغطّى بالمعجم
05060042647439,Crisps,Tyrrells,,شيبس,GCC,unknown,,REVIEW_BRAND_UNMAPPED,LOW,,openfoodfacts,https://world.openfoodfacts.org/product/5060042647439,controlled-lexicon-composition v1 (no free machine translation),علامة بلا مقابل عربي متحقَّق
05060337506700,Monster energy drink,Monster,,طاقة شراب,SA,Energy drinks,,REVIEW_BRAND_UNMAPPED,LOW,,openfoodfacts,https://world.openfoodfacts.org/product/5060337506700,controlled-lexicon-composition v1 (no free machine translation),علامة بلا مقابل عربي متحقَّق
05061013945653,Monster energy drink,,,طاقة شراب,SA,Energy drinks,,REVIEW_UNKNOWN_TERMS,LOW,monster,openfoodfacts,https://world.openfoodfacts.org/product/5061013945653,controlled-lexicon-composition v1 (no free machine translation),مصطلح غير مغطّى بالمعجم
06073611039251,Tropical cooler,Nektor,,,GCC,unknown,473,REVIEW_UNKNOWN_TERMS,LOW,tropical;cooler,openfoodfacts,https://world.openfoodfacts.org/product/6073611039251,controlled-lexicon-composition v1 (no free machine translation),مصطلح غير مغطّى بالمعجم
06074810324445,Pain aux marrons,Coop,,,GCC,unknown,350,REVIEW_UNKNOWN_TERMS,LOW,pain;aux;marrons,openfoodfacts,https://world.openfoodfacts.org/product/6074810324445,controlled-lexicon-composition v1 (no free machine translation),مصطلح غير مغطّى بالمعجم
06075810570603,Bio Penne rigate,Barillz,,عضوي بيني,GCC,unknown,100,REVIEW_UNKNOWN_TERMS,LOW,rigate,openfoodfacts,https://world.openfoodfacts.org/product/6075810570603,controlled-lexicon-composition v1 (no free machine translation),مصطلح غير مغطّى بالمعجم
06079840580151,Bucatini grandi N°10,Barilla,باريلا,باريلا,GCC,unknown,100,REVIEW_UNKNOWN_TERMS,LOW,bucatini;grandi,openfoodfacts,https://world.openfoodfacts.org/product/6079840580151,controlled-lexicon-composition v1 (no free machine translation),مصطلح غير مغطّى بالمعجم
06221134009453,Galaxy jewels,Galaxy,جالاكسي,جالاكسي,SA,unknown,,REVIEW_UNKNOWN_TERMS,LOW,jewels,openfoodfacts,https://world.openfoodfacts.org/product/6221134009453,controlled-lexicon-composition v1 (no free machine translation),مصطلح غير مغطّى بالمعجم
06221134013849,Galaxy jewels,,جالاكسي,جالاكسي,SA,Chocolates,,REVIEW_UNKNOWN_TERMS,LOW,jewels,openfoodfacts,https://world.openfoodfacts.org/product/6221134013849,controlled-lexicon-composition v1 (no free machine translation),مصطلح غير مغطّى بالمعجم
06224009414840,Natural Romy Cheese,El Zahar,,طبيعي جبن,SA,Cow cheeses,,REVIEW_UNKNOWN_TERMS,LOW,romy,openfoodfacts,https://world.openfoodfacts.org/product/6224009414840,controlled-lexicon-composition v1 (no free machine translation),مصطلح غير مغطّى بالمعجم
06251036015436,Mr.chips with french cheese flavor,,,شيبس فرنسي جبن نكهة,SA,Chips,,REVIEW_UNKNOWN_TERMS,LOW,mr,openfoodfacts,https://world.openfoodfacts.org/product/6251036015436,controlled-lexicon-composition v1 (no free machine translation),مصطلح غير مغطّى بالمعجم
06271100330883,MF Teriyaki Sauce,MF,,صلصة,GCC,Groceries,,REVIEW_UNKNOWN_TERMS,LOW,teriyaki,openfoodfacts,https://world.openfoodfacts.org/product/6271100330883,controlled-lexicon-composition v1 (no free machine translation),مصطلح غير مغطّى بالمعجم
06280550100724,Tartinade chocolat,,,شوكولاتة,SA,unknown,15,REVIEW_UNKNOWN_TERMS,LOW,tartinade,openfoodfacts,https://world.openfoodfacts.org/product/6280550100724,controlled-lexicon-composition v1 (no free machine translation),مصطلح غير مغطّى بالمعجم
06281000074015,Classic Sourdough,Mekhbaz,,كلاسيك,SA,Sourdough,100,REVIEW_UNKNOWN_TERMS,LOW,sourdough,openfoodfacts,https://world.openfoodfacts.org/product/6281000074015,controlled-lexicon-composition v1 (no free machine translation),مصطلح غير مغطّى بالمعجم
06281014302562,Arrabbiata Pasta Sauce,Goody,قودي,قودي معكرونة صلصة,GCC,unknown,100,REVIEW_UNKNOWN_TERMS,LOW,arrabbiata,openfoodfacts,https://world.openfoodfacts.org/product/6281014302562,controlled-lexicon-composition v1 (no free machine translation),مصطلح غير مغطّى بالمعجم
06281036115508,Lay’s french cheese,,,فرنسي جبن,SA,unknown,,REVIEW_UNKNOWN_TERMS,LOW,lay,openfoodfacts,https://world.openfoodfacts.org/product/6281036115508,controlled-lexicon-composition v1 (no free machine translation),مصطلح غير مغطّى بالمعجم
06281055002001,Hanaa oats granola nutty delight,,,شوفان جرانولا,GCC,unknown,40,REVIEW_UNKNOWN_TERMS,LOW,hanaa;nutty;delight,openfoodfacts,https://world.openfoodfacts.org/product/6281055002001,controlled-lexicon-composition v1 (no free machine translation),مصطلح غير مغطّى بالمعجم
06281058099336,Alsi cola zero sugar,,,كولا زيرو سكر,SA,Beverages,,REVIEW_UNKNOWN_TERMS,LOW,alsi,openfoodfacts,https://world.openfoodfacts.org/product/6281058099336,controlled-lexicon-composition v1 (no free machine translation),مصطلح غير مغطّى بالمعجم
06281063222422,Orient gardens pinato beans,,,شرقي حدائق فاصوليا,SA,Cans-food,,REVIEW_UNKNOWN_TERMS,LOW,pinato,openfoodfacts,https://world.openfoodfacts.org/product/6281063222422,controlled-lexicon-composition v1 (no free machine translation),مصطلح غير مغطّى بالمعجم
06281100681748,Al taie chickpeas,,,حمص,SA,Canned foods,,REVIEW_UNKNOWN_TERMS,LOW,al;taie,openfoodfacts,https://world.openfoodfacts.org/product/6281100681748,controlled-lexicon-composition v1 (no free machine translation),مصطلح غير مغطّى بالمعجم
06281101730957,Dattes Sukkari,,,تمر,SA,unknown,,REVIEW_UNKNOWN_TERMS,LOW,sukkari,openfoodfacts,https://world.openfoodfacts.org/product/6281101730957,controlled-lexicon-composition v1 (no free machine translation),مصطلح غير مغطّى بالمعجم
06281105009721,Cikolata ulker,,أولكر,أولكر,SA,unknown,,REVIEW_UNKNOWN_TERMS,LOW,cikolata,openfoodfacts,https://world.openfoodfacts.org/product/6281105009721,controlled-lexicon-composition v1 (no free machine translation),مصطلح غير مغطّى بالمعجم
06281106252546,Mamool asawer,,,,SA,unknown,,REVIEW_UNKNOWN_TERMS,LOW,mamool;asawer,openfoodfacts,https://world.openfoodfacts.org/product/6281106252546,controlled-lexicon-composition v1 (no free machine translation),مصطلح غير مغطّى بالمعجم
06281118181018,Datte sèches,Al-Madinah Date Co. (Tomoor),,,SA,unknown,,REVIEW_UNKNOWN_TERMS,LOW,datte;ches,openfoodfacts,https://world.openfoodfacts.org/product/6281118181018,controlled-lexicon-composition v1 (no free machine translation),مصطلح غير مغطّى بالمعجم
06281801601120,Catch me light meat tuna in soybean oil,,,لايت لحم تونة زيت,SA,unknown,100,REVIEW_UNKNOWN_TERMS,LOW,catch;me;soybean,openfoodfacts,https://world.openfoodfacts.org/product/6281801601120,controlled-lexicon-composition v1 (no free machine translation),مصطلح غير مغطّى بالمعجم
06285602015247,Star Biscuit,Deemah,ديمة,ديمة بسكويت,SA,unknown,6.5,REVIEW_UNKNOWN_TERMS,LOW,star,openfoodfacts,https://world.openfoodfacts.org/product/6285602015247,controlled-lexicon-composition v1 (no free machine translation),مصطلح غير مغطّى بالمعجم
06286788790010,Soupe de legumes,,,,SA,unknown,,REVIEW_UNKNOWN_TERMS,LOW,soupe;legumes,openfoodfacts,https://world.openfoodfacts.org/product/6286788790010,controlled-lexicon-composition v1 (no free machine translation),مصطلح غير مغطّى بالمعجم
06287013348327,Sukkary Dates,Anaya,,تمر,SA,unknown,100,REVIEW_UNKNOWN_TERMS,LOW,sukkary,openfoodfacts,https://world.openfoodfacts.org/product/6287013348327,controlled-lexicon-composition v1 (no free machine translation),مصطلح غير مغطّى بالمعجم
06287034430025,Healthy Barley Bread,Al Tanour Al Reefi,,شعير خبز,SA,unknown,20,REVIEW_UNKNOWN_TERMS,LOW,healthy,openfoodfacts,https://world.openfoodfacts.org/product/6287034430025,controlled-lexicon-composition v1 (no free machine translation),مصطلح غير مغطّى بالمعجم
06290090033185,Chili mayonnaise,Heing,,شطة مايونيز,GCC,Mayonnaises,,REVIEW_BRAND_UNMAPPED,LOW,,openfoodfacts,https://world.openfoodfacts.org/product/6290090033185,controlled-lexicon-composition v1 (no free machine translation),علامة بلا مقابل عربي متحقَّق
06291003081668,Fiori Caramel,Quanta Fiori,,كراميل,GCC,unknown,,REVIEW_UNKNOWN_TERMS,LOW,fiori,openfoodfacts,https://world.openfoodfacts.org/product/6291003081668,controlled-lexicon-composition v1 (no free machine translation),مصطلح غير مغطّى بالمعجم
06291003604317,Peach Apricot Sorbet,London Dairy,,خوخ مشمش,GCC,unknown,50,REVIEW_UNKNOWN_TERMS,LOW,sorbet,openfoodfacts,https://world.openfoodfacts.org/product/6291003604317,controlled-lexicon-composition v1 (no free machine translation),مصطلح غير مغطّى بالمعجم
06291011008190,XL extreme flamin hot,,,حار,SA,Chips,,REVIEW_UNKNOWN_TERMS,LOW,xl;extreme;flamin,openfoodfacts,https://world.openfoodfacts.org/product/6291011008190,controlled-lexicon-composition v1 (no free machine translation),مصطلح غير مغطّى بالمعجم
06291100880904,Luxury Arabian Dates,Nadiya,,عربي تمر,GCC,unknown,30,REVIEW_UNKNOWN_TERMS,LOW,luxury,openfoodfacts,https://world.openfoodfacts.org/product/6291100880904,controlled-lexicon-composition v1 (no free machine translation),مصطلح غير مغطّى بالمعجم
06291100930043,Just Pineapple,Barakat,,أناناس,GCC,unknown,200,REVIEW_UNKNOWN_TERMS,LOW,just,openfoodfacts,https://world.openfoodfacts.org/product/6291100930043,controlled-lexicon-composition v1 (no free machine translation),مصطلح غير مغطّى بالمعجم
06291101137786,ginger and lemon green tea,Alokozay,,زنجبيل ليمون أخضر شاي,GCC,unknown,,REVIEW_BRAND_UNMAPPED,LOW,,openfoodfacts,https://world.openfoodfacts.org/product/6291101137786,controlled-lexicon-composition v1 (no free machine translation),علامة بلا مقابل عربي متحقَّق
06291104289048,Sun Blast Organic &quot,,,عضوي,GCC,unknown,,REVIEW_UNKNOWN_TERMS,LOW,sun;blast;quot,openfoodfacts,https://world.openfoodfacts.org/product/6291104289048,controlled-lexicon-composition v1 (no free machine translation),مصطلح غير مغطّى بالمعجم
06291105692502,Chickpeas (Ceci),,,حمص,GCC,Legumes,,REVIEW_UNKNOWN_TERMS,LOW,ceci,openfoodfacts,https://world.openfoodfacts.org/product/6291105692502,controlled-lexicon-composition v1 (no free machine translation),مصطلح غير مغطّى بالمعجم
06291106450125,White Sliced Bread,Yaumi,,أبيض شرائح خبز,GCC,unknown,100,REVIEW_BRAND_UNMAPPED,LOW,,openfoodfacts,https://world.openfoodfacts.org/product/6291106450125,controlled-lexicon-composition v1 (no free machine translation),علامة بلا مقابل عربي متحقَّق
06291106893113,Turkey Breakfast Sausage,LuLu,لولو,لولو ديك رومي نقانق,GCC,unknown,100,REVIEW_UNKNOWN_TERMS,LOW,breakfast,openfoodfacts,https://world.openfoodfacts.org/product/6291106893113,controlled-lexicon-composition v1 (no free machine translation),مصطلح غير مغطّى بالمعجم
06291108899809,Blue power,,,,GCC,unknown,,REVIEW_UNKNOWN_TERMS,LOW,blue;power,openfoodfacts,https://world.openfoodfacts.org/product/6291108899809,controlled-lexicon-composition v1 (no free machine translation),مصطلح غير مغطّى بالمعجم
06294011604522,Tropical Flora Honey,Lulu,لولو,لولو عسل,GCC,unknown,10,REVIEW_UNKNOWN_TERMS,LOW,tropical;flora,openfoodfacts,https://world.openfoodfacts.org/product/6294011604522,controlled-lexicon-composition v1 (no free machine translation),مصطلح غير مغطّى بالمعجم
06294014711494,Al rifal,,,,GCC,unknown,,REVIEW_UNKNOWN_TERMS,LOW,al;rifal,openfoodfacts,https://world.openfoodfacts.org/product/6294014711494,controlled-lexicon-composition v1 (no free machine translation),مصطلح غير مغطّى بالمعجم
06294017509173,CHOCO POPS,LEO'S CROWN,,شوكولاتة,GCC,unknown,30,REVIEW_UNKNOWN_TERMS,LOW,pops,openfoodfacts,https://world.openfoodfacts.org/product/6294017509173,controlled-lexicon-composition v1 (no free machine translation),مصطلح غير مغطّى بالمعجم
06296536403109,Kuche dubai chocolat,,,شوكولاتة,GCC,unknown,,REVIEW_UNKNOWN_TERMS,LOW,kuche;dubai,openfoodfacts,https://world.openfoodfacts.org/product/6296536403109,controlled-lexicon-composition v1 (no free machine translation),مصطلح غير مغطّى بالمعجم
06297000351315,SMOKED TURKEY BREAST PLAIN,Bibi,,مدخّن ديك رومي صدر سادة,SA,unknown,100,REVIEW_BRAND_UNMAPPED,LOW,,openfoodfacts,https://world.openfoodfacts.org/product/6297000351315,controlled-lexicon-composition v1 (no free machine translation),علامة بلا مقابل عربي متحقَّق
06297000411422,ROYAL-V,,,,GCC,unknown,,REVIEW_UNKNOWN_TERMS,LOW,royal,openfoodfacts,https://world.openfoodfacts.org/product/6297000411422,controlled-lexicon-composition v1 (no free machine translation),مصطلح غير مغطّى بالمعجم
06299200041157,Funghi Pizza,Giovanni,,بيتزا,GCC,unknown,168,REVIEW_UNKNOWN_TERMS,LOW,funghi,openfoodfacts,https://world.openfoodfacts.org/product/6299200041157,controlled-lexicon-composition v1 (no free machine translation),مصطلح غير مغطّى بالمعجم
06299200055987,Shredded Tuna,Deep Blue,,مبشور تونة,GCC,unknown,100,REVIEW_BRAND_UNMAPPED,LOW,,openfoodfacts,https://world.openfoodfacts.org/product/6299200055987,controlled-lexicon-composition v1 (no free machine translation),علامة بلا مقابل عربي متحقَّق
06305636563504,Crema gusto vaniglia,Milbona,,,GCC,Vanilla creamy puddings,,REVIEW_UNKNOWN_TERMS,LOW,crema;gusto;vaniglia,openfoodfacts,https://world.openfoodfacts.org/product/6305636563504,controlled-lexicon-composition v1 (no free machine translation),مصطلح غير مغطّى بالمعجم
07004055597044,Tuna In Water,Rio mare,,تونة ماء,GCC,unknown,100,REVIEW_BRAND_UNMAPPED,LOW,,openfoodfacts,https://world.openfoodfacts.org/product/7004055597044,controlled-lexicon-composition v1 (no free machine translation),علامة بلا مقابل عربي متحقَّق
07457603132288,Mr tito cheese flavor,,,جبن نكهة,SA,Chips,,REVIEW_UNKNOWN_TERMS,LOW,mr;tito,openfoodfacts,https://world.openfoodfacts.org/product/7457603132288,controlled-lexicon-composition v1 (no free machine translation),مصطلح غير مغطّى بالمعجم
08410076900548,NATURE VALEY PROTEIN,Nature Valley,,طبيعي بروتين,GCC,Protein bars,40,REVIEW_UNKNOWN_TERMS,LOW,valey,openfoodfacts,https://world.openfoodfacts.org/product/8410076900548,controlled-lexicon-composition v1 (no free machine translation),مصطلح غير مغطّى بالمعجم
08445291457966,Nestle fitness granola honey,,نستله,نستله جرانولا عسل,GCC,unknown,100,REVIEW_UNKNOWN_TERMS,LOW,fitness,openfoodfacts,https://world.openfoodfacts.org/product/8445291457966,controlled-lexicon-composition v1 (no free machine translation),مصطلح غير مغطّى بالمعجم
08682169337573,Freeze Fresh Strawberry and Apple Bites,Pol’s,,طازج فراولة تفاح قطع,GCC,unknown,20,REVIEW_UNKNOWN_TERMS,LOW,freeze,openfoodfacts,https://world.openfoodfacts.org/product/8682169337573,controlled-lexicon-composition v1 (no free machine translation),مصطلح غير مغطّى بالمعجم
08683130003817,MAGNUM GCC WHITE NF 100ml,Magnum White,,أبيض,GCC,Ice creams and sorbets,,REVIEW_UNKNOWN_TERMS,LOW,magnum;gcc;nf,openfoodfacts,https://world.openfoodfacts.org/product/8683130003817,controlled-lexicon-composition v1 (no free machine translation),مصطلح غير مغطّى بالمعجم
08683989472154,Caffeine one matcha latte,,,ماتشا لاتيه,SA,Matcha-green-tea-latte,,REVIEW_UNKNOWN_TERMS,LOW,caffeine,openfoodfacts,https://world.openfoodfacts.org/product/8683989472154,controlled-lexicon-composition v1 (no free machine translation),مصطلح غير مغطّى بالمعجم
08991002133242,Good Day Cappuccino Zero Sugar,Good Day,,كابتشينو زيرو سكر,GCC,unknown,13,REVIEW_BRAND_UNMAPPED,LOW,,openfoodfacts,https://world.openfoodfacts.org/product/8991002133242,controlled-lexicon-composition v1 (no free machine translation),علامة بلا مقابل عربي متحقَّق
09556495800010,Coconut Water,Cowa,,جوز الهند ماء,SA,unknown,330,REVIEW_BRAND_UNMAPPED,LOW,,openfoodfacts,https://world.openfoodfacts.org/product/9556495800010,controlled-lexicon-composition v1 (no free machine translation),علامة بلا مقابل عربي متحقَّق
00000000087353,Milk chocolate cashew,M&S,,حليب شوكولاتة كاجو,GCC,unknown,21,REVIEW_BRAND_UNMAPPED,LOW,,openfoodfacts,https://world.openfoodfacts.org/product/00087353,controlled-lexicon-composition v1 (no free machine translation),علامة بلا مقابل عربي متحقَّق
00012000804571,Miranda citrus,,,حمضيات,SA,unknown,,REVIEW_UNKNOWN_TERMS,LOW,miranda,openfoodfacts,https://world.openfoodfacts.org/product/0012000804571,controlled-lexicon-composition v1 (no free machine translation),مصطلح غير مغطّى بالمعجم
00177102065630,Pâte de Pralin,Vahiné,,,SA,Biscuits,,REVIEW_UNKNOWN_TERMS,LOW,te;pralin,openfoodfacts,https://world.openfoodfacts.org/product/0177102065630,controlled-lexicon-composition v1 (no free machine translation),مصطلح غير مغطّى بالمعجم
00620514000282,Bombay Biryani 2yrs prod,national,,,SA,unknown,,REVIEW_UNKNOWN_TERMS,LOW,bombay;biryani;yrs;prod,openfoodfacts,https://world.openfoodfacts.org/product/0620514000282,controlled-lexicon-composition v1 (no free machine translation),مصطلح غير مغطّى بالمعجم
00627733005432,Sprouted chia And Flax Seed Powder,Organic Traditions,,شيا كتان بذور بودرة,GCC,unknown,15,REVIEW_UNKNOWN_TERMS,LOW,sprouted,openfoodfacts,https://world.openfoodfacts.org/product/0627733005432,controlled-lexicon-composition v1 (no free machine translation),مصطلح غير مغطّى بالمعجم
00627987858341,Egyptian bran bread,Ancient pita,,خبز,GCC,unknown,50,REVIEW_UNKNOWN_TERMS,LOW,egyptian;bran,openfoodfacts,https://world.openfoodfacts.org/product/0627987858341,controlled-lexicon-composition v1 (no free machine translation),مصطلح غير مغطّى بالمعجم
00628176273853,Greek Dressing,Matheson Food Company,,يوناني صلصة,SA,unknown,30,REVIEW_BRAND_UNMAPPED,LOW,,openfoodfacts,https://world.openfoodfacts.org/product/0628176273853,controlled-lexicon-composition v1 (no free machine translation),علامة بلا مقابل عربي متحقَّق
00725020020516,Lasagne,Spinney's Food,,,GCC,unknown,,REVIEW_UNKNOWN_TERMS,LOW,lasagne,openfoodfacts,https://world.openfoodfacts.org/product/0725020020516,controlled-lexicon-composition v1 (no free machine translation),مصطلح غير مغطّى بالمعجم
00733603094090,Himalayan Pink Salt Thin-Cut Hand Cooked Potato Chips,Hunter Foods,,ملح مطبوخ بطاطس شيبس,GCC,Potato crisps,40,REVIEW_UNKNOWN_TERMS,LOW,himalayan;pink;thin;cut;hand,openfoodfacts,https://world.openfoodfacts.org/product/0733603094090,controlled-lexicon-composition v1 (no free machine translation),مصطلح غير مغطّى بالمعجم
00748485150024,Aqua Coco,,,,GCC,Coconut waters,,REVIEW_UNKNOWN_TERMS,LOW,aqua;coco,openfoodfacts,https://world.openfoodfacts.org/product/0748485150024,controlled-lexicon-composition v1 (no free machine translation),مصطلح غير مغطّى بالمعجم
00841165147502,Pran potata Spicy Biscuit,pran,,حار بسكويت,GCC,Spicy-biscuits,,REVIEW_UNKNOWN_TERMS,LOW,potata,openfoodfacts,https://world.openfoodfacts.org/product/0841165147502,controlled-lexicon-composition v1 (no free machine translation),مصطلح غير مغطّى بالمعجم
00858385007219,Organic Coconut Plant-Based Milk imp,Koita,,عضوي جوز الهند نباتي حليب,GCC,Coconut milks and creams,100,REVIEW_UNKNOWN_TERMS,LOW,based;imp,openfoodfacts,https://world.openfoodfacts.org/product/0858385007219,controlled-lexicon-composition v1 (no free machine translation),مصطلح غير مغطّى بالمعجم
03073780963404,Kiri Al jarra,Kiri,كيري,كيري,GCC,Cheeses,,REVIEW_UNKNOWN_TERMS,LOW,al;jarra,openfoodfacts,https://world.openfoodfacts.org/product/3073780963404,controlled-lexicon-composition v1 (no free machine translation),مصطلح غير مغطّى بالمعجم
03073781157024,Spreadable Creamy cheeseq,,,قابل للدهن كريمي,GCC,unknown,,REVIEW_UNKNOWN_TERMS,LOW,cheeseq,openfoodfacts,https://world.openfoodfacts.org/product/3073781157024,controlled-lexicon-composition v1 (no free machine translation),مصطلح غير مغطّى بالمعجم
03161911393210,Le Beurre Demi-Sel Sel,Elle&Vire International,,,GCC,Half-salted butter,10,REVIEW_UNKNOWN_TERMS,LOW,beurre;demi;sel;sel,openfoodfacts,https://world.openfoodfacts.org/product/3161911393210,controlled-lexicon-composition v1 (no free machine translation),مصطلح غير مغطّى بالمعجم
03380380083617,Primeal Organic Rubanelle Pasta 40Og,PRIMÉAL,,عضوي معكرونة,SA,Dry pastas,,REVIEW_UNKNOWN_TERMS,LOW,primeal;rubanelle;og,openfoodfacts,https://world.openfoodfacts.org/product/3380380083617,controlled-lexicon-composition v1 (no free machine translation),مصطلح غير مغطّى بالمعجم
03451790562631,Le Beurre Tartine Et Cuisine Doux 60% MG,Elle & Vire,ال آند فير,ال آند فير,GCC,Light butter,10,REVIEW_UNKNOWN_TERMS,LOW,beurre;tartine;et;cuisine;mg,openfoodfacts,https://world.openfoodfacts.org/product/3451790562631,controlled-lexicon-composition v1 (no free machine translation),مصطلح غير مغطّى بالمعجم
03469671255053,La fraise confiture bio,,,عضوي,GCC,Strawberry jams,,REVIEW_UNKNOWN_TERMS,LOW,fraise;confiture,openfoodfacts,https://world.openfoodfacts.org/product/3469671255053,controlled-lexicon-composition v1 (no free machine translation),مصطلح غير مغطّى بالمعجم
04001379028318,Tortellini Funghi,Pasta Romana,,,SA,unknown,100,REVIEW_UNKNOWN_TERMS,LOW,tortellini;funghi,openfoodfacts,https://world.openfoodfacts.org/product/4001379028318,controlled-lexicon-composition v1 (no free machine translation),مصطلح غير مغطّى بالمعجم
04800016661006,roller coaster,Jack 'n Jill,,,GCC,Potato crisps,30,REVIEW_UNKNOWN_TERMS,LOW,roller;coaster,openfoodfacts,https://world.openfoodfacts.org/product/4800016661006,controlled-lexicon-composition v1 (no free machine translation),مصطلح غير مغطّى بالمعجم
04800035102023,Classic Peanut Butter,Lily's,,زبدة فول سوداني كلاسيك,GCC,Peanut butters,,REVIEW_BRAND_UNMAPPED,LOW,,openfoodfacts,https://world.openfoodfacts.org/product/4800035102023,controlled-lexicon-composition v1 (no free machine translation),علامة بلا مقابل عربي متحقَّق
05000159528269,Marple Glazed Pecan & Sea Salt,BE-KIND,,بحري ملح,GCC,Peanut bars,40,REVIEW_UNKNOWN_TERMS,LOW,marple;glazed;pecan,openfoodfacts,https://world.openfoodfacts.org/product/5000159528269,controlled-lexicon-composition v1 (no free machine translation),مصطلح غير مغطّى بالمعجم
05051146373430,Akkawi Baladi,Sarouja,,عكاوي,GCC,Cheeses,100,REVIEW_UNKNOWN_TERMS,LOW,baladi,openfoodfacts,https://world.openfoodfacts.org/product/5051146373430,controlled-lexicon-composition v1 (no free machine translation),مصطلح غير مغطّى بالمعجم
05059883307619,Whey Gainer,My Protein,,واي,GCC,unknown,100,REVIEW_UNKNOWN_TERMS,LOW,gainer,openfoodfacts,https://world.openfoodfacts.org/product/5059883307619,controlled-lexicon-composition v1 (no free machine translation),مصطلح غير مغطّى بالمعجم
05060670992369,Savory Spiced Beef Ramen,Tabasco,,لحم بقري,GCC,unknown,75,REVIEW_UNKNOWN_TERMS,LOW,savory;spiced;ramen,openfoodfacts,https://world.openfoodfacts.org/product/5060670992369,controlled-lexicon-composition v1 (no free machine translation),مصطلح غير مغطّى بالمعجم
05060686531491,Peach Ice Te Beef Protein Isolate,Basix,,خوخ مثلج لحم بقري بروتين آيزوليت,SA,unknown,30,REVIEW_UNKNOWN_TERMS,LOW,te,openfoodfacts,https://world.openfoodfacts.org/product/5060686531491,controlled-lexicon-composition v1 (no free machine translation),مصطلح غير مغطّى بالمعجم
05201168416107,Authentic Greek Yoghurt,Dodoni,,يوناني زبادي,GCC,Greek-style yogurts,,REVIEW_UNKNOWN_TERMS,LOW,authentic,openfoodfacts,https://world.openfoodfacts.org/product/5201168416107,controlled-lexicon-composition v1 (no free machine translation),مصطلح غير مغطّى بالمعجم
05203912390923,Bugles chili flavor,,,شطة نكهة,SA,unknown,,REVIEW_UNKNOWN_TERMS,LOW,bugles,openfoodfacts,https://world.openfoodfacts.org/product/5203912390923,controlled-lexicon-composition v1 (no free machine translation),مصطلح غير مغطّى بالمعجم
05285000912071,Hiba mushrooms slices,,,فطر شرائح,SA,Cans-food,,REVIEW_UNKNOWN_TERMS,LOW,hiba,openfoodfacts,https://world.openfoodfacts.org/product/5285000912071,controlled-lexicon-composition v1 (no free machine translation),مصطلح غير مغطّى بالمعجم
05412860346894,Triple Mass Strawberry Milkshake,Laperva,لابيرفا,لابيرفا فراولة,SA,unknown,350,REVIEW_UNKNOWN_TERMS,LOW,triple;mass;milkshake,openfoodfacts,https://world.openfoodfacts.org/product/5412860346894,controlled-lexicon-composition v1 (no free machine translation),مصطلح غير مغطّى بالمعجم
05711953136542,Garlic & Parsley Cubed White Cheese Greek Style,Puck,بوك,بوك ثوم بقدونس أبيض جبن يوناني ستايل,GCC,unknown,,REVIEW_UNKNOWN_TERMS,LOW,cubed,openfoodfacts,https://world.openfoodfacts.org/product/5711953136542,controlled-lexicon-composition v1 (no free machine translation),مصطلح غير مغطّى بالمعجم
05900617035301,Almond drink organic UHT,Sante,,لوز شراب عضوي طويل الأجل,GCC,Almond-based drinks,250,REVIEW_BRAND_UNMAPPED,LOW,,openfoodfacts,https://world.openfoodfacts.org/product/5900617035301,controlled-lexicon-composition v1 (no free machine translation),علامة بلا مقابل عربي متحقَّق
05905858676788,Dark Chocolate,Yummy,,داكن شوكولاتة,GCC,unknown,100,REVIEW_BRAND_UNMAPPED,LOW,,openfoodfacts,https://world.openfoodfacts.org/product/5905858676788,controlled-lexicon-composition v1 (no free machine translation),علامة بلا مقابل عربي متحقَّق
06073000050676,Mazoon Spread Cheese,,,سبريد جبن,GCC,Cream cheeses,100,REVIEW_UNKNOWN_TERMS,LOW,mazoon,openfoodfacts,https://world.openfoodfacts.org/product/6073000050676,controlled-lexicon-composition v1 (no free machine translation),مصطلح غير مغطّى بالمعجم
06223000415375,Lion zigz tomato and jalapeno,,,طماطم,SA,Chips,,REVIEW_UNKNOWN_TERMS,LOW,lion;zigz;jalapeno,openfoodfacts,https://world.openfoodfacts.org/product/6223000415375,controlled-lexicon-composition v1 (no free machine translation),مصطلح غير مغطّى بالمعجم
06271100332740,MF Mayo,Mf,,,GCC,unknown,15,REVIEW_UNKNOWN_TERMS,LOW,mayo,openfoodfacts,https://world.openfoodfacts.org/product/6271100332740,controlled-lexicon-composition v1 (no free machine translation),مصطلح غير مغطّى بالمعجم
06280111434879,Straight Edge Pale Ale Non-Alcoholic Beer,Sea Change Brewing Co,,,SA,unknown,473,REVIEW_UNKNOWN_TERMS,LOW,straight;edge;pale;ale;beer;no_alcoholic,openfoodfacts,https://world.openfoodfacts.org/product/6280111434879,controlled-lexicon-composition v1 (no free machine translation),مصطلح غير مغطّى بالمعجم
06281007042802,Analogue cream,Almarai,المراعي,المراعي قشطة,GCC,unknown,,REVIEW_UNKNOWN_TERMS,LOW,analogue,openfoodfacts,https://world.openfoodfacts.org/product/6281007042802,controlled-lexicon-composition v1 (no free machine translation),مصطلح غير مغطّى بالمعجم
06281007059190,Red velvet muffin,Almarai,المراعي,المراعي أحمر مافن,SA,unknown,,REVIEW_UNKNOWN_TERMS,LOW,velvet,openfoodfacts,https://world.openfoodfacts.org/product/6281007059190,controlled-lexicon-composition v1 (no free machine translation),مصطلح غير مغطّى بالمعجم
06281014002721,Welloo super oats apple cinnamon,,,سوبر شوفان تفاح قرفة,SA,unknown,,REVIEW_UNKNOWN_TERMS,LOW,welloo,openfoodfacts,https://world.openfoodfacts.org/product/6281014002721,controlled-lexicon-composition v1 (no free machine translation),مصطلح غير مغطّى بالمعجم
06281016130651,Teashop Maamoul Memories 576G,,,معمول,SA,unknown,,REVIEW_UNKNOWN_TERMS,LOW,teashop;memories,openfoodfacts,https://world.openfoodfacts.org/product/6281016130651,controlled-lexicon-composition v1 (no free machine translation),مصطلح غير مغطّى بالمعجم
06281020325937,Peeled Foul,,,فول,SA,unknown,,REVIEW_UNKNOWN_TERMS,LOW,peeled,openfoodfacts,https://world.openfoodfacts.org/product/6281020325937,controlled-lexicon-composition v1 (no free machine translation),مصطلح غير مغطّى بالمعجم
06281026305407,Alrabie Juice Pineaple 1L,ALRABIE,,عصير,SA,unknown,,REVIEW_UNKNOWN_TERMS,LOW,pineaple,openfoodfacts,https://world.openfoodfacts.org/product/6281026305407,controlled-lexicon-composition v1 (no free machine translation),مصطلح غير مغطّى بالمعجم
06281036113207,Lay’s chili,,,شطة,SA,Chips and fries,,REVIEW_UNKNOWN_TERMS,LOW,lay,openfoodfacts,https://world.openfoodfacts.org/product/6281036113207,controlled-lexicon-composition v1 (no free machine translation),مصطلح غير مغطّى بالمعجم
06281063453505,Freshly garlic flavor cooking spray non stick,,فريشلي,فريشلي ثوم نكهة طبخ خالي من إصبع,SA,unknown,,REVIEW_UNKNOWN_TERMS,LOW,spray,openfoodfacts,https://world.openfoodfacts.org/product/6281063453505,controlled-lexicon-composition v1 (no free machine translation),مصطلح غير مغطّى بالمعجم
06281063632122,Freshly choice pineapple broken slices,freshly,فريشلي,فريشلي أناناس شرائح,SA,Cans-food,,REVIEW_UNKNOWN_TERMS,LOW,choice;broken,openfoodfacts,https://world.openfoodfacts.org/product/6281063632122,controlled-lexicon-composition v1 (no free machine translation),مصطلح غير مغطّى بالمعجم
06287006941085,Kitco cocktail bites party mix,,كيتكو,كيتكو كوكتيل قطع مشكل,SA,unknown,,REVIEW_UNKNOWN_TERMS,LOW,party,openfoodfacts,https://world.openfoodfacts.org/product/6287006941085,controlled-lexicon-composition v1 (no free machine translation),مصطلح غير مغطّى بالمعجم
06287009551229,Ecuador,,,,SA,unknown,,REVIEW_UNKNOWN_TERMS,LOW,ecuador,openfoodfacts,https://world.openfoodfacts.org/product/6287009551229,controlled-lexicon-composition v1 (no free machine translation),مصطلح غير مغطّى بالمعجم
06287009830300,Energy Bites: Dates,Nalya,,طاقة قطع تمر,SA,unknown,15,REVIEW_BRAND_UNMAPPED,LOW,,openfoodfacts,https://world.openfoodfacts.org/product/6287009830300,controlled-lexicon-composition v1 (no free machine translation),علامة بلا مقابل عربي متحقَّق
06287010990604,Premium Dates,Ajwa,,فاخر تمر,SA,unknown,25,REVIEW_BRAND_UNMAPPED,LOW,,openfoodfacts,https://world.openfoodfacts.org/product/6287010990604,controlled-lexicon-composition v1 (no free machine translation),علامة بلا مقابل عربي متحقَّق
06287022200289,Rotana tenders light meat tuna in vegetable oil,,,زيت نباتي لايت لحم تونة,SA,unknown,,REVIEW_UNKNOWN_TERMS,LOW,rotana;tenders,openfoodfacts,https://world.openfoodfacts.org/product/6287022200289,controlled-lexicon-composition v1 (no free machine translation),مصطلح غير مغطّى بالمعجم
06287027460237,Premium Maamoul With Dates And Cinnamon,Tameen,,فاخر معمول تمر قرفة,SA,unknown,15,REVIEW_BRAND_UNMAPPED,LOW,,openfoodfacts,https://world.openfoodfacts.org/product/6287027460237,controlled-lexicon-composition v1 (no free machine translation),علامة بلا مقابل عربي متحقَّق
06287038221278,Protien Greek Yoghurt,Nada,ندى,ندى يوناني زبادي,SA,unknown,,REVIEW_UNKNOWN_TERMS,LOW,protien,openfoodfacts,https://world.openfoodfacts.org/product/6287038221278,controlled-lexicon-composition v1 (no free machine translation),مصطلح غير مغطّى بالمعجم
06290050110949,Lime Jelly,Green's,,ليمون أخضر جيلي,GCC,Mixes for jelly desserts,21.25,REVIEW_BRAND_UNMAPPED,LOW,,openfoodfacts,https://world.openfoodfacts.org/product/6290050110949,controlled-lexicon-composition v1 (no free machine translation),علامة بلا مقابل عربي متحقَّق
06290090011053,Tomato ketchup fiery chilli,Heinz,هاينز,هاينز طماطم كاتشب شطة,GCC,Ketchup,,REVIEW_UNKNOWN_TERMS,LOW,fiery,openfoodfacts,https://world.openfoodfacts.org/product/6290090011053,controlled-lexicon-composition v1 (no free machine translation),مصطلح غير مغطّى بالمعجم
06290340250409,Kettle Cooked Chilli Chips,Kitco,كيتكو,كيتكو مطبوخ شطة شيبس,GCC,unknown,25,REVIEW_UNKNOWN_TERMS,LOW,kettle,openfoodfacts,https://world.openfoodfacts.org/product/6290340250409,controlled-lexicon-composition v1 (no free machine translation),مصطلح غير مغطّى بالمعجم
06291003669682,Noor classic lentil soap,,,كلاسيك,GCC,unknown,,REVIEW_UNKNOWN_TERMS,LOW,noor;lentil;soap,openfoodfacts,https://world.openfoodfacts.org/product/6291003669682,controlled-lexicon-composition v1 (no free machine translation),مصطلح غير مغطّى بالمعجم
06291014124644,Öjaï Tamrah,,,,GCC,unknown,,REVIEW_UNKNOWN_TERMS,LOW,ja;tamrah,openfoodfacts,https://world.openfoodfacts.org/product/6291014124644,controlled-lexicon-composition v1 (no free machine translation),مصطلح غير مغطّى بالمعجم
06291016111017,Lacnor Juice Orange,NFPC,,عصير برتقال,GCC,unknown,,REVIEW_UNKNOWN_TERMS,LOW,lacnor,openfoodfacts,https://world.openfoodfacts.org/product/6291016111017,controlled-lexicon-composition v1 (no free machine translation),مصطلح غير مغطّى بالمعجم
06291107558332,Sunflower,Earth Goods,,دوار الشمس,SA,unknown,100,REVIEW_BRAND_UNMAPPED,LOW,,openfoodfacts,https://world.openfoodfacts.org/product/6291107558332,controlled-lexicon-composition v1 (no free machine translation),علامة بلا مقابل عربي متحقَّق
06291109540847,Australian angus beef,Lp,,لحم بقري,GCC,unknown,100,REVIEW_UNKNOWN_TERMS,LOW,australian;angus,openfoodfacts,https://world.openfoodfacts.org/product/6291109540847,controlled-lexicon-composition v1 (no free machine translation),مصطلح غير مغطّى بالمعجم
06294003574222,Kit Kat chunky,Kit Kat,,,GCC,fr:Barre chocolatée biscuitée type KitKat,,REVIEW_UNKNOWN_TERMS,LOW,chunky,openfoodfacts,https://world.openfoodfacts.org/product/6294003574222,controlled-lexicon-composition v1 (no free machine translation),مصطلح غير مغطّى بالمعجم
06294007302531,Kunafa bonbon,,,كنافة,GCC,unknown,,REVIEW_UNKNOWN_TERMS,LOW,bonbon,openfoodfacts,https://world.openfoodfacts.org/product/6294007302531,controlled-lexicon-composition v1 (no free machine translation),مصطلح غير مغطّى بالمعجم
06294017514283,Goat Cheese Slices,Alpinella,,جبن شرائح,GCC,unknown,25,REVIEW_UNKNOWN_TERMS,LOW,goat,openfoodfacts,https://world.openfoodfacts.org/product/6294017514283,controlled-lexicon-composition v1 (no free machine translation),مصطلح غير مغطّى بالمعجم
06294017516683,Turkey Smoked Breast,Butchero,,ديك رومي مدخّن صدر,GCC,unknown,,REVIEW_BRAND_UNMAPPED,LOW,,openfoodfacts,https://world.openfoodfacts.org/product/6294017516683,controlled-lexicon-composition v1 (no free machine translation),علامة بلا مقابل عربي متحقَّق
06297000038001,Papy snacks,Modern Food,,,GCC,unknown,,REVIEW_UNKNOWN_TERMS,LOW,papy;snacks,openfoodfacts,https://world.openfoodfacts.org/product/6297000038001,controlled-lexicon-composition v1 (no free machine translation),مصطلح غير مغطّى بالمعجم
06297000805542,Blends of Refined Oils,,,,GCC,unknown,,REVIEW_UNKNOWN_TERMS,LOW,blends;refined;oils,openfoodfacts,https://world.openfoodfacts.org/product/6297000805542,controlled-lexicon-composition v1 (no free machine translation),مصطلح غير مغطّى بالمعجم
06297001079102,Ruz (Rice) Vermicelli,Delektia,,أرز شعيرية,GCC,Rice vermicelli,200,REVIEW_UNKNOWN_TERMS,LOW,ruz,openfoodfacts,https://world.openfoodfacts.org/product/6297001079102,controlled-lexicon-composition v1 (no free machine translation),مصطلح غير مغطّى بالمعجم
06297001144022,Oat bread,Reef,,شوفان خبز,GCC,Breads,38,REVIEW_BRAND_UNMAPPED,LOW,,openfoodfacts,https://world.openfoodfacts.org/product/6297001144022,controlled-lexicon-composition v1 (no free machine translation),علامة بلا مقابل عربي متحقَّق
06298042774902,dubai chocolate,chocozen,,شوكولاتة,GCC,unknown,100,REVIEW_UNKNOWN_TERMS,LOW,dubai,openfoodfacts,https://world.openfoodfacts.org/product/6298042774902,controlled-lexicon-composition v1 (no free machine translation),مصطلح غير مغطّى بالمعجم
06299200051255,White Chocolate,Chic n Choc,,أبيض شوكولاتة,GCC,White chocolate bars,100,REVIEW_BRAND_UNMAPPED,LOW,,openfoodfacts,https://world.openfoodfacts.org/product/6299200051255,controlled-lexicon-composition v1 (no free machine translation),علامة بلا مقابل عربي متحقَّق
06299200062992,High Protein Bread,Natur's By Viva,,عالي البروتين خبز,GCC,unknown,50,REVIEW_BRAND_UNMAPPED,LOW,,openfoodfacts,https://world.openfoodfacts.org/product/6299200062992,controlled-lexicon-composition v1 (no free machine translation),علامة بلا مقابل عربي متحقَّق
06942836724221,Hersheys syrup genuine chocolate flavor,,هيرشيز,هيرشيز شراب شوكولاتة نكهة,SA,unknown,100,REVIEW_UNKNOWN_TERMS,LOW,genuine,openfoodfacts,https://world.openfoodfacts.org/product/6942836724221,controlled-lexicon-composition v1 (no free machine translation),مصطلح غير مغطّى بالمعجم
07613039371671,Organic Cereals,Gerber Organic,,عضوي,GCC,ar:الرضع-والأطفال-فوق-6-شهور,,REVIEW_UNKNOWN_TERMS,LOW,cereals,openfoodfacts,https://world.openfoodfacts.org/product/7613039371671,controlled-lexicon-composition v1 (no free machine translation),مصطلح غير مغطّى بالمعجم
07622202371165,Dairy milk pistachio crunch,,,حليب فستق مقرمش,SA,Chocolates,,REVIEW_UNKNOWN_TERMS,LOW,dairy,openfoodfacts,https://world.openfoodfacts.org/product/7622202371165,controlled-lexicon-composition v1 (no free machine translation),مصطلح غير مغطّى بالمعجم
08003180046235,Barista,OraSi,,,GCC,unknown,240,REVIEW_UNKNOWN_TERMS,LOW,barista,openfoodfacts,https://world.openfoodfacts.org/product/8003180046235,controlled-lexicon-composition v1 (no free machine translation),مصطلح غير مغطّى بالمعجم
08711571008013,Hash Browns,UAE,,,GCC,unknown,100,REVIEW_UNKNOWN_TERMS,LOW,hash;browns,openfoodfacts,https://world.openfoodfacts.org/product/8711571008013,controlled-lexicon-composition v1 (no free machine translation),مصطلح غير مغطّى بالمعجم
08859753000254,Purple sweet Potato,Greenday Fusion,,حلو بطاطس,GCC,unknown,38,REVIEW_UNKNOWN_TERMS,LOW,purple,openfoodfacts,https://world.openfoodfacts.org/product/8859753000254,controlled-lexicon-composition v1 (no free machine translation),مصطلح غير مغطّى بالمعجم
08992696528031,Nescafe intenso,,نسكافيه,نسكافيه,GCC,unknown,,REVIEW_UNKNOWN_TERMS,LOW,intenso,openfoodfacts,https://world.openfoodfacts.org/product/8992696528031,controlled-lexicon-composition v1 (no free machine translation),مصطلح غير مغطّى بالمعجم
09320895001069,Classic wrap,Go Well,,كلاسيك,GCC,Breads,50,REVIEW_UNKNOWN_TERMS,LOW,wrap,openfoodfacts,https://world.openfoodfacts.org/product/9320895001069,controlled-lexicon-composition v1 (no free machine translation),مصطلح غير مغطّى بالمعجم
09556296000206,Sun Ring Cheese Crackers,Sun,,جبن مقرمشات,SA,Cheese-crackers,16,REVIEW_UNKNOWN_TERMS,LOW,ring,openfoodfacts,https://world.openfoodfacts.org/product/9556296000206,controlled-lexicon-composition v1 (no free machine translation),مصطلح غير مغطّى بالمعجم
09557205008726,Instant Oatmeal,Nutrigold,,سريع التحضير,SA,unknown,40,REVIEW_UNKNOWN_TERMS,LOW,oatmeal,openfoodfacts,https://world.openfoodfacts.org/product/9557205008726,controlled-lexicon-composition v1 (no free machine translation),مصطلح غير مغطّى بالمعجم
00032894015976,Peeled Fava Beans W Chickpeas N Garlic,California Garde,,فول فاصوليا حمص ثوم,GCC,unknown,130,REVIEW_UNKNOWN_TERMS,LOW,peeled,openfoodfacts,https://world.openfoodfacts.org/product/0032894015976,controlled-lexicon-composition v1 (no free machine translation),مصطلح غير مغطّى بالمعجم
00032894021373,Solid Skipjack Tuna in sunflower oil,California Garden,كاليفورنيا جاردن,كاليفورنيا جاردن زيت دوار الشمس تونة,GCC,unknown,100,REVIEW_UNKNOWN_TERMS,LOW,solid;skipjack,openfoodfacts,https://world.openfoodfacts.org/product/0032894021373,controlled-lexicon-composition v1 (no free machine translation),مصطلح غير مغطّى بالمعجم
00034000443505,Reese’s peanut butter cups,Reese's,,زبدة فول سوداني,SA,Reese-s,46,REVIEW_UNKNOWN_TERMS,LOW,reese;cups,openfoodfacts,https://world.openfoodfacts.org/product/0034000443505,controlled-lexicon-composition v1 (no free machine translation),مصطلح غير مغطّى بالمعجم
00064579332740,Pineapple & Coconut,Rubicon Exotic,,أناناس جوز الهند,SA,unknown,,REVIEW_BRAND_UNMAPPED,LOW,,openfoodfacts,https://world.openfoodfacts.org/product/0064579332740,controlled-lexicon-composition v1 (no free machine translation),علامة بلا مقابل عربي متحقَّق
00072810273554,Ligo potato chips hot and spicy flavor,,,بطاطس شيبس حار حار نكهة,SA,Chips,,REVIEW_UNKNOWN_TERMS,LOW,ligo,openfoodfacts,https://world.openfoodfacts.org/product/0072810273554,controlled-lexicon-composition v1 (no free machine translation),مصطلح غير مغطّى بالمعجم
00627735265919,Original Bagels,Great Value,جريت فاليو,جريت فاليو أصلي,GCC,unknown,75,REVIEW_UNKNOWN_TERMS,LOW,bagels,openfoodfacts,https://world.openfoodfacts.org/product/0627735265919,controlled-lexicon-composition v1 (no free machine translation),مصطلح غير مغطّى بالمعجم
00637740852820,Classic Granola Bar,Freakin Healthy,,كلاسيك جرانولا لوح,GCC,unknown,50,REVIEW_BRAND_UNMAPPED,LOW,,openfoodfacts,https://world.openfoodfacts.org/product/0637740852820,controlled-lexicon-composition v1 (no free machine translation),علامة بلا مقابل عربي متحقَّق
00733603101019,tangy hot sauce chips,hunterz,,حار صلصة شيبس,GCC,unknown,25,REVIEW_UNKNOWN_TERMS,LOW,tangy,openfoodfacts,https://world.openfoodfacts.org/product/0733603101019,controlled-lexicon-composition v1 (no free machine translation),مصطلح غير مغطّى بالمعجم
00759992956986,Blueberry,Bravo,,توت أزرق,GCC,unknown,100,REVIEW_BRAND_UNMAPPED,LOW,,openfoodfacts,https://world.openfoodfacts.org/product/0759992956986,controlled-lexicon-composition v1 (no free machine translation),علامة بلا مقابل عربي متحقَّق
00850034292441,Bowl O Gainz Lemon Pound Cake,The Flavor Gang,,ليمون كيك,GCC,unknown,32,REVIEW_UNKNOWN_TERMS,LOW,bowl;gainz;pound,openfoodfacts,https://world.openfoodfacts.org/product/0850034292441,controlled-lexicon-composition v1 (no free machine translation),مصطلح غير مغطّى بالمعجم
00850040427592,orange mango energy drink,Prime,,برتقال مانجو طاقة شراب,SA,Energy drinks,330,REVIEW_BRAND_UNMAPPED,LOW,,openfoodfacts,https://world.openfoodfacts.org/product/0850040427592,controlled-lexicon-composition v1 (no free machine translation),علامة بلا مقابل عربي متحقَّق
03080216035079,Moussy lemon mint non alcoholic malt beverage,,موسي,موسي ليمون نعناع شعير مشروب,SA,unknown,,REVIEW_UNKNOWN_TERMS,LOW,no_alcoholic,openfoodfacts,https://world.openfoodfacts.org/product/3080216035079,controlled-lexicon-composition v1 (no free machine translation),مصطلح غير مغطّى بالمعجم
04008713712704,Poppins choco pops cocoa flavored maize balls,,,شوكولاتة كاكاو بنكهة,SA,Cereals and their products,,REVIEW_UNKNOWN_TERMS,LOW,poppins;pops;maize;balls,openfoodfacts,https://world.openfoodfacts.org/product/4008713712704,controlled-lexicon-composition v1 (no free machine translation),مصطلح غير مغطّى بالمعجم
04305615633770,green tea Sonnenkuss,King's Crown,,أخضر شاي,SA,Beverages,,REVIEW_UNKNOWN_TERMS,LOW,sonnenkuss,openfoodfacts,https://world.openfoodfacts.org/product/4305615633770,controlled-lexicon-composition v1 (no free machine translation),مصطلح غير مغطّى بالمعجم
04803925061141,Gatorade blue bolt flavor,Gatorade,,نكهة,GCC,Gatorade,,REVIEW_UNKNOWN_TERMS,LOW,blue;bolt,openfoodfacts,https://world.openfoodfacts.org/product/4803925061141,controlled-lexicon-composition v1 (no free machine translation),مصطلح غير مغطّى بالمعجم
04823077638572,Roshen Fudgenta Candies 68pcs,Roshen Fudgenta,,,GCC,Milk chocolate candies,33,REVIEW_UNKNOWN_TERMS,LOW,candies,openfoodfacts,https://world.openfoodfacts.org/product/4823077638572,controlled-lexicon-composition v1 (no free machine translation),مصطلح غير مغطّى بالمعجم
04902161643538,Geisha albacore white meat tuna in rice oil salt added,,,أبيض لحم تونة أرز زيت ملح,SA,Tunas,90,REVIEW_UNKNOWN_TERMS,LOW,geisha;albacore;added,openfoodfacts,https://world.openfoodfacts.org/product/4902161643538,controlled-lexicon-composition v1 (no free machine translation),مصطلح غير مغطّى بالمعجم
05000396014822,Digestives Milk Chocolate,McVitie's,ماكفيتيز,ماكفيتيز حليب شوكولاتة,GCC,Digestives covered with chocolate,100,REVIEW_UNKNOWN_TERMS,LOW,digestives,openfoodfacts,https://world.openfoodfacts.org/product/5000396014822,controlled-lexicon-composition v1 (no free machine translation),مصطلح غير مغطّى بالمعجم
05201054017814,Total Fat Free Greek Recipe Strained Yoghurt,FAGE,,خالي الدسم يوناني وصفة زبادي,GCC,Low-fat yogurts,150,REVIEW_UNKNOWN_TERMS,LOW,total;strained,openfoodfacts,https://world.openfoodfacts.org/product/5201054017814,controlled-lexicon-composition v1 (no free machine translation),مصطلح غير مغطّى بالمعجم
05201054024843,Total 0%,FAGE,,,GCC,unknown,150,REVIEW_UNKNOWN_TERMS,LOW,total,openfoodfacts,https://world.openfoodfacts.org/product/5201054024843,controlled-lexicon-composition v1 (no free machine translation),مصطلح غير مغطّى بالمعجم
05333876054729,Fantazee rings cheese,,,حلقات جبن,SA,Chips,,REVIEW_UNKNOWN_TERMS,LOW,fantazee,openfoodfacts,https://world.openfoodfacts.org/product/5333876054729,controlled-lexicon-composition v1 (no free machine translation),مصطلح غير مغطّى بالمعجم
05391532124483,Fullfil Dark Chocolate Salted Caramel Vitamin & Protein Bar,Fullfil,,لوح بروتين داكن شوكولاتة مملّح كراميل فيتامين,GCC,unknown,55,REVIEW_BRAND_UNMAPPED,LOW,,openfoodfacts,https://world.openfoodfacts.org/product/5391532124483,controlled-lexicon-composition v1 (no free machine translation),علامة بلا مقابل عربي متحقَّق
05711953195242,PEACH & PASSION FRUIT PROTEIN,Arla,,خوخ فواكه بروتين,GCC,unknown,100,REVIEW_UNKNOWN_TERMS,LOW,passion,openfoodfacts,https://world.openfoodfacts.org/product/5711953195242,controlled-lexicon-composition v1 (no free machine translation),مصطلح غير مغطّى بالمعجم
05711953208225,Arla Protein Chocolate Drink,Arla,,بروتين شوكولاتة شراب,GCC,unknown,250,REVIEW_BRAND_UNMAPPED,LOW,,openfoodfacts,https://world.openfoodfacts.org/product/5711953208225,controlled-lexicon-composition v1 (no free machine translation),علامة بلا مقابل عربي متحقَّق
05900020031044,Nestle fitness cramel crunch bar,,نستله,نستله مقرمش لوح,GCC,unknown,,REVIEW_UNKNOWN_TERMS,LOW,fitness;cramel,openfoodfacts,https://world.openfoodfacts.org/product/5900020031044,controlled-lexicon-composition v1 (no free machine translation),مصطلح غير مغطّى بالمعجم
05900189004491,Toffino Choco,Goplana,,شوكولاتة,GCC,Caramels,,REVIEW_UNKNOWN_TERMS,LOW,toffino,openfoodfacts,https://world.openfoodfacts.org/product/5900189004491,controlled-lexicon-composition v1 (no free machine translation),مصطلح غير مغطّى بالمعجم
06081173042817,Everyday Essentials Grated Cheddar,Aldi,,مبشور شيدر,GCC,Grated cheese,30,REVIEW_UNKNOWN_TERMS,LOW,everyday;essentials,openfoodfacts,https://world.openfoodfacts.org/product/6081173042817,controlled-lexicon-composition v1 (no free machine translation),مصطلح غير مغطّى بالمعجم
06111260550571,Sardine Fillets,Josiane,,سردين,SA,unknown,,REVIEW_UNKNOWN_TERMS,LOW,fillets,openfoodfacts,https://world.openfoodfacts.org/product/6111260550571,controlled-lexicon-composition v1 (no free machine translation),مصطلح غير مغطّى بالمعجم
06223000047279,Hot Chicken Drum Sticks,Americana,أمريكانا,أمريكانا حار دجاج أصابع,GCC,unknown,100,REVIEW_UNKNOWN_TERMS,LOW,drum,openfoodfacts,https://world.openfoodfacts.org/product/6223000047279,controlled-lexicon-composition v1 (no free machine translation),مصطلح غير مغطّى بالمعجم
06223000418079,Lion chips chicken,,,شيبس دجاج,SA,Chips,,REVIEW_UNKNOWN_TERMS,LOW,lion,openfoodfacts,https://world.openfoodfacts.org/product/6223000418079,controlled-lexicon-composition v1 (no free machine translation),مصطلح غير مغطّى بالمعجم
06224010124196,Scrunch nut bars,,,,SA,unknown,,REVIEW_UNKNOWN_TERMS,LOW,scrunch;nut;bars,openfoodfacts,https://world.openfoodfacts.org/product/6224010124196,controlled-lexicon-composition v1 (no free machine translation),مصطلح غير مغطّى بالمعجم
06251036015580,Mr.chips salt,,,شيبس ملح,SA,Chips,,REVIEW_UNKNOWN_TERMS,LOW,mr,openfoodfacts,https://world.openfoodfacts.org/product/6251036015580,controlled-lexicon-composition v1 (no free machine translation),مصطلح غير مغطّى بالمعجم
06251036300860,Mr. tortilla nacho carnaval,,,تورتيلا,SA,Chips,,REVIEW_UNKNOWN_TERMS,LOW,mr;nacho;carnaval,openfoodfacts,https://world.openfoodfacts.org/product/6251036300860,controlled-lexicon-composition v1 (no free machine translation),مصطلح غير مغطّى بالمعجم
06270897600025,Sabzi Kookoo,Kamchin,,,GCC,nb:hermetiske-grønnsaker,,REVIEW_UNKNOWN_TERMS,LOW,sabzi;kookoo,openfoodfacts,https://world.openfoodfacts.org/product/6270897600025,controlled-lexicon-composition v1 (no free machine translation),مصطلح غير مغطّى بالمعجم
06271001736302,Hummus chips - Bliss,Kitco,كيتكو,كيتكو حمص شيبس,GCC,Appetizers,27,REVIEW_UNKNOWN_TERMS,LOW,bliss,openfoodfacts,https://world.openfoodfacts.org/product/6271001736302,controlled-lexicon-composition v1 (no free machine translation),مصطلح غير مغطّى بالمعجم
06271011201883,Full Cream Milk Lactose Free,Kdcow,,خالي اللاكتوز كامل الدسم حليب,GCC,unknown,100,REVIEW_BRAND_UNMAPPED,LOW,,openfoodfacts,https://world.openfoodfacts.org/product/6271011201883,controlled-lexicon-composition v1 (no free machine translation),علامة بلا مقابل عربي متحقَّق
06271028055349,Milk Chocolate,Chocolate,,حليب,GCC,unknown,100,REVIEW_BRAND_UNMAPPED,LOW,,openfoodfacts,https://world.openfoodfacts.org/product/6271028055349,controlled-lexicon-composition v1 (no free machine translation),علامة بلا مقابل عربي متحقَّق
06271100043165,Salted peanuts,Al Rifai,,مملّح,GCC,unknown,28,REVIEW_UNKNOWN_TERMS,LOW,peanuts,openfoodfacts,https://world.openfoodfacts.org/product/6271100043165,controlled-lexicon-composition v1 (no free machine translation),مصطلح غير مغطّى بالمعجم
06278432585387,Gingerbread Cookie Coffee Syrup,Gourmet Inspirations,,كوكيز قهوة شراب,GCC,unknown,15,REVIEW_UNKNOWN_TERMS,LOW,gingerbread,openfoodfacts,https://world.openfoodfacts.org/product/6278432585387,controlled-lexicon-composition v1 (no free machine translation),مصطلح غير مغطّى بالمعجم
06278680001097,Berry Blush Smooth-ease,HappyYak,,توت ناعم,GCC,unknown,40,REVIEW_UNKNOWN_TERMS,LOW,blush;ease,openfoodfacts,https://world.openfoodfacts.org/product/6278680001097,controlled-lexicon-composition v1 (no free machine translation),مصطلح غير مغطّى بالمعجم
06279878535370,Gin & Tonic,Statera,,,GCC,unknown,355,REVIEW_UNKNOWN_TERMS,LOW,gin;tonic,openfoodfacts,https://world.openfoodfacts.org/product/6279878535370,controlled-lexicon-composition v1 (no free machine translation),مصطلح غير مغطّى بالمعجم
06281000074091,Artisan sourdough,MEKHBAZ,,,SA,unknown,100,REVIEW_UNKNOWN_TERMS,LOW,artisan;sourdough,openfoodfacts,https://world.openfoodfacts.org/product/6281000074091,controlled-lexicon-composition v1 (no free machine translation),مصطلح غير مغطّى بالمعجم
06281004194139,Mastic gum,,,علكة,SA,unknown,,REVIEW_UNKNOWN_TERMS,LOW,mastic,openfoodfacts,https://world.openfoodfacts.org/product/6281004194139,controlled-lexicon-composition v1 (no free machine translation),مصطلح غير مغطّى بالمعجم
06281014960021,Flour self raising,Best Mix,,دقيق,SA,unknown,30,REVIEW_UNKNOWN_TERMS,LOW,self;raising,openfoodfacts,https://world.openfoodfacts.org/product/6281014960021,controlled-lexicon-composition v1 (no free machine translation),مصطلح غير مغطّى بالمعجم
06281016013053,Albatal ridges cheese flavor,,البطل,البطل جبن نكهة,SA,unknown,,REVIEW_UNKNOWN_TERMS,LOW,ridges,openfoodfacts,https://world.openfoodfacts.org/product/6281016013053,controlled-lexicon-composition v1 (no free machine translation),مصطلح غير مغطّى بالمعجم
06281016730318,Albatal Salted Potatoes,AlBatal,البطل,البطل مملّح,SA,unknown,,REVIEW_UNKNOWN_TERMS,LOW,potatoes,openfoodfacts,https://world.openfoodfacts.org/product/6281016730318,controlled-lexicon-composition v1 (no free machine translation),مصطلح غير مغطّى بالمعجم
06281018420118,Florida's Natural Juice Orange Grover,,,طبيعي عصير برتقال,SA,unknown,,REVIEW_UNKNOWN_TERMS,LOW,florida;grover,openfoodfacts,https://world.openfoodfacts.org/product/6281018420118,controlled-lexicon-composition v1 (no free machine translation),مصطلح غير مغطّى بالمعجم
06281036005427,Lay’s maxx chicago hot wings,,,حار أجنحة,SA,unknown,25,REVIEW_UNKNOWN_TERMS,LOW,lay;maxx;chicago,openfoodfacts,https://world.openfoodfacts.org/product/6281036005427,controlled-lexicon-composition v1 (no free machine translation),مصطلح غير مغطّى بالمعجم
06281058251802,Fifa orange soft drink,,,برتقال طري شراب,SA,Beverages,,REVIEW_UNKNOWN_TERMS,LOW,fifa,openfoodfacts,https://world.openfoodfacts.org/product/6281058251802,controlled-lexicon-composition v1 (no free machine translation),مصطلح غير مغطّى بالمعجم
06281058292911,Code red zero sugar,Codered,,أحمر زيرو سكر,SA,Energy drinks,200,REVIEW_UNKNOWN_TERMS,LOW,code,openfoodfacts,https://world.openfoodfacts.org/product/6281058292911,controlled-lexicon-composition v1 (no free machine translation),مصطلح غير مغطّى بالمعجم
06281063881087,Worcestershire Sauce,Freshly,فريشلي,فريشلي صلصة,SA,unknown,5,REVIEW_UNKNOWN_TERMS,LOW,worcestershire,openfoodfacts,https://world.openfoodfacts.org/product/6281063881087,controlled-lexicon-composition v1 (no free machine translation),مصطلح غير مغطّى بالمعجم
06285572000267,Rita raspberry sparkling drink,,,توت أحمر فوّار شراب,SA,unknown,,REVIEW_UNKNOWN_TERMS,LOW,rita,openfoodfacts,https://world.openfoodfacts.org/product/6285572000267,controlled-lexicon-composition v1 (no free machine translation),مصطلح غير مغطّى بالمعجم
06285572000694,Rita red sparkling drink,,,أحمر فوّار شراب,SA,unknown,,REVIEW_UNKNOWN_TERMS,LOW,rita,openfoodfacts,https://world.openfoodfacts.org/product/6285572000694,controlled-lexicon-composition v1 (no free machine translation),مصطلح غير مغطّى بالمعجم
06286783491509,Sweet Mashed Bean Crisp Cake,LTC,,حلو كيك,SA,unknown,100,REVIEW_UNKNOWN_TERMS,LOW,mashed;bean;crisp,openfoodfacts,https://world.openfoodfacts.org/product/6286783491509,controlled-lexicon-composition v1 (no free machine translation),مصطلح غير مغطّى بالمعجم
06286788600081,Chocolatines au babeurre (mélange),,,,SA,unknown,,REVIEW_UNKNOWN_TERMS,LOW,chocolatines;au;babeurre;lange,openfoodfacts,https://world.openfoodfacts.org/product/6286788600081,controlled-lexicon-composition v1 (no free machine translation),مصطلح غير مغطّى بالمعجم
06287007090935,Fresh chicken franks,Radwa Chicken,,طازج دجاج,SA,unknown,100,REVIEW_UNKNOWN_TERMS,LOW,franks,openfoodfacts,https://world.openfoodfacts.org/product/6287007090935,controlled-lexicon-composition v1 (no free machine translation),مصطلح غير مغطّى بالمعجم
06287042121007,Noug kids camel milk with chocolate lactose free,,,خالي اللاكتوز إبل حليب شوكولاتة,SA,Dairies,,REVIEW_UNKNOWN_TERMS,LOW,noug;kids,openfoodfacts,https://world.openfoodfacts.org/product/6287042121007,controlled-lexicon-composition v1 (no free machine translation),مصطلح غير مغطّى بالمعجم
06287042121205,Noug kids camel milk lactose free,,,خالي اللاكتوز إبل حليب,SA,Dairies,,REVIEW_UNKNOWN_TERMS,LOW,noug;kids,openfoodfacts,https://world.openfoodfacts.org/product/6287042121205,controlled-lexicon-composition v1 (no free machine translation),مصطلح غير مغطّى بالمعجم
06290050110918,Strawberry Jelly,Green's,,فراولة جيلي,GCC,Mixes for jelly desserts,21.25,REVIEW_BRAND_UNMAPPED,LOW,,openfoodfacts,https://world.openfoodfacts.org/product/6290050110918,controlled-lexicon-composition v1 (no free machine translation),علامة بلا مقابل عربي متحقَّق
06290410061102,Fresh White Large Eggs,Carrefour,كارفور,كارفور طازج أبيض بيض,GCC,unknown,60,REVIEW_UNKNOWN_TERMS,LOW,large,openfoodfacts,https://world.openfoodfacts.org/product/6290410061102,controlled-lexicon-composition v1 (no free machine translation),مصطلح غير مغطّى بالمعجم
06290854756350,DUBAI Kunafa chocolate & pistachio,,,كنافة شوكولاتة فستق,GCC,unknown,,REVIEW_UNKNOWN_TERMS,LOW,dubai,openfoodfacts,https://world.openfoodfacts.org/product/6290854756350,controlled-lexicon-composition v1 (no free machine translation),مصطلح غير مغطّى بالمعجم
06291003096198,London strawberry,London Dairy,,فراولة,GCC,unknown,125,REVIEW_UNKNOWN_TERMS,LOW,london,openfoodfacts,https://world.openfoodfacts.org/product/6291003096198,controlled-lexicon-composition v1 (no free machine translation),مصطلح غير مغطّى بالمعجم
06291003096471,London Dairy Ice Cream Bucket Caramel Crunch (1 LTR),,,آيس كريم كراميل مقرمش,GCC,unknown,,REVIEW_UNKNOWN_TERMS,LOW,london;dairy;bucket,openfoodfacts,https://world.openfoodfacts.org/product/6291003096471,controlled-lexicon-composition v1 (no free machine translation),مصطلح غير مغطّى بالمعجم
06291003206139,Team up,Tiffany,تيفاني,تيفاني,GCC,Chocolate biscuity bars,24,REVIEW_UNKNOWN_TERMS,LOW,team;up,openfoodfacts,https://world.openfoodfacts.org/product/6291003206139,controlled-lexicon-composition v1 (no free machine translation),مصطلح غير مغطّى بالمعجم
06291007915341,Mini Kreemz,Milk Bikis,,ميني,GCC,unknown,40,REVIEW_UNKNOWN_TERMS,LOW,kreemz,openfoodfacts,https://world.openfoodfacts.org/product/6291007915341,controlled-lexicon-composition v1 (no free machine translation),مصطلح غير مغطّى بالمعجم
06291010901003,Fruiti,,,,GCC,unknown,,REVIEW_UNKNOWN_TERMS,LOW,fruiti,openfoodfacts,https://world.openfoodfacts.org/product/6291010901003,controlled-lexicon-composition v1 (no free machine translation),مصطلح غير مغطّى بالمعجم
06291011007513,XL twister himalayan salt,,,ملح,SA,Chips,,REVIEW_UNKNOWN_TERMS,LOW,xl;twister;himalayan,openfoodfacts,https://world.openfoodfacts.org/product/6291011007513,controlled-lexicon-composition v1 (no free machine translation),مصطلح غير مغطّى بالمعجم
06291011055736,Arabian delights,,,عربي,GCC,unknown,,REVIEW_UNKNOWN_TERMS,LOW,delights,openfoodfacts,https://world.openfoodfacts.org/product/6291011055736,controlled-lexicon-composition v1 (no free machine translation),مصطلح غير مغطّى بالمعجم
06291030003824,Berry blast,al rawabi,,توت,GCC,unknown,,REVIEW_UNKNOWN_TERMS,LOW,blast,openfoodfacts,https://world.openfoodfacts.org/product/6291030003824,controlled-lexicon-composition v1 (no free machine translation),مصطلح غير مغطّى بالمعجم
06291044110358,Safa Laban Up 200 ml,Safa,,لبن,GCC,Yogurt drinks,,REVIEW_BRAND_UNMAPPED,LOW,,openfoodfacts,https://world.openfoodfacts.org/product/6291044110358,controlled-lexicon-composition v1 (no free machine translation),علامة بلا مقابل عربي متحقَّق
06291100213160,Khenaizi Dates,Khenaizi,,تمر,GCC,Dates,,REVIEW_BRAND_UNMAPPED,LOW,,openfoodfacts,https://world.openfoodfacts.org/product/6291100213160,controlled-lexicon-composition v1 (no free machine translation),علامة بلا مقابل عربي متحقَّق
06291103750358,T-Plus masala,MDH,,ماسالا,GCC,unknown,1,REVIEW_BRAND_UNMAPPED,LOW,,openfoodfacts,https://world.openfoodfacts.org/product/6291103750358,controlled-lexicon-composition v1 (no free machine translation),علامة بلا مقابل عربي متحقَّق
06291104922839,Tahina - creme de sesame,,,سمسم,GCC,unknown,,REVIEW_UNKNOWN_TERMS,LOW,tahina;creme,openfoodfacts,https://world.openfoodfacts.org/product/6291104922839,controlled-lexicon-composition v1 (no free machine translation),مصطلح غير مغطّى بالمعجم
06291105824019,Salted Peanuts,,,مملّح,GCC,Peanuts,,REVIEW_UNKNOWN_TERMS,LOW,peanuts,openfoodfacts,https://world.openfoodfacts.org/product/6291105824019,controlled-lexicon-composition v1 (no free machine translation),مصطلح غير مغطّى بالمعجم
06291107069432,Barakat orange juice,,,برتقال عصير,GCC,unknown,,REVIEW_UNKNOWN_TERMS,LOW,barakat,openfoodfacts,https://world.openfoodfacts.org/product/6291107069432,controlled-lexicon-composition v1 (no free machine translation),مصطلح غير مغطّى بالمعجم
06291107558837,Earth goods Gluten free oat porridge,Earth Goods,,خالي الجلوتين شوفان,GCC,Oat,40,REVIEW_UNKNOWN_TERMS,LOW,porridge,openfoodfacts,https://world.openfoodfacts.org/product/6291107558837,controlled-lexicon-composition v1 (no free machine translation),مصطلح غير مغطّى بالمعجم
06291108230541,Emirates Dates,Date Crown,ديت كراون,ديت كراون تمر,GCC,Dates,,REVIEW_UNKNOWN_TERMS,LOW,emirates,openfoodfacts,https://world.openfoodfacts.org/product/6291108230541,controlled-lexicon-composition v1 (no free machine translation),مصطلح غير مغطّى بالمعجم
06291109983187,Coconut Unsweetened,Earth Goods Organic,,جوز الهند غير محلّى,GCC,unknown,100,REVIEW_BRAND_UNMAPPED,LOW,,openfoodfacts,https://world.openfoodfacts.org/product/6291109983187,controlled-lexicon-composition v1 (no free machine translation),علامة بلا مقابل عربي متحقَّق
06292643000453,Noodles,Noodle Works,,نودلز,GCC,unknown,100,REVIEW_BRAND_UNMAPPED,LOW,,openfoodfacts,https://world.openfoodfacts.org/product/6292643000453,controlled-lexicon-composition v1 (no free machine translation),علامة بلا مقابل عربي متحقَّق
06294004118227,Almond Raw,Al Douri,,لوز خام,GCC,unknown,,REVIEW_BRAND_UNMAPPED,LOW,,openfoodfacts,https://world.openfoodfacts.org/product/6294004118227,controlled-lexicon-composition v1 (no free machine translation),علامة بلا مقابل عربي متحقَّق
06297001135754,Hayatna Greek Yogurt,hayatna,,يوناني زبادي,GCC,Greek-style yogurts,100,REVIEW_BRAND_UNMAPPED,LOW,,openfoodfacts,https://world.openfoodfacts.org/product/6297001135754,controlled-lexicon-composition v1 (no free machine translation),علامة بلا مقابل عربي متحقَّق
06298043550215,Spencer’s Twist Sprite,Sprite,سبرايت,سبرايت,GCC,unknown,100,REVIEW_UNKNOWN_TERMS,LOW,spencer;twist,openfoodfacts,https://world.openfoodfacts.org/product/6298043550215,controlled-lexicon-composition v1 (no free machine translation),مصطلح غير مغطّى بالمعجم
06299200046701,Protein Drink Chocolate Flavour,Milba,,بروتين شراب شوكولاتة نكهة,GCC,unknown,,REVIEW_BRAND_UNMAPPED,LOW,,openfoodfacts,https://world.openfoodfacts.org/product/6299200046701,controlled-lexicon-composition v1 (no free machine translation),علامة بلا مقابل عربي متحقَّق
06299200055420,STEAKHOUSE FRIES,McSNACKER,,بطاطس مقلية,GCC,unknown,100,REVIEW_UNKNOWN_TERMS,LOW,steakhouse,openfoodfacts,https://world.openfoodfacts.org/product/6299200055420,controlled-lexicon-composition v1 (no free machine translation),مصطلح غير مغطّى بالمعجم
06299200059862,Ravioli With Parmigiano Reggiano And Truffle,Giovanni,,ترافل,GCC,unknown,125,REVIEW_UNKNOWN_TERMS,LOW,ravioli;parmigiano;reggiano,openfoodfacts,https://world.openfoodfacts.org/product/6299200059862,controlled-lexicon-composition v1 (no free machine translation),مصطلح غير مغطّى بالمعجم
06300957336295,Creamy Mushroom Soup,Wattie's,,كريمي فطر شوربة,GCC,unknown,260,REVIEW_BRAND_UNMAPPED,LOW,,openfoodfacts,https://world.openfoodfacts.org/product/6300957336295,controlled-lexicon-composition v1 (no free machine translation),علامة بلا مقابل عربي متحقَّق
07616100111817,Nestle sweetenx condensed milk,Nestlé,نستله,نستله مكثّف حليب,SA,unknown,,REVIEW_UNKNOWN_TERMS,LOW,sweetenx,openfoodfacts,https://world.openfoodfacts.org/product/7616100111817,controlled-lexicon-composition v1 (no free machine translation),مصطلح غير مغطّى بالمعجم
07710000002364,Creamy Grilled Chicken Penne Pasta,Lo Fat,,كريمي مشوي دجاج بيني معكرونة,GCC,unknown,330,REVIEW_BRAND_UNMAPPED,LOW,,openfoodfacts,https://world.openfoodfacts.org/product/7710000002364,controlled-lexicon-composition v1 (no free machine translation),علامة بلا مقابل عربي متحقَّق
07797674049857,Crunchy apple crisp,Nature Valley,,مقرمش تفاح,GCC,Cereal bars,,REVIEW_UNKNOWN_TERMS,LOW,crisp,openfoodfacts,https://world.openfoodfacts.org/product/7797674049857,controlled-lexicon-composition v1 (no free machine translation),مصطلح غير مغطّى بالمعجم
08001060040014,Pesto alla calabrese,Saclà,,,GCC,Pestos,,REVIEW_UNKNOWN_TERMS,LOW,pesto;alla;calabrese,openfoodfacts,https://world.openfoodfacts.org/product/8001060040014,controlled-lexicon-composition v1 (no free machine translation),مصطلح غير مغطّى بالمعجم
08002063214105,Mozzarella,Bio,,موزاريلا,GCC,Mozzarella,,REVIEW_BRAND_UNMAPPED,LOW,,openfoodfacts,https://world.openfoodfacts.org/product/8002063214105,controlled-lexicon-composition v1 (no free machine translation),علامة بلا مقابل عربي متحقَّق
08003340802312,Lindor milk,Lindt,,حليب,GCC,Milk chocolate candies,25,REVIEW_UNKNOWN_TERMS,LOW,lindor,openfoodfacts,https://world.openfoodfacts.org/product/8003340802312,controlled-lexicon-composition v1 (no free machine translation),مصطلح غير مغطّى بالمعجم
08445291829947,Nestle fitness granola quinoa,,نستله,نستله جرانولا كينوا,SA,Oat,,REVIEW_UNKNOWN_TERMS,LOW,fitness,openfoodfacts,https://world.openfoodfacts.org/product/8445291829947,controlled-lexicon-composition v1 (no free machine translation),مصطلح غير مغطّى بالمعجم
08717496043122,Myrtilles,Driscoll's,,,GCC,de:kulturheidelbeeren,125,REVIEW_UNKNOWN_TERMS,LOW,myrtilles,openfoodfacts,https://world.openfoodfacts.org/product/8717496043122,controlled-lexicon-composition v1 (no free machine translation),مصطلح غير مغطّى بالمعجم
08859556701709,Pinoy young green jackfruit in brine,,,أخضر,SA,Cans-food,,REVIEW_UNKNOWN_TERMS,LOW,pinoy;young;jackfruit;brine,openfoodfacts,https://world.openfoodfacts.org/product/8859556701709,controlled-lexicon-composition v1 (no free machine translation),مصطلح غير مغطّى بالمعجم
09556023223090,Chocolate Filled Sandwich Biscuit,Zess,,شوكولاتة محشو ساندويتش بسكويت,GCC,unknown,29.4,REVIEW_BRAND_UNMAPPED,LOW,,openfoodfacts,https://world.openfoodfacts.org/product/9556023223090,controlled-lexicon-composition v1 (no free machine translation),علامة بلا مقابل عربي متحقَّق
09556124070029,Oats rolled organic 500gm Organti,,,شوفان عضوي,SA,Oat,,REVIEW_UNKNOWN_TERMS,LOW,rolled;organti,openfoodfacts,https://world.openfoodfacts.org/product/9556124070029,controlled-lexicon-composition v1 (no free machine translation),مصطلح غير مغطّى بالمعجم
00041224463363,Roland red kidney beans,,,أحمر حمراء فاصوليا,SA,unknown,,REVIEW_UNKNOWN_TERMS,LOW,roland,openfoodfacts,https://world.openfoodfacts.org/product/0041224463363,controlled-lexicon-composition v1 (no free machine translation),مصطلح غير مغطّى بالمعجم
00070844007428,Ka.me straw mushrooms whole - peeled,,,فطر,SA,Cans-food,,REVIEW_UNKNOWN_TERMS,LOW,ka;me;straw;whole;peeled,openfoodfacts,https://world.openfoodfacts.org/product/0070844007428,controlled-lexicon-composition v1 (no free machine translation),مصطلح غير مغطّى بالمعجم
00606076754023,Salt and vinegar chips,CHIPSTICKS,,ملح خل شيبس,GCC,unknown,30,REVIEW_BRAND_UNMAPPED,LOW,,openfoodfacts,https://world.openfoodfacts.org/product/0606076754023,controlled-lexicon-composition v1 (no free machine translation),علامة بلا مقابل عربي متحقَّق
00628678203679,All-in-One Shake,goodprotein,,شيك,SA,Protein shakes,44,REVIEW_UNKNOWN_TERMS,LOW,all,openfoodfacts,https://world.openfoodfacts.org/product/0628678203679,controlled-lexicon-composition v1 (no free machine translation),مصطلح غير مغطّى بالمعجم
00628678440753,Roasted Edamame Dill Pickle,go! snacks,,محمّص مخلل,SA,unknown,26,REVIEW_UNKNOWN_TERMS,LOW,edamame;dill,openfoodfacts,https://world.openfoodfacts.org/product/0628678440753,controlled-lexicon-composition v1 (no free machine translation),مصطلح غير مغطّى بالمعجم
00628693634175,Fire Roasted Vegetable Primavera,Pura Vida,,محمّص خضار,SA,Frozen vegetables,85,REVIEW_UNKNOWN_TERMS,LOW,fire;primavera,openfoodfacts,https://world.openfoodfacts.org/product/0628693634175,controlled-lexicon-composition v1 (no free machine translation),مصطلح غير مغطّى بالمعجم
00628920500259,Berry blossom,Canne Berge,,توت,SA,unknown,25,REVIEW_UNKNOWN_TERMS,LOW,blossom,openfoodfacts,https://world.openfoodfacts.org/product/0628920500259,controlled-lexicon-composition v1 (no free machine translation),مصطلح غير مغطّى بالمعجم
00629025442352,Yogurt,Logo,,زبادي,GCC,Yogurts,100,REVIEW_BRAND_UNMAPPED,LOW,,openfoodfacts,https://world.openfoodfacts.org/product/0629025442352,controlled-lexicon-composition v1 (no free machine translation),علامة بلا مقابل عربي متحقَّق
00629027880046,CLEAR PROTEIN GRASS-FED WHEY ISOLATE,ALT,,بروتين واي آيزوليت,GCC,unknown,23,REVIEW_UNKNOWN_TERMS,LOW,clear;grass;fed,openfoodfacts,https://world.openfoodfacts.org/product/0629027880046,controlled-lexicon-composition v1 (no free machine translation),مصطلح غير مغطّى بالمعجم
00629118310704,Fiery Ginger,Greenhouse,,زنجبيل,GCC,unknown,30,REVIEW_UNKNOWN_TERMS,LOW,fiery,openfoodfacts,https://world.openfoodfacts.org/product/0629118310704,controlled-lexicon-composition v1 (no free machine translation),مصطلح غير مغطّى بالمعجم
00736542048599,Almond Vanilla Bar,Freakin’ Healthy,,لوز فانيلا لوح,SA,unknown,40,REVIEW_BRAND_UNMAPPED,LOW,,openfoodfacts,https://world.openfoodfacts.org/product/0736542048599,controlled-lexicon-composition v1 (no free machine translation),علامة بلا مقابل عربي متحقَّق
00745178417105,Mr tito peanuts flavor,,,نكهة,SA,Chips,,REVIEW_UNKNOWN_TERMS,LOW,mr;tito;peanuts,openfoodfacts,https://world.openfoodfacts.org/product/0745178417105,controlled-lexicon-composition v1 (no free machine translation),مصطلح غير مغطّى بالمعجم
00797822100857,Vanilla Sandwich icecream,Light Whey,,فانيلا ساندويتش آيس كريم,GCC,unknown,80,REVIEW_BRAND_UNMAPPED,LOW,,openfoodfacts,https://world.openfoodfacts.org/product/0797822100857,controlled-lexicon-composition v1 (no free machine translation),علامة بلا مقابل عربي متحقَّق
03350033527904,Trio de quinoa,Monoprix,مونوبري,مونوبري كينوا,GCC,Quinoa,,REVIEW_UNKNOWN_TERMS,LOW,trio,openfoodfacts,https://world.openfoodfacts.org/product/3350033527904,controlled-lexicon-composition v1 (no free machine translation),مصطلح غير مغطّى بالمعجم
03451791340412,Lait demi-écrémé stérilisé UHT - Longue conservation,Elle & Vire,ال آند فير,ال آند فير طويل الأجل,GCC,fr:cremes-cuisson,200,REVIEW_UNKNOWN_TERMS,LOW,lait;demi;cr;st;rilis;longue;conservation,openfoodfacts,https://world.openfoodfacts.org/product/3451791340412,controlled-lexicon-composition v1 (no free machine translation),مصطلح غير مغطّى بالمعجم
03645482638739,Natural Honey,American Harvest,,طبيعي عسل,GCC,unknown,100,REVIEW_BRAND_UNMAPPED,LOW,,openfoodfacts,https://world.openfoodfacts.org/product/3645482638739,controlled-lexicon-composition v1 (no free machine translation),علامة بلا مقابل عربي متحقَّق
03800218255110,Peanut Butter & Cocoa Granola,Harmonica,,زبدة فول سوداني كاكاو جرانولا,GCC,unknown,100,REVIEW_BRAND_UNMAPPED,LOW,,openfoodfacts,https://world.openfoodfacts.org/product/3800218255110,controlled-lexicon-composition v1 (no free machine translation),علامة بلا مقابل عربي متحقَّق
04100290056124,pudding dessert with chocolate flavor and low sweeteners,Atlanta,,مهلبية حلى شوكولاتة نكهة,GCC,Protein-yogurt,200,REVIEW_UNKNOWN_TERMS,LOW,low;sweeteners,openfoodfacts,https://world.openfoodfacts.org/product/4100290056124,controlled-lexicon-composition v1 (no free machine translation),مصطلح غير مغطّى بالمعجم
04780032401278,Smoked Salami Krakow Special,Rozmetov,,مدخّن سلامي,GCC,unknown,,REVIEW_UNKNOWN_TERMS,LOW,krakow;special,openfoodfacts,https://world.openfoodfacts.org/product/4780032401278,controlled-lexicon-composition v1 (no free machine translation),مصطلح غير مغطّى بالمعجم
04823077646287,Lovita Blondie Brownie Lemon,Roshen,,براوني ليمون,GCC,Cakes,38,REVIEW_UNKNOWN_TERMS,LOW,lovita;blondie,openfoodfacts,https://world.openfoodfacts.org/product/4823077646287,controlled-lexicon-composition v1 (no free machine translation),مصطلح غير مغطّى بالمعجم
04890000097621,Skipjack Tuna solid in water,Carrefour,كارفور,كارفور تونة ماء,GCC,unknown,100,REVIEW_UNKNOWN_TERMS,LOW,skipjack;solid,openfoodfacts,https://world.openfoodfacts.org/product/4890000097621,controlled-lexicon-composition v1 (no free machine translation),مصطلح غير مغطّى بالمعجم
05000159571821,Counters,Galaxy,جالاكسي,جالاكسي,GCC,unknown,20,REVIEW_UNKNOWN_TERMS,LOW,counters,openfoodfacts,https://world.openfoodfacts.org/product/5000159571821,controlled-lexicon-composition v1 (no free machine translation),مصطلح غير مغطّى بالمعجم
05010035000536,Foxs Rocky Caramel 5pk,Fox's,,كراميل,SA,unknown,19.5,REVIEW_UNKNOWN_TERMS,LOW,foxs;rocky;pk,openfoodfacts,https://world.openfoodfacts.org/product/5010035000536,controlled-lexicon-composition v1 (no free machine translation),مصطلح غير مغطّى بالمعجم
05201004546029,Papadopoulos digestive bar with orange pieces and dark chocolate,,,دايجستيف لوح برتقال قطع داكن شوكولاتة,SA,unknown,,REVIEW_UNKNOWN_TERMS,LOW,papadopoulos,openfoodfacts,https://world.openfoodfacts.org/product/5201004546029,controlled-lexicon-composition v1 (no free machine translation),مصطلح غير مغطّى بالمعجم
05203225004470,Riddle Peanut Butter Cups,Parfait,,زبدة فول سوداني,SA,unknown,100,REVIEW_UNKNOWN_TERMS,LOW,riddle;cups,openfoodfacts,https://world.openfoodfacts.org/product/5203225004470,controlled-lexicon-composition v1 (no free machine translation),مصطلح غير مغطّى بالمعجم
05203817808257,Extra Virgin Olive Oil Seasoned With Oregano,Critida,,زيت زيتون إكسترا متبّل أوريجانو,SA,unknown,15,REVIEW_UNKNOWN_TERMS,LOW,virgin,openfoodfacts,https://world.openfoodfacts.org/product/5203817808257,controlled-lexicon-composition v1 (no free machine translation),مصطلح غير مغطّى بالمعجم
05711953117558,Arla organic full fat milk,,,كامل الدسم عضوي حليب,SA,unknown,,REVIEW_UNKNOWN_TERMS,LOW,arla,openfoodfacts,https://world.openfoodfacts.org/product/5711953117558,controlled-lexicon-composition v1 (no free machine translation),مصطلح غير مغطّى بالمعجم
05711953200571,Puck orignal spreadable cheese analogue,,بوك,بوك قابل للدهن جبن,SA,unknown,,REVIEW_UNKNOWN_TERMS,LOW,orignal;analogue,openfoodfacts,https://world.openfoodfacts.org/product/5711953200571,controlled-lexicon-composition v1 (no free machine translation),مصطلح غير مغطّى بالمعجم
05900020030245,Nestle country corn flakes bar,,كورن فليكس,كورن فليكس لوح,SA,Corn flakes,20,REVIEW_UNKNOWN_TERMS,LOW,country,openfoodfacts,https://world.openfoodfacts.org/product/5900020030245,controlled-lexicon-composition v1 (no free machine translation),مصطلح غير مغطّى بالمعجم
05900020047038,Nestle trix breakfast cereal bar,,نستله,نستله حبوب إفطار لوح,SA,unknown,17,REVIEW_UNKNOWN_TERMS,LOW,trix;breakfast,openfoodfacts,https://world.openfoodfacts.org/product/5900020047038,controlled-lexicon-composition v1 (no free machine translation),مصطلح غير مغطّى بالمعجم
06223011813436,Oats Ring Sweat Chili,Lino,,شوفان شطة,SA,unknown,30,REVIEW_UNKNOWN_TERMS,LOW,ring;sweat,openfoodfacts,https://world.openfoodfacts.org/product/6223011813436,controlled-lexicon-composition v1 (no free machine translation),مصطلح غير مغطّى بالمعجم
06271000500447,Chicken Stroganoff With Linguine Pasta,Diet Care,,دجاج معكرونة,GCC,unknown,345,REVIEW_UNKNOWN_TERMS,LOW,stroganoff;linguine,openfoodfacts,https://world.openfoodfacts.org/product/6271000500447,controlled-lexicon-composition v1 (no free machine translation),مصطلح غير مغطّى بالمعجم
06271001320501,Kitco stix tomato ketchup,,كيتكو,كيتكو طماطم كاتشب,GCC,unknown,,REVIEW_UNKNOWN_TERMS,LOW,stix,openfoodfacts,https://world.openfoodfacts.org/product/6271001320501,controlled-lexicon-composition v1 (no free machine translation),مصطلح غير مغطّى بالمعجم
06271016006599,al wafra greek,,,يوناني,GCC,unknown,,REVIEW_UNKNOWN_TERMS,LOW,al;wafra,openfoodfacts,https://world.openfoodfacts.org/product/6271016006599,controlled-lexicon-composition v1 (no free machine translation),مصطلح غير مغطّى بالمعجم
06281007061032,Lusine Biscuit cream BttrCrssant,Almarai,المراعي,المراعي بسكويت بالكريمة,SA,unknown,83,REVIEW_UNKNOWN_TERMS,LOW,lusine;bttrcrssant,openfoodfacts,https://world.openfoodfacts.org/product/6281007061032,controlled-lexicon-composition v1 (no free machine translation),مصطلح غير مغطّى بالمعجم
06281022102925,Cookie and cream yougurt,Danette,دانيت,دانيت كوكيز قشطة,SA,unknown,,REVIEW_UNKNOWN_TERMS,LOW,yougurt,openfoodfacts,https://world.openfoodfacts.org/product/6281022102925,controlled-lexicon-composition v1 (no free machine translation),مصطلح غير مغطّى بالمعجم
06281022134100,Triple Zero Cookies 130g,YoPRO,,زيرو كوكيز,SA,unknown,130,REVIEW_UNKNOWN_TERMS,LOW,triple,openfoodfacts,https://world.openfoodfacts.org/product/6281022134100,controlled-lexicon-composition v1 (no free machine translation),مصطلح غير مغطّى بالمعجم
06281039582314,Sendation Cookies And Brownie,Alsaudia,,كوكيز براوني,SA,unknown,72,REVIEW_UNKNOWN_TERMS,LOW,sendation,openfoodfacts,https://world.openfoodfacts.org/product/6281039582314,controlled-lexicon-composition v1 (no free machine translation),مصطلح غير مغطّى بالمعجم
06281041228125,HB Tahini Sauce garlic and Herb,Halwani Bros,حلواني,حلواني طحينة صلصة ثوم,SA,unknown,100,REVIEW_UNKNOWN_TERMS,LOW,hb;herb,openfoodfacts,https://world.openfoodfacts.org/product/6281041228125,controlled-lexicon-composition v1 (no free machine translation),مصطلح غير مغطّى بالمعجم
06281048097588,Puck spreadable processed cream cheese analogue cheddar taste,,بوك,بوك قابل للدهن قشطة جبن شيدر نكهة,SA,unknown,,REVIEW_UNKNOWN_TERMS,LOW,processed;analogue,openfoodfacts,https://world.openfoodfacts.org/product/6281048097588,controlled-lexicon-composition v1 (no free machine translation),مصطلح غير مغطّى بالمعجم
06281048106495,Puck original spreadable cheese analogue,puck,بوك,بوك أصلي قابل للدهن جبن,GCC,منتجات-الألبان,,REVIEW_UNKNOWN_TERMS,LOW,analogue,openfoodfacts,https://world.openfoodfacts.org/product/6281048106495,controlled-lexicon-composition v1 (no free machine translation),مصطلح غير مغطّى بالمعجم
06281063633037,Noodels,makati,,,SA,unknown,,REVIEW_UNKNOWN_TERMS,LOW,noodels,openfoodfacts,https://world.openfoodfacts.org/product/6281063633037,controlled-lexicon-composition v1 (no free machine translation),مصطلح غير مغطّى بالمعجم
06281100357476,Ulker TeaBiscuit,Ulker,أولكر,أولكر,GCC,unknown,35,REVIEW_UNKNOWN_TERMS,LOW,teabiscuit,openfoodfacts,https://world.openfoodfacts.org/product/6281100357476,controlled-lexicon-composition v1 (no free machine translation),مصطلح غير مغطّى بالمعجم
06281106250412,Sukkary dates,,,تمر,SA,unknown,,REVIEW_UNKNOWN_TERMS,LOW,sukkary,openfoodfacts,https://world.openfoodfacts.org/product/6281106250412,controlled-lexicon-composition v1 (no free machine translation),مصطلح غير مغطّى بالمعجم
06281183000221,Strawberry Cake Bar,Lusine,,فراولة كيك لوح,GCC,Cakes,25,REVIEW_BRAND_UNMAPPED,LOW,,openfoodfacts,https://world.openfoodfacts.org/product/6281183000221,controlled-lexicon-composition v1 (no free machine translation),علامة بلا مقابل عربي متحقَّق
06287002800263,Ajwa Al Madina Almunawara,,,عجوة,SA,unknown,,REVIEW_UNKNOWN_TERMS,LOW,al;madina;almunawara,openfoodfacts,https://world.openfoodfacts.org/product/6287002800263,controlled-lexicon-composition v1 (no free machine translation),مصطلح غير مغطّى بالمعجم
06287006941818,Kitco mexita sweet and sour,,كيتكو,كيتكو حلو حامض,SA,unknown,,REVIEW_UNKNOWN_TERMS,LOW,mexita,openfoodfacts,https://world.openfoodfacts.org/product/6287006941818,controlled-lexicon-composition v1 (no free machine translation),مصطلح غير مغطّى بالمعجم
06288004000446,Ajwa Dates,Milaf,,عجوة تمر,SA,unknown,,REVIEW_BRAND_UNMAPPED,LOW,,openfoodfacts,https://world.openfoodfacts.org/product/6288004000446,controlled-lexicon-composition v1 (no free machine translation),علامة بلا مقابل عربي متحقَّق
06291003005855,cruch ceam,Crunchy & Cream's,,,GCC,unknown,22,REVIEW_UNKNOWN_TERMS,LOW,cruch;ceam,openfoodfacts,https://world.openfoodfacts.org/product/6291003005855,controlled-lexicon-composition v1 (no free machine translation),مصطلح غير مغطّى بالمعجم
06291007910230,Treat cream waffers,Britannia,بريتانيا,بريتانيا قشطة,GCC,unknown,,REVIEW_UNKNOWN_TERMS,LOW,treat;waffers,openfoodfacts,https://world.openfoodfacts.org/product/6291007910230,controlled-lexicon-composition v1 (no free machine translation),مصطلح غير مغطّى بالمعجم
06291011001207,XL tomato ketchup,,,طماطم كاتشب,GCC,Chips,22,REVIEW_UNKNOWN_TERMS,LOW,xl,openfoodfacts,https://world.openfoodfacts.org/product/6291011001207,controlled-lexicon-composition v1 (no free machine translation),مصطلح غير مغطّى بالمعجم
06291056002788,Lactos Free Milk,Al Ain Farms,العين,العين حليب,GCC,Long-life-milk,100,REVIEW_UNKNOWN_TERMS,LOW,lactos;free,openfoodfacts,https://world.openfoodfacts.org/product/6291056002788,controlled-lexicon-composition v1 (no free machine translation),مصطلح غير مغطّى بالمعجم
06291104281257,Sun Blast Organic Orange Juice (10 PCTS x 200ML),,,عضوي برتقال عصير,GCC,unknown,,REVIEW_UNKNOWN_TERMS,LOW,sun;blast;pcts,openfoodfacts,https://world.openfoodfacts.org/product/6291104281257,controlled-lexicon-composition v1 (no free machine translation),مصطلح غير مغطّى بالمعجم
06291107387734,Khidri Dates,Jomara,جمارة,جمارة تمر,GCC,unknown,45,REVIEW_UNKNOWN_TERMS,LOW,khidri,openfoodfacts,https://world.openfoodfacts.org/product/6291107387734,controlled-lexicon-composition v1 (no free machine translation),مصطلح غير مغطّى بالمعجم
06291108428061,Peanut Butter,Earth Goods,,زبدة فول سوداني,GCC,unknown,100,REVIEW_BRAND_UNMAPPED,LOW,,openfoodfacts,https://world.openfoodfacts.org/product/6291108428061,controlled-lexicon-composition v1 (no free machine translation),علامة بلا مقابل عربي متحقَّق
06292644003323,Honey Flavored Cake,Paramount Food,,عسل بنكهة كيك,GCC,unknown,100,REVIEW_BRAND_UNMAPPED,LOW,,openfoodfacts,https://world.openfoodfacts.org/product/6292644003323,controlled-lexicon-composition v1 (no free machine translation),علامة بلا مقابل عربي متحقَّق
06294017137109,Mexican Fajita Mix,Maggi,ماجي,ماجي مشكل,GCC,unknown,100,REVIEW_UNKNOWN_TERMS,LOW,mexican;fajita,openfoodfacts,https://world.openfoodfacts.org/product/6294017137109,controlled-lexicon-composition v1 (no free machine translation),مصطلح غير مغطّى بالمعجم
06294017510452,Peanut Butter Crunchy,Leo's Crown,,زبدة فول سوداني مقرمش,GCC,unknown,32,REVIEW_BRAND_UNMAPPED,LOW,,openfoodfacts,https://world.openfoodfacts.org/product/6294017510452,controlled-lexicon-composition v1 (no free machine translation),علامة بلا مقابل عربي متحقَّق
06297000361604,Kimia dates,,,تمر,GCC,unknown,,REVIEW_UNKNOWN_TERMS,LOW,kimia,openfoodfacts,https://world.openfoodfacts.org/product/6297000361604,controlled-lexicon-composition v1 (no free machine translation),مصطلح غير مغطّى بالمعجم
06297000670065,Balade farms labneh ball original,,مزارع بلدي,مزارع بلدي لبنة أصلي,SA,unknown,100,REVIEW_UNKNOWN_TERMS,LOW,ball,openfoodfacts,https://world.openfoodfacts.org/product/6297000670065,controlled-lexicon-composition v1 (no free machine translation),مصطلح غير مغطّى بالمعجم
06297000670461,Baladee,Balade Farms,مزارع بلدي,مزارع بلدي,GCC,unknown,100,REVIEW_UNKNOWN_TERMS,LOW,baladee,openfoodfacts,https://world.openfoodfacts.org/product/6297000670461,controlled-lexicon-composition v1 (no free machine translation),مصطلح غير مغطّى بالمعجم
06298044132946,Fat Free Ranch Dressing,NF,,خالي الدسم صلصة,GCC,unknown,32,REVIEW_UNKNOWN_TERMS,LOW,ranch,openfoodfacts,https://world.openfoodfacts.org/product/6298044132946,controlled-lexicon-composition v1 (no free machine translation),مصطلح غير مغطّى بالمعجم
06299200044769,Pineapple Chunks In Light Syrup,freshly pick,فريشلي,فريشلي أناناس لايت شراب,GCC,Canned fruits,100,REVIEW_UNKNOWN_TERMS,LOW,chunks,openfoodfacts,https://world.openfoodfacts.org/product/6299200044769,controlled-lexicon-composition v1 (no free machine translation),مصطلح غير مغطّى بالمعجم
06299200050302,Dark Chocolate Rice Cake,Natur’s,,داكن شوكولاتة أرز كيك,GCC,Puffed rice cakes,65,REVIEW_BRAND_UNMAPPED,LOW,,openfoodfacts,https://world.openfoodfacts.org/product/6299200050302,controlled-lexicon-composition v1 (no free machine translation),علامة بلا مقابل عربي متحقَّق
06299200063487,Tuna Flakes In Truffle Flavour,Deep Blue,,تونة رقائق ترافل نكهة,GCC,unknown,100,REVIEW_BRAND_UNMAPPED,LOW,,openfoodfacts,https://world.openfoodfacts.org/product/6299200063487,controlled-lexicon-composition v1 (no free machine translation),علامة بلا مقابل عربي متحقَّق
06300900362449,Mazzraty Pro High Protein Milk Chocolate,Mazzraty,مزرعتي,مزرعتي عالي البروتين حليب شوكولاتة,GCC,unknown,100,REVIEW_UNKNOWN_TERMS,LOW,pro,openfoodfacts,https://world.openfoodfacts.org/product/6300900362449,controlled-lexicon-composition v1 (no free machine translation),مصطلح غير مغطّى بالمعجم
08000500445136,Kinder schoko bons,Kinder,كيندر,كيندر,SA,unknown,5.8,REVIEW_UNKNOWN_TERMS,LOW,schoko;bons,openfoodfacts,https://world.openfoodfacts.org/product/8000500445136,controlled-lexicon-composition v1 (no free machine translation),مصطلح غير مغطّى بالمعجم
08032817245857,AGROMONTE Passata Pomodorini Organic 360g,AGROMONTE,,عضوي,SA,Tomato purées,,REVIEW_UNKNOWN_TERMS,LOW,passata;pomodorini,openfoodfacts,https://world.openfoodfacts.org/product/8032817245857,controlled-lexicon-composition v1 (no free machine translation),مصطلح غير مغطّى بالمعجم
08445290145093,Nescafe gold,NESCAFÉ,نسكافيه,نسكافيه,GCC,Instant coffees,,REVIEW_UNKNOWN_TERMS,LOW,gold,openfoodfacts,https://world.openfoodfacts.org/product/8445290145093,controlled-lexicon-composition v1 (no free machine translation),مصطلح غير مغطّى بالمعجم
08714100639948,Carte D'or Les Suprêmes Glace Parfait Chocolat 130ml x2,Carte d'Or,,شوكولاتة,GCC,Ice creams,,REVIEW_UNKNOWN_TERMS,LOW,les;supr;mes;glace;parfait,openfoodfacts,https://world.openfoodfacts.org/product/8714100639948,controlled-lexicon-composition v1 (no free machine translation),مصطلح غير مغطّى بالمعجم
08801062866823,Chocolate Almond Biscuit Sticks,PEPERO,,شوكولاتة لوز بسكويت أصابع,GCC,unknown,32,REVIEW_BRAND_UNMAPPED,LOW,,openfoodfacts,https://world.openfoodfacts.org/product/8801062866823,controlled-lexicon-composition v1 (no free machine translation),علامة بلا مقابل عربي متحقَّق
08851011322986,Coconut Milk,Elephant and Sun,,حليب جوز الهند,GCC,unknown,100,REVIEW_BRAND_UNMAPPED,LOW,,openfoodfacts,https://world.openfoodfacts.org/product/8851011322986,controlled-lexicon-composition v1 (no free machine translation),علامة بلا مقابل عربي متحقَّق
08908019629491,Peanut butter,Routex,,زبدة فول سوداني,SA,Peanut butters,,REVIEW_BRAND_UNMAPPED,LOW,,openfoodfacts,https://world.openfoodfacts.org/product/8908019629491,controlled-lexicon-composition v1 (no free machine translation),علامة بلا مقابل عربي متحقَّق
00000029574049,Spinneys Sliced Pickled Gherkins,Spinneys Food,سبينيس,سبينيس شرائح,GCC,unknown,30,REVIEW_UNKNOWN_TERMS,LOW,pickled;gherkins,openfoodfacts,https://world.openfoodfacts.org/product/29574049,controlled-lexicon-composition v1 (no free machine translation),مصطلح غير مغطّى بالمعجم
00000029670901,Smoked Salmon and Dill Pansoti,SpinneysFood,سبينيس,سبينيس مدخّن سلمون,GCC,unknown,125,REVIEW_UNKNOWN_TERMS,LOW,dill;pansoti,openfoodfacts,https://world.openfoodfacts.org/product/29670901,controlled-lexicon-composition v1 (no free machine translation),مصطلح غير مغطّى بالمعجم
00072810271949,Ligo potato chips barbecue flavor,,,بطاطس شيبس نكهة,SA,Chips,,REVIEW_UNKNOWN_TERMS,LOW,ligo;barbecue,openfoodfacts,https://world.openfoodfacts.org/product/0072810271949,controlled-lexicon-composition v1 (no free machine translation),مصطلح غير مغطّى بالمعجم
00617950803720,Alalali pineapple slices in heavy syrup,,العلالي,العلالي أناناس شرائح شراب,SA,Cans-food,,REVIEW_UNKNOWN_TERMS,LOW,heavy,openfoodfacts,https://world.openfoodfacts.org/product/0617950803720,controlled-lexicon-composition v1 (no free machine translation),مصطلح غير مغطّى بالمعجم
00627735222110,Oven Roasted Turkey Breast,Your Fresh Market,,محمّص ديك رومي صدر,GCC,unknown,50,REVIEW_UNKNOWN_TERMS,LOW,oven,openfoodfacts,https://world.openfoodfacts.org/product/0627735222110,controlled-lexicon-composition v1 (no free machine translation),مصطلح غير مغطّى بالمعجم
00627987382921,Moût de pomme pétillant,Terre Fruitière,,,GCC,unknown,355,REVIEW_UNKNOWN_TERMS,LOW,mo;pomme;tillant,openfoodfacts,https://world.openfoodfacts.org/product/0627987382921,controlled-lexicon-composition v1 (no free machine translation),مصطلح غير مغطّى بالمعجم
00628250511543,Vegan Hot Honey Cauliflower Wings,WHOLLY VEGGIE!,,نباتي حار عسل أجنحة,SA,unknown,83,REVIEW_UNKNOWN_TERMS,LOW,cauliflower,openfoodfacts,https://world.openfoodfacts.org/product/0628250511543,controlled-lexicon-composition v1 (no free machine translation),مصطلح غير مغطّى بالمعجم
00628678617582,Chocolate Puffs,Farm Girl,,شوكولاتة نفخات,SA,unknown,40,REVIEW_BRAND_UNMAPPED,LOW,,openfoodfacts,https://world.openfoodfacts.org/product/0628678617582,controlled-lexicon-composition v1 (no free machine translation),علامة بلا مقابل عربي متحقَّق
00629002072336,Original Dry Pepperoni,Fantino & Mondello,,أصلي,GCC,unknown,30,REVIEW_UNKNOWN_TERMS,LOW,dry;pepperoni,openfoodfacts,https://world.openfoodfacts.org/product/0629002072336,controlled-lexicon-composition v1 (no free machine translation),مصطلح غير مغطّى بالمعجم
00665553229959,Hexapro Protein Bar,All Max,,لوح بروتين,SA,unknown,54,REVIEW_UNKNOWN_TERMS,LOW,hexapro,openfoodfacts,https://world.openfoodfacts.org/product/0665553229959,controlled-lexicon-composition v1 (no free machine translation),مصطلح غير مغطّى بالمعجم
00705016353552,Iso 100 chocolate peanut butter,Dymatize,,زبدة فول سوداني شوكولاتة,GCC,Protein powders,32,REVIEW_UNKNOWN_TERMS,LOW,iso,openfoodfacts,https://world.openfoodfacts.org/product/0705016353552,controlled-lexicon-composition v1 (no free machine translation),مصطلح غير مغطّى بالمعجم
00709993323195,Nature land sliced beets,,نيتشرلاند,نيتشرلاند شرائح,SA,Canned foods,,REVIEW_UNKNOWN_TERMS,LOW,beets,openfoodfacts,https://world.openfoodfacts.org/product/0709993323195,controlled-lexicon-composition v1 (no free machine translation),مصطلح غير مغطّى بالمعجم
00717273502123,American garden cherry topping and filling,,,حديقة توبينق حشوة,SA,Backing-and-desserts-topping,,REVIEW_UNKNOWN_TERMS,LOW,american;cherry,openfoodfacts,https://world.openfoodfacts.org/product/0717273502123,controlled-lexicon-composition v1 (no free machine translation),مصطلح غير مغطّى بالمعجم
00725765711113,Super Free Biscuits,VERDE,,سوبر بسكويت,SA,unknown,15,REVIEW_UNKNOWN_TERMS,LOW,free,openfoodfacts,https://world.openfoodfacts.org/product/0725765711113,controlled-lexicon-composition v1 (no free machine translation),مصطلح غير مغطّى بالمعجم
03254550038359,camembert d isigny,Isigny Sainte Mère,,,GCC,unknown,30,REVIEW_UNKNOWN_TERMS,LOW,camembert;isigny,openfoodfacts,https://world.openfoodfacts.org/product/3254550038359,controlled-lexicon-composition v1 (no free machine translation),مصطلح غير مغطّى بالمعجم
03387390339499,FITNESS Cerealien,,,,GCC,Mixed cereal flakes,30,REVIEW_UNKNOWN_TERMS,LOW,fitness;cerealien,openfoodfacts,https://world.openfoodfacts.org/product/3387390339499,controlled-lexicon-composition v1 (no free machine translation),مصطلح غير مغطّى بالمعجم
04023300850300,Langnese Pure Bee Honey,Langnese,,نقي عسل,GCC,Honeys,,REVIEW_UNKNOWN_TERMS,LOW,bee,openfoodfacts,https://world.openfoodfacts.org/product/4023300850300,controlled-lexicon-composition v1 (no free machine translation),مصطلح غير مغطّى بالمعجم
04025127086115,Effect grape&mint energy drink 250ml,Effect,,عنب نعناع طاقة شراب,GCC,unknown,250,REVIEW_BRAND_UNMAPPED,LOW,,openfoodfacts,https://world.openfoodfacts.org/product/4025127086115,controlled-lexicon-composition v1 (no free machine translation),علامة بلا مقابل عربي متحقَّق
05000171051202,John West sardines in spicy tomato sauce,John West,,سردين حار طماطم صلصة,GCC,Sardines in tomato sauce,,REVIEW_BRAND_UNMAPPED,LOW,,openfoodfacts,https://world.openfoodfacts.org/product/5000171051202,controlled-lexicon-composition v1 (no free machine translation),علامة بلا مقابل عربي متحقَّق
05000382120452,BARR PINEAPPLE 49.B NO CU AF ICE 1875,Barr,,أناناس مثلج,SA,Beverages,330,REVIEW_UNKNOWN_TERMS,LOW,af;no_cu,openfoodfacts,https://world.openfoodfacts.org/product/5000382120452,controlled-lexicon-composition v1 (no free machine translation),مصطلح غير مغطّى بالمعجم
05001860147596,ISO TRIPLE ZERO,laperva,لابيرفا,لابيرفا زيرو,GCC,unknown,31,REVIEW_UNKNOWN_TERMS,LOW,iso;triple,openfoodfacts,https://world.openfoodfacts.org/product/5001860147596,controlled-lexicon-composition v1 (no free machine translation),مصطلح غير مغطّى بالمعجم
05013665103554,Organic vegetable stock cubes,Kallo,,عضوي خضار,GCC,Vegetable broths,100,REVIEW_UNKNOWN_TERMS,LOW,stock;cubes,openfoodfacts,https://world.openfoodfacts.org/product/5013665103554,controlled-lexicon-composition v1 (no free machine translation),مصطلح غير مغطّى بالمعجم
05711953153020,Puck processed cream cheese spread,Puck,بوك,بوك جبن قابل للدهن قشطة,GCC,unknown,30,REVIEW_UNKNOWN_TERMS,LOW,processed,openfoodfacts,https://world.openfoodfacts.org/product/5711953153020,controlled-lexicon-composition v1 (no free machine translation),مصطلح غير مغطّى بالمعجم
05903205740298,Chocolate Caramel w/ Salt,Super Fudgio,,شوكولاتة كراميل ملح,GCC,Chocolates,,REVIEW_BRAND_UNMAPPED,LOW,,openfoodfacts,https://world.openfoodfacts.org/product/5903205740298,controlled-lexicon-composition v1 (no free machine translation),علامة بلا مقابل عربي متحقَّق
05907653104206,balviten muffin,Balviten,,مافن,SA,unknown,65,REVIEW_BRAND_UNMAPPED,LOW,,openfoodfacts,https://world.openfoodfacts.org/product/5907653104206,controlled-lexicon-composition v1 (no free machine translation),علامة بلا مقابل عربي متحقَّق
06072000102644,Delicio lite french salad dressing,Delicio,,لايت فرنسي سلطة صلصة,SA,unknown,30,REVIEW_BRAND_UNMAPPED,LOW,,openfoodfacts,https://world.openfoodfacts.org/product/6072000102644,controlled-lexicon-composition v1 (no free machine translation),علامة بلا مقابل عربي متحقَّق
06074194030703,Yoplait Griego,,يوبليه,يوبليه,GCC,Greek-style yogurts,100,REVIEW_UNKNOWN_TERMS,LOW,griego,openfoodfacts,https://world.openfoodfacts.org/product/6074194030703,controlled-lexicon-composition v1 (no free machine translation),مصطلح غير مغطّى بالمعجم
06080042763716,sardine fillets in olive oil with lemon,specially selected,,زيت زيتون سردين ليمون,GCC,Sardines in olive oil,80,REVIEW_UNKNOWN_TERMS,LOW,fillets,openfoodfacts,https://world.openfoodfacts.org/product/6080042763716,controlled-lexicon-composition v1 (no free machine translation),مصطلح غير مغطّى بالمعجم
06081944213293,Plant menu onion & rosemary sausages,Aldi,,نباتي بصل,GCC,unknown,92,REVIEW_UNKNOWN_TERMS,LOW,menu;rosemary;sausages,openfoodfacts,https://world.openfoodfacts.org/product/6081944213293,controlled-lexicon-composition v1 (no free machine translation),مصطلح غير مغطّى بالمعجم
06105840009788,Salted Crackers,Prima,,مملّح مقرمشات,SA,unknown,30,REVIEW_BRAND_UNMAPPED,LOW,,openfoodfacts,https://world.openfoodfacts.org/product/6105840009788,controlled-lexicon-composition v1 (no free machine translation),علامة بلا مقابل عربي متحقَّق
06251036015924,Mr.chips with ketchup flavor,,,شيبس كاتشب نكهة,SA,Chips,100,REVIEW_UNKNOWN_TERMS,LOW,mr,openfoodfacts,https://world.openfoodfacts.org/product/6251036015924,controlled-lexicon-composition v1 (no free machine translation),مصطلح غير مغطّى بالمعجم
06251136028886,Pickled Cucumbers,Durra,,,SA,unknown,100,REVIEW_UNKNOWN_TERMS,LOW,pickled;cucumbers,openfoodfacts,https://world.openfoodfacts.org/product/6251136028886,controlled-lexicon-composition v1 (no free machine translation),مصطلح غير مغطّى بالمعجم
06253005300840,Premium Smoked Turkey,Saniora,,فاخر مدخّن ديك رومي,SA,unknown,28,REVIEW_BRAND_UNMAPPED,LOW,,openfoodfacts,https://world.openfoodfacts.org/product/6253005300840,controlled-lexicon-composition v1 (no free machine translation),علامة بلا مقابل عربي متحقَّق
06275000520221,Roast Beef,Al Mawashi,,لحم بقري,GCC,unknown,100,REVIEW_UNKNOWN_TERMS,LOW,roast,openfoodfacts,https://world.openfoodfacts.org/product/6275000520221,controlled-lexicon-composition v1 (no free machine translation),مصطلح غير مغطّى بالمعجم
06281007056021,Farm’s select,Almarai,المراعي,المراعي مزرعة,GCC,Orange juices,,REVIEW_UNKNOWN_TERMS,LOW,select,openfoodfacts,https://world.openfoodfacts.org/product/6281007056021,controlled-lexicon-composition v1 (no free machine translation),مصطلح غير مغطّى بالمعجم
06281009010014,altaj cream,alnashar,,قشطة,SA,Creams,100,REVIEW_UNKNOWN_TERMS,LOW,altaj,openfoodfacts,https://world.openfoodfacts.org/product/6281009010014,controlled-lexicon-composition v1 (no free machine translation),مصطلح غير مغطّى بالمعجم
06281014001083,fettuccine,goody,قودي,قودي,SA,unknown,100,REVIEW_UNKNOWN_TERMS,LOW,fettuccine,openfoodfacts,https://world.openfoodfacts.org/product/6281014001083,controlled-lexicon-composition v1 (no free machine translation),مصطلح غير مغطّى بالمعجم
06281014637015,Goody baked beans in tomato sauce,,قودي,قودي فاصوليا طماطم صلصة,SA,unknown,100,REVIEW_UNKNOWN_TERMS,LOW,baked,openfoodfacts,https://world.openfoodfacts.org/product/6281014637015,controlled-lexicon-composition v1 (no free machine translation),مصطلح غير مغطّى بالمعجم
06281016000367,Chili Jalapeño Cheese Flavour,Al Batal,البطل,البطل شطة جبن نكهة,SA,unknown,23,REVIEW_UNKNOWN_TERMS,LOW,jalape,openfoodfacts,https://world.openfoodfacts.org/product/6281016000367,controlled-lexicon-composition v1 (no free machine translation),مصطلح غير مغطّى بالمعجم
06281058154080,Stream,,,,SA,Beverages,,REVIEW_UNKNOWN_TERMS,LOW,stream,openfoodfacts,https://world.openfoodfacts.org/product/6281058154080,controlled-lexicon-composition v1 (no free machine translation),مصطلح غير مغطّى بالمعجم
06281063460947,Orient gardens chopped tomatoes with basil and oregano,,,شرقي حدائق طماطم ريحان أوريجانو,SA,Cans-food,,REVIEW_UNKNOWN_TERMS,LOW,chopped,openfoodfacts,https://world.openfoodfacts.org/product/6281063460947,controlled-lexicon-composition v1 (no free machine translation),مصطلح غير مغطّى بالمعجم
06281100086123,Cheese & zaatar croissant,L’usine,,جبن زعتر كرواسون,SA,Croissants,60,REVIEW_BRAND_UNMAPPED,LOW,,openfoodfacts,https://world.openfoodfacts.org/product/6281100086123,controlled-lexicon-composition v1 (no free machine translation),علامة بلا مقابل عربي متحقَّق
06281101732326,Sukari Premium Dattes,,,فاخر تمر,SA,unknown,,REVIEW_UNKNOWN_TERMS,LOW,sukari,openfoodfacts,https://world.openfoodfacts.org/product/6281101732326,controlled-lexicon-composition v1 (no free machine translation),مصطلح غير مغطّى بالمعجم
06281123034194,Mountain Cake,Switz,,كيك,GCC,unknown,95,REVIEW_UNKNOWN_TERMS,LOW,mountain,openfoodfacts,https://world.openfoodfacts.org/product/6281123034194,controlled-lexicon-composition v1 (no free machine translation),مصطلح غير مغطّى بالمعجم
06282505880019,White pits breas,,,أبيض,SA,unknown,,REVIEW_UNKNOWN_TERMS,LOW,pits;breas,openfoodfacts,https://world.openfoodfacts.org/product/6282505880019,controlled-lexicon-composition v1 (no free machine translation),مصطلح غير مغطّى بالمعجم
06287013348310,Ajwa Dates,Anaya,,عجوة تمر,SA,unknown,100,REVIEW_BRAND_UNMAPPED,LOW,,openfoodfacts,https://world.openfoodfacts.org/product/6287013348310,controlled-lexicon-composition v1 (no free machine translation),علامة بلا مقابل عربي متحقَّق
06290361981511,Froza Vanilla Praline With Bits,Barakat,,فانيلا برالين,GCC,unknown,120,REVIEW_UNKNOWN_TERMS,LOW,froza;bits,openfoodfacts,https://world.openfoodfacts.org/product/6290361981511,controlled-lexicon-composition v1 (no free machine translation),مصطلح غير مغطّى بالمعجم
06290783000739,Maïs Doux,Heinz,هاينز,هاينز,GCC,Canned sweet corn,,REVIEW_UNKNOWN_TERMS,LOW,ma,openfoodfacts,https://world.openfoodfacts.org/product/6290783000739,controlled-lexicon-composition v1 (no free machine translation),مصطلح غير مغطّى بالمعجم
06291003056338,Olive oil #10,Rahma,,زيت زيتون,GCC,unknown,15,REVIEW_BRAND_UNMAPPED,LOW,,openfoodfacts,https://world.openfoodfacts.org/product/6291003056338,controlled-lexicon-composition v1 (no free machine translation),علامة بلا مقابل عربي متحقَّق
06291003096433,Ice cream double chocolate,London dairy,,آيس كريم شوكولاتة,GCC,Ice creams,,REVIEW_UNKNOWN_TERMS,LOW,double,openfoodfacts,https://world.openfoodfacts.org/product/6291003096433,controlled-lexicon-composition v1 (no free machine translation),مصطلح غير مغطّى بالمعجم
06291007903270,Gobbles (Vanilla flavoured cake),Britannia,بريتانيا,بريتانيا فانيلا بنكهة كيك,GCC,Cakes,30,REVIEW_UNKNOWN_TERMS,LOW,gobbles,openfoodfacts,https://world.openfoodfacts.org/product/6291007903270,controlled-lexicon-composition v1 (no free machine translation),مصطلح غير مغطّى بالمعجم
06291011061713,Crunchy Peanut Butter Protein BR,FadeFit,,زبدة فول سوداني مقرمش بروتين,GCC,unknown,55,REVIEW_UNKNOWN_TERMS,LOW,br,openfoodfacts,https://world.openfoodfacts.org/product/6291011061713,controlled-lexicon-composition v1 (no free machine translation),مصطلح غير مغطّى بالمعجم
06291014121995,Dark Chocolate Covered Date With Almond,Tamrah,,داكن شوكولاتة تمر لوز,GCC,unknown,15,REVIEW_UNKNOWN_TERMS,LOW,covered,openfoodfacts,https://world.openfoodfacts.org/product/6291014121995,controlled-lexicon-composition v1 (no free machine translation),مصطلح غير مغطّى بالمعجم
06291014128185,Mixed Salted Nuts,Best Foods,,مشكل مملّح مكسرات,GCC,unknown,20,REVIEW_BRAND_UNMAPPED,LOW,,openfoodfacts,https://world.openfoodfacts.org/product/6291014128185,controlled-lexicon-composition v1 (no free machine translation),علامة بلا مقابل عربي متحقَّق
06291023223239,Less Fat Peanut Butter,Maya’s,,زبدة فول سوداني,GCC,unknown,,REVIEW_UNKNOWN_TERMS,LOW,less;fat,openfoodfacts,https://world.openfoodfacts.org/product/6291023223239,controlled-lexicon-composition v1 (no free machine translation),مصطلح غير مغطّى بالمعجم
06291052202212,Beef Salami Slices,Prime,,لحم بقري سلامي شرائح,GCC,unknown,100,REVIEW_BRAND_UNMAPPED,LOW,,openfoodfacts,https://world.openfoodfacts.org/product/6291052202212,controlled-lexicon-composition v1 (no free machine translation),علامة بلا مقابل عربي متحقَّق
06291056043101,Camelait,,,,GCC,unknown,,REVIEW_UNKNOWN_TERMS,LOW,camelait,openfoodfacts,https://world.openfoodfacts.org/product/6291056043101,controlled-lexicon-composition v1 (no free machine translation),مصطلح غير مغطّى بالمعجم
06291100600564,Protein Keto Brownie,Be fit,,بروتين كيتو براوني,GCC,unknown,40,REVIEW_BRAND_UNMAPPED,LOW,,openfoodfacts,https://world.openfoodfacts.org/product/6291100600564,controlled-lexicon-composition v1 (no free machine translation),علامة بلا مقابل عربي متحقَّق
06291101136789,Alokozay Pomegranate Drink,,,رمان شراب,GCC,unknown,,REVIEW_UNKNOWN_TERMS,LOW,alokozay,openfoodfacts,https://world.openfoodfacts.org/product/6291101136789,controlled-lexicon-composition v1 (no free machine translation),مصطلح غير مغطّى بالمعجم
06291103320056,Dattelpaste,Dubai Dates Factory L.L.C.,,,GCC,unknown,,REVIEW_UNKNOWN_TERMS,LOW,dattelpaste,openfoodfacts,https://world.openfoodfacts.org/product/6291103320056,controlled-lexicon-composition v1 (no free machine translation),مصطلح غير مغطّى بالمعجم
06291103750198,Karachi chiken masala,,,ماسالا,GCC,unknown,,REVIEW_UNKNOWN_TERMS,LOW,karachi;chiken,openfoodfacts,https://world.openfoodfacts.org/product/6291103750198,controlled-lexicon-composition v1 (no free machine translation),مصطلح غير مغطّى بالمعجم
06291106449631,Mix de noix,,,مشكل,GCC,unknown,,REVIEW_UNKNOWN_TERMS,LOW,noix,openfoodfacts,https://world.openfoodfacts.org/product/6291106449631,controlled-lexicon-composition v1 (no free machine translation),مصطلح غير مغطّى بالمعجم
06291107770000,Dark Chocolaye,Organic Larder,أورجانيك لاردر,أورجانيك لاردر داكن,GCC,unknown,100,REVIEW_UNKNOWN_TERMS,LOW,chocolaye,openfoodfacts,https://world.openfoodfacts.org/product/6291107770000,controlled-lexicon-composition v1 (no free machine translation),مصطلح غير مغطّى بالمعجم
06291108636237,Filles Dates - Dates with Pistachio,,,تمر تمر فستق,GCC,Dates,,REVIEW_UNKNOWN_TERMS,LOW,filles,openfoodfacts,https://world.openfoodfacts.org/product/6291108636237,controlled-lexicon-composition v1 (no free machine translation),مصطلح غير مغطّى بالمعجم
06291109767299,Smoked Paprika,Bayara,,مدخّن,GCC,unknown,10,REVIEW_UNKNOWN_TERMS,LOW,paprika,openfoodfacts,https://world.openfoodfacts.org/product/6291109767299,controlled-lexicon-composition v1 (no free machine translation),مصطلح غير مغطّى بالمعجم
06294003562540,Nescafe 3in1 Classic Pouch 5 Sticks Free,Nescafe,نسكافيه,نسكافيه كلاسيك أصابع,GCC,unknown,,REVIEW_UNKNOWN_TERMS,LOW,pouch;free,openfoodfacts,https://world.openfoodfacts.org/product/6294003562540,controlled-lexicon-composition v1 (no free machine translation),مصطلح غير مغطّى بالمعجم
06294007310185,Camel milk chocolate,La Nassma,,إبل حليب شوكولاتة,GCC,unknown,5,REVIEW_BRAND_UNMAPPED,LOW,,openfoodfacts,https://world.openfoodfacts.org/product/6294007310185,controlled-lexicon-composition v1 (no free machine translation),علامة بلا مقابل عربي متحقَّق
06297000670454,Balade farms labneh ball chilli,,مزارع بلدي,مزارع بلدي لبنة شطة,SA,unknown,,REVIEW_UNKNOWN_TERMS,LOW,ball,openfoodfacts,https://world.openfoodfacts.org/product/6297000670454,controlled-lexicon-composition v1 (no free machine translation),مصطلح غير مغطّى بالمعجم
06298042510135,meliha yoghurt,,,زبادي,GCC,unknown,,REVIEW_UNKNOWN_TERMS,LOW,meliha,openfoodfacts,https://world.openfoodfacts.org/product/6298042510135,controlled-lexicon-composition v1 (no free machine translation),مصطلح غير مغطّى بالمعجم
06303720003318,6 saucisses fumées à cuire,Clermont,,,GCC,Smoked-alsatian-sausage-or-landjager,,REVIEW_UNKNOWN_TERMS,LOW,saucisses;fum;es;cuire,openfoodfacts,https://world.openfoodfacts.org/product/6303720003318,controlled-lexicon-composition v1 (no free machine translation),مصطلح غير مغطّى بالمعجم
07613036727471,Organic pumkin Banana Carrot,Gerber,,عضوي موز جزر,GCC,Baby/Infant Foods/Beverages Variety Packs,,REVIEW_UNKNOWN_TERMS,LOW,pumkin,openfoodfacts,https://world.openfoodfacts.org/product/7613036727471,controlled-lexicon-composition v1 (no free machine translation),مصطلح غير مغطّى بالمعجم
07613038477299,FITNESS Céréales original,,,أصلي,GCC,Cereals and their products,100,REVIEW_UNKNOWN_TERMS,LOW,fitness;ales,openfoodfacts,https://world.openfoodfacts.org/product/7613038477299,controlled-lexicon-composition v1 (no free machine translation),مصطلح غير مغطّى بالمعجم
07710000002715,Burrito Salad,Lofat,,سلطة,GCC,unknown,160,REVIEW_UNKNOWN_TERMS,LOW,burrito,openfoodfacts,https://world.openfoodfacts.org/product/7710000002715,controlled-lexicon-composition v1 (no free machine translation),مصطلح غير مغطّى بالمعجم
07710000002722,Chicken Ceaser Salad,Lo Fat,,دجاج سلطة,GCC,unknown,130,REVIEW_UNKNOWN_TERMS,LOW,ceaser,openfoodfacts,https://world.openfoodfacts.org/product/7710000002722,controlled-lexicon-composition v1 (no free machine translation),مصطلح غير مغطّى بالمعجم
08051369005368,Moreover Ice Cream Sandwich,Oreo,أوريو,أوريو آيس كريم ساندويتش,GCC,unknown,110,REVIEW_UNKNOWN_TERMS,LOW,ver,openfoodfacts,https://world.openfoodfacts.org/product/8051369005368,controlled-lexicon-composition v1 (no free machine translation),مصطلح غير مغطّى بالمعجم
08051490801198,Green Olives In Brine,Olivere,,أخضر زيتون,GCC,unknown,100,REVIEW_UNKNOWN_TERMS,LOW,brine,openfoodfacts,https://world.openfoodfacts.org/product/8051490801198,controlled-lexicon-composition v1 (no free machine translation),مصطلح غير مغطّى بالمعجم
08445291773042,Nestle fitness granola honey,,نستله,نستله جرانولا عسل,SA,unknown,100,REVIEW_UNKNOWN_TERMS,LOW,fitness,openfoodfacts,https://world.openfoodfacts.org/product/8445291773042,controlled-lexicon-composition v1 (no free machine translation),مصطلح غير مغطّى بالمعجم
08595229909286,Granola honey & nuts,Emco,,جرانولا عسل مكسرات,SA,Mueslis with nuts,,REVIEW_BRAND_UNMAPPED,LOW,,openfoodfacts,https://world.openfoodfacts.org/product/8595229909286,controlled-lexicon-composition v1 (no free machine translation),علامة بلا مقابل عربي متحقَّق
08683989472147,Caffeine one cold brew coffee iced red velvet,,,قهوة مثلج أحمر,SA,Coffees,,REVIEW_UNKNOWN_TERMS,LOW,caffeine;cold;brew;velvet,openfoodfacts,https://world.openfoodfacts.org/product/8683989472147,controlled-lexicon-composition v1 (no free machine translation),مصطلح غير مغطّى بالمعجم
08801052004068,Daesang Chung Jung One Sweet Potato Snack,Chungjungwon,,حلو بطاطس سناك,SA,Dried-sweet-potatoes,15,REVIEW_UNKNOWN_TERMS,LOW,daesang;chung;jung,openfoodfacts,https://world.openfoodfacts.org/product/8801052004068,controlled-lexicon-composition v1 (no free machine translation),مصطلح غير مغطّى بالمعجم
09008442000085,Power hores zero sugar energy drink,Power Horse,,زيرو سكر طاقة شراب,GCC,unknown,250,REVIEW_UNKNOWN_TERMS,LOW,power;hores,openfoodfacts,https://world.openfoodfacts.org/product/9008442000085,controlled-lexicon-composition v1 (no free machine translation),مصطلح غير مغطّى بالمعجم
00000029586042,Cross Bun,Spinneys,سبينيس,سبينيس خبز,GCC,unknown,80,REVIEW_UNKNOWN_TERMS,LOW,cross,openfoodfacts,https://world.openfoodfacts.org/product/29586042,controlled-lexicon-composition v1 (no free machine translation),مصطلح غير مغطّى بالمعجم
00000076162879,Moussy pomegranate non alcoholic malt beverage,Moussy,موسي,موسي رمان شعير مشروب,GCC,Non-alcoholic beverages,,REVIEW_UNKNOWN_TERMS,LOW,no_alcoholic,openfoodfacts,https://world.openfoodfacts.org/product/76162879,controlled-lexicon-composition v1 (no free machine translation),مصطلح غير مغطّى بالمعجم
00012000062292,Diet Mountain Dew,Mountain Dew,,دايت,GCC,unknown,250,REVIEW_BRAND_UNMAPPED,LOW,,openfoodfacts,https://world.openfoodfacts.org/product/0012000062292,controlled-lexicon-composition v1 (no free machine translation),علامة بلا مقابل عربي متحقَّق
00032894010339,California garden baked beans in tomato sauce ready to eat,California Garden,كاليفورنيا جاردن,كاليفورنيا جاردن فاصوليا طماطم صلصة,SA,unknown,130,REVIEW_UNKNOWN_TERMS,LOW,baked;ready;eat,openfoodfacts,https://world.openfoodfacts.org/product/0032894010339,controlled-lexicon-composition v1 (no free machine translation),مصطلح غير مغطّى بالمعجم
00070177072797,Tea Powder,Twinnings,,شاي بودرة,GCC,Teas,,REVIEW_BRAND_UNMAPPED,LOW,,openfoodfacts,https://world.openfoodfacts.org/product/0070177072797,controlled-lexicon-composition v1 (no free machine translation),علامة بلا مقابل عربي متحقَّق
00627735266084,100% Whole Wheat Bread,Great Value,جريت فاليو,جريت فاليو قمح خبز,GCC,unknown,75,REVIEW_UNKNOWN_TERMS,LOW,whole,openfoodfacts,https://world.openfoodfacts.org/product/0627735266084,controlled-lexicon-composition v1 (no free machine translation),مصطلح غير مغطّى بالمعجم
00628069480047,Breaded Haddock,Afishionado,,مقرمش بالبقسماط,SA,unknown,80,REVIEW_UNKNOWN_TERMS,LOW,haddock,openfoodfacts,https://world.openfoodfacts.org/product/0628069480047,controlled-lexicon-composition v1 (no free machine translation),مصطلح غير مغطّى بالمعجم
00628451668053,Tortillas Mais / Corn Chipotle,La Trigueña,,ذرة,SA,unknown,42,REVIEW_UNKNOWN_TERMS,LOW,tortillas;mais;chipotle,openfoodfacts,https://world.openfoodfacts.org/product/0628451668053,controlled-lexicon-composition v1 (no free machine translation),مصطلح غير مغطّى بالمعجم
00654954230169,Blizzard Cake,Original Gourmet,,كيك,SA,unknown,,REVIEW_UNKNOWN_TERMS,LOW,blizzard,openfoodfacts,https://world.openfoodfacts.org/product/0654954230169,controlled-lexicon-composition v1 (no free machine translation),مصطلح غير مغطّى بالمعجم
00717273501607,American garden chocolate syrup,America Garden,,حديقة شوكولاتة شراب,SA,unknown,40,REVIEW_UNKNOWN_TERMS,LOW,american,openfoodfacts,https://world.openfoodfacts.org/product/0717273501607,controlled-lexicon-composition v1 (no free machine translation),مصطلح غير مغطّى بالمعجم
03073781157048,La vache qui rit creamy taste,La vache qui rit,,كريمي نكهة,SA,unknown,,REVIEW_BRAND_UNMAPPED,LOW,,openfoodfacts,https://world.openfoodfacts.org/product/3073781157048,controlled-lexicon-composition v1 (no free machine translation),علامة بلا مقابل عربي متحقَّق
04000540013108,Kölln Müsli Crunchy Honey nut & Oats,Kölln,,مقرمش عسل شوفان,GCC,Mueslis,,REVIEW_UNKNOWN_TERMS,LOW,sli;nut,openfoodfacts,https://world.openfoodfacts.org/product/4000540013108,controlled-lexicon-composition v1 (no free machine translation),مصطلح غير مغطّى بالمعجم
04901335708523,Corn Snack Spicy (Polinky Mentai),Koikeya,,ذرة سناك حار,GCC,unknown,55,REVIEW_UNKNOWN_TERMS,LOW,polinky;mentai,openfoodfacts,https://world.openfoodfacts.org/product/4901335708523,controlled-lexicon-composition v1 (no free machine translation),مصطلح غير مغطّى بالمعجم
05060686531262,High Protein Porridge Oats Chocolate Flavored,Basix,,عالي البروتين شوفان شوكولاتة بنكهة,GCC,unknown,60,REVIEW_UNKNOWN_TERMS,LOW,porridge,openfoodfacts,https://world.openfoodfacts.org/product/5060686531262,controlled-lexicon-composition v1 (no free machine translation),مصطلح غير مغطّى بالمعجم
05255010238782,Pizza Hawaiian (Pineapple),Al Forno,,بيتزا أناناس,GCC,unknown,100,REVIEW_UNKNOWN_TERMS,LOW,hawaiian,openfoodfacts,https://world.openfoodfacts.org/product/5255010238782,controlled-lexicon-composition v1 (no free machine translation),مصطلح غير مغطّى بالمعجم
05391522476851,2 Comfort,Aptamil,,,GCC,unknown,100,REVIEW_UNKNOWN_TERMS,LOW,comfort,openfoodfacts,https://world.openfoodfacts.org/product/5391522476851,controlled-lexicon-composition v1 (no free machine translation),مصطلح غير مغطّى بالمعجم
05701397326616,Kettle Cooked Chips Sweet BBQ,Kettle cooked,,شيبس حلو,GCC,Flavoured potato crisps,,REVIEW_UNKNOWN_TERMS,LOW,bbq,openfoodfacts,https://world.openfoodfacts.org/product/5701397326616,controlled-lexicon-composition v1 (no free machine translation),مصطلح غير مغطّى بالمعجم
05711953005251,Starbucks caffè latte,Starbucks,,لاتيه,SA,Coffees,,REVIEW_UNKNOWN_TERMS,LOW,caff,openfoodfacts,https://world.openfoodfacts.org/product/5711953005251,controlled-lexicon-composition v1 (no free machine translation),مصطلح غير مغطّى بالمعجم
05760466738095,Puck Jars White,arla,بوك,بوك أبيض,GCC,Cream cheeses,100,REVIEW_UNKNOWN_TERMS,LOW,jars,openfoodfacts,https://world.openfoodfacts.org/product/5760466738095,controlled-lexicon-composition v1 (no free machine translation),مصطلح غير مغطّى بالمعجم
06084001000003,Chips With Vegetable Flavor By MFI,Manama Food Industry,,شيبس خضار نكهة,SA,unknown,15,REVIEW_UNKNOWN_TERMS,LOW,mfi,openfoodfacts,https://world.openfoodfacts.org/product/6084001000003,controlled-lexicon-composition v1 (no free machine translation),مصطلح غير مغطّى بالمعجم
06084012090420,Kraft processed cheddar cheese,Kraft,كرافت,كرافت جبن شيدر,SA,Cheddar cheese,,REVIEW_UNKNOWN_TERMS,LOW,processed,openfoodfacts,https://world.openfoodfacts.org/product/6084012090420,controlled-lexicon-composition v1 (no free machine translation),مصطلح غير مغطّى بالمعجم
06085719490018,Rôti de porc Bio -25% de sel,,,عضوي,GCC,Pork roasts,,REVIEW_UNKNOWN_TERMS,LOW,ti;porc;sel,openfoodfacts,https://world.openfoodfacts.org/product/6085719490018,controlled-lexicon-composition v1 (no free machine translation),مصطلح غير مغطّى بالمعجم
06222000401258,Mixed Vegetables,Montana,,مشكل خضار,SA,unknown,100,REVIEW_BRAND_UNMAPPED,LOW,,openfoodfacts,https://world.openfoodfacts.org/product/6222000401258,controlled-lexicon-composition v1 (no free machine translation),علامة بلا مقابل عربي متحقَّق
06222024101110,Djestive sugar Free,McVitie's,ماكفيتيز,ماكفيتيز خالي السكر,SA,Biscuits,,REVIEW_UNKNOWN_TERMS,LOW,djestive,openfoodfacts,https://world.openfoodfacts.org/product/6222024101110,controlled-lexicon-composition v1 (no free machine translation),مصطلح غير مغطّى بالمعجم
06223006711501,Kelloggs instant noodles hot n’ spicy flavor,,,سريع التحضير نودلز حار حار نكهة,SA,Noodles,,REVIEW_UNKNOWN_TERMS,LOW,kelloggs,openfoodfacts,https://world.openfoodfacts.org/product/6223006711501,controlled-lexicon-composition v1 (no free machine translation),مصطلح غير مغطّى بالمعجم
06223006711518,Kelloggs instant noodles premium fried noodles,,,سريع التحضير نودلز فاخر مقلي نودلز,SA,Noodles,85,REVIEW_UNKNOWN_TERMS,LOW,kelloggs,openfoodfacts,https://world.openfoodfacts.org/product/6223006711518,controlled-lexicon-composition v1 (no free machine translation),مصطلح غير مغطّى بالمعجم
06224011288293,Boom coffee mocha,,,قهوة موكا,SA,unknown,,REVIEW_UNKNOWN_TERMS,LOW,boom,openfoodfacts,https://world.openfoodfacts.org/product/6224011288293,controlled-lexicon-composition v1 (no free machine translation),مصطلح غير مغطّى بالمعجم
06270021331313,Puff Pastry,Americana,أمريكانا,أمريكانا معجنات,GCC,unknown,100,REVIEW_UNKNOWN_TERMS,LOW,puff,openfoodfacts,https://world.openfoodfacts.org/product/6270021331313,controlled-lexicon-composition v1 (no free machine translation),مصطلح غير مغطّى بالمعجم
06271000734835,Khudri,Baraka Dates,,,GCC,unknown,9,REVIEW_UNKNOWN_TERMS,LOW,khudri,openfoodfacts,https://world.openfoodfacts.org/product/6271000734835,controlled-lexicon-composition v1 (no free machine translation),مصطلح غير مغطّى بالمعجم
06271005000683,Khazan Beef Mortadella Olives 250G,Khazan,,لحم بقري مرتديلا زيتون,GCC,unknown,,REVIEW_BRAND_UNMAPPED,LOW,,openfoodfacts,https://world.openfoodfacts.org/product/6271005000683,controlled-lexicon-composition v1 (no free machine translation),علامة بلا مقابل عربي متحقَّق
06280554195634,Soba Noodle Bowl,,,,SA,Cereals and their products,,REVIEW_UNKNOWN_TERMS,LOW,soba;noodle;bowl,openfoodfacts,https://world.openfoodfacts.org/product/6280554195634,controlled-lexicon-composition v1 (no free machine translation),مصطلح غير مغطّى بالمعجم
06281007040563,Kiwi & lime,Almarai,المراعي,المراعي ليمون أخضر,SA,Sweetened beverages,,REVIEW_UNKNOWN_TERMS,LOW,kiwi,openfoodfacts,https://world.openfoodfacts.org/product/6281007040563,controlled-lexicon-composition v1 (no free machine translation),مصطلح غير مغطّى بالمعجم
06281018230069,Jus d’ananas,,,,SA,unknown,,REVIEW_UNKNOWN_TERMS,LOW,jus;ananas,openfoodfacts,https://world.openfoodfacts.org/product/6281018230069,controlled-lexicon-composition v1 (no free machine translation),مصطلح غير مغطّى بالمعجم
06281018424710,Jus d'orange,,,برتقال,SA,unknown,,REVIEW_UNKNOWN_TERMS,LOW,jus,openfoodfacts,https://world.openfoodfacts.org/product/6281018424710,controlled-lexicon-composition v1 (no free machine translation),مصطلح غير مغطّى بالمعجم
06281020305335,Luna processed cream cheese analogue,,لونا,لونا قشطة جبن,SA,unknown,,REVIEW_UNKNOWN_TERMS,LOW,processed;analogue,openfoodfacts,https://world.openfoodfacts.org/product/6281020305335,controlled-lexicon-composition v1 (no free machine translation),مصطلح غير مغطّى بالمعجم
06281036114006,Lays smallsalt,Lay's,ليز,ليز,SA,Potato crisps,,REVIEW_UNKNOWN_TERMS,LOW,smallsalt,openfoodfacts,https://world.openfoodfacts.org/product/6281036114006,controlled-lexicon-composition v1 (no free machine translation),مصطلح غير مغطّى بالمعجم
06281036247407,Cheetos crunchy flamin hot,,تشيتوس,تشيتوس مقرمش حار,GCC,Crisps,30,REVIEW_UNKNOWN_TERMS,LOW,flamin,openfoodfacts,https://world.openfoodfacts.org/product/6281036247407,controlled-lexicon-composition v1 (no free machine translation),مصطلح غير مغطّى بالمعجم
06281041050511,Turkey Breast,Halawani,,ديك رومي صدر,SA,unknown,100,REVIEW_BRAND_UNMAPPED,LOW,,openfoodfacts,https://world.openfoodfacts.org/product/6281041050511,controlled-lexicon-composition v1 (no free machine translation),علامة بلا مقابل عربي متحقَّق
06281055002025,Hannaa,,,,SA,unknown,,REVIEW_UNKNOWN_TERMS,LOW,hannaa,openfoodfacts,https://world.openfoodfacts.org/product/6281055002025,controlled-lexicon-composition v1 (no free machine translation),مصطلح غير مغطّى بالمعجم
06281057005093,Nadec analogue cream,nadec,نادك,نادك قشطة,SA,Cheese spreads substitutes,,REVIEW_UNKNOWN_TERMS,LOW,analogue,openfoodfacts,https://world.openfoodfacts.org/product/6281057005093,controlled-lexicon-composition v1 (no free machine translation),مصطلح غير مغطّى بالمعجم
06281060034929,Cade peach flavor sparkling drink,,,خوخ نكهة فوّار شراب,SA,Sparkling-drink,,REVIEW_UNKNOWN_TERMS,LOW,cade,openfoodfacts,https://world.openfoodfacts.org/product/6281060034929,controlled-lexicon-composition v1 (no free machine translation),مصطلح غير مغطّى بالمعجم
06281099049826,Digestive,haley,,دايجستيف,SA,Biscuits,30,REVIEW_BRAND_UNMAPPED,LOW,,openfoodfacts,https://world.openfoodfacts.org/product/6281099049826,controlled-lexicon-composition v1 (no free machine translation),علامة بلا مقابل عربي متحقَّق
06281100026730,Baidar foul medames,,,فول,SA,unknown,,REVIEW_UNKNOWN_TERMS,LOW,baidar;medames,openfoodfacts,https://world.openfoodfacts.org/product/6281100026730,controlled-lexicon-composition v1 (no free machine translation),مصطلح غير مغطّى بالمعجم
06281100111719,Lalo chunk white meat tuna,,,أبيض لحم تونة,SA,Tunas,,REVIEW_UNKNOWN_TERMS,LOW,lalo;chunk,openfoodfacts,https://world.openfoodfacts.org/product/6281100111719,controlled-lexicon-composition v1 (no free machine translation),مصطلح غير مغطّى بالمعجم
06281100309567,Gourmet Wafer Rolls Filled With Chocolate Cream,Haweek,,ويفر رولز محشو شوكولاتة قشطة,SA,Chocolate stuffed wafers,25,REVIEW_UNKNOWN_TERMS,LOW,gourmet,openfoodfacts,https://world.openfoodfacts.org/product/6281100309567,controlled-lexicon-composition v1 (no free machine translation),مصطلح غير مغطّى بالمعجم
06281103690044,Linda orange,,,برتقال,SA,Beverages,,REVIEW_UNKNOWN_TERMS,LOW,linda,openfoodfacts,https://world.openfoodfacts.org/product/6281103690044,controlled-lexicon-composition v1 (no free machine translation),مصطلح غير مغطّى بالمعجم
06281106251075,Sukkary Dates,Siafa,سيافة,سيافة تمر,SA,unknown,100,REVIEW_UNKNOWN_TERMS,LOW,sukkary,openfoodfacts,https://world.openfoodfacts.org/product/6281106251075,controlled-lexicon-composition v1 (no free machine translation),مصطلح غير مغطّى بالمعجم
06281766470007,Huile d’olive,,,زيتون,SA,unknown,,REVIEW_UNKNOWN_TERMS,LOW,huile,openfoodfacts,https://world.openfoodfacts.org/product/6281766470007,controlled-lexicon-composition v1 (no free machine translation),مصطلح غير مغطّى بالمعجم
06287005470159,Khodri dattes,,,تمر,SA,Dates,,REVIEW_UNKNOWN_TERMS,LOW,khodri,openfoodfacts,https://world.openfoodfacts.org/product/6287005470159,controlled-lexicon-composition v1 (no free machine translation),مصطلح غير مغطّى بالمعجم
06287010991762,sukkari dates rutab,,,تمر,SA,unknown,,REVIEW_UNKNOWN_TERMS,LOW,sukkari;rutab,openfoodfacts,https://world.openfoodfacts.org/product/6287010991762,controlled-lexicon-composition v1 (no free machine translation),مصطلح غير مغطّى بالمعجم
06287025530253,Pesto Penne,,,بيني,SA,unknown,,REVIEW_UNKNOWN_TERMS,LOW,pesto,openfoodfacts,https://world.openfoodfacts.org/product/6287025530253,controlled-lexicon-composition v1 (no free machine translation),مصطلح غير مغطّى بالمعجم
06290360331508,Boisson à la Goyave rose,,,,GCC,fr:jus-de-goyave,,REVIEW_UNKNOWN_TERMS,LOW,boisson;goyave;rose,openfoodfacts,https://world.openfoodfacts.org/product/6290360331508,controlled-lexicon-composition v1 (no free machine translation),مصطلح غير مغطّى بالمعجم
06291001020003,Masafi Touch of Strawberry,,مسافي,مسافي فراولة,GCC,unknown,,REVIEW_UNKNOWN_TERMS,LOW,touch,openfoodfacts,https://world.openfoodfacts.org/product/6291001020003,controlled-lexicon-composition v1 (no free machine translation),مصطلح غير مغطّى بالمعجم
06291003605888,London Dairy Chocolate Vanilla Ice Cream Bar,London Dairy,,آيس كريم شوكولاتة فانيلا لوح,GCC,unknown,,REVIEW_BRAND_UNMAPPED,LOW,,openfoodfacts,https://world.openfoodfacts.org/product/6291003605888,controlled-lexicon-composition v1 (no free machine translation),علامة بلا مقابل عربي متحقَّق
06291011008251,XL spiral firey cheese,,,جبن,SA,Chips,,REVIEW_UNKNOWN_TERMS,LOW,xl;spiral;firey,openfoodfacts,https://world.openfoodfacts.org/product/6291011008251,controlled-lexicon-composition v1 (no free machine translation),مصطلح غير مغطّى بالمعجم
06291100600106,3 mini swiss rolls,Eurocake,,ميني رولز,GCC,unknown,100,REVIEW_UNKNOWN_TERMS,LOW,swiss,openfoodfacts,https://world.openfoodfacts.org/product/6291100600106,controlled-lexicon-composition v1 (no free machine translation),مصطلح غير مغطّى بالمعجم
06291100603169,Hamburger Buns,Love's,,,GCC,unknown,66,REVIEW_UNKNOWN_TERMS,LOW,hamburger;buns,openfoodfacts,https://world.openfoodfacts.org/product/6291100603169,controlled-lexicon-composition v1 (no free machine translation),مصطلح غير مغطّى بالمعجم
06291100850365,Capri Sun Mixed Fruit Drink,,,مشكل فواكه شراب,GCC,unknown,,REVIEW_UNKNOWN_TERMS,LOW,capri;sun,openfoodfacts,https://world.openfoodfacts.org/product/6291100850365,controlled-lexicon-composition v1 (no free machine translation),مصطلح غير مغطّى بالمعجم
06291103150028,Mazedar paratha,Mazedar,,,GCC,unknown,120,REVIEW_UNKNOWN_TERMS,LOW,paratha,openfoodfacts,https://world.openfoodfacts.org/product/6291103150028,controlled-lexicon-composition v1 (no free machine translation),مصطلح غير مغطّى بالمعجم
06291104183575,Appam Batter,Nellara,,خليط,GCC,Food,100,REVIEW_UNKNOWN_TERMS,LOW,appam,openfoodfacts,https://world.openfoodfacts.org/product/6291104183575,controlled-lexicon-composition v1 (no free machine translation),مصطلح غير مغطّى بالمعجم
06291105692236,Family chocolate cake,Betty Crocker,,عائلي شوكولاتة كيك,SA,unknown,25,REVIEW_BRAND_UNMAPPED,LOW,,openfoodfacts,https://world.openfoodfacts.org/product/6291105692236,controlled-lexicon-composition v1 (no free machine translation),علامة بلا مقابل عربي متحقَّق
06291107558998,Coconut Flakes,Earth Goods,,جوز الهند رقائق,GCC,unknown,100,REVIEW_BRAND_UNMAPPED,LOW,,openfoodfacts,https://world.openfoodfacts.org/product/6291107558998,controlled-lexicon-composition v1 (no free machine translation),علامة بلا مقابل عربي متحقَّق
06291108222188,Organic Apple Peach Mango Crush,,,عضوي تفاح خوخ مانجو,GCC,unknown,,REVIEW_UNKNOWN_TERMS,LOW,crush,openfoodfacts,https://world.openfoodfacts.org/product/6291108222188,controlled-lexicon-composition v1 (no free machine translation),مصطلح غير مغطّى بالمعجم
06294003528799,Kitkat Chunky Caram Bar,KitKat,كيت كات,كيت كات لوح,GCC,unknown,,REVIEW_UNKNOWN_TERMS,LOW,chunky;caram,openfoodfacts,https://world.openfoodfacts.org/product/6294003528799,controlled-lexicon-composition v1 (no free machine translation),مصطلح غير مغطّى بالمعجم
06294006700499,must have lychee,,,,GCC,unknown,,REVIEW_UNKNOWN_TERMS,LOW,must;have;lychee,openfoodfacts,https://world.openfoodfacts.org/product/6294006700499,controlled-lexicon-composition v1 (no free machine translation),مصطلح غير مغطّى بالمعجم
06299200044806,Bbq smoked almonds,,,مدخّن لوز,GCC,unknown,,REVIEW_UNKNOWN_TERMS,LOW,bbq,openfoodfacts,https://world.openfoodfacts.org/product/6299200044806,controlled-lexicon-composition v1 (no free machine translation),مصطلح غير مغطّى بالمعجم
06300900082521,Sunshine Exotic Cocktail Flavored Drink,Sunshine,,كوكتيل بنكهة شراب,GCC,Alcohol-free cocktails,100,REVIEW_UNKNOWN_TERMS,LOW,exotic,openfoodfacts,https://world.openfoodfacts.org/product/6300900082521,controlled-lexicon-composition v1 (no free machine translation),مصطلح غير مغطّى بالمعجم
06300900239376,Icelandic Style Plain Yoghurt,BALADNA,بلدنا,بلدنا ستايل سادة زبادي,GCC,unknown,100,REVIEW_UNKNOWN_TERMS,LOW,icelandic,openfoodfacts,https://world.openfoodfacts.org/product/6300900239376,controlled-lexicon-composition v1 (no free machine translation),مصطلح غير مغطّى بالمعجم
06300901391370,Chicken Pasta Salad,Freshqa,,دجاج معكرونة سلطة,GCC,unknown,100,REVIEW_BRAND_UNMAPPED,LOW,,openfoodfacts,https://world.openfoodfacts.org/product/6300901391370,controlled-lexicon-composition v1 (no free machine translation),علامة بلا مقابل عربي متحقَّق
07217101111112,Arla protein strawberry,Arla Foods,,بروتين فراولة,GCC,Yogurts,,REVIEW_UNKNOWN_TERMS,LOW,arla,openfoodfacts,https://world.openfoodfacts.org/product/7217101111112,controlled-lexicon-composition v1 (no free machine translation),مصطلح غير مغطّى بالمعجم
07217552032936,Pure Whey ISO JUICE,NXT NUTRITION,,نقي واي عصير,SA,unknown,30,REVIEW_UNKNOWN_TERMS,LOW,iso,openfoodfacts,https://world.openfoodfacts.org/product/7217552032936,controlled-lexicon-composition v1 (no free machine translation),مصطلح غير مغطّى بالمعجم
07622201407667,Milka moments,Milka,,,GCC,unknown,,REVIEW_UNKNOWN_TERMS,LOW,moments,openfoodfacts,https://world.openfoodfacts.org/product/7622201407667,controlled-lexicon-composition v1 (no free machine translation),مصطلح غير مغطّى بالمعجم
07622202376160,Dairy milk nutty cream,,,حليب قشطة,SA,Chocolates,,REVIEW_UNKNOWN_TERMS,LOW,dairy;nutty,openfoodfacts,https://world.openfoodfacts.org/product/7622202376160,controlled-lexicon-composition v1 (no free machine translation),مصطلح غير مغطّى بالمعجم
08018211902978,Organic Dark Chocolate Orzo rice,Molino Rossetto,,عضوي داكن شوكولاتة أرز,SA,Breakfast chocolate cereals with wheat grain flakes not fortified with vitamins and chemical elements,,REVIEW_UNKNOWN_TERMS,LOW,orzo,openfoodfacts,https://world.openfoodfacts.org/product/8018211902978,controlled-lexicon-composition v1 (no free machine translation),مصطلح غير مغطّى بالمعجم
08410297604492,Crema De Leche 18%,Central Lechera Asturiana,,,GCC,unknown,100,REVIEW_UNKNOWN_TERMS,LOW,crema;leche,openfoodfacts,https://world.openfoodfacts.org/product/8410297604492,controlled-lexicon-composition v1 (no free machine translation),مصطلح غير مغطّى بالمعجم
08901393020557,Tubes mini,Chupa Chups,,ميني,GCC,Candies,,REVIEW_UNKNOWN_TERMS,LOW,tubes,openfoodfacts,https://world.openfoodfacts.org/product/8901393020557,controlled-lexicon-composition v1 (no free machine translation),مصطلح غير مغطّى بالمعجم
08906002660728,Coconad,KLF,,,GCC,unknown,,REVIEW_UNKNOWN_TERMS,LOW,coconad,openfoodfacts,https://world.openfoodfacts.org/product/8906002660728,controlled-lexicon-composition v1 (no free machine translation),مصطلح غير مغطّى بالمعجم
08906063890614,Traditional Pork Kransky Sausages,La Carne Cuts,,,GCC,unknown,280,REVIEW_UNKNOWN_TERMS,LOW,traditional;pork;kransky;sausages,openfoodfacts,https://world.openfoodfacts.org/product/8906063890614,controlled-lexicon-composition v1 (no free machine translation),مصطلح غير مغطّى بالمعجم
08906068762275,Peanut Butter Creamy Gold,Riya,,زبدة فول سوداني كريمي,GCC,unknown,32,REVIEW_UNKNOWN_TERMS,LOW,gold,openfoodfacts,https://world.openfoodfacts.org/product/8906068762275,controlled-lexicon-composition v1 (no free machine translation),مصطلح غير مغطّى بالمعجم
09008442000948,Power horse original energy drink,,,أصلي طاقة شراب,SA,unknown,,REVIEW_UNKNOWN_TERMS,LOW,power;horse,openfoodfacts,https://world.openfoodfacts.org/product/9008442000948,controlled-lexicon-composition v1 (no free machine translation),مصطلح غير مغطّى بالمعجم
09281474006410,Nadec spreadable analogue processed cream cheese,,نادك,نادك قابل للدهن قشطة جبن,SA,Cheeses,,REVIEW_UNKNOWN_TERMS,LOW,analogue;processed,openfoodfacts,https://world.openfoodfacts.org/product/9281474006410,controlled-lexicon-composition v1 (no free machine translation),مصطلح غير مغطّى بالمعجم
09501100010315,Majid Crispy,,,مقرمش,GCC,unknown,20,REVIEW_UNKNOWN_TERMS,LOW,majid,openfoodfacts,https://world.openfoodfacts.org/product/9501100010315,controlled-lexicon-composition v1 (no free machine translation),مصطلح غير مغطّى بالمعجم
09555021509830,Alicafe Classic 3in1,Alicafe,,كلاسيك,GCC,unknown,20,REVIEW_BRAND_UNMAPPED,LOW,,openfoodfacts,https://world.openfoodfacts.org/product/9555021509830,controlled-lexicon-composition v1 (no free machine translation),علامة بلا مقابل عربي متحقَّق
00000001840100,Crescents,Pillsbury,,,GCC,Contient-de-l-huile-de-palme,28,REVIEW_UNKNOWN_TERMS,LOW,crescents,openfoodfacts,https://world.openfoodfacts.org/product/01840100,controlled-lexicon-composition v1 (no free machine translation),مصطلح غير مغطّى بالمعجم
00000029662067,Whole grain panini,Spinneys Food,سبينيس,سبينيس حبوب كاملة,GCC,Panini breads,100,REVIEW_UNKNOWN_TERMS,LOW,panini,openfoodfacts,https://world.openfoodfacts.org/product/29662067,controlled-lexicon-composition v1 (no free machine translation),مصطلح غير مغطّى بالمعجم
00000090020056,Rauch graceful grape juice,,,عنب عصير,SA,unknown,,REVIEW_UNKNOWN_TERMS,LOW,rauch;graceful,openfoodfacts,https://world.openfoodfacts.org/product/90020056,controlled-lexicon-composition v1 (no free machine translation),مصطلح غير مغطّى بالمعجم
00000289112401,Chocolate Brownie Protein Balls,Gain,,شوكولاتة براوني بروتين,GCC,unknown,60,REVIEW_UNKNOWN_TERMS,LOW,balls,openfoodfacts,https://world.openfoodfacts.org/product/0000289112401,controlled-lexicon-composition v1 (no free machine translation),مصطلح غير مغطّى بالمعجم
00089782000491,Savoury crackers,Garden,,مقرمشات,GCC,Biscuits,,REVIEW_UNKNOWN_TERMS,LOW,savoury,openfoodfacts,https://world.openfoodfacts.org/product/0089782000491,controlled-lexicon-composition v1 (no free machine translation),مصطلح غير مغطّى بالمعجم
00098000010679,Sero Sugar Mango Tango Ice Tea,Lipton,ليبتون,ليبتون سكر مانجو مثلج شاي,GCC,unknown,320,REVIEW_UNKNOWN_TERMS,LOW,sero;tango,openfoodfacts,https://world.openfoodfacts.org/product/0098000010679,controlled-lexicon-composition v1 (no free machine translation),مصطلح غير مغطّى بالمعجم
00617950200529,Alalali custard powder 2yrs prod,Alalali,العلالي,العلالي كاسترد بودرة,SA,unknown,15,REVIEW_UNKNOWN_TERMS,LOW,yrs;prod,openfoodfacts,https://world.openfoodfacts.org/product/0617950200529,controlled-lexicon-composition v1 (no free machine translation),مصطلح غير مغطّى بالمعجم
00627552108055,Chickenless Nuggets,Gusta,,ناجتس,GCC,Meat analogues,50,REVIEW_UNKNOWN_TERMS,LOW,chickenless,openfoodfacts,https://world.openfoodfacts.org/product/0627552108055,controlled-lexicon-composition v1 (no free machine translation),مصطلح غير مغطّى بالمعجم
00627907108020,Chicken Breast Bites,Go Snacks! Toppers,,دجاج صدر قطع,GCC,Chicken breasts,114,REVIEW_BRAND_UNMAPPED,LOW,,openfoodfacts,https://world.openfoodfacts.org/product/0627907108020,controlled-lexicon-composition v1 (no free machine translation),علامة بلا مقابل عربي متحقَّق
00628678203556,chocolate fudge protein powder,goodprotein,,شوكولاتة فدج بروتين بودرة,SA,Protein shakes,44,REVIEW_BRAND_UNMAPPED,LOW,,openfoodfacts,https://world.openfoodfacts.org/product/0628678203556,controlled-lexicon-composition v1 (no free machine translation),علامة بلا مقابل عربي متحقَّق
00628678617711,Honey Os Cereal,Farm Girl,,عسل حبوب إفطار,SA,Breakfast cereals,28,REVIEW_UNKNOWN_TERMS,LOW,os,openfoodfacts,https://world.openfoodfacts.org/product/0628678617711,controlled-lexicon-composition v1 (no free machine translation),مصطلح غير مغطّى بالمعجم
00628693669597,Fruit rolls Apple-Sour Cherry,Bob snail,,فواكه رولز تفاح حامض,SA,unknown,10,REVIEW_UNKNOWN_TERMS,LOW,cherry,openfoodfacts,https://world.openfoodfacts.org/product/0628693669597,controlled-lexicon-composition v1 (no free machine translation),مصطلح غير مغطّى بالمعجم
00661558304943,PROTEIN OVERNIGHT OATS,oatful,,بروتين شوفان,GCC,unknown,85,REVIEW_UNKNOWN_TERMS,LOW,overnight,openfoodfacts,https://world.openfoodfacts.org/product/0661558304943,controlled-lexicon-composition v1 (no free machine translation),مصطلح غير مغطّى بالمعجم
00699838344303,Protein Granola Peanut,Liva,,بروتين جرانولا فول سوداني,GCC,unknown,30,REVIEW_BRAND_UNMAPPED,LOW,,openfoodfacts,https://world.openfoodfacts.org/product/0699838344303,controlled-lexicon-composition v1 (no free machine translation),علامة بلا مقابل عربي متحقَّق
00767461497427,Red cabbage & beetroot sauerkraut,Tabchilli,,أحمر,GCC,unknown,43,REVIEW_UNKNOWN_TERMS,LOW,cabbage;beetroot;sauerkraut,openfoodfacts,https://world.openfoodfacts.org/product/0767461497427,controlled-lexicon-composition v1 (no free machine translation),مصطلح غير مغطّى بالمعجم
00796520543539,Dark Chocolate Protein Porridge,Oatful,,داكن شوكولاتة بروتين,GCC,unknown,60,REVIEW_UNKNOWN_TERMS,LOW,porridge,openfoodfacts,https://world.openfoodfacts.org/product/0796520543539,controlled-lexicon-composition v1 (no free machine translation),مصطلح غير مغطّى بالمعجم
01110000111824,brioche bun,modern bakery,,خبز,GCC,unknown,50,REVIEW_UNKNOWN_TERMS,LOW,brioche,openfoodfacts,https://world.openfoodfacts.org/product/1110000111824,controlled-lexicon-composition v1 (no free machine translation),مصطلح غير مغطّى بالمعجم
03073781147087,Kiri unique creamy taste spreadable processed creamy cheese analogue,Kiri,كيري,كيري كريمي نكهة قابل للدهن كريمي جبن,SA,Cheeses,,REVIEW_UNKNOWN_TERMS,LOW,unique;processed;analogue,openfoodfacts,https://world.openfoodfacts.org/product/3073781147087,controlled-lexicon-composition v1 (no free machine translation),مصطلح غير مغطّى بالمعجم
03350033372375,Thon albacore au naturel,Monoprix,مونوبري,مونوبري,GCC,fr:Thons albacore au naturel,,REVIEW_UNKNOWN_TERMS,LOW,thon;albacore;au;naturel,openfoodfacts,https://world.openfoodfacts.org/product/3350033372375,controlled-lexicon-composition v1 (no free machine translation),مصطلح غير مغطّى بالمعجم
04008713712667,Poppins corn flakes toasted corn flakes,,كورن فليكس,كورن فليكس,SA,unknown,,REVIEW_UNKNOWN_TERMS,LOW,poppins;toasted,openfoodfacts,https://world.openfoodfacts.org/product/4008713712667,controlled-lexicon-composition v1 (no free machine translation),مصطلح غير مغطّى بالمعجم
04771085204862,Organic Milk,Auga,,عضوي حليب,GCC,Organic-milk,,REVIEW_BRAND_UNMAPPED,LOW,,openfoodfacts,https://world.openfoodfacts.org/product/4771085204862,controlled-lexicon-composition v1 (no free machine translation),علامة بلا مقابل عربي متحقَّق
05032722304932,Mustard Wholegrain,Biona Organic,,مسطردة,GCC,Mustards,,REVIEW_UNKNOWN_TERMS,LOW,wholegrain,openfoodfacts,https://world.openfoodfacts.org/product/5032722304932,controlled-lexicon-composition v1 (no free machine translation),مصطلح غير مغطّى بالمعجم
05033712460140,Zing Chicken Strips (Spicy Siracha),Alkabeer,,دجاج ستربس حار,SA,unknown,100,REVIEW_UNKNOWN_TERMS,LOW,zing;siracha,openfoodfacts,https://world.openfoodfacts.org/product/5033712460140,controlled-lexicon-composition v1 (no free machine translation),مصطلح غير مغطّى بالمعجم
05056555204788,Abe pre energy redbull,ABE,,طاقة,GCC,unknown,12.5,REVIEW_UNKNOWN_TERMS,LOW,pre;redbull,openfoodfacts,https://world.openfoodfacts.org/product/5056555204788,controlled-lexicon-composition v1 (no free machine translation),مصطلح غير مغطّى بالمعجم
05060301885879,Milk Chocolate Sea Salted Almonds,Cartwright & Butler,,حليب شوكولاتة بحري مملّح لوز,GCC,unknown,100,REVIEW_BRAND_UNMAPPED,LOW,,openfoodfacts,https://world.openfoodfacts.org/product/5060301885879,controlled-lexicon-composition v1 (no free machine translation),علامة بلا مقابل عربي متحقَّق
05203817808196,Extra Virgin Olive Oil Seasoned With Thyme,Critida,,زيت زيتون إكسترا متبّل زعتر,SA,unknown,15,REVIEW_UNKNOWN_TERMS,LOW,virgin,openfoodfacts,https://world.openfoodfacts.org/product/5203817808196,controlled-lexicon-composition v1 (no free machine translation),مصطلح غير مغطّى بالمعجم
06081944169866,Raisin & almond granola,Harvest Morn,,لوز جرانولا,GCC,Mueslis,45,REVIEW_UNKNOWN_TERMS,LOW,raisin,openfoodfacts,https://world.openfoodfacts.org/product/6081944169866,controlled-lexicon-composition v1 (no free machine translation),مصطلح غير مغطّى بالمعجم
06223001053675,Ketchup,Mero,,كاتشب,SA,Tomato Ketchup,,REVIEW_BRAND_UNMAPPED,LOW,,openfoodfacts,https://world.openfoodfacts.org/product/6223001053675,controlled-lexicon-composition v1 (no free machine translation),علامة بلا مقابل عربي متحقَّق
06251897000381,Pina Colada Carbonated Drink,Super,,شراب,GCC,unknown,100,REVIEW_UNKNOWN_TERMS,LOW,pina;colada;carbonated,openfoodfacts,https://world.openfoodfacts.org/product/6251897000381,controlled-lexicon-composition v1 (no free machine translation),مصطلح غير مغطّى بالمعجم
06251934008424,Alfares tortilla corn chips sweet and chili flavor,,,تورتيلا ذرة شيبس حلو شطة نكهة,SA,Chips,,REVIEW_UNKNOWN_TERMS,LOW,alfares,openfoodfacts,https://world.openfoodfacts.org/product/6251934008424,controlled-lexicon-composition v1 (no free machine translation),مصطلح غير مغطّى بالمعجم
06253808661025,Chocolate Chip Muffin,Qbake,كيو بيك,كيو بيك شوكولاتة مافن,GCC,unknown,100,REVIEW_UNKNOWN_TERMS,LOW,chip,openfoodfacts,https://world.openfoodfacts.org/product/6253808661025,controlled-lexicon-composition v1 (no free machine translation),مصطلح غير مغطّى بالمعجم
06253809981542,Herbs baker sticks,,,أعشاب أصابع,SA,Chips,,REVIEW_UNKNOWN_TERMS,LOW,baker,openfoodfacts,https://world.openfoodfacts.org/product/6253809981542,controlled-lexicon-composition v1 (no free machine translation),مصطلح غير مغطّى بالمعجم
06271100335673,Chicken Teriyaki,MF,,دجاج,GCC,unknown,400,REVIEW_UNKNOWN_TERMS,LOW,teriyaki,openfoodfacts,https://world.openfoodfacts.org/product/6271100335673,controlled-lexicon-composition v1 (no free machine translation),مصطلح غير مغطّى بالمعجم
06277000008693,PRO COLLAGEN BLACK TRUFFLE,Prolife,,كولاجين أسود ترافل,SA,unknown,30,REVIEW_UNKNOWN_TERMS,LOW,pro,openfoodfacts,https://world.openfoodfacts.org/product/6277000008693,controlled-lexicon-composition v1 (no free machine translation),مصطلح غير مغطّى بالمعجم
06279000006730,Garlic Protein Bagel,Goodly,,ثوم بروتين,GCC,unknown,80,REVIEW_UNKNOWN_TERMS,LOW,bagel,openfoodfacts,https://world.openfoodfacts.org/product/6279000006730,controlled-lexicon-composition v1 (no free machine translation),مصطلح غير مغطّى بالمعجم
06279871420758,Mélange coupe faim 2.0,,,,GCC,unknown,,REVIEW_UNKNOWN_TERMS,LOW,lange;coupe;faim,openfoodfacts,https://world.openfoodfacts.org/product/6279871420758,controlled-lexicon-composition v1 (no free machine translation),مصطلح غير مغطّى بالمعجم
06281000010204,Zoi ice tea flavor strawberry kiwi,Zoi,,مثلج شاي نكهة فراولة,SA,Beverages,100,REVIEW_UNKNOWN_TERMS,LOW,kiwi,openfoodfacts,https://world.openfoodfacts.org/product/6281000010204,controlled-lexicon-composition v1 (no free machine translation),مصطلح غير مغطّى بالمعجم
06281006809949,Assaisonnement pour poulet aux épices et ail,Knorr,كنور,كنور,SA,unknown,,REVIEW_UNKNOWN_TERMS,LOW,assaisonnement;pour;poulet;aux;pices;et;ail,openfoodfacts,https://world.openfoodfacts.org/product/6281006809949,controlled-lexicon-composition v1 (no free machine translation),مصطلح غير مغطّى بالمعجم
06281018421849,Florida's Natural Florida's Fresh Orange No Pulp,,,طبيعي طازج برتقال,SA,unknown,,REVIEW_UNKNOWN_TERMS,LOW,florida;florida;no_pulp,openfoodfacts,https://world.openfoodfacts.org/product/6281018421849,controlled-lexicon-composition v1 (no free machine translation),مصطلح غير مغطّى بالمعجم
06281020173965,Luna iced coffee Spanish latte,Luna,لونا,لونا مثلج قهوة لاتيه,SA,unknown,250,REVIEW_UNKNOWN_TERMS,LOW,spanish,openfoodfacts,https://world.openfoodfacts.org/product/6281020173965,controlled-lexicon-composition v1 (no free machine translation),مصطلح غير مغطّى بالمعجم
06281022134094,YoPRO Triple Zero Chocolate,YoPRO,,زيرو شوكولاتة,SA,Puddings,130,REVIEW_UNKNOWN_TERMS,LOW,triple,openfoodfacts,https://world.openfoodfacts.org/product/6281022134094,controlled-lexicon-composition v1 (no free machine translation),مصطلح غير مغطّى بالمعجم
06281034900175,Rani Pêche,Rani,راني,راني,SA,Carbonated fruit soft drink with sugar,240,REVIEW_UNKNOWN_TERMS,LOW,che,openfoodfacts,https://world.openfoodfacts.org/product/6281034900175,controlled-lexicon-composition v1 (no free machine translation),مصطلح غير مغطّى بالمعجم
06281036002013,Lay’s flamin hot,,,حار,GCC,Crisps,,REVIEW_UNKNOWN_TERMS,LOW,lay;flamin,openfoodfacts,https://world.openfoodfacts.org/product/6281036002013,controlled-lexicon-composition v1 (no free machine translation),مصطلح غير مغطّى بالمعجم
06281036115201,Lay’s chili,,,شطة,SA,unknown,25,REVIEW_UNKNOWN_TERMS,LOW,lay,openfoodfacts,https://world.openfoodfacts.org/product/6281036115201,controlled-lexicon-composition v1 (no free machine translation),مصطلح غير مغطّى بالمعجم
06281048020258,White grape juice,Danya,,أبيض عنب عصير,SA,unknown,,REVIEW_BRAND_UNMAPPED,LOW,,openfoodfacts,https://world.openfoodfacts.org/product/6281048020258,controlled-lexicon-composition v1 (no free machine translation),علامة بلا مقابل عربي متحقَّق
06281048105702,Puck Whipped Cream arla,Puck,بوك,بوك قشطة,GCC,Whipped creams,100,REVIEW_UNKNOWN_TERMS,LOW,whipped;arla,openfoodfacts,https://world.openfoodfacts.org/product/6281048105702,controlled-lexicon-composition v1 (no free machine translation),مصطلح غير مغطّى بالمعجم
06281050826725,NABATI 100% Plant-Based Chicken Free Nuggets,,,نباتي دجاج ناجتس,SA,Chicken nuggets,,REVIEW_UNKNOWN_TERMS,LOW,nabati;based;free,openfoodfacts,https://world.openfoodfacts.org/product/6281050826725,controlled-lexicon-composition v1 (no free machine translation),مصطلح غير مغطّى بالمعجم
06281051005754,Dari labneh,,,لبنة,SA,unknown,,REVIEW_UNKNOWN_TERMS,LOW,dari,openfoodfacts,https://world.openfoodfacts.org/product/6281051005754,controlled-lexicon-composition v1 (no free machine translation),مصطلح غير مغطّى بالمعجم
06281051098596,Cranberry,Dari,,,SA,unknown,100,REVIEW_UNKNOWN_TERMS,LOW,cranberry,openfoodfacts,https://world.openfoodfacts.org/product/6281051098596,controlled-lexicon-composition v1 (no free machine translation),مصطلح غير مغطّى بالمعجم
06281063462088,Dynamite sauce,Orient Garden,,صلصة,SA,unknown,23,REVIEW_UNKNOWN_TERMS,LOW,dynamite,openfoodfacts,https://world.openfoodfacts.org/product/6281063462088,controlled-lexicon-composition v1 (no free machine translation),مصطلح غير مغطّى بالمعجم
06281071113118,Marami salted,,,مملّح,SA,unknown,,REVIEW_UNKNOWN_TERMS,LOW,marami,openfoodfacts,https://world.openfoodfacts.org/product/6281071113118,controlled-lexicon-composition v1 (no free machine translation),مصطلح غير مغطّى بالمعجم
06281099013780,Chick Peas Pois Chiches,,,بازلاء,SA,unknown,,REVIEW_UNKNOWN_TERMS,LOW,chick;pois;chiches,openfoodfacts,https://world.openfoodfacts.org/product/6281099013780,controlled-lexicon-composition v1 (no free machine translation),مصطلح غير مغطّى بالمعجم
06283700178079,Cookies And Cream Sando,Glace,,كوكيز قشطة,GCC,unknown,50,REVIEW_UNKNOWN_TERMS,LOW,sando,openfoodfacts,https://world.openfoodfacts.org/product/6283700178079,controlled-lexicon-composition v1 (no free machine translation),مصطلح غير مغطّى بالمعجم
06284111611889,Tahina,,,,SA,unknown,,REVIEW_UNKNOWN_TERMS,LOW,tahina,openfoodfacts,https://world.openfoodfacts.org/product/6284111611889,controlled-lexicon-composition v1 (no free machine translation),مصطلح غير مغطّى بالمعجم
06284519230538,Salted Caramel Pecan,Jewels Under The Kilt,,مملّح كراميل,SA,unknown,30,REVIEW_UNKNOWN_TERMS,LOW,pecan,openfoodfacts,https://world.openfoodfacts.org/product/6284519230538,controlled-lexicon-composition v1 (no free machine translation),مصطلح غير مغطّى بالمعجم
06285349000162,Melasse de datte Ajwa,,,عجوة,SA,unknown,,REVIEW_UNKNOWN_TERMS,LOW,melasse;datte,openfoodfacts,https://world.openfoodfacts.org/product/6285349000162,controlled-lexicon-composition v1 (no free machine translation),مصطلح غير مغطّى بالمعجم
06285572001806,Rita mojito flavor,,,نكهة,SA,unknown,,REVIEW_UNKNOWN_TERMS,LOW,rita;mojito,openfoodfacts,https://world.openfoodfacts.org/product/6285572001806,controlled-lexicon-composition v1 (no free machine translation),مصطلح غير مغطّى بالمعجم
06286349290119,Plant Protein Bar,OUNITED,,لوح بروتين نباتي,SA,unknown,60,REVIEW_BRAND_UNMAPPED,LOW,,openfoodfacts,https://world.openfoodfacts.org/product/6286349290119,controlled-lexicon-composition v1 (no free machine translation),علامة بلا مقابل عربي متحقَّق
06287001561615,Whole Wheat Tortilla,Alhatab Bakery,,قمح تورتيلا,SA,unknown,100,REVIEW_UNKNOWN_TERMS,LOW,whole,openfoodfacts,https://world.openfoodfacts.org/product/6287001561615,controlled-lexicon-composition v1 (no free machine translation),مصطلح غير مغطّى بالمعجم
06287002880111,Sukari,,,,SA,Dates,,REVIEW_UNKNOWN_TERMS,LOW,sukari,openfoodfacts,https://world.openfoodfacts.org/product/6287002880111,controlled-lexicon-composition v1 (no free machine translation),مصطلح غير مغطّى بالمعجم
06287005840020,Almadina ajwa,,,عجوة,SA,unknown,,REVIEW_UNKNOWN_TERMS,LOW,almadina,openfoodfacts,https://world.openfoodfacts.org/product/6287005840020,controlled-lexicon-composition v1 (no free machine translation),مصطلح غير مغطّى بالمعجم
06287007762733,Kombucha hibiscus,,,كركديه,SA,Beverages,,REVIEW_UNKNOWN_TERMS,LOW,kombucha,openfoodfacts,https://world.openfoodfacts.org/product/6287007762733,controlled-lexicon-composition v1 (no free machine translation),مصطلح غير مغطّى بالمعجم
06287015680500,Mixa 4G sparkling water,,,ماء فوّار,SA,Carbonated waters,,REVIEW_UNKNOWN_TERMS,LOW,mixa,openfoodfacts,https://world.openfoodfacts.org/product/6287015680500,controlled-lexicon-composition v1 (no free machine translation),مصطلح غير مغطّى بالمعجم
06287042120949,Noug camel milk lactose free,,,خالي اللاكتوز إبل حليب,SA,unknown,310,REVIEW_UNKNOWN_TERMS,LOW,noug,openfoodfacts,https://world.openfoodfacts.org/product/6287042120949,controlled-lexicon-composition v1 (no free machine translation),مصطلح غير مغطّى بالمعجم
06287727019629,Cold Water Shrimp,Pier 87,,ماء روبيان,SA,unknown,100,REVIEW_UNKNOWN_TERMS,LOW,cold,openfoodfacts,https://world.openfoodfacts.org/product/6287727019629,controlled-lexicon-composition v1 (no free machine translation),مصطلح غير مغطّى بالمعجم
06288081112001,Extra Virgin Olive Oil,Dar Zaytoun,,زيت زيتون إكسترا,GCC,unknown,15,REVIEW_UNKNOWN_TERMS,LOW,virgin,openfoodfacts,https://world.openfoodfacts.org/product/6288081112001,controlled-lexicon-composition v1 (no free machine translation),مصطلح غير مغطّى بالمعجم
06291003085147,Break Supa,Quanta,,,GCC,unknown,30,REVIEW_UNKNOWN_TERMS,LOW,break;supa,openfoodfacts,https://world.openfoodfacts.org/product/6291003085147,controlled-lexicon-composition v1 (no free machine translation),مصطلح غير مغطّى بالمعجم
06291009110065,Marmelade d'orange,,,برتقال,GCC,unknown,,REVIEW_UNKNOWN_TERMS,LOW,marmelade,openfoodfacts,https://world.openfoodfacts.org/product/6291009110065,controlled-lexicon-composition v1 (no free machine translation),مصطلح غير مغطّى بالمعجم
06291016024034,lacnor banana milk 180ml,NFPC,,موز حليب,GCC,Beverages,100,REVIEW_UNKNOWN_TERMS,LOW,lacnor,openfoodfacts,https://world.openfoodfacts.org/product/6291016024034,controlled-lexicon-composition v1 (no free machine translation),مصطلح غير مغطّى بالمعجم
06291053500270,Kwality Pista Kulfi,Kwality,,,GCC,unknown,90,REVIEW_UNKNOWN_TERMS,LOW,pista;kulfi,openfoodfacts,https://world.openfoodfacts.org/product/6291053500270,controlled-lexicon-composition v1 (no free machine translation),مصطلح غير مغطّى بالمعجم
06291100605736,Dubai Chocolate Cake Bar,Flair,,شوكولاتة كيك لوح,GCC,unknown,100,REVIEW_UNKNOWN_TERMS,LOW,dubai,openfoodfacts,https://world.openfoodfacts.org/product/6291100605736,controlled-lexicon-composition v1 (no free machine translation),مصطلح غير مغطّى بالمعجم
06291105692229,Super moist family cake,Betty Crocker,,سوبر عائلي كيك,SA,unknown,25,REVIEW_UNKNOWN_TERMS,LOW,moist,openfoodfacts,https://world.openfoodfacts.org/product/6291105692229,controlled-lexicon-composition v1 (no free machine translation),مصطلح غير مغطّى بالمعجم
06291106895384,Beef Mortadella,Al Masa,,لحم بقري مرتديلا,GCC,unknown,,REVIEW_BRAND_UNMAPPED,LOW,,openfoodfacts,https://world.openfoodfacts.org/product/6291106895384,controlled-lexicon-composition v1 (no free machine translation),علامة بلا مقابل عربي متحقَّق
06291107558554,Graines de Chia noires,EARTH GOODS,,شيا,GCC,Chia,100,REVIEW_UNKNOWN_TERMS,LOW,graines;noires,openfoodfacts,https://world.openfoodfacts.org/product/6291107558554,controlled-lexicon-composition v1 (no free machine translation),مصطلح غير مغطّى بالمعجم
06291108639085,Date Chocolates,Jomara,جمارة,جمارة تمر,GCC,unknown,25,REVIEW_UNKNOWN_TERMS,LOW,chocolates,openfoodfacts,https://world.openfoodfacts.org/product/6291108639085,controlled-lexicon-composition v1 (no free machine translation),مصطلح غير مغطّى بالمعجم
06291109760900,Dates syrup,Nausea,,تمر شراب,GCC,unknown,20,REVIEW_BRAND_UNMAPPED,LOW,,openfoodfacts,https://world.openfoodfacts.org/product/6291109760900,controlled-lexicon-composition v1 (no free machine translation),علامة بلا مقابل عربي متحقَّق
06294003574062,kit bat mini moments,Nestlé,نستله,نستله ميني,GCC,unknown,,REVIEW_UNKNOWN_TERMS,LOW,kit;bat;moments,openfoodfacts,https://world.openfoodfacts.org/product/6294003574062,controlled-lexicon-composition v1 (no free machine translation),مصطلح غير مغطّى بالمعجم
06294003582678,Nestle KitKat chocolate chunky,Nestlé,نستله,نستله شوكولاتة,GCC,fr:bisc,,REVIEW_UNKNOWN_TERMS,LOW,chunky,openfoodfacts,https://world.openfoodfacts.org/product/6294003582678,controlled-lexicon-composition v1 (no free machine translation),مصطلح غير مغطّى بالمعجم
06294017107959,kitkat with lotus,Nestlé,نستله,نستله,GCC,unknown,,REVIEW_UNKNOWN_TERMS,LOW,lotus,openfoodfacts,https://world.openfoodfacts.org/product/6294017107959,controlled-lexicon-composition v1 (no free machine translation),مصطلح غير مغطّى بالمعجم
06294017135075,Kit Kat mini atures caramel,KitKat,كيت كات,كيت كات ميني كراميل,GCC,unknown,,REVIEW_UNKNOWN_TERMS,LOW,kit;kat;atures,openfoodfacts,https://world.openfoodfacts.org/product/6294017135075,controlled-lexicon-composition v1 (no free machine translation),مصطلح غير مغطّى بالمعجم
06294017139875,Pistachio Kunafa,Kit Kat,,فستق كنافة,GCC,unknown,21.4,REVIEW_BRAND_UNMAPPED,LOW,,openfoodfacts,https://world.openfoodfacts.org/product/6294017139875,controlled-lexicon-composition v1 (no free machine translation),علامة بلا مقابل عربي متحقَّق
06297001222270,Original Buttermilk Pancake,Ihope,,أصلي لبن بان كيك,GCC,unknown,,REVIEW_BRAND_UNMAPPED,LOW,,openfoodfacts,https://world.openfoodfacts.org/product/6297001222270,controlled-lexicon-composition v1 (no free machine translation),علامة بلا مقابل عربي متحقَّق
06298044154238,Vegan Chocolate snack Hack,Plaay,,نباتي شوكولاتة سناك,GCC,unknown,15,REVIEW_UNKNOWN_TERMS,LOW,hack,openfoodfacts,https://world.openfoodfacts.org/product/6298044154238,controlled-lexicon-composition v1 (no free machine translation),مصطلح غير مغطّى بالمعجم
06299200046732,Protein Drink Banana Flavour,Milba,,بروتين شراب موز نكهة,GCC,unknown,,REVIEW_BRAND_UNMAPPED,LOW,,openfoodfacts,https://world.openfoodfacts.org/product/6299200046732,controlled-lexicon-composition v1 (no free machine translation),علامة بلا مقابل عربي متحقَّق
06300900360629,Mazzarty Beritoo 240 ml,,,,GCC,unknown,,REVIEW_UNKNOWN_TERMS,LOW,mazzarty;beritoo,openfoodfacts,https://world.openfoodfacts.org/product/6300900360629,controlled-lexicon-composition v1 (no free machine translation),مصطلح غير مغطّى بالمعجم
06920802311408,Lanzhou Ramen Noodles,Chunsi,,نودلز,SA,unknown,100,REVIEW_UNKNOWN_TERMS,LOW,lanzhou;ramen,openfoodfacts,https://world.openfoodfacts.org/product/6920802311408,controlled-lexicon-composition v1 (no free machine translation),مصطلح غير مغطّى بالمعجم
07394376621642,Barista Edition Oat Drink,Oatly,,شوفان شراب,GCC,Milk substitutes,120,REVIEW_UNKNOWN_TERMS,LOW,barista;edition,openfoodfacts,https://world.openfoodfacts.org/product/7394376621642,controlled-lexicon-composition v1 (no free machine translation),مصطلح غير مغطّى بالمعجم
07622210624918,Cheese Spread,Philadelphia Original,,جبن قابل للدهن,GCC,Cheese spreads,30,REVIEW_BRAND_UNMAPPED,LOW,,openfoodfacts,https://world.openfoodfacts.org/product/7622210624918,controlled-lexicon-composition v1 (no free machine translation),علامة بلا مقابل عربي متحقَّق
07640155340533,Vegan coconut crunch,Rhythm 108,,نباتي جوز الهند مقرمش,GCC,Biscuits,32,REVIEW_BRAND_UNMAPPED,LOW,,openfoodfacts,https://world.openfoodfacts.org/product/7640155340533,controlled-lexicon-composition v1 (no free machine translation),علامة بلا مقابل عربي متحقَّق
08001130821970,Pandoro,Galup,,,GCC,Pandoro,,REVIEW_UNKNOWN_TERMS,LOW,pandoro,openfoodfacts,https://world.openfoodfacts.org/product/8001130821970,controlled-lexicon-composition v1 (no free machine translation),مصطلح غير مغطّى بالمعجم
08021190002959,Fior di latte di Bojano,Valle Verde,,لاتيه,GCC,unknown,,REVIEW_UNKNOWN_TERMS,LOW,fior;di;di;bojano,openfoodfacts,https://world.openfoodfacts.org/product/8021190002959,controlled-lexicon-composition v1 (no free machine translation),مصطلح غير مغطّى بالمعجم
08445291457942,Nestle fitness granola chocolate,,نستله,نستله جرانولا شوكولاتة,SA,Oat,100,REVIEW_UNKNOWN_TERMS,LOW,fitness,openfoodfacts,https://world.openfoodfacts.org/product/8445291457942,controlled-lexicon-composition v1 (no free machine translation),مصطلح غير مغطّى بالمعجم
08699401434365,Pomegranate sauce,Marmaris,,رمان صلصة,GCC,unknown,20,REVIEW_BRAND_UNMAPPED,LOW,,openfoodfacts,https://world.openfoodfacts.org/product/8699401434365,controlled-lexicon-composition v1 (no free machine translation),علامة بلا مقابل عربي متحقَّق
08713621660028,Caramel Waffels,Daelmans,,كراميل,GCC,unknown,29,REVIEW_UNKNOWN_TERMS,LOW,waffels,openfoodfacts,https://world.openfoodfacts.org/product/8713621660028,controlled-lexicon-composition v1 (no free machine translation),مصطلح غير مغطّى بالمعجم
08801043062367,Nongshim shin ramyun gourmet spicy noodle,,,حار,GCC,Noodles,103,REVIEW_UNKNOWN_TERMS,LOW,nongshim;shin;ramyun;gourmet;noodle,openfoodfacts,https://world.openfoodfacts.org/product/8801043062367,controlled-lexicon-composition v1 (no free machine translation),مصطلح غير مغطّى بالمعجم
08850058004954,Red Curry Paste,Pantai,,أحمر كاري معجون,GCC,unknown,16,REVIEW_BRAND_UNMAPPED,LOW,,openfoodfacts,https://world.openfoodfacts.org/product/8850058004954,controlled-lexicon-composition v1 (no free machine translation),علامة بلا مقابل عربي متحقَّق
08998666003799,Creamy Coffee Mix,Kopiko,,كريمي قهوة مشكل,SA,unknown,24,REVIEW_BRAND_UNMAPPED,LOW,,openfoodfacts,https://world.openfoodfacts.org/product/8998666003799,controlled-lexicon-composition v1 (no free machine translation),علامة بلا مقابل عربي متحقَّق
09356464000591,Layered Protein Bar Choc Raspberry,greenback,,لوح بروتين توت أحمر,GCC,unknown,50,REVIEW_UNKNOWN_TERMS,LOW,layered;choc,openfoodfacts,https://world.openfoodfacts.org/product/9356464000591,controlled-lexicon-composition v1 (no free machine translation),مصطلح غير مغطّى بالمعجم
09555050302891,Bibigo original kimchi ramyun,,,أصلي,SA,unknown,,REVIEW_UNKNOWN_TERMS,LOW,bibigo;kimchi;ramyun,openfoodfacts,https://world.openfoodfacts.org/product/9555050302891,controlled-lexicon-composition v1 (no free machine translation),مصطلح غير مغطّى بالمعجم
00000029561841,Hot Dog Brioche Buns,SpinneysFood,سبينيس,سبينيس حار,GCC,unknown,50,REVIEW_UNKNOWN_TERMS,LOW,dog;brioche;buns,openfoodfacts,https://world.openfoodfacts.org/product/29561841,controlled-lexicon-composition v1 (no free machine translation),مصطلح غير مغطّى بالمعجم
00000029641826,Chicken Tikka Cubes,Spinneys,سبينيس,سبينيس دجاج,GCC,unknown,100,REVIEW_UNKNOWN_TERMS,LOW,tikka;cubes,openfoodfacts,https://world.openfoodfacts.org/product/29641826,controlled-lexicon-composition v1 (no free machine translation),مصطلح غير مغطّى بالمعجم
00032894030481,Americana chickpeas ready to eat,,أمريكانا,أمريكانا حمص,SA,Cans-food,,REVIEW_UNKNOWN_TERMS,LOW,ready;eat,openfoodfacts,https://world.openfoodfacts.org/product/0032894030481,controlled-lexicon-composition v1 (no free machine translation),مصطلح غير مغطّى بالمعجم
00617950701439,Alalali mixed vegetables ready to eat,,العلالي,العلالي مشكل خضار,SA,unknown,,REVIEW_UNKNOWN_TERMS,LOW,ready;eat,openfoodfacts,https://world.openfoodfacts.org/product/0617950701439,controlled-lexicon-composition v1 (no free machine translation),مصطلح غير مغطّى بالمعجم
00617950701446,Alalali peas and carrots freshly packed,,العلالي,العلالي بازلاء,SA,unknown,,REVIEW_UNKNOWN_TERMS,LOW,carrots;packed,openfoodfacts,https://world.openfoodfacts.org/product/0617950701446,controlled-lexicon-composition v1 (no free machine translation),مصطلح غير مغطّى بالمعجم
00627531016791,Birthday cake,Revolution Nutrition,,كيك,GCC,unknown,37,REVIEW_UNKNOWN_TERMS,LOW,birthday,openfoodfacts,https://world.openfoodfacts.org/product/0627531016791,controlled-lexicon-composition v1 (no free machine translation),مصطلح غير مغطّى بالمعجم
00628678440395,Roasted Edamame,go! qana,,محمّص,SA,unknown,26,REVIEW_UNKNOWN_TERMS,LOW,edamame,openfoodfacts,https://world.openfoodfacts.org/product/0628678440395,controlled-lexicon-composition v1 (no free machine translation),مصطلح غير مغطّى بالمعجم
00745178421799,Crunchy snubz flaming hot,,,مقرمش حار,SA,Chips,,REVIEW_UNKNOWN_TERMS,LOW,snubz;flaming,openfoodfacts,https://world.openfoodfacts.org/product/0745178421799,controlled-lexicon-composition v1 (no free machine translation),مصطلح غير مغطّى بالمعجم
00797822100864,Caramel Pecan,Light Whey,,كراميل,GCC,unknown,92,REVIEW_UNKNOWN_TERMS,LOW,pecan,openfoodfacts,https://world.openfoodfacts.org/product/0797822100864,controlled-lexicon-composition v1 (no free machine translation),مصطلح غير مغطّى بالمعجم
03245411759742,Clementine,Carrefour,كارفور,كارفور,SA,Squeezed clementine juices,,REVIEW_UNKNOWN_TERMS,LOW,clementine,openfoodfacts,https://world.openfoodfacts.org/product/3245411759742,controlled-lexicon-composition v1 (no free machine translation),مصطلح غير مغطّى بالمعجم
03350033784321,Riz gluant,Monoprix,مونوبري,مونوبري,GCC,Rices,,REVIEW_UNKNOWN_TERMS,LOW,riz;gluant,openfoodfacts,https://world.openfoodfacts.org/product/3350033784321,controlled-lexicon-composition v1 (no free machine translation),مصطلح غير مغطّى بالمعجم
04006375000030,Erdbeere Konfitüre,Grashoff,,,SA,Strawberry jams,,REVIEW_UNKNOWN_TERMS,LOW,erdbeere;konfit;re,openfoodfacts,https://world.openfoodfacts.org/product/4006375000030,controlled-lexicon-composition v1 (no free machine translation),مصطلح غير مغطّى بالمعجم
04008713712728,Poppins choco bumps chocolate flavored wheat,,,شوكولاتة شوكولاتة بنكهة قمح,SA,unknown,,REVIEW_UNKNOWN_TERMS,LOW,poppins;bumps,openfoodfacts,https://world.openfoodfacts.org/product/4008713712728,controlled-lexicon-composition v1 (no free machine translation),مصطلح غير مغطّى بالمعجم
04807770191718,Lucky me chicken mami artificial chicken flavor noodles,,,دجاج دجاج نكهة نودلز,SA,Noodles,,REVIEW_UNKNOWN_TERMS,LOW,lucky;me;mami;artificial,openfoodfacts,https://world.openfoodfacts.org/product/4807770191718,controlled-lexicon-composition v1 (no free machine translation),مصطلح غير مغطّى بالمعجم
04820041578773,Unsalted Butter,Snowway,,بدون ملح زبدة,GCC,unknown,100,REVIEW_BRAND_UNMAPPED,LOW,,openfoodfacts,https://world.openfoodfacts.org/product/4820041578773,controlled-lexicon-composition v1 (no free machine translation),علامة بلا مقابل عربي متحقَّق
04894514035452,XTRA Creamy Peanut Butter,Meadows,,زبدة فول سوداني كريمي,GCC,Peanut butters,100,REVIEW_UNKNOWN_TERMS,LOW,xtra,openfoodfacts,https://world.openfoodfacts.org/product/4894514035452,controlled-lexicon-composition v1 (no free machine translation),مصطلح غير مغطّى بالمعجم
04901515129544,Soy Sauce,Kikkoman,,صويا صلصة,GCC,Soy sauces,100,REVIEW_BRAND_UNMAPPED,LOW,,openfoodfacts,https://world.openfoodfacts.org/product/4901515129544,controlled-lexicon-composition v1 (no free machine translation),علامة بلا مقابل عربي متحقَّق
05000159569965,celebration,,,,GCC,unknown,,REVIEW_UNKNOWN_TERMS,LOW,celebration,openfoodfacts,https://world.openfoodfacts.org/product/5000159569965,controlled-lexicon-composition v1 (no free machine translation),مصطلح غير مغطّى بالمعجم
05060143650093,Vivespo protein cookies and cream,Vivespo,,بروتين كوكيز قشطة,SA,unknown,75,REVIEW_BRAND_UNMAPPED,LOW,,openfoodfacts,https://world.openfoodfacts.org/product/5060143650093,controlled-lexicon-composition v1 (no free machine translation),علامة بلا مقابل عربي متحقَّق
05060657220485,Wagyu beef honey mustard imp,Savoursmiths,,لحم بقري عسل مسطردة,SA,unknown,30,REVIEW_UNKNOWN_TERMS,LOW,wagyu;imp,openfoodfacts,https://world.openfoodfacts.org/product/5060657220485,controlled-lexicon-composition v1 (no free machine translation),مصطلح غير مغطّى بالمعجم
05201168416121,Authentic Greek Yoghurt,DODONI,,يوناني زبادي,GCC,Yogurts,150,REVIEW_UNKNOWN_TERMS,LOW,authentic,openfoodfacts,https://world.openfoodfacts.org/product/5201168416121,controlled-lexicon-composition v1 (no free machine translation),مصطلح غير مغطّى بالمعجم
05203064009001,kings B pwans soft cookie,allatini,,طري كوكيز,GCC,Biscuits,40,REVIEW_UNKNOWN_TERMS,LOW,kings;pwans,openfoodfacts,https://world.openfoodfacts.org/product/5203064009001,controlled-lexicon-composition v1 (no free machine translation),مصطلح غير مغطّى بالمعجم
05285008740409,Innocent sweets cinnamon granola,,,قرفة جرانولا,SA,unknown,,REVIEW_UNKNOWN_TERMS,LOW,innocent;sweets,openfoodfacts,https://world.openfoodfacts.org/product/5285008740409,controlled-lexicon-composition v1 (no free machine translation),مصطلح غير مغطّى بالمعجم
05352101910814,Foster Clark's Corn Flour,Foster Clark's,,ذرة دقيق,GCC,unknown,30,REVIEW_BRAND_UNMAPPED,LOW,,openfoodfacts,https://world.openfoodfacts.org/product/5352101910814,controlled-lexicon-composition v1 (no free machine translation),علامة بلا مقابل عربي متحقَّق
05400265043708,Hamlet Belgium lait / milk,,,حليب,SA,Chocolates,,REVIEW_UNKNOWN_TERMS,LOW,hamlet;belgium;lait,openfoodfacts,https://world.openfoodfacts.org/product/5400265043708,controlled-lexicon-composition v1 (no free machine translation),مصطلح غير مغطّى بالمعجم
05412588013672,Spicy Wedges,Maestro,,حار,GCC,unknown,,REVIEW_UNKNOWN_TERMS,LOW,wedges,openfoodfacts,https://world.openfoodfacts.org/product/5412588013672,controlled-lexicon-composition v1 (no free machine translation),مصطلح غير مغطّى بالمعجم
05449000344144,Carbonated Drink (Lemon & Mint Flavoured) 350 ml,Sprite,سبرايت,سبرايت شراب ليمون نعناع بنكهة,GCC,Carbonated fruit soft drink with sugar,100,REVIEW_UNKNOWN_TERMS,LOW,carbonated,openfoodfacts,https://world.openfoodfacts.org/product/5449000344144,controlled-lexicon-composition v1 (no free machine translation),مصطلح غير مغطّى بالمعجم
05711953118371,Arla organic chocolate milk,,,عضوي شوكولاتة حليب,SA,unknown,200,REVIEW_UNKNOWN_TERMS,LOW,arla,openfoodfacts,https://world.openfoodfacts.org/product/5711953118371,controlled-lexicon-composition v1 (no free machine translation),مصطلح غير مغطّى بالمعجم
05711953195235,PROTEIN BLUEBERRY,Arla,,بروتين توت أزرق,SA,unknown,100,REVIEW_BRAND_UNMAPPED,LOW,,openfoodfacts,https://world.openfoodfacts.org/product/5711953195235,controlled-lexicon-composition v1 (no free machine translation),علامة بلا مقابل عربي متحقَّق
06084012090307,Kraft cheddar cheese spread squeeze original,Kraft,كرافت,كرافت جبن شيدر سبريد أصلي,GCC,Cheese spreads,,REVIEW_UNKNOWN_TERMS,LOW,squeeze,openfoodfacts,https://world.openfoodfacts.org/product/6084012090307,controlled-lexicon-composition v1 (no free machine translation),مصطلح غير مغطّى بالمعجم
06271003041206,Whole Wheat Toast D3,,,قمح توست,GCC,unknown,25,REVIEW_UNKNOWN_TERMS,LOW,whole,openfoodfacts,https://world.openfoodfacts.org/product/6271003041206,controlled-lexicon-composition v1 (no free machine translation),مصطلح غير مغطّى بالمعجم
06271101020196,Sweet chilli & red pepper chips,Hectare’ss,,حلو شطة أحمر فلفل شيبس,GCC,Crisps,100,REVIEW_BRAND_UNMAPPED,LOW,,openfoodfacts,https://world.openfoodfacts.org/product/6271101020196,controlled-lexicon-composition v1 (no free machine translation),علامة بلا مقابل عربي متحقَّق
06271101027720,Ketchup Flavored Chips,Hectare’s,,كاتشب بنكهة شيبس,GCC,unknown,100,REVIEW_BRAND_UNMAPPED,LOW,,openfoodfacts,https://world.openfoodfacts.org/product/6271101027720,controlled-lexicon-composition v1 (no free machine translation),علامة بلا مقابل عربي متحقَّق
06272826285235,Filipinos,Artiach,,,GCC,unknown,,REVIEW_UNKNOWN_TERMS,LOW,filipinos,openfoodfacts,https://world.openfoodfacts.org/product/6272826285235,controlled-lexicon-composition v1 (no free machine translation),مصطلح غير مغطّى بالمعجم
06281006701366,Yellow Label,Lipton,ليبتون,ليبتون,SA,Teas,,REVIEW_UNKNOWN_TERMS,LOW,yellow;label,openfoodfacts,https://world.openfoodfacts.org/product/6281006701366,controlled-lexicon-composition v1 (no free machine translation),مصطلح غير مغطّى بالمعجم
06281007037358,marai 24* cheese,Almarai,المراعي,المراعي جبن,GCC,unknown,30,REVIEW_UNKNOWN_TERMS,LOW,marai,openfoodfacts,https://world.openfoodfacts.org/product/6281007037358,controlled-lexicon-composition v1 (no free machine translation),مصطلح غير مغطّى بالمعجم
06281014800440,Goody Light Meat Tuna In Brine Water,Goody,قودي,قودي لايت لحم تونة ماء,SA,Canned tunas,130,REVIEW_UNKNOWN_TERMS,LOW,brine,openfoodfacts,https://world.openfoodfacts.org/product/6281014800440,controlled-lexicon-composition v1 (no free machine translation),مصطلح غير مغطّى بالمعجم
06281016012940,Albatal cheese balls cheese flavor,,البطل,البطل جبن جبن نكهة,SA,unknown,,REVIEW_UNKNOWN_TERMS,LOW,balls,openfoodfacts,https://world.openfoodfacts.org/product/6281016012940,controlled-lexicon-composition v1 (no free machine translation),مصطلح غير مغطّى بالمعجم
06281020175730,Luna foul medames lebanese recipe,,لونا,لونا فول وصفة,SA,Cans-food,,REVIEW_UNKNOWN_TERMS,LOW,medames;lebanese,openfoodfacts,https://world.openfoodfacts.org/product/6281020175730,controlled-lexicon-composition v1 (no free machine translation),مصطلح غير مغطّى بالمعجم
06281026121090,Alrabie strawberry flavored milk,,,فراولة بنكهة حليب,SA,unknown,,REVIEW_UNKNOWN_TERMS,LOW,alrabie,openfoodfacts,https://world.openfoodfacts.org/product/6281026121090,controlled-lexicon-composition v1 (no free machine translation),مصطلح غير مغطّى بالمعجم
06281033415410,Choco Cookies 20days,,,شوكولاتة كوكيز,SA,unknown,,REVIEW_UNKNOWN_TERMS,LOW,days,openfoodfacts,https://world.openfoodfacts.org/product/6281033415410,controlled-lexicon-composition v1 (no free machine translation),مصطلح غير مغطّى بالمعجم
06281041267827,Halwani Bros Maamoul Dates Filled Cookies,,حلواني,حلواني معمول تمر محشو كوكيز,SA,unknown,,REVIEW_UNKNOWN_TERMS,LOW,bros,openfoodfacts,https://world.openfoodfacts.org/product/6281041267827,controlled-lexicon-composition v1 (no free machine translation),مصطلح غير مغطّى بالمعجم
06281063018247,Peep whole kernel corn,,,حبّ كامل ذرة,SA,unknown,,REVIEW_UNKNOWN_TERMS,LOW,peep,openfoodfacts,https://world.openfoodfacts.org/product/6281063018247,controlled-lexicon-composition v1 (no free machine translation),مصطلح غير مغطّى بالمعجم
06281063633204,Makati tropical fruit cocktail in light syrup,,,فواكه كوكتيل لايت شراب,SA,unknown,,REVIEW_UNKNOWN_TERMS,LOW,makati;tropical,openfoodfacts,https://world.openfoodfacts.org/product/6281063633204,controlled-lexicon-composition v1 (no free machine translation),مصطلح غير مغطّى بالمعجم
06281063881551,jalapeno peppers,freashly,,,GCC,unknown,30,REVIEW_UNKNOWN_TERMS,LOW,jalapeno;peppers,openfoodfacts,https://world.openfoodfacts.org/product/6281063881551,controlled-lexicon-composition v1 (no free machine translation),مصطلح غير مغطّى بالمعجم
06281063882701,Freshly pancake syrup with buttery taste,Freshly,فريشلي,فريشلي بان كيك شراب نكهة,SA,unknown,,REVIEW_UNKNOWN_TERMS,LOW,buttery,openfoodfacts,https://world.openfoodfacts.org/product/6281063882701,controlled-lexicon-composition v1 (no free machine translation),مصطلح غير مغطّى بالمعجم
06281073210389,Acacia Honey,Alshifa,,عسل,GCC,unknown,100,REVIEW_UNKNOWN_TERMS,LOW,acacia,openfoodfacts,https://world.openfoodfacts.org/product/6281073210389,controlled-lexicon-composition v1 (no free machine translation),مصطلح غير مغطّى بالمعجم
06281099014565,Pâte à Tartiner Chocolat Noisette,,,شوكولاتة,SA,unknown,,REVIEW_UNKNOWN_TERMS,LOW,te;tartiner;noisette,openfoodfacts,https://world.openfoodfacts.org/product/6281099014565,controlled-lexicon-composition v1 (no free machine translation),مصطلح غير مغطّى بالمعجم
06281105794313,Baja sunflower seeds salted 85g,,,دوار الشمس بذور مملّح,SA,unknown,28,REVIEW_UNKNOWN_TERMS,LOW,baja,openfoodfacts,https://world.openfoodfacts.org/product/6281105794313,controlled-lexicon-composition v1 (no free machine translation),مصطلح غير مغطّى بالمعجم
06281106252249,AJWAL AL MADINAH black color,Siafa,سيافة,سيافة أسود,SA,unknown,,REVIEW_UNKNOWN_TERMS,LOW,ajwal;al;madinah;color,openfoodfacts,https://world.openfoodfacts.org/product/6281106252249,controlled-lexicon-composition v1 (no free machine translation),مصطلح غير مغطّى بالمعجم
06281123055038,Maamoul date cookie,Sabaho,,معمول تمر كوكيز,SA,unknown,50,REVIEW_BRAND_UNMAPPED,LOW,,openfoodfacts,https://world.openfoodfacts.org/product/6281123055038,controlled-lexicon-composition v1 (no free machine translation),علامة بلا مقابل عربي متحقَّق
06285035006270,Assorted Maamoul,Saadeddin,,مشكل معمول,SA,unknown,30,REVIEW_BRAND_UNMAPPED,LOW,,openfoodfacts,https://world.openfoodfacts.org/product/6285035006270,controlled-lexicon-composition v1 (no free machine translation),علامة بلا مقابل عربي متحقَّق
06285042110212,Boules choco-guimauves,,,شوكولاتة,SA,unknown,,REVIEW_UNKNOWN_TERMS,LOW,boules;guimauves,openfoodfacts,https://world.openfoodfacts.org/product/6285042110212,controlled-lexicon-composition v1 (no free machine translation),مصطلح غير مغطّى بالمعجم
06286349290102,Plant Protein Chocolate / Chocolat,YOUNITED,,نباتي بروتين شوكولاتة شوكولاتة,SA,unknown,60,REVIEW_BRAND_UNMAPPED,LOW,,openfoodfacts,https://world.openfoodfacts.org/product/6286349290102,controlled-lexicon-composition v1 (no free machine translation),علامة بلا مقابل عربي متحقَّق
06286349293028,All-In One Plant Protein + Superfoods,Younited,,نباتي بروتين,SA,unknown,33.5,REVIEW_UNKNOWN_TERMS,LOW,all;superfoods,openfoodfacts,https://world.openfoodfacts.org/product/6286349293028,controlled-lexicon-composition v1 (no free machine translation),مصطلح غير مغطّى بالمعجم
06287000659283,Mayonnaise,Freshoco,,مايونيز,SA,unknown,15,REVIEW_BRAND_UNMAPPED,LOW,,openfoodfacts,https://world.openfoodfacts.org/product/6287000659283,controlled-lexicon-composition v1 (no free machine translation),علامة بلا مقابل عربي متحقَّق
06287001562476,Olive Rusk,,,زيتون,SA,unknown,,REVIEW_UNKNOWN_TERMS,LOW,rusk,openfoodfacts,https://world.openfoodfacts.org/product/6287001562476,controlled-lexicon-composition v1 (no free machine translation),مصطلح غير مغطّى بالمعجم
06287003880066,Ajwa al madina,,,عجوة,SA,unknown,,REVIEW_UNKNOWN_TERMS,LOW,al;madina,openfoodfacts,https://world.openfoodfacts.org/product/6287003880066,controlled-lexicon-composition v1 (no free machine translation),مصطلح غير مغطّى بالمعجم
06291003003202,Creams Vanilla,Tiffany,تيفاني,تيفاني فانيلا,GCC,Biscuits,30.8,REVIEW_UNKNOWN_TERMS,LOW,creams,openfoodfacts,https://world.openfoodfacts.org/product/6291003003202,controlled-lexicon-composition v1 (no free machine translation),مصطلح غير مغطّى بالمعجم
06291003008559,Cremolino,,,,GCC,unknown,,REVIEW_UNKNOWN_TERMS,LOW,cremolino,openfoodfacts,https://world.openfoodfacts.org/product/6291003008559,controlled-lexicon-composition v1 (no free machine translation),مصطلح غير مغطّى بالمعجم
06291003053498,Extra Virgin Olive Oil 2yrs prod,Rahma,,زيت زيتون إكسترا,GCC,Virgin olive oils,15,REVIEW_UNKNOWN_TERMS,LOW,virgin;yrs;prod,openfoodfacts,https://world.openfoodfacts.org/product/6291003053498,controlled-lexicon-composition v1 (no free machine translation),مصطلح غير مغطّى بالمعجم
06291007500332,nutro chocolate flavoured,,,شوكولاتة بنكهة,GCC,unknown,,REVIEW_UNKNOWN_TERMS,LOW,nutro,openfoodfacts,https://world.openfoodfacts.org/product/6291007500332,controlled-lexicon-composition v1 (no free machine translation),مصطلح غير مغطّى بالمعجم
06291056002467,greek yoghurt drink,Al Aïn farms,,زبادي سائل يوناني,GCC,Stirred-yogurt-drinks,280,REVIEW_BRAND_UNMAPPED,LOW,,openfoodfacts,https://world.openfoodfacts.org/product/6291056002467,controlled-lexicon-composition v1 (no free machine translation),علامة بلا مقابل عربي متحقَّق
06291062101062,Golden Loaf,,,,GCC,unknown,,REVIEW_UNKNOWN_TERMS,LOW,golden;loaf,openfoodfacts,https://world.openfoodfacts.org/product/6291062101062,controlled-lexicon-composition v1 (no free machine translation),مصطلح غير مغطّى بالمعجم
06291075211109,AL QUDS BREAD Fit,AL QUDS,,خبز,GCC,unknown,,REVIEW_UNKNOWN_TERMS,LOW,fit,openfoodfacts,https://world.openfoodfacts.org/product/6291075211109,controlled-lexicon-composition v1 (no free machine translation),مصطلح غير مغطّى بالمعجم
06291100191789,Arabian Golden Date,Taj El Tomoor,,عربي تمر,GCC,unknown,28,REVIEW_UNKNOWN_TERMS,LOW,golden,openfoodfacts,https://world.openfoodfacts.org/product/6291100191789,controlled-lexicon-composition v1 (no free machine translation),مصطلح غير مغطّى بالمعجم
06291104289017,Sun Blast orange,Sun Blast,,برتقال,GCC,unknown,200,REVIEW_BRAND_UNMAPPED,LOW,,openfoodfacts,https://world.openfoodfacts.org/product/6291104289017,controlled-lexicon-composition v1 (no free machine translation),علامة بلا مقابل عربي متحقَّق
06291106894226,Chicken Breakfast sausage,Siniora,,دجاج نقانق,SA,unknown,,REVIEW_UNKNOWN_TERMS,LOW,breakfast,openfoodfacts,https://world.openfoodfacts.org/product/6291106894226,controlled-lexicon-composition v1 (no free machine translation),مصطلح غير مغطّى بالمعجم
06292644005464,Cucumber Chips Kimchi,Paramount Food,,خيار شيبس,GCC,unknown,10,REVIEW_UNKNOWN_TERMS,LOW,kimchi,openfoodfacts,https://world.openfoodfacts.org/product/6292644005464,controlled-lexicon-composition v1 (no free machine translation),مصطلح غير مغطّى بالمعجم
06294011665981,Tender Chicken Breast,Lulu,لولو,لولو دجاج صدر,GCC,unknown,100,REVIEW_UNKNOWN_TERMS,LOW,tender,openfoodfacts,https://world.openfoodfacts.org/product/6294011665981,controlled-lexicon-composition v1 (no free machine translation),مصطلح غير مغطّى بالمعجم
06294017516775,Italian Roast Beef Slices,Butchero,,لحم بقري شرائح,GCC,unknown,,REVIEW_UNKNOWN_TERMS,LOW,italian;roast,openfoodfacts,https://world.openfoodfacts.org/product/6294017516775,controlled-lexicon-composition v1 (no free machine translation),مصطلح غير مغطّى بالمعجم
06297001222751,premium turkey leg,,,فاخر ديك رومي,GCC,Turkeys,,REVIEW_UNKNOWN_TERMS,LOW,leg,openfoodfacts,https://world.openfoodfacts.org/product/6297001222751,controlled-lexicon-composition v1 (no free machine translation),مصطلح غير مغطّى بالمعجم
06298009793335,Sodastream saveur orange,,,برتقال,GCC,Syrups,,REVIEW_UNKNOWN_TERMS,LOW,sodastream;saveur,openfoodfacts,https://world.openfoodfacts.org/product/6298009793335,controlled-lexicon-composition v1 (no free machine translation),مصطلح غير مغطّى بالمعجم
06299200000109,Cheese Dip,Mu Cha Chos,,جبن غموس,GCC,unknown,100,REVIEW_BRAND_UNMAPPED,LOW,,openfoodfacts,https://world.openfoodfacts.org/product/6299200000109,controlled-lexicon-composition v1 (no free machine translation),علامة بلا مقابل عربي متحقَّق
06299200051552,Low Fat Yogurt,Milba,,قليل الدسم زبادي,GCC,Yogurts,,REVIEW_BRAND_UNMAPPED,LOW,,openfoodfacts,https://world.openfoodfacts.org/product/6299200051552,controlled-lexicon-composition v1 (no free machine translation),علامة بلا مقابل عربي متحقَّق
06300900380634,Doha pasta,,,معكرونة,GCC,Pastas,,REVIEW_UNKNOWN_TERMS,LOW,doha,openfoodfacts,https://world.openfoodfacts.org/product/6300900380634,controlled-lexicon-composition v1 (no free machine translation),مصطلح غير مغطّى بالمعجم
08000500351178,Calendrier de l'avent - choco biscuits,Kinder,كيندر,كيندر شوكولاتة بسكويت,GCC,Advent calendars,,REVIEW_UNKNOWN_TERMS,LOW,calendrier;avent,openfoodfacts,https://world.openfoodfacts.org/product/8000500351178,controlled-lexicon-composition v1 (no free machine translation),مصطلح غير مغطّى بالمعجم
08445290224507,White mocha,Starbucks,,أبيض موكا,GCC,Coffees,24,REVIEW_BRAND_UNMAPPED,LOW,,openfoodfacts,https://world.openfoodfacts.org/product/8445290224507,controlled-lexicon-composition v1 (no free machine translation),علامة بلا مقابل عربي متحقَّق
08683989472130,Caffeine one cold brew coffee iced pistachio,,,قهوة مثلج فستق,SA,unknown,,REVIEW_UNKNOWN_TERMS,LOW,caffeine;cold;brew,openfoodfacts,https://world.openfoodfacts.org/product/8683989472130,controlled-lexicon-composition v1 (no free machine translation),مصطلح غير مغطّى بالمعجم
08690624202977,Doritos extrême mexicano,DORITOS®,دوريتوس,دوريتوس,GCC,Crisps,,REVIEW_UNKNOWN_TERMS,LOW,extr;me;mexicano,openfoodfacts,https://world.openfoodfacts.org/product/8690624202977,controlled-lexicon-composition v1 (no free machine translation),مصطلح غير مغطّى بالمعجم
08699120446526,Darkcafe Mocha,Dark Cafe 212,,موكا,SA,unknown,100,REVIEW_UNKNOWN_TERMS,LOW,darkcafe,openfoodfacts,https://world.openfoodfacts.org/product/8699120446526,controlled-lexicon-composition v1 (no free machine translation),مصطلح غير مغطّى بالمعجم
08715700124605,INCREDIBLY LIGHT Mayonnaise,Heinz,هاينز,هاينز لايت مايونيز,GCC,unknown,100,REVIEW_UNKNOWN_TERMS,LOW,incredibly,openfoodfacts,https://world.openfoodfacts.org/product/8715700124605,controlled-lexicon-composition v1 (no free machine translation),مصطلح غير مغطّى بالمعجم
08809521341355,Kalguksu Noodles,Bob Moos,,نودلز,SA,unknown,56,REVIEW_UNKNOWN_TERMS,LOW,kalguksu,openfoodfacts,https://world.openfoodfacts.org/product/8809521341355,controlled-lexicon-composition v1 (no free machine translation),مصطلح غير مغطّى بالمعجم
08809950200018,Korean Dumpling Vegetable,Good Sepul,,خضار,SA,unknown,85,REVIEW_UNKNOWN_TERMS,LOW,korean;dumpling,openfoodfacts,https://world.openfoodfacts.org/product/8809950200018,controlled-lexicon-composition v1 (no free machine translation),مصطلح غير مغطّى بالمعجم
08901262030403,Pure Cow Ghee,Amul,,نقي سمن,GCC,Ghee,14,REVIEW_UNKNOWN_TERMS,LOW,cow,openfoodfacts,https://world.openfoodfacts.org/product/8901262030403,controlled-lexicon-composition v1 (no free machine translation),مصطلح غير مغطّى بالمعجم
08997035600133,Pocari Sweat Ion Supply Drink,Otsuka Pharmaceutical,,شراب,GCC,Sports-drinks,330,REVIEW_UNKNOWN_TERMS,LOW,pocari;sweat;ion;supply,openfoodfacts,https://world.openfoodfacts.org/product/8997035600133,controlled-lexicon-composition v1 (no free machine translation),مصطلح غير مغطّى بالمعجم
09346190000668,Salted caramel,Smart Protein Bar,,مملّح كراميل,GCC,unknown,60,REVIEW_BRAND_UNMAPPED,LOW,,openfoodfacts,https://world.openfoodfacts.org/product/9346190000668,controlled-lexicon-composition v1 (no free machine translation),علامة بلا مقابل عربي متحقَّق
00000029593149,Smoked Back Bacon,Spinneys Food,سبينيس,سبينيس مدخّن,GCC,unknown,100,REVIEW_UNKNOWN_TERMS,LOW,back;bacon,openfoodfacts,https://world.openfoodfacts.org/product/29593149,controlled-lexicon-composition v1 (no free machine translation),مصطلح غير مغطّى بالمعجم
00019766300118,Corned Beef,Bordon,,لحم بقري,GCC,unknown,30,REVIEW_UNKNOWN_TERMS,LOW,corned,openfoodfacts,https://world.openfoodfacts.org/product/0019766300118,controlled-lexicon-composition v1 (no free machine translation),مصطلح غير مغطّى بالمعجم
00089782018366,Wheat crackers,Garden,,قمح مقرمشات,GCC,Crackers (Appetizers),,REVIEW_BRAND_UNMAPPED,LOW,,openfoodfacts,https://world.openfoodfacts.org/product/0089782018366,controlled-lexicon-composition v1 (no free machine translation),علامة بلا مقابل عربي متحقَّق
00617950801450,Alalali peach halves in heavy syrup,,العلالي,العلالي خوخ شراب,SA,Cans-food,,REVIEW_UNKNOWN_TERMS,LOW,halves;heavy,openfoodfacts,https://world.openfoodfacts.org/product/0617950801450,controlled-lexicon-composition v1 (no free machine translation),مصطلح غير مغطّى بالمعجم
00627735266800,Roasted Red Pepper topped hummus,Your Fresh Market,,محمّص أحمر فلفل حمص,GCC,Hummus,30,REVIEW_UNKNOWN_TERMS,LOW,topped,openfoodfacts,https://world.openfoodfacts.org/product/0627735266800,controlled-lexicon-composition v1 (no free machine translation),مصطلح غير مغطّى بالمعجم
00627933507019,Whey Protein,GPN,,واي بروتين,GCC,unknown,33,REVIEW_BRAND_UNMAPPED,LOW,,openfoodfacts,https://world.openfoodfacts.org/product/0627933507019,controlled-lexicon-composition v1 (no free machine translation),علامة بلا مقابل عربي متحقَّق
00627987500752,Les incomparables Gaufres de Liège au chocolat,C’est belge,,شوكولاتة,GCC,unknown,60,REVIEW_UNKNOWN_TERMS,LOW,les;incomparables;gaufres;li;ge;au,openfoodfacts,https://world.openfoodfacts.org/product/0627987500752,controlled-lexicon-composition v1 (no free machine translation),مصطلح غير مغطّى بالمعجم
00627987673678,Barbecue cherry,Slow bottles Sunday,,,GCC,Barbecue sauces,15,REVIEW_UNKNOWN_TERMS,LOW,barbecue;cherry,openfoodfacts,https://world.openfoodfacts.org/product/0627987673678,controlled-lexicon-composition v1 (no free machine translation),مصطلح غير مغطّى بالمعجم
00628451714552,Magic Broccoli,Good Leaf,,,SA,unknown,50,REVIEW_UNKNOWN_TERMS,LOW,magic;broccoli,openfoodfacts,https://world.openfoodfacts.org/product/0628451714552,controlled-lexicon-composition v1 (no free machine translation),مصطلح غير مغطّى بالمعجم
00628915825114,Rotisserie Chicken,Your Fresh Market,,دجاج,SA,Whole chickens,100,REVIEW_UNKNOWN_TERMS,LOW,rotisserie,openfoodfacts,https://world.openfoodfacts.org/product/0628915825114,controlled-lexicon-composition v1 (no free machine translation),مصطلح غير مغطّى بالمعجم
00633152007759,Tamarindo sauce,Mehran,,صلصة,GCC,unknown,15,REVIEW_UNKNOWN_TERMS,LOW,tamarindo,openfoodfacts,https://world.openfoodfacts.org/product/0633152007759,controlled-lexicon-composition v1 (no free machine translation),مصطلح غير مغطّى بالمعجم
00709993306099,digestives,Natureland,نيتشرلاند,نيتشرلاند,GCC,Biscuits,,REVIEW_UNKNOWN_TERMS,LOW,digestives,openfoodfacts,https://world.openfoodfacts.org/product/0709993306099,controlled-lexicon-composition v1 (no free machine translation),مصطلح غير مغطّى بالمعجم
00720516021916,Orgran Multigrain O's With Quinoa,Orgran,,حبوب متعددة كينوا,GCC,Cereal flakes,,REVIEW_BRAND_UNMAPPED,LOW,,openfoodfacts,https://world.openfoodfacts.org/product/0720516021916,controlled-lexicon-composition v1 (no free machine translation),علامة بلا مقابل عربي متحقَّق
00737666003167,Toffee-ettes,See's Candies,,توفي,SA,Confectioneries,45,REVIEW_UNKNOWN_TERMS,LOW,ettes,openfoodfacts,https://world.openfoodfacts.org/product/0737666003167,controlled-lexicon-composition v1 (no free machine translation),مصطلح غير مغطّى بالمعجم
00759992907261,Organic Basmati Rice,RB Foods,,عضوي بسمتي أرز,GCC,unknown,,REVIEW_BRAND_UNMAPPED,LOW,,openfoodfacts,https://world.openfoodfacts.org/product/0759992907261,controlled-lexicon-composition v1 (no free machine translation),علامة بلا مقابل عربي متحقَّق
00788930153323,Ketchup Lite,Libby’s,,كاتشب لايت,GCC,unknown,100,REVIEW_BRAND_UNMAPPED,LOW,,openfoodfacts,https://world.openfoodfacts.org/product/0788930153323,controlled-lexicon-composition v1 (no free machine translation),علامة بلا مقابل عربي متحقَّق
05033712155619,Waffle Fries 2yrs prod,Al Kabeer,الكبير,الكبير بطاطس مقلية,GCC,unknown,100,REVIEW_UNKNOWN_TERMS,LOW,waffle;yrs;prod,openfoodfacts,https://world.openfoodfacts.org/product/5033712155619,controlled-lexicon-composition v1 (no free machine translation),مصطلح غير مغطّى بالمعجم
05060822240089,Keto Granola Coconut & Almond,Keto Hana,,كيتو جرانولا جوز الهند لوز,GCC,Cereal clusters with nuts,30,REVIEW_BRAND_UNMAPPED,LOW,,openfoodfacts,https://world.openfoodfacts.org/product/5060822240089,controlled-lexicon-composition v1 (no free machine translation),علامة بلا مقابل عربي متحقَّق
05203912390886,Bugles original flavor,,,أصلي نكهة,SA,unknown,,REVIEW_UNKNOWN_TERMS,LOW,bugles,openfoodfacts,https://world.openfoodfacts.org/product/5203912390886,controlled-lexicon-composition v1 (no free machine translation),مصطلح غير مغطّى بالمعجم
05285008740102,Innocent sweets honey almond granola,,,عسل لوز جرانولا,SA,unknown,,REVIEW_UNKNOWN_TERMS,LOW,innocent;sweets,openfoodfacts,https://world.openfoodfacts.org/product/5285008740102,controlled-lexicon-composition v1 (no free machine translation),مصطلح غير مغطّى بالمعجم
05352101422614,Foster Clark creme caramel,,,كراميل,GCC,unknown,,REVIEW_UNKNOWN_TERMS,LOW,foster;clark;creme,openfoodfacts,https://world.openfoodfacts.org/product/5352101422614,controlled-lexicon-composition v1 (no free machine translation),مصطلح غير مغطّى بالمعجم
05425035577825,Arthur granola belgian chocolate,,,جرانولا شوكولاتة,SA,unknown,,REVIEW_UNKNOWN_TERMS,LOW,arthur;belgian,openfoodfacts,https://world.openfoodfacts.org/product/5425035577825,controlled-lexicon-composition v1 (no free machine translation),مصطلح غير مغطّى بالمعجم
06003770000168,PERi-PERi Sauce Medium,Nando's,,صلصة,GCC,Hot sauces,20,REVIEW_UNKNOWN_TERMS,LOW,peri;peri;medium,openfoodfacts,https://world.openfoodfacts.org/product/6003770000168,controlled-lexicon-composition v1 (no free machine translation),مصطلح غير مغطّى بالمعجم
06074744868053,Tikka Masala Paste,Sabila,,ماسالا معجون,GCC,Groceries,,REVIEW_UNKNOWN_TERMS,LOW,tikka,openfoodfacts,https://world.openfoodfacts.org/product/6074744868053,controlled-lexicon-composition v1 (no free machine translation),مصطلح غير مغطّى بالمعجم
06078800640973,Sweet honey Catalina. Dressing,Kraft,كرافت,كرافت حلو عسل صلصة,GCC,unknown,473,REVIEW_UNKNOWN_TERMS,LOW,catalina,openfoodfacts,https://world.openfoodfacts.org/product/6078800640973,controlled-lexicon-composition v1 (no free machine translation),مصطلح غير مغطّى بالمعجم
06081944067247,Lemon & Lime,Specially Selected,,ليمون ليمون أخضر,GCC,Yogurts,150,REVIEW_BRAND_UNMAPPED,LOW,,openfoodfacts,https://world.openfoodfacts.org/product/6081944067247,controlled-lexicon-composition v1 (no free machine translation),علامة بلا مقابل عربي متحقَّق
06084012810400,Crispy Corn Curls (Tomato And Chili Flavor),Halwachi Food,,مقرمش ذرة طماطم شطة نكهة,GCC,unknown,25,REVIEW_UNKNOWN_TERMS,LOW,curls,openfoodfacts,https://world.openfoodfacts.org/product/6084012810400,controlled-lexicon-composition v1 (no free machine translation),مصطلح غير مغطّى بالمعجم
06221134004922,alphonso mango drink,sun top,,مانجو شراب,SA,Candy chocolate bars,36,REVIEW_UNKNOWN_TERMS,LOW,alphonso,openfoodfacts,https://world.openfoodfacts.org/product/6221134004922,controlled-lexicon-composition v1 (no free machine translation),مصطلح غير مغطّى بالمعجم
06251932002301,Ice Tea,TT,,مثلج شاي,GCC,unknown,100,REVIEW_BRAND_UNMAPPED,LOW,,openfoodfacts,https://world.openfoodfacts.org/product/6251932002301,controlled-lexicon-composition v1 (no free machine translation),علامة بلا مقابل عربي متحقَّق
06271003034369,Lemon Sandwich Biscuit,Kuwait Flour Mills & Bakeries Co,,ليمون ساندويتش بسكويت,GCC,unknown,7.5,REVIEW_BRAND_UNMAPPED,LOW,,openfoodfacts,https://world.openfoodfacts.org/product/6271003034369,controlled-lexicon-composition v1 (no free machine translation),علامة بلا مقابل عربي متحقَّق
06271101020240,Popcorn sweet & salt,Hectare’s,,فشار حلو ملح,GCC,unknown,30,REVIEW_BRAND_UNMAPPED,LOW,,openfoodfacts,https://world.openfoodfacts.org/product/6271101020240,controlled-lexicon-composition v1 (no free machine translation),علامة بلا مقابل عربي متحقَّق
06276274252122,Yaourt Danone 1919 arôme naturel de vanille,Danone,دانون,دانون,GCC,Yogurts,,REVIEW_UNKNOWN_TERMS,LOW,yaourt;ar;me;naturel;vanille,openfoodfacts,https://world.openfoodfacts.org/product/6276274252122,controlled-lexicon-composition v1 (no free machine translation),مصطلح غير مغطّى بالمعجم
06279772183912,Canned Tuna In Sunflower Oil With Chili,AlWazzan,,زيت دوار الشمس معلّب تونة شطة,GCC,unknown,106,REVIEW_BRAND_UNMAPPED,LOW,,openfoodfacts,https://world.openfoodfacts.org/product/6279772183912,controlled-lexicon-composition v1 (no free machine translation),علامة بلا مقابل عربي متحقَّق
06281004018527,cric Crac,Gandour,,,SA,unknown,100,REVIEW_UNKNOWN_TERMS,LOW,cric;crac,openfoodfacts,https://world.openfoodfacts.org/product/6281004018527,controlled-lexicon-composition v1 (no free machine translation),مصطلح غير مغطّى بالمعجم
06281007032254,Cheese & Zaatar puff,Almarai,المراعي,المراعي جبن زعتر,SA,Sandwich made with loaf bread,70,REVIEW_UNKNOWN_TERMS,LOW,puff,openfoodfacts,https://world.openfoodfacts.org/product/6281007032254,controlled-lexicon-composition v1 (no free machine translation),مصطلح غير مغطّى بالمعجم
06281007063050,almarai Mozzarella Cheese 15days,Almarai,المراعي,المراعي موزاريلا جبن,GCC,unknown,30,REVIEW_UNKNOWN_TERMS,LOW,days,openfoodfacts,https://world.openfoodfacts.org/product/6281007063050,controlled-lexicon-composition v1 (no free machine translation),مصطلح غير مغطّى بالمعجم
06281007070577,Al marai marvello cheese herbs 200g,Almarai,المراعي,المراعي جبن أعشاب,SA,unknown,30,REVIEW_UNKNOWN_TERMS,LOW,al;marai;marvello,openfoodfacts,https://world.openfoodfacts.org/product/6281007070577,controlled-lexicon-composition v1 (no free machine translation),مصطلح غير مغطّى بالمعجم
06281022174014,Dunkin latte original,Dunkin,,لاتيه أصلي,SA,unknown,300,REVIEW_BRAND_UNMAPPED,LOW,,openfoodfacts,https://world.openfoodfacts.org/product/6281022174014,controlled-lexicon-composition v1 (no free machine translation),علامة بلا مقابل عربي متحقَّق
06281034900601,Barbican Malt Beverage (Not Alcoholic),Barbican,باربيكان,باربيكان شعير مشروب,SA,Beverages,,REVIEW_UNKNOWN_TERMS,LOW,not;alcoholic,openfoodfacts,https://world.openfoodfacts.org/product/6281034900601,controlled-lexicon-composition v1 (no free machine translation),مصطلح غير مغطّى بالمعجم
06281036005625,Lay’s maxx italian style cheese,,,ستايل جبن,SA,unknown,,REVIEW_UNKNOWN_TERMS,LOW,lay;maxx;italian,openfoodfacts,https://world.openfoodfacts.org/product/6281036005625,controlled-lexicon-composition v1 (no free machine translation),مصطلح غير مغطّى بالمعجم
06281041000097,Pistachio Halawa Spread,Halawani Bros,,فستق حلاوة سبريد,SA,unknown,20,REVIEW_BRAND_UNMAPPED,LOW,,openfoodfacts,https://world.openfoodfacts.org/product/6281041000097,controlled-lexicon-composition v1 (no free machine translation),علامة بلا مقابل عربي متحقَّق
06281051003071,Dari Blueberry,Dari,,توت أزرق,SA,unknown,100,REVIEW_BRAND_UNMAPPED,LOW,,openfoodfacts,https://world.openfoodfacts.org/product/6281051003071,controlled-lexicon-composition v1 (no free machine translation),علامة بلا مقابل عربي متحقَّق
06281058167745,Fifa frooty soft drink,,,طري شراب,SA,Beverages,,REVIEW_UNKNOWN_TERMS,LOW,fifa;frooty,openfoodfacts,https://world.openfoodfacts.org/product/6281058167745,controlled-lexicon-composition v1 (no free machine translation),مصطلح غير مغطّى بالمعجم
06281060780024,Lemon & Mint Drink,Ceasar,,ليمون نعناع شراب,SA,unknown,250,REVIEW_BRAND_UNMAPPED,LOW,,openfoodfacts,https://world.openfoodfacts.org/product/6281060780024,controlled-lexicon-composition v1 (no free machine translation),علامة بلا مقابل عربي متحقَّق
06281063100133,Peep chickpeas,,,حمص,SA,unknown,,REVIEW_UNKNOWN_TERMS,LOW,peep,openfoodfacts,https://world.openfoodfacts.org/product/6281063100133,controlled-lexicon-composition v1 (no free machine translation),مصطلح غير مغطّى بالمعجم
06281063100140,Peep chickpeas,,,حمص,SA,unknown,130,REVIEW_UNKNOWN_TERMS,LOW,peep,openfoodfacts,https://world.openfoodfacts.org/product/6281063100140,controlled-lexicon-composition v1 (no free machine translation),مصطلح غير مغطّى بالمعجم
06281063883654,Pasta Sauce - Classic Italian,Freshly,فريشلي,فريشلي معكرونة صلصة كلاسيك,SA,unknown,120,REVIEW_UNKNOWN_TERMS,LOW,italian,openfoodfacts,https://world.openfoodfacts.org/product/6281063883654,controlled-lexicon-composition v1 (no free machine translation),مصطلح غير مغطّى بالمعجم
06281099066137,Chocolate Sauce,Haley,,شوكولاتة صلصة,SA,unknown,19,REVIEW_BRAND_UNMAPPED,LOW,,openfoodfacts,https://world.openfoodfacts.org/product/6281099066137,controlled-lexicon-composition v1 (no free machine translation),علامة بلا مقابل عربي متحقَّق
06281100303442,Sporty mix,,,مشكل,SA,unknown,,REVIEW_UNKNOWN_TERMS,LOW,sporty,openfoodfacts,https://world.openfoodfacts.org/product/6281100303442,controlled-lexicon-composition v1 (no free machine translation),مصطلح غير مغطّى بالمعجم
06281100362043,whole wheat sliced bread,Yaumi,,قمح شرائح خبز,SA,unknown,,REVIEW_UNKNOWN_TERMS,LOW,whole,openfoodfacts,https://world.openfoodfacts.org/product/6281100362043,controlled-lexicon-composition v1 (no free machine translation),مصطلح غير مغطّى بالمعجم
06281100850700,Cheese Puffs,Pufak,,جبن نفخات,SA,unknown,20,REVIEW_BRAND_UNMAPPED,LOW,,openfoodfacts,https://world.openfoodfacts.org/product/6281100850700,controlled-lexicon-composition v1 (no free machine translation),علامة بلا مقابل عربي متحقَّق
06281103690013,Becola,,,,SA,unknown,,REVIEW_UNKNOWN_TERMS,LOW,becola,openfoodfacts,https://world.openfoodfacts.org/product/6281103690013,controlled-lexicon-composition v1 (no free machine translation),مصطلح غير مغطّى بالمعجم
06281105500372,Vanilla ice cream,Alamal,,آيس كريم فانيلا,SA,unknown,50,REVIEW_BRAND_UNMAPPED,LOW,,openfoodfacts,https://world.openfoodfacts.org/product/6281105500372,controlled-lexicon-composition v1 (no free machine translation),علامة بلا مقابل عربي متحقَّق
06285572001264,Rita lemon and mint sparkling drink,Rita,,ليمون نعناع فوّار شراب,SA,unknown,,REVIEW_BRAND_UNMAPPED,LOW,,openfoodfacts,https://world.openfoodfacts.org/product/6285572001264,controlled-lexicon-composition v1 (no free machine translation),علامة بلا مقابل عربي متحقَّق
06286783491004,Yam Vermicelli,LTC,,شعيرية,SA,unknown,100,REVIEW_UNKNOWN_TERMS,LOW,yam,openfoodfacts,https://world.openfoodfacts.org/product/6286783491004,controlled-lexicon-composition v1 (no free machine translation),مصطلح غير مغطّى بالمعجم
06287042130795,Tachini halawa plain 500gm Victoria,,,حلاوة سادة,SA,Baking-ingredients,,REVIEW_UNKNOWN_TERMS,LOW,tachini;victoria,openfoodfacts,https://world.openfoodfacts.org/product/6287042130795,controlled-lexicon-composition v1 (no free machine translation),مصطلح غير مغطّى بالمعجم
06291003032080,Crembi,Piccadeli,,,GCC,unknown,32.2,REVIEW_UNKNOWN_TERMS,LOW,crembi,openfoodfacts,https://world.openfoodfacts.org/product/6291003032080,controlled-lexicon-composition v1 (no free machine translation),مصطلح غير مغطّى بالمعجم
06291003204999,Tiffany Big Break Wafer,Tiffany,تيفاني,تيفاني ويفر,GCC,unknown,,REVIEW_UNKNOWN_TERMS,LOW,big;break,openfoodfacts,https://world.openfoodfacts.org/product/6291003204999,controlled-lexicon-composition v1 (no free machine translation),مصطلح غير مغطّى بالمعجم
06291007906493,Nice Biscuit,Britannia,بريتانيا,بريتانيا بسكويت,GCC,unknown,34,REVIEW_UNKNOWN_TERMS,LOW,nice,openfoodfacts,https://world.openfoodfacts.org/product/6291007906493,controlled-lexicon-composition v1 (no free machine translation),مصطلح غير مغطّى بالمعجم
06291009123805,Organic Honey,Diamond,,عضوي عسل,GCC,unknown,100,REVIEW_BRAND_UNMAPPED,LOW,,openfoodfacts,https://world.openfoodfacts.org/product/6291009123805,controlled-lexicon-composition v1 (no free machine translation),علامة بلا مقابل عربي متحقَّق
06291014116632,Coconut chocolate,TAMRAH,,جوز الهند شوكولاتة,GCC,Bonbons,15,REVIEW_BRAND_UNMAPPED,LOW,,openfoodfacts,https://world.openfoodfacts.org/product/6291014116632,controlled-lexicon-composition v1 (no free machine translation),علامة بلا مقابل عربي متحقَّق
06291016111024,Lacnor Juice Cocktail,Lacnor,,عصير كوكتيل,GCC,unknown,,REVIEW_BRAND_UNMAPPED,LOW,,openfoodfacts,https://world.openfoodfacts.org/product/6291016111024,controlled-lexicon-composition v1 (no free machine translation),علامة بلا مقابل عربي متحقَّق
06291100880577,Luxury chocolate date,,,شوكولاتة تمر,GCC,unknown,,REVIEW_UNKNOWN_TERMS,LOW,luxury,openfoodfacts,https://world.openfoodfacts.org/product/6291100880577,controlled-lexicon-composition v1 (no free machine translation),مصطلح غير مغطّى بالمعجم
06291100983629,Faritas,,,,GCC,unknown,,REVIEW_UNKNOWN_TERMS,LOW,faritas,openfoodfacts,https://world.openfoodfacts.org/product/6291100983629,controlled-lexicon-composition v1 (no free machine translation),مصطلح غير مغطّى بالمعجم
06291102149481,Chicken Dippers,Freshly Foods,فريشلي,فريشلي دجاج,GCC,unknown,,REVIEW_UNKNOWN_TERMS,LOW,dippers,openfoodfacts,https://world.openfoodfacts.org/product/6291102149481,controlled-lexicon-composition v1 (no free machine translation),مصطلح غير مغطّى بالمعجم
06291104287297,Maple syrup,Organic Larder,أورجانيك لاردر,أورجانيك لاردر شراب,SA,Maple syrups,,REVIEW_UNKNOWN_TERMS,LOW,maple,openfoodfacts,https://world.openfoodfacts.org/product/6291104287297,controlled-lexicon-composition v1 (no free machine translation),مصطلح غير مغطّى بالمعجم
06291104291669,Gluten Free Psyllium Husk,Organic Larder,أورجانيك لاردر,أورجانيك لاردر خالي الجلوتين,GCC,unknown,5,REVIEW_UNKNOWN_TERMS,LOW,psyllium;husk,openfoodfacts,https://world.openfoodfacts.org/product/6291104291669,controlled-lexicon-composition v1 (no free machine translation),مصطلح غير مغطّى بالمعجم
06291105691581,Pancake mix with whole grain,Betty Crocker,,حبوب كاملة بان كيك مشكل,SA,unknown,100,REVIEW_BRAND_UNMAPPED,LOW,,openfoodfacts,https://world.openfoodfacts.org/product/6291105691581,controlled-lexicon-composition v1 (no free machine translation),علامة بلا مقابل عربي متحقَّق
06293839334116,Beurre moulé doux,,دو,دو,GCC,Unsalted butters,,REVIEW_UNKNOWN_TERMS,LOW,beurre;moul,openfoodfacts,https://world.openfoodfacts.org/product/6293839334116,controlled-lexicon-composition v1 (no free machine translation),مصطلح غير مغطّى بالمعجم
06294003571030,Kit kat you,Nestlé,نستله,نستله,GCC,Wafers,,REVIEW_UNKNOWN_TERMS,LOW,kit;kat;you,openfoodfacts,https://world.openfoodfacts.org/product/6294003571030,controlled-lexicon-composition v1 (no free machine translation),مصطلح غير مغطّى بالمعجم
06294004130649,Mixed Nuts,Emirates By Al Douri,,مشكل مكسرات,GCC,unknown,28,REVIEW_BRAND_UNMAPPED,LOW,,openfoodfacts,https://world.openfoodfacts.org/product/6294004130649,controlled-lexicon-composition v1 (no free machine translation),علامة بلا مقابل عربي متحقَّق
06294007300568,First and Finest camel Milk chocolatr,,,إبل حليب,GCC,unknown,,REVIEW_UNKNOWN_TERMS,LOW,first;finest;chocolatr,openfoodfacts,https://world.openfoodfacts.org/product/6294007300568,controlled-lexicon-composition v1 (no free machine translation),مصطلح غير مغطّى بالمعجم
06297000185347,Finest Arabian sweets,,,عربي,GCC,unknown,,REVIEW_UNKNOWN_TERMS,LOW,finest;sweets,openfoodfacts,https://world.openfoodfacts.org/product/6297000185347,controlled-lexicon-composition v1 (no free machine translation),مصطلح غير مغطّى بالمعجم
06297000778785,Balade farms labneh ball baraka seeds,,مزارع بلدي,مزارع بلدي لبنة بذور,SA,unknown,,REVIEW_UNKNOWN_TERMS,LOW,ball;baraka,openfoodfacts,https://world.openfoodfacts.org/product/6297000778785,controlled-lexicon-composition v1 (no free machine translation),مصطلح غير مغطّى بالمعجم
06298042390911,Milk Based Fortified Nutritious Formula,Fresh Way,,حليب مدعّم,GCC,unknown,100,REVIEW_UNKNOWN_TERMS,LOW,based;nutritious;formula,openfoodfacts,https://world.openfoodfacts.org/product/6298042390911,controlled-lexicon-composition v1 (no free machine translation),مصطلح غير مغطّى بالمعجم
06299200007108,Sliced Turkey Salami Style,D’pollo,,شرائح ديك رومي سلامي ستايل,GCC,unknown,,REVIEW_BRAND_UNMAPPED,LOW,,openfoodfacts,https://world.openfoodfacts.org/product/6299200007108,controlled-lexicon-composition v1 (no free machine translation),علامة بلا مقابل عربي متحقَّق
06300900011286,Potato Twist,Doha Pafkj,,بطاطس,GCC,unknown,18,REVIEW_UNKNOWN_TERMS,LOW,twist,openfoodfacts,https://world.openfoodfacts.org/product/6300900011286,controlled-lexicon-composition v1 (no free machine translation),مصطلح غير مغطّى بالمعجم
07753121004091,Panquita,,,,GCC,unknown,,REVIEW_UNKNOWN_TERMS,LOW,panquita,openfoodfacts,https://world.openfoodfacts.org/product/7753121004091,controlled-lexicon-composition v1 (no free machine translation),مصطلح غير مغطّى بالمعجم
07891515600358,Chicken Shish Tawouk,Sadia,ساديا,ساديا دجاج,GCC,Frozen chicken skewers,100,REVIEW_UNKNOWN_TERMS,LOW,shish;tawouk,openfoodfacts,https://world.openfoodfacts.org/product/7891515600358,controlled-lexicon-composition v1 (no free machine translation),مصطلح غير مغطّى بالمعجم
08000500253687,Kinder bueno mini,Kinder,كيندر,كيندر ميني,GCC,Chocolate nuts cookie bars,5.4,REVIEW_UNKNOWN_TERMS,LOW,bueno,openfoodfacts,https://world.openfoodfacts.org/product/8000500253687,controlled-lexicon-composition v1 (no free machine translation),مصطلح غير مغطّى بالمعجم
08056093340549,Sugar Free White Chocolate Callets,Cremino,,خالي السكر أبيض شوكولاتة,GCC,unknown,100,REVIEW_UNKNOWN_TERMS,LOW,callets,openfoodfacts,https://world.openfoodfacts.org/product/8056093340549,controlled-lexicon-composition v1 (no free machine translation),مصطلح غير مغطّى بالمعجم
08410076610690,Nature valley protein salted caramel nut,,,طبيعي بروتين مملّح كراميل,GCC,Protein bars,40,REVIEW_UNKNOWN_TERMS,LOW,valley;nut,openfoodfacts,https://world.openfoodfacts.org/product/8410076610690,controlled-lexicon-composition v1 (no free machine translation),مصطلح غير مغطّى بالمعجم
08437024935407,Rahma extra virgin olive oil garlic flavored,,,زيت زيتون إكسترا ثوم بنكهة,SA,Oil-spray,,REVIEW_UNKNOWN_TERMS,LOW,rahma;virgin,openfoodfacts,https://world.openfoodfacts.org/product/8437024935407,controlled-lexicon-composition v1 (no free machine translation),مصطلح غير مغطّى بالمعجم
08857122559655,Tom Yam imp,Desiam,,,GCC,unknown,,REVIEW_UNKNOWN_TERMS,LOW,tom;yam;imp,openfoodfacts,https://world.openfoodfacts.org/product/8857122559655,controlled-lexicon-composition v1 (no free machine translation),مصطلح غير مغطّى بالمعجم
08996001320839,Cukierek kawowy,Kopiko,,,SA,Candies,4,REVIEW_UNKNOWN_TERMS,LOW,cukierek;kawowy,openfoodfacts,https://world.openfoodfacts.org/product/8996001320839,controlled-lexicon-composition v1 (no free machine translation),مصطلح غير مغطّى بالمعجم
09311493001087,Ginger Bev imp,Bundaberg,,زنجبيل,GCC,Alcohol-free-ginger-drink,375,REVIEW_UNKNOWN_TERMS,LOW,bev;imp,openfoodfacts,https://world.openfoodfacts.org/product/9311493001087,controlled-lexicon-composition v1 (no free machine translation),مصطلح غير مغطّى بالمعجم
09311914800022,Milk chocolate,Well naturally,,حليب شوكولاتة,GCC,Milk chocolates with sweeteners,,REVIEW_BRAND_UNMAPPED,LOW,,openfoodfacts,https://world.openfoodfacts.org/product/9311914800022,controlled-lexicon-composition v1 (no free machine translation),علامة بلا مقابل عربي متحقَّق
09347043002570,Maxibon Original Vanilla,Peters,,أصلي فانيلا,GCC,unknown,94,REVIEW_UNKNOWN_TERMS,LOW,maxibon,openfoodfacts,https://world.openfoodfacts.org/product/9347043002570,controlled-lexicon-composition v1 (no free machine translation),مصطلح غير مغطّى بالمعجم
00098000010662,Lipton mango tango ice tea zero sugar,,ليبتون,ليبتون مانجو مثلج شاي زيرو سكر,SA,Beverages,,REVIEW_UNKNOWN_TERMS,LOW,tango,openfoodfacts,https://world.openfoodfacts.org/product/0098000010662,controlled-lexicon-composition v1 (no free machine translation),مصطلح غير مغطّى بالمعجم
00617950701392,Alalali baby corn cobs,,العلالي,العلالي ذرة,GCC,unknown,,REVIEW_UNKNOWN_TERMS,LOW,baby;cobs,openfoodfacts,https://world.openfoodfacts.org/product/0617950701392,controlled-lexicon-composition v1 (no free machine translation),مصطلح غير مغطّى بالمعجم
00628069900187,Garlic Sauce,Adonis,,ثوم صلصة,SA,unknown,30,REVIEW_BRAND_UNMAPPED,LOW,,openfoodfacts,https://world.openfoodfacts.org/product/0628069900187,controlled-lexicon-composition v1 (no free machine translation),علامة بلا مقابل عربي متحقَّق
00628678440425,Roasted Edamame Salt & Vinegar,go! beanz,,محمّص ملح خل,SA,unknown,26,REVIEW_UNKNOWN_TERMS,LOW,edamame,openfoodfacts,https://world.openfoodfacts.org/product/0628678440425,controlled-lexicon-composition v1 (no free machine translation),مصطلح غير مغطّى بالمعجم
00628678617544,Rainbow Hoops,Farm Girl,,,SA,Breakfast cereals,28,REVIEW_UNKNOWN_TERMS,LOW,rainbow;hoops,openfoodfacts,https://world.openfoodfacts.org/product/0628678617544,controlled-lexicon-composition v1 (no free machine translation),مصطلح غير مغطّى بالمعجم
00628693634052,FIRE ROASTED VEGETABLE MÉLANGE,PURA VIDA,,محمّص خضار,SA,Frozen mixed vegetables,85,REVIEW_UNKNOWN_TERMS,LOW,fire;lange,openfoodfacts,https://world.openfoodfacts.org/product/0628693634052,controlled-lexicon-composition v1 (no free machine translation),مصطلح غير مغطّى بالمعجم
00628915825695,Lanières de poitrine de poulet au barbecue sucré,Great Value,جريت فاليو,جريت فاليو,SA,unknown,100,REVIEW_UNKNOWN_TERMS,LOW,lani;res;poitrine;poulet;au;barbecue;sucr,openfoodfacts,https://world.openfoodfacts.org/product/0628915825695,controlled-lexicon-composition v1 (no free machine translation),مصطلح غير مغطّى بالمعجم
00705016353170,ISO100 HYDROLYZED PROTEIN POWDER 100% WHEY PROTEIN ISOLATE STRAWBERRY,Dymatize,,بروتين بودرة واي بروتين آيزوليت فراولة,GCC,Suplementos-para-deportistas,30,REVIEW_UNKNOWN_TERMS,LOW,iso;hydrolyzed,openfoodfacts,https://world.openfoodfacts.org/product/0705016353170,controlled-lexicon-composition v1 (no free machine translation),مصطلح غير مغطّى بالمعجم
00710497668408,mushroom pizza,soom pizza,,فطر بيتزا,GCC,unknown,200,REVIEW_BRAND_UNMAPPED,LOW,,openfoodfacts,https://world.openfoodfacts.org/product/0710497668408,controlled-lexicon-composition v1 (no free machine translation),علامة بلا مقابل عربي متحقَّق
00717273501232,Dark Red Kidney Beans,American Garden,,داكن أحمر حمراء فاصوليا,GCC,unknown,130,REVIEW_BRAND_UNMAPPED,LOW,,openfoodfacts,https://world.openfoodfacts.org/product/0717273501232,controlled-lexicon-composition v1 (no free machine translation),علامة بلا مقابل عربي متحقَّق
00769493104366,Energy Chews,Gu,,طاقة,GCC,Energy bars,30,REVIEW_UNKNOWN_TERMS,LOW,chews,openfoodfacts,https://world.openfoodfacts.org/product/0769493104366,controlled-lexicon-composition v1 (no free machine translation),مصطلح غير مغطّى بالمعجم
03350030193553,Raclette en tranches,Monoprix,مونوبري,مونوبري,GCC,unknown,,REVIEW_UNKNOWN_TERMS,LOW,raclette;en;tranches,openfoodfacts,https://world.openfoodfacts.org/product/3350030193553,controlled-lexicon-composition v1 (no free machine translation),مصطلح غير مغطّى بالمعجم
04210110802180,Camel Burger,Oz,,إبل برجر,GCC,unknown,75,REVIEW_BRAND_UNMAPPED,LOW,,openfoodfacts,https://world.openfoodfacts.org/product/4210110802180,controlled-lexicon-composition v1 (no free machine translation),علامة بلا مقابل عربي متحقَّق
04771085203971,Wheat Flour,Auga,,قمح دقيق,GCC,Wheat flours,,REVIEW_BRAND_UNMAPPED,LOW,,openfoodfacts,https://world.openfoodfacts.org/product/4771085203971,controlled-lexicon-composition v1 (no free machine translation),علامة بلا مقابل عربي متحقَّق
04771085204107,Rye Flour,Auga,,دقيق,GCC,Rye flours,,REVIEW_UNKNOWN_TERMS,LOW,rye,openfoodfacts,https://world.openfoodfacts.org/product/4771085204107,controlled-lexicon-composition v1 (no free machine translation),مصطلح غير مغطّى بالمعجم
05000157062635,Minestrone Soup,Heinz,هاينز,هاينز شوربة,GCC,Dehydrated-and-reconstituted-minestrone-soup,200,REVIEW_UNKNOWN_TERMS,LOW,minestrone,openfoodfacts,https://world.openfoodfacts.org/product/5000157062635,controlled-lexicon-composition v1 (no free machine translation),مصطلح غير مغطّى بالمعجم
05059883301068,IMPACT WHEY ISOLATE (NATURAL VANILLA),MYPROTEIN,ماي بروتين,ماي بروتين واي آيزوليت طبيعي فانيلا,SA,unknown,25,REVIEW_UNKNOWN_TERMS,LOW,impact,openfoodfacts,https://world.openfoodfacts.org/product/5059883301068,controlled-lexicon-composition v1 (no free machine translation),مصطلح غير مغطّى بالمعجم
05060107337237,real Size from months crispy + nger food kitchen s,Ella's kitchen,,مقرمش,GCC,Puffs,,REVIEW_UNKNOWN_TERMS,LOW,real;size;months;nger;food;kitchen,openfoodfacts,https://world.openfoodfacts.org/product/5060107337237,controlled-lexicon-composition v1 (no free machine translation),مصطلح غير مغطّى بالمعجم
05285008740072,Innocent sweets vanilla berry granola,,,فانيلا توت جرانولا,SA,unknown,,REVIEW_UNKNOWN_TERMS,LOW,innocent;sweets,openfoodfacts,https://world.openfoodfacts.org/product/5285008740072,controlled-lexicon-composition v1 (no free machine translation),مصطلح غير مغطّى بالمعجم
05900020030962,Nestle country country corn flakes,,كورن فليكس,كورن فليكس,SA,Corn flakes,,REVIEW_UNKNOWN_TERMS,LOW,country;country,openfoodfacts,https://world.openfoodfacts.org/product/5900020030962,controlled-lexicon-composition v1 (no free machine translation),مصطلح غير مغطّى بالمعجم
05998207937289,Grill cheese,Saphir,,جبن,GCC,unknown,100,REVIEW_UNKNOWN_TERMS,LOW,grill,openfoodfacts,https://world.openfoodfacts.org/product/5998207937289,controlled-lexicon-composition v1 (no free machine translation),مصطلح غير مغطّى بالمعجم
06223001751007,French fries,American quality,,فرنسي بطاطس مقلية,GCC,unknown,100,REVIEW_BRAND_UNMAPPED,LOW,,openfoodfacts,https://world.openfoodfacts.org/product/6223001751007,controlled-lexicon-composition v1 (no free machine translation),علامة بلا مقابل عربي متحقَّق
06271003052394,MACARONI mahdi,KUWAIT FLOUR MILLS & BAKERIES CO.,,مكرونة,GCC,unknown,,REVIEW_UNKNOWN_TERMS,LOW,mahdi,openfoodfacts,https://world.openfoodfacts.org/product/6271003052394,controlled-lexicon-composition v1 (no free machine translation),مصطلح غير مغطّى بالمعجم
06271026201175,Chapati,Sara Cake,,,GCC,unknown,450,REVIEW_UNKNOWN_TERMS,LOW,chapati,openfoodfacts,https://world.openfoodfacts.org/product/6271026201175,controlled-lexicon-composition v1 (no free machine translation),مصطلح غير مغطّى بالمعجم
06281006703858,Lipton Clear Green Tea,Lipton,ليبتون,ليبتون أخضر شاي,SA,Green teas,,REVIEW_UNKNOWN_TERMS,LOW,clear,openfoodfacts,https://world.openfoodfacts.org/product/6281006703858,controlled-lexicon-composition v1 (no free machine translation),مصطلح غير مغطّى بالمعجم
06281007025836,Almarai cheddar taste spreadable cheddar cheese analogue,Almarai,المراعي,المراعي جبن شيدر شيدر نكهة قابل للدهن,GCC,unknown,,REVIEW_UNKNOWN_TERMS,LOW,analogue,openfoodfacts,https://world.openfoodfacts.org/product/6281007025836,controlled-lexicon-composition v1 (no free machine translation),مصطلح غير مغطّى بالمعجم
06281007041751,Al Marai Grape Premium Juice 1.5 L,Almarai,المراعي,المراعي عنب فاخر عصير,SA,Beverages,,REVIEW_UNKNOWN_TERMS,LOW,al;marai,openfoodfacts,https://world.openfoodfacts.org/product/6281007041751,controlled-lexicon-composition v1 (no free machine translation),مصطلح غير مغطّى بالمعجم
06281007058001,al marai cheddar cheese block,cheese block,,شيدر,SA,unknown,30,REVIEW_UNKNOWN_TERMS,LOW,al;marai,openfoodfacts,https://world.openfoodfacts.org/product/6281007058001,controlled-lexicon-composition v1 (no free machine translation),مصطلح غير مغطّى بالمعجم
06281011216435,Afia tender bite light tuna in sunflower oil,,عافية,عافية زيت دوار الشمس لايت تونة,SA,Tunas,,REVIEW_UNKNOWN_TERMS,LOW,tender;bite,openfoodfacts,https://world.openfoodfacts.org/product/6281011216435,controlled-lexicon-composition v1 (no free machine translation),مصطلح غير مغطّى بالمعجم
06281014004039,Libbys tomatoes chopped,,,طماطم,SA,Cans-food,,REVIEW_UNKNOWN_TERMS,LOW,libbys;chopped,openfoodfacts,https://world.openfoodfacts.org/product/6281014004039,controlled-lexicon-composition v1 (no free machine translation),مصطلح غير مغطّى بالمعجم
06281022174038,Dunkin cappuccino,,,كابتشينو,SA,Cappuccino,,REVIEW_UNKNOWN_TERMS,LOW,dunkin,openfoodfacts,https://world.openfoodfacts.org/product/6281022174038,controlled-lexicon-composition v1 (no free machine translation),مصطلح غير مغطّى بالمعجم
06281036028259,CRISPZ KETCHUP,Lay's,ليز,ليز كاتشب,SA,unknown,,REVIEW_UNKNOWN_TERMS,LOW,crispz,openfoodfacts,https://world.openfoodfacts.org/product/6281036028259,controlled-lexicon-composition v1 (no free machine translation),مصطلح غير مغطّى بالمعجم
06281036197108,Lay’s forno black pepper,,,فلفل أسود,SA,Potato crisps,,REVIEW_UNKNOWN_TERMS,LOW,lay;forno,openfoodfacts,https://world.openfoodfacts.org/product/6281036197108,controlled-lexicon-composition v1 (no free machine translation),مصطلح غير مغطّى بالمعجم
06281055057087,Hanaa whole peeled tomatoes in tomato juice,,,طماطم طماطم عصير,SA,Whole-peeled-tomatoes,100,REVIEW_UNKNOWN_TERMS,LOW,hanaa;whole;peeled,openfoodfacts,https://world.openfoodfacts.org/product/6281055057087,controlled-lexicon-composition v1 (no free machine translation),مصطلح غير مغطّى بالمعجم
06281060781960,Bison energy drink berry flavor,,,طاقة شراب توت نكهة,SA,Energy drinks,,REVIEW_UNKNOWN_TERMS,LOW,bison,openfoodfacts,https://world.openfoodfacts.org/product/6281060781960,controlled-lexicon-composition v1 (no free machine translation),مصطلح غير مغطّى بالمعجم
06281063018391,Peep sweet kernel corn,,,حلو حبّ ذرة,SA,unknown,,REVIEW_UNKNOWN_TERMS,LOW,peep,openfoodfacts,https://world.openfoodfacts.org/product/6281063018391,controlled-lexicon-composition v1 (no free machine translation),مصطلح غير مغطّى بالمعجم
06281063222255,Peanut butter creamy,orient gardens,,زبدة فول سوداني كريمي,SA,unknown,32,REVIEW_BRAND_UNMAPPED,LOW,,openfoodfacts,https://world.openfoodfacts.org/product/6281063222255,controlled-lexicon-composition v1 (no free machine translation),علامة بلا مقابل عربي متحقَّق
06281063450450,Freshly lupin beans,,فريشلي,فريشلي فاصوليا,SA,Canned foods,,REVIEW_UNKNOWN_TERMS,LOW,lupin,openfoodfacts,https://world.openfoodfacts.org/product/6281063450450,controlled-lexicon-composition v1 (no free machine translation),مصطلح غير مغطّى بالمعجم
06281063632023,Freshly young baby corn,,فريشلي,فريشلي ذرة,SA,unknown,,REVIEW_UNKNOWN_TERMS,LOW,young;baby,openfoodfacts,https://world.openfoodfacts.org/product/6281063632023,controlled-lexicon-composition v1 (no free machine translation),مصطلح غير مغطّى بالمعجم
06281073120787,Pizza Crust,Sunbulah,سنبلة,سنبلة بيتزا,SA,unknown,,REVIEW_UNKNOWN_TERMS,LOW,crust,openfoodfacts,https://world.openfoodfacts.org/product/6281073120787,controlled-lexicon-composition v1 (no free machine translation),مصطلح غير مغطّى بالمعجم
06281073900198,Chicken Premier Thin Crust Pizza,Sunbulah,سنبلة,سنبلة دجاج بيتزا,GCC,unknown,100,REVIEW_UNKNOWN_TERMS,LOW,premier;thin;crust,openfoodfacts,https://world.openfoodfacts.org/product/6281073900198,controlled-lexicon-composition v1 (no free machine translation),مصطلح غير مغطّى بالمعجم
06281073901270,Puff Pastry Sheet,Sunbulah,سنبلة,سنبلة معجنات,GCC,unknown,40,REVIEW_UNKNOWN_TERMS,LOW,puff;sheet,openfoodfacts,https://world.openfoodfacts.org/product/6281073901270,controlled-lexicon-composition v1 (no free machine translation),مصطلح غير مغطّى بالمعجم
06281100084013,CHEESE PUFF,lusine,,جبن,GCC,Cheese in puff pastry,70,REVIEW_UNKNOWN_TERMS,LOW,puff,openfoodfacts,https://world.openfoodfacts.org/product/6281100084013,controlled-lexicon-composition v1 (no free machine translation),مصطلح غير مغطّى بالمعجم
06281106251150,Dattes,Arjoon,,تمر,SA,unknown,,REVIEW_BRAND_UNMAPPED,LOW,,openfoodfacts,https://world.openfoodfacts.org/product/6281106251150,controlled-lexicon-composition v1 (no free machine translation),علامة بلا مقابل عربي متحقَّق
06285349001510,Dattes khudry,,,تمر,SA,unknown,,REVIEW_UNKNOWN_TERMS,LOW,khudry,openfoodfacts,https://world.openfoodfacts.org/product/6285349001510,controlled-lexicon-composition v1 (no free machine translation),مصطلح غير مغطّى بالمعجم
06286783491585,Mild Chili Snack Chip,LTC,,خفيف شطة سناك,SA,unknown,42,REVIEW_UNKNOWN_TERMS,LOW,chip,openfoodfacts,https://world.openfoodfacts.org/product/6286783491585,controlled-lexicon-composition v1 (no free machine translation),مصطلح غير مغطّى بالمعجم
06287003900825,khudri dates,zadana,,تمر,SA,Pflanzliche-lebensmittel-und-getranke,,REVIEW_UNKNOWN_TERMS,LOW,khudri,openfoodfacts,https://world.openfoodfacts.org/product/6287003900825,controlled-lexicon-composition v1 (no free machine translation),مصطلح غير مغطّى بالمعجم
06287005470890,Khodri,Khondri,,,SA,Dates,,REVIEW_UNKNOWN_TERMS,LOW,khodri,openfoodfacts,https://world.openfoodfacts.org/product/6287005470890,controlled-lexicon-composition v1 (no free machine translation),مصطلح غير مغطّى بالمعجم
06287007990396,Dattes Sukari Premium Deluxe,,,تمر فاخر,SA,Dates,,REVIEW_UNKNOWN_TERMS,LOW,sukari;deluxe,openfoodfacts,https://world.openfoodfacts.org/product/6287007990396,controlled-lexicon-composition v1 (no free machine translation),مصطلح غير مغطّى بالمعجم
06287015184435,Shabura Cake,Hadhim,,كيك,SA,unknown,100,REVIEW_UNKNOWN_TERMS,LOW,shabura,openfoodfacts,https://world.openfoodfacts.org/product/6287015184435,controlled-lexicon-composition v1 (no free machine translation),مصطلح غير مغطّى بالمعجم
06287015950597,Szechuan Garlic Noodle,,,ثوم,SA,unknown,,REVIEW_UNKNOWN_TERMS,LOW,szechuan;noodle,openfoodfacts,https://world.openfoodfacts.org/product/6287015950597,controlled-lexicon-composition v1 (no free machine translation),مصطلح غير مغطّى بالمعجم
06289423572088,Kimchi,Sauce Lab,,,SA,unknown,28,REVIEW_UNKNOWN_TERMS,LOW,kimchi,openfoodfacts,https://world.openfoodfacts.org/product/6289423572088,controlled-lexicon-composition v1 (no free machine translation),مصطلح غير مغطّى بالمعجم
06290090013583,Chilly mayonnaise,Heinz,هاينز,هاينز مايونيز,GCC,Groceries,,REVIEW_UNKNOWN_TERMS,LOW,chilly,openfoodfacts,https://world.openfoodfacts.org/product/6290090013583,controlled-lexicon-composition v1 (no free machine translation),مصطلح غير مغطّى بالمعجم
06291003086892,Eclairs milk cream,Tiffany,تيفاني,تيفاني حليب قشطة,GCC,Eclairs,,REVIEW_UNKNOWN_TERMS,LOW,eclairs,openfoodfacts,https://world.openfoodfacts.org/product/6291003086892,controlled-lexicon-composition v1 (no free machine translation),مصطلح غير مغطّى بالمعجم
06291007907575,Good Day,Britannia,بريتانيا,بريتانيا,GCC,unknown,,REVIEW_UNKNOWN_TERMS,LOW,good;day,openfoodfacts,https://world.openfoodfacts.org/product/6291007907575,controlled-lexicon-composition v1 (no free machine translation),مصطلح غير مغطّى بالمعجم
06291010903403,Mixed fruit drink,Star,,مشكل فواكه شراب,GCC,Plant-based beverages,250,REVIEW_BRAND_UNMAPPED,LOW,,openfoodfacts,https://world.openfoodfacts.org/product/6291010903403,controlled-lexicon-composition v1 (no free machine translation),علامة بلا مقابل عربي متحقَّق
06291011003942,Chili pepper chips,XL,,شطة فلفل شيبس,GCC,unknown,10,REVIEW_BRAND_UNMAPPED,LOW,,openfoodfacts,https://world.openfoodfacts.org/product/6291011003942,controlled-lexicon-composition v1 (no free machine translation),علامة بلا مقابل عربي متحقَّق
06291011055774,Arabian delights,Assorted,,عربي,GCC,Cakes,,REVIEW_UNKNOWN_TERMS,LOW,delights,openfoodfacts,https://world.openfoodfacts.org/product/6291011055774,controlled-lexicon-composition v1 (no free machine translation),مصطلح غير مغطّى بالمعجم
06291023143124,Gold valley,,,,GCC,unknown,,REVIEW_UNKNOWN_TERMS,LOW,gold;valley,openfoodfacts,https://world.openfoodfacts.org/product/6291023143124,controlled-lexicon-composition v1 (no free machine translation),مصطلح غير مغطّى بالمعجم
06291028100016,Pofaki emirates,Emirates Pofaki,,,GCC,unknown,12,REVIEW_UNKNOWN_TERMS,LOW,pofaki;emirates,openfoodfacts,https://world.openfoodfacts.org/product/6291028100016,controlled-lexicon-composition v1 (no free machine translation),مصطلح غير مغطّى بالمعجم
06291103750327,MDH Sambar Masala,,,ماسالا,GCC,unknown,,REVIEW_UNKNOWN_TERMS,LOW,mdh;sambar,openfoodfacts,https://world.openfoodfacts.org/product/6291103750327,controlled-lexicon-composition v1 (no free machine translation),مصطلح غير مغطّى بالمعجم
06291107065038,Apple Celery Ginger Juice,Barakat,,تفاح زنجبيل عصير,GCC,unknown,330,REVIEW_UNKNOWN_TERMS,LOW,celery,openfoodfacts,https://world.openfoodfacts.org/product/6291107065038,controlled-lexicon-composition v1 (no free machine translation),مصطلح غير مغطّى بالمعجم
06291115000786,Camelicious,,,,GCC,unknown,,REVIEW_UNKNOWN_TERMS,LOW,camelicious,openfoodfacts,https://world.openfoodfacts.org/product/6291115000786,controlled-lexicon-composition v1 (no free machine translation),مصطلح غير مغطّى بالمعجم
06293850679579,Blé précuit,Leader Price,,,GCC,unknown,,REVIEW_UNKNOWN_TERMS,LOW,bl;pr;cuit,openfoodfacts,https://world.openfoodfacts.org/product/6293850679579,controlled-lexicon-composition v1 (no free machine translation),مصطلح غير مغطّى بالمعجم
06294003583088,KitKat Raspberry Blast,KitKat,كيت كات,كيت كات توت أحمر,GCC,unknown,,REVIEW_UNKNOWN_TERMS,LOW,blast,openfoodfacts,https://world.openfoodfacts.org/product/6294003583088,controlled-lexicon-composition v1 (no free machine translation),مصطلح غير مغطّى بالمعجم
06295155934858,Wheat Paratha,Yum Bites,,قمح,GCC,unknown,,REVIEW_UNKNOWN_TERMS,LOW,paratha,openfoodfacts,https://world.openfoodfacts.org/product/6295155934858,controlled-lexicon-composition v1 (no free machine translation),مصطلح غير مغطّى بالمعجم
06297001135006,Long Life Mile Full Creame,Hayatna,,طويل الأجل,GCC,unknown,100,REVIEW_UNKNOWN_TERMS,LOW,mile;full;creame,openfoodfacts,https://world.openfoodfacts.org/product/6297001135006,controlled-lexicon-composition v1 (no free machine translation),مصطلح غير مغطّى بالمعجم
06298044127027,Goldate,Richmond foodstuff trading,,,GCC,unknown,,REVIEW_UNKNOWN_TERMS,LOW,goldate,openfoodfacts,https://world.openfoodfacts.org/product/6298044127027,controlled-lexicon-composition v1 (no free machine translation),مصطلح غير مغطّى بالمعجم
06299200037884,White Cheese,Mikva,,أبيض جبن,GCC,unknown,28,REVIEW_BRAND_UNMAPPED,LOW,,openfoodfacts,https://world.openfoodfacts.org/product/6299200037884,controlled-lexicon-composition v1 (no free machine translation),علامة بلا مقابل عربي متحقَّق
06299200055055,High Protein Pudding Chocolate,milba,,عالي البروتين مهلبية شوكولاتة,GCC,Puddings,200,REVIEW_BRAND_UNMAPPED,LOW,,openfoodfacts,https://world.openfoodfacts.org/product/6299200055055,controlled-lexicon-composition v1 (no free machine translation),علامة بلا مقابل عربي متحقَّق
06301286349406,NEW MINI THE Fish MARKET Cook in bag 2 Haddock Fil,The Fish Market,,ميني كيس,GCC,unknown,124,REVIEW_UNKNOWN_TERMS,LOW,cook;haddock;fil,openfoodfacts,https://world.openfoodfacts.org/product/6301286349406,controlled-lexicon-composition v1 (no free machine translation),مصطلح غير مغطّى بالمعجم
06970113721014,Little donkey happy popcorn creamy,,,فشار كريمي,SA,Chips,,REVIEW_UNKNOWN_TERMS,LOW,little;donkey;happy,openfoodfacts,https://world.openfoodfacts.org/product/6970113721014,controlled-lexicon-composition v1 (no free machine translation),مصطلح غير مغطّى بالمعجم
06970113724039,Little donkey happy popcorn salty sweet,,,فشار حلو,SA,Chips,,REVIEW_UNKNOWN_TERMS,LOW,little;donkey;happy;salty,openfoodfacts,https://world.openfoodfacts.org/product/6970113724039,controlled-lexicon-composition v1 (no free machine translation),مصطلح غير مغطّى بالمعجم
06970679243401,Caned Corn,Farm Harvest,,ذرة,GCC,unknown,130,REVIEW_UNKNOWN_TERMS,LOW,caned,openfoodfacts,https://world.openfoodfacts.org/product/6970679243401,controlled-lexicon-composition v1 (no free machine translation),مصطلح غير مغطّى بالمعجم
08410076600035,Crunchy oats and roasted almond,Nature Valley,,مقرمش شوفان محمّص لوز,GCC,Cereal bars,42,REVIEW_BRAND_UNMAPPED,LOW,,openfoodfacts,https://world.openfoodfacts.org/product/8410076600035,controlled-lexicon-composition v1 (no free machine translation),علامة بلا مقابل عربي متحقَّق
08410529702118,Freshly natural whole mushroom,,فريشلي,فريشلي طبيعي فطر,SA,unknown,,REVIEW_UNKNOWN_TERMS,LOW,whole,openfoodfacts,https://world.openfoodfacts.org/product/8410529702118,controlled-lexicon-composition v1 (no free machine translation),مصطلح غير مغطّى بالمعجم
08682450833104,Herby ice tea açay pineapple,,,مثلج شاي أناناس,SA,Beverages,,REVIEW_UNKNOWN_TERMS,LOW,herby;ay,openfoodfacts,https://world.openfoodfacts.org/product/8682450833104,controlled-lexicon-composition v1 (no free machine translation),مصطلح غير مغطّى بالمعجم
08682530220879,Granola white chocolate with pistachio,Kellogg's,,جرانولا أبيض شوكولاتة فستق,GCC,Breakfast cereals,,REVIEW_BRAND_UNMAPPED,LOW,,openfoodfacts,https://world.openfoodfacts.org/product/8682530220879,controlled-lexicon-composition v1 (no free machine translation),علامة بلا مقابل عربي متحقَّق
08690624103540,Chips birlik,Lay's,ليز,ليز شيبس,GCC,tr:cips,,REVIEW_UNKNOWN_TERMS,LOW,birlik,openfoodfacts,https://world.openfoodfacts.org/product/8690624103540,controlled-lexicon-composition v1 (no free machine translation),مصطلح غير مغطّى بالمعجم
08697430823099,Whole Wheat Penne,Carrefour,كارفور,كارفور قمح بيني,GCC,unknown,100,REVIEW_UNKNOWN_TERMS,LOW,whole,openfoodfacts,https://world.openfoodfacts.org/product/8697430823099,controlled-lexicon-composition v1 (no free machine translation),مصطلح غير مغطّى بالمعجم
08888003110306,Wonton Skin,Happy Belly,,,GCC,Wonton,9.5,REVIEW_UNKNOWN_TERMS,LOW,wonton;skin,openfoodfacts,https://world.openfoodfacts.org/product/8888003110306,controlled-lexicon-composition v1 (no free machine translation),مصطلح غير مغطّى بالمعجم
09555050302822,Bibigo sweet and spicy k-chicken ramyun,,,حلو حار دجاج,GCC,Ramen noodles,122,REVIEW_UNKNOWN_TERMS,LOW,bibigo;ramyun,openfoodfacts,https://world.openfoodfacts.org/product/9555050302822,controlled-lexicon-composition v1 (no free machine translation),مصطلح غير مغطّى بالمعجم
09556345008573,Miaow Chips Prawn Crackers,Miaow Miaow,,شيبس مقرمشات,GCC,Crisps,30,REVIEW_UNKNOWN_TERMS,LOW,miaow;prawn,openfoodfacts,https://world.openfoodfacts.org/product/9556345008573,controlled-lexicon-composition v1 (no free machine translation),مصطلح غير مغطّى بالمعجم
76281903892753,Estrogonofe de frango,,,,SA,unknown,300,REVIEW_UNKNOWN_TERMS,LOW,estrogonofe;frango,openfoodfacts,https://world.openfoodfacts.org/product/76281903892753,controlled-lexicon-composition v1 (no free machine translation),مصطلح غير مغطّى بالمعجم
00000029605453,Mango & yogurt Snack Bars,Spinney’s,,مانجو زبادي سناك,GCC,unknown,43,REVIEW_UNKNOWN_TERMS,LOW,bars,openfoodfacts,https://world.openfoodfacts.org/product/29605453,controlled-lexicon-composition v1 (no free machine translation),مصطلح غير مغطّى بالمعجم
00029700001353,Buttery Golden Selects Mashed Potatoes,Idahoan,,,GCC,Meals,140,REVIEW_UNKNOWN_TERMS,LOW,buttery;golden;selects;mashed;potatoes,openfoodfacts,https://world.openfoodfacts.org/product/0029700001353,controlled-lexicon-composition v1 (no free machine translation),مصطلح غير مغطّى بالمعجم
00034000152599,reeses fast break,,,,GCC,Candy chocolate bars,,REVIEW_UNKNOWN_TERMS,LOW,reeses;fast;break,openfoodfacts,https://world.openfoodfacts.org/product/0034000152599,controlled-lexicon-composition v1 (no free machine translation),مصطلح غير مغطّى بالمعجم
00183838000593,Tomato Biscuits,St Michel,,طماطم بسكويت,GCC,unknown,29,REVIEW_BRAND_UNMAPPED,LOW,,openfoodfacts,https://world.openfoodfacts.org/product/0183838000593,controlled-lexicon-composition v1 (no free machine translation),علامة بلا مقابل عربي متحقَّق
00628055751472,Key Lime Pie protein bar,Daryl’s Bars,,لوح بروتين ليمون أخضر فطيرة,SA,unknown,54,REVIEW_UNKNOWN_TERMS,LOW,key,openfoodfacts,https://world.openfoodfacts.org/product/0628055751472,controlled-lexicon-composition v1 (no free machine translation),مصطلح غير مغطّى بالمعجم
00628069510416,Strawberry & Goji Berry Smoothie,Revive Superfoods,,فراولة توت سموذي,SA,unknown,231,REVIEW_UNKNOWN_TERMS,LOW,goji,openfoodfacts,https://world.openfoodfacts.org/product/0628069510416,controlled-lexicon-composition v1 (no free machine translation),مصطلح غير مغطّى بالمعجم
00628942452338,Vin mousseux campiri,Mox,,,SA,unknown,355,REVIEW_UNKNOWN_TERMS,LOW,vin;mousseux;campiri,openfoodfacts,https://world.openfoodfacts.org/product/0628942452338,controlled-lexicon-composition v1 (no free machine translation),مصطلح غير مغطّى بالمعجم
00709993324581,Grill Cheese,Natureland,نيتشرلاند,نيتشرلاند جبن,GCC,unknown,28,REVIEW_UNKNOWN_TERMS,LOW,grill,openfoodfacts,https://world.openfoodfacts.org/product/0709993324581,controlled-lexicon-composition v1 (no free machine translation),مصطلح غير مغطّى بالمعجم
00710535690927,Strawberry Protein Shake,Yalla Protein,,مشروب بروتين فراولة,GCC,unknown,500,REVIEW_BRAND_UNMAPPED,LOW,,openfoodfacts,https://world.openfoodfacts.org/product/0710535690927,controlled-lexicon-composition v1 (no free machine translation),علامة بلا مقابل عربي متحقَّق
00737190003428,Karbolyn Fuel Blue Razz Watermelon,Efx Sports,,,GCC,unknown,53,REVIEW_UNKNOWN_TERMS,LOW,karbolyn;fuel;blue;razz;watermelon,openfoodfacts,https://world.openfoodfacts.org/product/0737190003428,controlled-lexicon-composition v1 (no free machine translation),مصطلح غير مغطّى بالمعجم
00804859303288,Vanilla Ice Crean Sandwich,Light Whey,,فانيلا مثلج ساندويتش,GCC,unknown,80,REVIEW_UNKNOWN_TERMS,LOW,crean,openfoodfacts,https://world.openfoodfacts.org/product/0804859303288,controlled-lexicon-composition v1 (no free machine translation),مصطلح غير مغطّى بالمعجم
03080216028026,Holsten cranberry flavor,,,نكهة,GCC,unknown,,REVIEW_UNKNOWN_TERMS,LOW,holsten;cranberry,openfoodfacts,https://world.openfoodfacts.org/product/3080216028026,controlled-lexicon-composition v1 (no free machine translation),مصطلح غير مغطّى بالمعجم
03760269314887,Compote,GOOD GOÛT,,,GCC,Compotes,,REVIEW_UNKNOWN_TERMS,LOW,compote,openfoodfacts,https://world.openfoodfacts.org/product/3760269314887,controlled-lexicon-composition v1 (no free machine translation),مصطلح غير مغطّى بالمعجم
05013665101574,Kallo Stock Cubes French Onion Organic imp,Kallo,,فرنسي بصل عضوي,SA,unknown,,REVIEW_UNKNOWN_TERMS,LOW,stock;cubes;imp,openfoodfacts,https://world.openfoodfacts.org/product/5013665101574,controlled-lexicon-composition v1 (no free machine translation),مصطلح غير مغطّى بالمعجم
05021638001059,Rachel's Organic Greek style Rhubarb,Rachel's,,عضوي يوناني ستايل,GCC,Rhubarb yogurts,,REVIEW_UNKNOWN_TERMS,LOW,rhubarb,openfoodfacts,https://world.openfoodfacts.org/product/5021638001059,controlled-lexicon-composition v1 (no free machine translation),مصطلح غير مغطّى بالمعجم
05033712465022,chicken fillets,alkabeer,,دجاج,SA,unknown,,REVIEW_UNKNOWN_TERMS,LOW,fillets,openfoodfacts,https://world.openfoodfacts.org/product/5033712465022,controlled-lexicon-composition v1 (no free machine translation),مصطلح غير مغطّى بالمعجم
05201168416176,0% Fat Yogurt,Dodoni,,زبادي,GCC,unknown,100,REVIEW_UNKNOWN_TERMS,LOW,fat,openfoodfacts,https://world.openfoodfacts.org/product/5201168416176,controlled-lexicon-composition v1 (no free machine translation),مصطلح غير مغطّى بالمعجم
05285000170044,Pan de molde,Wooden Bakery,,,GCC,unknown,100,REVIEW_UNKNOWN_TERMS,LOW,pan;molde,openfoodfacts,https://world.openfoodfacts.org/product/5285000170044,controlled-lexicon-composition v1 (no free machine translation),مصطلح غير مغطّى بالمعجم
05285321271482,Tannour Bran Bread,Wooden Bakery,,خبز,GCC,unknown,42,REVIEW_UNKNOWN_TERMS,LOW,tannour;bran,openfoodfacts,https://world.openfoodfacts.org/product/5285321271482,controlled-lexicon-composition v1 (no free machine translation),مصطلح غير مغطّى بالمعجم
06073257723644,Carne de cerdo,,,,GCC,unknown,,REVIEW_UNKNOWN_TERMS,LOW,carne;cerdo,openfoodfacts,https://world.openfoodfacts.org/product/6073257723644,controlled-lexicon-composition v1 (no free machine translation),مصطلح غير مغطّى بالمعجم
06074139282525,Baladi authentic egyption bread,,,خبز,GCC,unknown,83,REVIEW_UNKNOWN_TERMS,LOW,baladi;authentic;egyption,openfoodfacts,https://world.openfoodfacts.org/product/6074139282525,controlled-lexicon-composition v1 (no free machine translation),مصطلح غير مغطّى بالمعجم
06077499466635,Café au lait,Emmi,,,GCC,unknown,230,REVIEW_UNKNOWN_TERMS,LOW,caf;au;lait,openfoodfacts,https://world.openfoodfacts.org/product/6077499466635,controlled-lexicon-composition v1 (no free machine translation),مصطلح غير مغطّى بالمعجم
06080022282503,King Prawn,Aldi,,,GCC,Paella,,REVIEW_UNKNOWN_TERMS,LOW,king;prawn,openfoodfacts,https://world.openfoodfacts.org/product/6080022282503,controlled-lexicon-composition v1 (no free machine translation),مصطلح غير مغطّى بالمعجم
06223000411476,Lion zigz spices,,,,SA,Chips,,REVIEW_UNKNOWN_TERMS,LOW,lion;zigz;spices,openfoodfacts,https://world.openfoodfacts.org/product/6223000411476,controlled-lexicon-composition v1 (no free machine translation),مصطلح غير مغطّى بالمعجم
06224002146922,Protein Puffs Pizza,Jons,,بروتين نفخات بيتزا,SA,unknown,60,REVIEW_BRAND_UNMAPPED,LOW,,openfoodfacts,https://world.openfoodfacts.org/product/6224002146922,controlled-lexicon-composition v1 (no free machine translation),علامة بلا مقابل عربي متحقَّق
06271005009242,Sliced Roast Beef,Khazan,,شرائح لحم بقري,GCC,unknown,100,REVIEW_UNKNOWN_TERMS,LOW,roast,openfoodfacts,https://world.openfoodfacts.org/product/6271005009242,controlled-lexicon-composition v1 (no free machine translation),مصطلح غير مغطّى بالمعجم
06274022510609,Bande flan,E.Leclerc,,,GCC,Open-pies,,REVIEW_UNKNOWN_TERMS,LOW,bande;flan,openfoodfacts,https://world.openfoodfacts.org/product/6274022510609,controlled-lexicon-composition v1 (no free machine translation),مصطلح غير مغطّى بالمعجم
06279878505052,Framboises Lyophilisées,,,,GCC,unknown,,REVIEW_UNKNOWN_TERMS,LOW,framboises;lyophilis;es,openfoodfacts,https://world.openfoodfacts.org/product/6279878505052,controlled-lexicon-composition v1 (no free machine translation),مصطلح غير مغطّى بالمعجم
06281006809925,Knorr Seasoning For Grill Taste Chicken,,كنور,كنور نكهة دجاج,SA,unknown,,REVIEW_UNKNOWN_TERMS,LOW,seasoning;grill,openfoodfacts,https://world.openfoodfacts.org/product/6281006809925,controlled-lexicon-composition v1 (no free machine translation),مصطلح غير مغطّى بالمعجم
06281022126600,Activia greek premium saudi dates with cereal,,أكتيفيا,أكتيفيا يوناني فاخر تمر حبوب إفطار,GCC,Yoghurt-drink,180,REVIEW_UNKNOWN_TERMS,LOW,saudi,openfoodfacts,https://world.openfoodfacts.org/product/6281022126600,controlled-lexicon-composition v1 (no free machine translation),مصطلح غير مغطّى بالمعجم
06281026121007,Alrabie milk full fat,,,كامل الدسم حليب,SA,unknown,,REVIEW_UNKNOWN_TERMS,LOW,alrabie,openfoodfacts,https://world.openfoodfacts.org/product/6281026121007,controlled-lexicon-composition v1 (no free machine translation),مصطلح غير مغطّى بالمعجم
06281036113504,Lay’s french cheese,,,فرنسي جبن,SA,unknown,,REVIEW_UNKNOWN_TERMS,LOW,lay,openfoodfacts,https://world.openfoodfacts.org/product/6281036113504,controlled-lexicon-composition v1 (no free machine translation),مصطلح غير مغطّى بالمعجم
06281050520678,Peas And Carrots,Americana,أمريكانا,أمريكانا بازلاء,SA,unknown,100,REVIEW_UNKNOWN_TERMS,LOW,carrots,openfoodfacts,https://world.openfoodfacts.org/product/6281050520678,controlled-lexicon-composition v1 (no free machine translation),مصطلح غير مغطّى بالمعجم
06281058107987,Code Red Focus,Code Red,,,SA,unknown,330,REVIEW_UNKNOWN_TERMS,LOW,focus,openfoodfacts,https://world.openfoodfacts.org/product/6281058107987,controlled-lexicon-composition v1 (no free machine translation),مصطلح غير مغطّى بالمعجم
06281063451747,Freshly arabic sweets syrup saffron flavor,,فريشلي,فريشلي عربي شراب زعفران نكهة,SA,unknown,,REVIEW_UNKNOWN_TERMS,LOW,sweets,openfoodfacts,https://world.openfoodfacts.org/product/6281063451747,controlled-lexicon-composition v1 (no free machine translation),مصطلح غير مغطّى بالمعجم
06281073211027,Sidr honey,alshifa,,عسل,SA,unknown,100,REVIEW_UNKNOWN_TERMS,LOW,sidr,openfoodfacts,https://world.openfoodfacts.org/product/6281073211027,controlled-lexicon-composition v1 (no free machine translation),مصطلح غير مغطّى بالمعجم
06281100043997,Al journal olive oil,,,زيت زيتون,SA,Extra-virgin olive oils,,REVIEW_UNKNOWN_TERMS,LOW,al;journal,openfoodfacts,https://world.openfoodfacts.org/product/6281100043997,controlled-lexicon-composition v1 (no free machine translation),مصطلح غير مغطّى بالمعجم
06281100308522,Borgat sour power,,,حامض,SA,unknown,,REVIEW_UNKNOWN_TERMS,LOW,borgat;power,openfoodfacts,https://world.openfoodfacts.org/product/6281100308522,controlled-lexicon-composition v1 (no free machine translation),مصطلح غير مغطّى بالمعجم
06281102740429,Sliced Bread,Kako,,شرائح خبز,SA,unknown,35,REVIEW_BRAND_UNMAPPED,LOW,,openfoodfacts,https://world.openfoodfacts.org/product/6281102740429,controlled-lexicon-composition v1 (no free machine translation),علامة بلا مقابل عربي متحقَّق
06281123038956,Corn Tortilla Wraps,,,ذرة تورتيلا,SA,unknown,26,REVIEW_UNKNOWN_TERMS,LOW,wraps,openfoodfacts,https://world.openfoodfacts.org/product/6281123038956,controlled-lexicon-composition v1 (no free machine translation),مصطلح غير مغطّى بالمعجم
06284519230088,Ceylon cinnamon,,,قرفة,SA,unknown,,REVIEW_UNKNOWN_TERMS,LOW,ceylon,openfoodfacts,https://world.openfoodfacts.org/product/6284519230088,controlled-lexicon-composition v1 (no free machine translation),مصطلح غير مغطّى بالمعجم
06285047221524,Chicken filled patties,Tradicaode Portugal,,دجاج محشو,SA,unknown,42,REVIEW_UNKNOWN_TERMS,LOW,patties,openfoodfacts,https://world.openfoodfacts.org/product/6285047221524,controlled-lexicon-composition v1 (no free machine translation),مصطلح غير مغطّى بالمعجم
06285349000766,Dattes sukkari,,,تمر,SA,Dates,,REVIEW_UNKNOWN_TERMS,LOW,sukkari,openfoodfacts,https://world.openfoodfacts.org/product/6285349000766,controlled-lexicon-composition v1 (no free machine translation),مصطلح غير مغطّى بالمعجم
06287003881346,Dattea,,,,SA,unknown,,REVIEW_UNKNOWN_TERMS,LOW,dattea,openfoodfacts,https://world.openfoodfacts.org/product/6287003881346,controlled-lexicon-composition v1 (no free machine translation),مصطلح غير مغطّى بالمعجم
06287005615970,Datteln,Rutab Royal,,,SA,unknown,,REVIEW_UNKNOWN_TERMS,LOW,datteln,openfoodfacts,https://world.openfoodfacts.org/product/6287005615970,controlled-lexicon-composition v1 (no free machine translation),مصطلح غير مغطّى بالمعجم
06287014281128,Puffed Corn Korean Flavour,Flowchy,,ذرة نكهة,SA,unknown,20,REVIEW_UNKNOWN_TERMS,LOW,puffed;korean,openfoodfacts,https://world.openfoodfacts.org/product/6287014281128,controlled-lexicon-composition v1 (no free machine translation),مصطلح غير مغطّى بالمعجم
06287043721213,Mushroom Soup,Alhatab Bakery,,فطر شوربة,SA,unknown,100,REVIEW_BRAND_UNMAPPED,LOW,,openfoodfacts,https://world.openfoodfacts.org/product/6287043721213,controlled-lexicon-composition v1 (no free machine translation),علامة بلا مقابل عربي متحقَّق
06291011005212,Raja tomato family,Raja,,طماطم عائلي,GCC,Chips and fries,22,REVIEW_BRAND_UNMAPPED,LOW,,openfoodfacts,https://world.openfoodfacts.org/product/6291011005212,controlled-lexicon-composition v1 (no free machine translation),علامة بلا مقابل عربي متحقَّق
06291014123104,Tamrah,,,,GCC,unknown,,REVIEW_UNKNOWN_TERMS,LOW,tamrah,openfoodfacts,https://world.openfoodfacts.org/product/6291014123104,controlled-lexicon-composition v1 (no free machine translation),مصطلح غير مغطّى بالمعجم
06291052003277,Prime Turkey Stripes,Prime,,ديك رومي,GCC,unknown,100,REVIEW_UNKNOWN_TERMS,LOW,stripes,openfoodfacts,https://world.openfoodfacts.org/product/6291052003277,controlled-lexicon-composition v1 (no free machine translation),مصطلح غير مغطّى بالمعجم
06291052101119,Beef Mortadella Plain,Prime,,لحم بقري مرتديلا سادة,GCC,unknown,,REVIEW_BRAND_UNMAPPED,LOW,,openfoodfacts,https://world.openfoodfacts.org/product/6291052101119,controlled-lexicon-composition v1 (no free machine translation),علامة بلا مقابل عربي متحقَّق
06291100604685,Brownies,Euro Cake,,,GCC,Brownies,,REVIEW_UNKNOWN_TERMS,LOW,brownies,openfoodfacts,https://world.openfoodfacts.org/product/6291100604685,controlled-lexicon-composition v1 (no free machine translation),مصطلح غير مغطّى بالمعجم
06291100690015,White Basmati Rice,Kaalar,,أبيض بسمتي أرز,GCC,unknown,150,REVIEW_BRAND_UNMAPPED,LOW,,openfoodfacts,https://world.openfoodfacts.org/product/6291100690015,controlled-lexicon-composition v1 (no free machine translation),علامة بلا مقابل عربي متحقَّق
06294009808123,Tender Chicken Breast,Sadia,ساديا,ساديا دجاج صدر,GCC,unknown,100,REVIEW_UNKNOWN_TERMS,LOW,tender,openfoodfacts,https://world.openfoodfacts.org/product/6294009808123,controlled-lexicon-composition v1 (no free machine translation),مصطلح غير مغطّى بالمعجم
06297000673523,Reeses pbc miniatures,Reeses,,,GCC,unknown,100,REVIEW_UNKNOWN_TERMS,LOW,pbc;miniatures,openfoodfacts,https://world.openfoodfacts.org/product/6297000673523,controlled-lexicon-composition v1 (no free machine translation),مصطلح غير مغطّى بالمعجم
06297001135389,100% Fresh Yogurt Low Fat,hayatna,,قليل الدسم طازج زبادي,GCC,unknown,100,REVIEW_BRAND_UNMAPPED,LOW,,openfoodfacts,https://world.openfoodfacts.org/product/6297001135389,controlled-lexicon-composition v1 (no free machine translation),علامة بلا مقابل عربي متحقَّق
06298043959681,Chicken Stock,Hapi,,دجاج,GCC,unknown,,REVIEW_UNKNOWN_TERMS,LOW,stock,openfoodfacts,https://world.openfoodfacts.org/product/6298043959681,controlled-lexicon-composition v1 (no free machine translation),مصطلح غير مغطّى بالمعجم
06298044177398,Protein Chips,Soul Kitchen,,بروتين شيبس,GCC,unknown,50,REVIEW_BRAND_UNMAPPED,LOW,,openfoodfacts,https://world.openfoodfacts.org/product/6298044177398,controlled-lexicon-composition v1 (no free machine translation),علامة بلا مقابل عربي متحقَّق
06299200048187,Cho cho,,,,GCC,unknown,,REVIEW_UNKNOWN_TERMS,LOW,cho;cho,openfoodfacts,https://world.openfoodfacts.org/product/6299200048187,controlled-lexicon-composition v1 (no free machine translation),مصطلح غير مغطّى بالمعجم
06300900236993,Greek Style Passion Fruit Yoghurt (Full Fat),Baladna,بلدنا,بلدنا كامل الدسم يوناني ستايل فواكه زبادي,GCC,Greek-style yogurts on a bed of fruits,100,REVIEW_UNKNOWN_TERMS,LOW,passion,openfoodfacts,https://world.openfoodfacts.org/product/6300900236993,controlled-lexicon-composition v1 (no free machine translation),مصطلح غير مغطّى بالمعجم
06300900362432,Hi-Protein Strawberry Milk,Mazzraty,مزرعتي,مزرعتي بروتين فراولة حليب,GCC,unknown,100,REVIEW_UNKNOWN_TERMS,LOW,hi,openfoodfacts,https://world.openfoodfacts.org/product/6300900362432,controlled-lexicon-composition v1 (no free machine translation),مصطلح غير مغطّى بالمعجم
07613039093610,Nestle Pistachio Squeezy,Nestle,نستله,نستله فستق,SA,unknown,20,REVIEW_UNKNOWN_TERMS,LOW,squeezy,openfoodfacts,https://world.openfoodfacts.org/product/7613039093610,controlled-lexicon-composition v1 (no free machine translation),مصطلح غير مغطّى بالمعجم
07613287248862,Nestle nesquik,,نستله,نستله,SA,unknown,,REVIEW_UNKNOWN_TERMS,LOW,nesquik,openfoodfacts,https://world.openfoodfacts.org/product/7613287248862,controlled-lexicon-composition v1 (no free machine translation),مصطلح غير مغطّى بالمعجم
07622210624840,Philadelphia Original,Philadelphia,,أصلي,GCC,Cream cheeses,30,REVIEW_BRAND_UNMAPPED,LOW,,openfoodfacts,https://world.openfoodfacts.org/product/7622210624840,controlled-lexicon-composition v1 (no free machine translation),علامة بلا مقابل عربي متحقَّق
07710000002456,Grilled Chicken Sandwich With Monterey Chicken,Lofat,,مشوي دجاج ساندويتش دجاج,GCC,unknown,210,REVIEW_UNKNOWN_TERMS,LOW,monterey,openfoodfacts,https://world.openfoodfacts.org/product/7710000002456,controlled-lexicon-composition v1 (no free machine translation),مصطلح غير مغطّى بالمعجم
08410076800442,Nature valley crunchy oats and berries,,,طبيعي مقرمش شوفان توت,GCC,Cereal flakes,42,REVIEW_UNKNOWN_TERMS,LOW,valley,openfoodfacts,https://world.openfoodfacts.org/product/8410076800442,controlled-lexicon-composition v1 (no free machine translation),مصطلح غير مغطّى بالمعجم
08906020580121,Malabar Parota,iD,,,GCC,Breads,,REVIEW_UNKNOWN_TERMS,LOW,malabar;parota,openfoodfacts,https://world.openfoodfacts.org/product/8906020580121,controlled-lexicon-composition v1 (no free machine translation),مصطلح غير مغطّى بالمعجم
08936190138587,Coconut Water,Goro,,جوز الهند ماء,SA,unknown,330,REVIEW_BRAND_UNMAPPED,LOW,,openfoodfacts,https://world.openfoodfacts.org/product/8936190138587,controlled-lexicon-composition v1 (no free machine translation),علامة بلا مقابل عربي متحقَّق
09008442000450,Power horse red rush energy drink,,,أحمر طاقة شراب,SA,unknown,,REVIEW_UNKNOWN_TERMS,LOW,power;horse;rush,openfoodfacts,https://world.openfoodfacts.org/product/9008442000450,controlled-lexicon-composition v1 (no free machine translation),مصطلح غير مغطّى بالمعجم
09310072000282,Tim Tam Original,Arnott's,,أصلي,GCC,Milk chocolate biscuits,18.3,REVIEW_UNKNOWN_TERMS,LOW,tim;tam,openfoodfacts,https://world.openfoodfacts.org/product/9310072000282,controlled-lexicon-composition v1 (no free machine translation),مصطلح غير مغطّى بالمعجم
00000029579785,Thai Green Curry Stir Fry Sauce,Spinneys Food,سبينيس,سبينيس أخضر كاري صلصة,GCC,unknown,100,REVIEW_UNKNOWN_TERMS,LOW,thai;stir;fry,openfoodfacts,https://world.openfoodfacts.org/product/29579785,controlled-lexicon-composition v1 (no free machine translation),مصطلح غير مغطّى بالمعجم
00057205900017,Light Chocolate Ice Cream,Cool Whey,,آيس كريم لايت شوكولاتة,GCC,unknown,150,REVIEW_BRAND_UNMAPPED,LOW,,openfoodfacts,https://world.openfoodfacts.org/product/0057205900017,controlled-lexicon-composition v1 (no free machine translation),علامة بلا مقابل عربي متحقَّق
00612477660023,Chocolate Tart,Royal Joy,,شوكولاتة تارت,GCC,unknown,100,REVIEW_BRAND_UNMAPPED,LOW,,openfoodfacts,https://world.openfoodfacts.org/product/0612477660023,controlled-lexicon-composition v1 (no free machine translation),علامة بلا مقابل عربي متحقَّق
00617241009350,Kasih foul medames fava beans,,,فول فول فاصوليا,SA,unknown,,REVIEW_UNKNOWN_TERMS,LOW,kasih;medames,openfoodfacts,https://world.openfoodfacts.org/product/0617241009350,controlled-lexicon-composition v1 (no free machine translation),مصطلح غير مغطّى بالمعجم
00617950700371,Alalali mushrooms pieces and stems,,العلالي,العلالي فطر قطع,SA,Cans-food,,REVIEW_UNKNOWN_TERMS,LOW,stems,openfoodfacts,https://world.openfoodfacts.org/product/0617950700371,controlled-lexicon-composition v1 (no free machine translation),مصطلح غير مغطّى بالمعجم
00628678440586,go! gummy ELECTRIC CHERRY Sour Gummies,go!,,حامض,SA,unknown,50,REVIEW_UNKNOWN_TERMS,LOW,gummy;electric;cherry;gummies,openfoodfacts,https://world.openfoodfacts.org/product/0628678440586,controlled-lexicon-composition v1 (no free machine translation),مصطلح غير مغطّى بالمعجم
00628693611312,protein bites cookies n' cream flavored chocolate coating,SANA,,بروتين قطع كوكيز قشطة بنكهة شوكولاتة,SA,unknown,50,REVIEW_UNKNOWN_TERMS,LOW,coating,openfoodfacts,https://world.openfoodfacts.org/product/0628693611312,controlled-lexicon-composition v1 (no free machine translation),مصطلح غير مغطّى بالمعجم
00628693634311,Fire Roasted Togarashi Green Beans,Pura Vida,,فاصوليا خضراء محمّص,SA,Frozen broad green beans,85,REVIEW_UNKNOWN_TERMS,LOW,fire;togarashi,openfoodfacts,https://world.openfoodfacts.org/product/0628693634311,controlled-lexicon-composition v1 (no free machine translation),مصطلح غير مغطّى بالمعجم
00733603100999,chilli lime pickle chips,hunters,,شطة ليمون أخضر مخلل شيبس,GCC,unknown,25,REVIEW_BRAND_UNMAPPED,LOW,,openfoodfacts,https://world.openfoodfacts.org/product/0733603100999,controlled-lexicon-composition v1 (no free machine translation),علامة بلا مقابل عربي متحقَّق
00882149005067,Peeled Plain Foul,California Garden,كاليفورنيا جاردن,كاليفورنيا جاردن سادة فول,GCC,unknown,130,REVIEW_UNKNOWN_TERMS,LOW,peeled,openfoodfacts,https://world.openfoodfacts.org/product/0882149005067,controlled-lexicon-composition v1 (no free machine translation),مصطلح غير مغطّى بالمعجم
03080216032443,Holsten strawberry flavor,Holsten,,فراولة نكهة,SA,Araby,,REVIEW_BRAND_UNMAPPED,LOW,,openfoodfacts,https://world.openfoodfacts.org/product/3080216032443,controlled-lexicon-composition v1 (no free machine translation),علامة بلا مقابل عربي متحقَّق
03168930162575,Lay’s stax original,,,أصلي,GCC,unknown,,REVIEW_UNKNOWN_TERMS,LOW,lay;stax,openfoodfacts,https://world.openfoodfacts.org/product/3168930162575,controlled-lexicon-composition v1 (no free machine translation),مصطلح غير مغطّى بالمعجم
03365440087736,Brown Sugar Cubes,Majestic,,بني سكر,GCC,unknown,5,REVIEW_UNKNOWN_TERMS,LOW,cubes,openfoodfacts,https://world.openfoodfacts.org/product/3365440087736,controlled-lexicon-composition v1 (no free machine translation),مصطلح غير مغطّى بالمعجم
05010228004136,Lighter Home Chips,McCain,,شيبس,GCC,unknown,100,REVIEW_UNKNOWN_TERMS,LOW,lighter;home,openfoodfacts,https://world.openfoodfacts.org/product/5010228004136,controlled-lexicon-composition v1 (no free machine translation),مصطلح غير مغطّى بالمعجم
05012246006475,Organic Soft Prunes,Crazy Jack,,عضوي طري,SA,Dehydrated-fruits,30,REVIEW_UNKNOWN_TERMS,LOW,prunes,openfoodfacts,https://world.openfoodfacts.org/product/5012246006475,controlled-lexicon-composition v1 (no free machine translation),مصطلح غير مغطّى بالمعجم
05034000080675,BEECHDEAN LUXURY VANILLA,Beechdean,,فانيلا,SA,unknown,,REVIEW_UNKNOWN_TERMS,LOW,luxury,openfoodfacts,https://world.openfoodfacts.org/product/5034000080675,controlled-lexicon-composition v1 (no free machine translation),مصطلح غير مغطّى بالمعجم
05035766044796,Strongbow Apple Cider Honey,Stassen SA,,تفاح عسل,GCC,Ciders,,REVIEW_UNKNOWN_TERMS,LOW,strongbow;cider,openfoodfacts,https://world.openfoodfacts.org/product/5035766044796,controlled-lexicon-composition v1 (no free machine translation),مصطلح غير مغطّى بالمعجم
05059319026763,Kelloggs coco pops original,,,أصلي,GCC,Breakfast cereals,30,REVIEW_UNKNOWN_TERMS,LOW,kelloggs;coco;pops,openfoodfacts,https://world.openfoodfacts.org/product/5059319026763,controlled-lexicon-composition v1 (no free machine translation),مصطلح غير مغطّى بالمعجم
05060689760072,Lono instant oats,,,سريع التحضير شوفان,SA,unknown,35,REVIEW_UNKNOWN_TERMS,LOW,lono,openfoodfacts,https://world.openfoodfacts.org/product/5060689760072,controlled-lexicon-composition v1 (no free machine translation),مصطلح غير مغطّى بالمعجم
05287002232263,Mac And Cheese,Mac It,,جبن,GCC,unknown,50,REVIEW_UNKNOWN_TERMS,LOW,mac,openfoodfacts,https://world.openfoodfacts.org/product/5287002232263,controlled-lexicon-composition v1 (no free machine translation),مصطلح غير مغطّى بالمعجم
05411188119753,Kokosnussdrink mit Soja,alpro,,,GCC,Mixed plant milks,64,REVIEW_UNKNOWN_TERMS,LOW,kokosnussdrink;mit;soja,openfoodfacts,https://world.openfoodfacts.org/product/5411188119753,controlled-lexicon-composition v1 (no free machine translation),مصطلح غير مغطّى بالمعجم
05999576920995,Chunky Cookie Dough,Näno Supps,,كوكيز عجينة,SA,unknown,55,REVIEW_UNKNOWN_TERMS,LOW,chunky,openfoodfacts,https://world.openfoodfacts.org/product/5999576920995,controlled-lexicon-composition v1 (no free machine translation),مصطلح غير مغطّى بالمعجم
06001651235555,Organic Crispy Taco Shells,Santa Anna’s,,عضوي مقرمش,GCC,unknown,100,REVIEW_UNKNOWN_TERMS,LOW,taco;shells,openfoodfacts,https://world.openfoodfacts.org/product/6001651235555,controlled-lexicon-composition v1 (no free machine translation),مصطلح غير مغطّى بالمعجم
06079849516038,Girondole torsades,Barilla,باريلا,باريلا,GCC,unknown,500,REVIEW_UNKNOWN_TERMS,LOW,girondole;torsades,openfoodfacts,https://world.openfoodfacts.org/product/6079849516038,controlled-lexicon-composition v1 (no free machine translation),مصطلح غير مغطّى بالمعجم
06086728731987,Biolandhähnchen-Schenkelsteaks,Nur nur Natur,,,GCC,unknown,100,REVIEW_UNKNOWN_TERMS,LOW,biolandh;hnchen;schenkelsteaks,openfoodfacts,https://world.openfoodfacts.org/product/6086728731987,controlled-lexicon-composition v1 (no free machine translation),مصطلح غير مغطّى بالمعجم
06211075211138,Whole Wheat,Al Quds Bread,,قمح,GCC,unknown,100,REVIEW_UNKNOWN_TERMS,LOW,whole,openfoodfacts,https://world.openfoodfacts.org/product/6211075211138,controlled-lexicon-composition v1 (no free machine translation),مصطلح غير مغطّى بالمعجم
06223011813412,Oats Rings Tomato Flavor,Lino,,شوفان حلقات طماطم نكهة,SA,unknown,30,REVIEW_BRAND_UNMAPPED,LOW,,openfoodfacts,https://world.openfoodfacts.org/product/6223011813412,controlled-lexicon-composition v1 (no free machine translation),علامة بلا مقابل عربي متحقَّق
06270761040681,Yaourt grecque,Pâturages,,,GCC,unknown,,REVIEW_UNKNOWN_TERMS,LOW,yaourt;grecque,openfoodfacts,https://world.openfoodfacts.org/product/6270761040681,controlled-lexicon-composition v1 (no free machine translation),مصطلح غير مغطّى بالمعجم
06271100044810,Mixed croquant & sesima,,,مشكل,GCC,unknown,,REVIEW_UNKNOWN_TERMS,LOW,croquant;sesima,openfoodfacts,https://world.openfoodfacts.org/product/6271100044810,controlled-lexicon-composition v1 (no free machine translation),مصطلح غير مغطّى بالمعجم
06271100044827,Malban,Al Rifai,,,GCC,Sweet snacks,,REVIEW_UNKNOWN_TERMS,LOW,malban,openfoodfacts,https://world.openfoodfacts.org/product/6271100044827,controlled-lexicon-composition v1 (no free machine translation),مصطلح غير مغطّى بالمعجم
06271100082928,Mozzarella Sticks,Mima,,موزاريلا أصابع,GCC,unknown,100,REVIEW_BRAND_UNMAPPED,LOW,,openfoodfacts,https://world.openfoodfacts.org/product/6271100082928,controlled-lexicon-composition v1 (no free machine translation),علامة بلا مقابل عربي متحقَّق
06278436926070,Salsa tomate et pêche,,,,GCC,unknown,,REVIEW_UNKNOWN_TERMS,LOW,salsa;tomate;et;che,openfoodfacts,https://world.openfoodfacts.org/product/6278436926070,controlled-lexicon-composition v1 (no free machine translation),مصطلح غير مغطّى بالمعجم
06281004850035,Pik-One,,,,SA,unknown,,REVIEW_UNKNOWN_TERMS,LOW,pik,openfoodfacts,https://world.openfoodfacts.org/product/6281004850035,controlled-lexicon-composition v1 (no free machine translation),مصطلح غير مغطّى بالمعجم
06281006802346,Green tea pure non bitter,Lipton,ليبتون,ليبتون أخضر شاي نقي,SA,unknown,,REVIEW_UNKNOWN_TERMS,LOW,no_bitter,openfoodfacts,https://world.openfoodfacts.org/product/6281006802346,controlled-lexicon-composition v1 (no free machine translation),مصطلح غير مغطّى بالمعجم
06281006821637,Hellmanns light mayonnaise,Hellmann’s,,لايت مايونيز,SA,unknown,15,REVIEW_UNKNOWN_TERMS,LOW,hellmanns,openfoodfacts,https://world.openfoodfacts.org/product/6281006821637,controlled-lexicon-composition v1 (no free machine translation),مصطلح غير مغطّى بالمعجم
06281007055741,Almarai extra virgin olive oil 2yrs prod,Almarai,المراعي,المراعي زيت زيتون إكسترا,SA,Extra-virgin olive oils,,REVIEW_UNKNOWN_TERMS,LOW,virgin;yrs;prod,openfoodfacts,https://world.openfoodfacts.org/product/6281007055741,controlled-lexicon-composition v1 (no free machine translation),مصطلح غير مغطّى بالمعجم
06281014002097,Ranch Sauce,Goody,قودي,قودي صلصة,SA,unknown,30,REVIEW_UNKNOWN_TERMS,LOW,ranch,openfoodfacts,https://world.openfoodfacts.org/product/6281014002097,controlled-lexicon-composition v1 (no free machine translation),مصطلح غير مغطّى بالمعجم
06281014472722,Fusilli,,,,SA,Gluten-free dry pasta,,REVIEW_UNKNOWN_TERMS,LOW,fusilli,openfoodfacts,https://world.openfoodfacts.org/product/6281014472722,controlled-lexicon-composition v1 (no free machine translation),مصطلح غير مغطّى بالمعجم
06281018278672,Power Milk Coffee,Nada,ندى,ندى حليب قهوة,GCC,unknown,100,REVIEW_UNKNOWN_TERMS,LOW,power,openfoodfacts,https://world.openfoodfacts.org/product/6281018278672,controlled-lexicon-composition v1 (no free machine translation),مصطلح غير مغطّى بالمعجم
06281034001063,Vimto Squashes Fruit Cordial,VimtoAujan Soft Drinks IndustriesNichols,فيمتو,فيمتو فواكه,SA,Fruit juices,,REVIEW_UNKNOWN_TERMS,LOW,squashes;cordial,openfoodfacts,https://world.openfoodfacts.org/product/6281034001063,controlled-lexicon-composition v1 (no free machine translation),مصطلح غير مغطّى بالمعجم
06281058281465,Nerve soft drink cactus flavor,,,طري شراب نكهة,SA,unknown,,REVIEW_UNKNOWN_TERMS,LOW,nerve;cactus,openfoodfacts,https://world.openfoodfacts.org/product/6281058281465,controlled-lexicon-composition v1 (no free machine translation),مصطلح غير مغطّى بالمعجم
06281063600015,Orient gardens blackberry pie filling,Orient Gardens,,فطيرة حشوة,SA,unknown,85,REVIEW_UNKNOWN_TERMS,LOW,blackberry,openfoodfacts,https://world.openfoodfacts.org/product/6281063600015,controlled-lexicon-composition v1 (no free machine translation),مصطلح غير مغطّى بالمعجم
06281100111627,Lalo solid light meat tuna,,,لايت لحم تونة,SA,Tunas,,REVIEW_UNKNOWN_TERMS,LOW,lalo;solid,openfoodfacts,https://world.openfoodfacts.org/product/6281100111627,controlled-lexicon-composition v1 (no free machine translation),مصطلح غير مغطّى بالمعجم
06281100179146,Tortilla,Fochsia,,تورتيلا,SA,unknown,45,REVIEW_BRAND_UNMAPPED,LOW,,openfoodfacts,https://world.openfoodfacts.org/product/6281100179146,controlled-lexicon-composition v1 (no free machine translation),علامة بلا مقابل عربي متحقَّق
06281100681236,Al taie red kidney beans,,,أحمر حمراء فاصوليا,SA,unknown,,REVIEW_UNKNOWN_TERMS,LOW,al;taie,openfoodfacts,https://world.openfoodfacts.org/product/6281100681236,controlled-lexicon-composition v1 (no free machine translation),مصطلح غير مغطّى بالمعجم
06281102683900,RICH FIBER BRAN TOAST,HERFY,,ألياف توست,SA,Breads,100,REVIEW_UNKNOWN_TERMS,LOW,rich;bran,openfoodfacts,https://world.openfoodfacts.org/product/6281102683900,controlled-lexicon-composition v1 (no free machine translation),مصطلح غير مغطّى بالمعجم
06281105790049,Baja diyafa seeds salted 115g,baja,,بذور مملّح,SA,unknown,28,REVIEW_UNKNOWN_TERMS,LOW,diyafa,openfoodfacts,https://world.openfoodfacts.org/product/6281105790049,controlled-lexicon-composition v1 (no free machine translation),مصطلح غير مغطّى بالمعجم
06281174034419,Tortillas de trigo,Al Oumara,,,SA,unknown,60,REVIEW_UNKNOWN_TERMS,LOW,tortillas;trigo,openfoodfacts,https://world.openfoodfacts.org/product/6281174034419,controlled-lexicon-composition v1 (no free machine translation),مصطلح غير مغطّى بالمعجم
06281761301238,Organic Redskin Peanuts,Applewood Signature,,عضوي,SA,unknown,30,REVIEW_UNKNOWN_TERMS,LOW,redskin;peanuts,openfoodfacts,https://world.openfoodfacts.org/product/6281761301238,controlled-lexicon-composition v1 (no free machine translation),مصطلح غير مغطّى بالمعجم
06283023701503,Champignon noir,,,,SA,Mushrooms,,REVIEW_UNKNOWN_TERMS,LOW,champignon;noir,openfoodfacts,https://world.openfoodfacts.org/product/6283023701503,controlled-lexicon-composition v1 (no free machine translation),مصطلح غير مغطّى بالمعجم
06285349000063,Dattes Sukary,,,تمر,SA,unknown,,REVIEW_UNKNOWN_TERMS,LOW,sukary,openfoodfacts,https://world.openfoodfacts.org/product/6285349000063,controlled-lexicon-composition v1 (no free machine translation),مصطلح غير مغطّى بالمعجم
06285349001558,Dattes Safawi,,,تمر,SA,unknown,,REVIEW_UNKNOWN_TERMS,LOW,safawi,openfoodfacts,https://world.openfoodfacts.org/product/6285349001558,controlled-lexicon-composition v1 (no free machine translation),مصطلح غير مغطّى بالمعجم
06287001471051,Dates Sukkari,Hicazi,,تمر,SA,unknown,,REVIEW_UNKNOWN_TERMS,LOW,sukkari,openfoodfacts,https://world.openfoodfacts.org/product/6287001471051,controlled-lexicon-composition v1 (no free machine translation),مصطلح غير مغطّى بالمعجم
06288004001030,Milaf cola,Milaf,,كولا,SA,Colas,100,REVIEW_BRAND_UNMAPPED,LOW,,openfoodfacts,https://world.openfoodfacts.org/product/6288004001030,controlled-lexicon-composition v1 (no free machine translation),علامة بلا مقابل عربي متحقَّق
06290050803124,Light Meat Tuna In Olive Oil Without Salt,Mejor,,زيت زيتون لايت لحم تونة خالي من ملح,GCC,unknown,100,REVIEW_BRAND_UNMAPPED,LOW,,openfoodfacts,https://world.openfoodfacts.org/product/6290050803124,controlled-lexicon-composition v1 (no free machine translation),علامة بلا مقابل عربي متحقَّق
06290090018885,distilled white vinegar heinz,Heinz,هاينز,هاينز أبيض خل,GCC,unknown,15,REVIEW_UNKNOWN_TERMS,LOW,distilled,openfoodfacts,https://world.openfoodfacts.org/product/6290090018885,controlled-lexicon-composition v1 (no free machine translation),مصطلح غير مغطّى بالمعجم
06291001010080,Masafri Tropical Fruits Nectar,,,فواكه رحيق,GCC,unknown,,REVIEW_UNKNOWN_TERMS,LOW,masafri;tropical,openfoodfacts,https://world.openfoodfacts.org/product/6291001010080,controlled-lexicon-composition v1 (no free machine translation),مصطلح غير مغطّى بالمعجم
06291007907124,Good day butter cookies,Britannia,بريتانيا,بريتانيا زبدة كوكيز,GCC,unknown,,REVIEW_UNKNOWN_TERMS,LOW,good;day,openfoodfacts,https://world.openfoodfacts.org/product/6291007907124,controlled-lexicon-composition v1 (no free machine translation),مصطلح غير مغطّى بالمعجم
06291011055378,Chocodatd,,,,GCC,unknown,,REVIEW_UNKNOWN_TERMS,LOW,chocodatd,openfoodfacts,https://world.openfoodfacts.org/product/6291011055378,controlled-lexicon-composition v1 (no free machine translation),مصطلح غير مغطّى بالمعجم
06291016024010,Milk stranberry,,,حليب,GCC,unknown,,REVIEW_UNKNOWN_TERMS,LOW,stranberry,openfoodfacts,https://world.openfoodfacts.org/product/6291016024010,controlled-lexicon-composition v1 (no free machine translation),مصطلح غير مغطّى بالمعجم
06291031004486,Mango Juice,Marmum,,مانجو عصير,GCC,unknown,,REVIEW_BRAND_UNMAPPED,LOW,,openfoodfacts,https://world.openfoodfacts.org/product/6291031004486,controlled-lexicon-composition v1 (no free machine translation),علامة بلا مقابل عربي متحقَّق
06291061140734,Hot Dynamic Sauce,Excellence,,حار صلصة,GCC,unknown,15,REVIEW_UNKNOWN_TERMS,LOW,dynamic,openfoodfacts,https://world.openfoodfacts.org/product/6291061140734,controlled-lexicon-composition v1 (no free machine translation),مصطلح غير مغطّى بالمعجم
06291104285644,Goji Berries,,,توت,GCC,unknown,,REVIEW_UNKNOWN_TERMS,LOW,goji,openfoodfacts,https://world.openfoodfacts.org/product/6291104285644,controlled-lexicon-composition v1 (no free machine translation),مصطلح غير مغطّى بالمعجم
06291104287303,Organic lader organic maple syrup,,,عضوي عضوي شراب,GCC,unknown,30,REVIEW_UNKNOWN_TERMS,LOW,lader;maple,openfoodfacts,https://world.openfoodfacts.org/product/6291104287303,controlled-lexicon-composition v1 (no free machine translation),مصطلح غير مغطّى بالمعجم
06291108635490,Dattes organiques,Jomara,جمارة,جمارة تمر,GCC,unknown,40,REVIEW_UNKNOWN_TERMS,LOW,organiques,openfoodfacts,https://world.openfoodfacts.org/product/6291108635490,controlled-lexicon-composition v1 (no free machine translation),مصطلح غير مغطّى بالمعجم
06291109300090,Date paste,Aseel,,تمر معجون,GCC,unknown,,REVIEW_BRAND_UNMAPPED,LOW,,openfoodfacts,https://world.openfoodfacts.org/product/6291109300090,controlled-lexicon-composition v1 (no free machine translation),علامة بلا مقابل عربي متحقَّق
06294004129254,Al Douri Elite Mix,Al Douri,,مشكل,GCC,unknown,100,REVIEW_UNKNOWN_TERMS,LOW,elite,openfoodfacts,https://world.openfoodfacts.org/product/6294004129254,controlled-lexicon-composition v1 (no free machine translation),مصطلح غير مغطّى بالمعجم
06294017100059,Harira,Maggi Harira,ماجي,ماجي,GCC,Dehydrated soups,277.5,REVIEW_UNKNOWN_TERMS,LOW,harira,openfoodfacts,https://world.openfoodfacts.org/product/6294017100059,controlled-lexicon-composition v1 (no free machine translation),مصطلح غير مغطّى بالمعجم
06297000140353,Tamrella,,,,GCC,unknown,,REVIEW_UNKNOWN_TERMS,LOW,tamrella,openfoodfacts,https://world.openfoodfacts.org/product/6297000140353,controlled-lexicon-composition v1 (no free machine translation),مصطلح غير مغطّى بالمعجم
06297000140452,Assorted Dates,Liwa Dates,,مشكل تمر,GCC,unknown,,REVIEW_BRAND_UNMAPPED,LOW,,openfoodfacts,https://world.openfoodfacts.org/product/6297000140452,controlled-lexicon-composition v1 (no free machine translation),علامة بلا مقابل عربي متحقَّق
06297001079027,Mloukhieh Chicken w basmati rice,Delektia,,دجاج بسمتي أرز,GCC,unknown,250,REVIEW_UNKNOWN_TERMS,LOW,mloukhieh,openfoodfacts,https://world.openfoodfacts.org/product/6297001079027,controlled-lexicon-composition v1 (no free machine translation),مصطلح غير مغطّى بالمعجم
06297001172759,Cocoa melts,,,كاكاو,GCC,unknown,,REVIEW_UNKNOWN_TERMS,LOW,melts,openfoodfacts,https://world.openfoodfacts.org/product/6297001172759,controlled-lexicon-composition v1 (no free machine translation),مصطلح غير مغطّى بالمعجم
06298042337121,Plant-Based Burger Pattie,Switch,,نباتي برجر,GCC,unknown,113,REVIEW_UNKNOWN_TERMS,LOW,based;pattie,openfoodfacts,https://world.openfoodfacts.org/product/6298042337121,controlled-lexicon-composition v1 (no free machine translation),مصطلح غير مغطّى بالمعجم
06299200036139,Chicken Burger,D'POLLO,,دجاج برجر,GCC,unknown,100,REVIEW_BRAND_UNMAPPED,LOW,,openfoodfacts,https://world.openfoodfacts.org/product/6299200036139,controlled-lexicon-composition v1 (no free machine translation),علامة بلا مقابل عربي متحقَّق
06300901391318,Kibbeh & Tabouleh Salad,Freshqa,,كبة سلطة,GCC,unknown,100,REVIEW_UNKNOWN_TERMS,LOW,tabouleh,openfoodfacts,https://world.openfoodfacts.org/product/6300901391318,controlled-lexicon-composition v1 (no free machine translation),مصطلح غير مغطّى بالمعجم
08006680646295,Delverde Eliche pasta imp,Delverde,,معكرونة,SA,unknown,,REVIEW_UNKNOWN_TERMS,LOW,eliche;imp,openfoodfacts,https://world.openfoodfacts.org/product/8006680646295,controlled-lexicon-composition v1 (no free machine translation),مصطلح غير مغطّى بالمعجم
08595229918615,Crunchy granola,Emco,,مقرمش جرانولا,SA,Mueslis with chocolate,55,REVIEW_BRAND_UNMAPPED,LOW,,openfoodfacts,https://world.openfoodfacts.org/product/8595229918615,controlled-lexicon-composition v1 (no free machine translation),علامة بلا مقابل عربي متحقَّق
08683989472086,Caffeine one cold brew coffee iced cotton candy,,,قهوة مثلج حلوى,SA,unknown,,REVIEW_UNKNOWN_TERMS,LOW,caffeine;cold;brew;cotton,openfoodfacts,https://world.openfoodfacts.org/product/8683989472086,controlled-lexicon-composition v1 (no free machine translation),مصطلح غير مغطّى بالمعجم
08690504011408,petit beurre biscuits,Ülker,أولكر,أولكر بسكويت,GCC,Petit-Beurre,,REVIEW_UNKNOWN_TERMS,LOW,petit;beurre,openfoodfacts,https://world.openfoodfacts.org/product/8690504011408,controlled-lexicon-composition v1 (no free machine translation),مصطلح غير مغطّى بالمعجم
08809950200049,Panko bread crumbs,Good Seoul,,خبز,SA,unknown,,REVIEW_UNKNOWN_TERMS,LOW,panko;crumbs,openfoodfacts,https://world.openfoodfacts.org/product/8809950200049,controlled-lexicon-composition v1 (no free machine translation),مصطلح غير مغطّى بالمعجم
08850987115035,Fast Bowl Instant Noodles,Funland,,سريع التحضير نودلز,GCC,unknown,80,REVIEW_UNKNOWN_TERMS,LOW,fast;bowl,openfoodfacts,https://world.openfoodfacts.org/product/8850987115035,controlled-lexicon-composition v1 (no free machine translation),مصطلح غير مغطّى بالمعجم
08901440100973,Roasted Rice Powder,Eastern,,محمّص أرز بودرة,SA,unknown,50,REVIEW_BRAND_UNMAPPED,LOW,,openfoodfacts,https://world.openfoodfacts.org/product/8901440100973,controlled-lexicon-composition v1 (no free machine translation),علامة بلا مقابل عربي متحقَّق
08901725007096,Potato Chips Salted,Bingo,,بطاطس شيبس مملّح,GCC,Potato crisps,,REVIEW_BRAND_UNMAPPED,LOW,,openfoodfacts,https://world.openfoodfacts.org/product/8901725007096,controlled-lexicon-composition v1 (no free machine translation),علامة بلا مقابل عربي متحقَّق
08906070218364,Pure Honey,Beehive,,نقي عسل,GCC,unknown,10,REVIEW_BRAND_UNMAPPED,LOW,,openfoodfacts,https://world.openfoodfacts.org/product/8906070218364,controlled-lexicon-composition v1 (no free machine translation),علامة بلا مقابل عربي متحقَّق
09414735954247,Chargrill Chicken Steaks,Tegel,,دجاج,GCC,unknown,100,REVIEW_UNKNOWN_TERMS,LOW,chargrill;steaks,openfoodfacts,https://world.openfoodfacts.org/product/9414735954247,controlled-lexicon-composition v1 (no free machine translation),مصطلح غير مغطّى بالمعجم
09555813200419,Yellow Pea puff,Minni,,,SA,unknown,40,REVIEW_UNKNOWN_TERMS,LOW,yellow;pea;puff,openfoodfacts,https://world.openfoodfacts.org/product/9555813200419,controlled-lexicon-composition v1 (no free machine translation),مصطلح غير مغطّى بالمعجم
09556121026609,Peanut Butter Sandwich,Julie's,,زبدة فول سوداني ساندويتش,GCC,unknown,,REVIEW_BRAND_UNMAPPED,LOW,,openfoodfacts,https://world.openfoodfacts.org/product/9556121026609,controlled-lexicon-composition v1 (no free machine translation),علامة بلا مقابل عربي متحقَّق
00000017919678,Buttered Chicken Panini Sandwich,City Fresh Kitchen,,دجاج ساندويتش,SA,unknown,248,REVIEW_UNKNOWN_TERMS,LOW,buttered;panini,openfoodfacts,https://world.openfoodfacts.org/product/17919678,controlled-lexicon-composition v1 (no free machine translation),مصطلح غير مغطّى بالمعجم
00012000063046,Miranda plus lemon mint,,,ليمون نعناع,SA,unknown,,REVIEW_UNKNOWN_TERMS,LOW,miranda,openfoodfacts,https://world.openfoodfacts.org/product/0012000063046,controlled-lexicon-composition v1 (no free machine translation),مصطلح غير مغطّى بالمعجم
00024000101895,Golden Sweet Corn,Del Monte,,ذرة حلوة,GCC,Canned sweet corn,100,REVIEW_UNKNOWN_TERMS,LOW,golden,openfoodfacts,https://world.openfoodfacts.org/product/0024000101895,controlled-lexicon-composition v1 (no free machine translation),مصطلح غير مغطّى بالمعجم
00024000102328,Del monte Chick Peas 2yrs prod,Del Monte,,بازلاء,GCC,unknown,130,REVIEW_UNKNOWN_TERMS,LOW,chick;yrs;prod,openfoodfacts,https://world.openfoodfacts.org/product/0024000102328,controlled-lexicon-composition v1 (no free machine translation),مصطلح غير مغطّى بالمعجم
00070787007950,Carlose Rice,Sunwhite,,أرز,SA,unknown,100,REVIEW_UNKNOWN_TERMS,LOW,carlose,openfoodfacts,https://world.openfoodfacts.org/product/0070787007950,controlled-lexicon-composition v1 (no free machine translation),مصطلح غير مغطّى بالمعجم
00617241009367,Kasih foul medames with red chili,,,فول أحمر شطة,SA,Cans-food,,REVIEW_UNKNOWN_TERMS,LOW,kasih;medames,openfoodfacts,https://world.openfoodfacts.org/product/0617241009367,controlled-lexicon-composition v1 (no free machine translation),مصطلح غير مغطّى بالمعجم
00617950701378,Alalali mushrooms whole,,العلالي,العلالي فطر,SA,Cans-food,,REVIEW_UNKNOWN_TERMS,LOW,whole,openfoodfacts,https://world.openfoodfacts.org/product/0617950701378,controlled-lexicon-composition v1 (no free machine translation),مصطلح غير مغطّى بالمعجم
00627987571189,Falafel,Levantine Flavours,,فلافل,GCC,unknown,100,REVIEW_BRAND_UNMAPPED,LOW,,openfoodfacts,https://world.openfoodfacts.org/product/0627987571189,controlled-lexicon-composition v1 (no free machine translation),علامة بلا مقابل عربي متحقَّق
00628942533037,Banana cream pie,Just proat,,موز قشطة فطيرة,SA,unknown,62,REVIEW_BRAND_UNMAPPED,LOW,,openfoodfacts,https://world.openfoodfacts.org/product/0628942533037,controlled-lexicon-composition v1 (no free machine translation),علامة بلا مقابل عربي متحقَّق
00717273501591,American garden pancake syrup,,,حديقة بان كيك شراب,SA,unknown,,REVIEW_UNKNOWN_TERMS,LOW,american,openfoodfacts,https://world.openfoodfacts.org/product/0717273501591,controlled-lexicon-composition v1 (no free machine translation),مصطلح غير مغطّى بالمعجم
00717273509139,THOUSAND ISLAND DRESSING & DIP LIGHT,American Garden,,صلصة غموس لايت,SA,unknown,31,REVIEW_UNKNOWN_TERMS,LOW,thousand;island,openfoodfacts,https://world.openfoodfacts.org/product/0717273509139,controlled-lexicon-composition v1 (no free machine translation),مصطلح غير مغطّى بالمعجم
00764460587043,Tender Chicken Breast,Perla,,دجاج صدر,GCC,unknown,,REVIEW_UNKNOWN_TERMS,LOW,tender,openfoodfacts,https://world.openfoodfacts.org/product/0764460587043,controlled-lexicon-composition v1 (no free machine translation),مصطلح غير مغطّى بالمعجم
00788679262812,Whole Wheat Tortillas,Cantina maria,,قمح,GCC,unknown,60,REVIEW_UNKNOWN_TERMS,LOW,whole;tortillas,openfoodfacts,https://world.openfoodfacts.org/product/0788679262812,controlled-lexicon-composition v1 (no free machine translation),مصطلح غير مغطّى بالمعجم
00850057789867,Strawberries N’ Cream,Core Nutritionals,,قشطة,GCC,unknown,33.3,REVIEW_UNKNOWN_TERMS,LOW,strawberries,openfoodfacts,https://world.openfoodfacts.org/product/0850057789867,controlled-lexicon-composition v1 (no free machine translation),مصطلح غير مغطّى بالمعجم
04660298500437,Bombbar Cookies,Bombbar,,كوكيز,GCC,unknown,6,REVIEW_BRAND_UNMAPPED,LOW,,openfoodfacts,https://world.openfoodfacts.org/product/4660298500437,controlled-lexicon-composition v1 (no free machine translation),علامة بلا مقابل عربي متحقَّق
04780032401612,Сардельки (mini mortadellas),Rozmetov,,ميني,GCC,unknown,100,REVIEW_UNKNOWN_TERMS,LOW,mortadellas,openfoodfacts,https://world.openfoodfacts.org/product/4780032401612,controlled-lexicon-composition v1 (no free machine translation),مصطلح غير مغطّى بالمعجم
04902931110680,Botan light meat tuna in olive oil fancy solid pack,Botan,,زيت زيتون لايت لحم تونة عبوة,SA,Tunas,100,REVIEW_UNKNOWN_TERMS,LOW,fancy;solid,openfoodfacts,https://world.openfoodfacts.org/product/4902931110680,controlled-lexicon-composition v1 (no free machine translation),مصطلح غير مغطّى بالمعجم
05000127049307,Crunchy Nut,Kellogg's,,مقرمش,GCC,Cereals with honey,30,REVIEW_UNKNOWN_TERMS,LOW,nut,openfoodfacts,https://world.openfoodfacts.org/product/5000127049307,controlled-lexicon-composition v1 (no free machine translation),مصطلح غير مغطّى بالمعجم
05033712169722,Shish Tawook,Al Kabeer,الكبير,الكبير,GCC,unknown,100,REVIEW_UNKNOWN_TERMS,LOW,shish;tawook,openfoodfacts,https://world.openfoodfacts.org/product/5033712169722,controlled-lexicon-composition v1 (no free machine translation),مصطلح غير مغطّى بالمعجم
05281128201059,Pretzels,Snips,,,GCC,Pretzel,30,REVIEW_UNKNOWN_TERMS,LOW,pretzels,openfoodfacts,https://world.openfoodfacts.org/product/5281128201059,controlled-lexicon-composition v1 (no free machine translation),مصطلح غير مغطّى بالمعجم
05413121372379,Belgian 50% dark chocolate,,,داكن شوكولاتة,SA,Chocolates,,REVIEW_UNKNOWN_TERMS,LOW,belgian,openfoodfacts,https://world.openfoodfacts.org/product/5413121372379,controlled-lexicon-composition v1 (no free machine translation),مصطلح غير مغطّى بالمعجم
05413121372386,Belgian 72% dark chocolate,,,داكن شوكولاتة,SA,Chocolates,,REVIEW_UNKNOWN_TERMS,LOW,belgian,openfoodfacts,https://world.openfoodfacts.org/product/5413121372386,controlled-lexicon-composition v1 (no free machine translation),مصطلح غير مغطّى بالمعجم
05900020045348,Fitness Granola Crunchy Oat,Nestlé,نستله,نستله جرانولا مقرمش شوفان,SA,Mueslis,,REVIEW_UNKNOWN_TERMS,LOW,fitness,openfoodfacts,https://world.openfoodfacts.org/product/5900020045348,controlled-lexicon-composition v1 (no free machine translation),مصطلح غير مغطّى بالمعجم
06009223747376,Carb Clever Almond hazelnut and coffee granola,Woolworths Food,,لوز بندق قهوة جرانولا,GCC,unknown,,REVIEW_UNKNOWN_TERMS,LOW,carb;clever,openfoodfacts,https://world.openfoodfacts.org/product/6009223747376,controlled-lexicon-composition v1 (no free machine translation),مصطلح غير مغطّى بالمعجم
06084001214844,Light Meat Tuna In Olive Oil,Almadina,,زيت زيتون لايت لحم تونة,GCC,unknown,150,REVIEW_BRAND_UNMAPPED,LOW,,openfoodfacts,https://world.openfoodfacts.org/product/6084001214844,controlled-lexicon-composition v1 (no free machine translation),علامة بلا مقابل عربي متحقَّق
06270021271343,Bread Crumbs,Americana,أمريكانا,أمريكانا خبز,GCC,unknown,,REVIEW_UNKNOWN_TERMS,LOW,crumbs,openfoodfacts,https://world.openfoodfacts.org/product/6270021271343,controlled-lexicon-composition v1 (no free machine translation),مصطلح غير مغطّى بالمعجم
06270022121302,Chilli beef hotdog 🌭,Americana,أمريكانا,أمريكانا شطة لحم بقري,GCC,unknown,90,REVIEW_UNKNOWN_TERMS,LOW,hotdog,openfoodfacts,https://world.openfoodfacts.org/product/6270022121302,controlled-lexicon-composition v1 (no free machine translation),مصطلح غير مغطّى بالمعجم
06271001300503,Kitco stix hot and spicy,Kitco,كيتكو,كيتكو حار حار,GCC,unknown,25,REVIEW_UNKNOWN_TERMS,LOW,stix,openfoodfacts,https://world.openfoodfacts.org/product/6271001300503,controlled-lexicon-composition v1 (no free machine translation),مصطلح غير مغطّى بالمعجم
06271810006337,Pain de mie,,,,GCC,Sliced breads,,REVIEW_UNKNOWN_TERMS,LOW,pain;mie,openfoodfacts,https://world.openfoodfacts.org/product/6271810006337,controlled-lexicon-composition v1 (no free machine translation),مصطلح غير مغطّى بالمعجم
06278432585240,Pumpkin Spice Syrup,Gormet Inspirations,,شراب,GCC,unknown,30,REVIEW_UNKNOWN_TERMS,LOW,pumpkin;spice,openfoodfacts,https://world.openfoodfacts.org/product/6278432585240,controlled-lexicon-composition v1 (no free machine translation),مصطلح غير مغطّى بالمعجم
06280550100434,Ketchup aux fruits,,,كاتشب فواكه,SA,unknown,,REVIEW_UNKNOWN_TERMS,LOW,aux,openfoodfacts,https://world.openfoodfacts.org/product/6280550100434,controlled-lexicon-composition v1 (no free machine translation),مصطلح غير مغطّى بالمعجم
06280789081054,85/15 Lean Ground Beed,Grey Beef,,مفروم,SA,unknown,100,REVIEW_UNKNOWN_TERMS,LOW,lean;beed,openfoodfacts,https://world.openfoodfacts.org/product/6280789081054,controlled-lexicon-composition v1 (no free machine translation),مصطلح غير مغطّى بالمعجم
06281016203423,Maamoul - Classique,Al Batal,البطل,البطل معمول,SA,Sweet snacks,19,REVIEW_UNKNOWN_TERMS,LOW,classique,openfoodfacts,https://world.openfoodfacts.org/product/6281016203423,controlled-lexicon-composition v1 (no free machine translation),مصطلح غير مغطّى بالمعجم
06281022110371,AISafi fresh laban full fat,,,كامل الدسم طازج لبن,SA,unknown,,REVIEW_UNKNOWN_TERMS,LOW,aisafi,openfoodfacts,https://world.openfoodfacts.org/product/6281022110371,controlled-lexicon-composition v1 (no free machine translation),مصطلح غير مغطّى بالمعجم
06281022118308,Activia 120 gStirred Plain Yogurt,Activia,أكتيفيا,أكتيفيا سادة زبادي,SA,unknown,,REVIEW_UNKNOWN_TERMS,LOW,gstirred,openfoodfacts,https://world.openfoodfacts.org/product/6281022118308,controlled-lexicon-composition v1 (no free machine translation),مصطلح غير مغطّى بالمعجم
06281024110218,Delicious burger with Cheddar,President,بريزيدون,بريزيدون برجر شيدر,SA,unknown,20,REVIEW_UNKNOWN_TERMS,LOW,delicious,openfoodfacts,https://world.openfoodfacts.org/product/6281024110218,controlled-lexicon-composition v1 (no free machine translation),مصطلح غير مغطّى بالمعجم
06281036115300,Lay’s salt and vinegar,,,ملح خل,GCC,Crisps,,REVIEW_UNKNOWN_TERMS,LOW,lay,openfoodfacts,https://world.openfoodfacts.org/product/6281036115300,controlled-lexicon-composition v1 (no free machine translation),مصطلح غير مغطّى بالمعجم
06281039821710,Crispy letters salt and vinegar,,,مقرمش ملح خل,SA,unknown,,REVIEW_UNKNOWN_TERMS,LOW,letters,openfoodfacts,https://world.openfoodfacts.org/product/6281039821710,controlled-lexicon-composition v1 (no free machine translation),مصطلح غير مغطّى بالمعجم
06281058107314,Alsi cola,,,كولا,SA,Beverages,,REVIEW_UNKNOWN_TERMS,LOW,alsi,openfoodfacts,https://world.openfoodfacts.org/product/6281058107314,controlled-lexicon-composition v1 (no free machine translation),مصطلح غير مغطّى بالمعجم
06281063100621,Freahly natural sliced mushroom,,,طبيعي شرائح فطر,SA,Cans-food,,REVIEW_UNKNOWN_TERMS,LOW,freahly,openfoodfacts,https://world.openfoodfacts.org/product/6281063100621,controlled-lexicon-composition v1 (no free machine translation),مصطلح غير مغطّى بالمعجم
06281063632238,Freshly papaya slices in light syrup,,فريشلي,فريشلي شرائح لايت شراب,SA,unknown,,REVIEW_UNKNOWN_TERMS,LOW,papaya,openfoodfacts,https://world.openfoodfacts.org/product/6281063632238,controlled-lexicon-composition v1 (no free machine translation),مصطلح غير مغطّى بالمعجم
06281063881544,Freshly original waffle pancake syrup,,فريشلي,فريشلي أصلي بان كيك شراب,SA,Dessert-syrup,,REVIEW_UNKNOWN_TERMS,LOW,waffle,openfoodfacts,https://world.openfoodfacts.org/product/6281063881544,controlled-lexicon-composition v1 (no free machine translation),مصطلح غير مغطّى بالمعجم
06281071111114,Marami ketchup,,,كاتشب,SA,unknown,,REVIEW_UNKNOWN_TERMS,LOW,marami,openfoodfacts,https://world.openfoodfacts.org/product/6281071111114,controlled-lexicon-composition v1 (no free machine translation),مصطلح غير مغطّى بالمعجم
06281105795815,Deluxe Mix no salt 120g,Baja,,مشكل خالي من ملح,SA,unknown,28,REVIEW_UNKNOWN_TERMS,LOW,deluxe,openfoodfacts,https://world.openfoodfacts.org/product/6281105795815,controlled-lexicon-composition v1 (no free machine translation),مصطلح غير مغطّى بالمعجم
06282505880026,Whole Wheat Pita,,,قمح,SA,unknown,,REVIEW_UNKNOWN_TERMS,LOW,whole;pita,openfoodfacts,https://world.openfoodfacts.org/product/6282505880026,controlled-lexicon-composition v1 (no free machine translation),مصطلح غير مغطّى بالمعجم
06285835001529,Galaxy minis cocnut,,جالاكسي,جالاكسي,GCC,unknown,,REVIEW_UNKNOWN_TERMS,LOW,minis;cocnut,openfoodfacts,https://world.openfoodfacts.org/product/6285835001529,controlled-lexicon-composition v1 (no free machine translation),مصطلح غير مغطّى بالمعجم
06287008110311,The premium harvest,,,فاخر,SA,unknown,,REVIEW_UNKNOWN_TERMS,LOW,harvest,openfoodfacts,https://world.openfoodfacts.org/product/6287008110311,controlled-lexicon-composition v1 (no free machine translation),مصطلح غير مغطّى بالمعجم
06287011313242,Halva finest 1kg jameel,HALVA,,,SA,unknown,1,REVIEW_UNKNOWN_TERMS,LOW,finest;jameel,openfoodfacts,https://world.openfoodfacts.org/product/6287011313242,controlled-lexicon-composition v1 (no free machine translation),مصطلح غير مغطّى بالمعجم
06287011324026,Organic ketchup 2yrs prod,Wholesome,,عضوي كاتشب,SA,Ketchup,16,REVIEW_UNKNOWN_TERMS,LOW,yrs;prod,openfoodfacts,https://world.openfoodfacts.org/product/6287011324026,controlled-lexicon-composition v1 (no free machine translation),مصطلح غير مغطّى بالمعجم
06287014280879,Puffed Corn Sweet And Sour,Flowchy,,ذرة حلو حامض,SA,unknown,20,REVIEW_UNKNOWN_TERMS,LOW,puffed,openfoodfacts,https://world.openfoodfacts.org/product/6287014280879,controlled-lexicon-composition v1 (no free machine translation),مصطلح غير مغطّى بالمعجم
06287032070018,Spark soft drink,black,,طري شراب,SA,Energy drinks,,REVIEW_UNKNOWN_TERMS,LOW,spark,openfoodfacts,https://world.openfoodfacts.org/product/6287032070018,controlled-lexicon-composition v1 (no free machine translation),مصطلح غير مغطّى بالمعجم
06287042120963,Noug camel milk strawberry flavor lactose free,Noug,,خالي اللاكتوز إبل حليب فراولة نكهة,SA,Dairies,230,REVIEW_BRAND_UNMAPPED,LOW,,openfoodfacts,https://world.openfoodfacts.org/product/6287042120963,controlled-lexicon-composition v1 (no free machine translation),علامة بلا مقابل عربي متحقَّق
06287043724146,Chocolate Cupcake,Alhatab,,شوكولاتة,SA,unknown,100,REVIEW_UNKNOWN_TERMS,LOW,cupcake,openfoodfacts,https://world.openfoodfacts.org/product/6287043724146,controlled-lexicon-composition v1 (no free machine translation),مصطلح غير مغطّى بالمعجم
06288005900493,Medjoul dates,,,تمر,SA,unknown,,REVIEW_UNKNOWN_TERMS,LOW,medjoul,openfoodfacts,https://world.openfoodfacts.org/product/6288005900493,controlled-lexicon-composition v1 (no free machine translation),مصطلح غير مغطّى بالمعجم
06289020501689,Kimchi,Galleria,,,SA,unknown,30,REVIEW_UNKNOWN_TERMS,LOW,kimchi,openfoodfacts,https://world.openfoodfacts.org/product/6289020501689,controlled-lexicon-composition v1 (no free machine translation),مصطلح غير مغطّى بالمعجم
06291003021381,Creams chocolate flavoured cream biscuits,Tiffany,تيفاني,تيفاني شوكولاتة بنكهة قشطة بسكويت,GCC,unknown,,REVIEW_UNKNOWN_TERMS,LOW,creams,openfoodfacts,https://world.openfoodfacts.org/product/6291003021381,controlled-lexicon-composition v1 (no free machine translation),مصطلح غير مغطّى بالمعجم
06291007905359,Milk Bikis,Britannia,بريتانيا,بريتانيا حليب,GCC,unknown,,REVIEW_UNKNOWN_TERMS,LOW,bikis,openfoodfacts,https://world.openfoodfacts.org/product/6291007905359,controlled-lexicon-composition v1 (no free machine translation),مصطلح غير مغطّى بالمعجم
06291007905878,Bourbon,Britannia,بريتانيا,بريتانيا,GCC,Biscuits,,REVIEW_UNKNOWN_TERMS,LOW,bourbon,openfoodfacts,https://world.openfoodfacts.org/product/6291007905878,controlled-lexicon-composition v1 (no free machine translation),مصطلح غير مغطّى بالمعجم
06291007910247,Treat creme wafers,Britannia,بريتانيا,بريتانيا ويفر,GCC,Wafers,,REVIEW_UNKNOWN_TERMS,LOW,treat;creme,openfoodfacts,https://world.openfoodfacts.org/product/6291007910247,controlled-lexicon-composition v1 (no free machine translation),مصطلح غير مغطّى بالمعجم
06291011004819,XL french cheese,,,فرنسي جبن,SA,Chips,,REVIEW_UNKNOWN_TERMS,LOW,xl,openfoodfacts,https://world.openfoodfacts.org/product/6291011004819,controlled-lexicon-composition v1 (no free machine translation),مصطلح غير مغطّى بالمعجم
06291014101744,Best Salted Pistachios,,,مملّح,GCC,Salted pistachios,,REVIEW_UNKNOWN_TERMS,LOW,best;pistachios,openfoodfacts,https://world.openfoodfacts.org/product/6291014101744,controlled-lexicon-composition v1 (no free machine translation),مصطلح غير مغطّى بالمعجم
06291014125757,Milka chocolate,,,شوكولاتة,GCC,unknown,,REVIEW_UNKNOWN_TERMS,LOW,milka,openfoodfacts,https://world.openfoodfacts.org/product/6291014125757,controlled-lexicon-composition v1 (no free machine translation),مصطلح غير مغطّى بالمعجم
06291014129427,Best corns peanut,Best,,فول سوداني,GCC,unknown,30,REVIEW_UNKNOWN_TERMS,LOW,corns,openfoodfacts,https://world.openfoodfacts.org/product/6291014129427,controlled-lexicon-composition v1 (no free machine translation),مصطلح غير مغطّى بالمعجم
06291025001750,Rehydrate,,,,GCC,unknown,,REVIEW_UNKNOWN_TERMS,LOW,rehydrate,openfoodfacts,https://world.openfoodfacts.org/product/6291025001750,controlled-lexicon-composition v1 (no free machine translation),مصطلح غير مغطّى بالمعجم
06291030006429,Greek Yoghurt Plain FULL FAT,AL RAWABI,,كامل الدسم يوناني زبادي سادة,GCC,unknown,180,REVIEW_BRAND_UNMAPPED,LOW,,openfoodfacts,https://world.openfoodfacts.org/product/6291030006429,controlled-lexicon-composition v1 (no free machine translation),علامة بلا مقابل عربي متحقَّق
06291079225201,Premium Pinnaple In Light Syrup,Farm Fresh Everyday,فارم فريش,فارم فريش فاخر لايت شراب,GCC,unknown,140,REVIEW_UNKNOWN_TERMS,LOW,pinnaple,openfoodfacts,https://world.openfoodfacts.org/product/6291079225201,controlled-lexicon-composition v1 (no free machine translation),مصطلح غير مغطّى بالمعجم
06291100607976,Flair Dubai Chocolate Pistachio Croissants Flair D,Flai,,شوكولاتة فستق,GCC,Filled croissants,40,REVIEW_UNKNOWN_TERMS,LOW,dubai;croissants,openfoodfacts,https://world.openfoodfacts.org/product/6291100607976,controlled-lexicon-composition v1 (no free machine translation),مصطلح غير مغطّى بالمعجم
06291103150011,Mazedar Plain Parat,,,سادة,GCC,Paratha,,REVIEW_UNKNOWN_TERMS,LOW,mazedar;parat,openfoodfacts,https://world.openfoodfacts.org/product/6291103150011,controlled-lexicon-composition v1 (no free machine translation),مصطلح غير مغطّى بالمعجم
06291103750099,Chunky Chat masala,,,ماسالا,GCC,unknown,,REVIEW_UNKNOWN_TERMS,LOW,chunky;chat,openfoodfacts,https://world.openfoodfacts.org/product/6291103750099,controlled-lexicon-composition v1 (no free machine translation),مصطلح غير مغطّى بالمعجم
06297000354323,Prime nuts,,,مكسرات,GCC,unknown,,REVIEW_UNKNOWN_TERMS,LOW,prime,openfoodfacts,https://world.openfoodfacts.org/product/6297000354323,controlled-lexicon-composition v1 (no free machine translation),مصطلح غير مغطّى بالمعجم
06297000687100,Frutesca,,,,GCC,fr:jus-de-fruits-tropical,,REVIEW_UNKNOWN_TERMS,LOW,frutesca,openfoodfacts,https://world.openfoodfacts.org/product/6297000687100,controlled-lexicon-composition v1 (no free machine translation),مصطلح غير مغطّى بالمعجم
06298042774582,Lamo's chocolat,,,شوكولاتة,GCC,unknown,,REVIEW_UNKNOWN_TERMS,LOW,lamo,openfoodfacts,https://world.openfoodfacts.org/product/6298042774582,controlled-lexicon-composition v1 (no free machine translation),مصطلح غير مغطّى بالمعجم
06299200035811,Arabic Bread,The Cottage Loaf,,عربي خبز,GCC,Bread Pretzels,100,REVIEW_BRAND_UNMAPPED,LOW,,openfoodfacts,https://world.openfoodfacts.org/product/6299200035811,controlled-lexicon-composition v1 (no free machine translation),علامة بلا مقابل عربي متحقَّق
06299200050944,Milk Chocolate Oaties,Chic N Choc,,حليب شوكولاتة,GCC,unknown,20,REVIEW_UNKNOWN_TERMS,LOW,oaties,openfoodfacts,https://world.openfoodfacts.org/product/6299200050944,controlled-lexicon-composition v1 (no free machine translation),مصطلح غير مغطّى بالمعجم
06299200051569,Sardines in vegetable oil,Deep blue,,زيت نباتي سردين,GCC,unknown,100,REVIEW_BRAND_UNMAPPED,LOW,,openfoodfacts,https://world.openfoodfacts.org/product/6299200051569,controlled-lexicon-composition v1 (no free machine translation),علامة بلا مقابل عربي متحقَّق
06300900290575,Gluten free brown loaf,Bakers fild,,خالي الجلوتين بني,GCC,unknown,100,REVIEW_UNKNOWN_TERMS,LOW,loaf,openfoodfacts,https://world.openfoodfacts.org/product/6300900290575,controlled-lexicon-composition v1 (no free machine translation),مصطلح غير مغطّى بالمعجم
06300900360537,Kefir Full Fat Cow,Mazzraty,مزرعتي,مزرعتي كامل الدسم كفير,GCC,unknown,240,REVIEW_UNKNOWN_TERMS,LOW,cow,openfoodfacts,https://world.openfoodfacts.org/product/6300900360537,controlled-lexicon-composition v1 (no free machine translation),مصطلح غير مغطّى بالمعجم
06300900550181,Brown Bread,London Bakery,,بني خبز,GCC,unknown,100,REVIEW_BRAND_UNMAPPED,LOW,,openfoodfacts,https://world.openfoodfacts.org/product/6300900550181,controlled-lexicon-composition v1 (no free machine translation),علامة بلا مقابل عربي متحقَّق
06924187846357,Chacheer Sunflower seeds,chacha,,دوار الشمس بذور,GCC,unknown,60,REVIEW_UNKNOWN_TERMS,LOW,chacheer,openfoodfacts,https://world.openfoodfacts.org/product/6924187846357,controlled-lexicon-composition v1 (no free machine translation),مصطلح غير مغطّى بالمعجم
06970113724053,Little donkey happy popcorn cheese,,,فشار جبن,SA,Chips,,REVIEW_UNKNOWN_TERMS,LOW,little;donkey;happy,openfoodfacts,https://world.openfoodfacts.org/product/6970113724053,controlled-lexicon-composition v1 (no free machine translation),مصطلح غير مغطّى بالمعجم
07340222801676,Recover,Vitamin Well,,,SA,unknown,500,REVIEW_UNKNOWN_TERMS,LOW,recover,openfoodfacts,https://world.openfoodfacts.org/product/7340222801676,controlled-lexicon-composition v1 (no free machine translation),مصطلح غير مغطّى بالمعجم
07613037290967,SB single origin Colombia,Starbucks,,,SA,Coffee capsules,,REVIEW_UNKNOWN_TERMS,LOW,sb;single;origin;colombia,openfoodfacts,https://world.openfoodfacts.org/product/7613037290967,controlled-lexicon-composition v1 (no free machine translation),مصطلح غير مغطّى بالمعجم
07640155340502,Double Chocolate Hazelnut Biscuits,Rhythm 108,,شوكولاتة بندق بسكويت,GCC,Chocolate biscuits,32,REVIEW_UNKNOWN_TERMS,LOW,double,openfoodfacts,https://world.openfoodfacts.org/product/7640155340502,controlled-lexicon-composition v1 (no free machine translation),مصطلح غير مغطّى بالمعجم
08680902034277,Stuffed Vine Leaves,Orbitat,,محشو,SA,unknown,33,REVIEW_UNKNOWN_TERMS,LOW,vine;leaves,openfoodfacts,https://world.openfoodfacts.org/product/8680902034277,controlled-lexicon-composition v1 (no free machine translation),مصطلح غير مغطّى بالمعجم
08699847071841,Taco shells,aly,,,SA,unknown,11.5,REVIEW_UNKNOWN_TERMS,LOW,taco;shells,openfoodfacts,https://world.openfoodfacts.org/product/8699847071841,controlled-lexicon-composition v1 (no free machine translation),مصطلح غير مغطّى بالمعجم
08902850009047,Rice Rava,Eastern,,أرز,GCC,unknown,15,REVIEW_UNKNOWN_TERMS,LOW,rava,openfoodfacts,https://world.openfoodfacts.org/product/8902850009047,controlled-lexicon-composition v1 (no free machine translation),مصطلح غير مغطّى بالمعجم
09555813200433,Yellow Pea Puff,Minni,,,SA,unknown,40,REVIEW_UNKNOWN_TERMS,LOW,yellow;pea;puff,openfoodfacts,https://world.openfoodfacts.org/product/9555813200433,controlled-lexicon-composition v1 (no free machine translation),مصطلح غير مغطّى بالمعجم
00000029628889,Smooth Penut Butter,Spinneys,سبينيس,سبينيس ناعم زبدة,GCC,unknown,100,REVIEW_UNKNOWN_TERMS,LOW,penut,openfoodfacts,https://world.openfoodfacts.org/product/29628889,controlled-lexicon-composition v1 (no free machine translation),مصطلح غير مغطّى بالمعجم
00191860184228,The Complete Muffin Choclate Chip,Laperva,لابيرفا,لابيرفا مافن,GCC,unknown,56.5,REVIEW_UNKNOWN_TERMS,LOW,complete;choclate;chip,openfoodfacts,https://world.openfoodfacts.org/product/0191860184228,controlled-lexicon-composition v1 (no free machine translation),مصطلح غير مغطّى بالمعجم
00617950804246,Alalali fruit cocktail in heavy syrup,,العلالي,العلالي فواكه كوكتيل شراب,SA,unknown,,REVIEW_UNKNOWN_TERMS,LOW,heavy,openfoodfacts,https://world.openfoodfacts.org/product/0617950804246,controlled-lexicon-composition v1 (no free machine translation),مصطلح غير مغطّى بالمعجم
00627987862058,Tofumé,Sojà,,,GCC,Smoked tofu,85,REVIEW_UNKNOWN_TERMS,LOW,tofum,openfoodfacts,https://world.openfoodfacts.org/product/0627987862058,controlled-lexicon-composition v1 (no free machine translation),مصطلح غير مغطّى بالمعجم
00628098670044,Southern Fried Chicken Breasts,Prairie Chef Gourmet Foods,,مقلي دجاج,SA,unknown,100,REVIEW_UNKNOWN_TERMS,LOW,southern;breasts,openfoodfacts,https://world.openfoodfacts.org/product/0628098670044,controlled-lexicon-composition v1 (no free machine translation),مصطلح غير مغطّى بالمعجم
00628308083015,Four Season Mix,Good Leaf,,مشكل,SA,unknown,113,REVIEW_UNKNOWN_TERMS,LOW,four;season,openfoodfacts,https://world.openfoodfacts.org/product/0628308083015,controlled-lexicon-composition v1 (no free machine translation),مصطلح غير مغطّى بالمعجم
00628451868736,organic elbows,CHICKAPEA,,عضوي,SA,unknown,85,REVIEW_UNKNOWN_TERMS,LOW,elbows,openfoodfacts,https://world.openfoodfacts.org/product/0628451868736,controlled-lexicon-composition v1 (no free machine translation),مصطلح غير مغطّى بالمعجم
00628678203617,All-in-One Shake,goodprotein,,شيك,SA,unknown,44,REVIEW_UNKNOWN_TERMS,LOW,all,openfoodfacts,https://world.openfoodfacts.org/product/0628678203617,controlled-lexicon-composition v1 (no free machine translation),مصطلح غير مغطّى بالمعجم
00628942884818,Sriracha aux cornichons,Silly Billy,,,SA,unknown,5,REVIEW_UNKNOWN_TERMS,LOW,sriracha;aux;cornichons,openfoodfacts,https://world.openfoodfacts.org/product/0628942884818,controlled-lexicon-composition v1 (no free machine translation),مصطلح غير مغطّى بالمعجم
00628942884832,Mayonnaise aux cornichons - Silly Billy,Silly Billy,,مايونيز,SA,unknown,15,REVIEW_UNKNOWN_TERMS,LOW,aux;cornichons,openfoodfacts,https://world.openfoodfacts.org/product/0628942884832,controlled-lexicon-composition v1 (no free machine translation),مصطلح غير مغطّى بالمعجم
00745853046927,ISO Whey +Collagen,Youthful Living,,واي كولاجين,GCC,unknown,300,REVIEW_UNKNOWN_TERMS,LOW,iso,openfoodfacts,https://world.openfoodfacts.org/product/0745853046927,controlled-lexicon-composition v1 (no free machine translation),مصطلح غير مغطّى بالمعجم
00850069104634,chocolate candy ganache,MY COOKIE dealer,,شوكولاتة حلوى,SA,unknown,54,REVIEW_UNKNOWN_TERMS,LOW,ganache,openfoodfacts,https://world.openfoodfacts.org/product/0850069104634,controlled-lexicon-composition v1 (no free machine translation),مصطلح غير مغطّى بالمعجم
01110000880102,Olive protein cracker,,,زيتون بروتين,GCC,unknown,,REVIEW_UNKNOWN_TERMS,LOW,cracker,openfoodfacts,https://world.openfoodfacts.org/product/1110000880102,controlled-lexicon-composition v1 (no free machine translation),مصطلح غير مغطّى بالمعجم
03038351480100,Panzani Lasagne wheat pasta,panzani,,قمح معكرونة,SA,Durum wheat pasta,,REVIEW_UNKNOWN_TERMS,LOW,lasagne,openfoodfacts,https://world.openfoodfacts.org/product/3038351480100,controlled-lexicon-composition v1 (no free machine translation),مصطلح غير مغطّى بالمعجم
03052911202087,Salted Caramel,Monin,,مملّح كراميل,GCC,unknown,,REVIEW_BRAND_UNMAPPED,LOW,,openfoodfacts,https://world.openfoodfacts.org/product/3052911202087,controlled-lexicon-composition v1 (no free machine translation),علامة بلا مقابل عربي متحقَّق
03073781194739,Kiri unique creamy taste,,كيري,كيري كريمي نكهة,SA,unknown,,REVIEW_UNKNOWN_TERMS,LOW,unique,openfoodfacts,https://world.openfoodfacts.org/product/3073781194739,controlled-lexicon-composition v1 (no free machine translation),مصطلح غير مغطّى بالمعجم
03560071090838,Cookie maxi choco pépites et chunks* de chocolat,Carrefour,كارفور,كارفور كوكيز كبير شوكولاتة شوكولاتة,GCC,Chocolate chip cookies,19,REVIEW_UNKNOWN_TERMS,LOW,pites;et;chunks,openfoodfacts,https://world.openfoodfacts.org/product/3560071090838,controlled-lexicon-composition v1 (no free machine translation),مصطلح غير مغطّى بالمعجم
03700663001129,Mayonnaise,nod,,مايونيز,GCC,Mayonnaises,,REVIEW_BRAND_UNMAPPED,LOW,,openfoodfacts,https://world.openfoodfacts.org/product/3700663001129,controlled-lexicon-composition v1 (no free machine translation),علامة بلا مقابل عربي متحقَّق
04262507121466,Crunchy Pistachio Protein Bar,Empower Nutrition,,لوح بروتين مقرمش فستق,GCC,unknown,60,REVIEW_BRAND_UNMAPPED,LOW,,openfoodfacts,https://world.openfoodfacts.org/product/4262507121466,controlled-lexicon-composition v1 (no free machine translation),علامة بلا مقابل عربي متحقَّق
04903333251216,Macadamia Milk Chocolate,Lotte,,حليب شوكولاتة,GCC,unknown,67,REVIEW_UNKNOWN_TERMS,LOW,macadamia,openfoodfacts,https://world.openfoodfacts.org/product/4903333251216,controlled-lexicon-composition v1 (no free machine translation),مصطلح غير مغطّى بالمعجم
05000159553209,Be kind nut clusters milk chocolate hazelnut,,,حليب شوكولاتة بندق,GCC,unknown,40,REVIEW_UNKNOWN_TERMS,LOW,be;kind;nut;clusters,openfoodfacts,https://world.openfoodfacts.org/product/5000159553209,controlled-lexicon-composition v1 (no free machine translation),مصطلح غير مغطّى بالمعجم
05711953164071,Puck original spreadable cheese analogue,,بوك,بوك أصلي قابل للدهن جبن,SA,unknown,,REVIEW_UNKNOWN_TERMS,LOW,analogue,openfoodfacts,https://world.openfoodfacts.org/product/5711953164071,controlled-lexicon-composition v1 (no free machine translation),مصطلح غير مغطّى بالمعجم
05900020037633,Cheerios,,,,GCC,unknown,,REVIEW_UNKNOWN_TERMS,LOW,cheerios,openfoodfacts,https://world.openfoodfacts.org/product/5900020037633,controlled-lexicon-composition v1 (no free machine translation),مصطلح غير مغطّى بالمعجم
06070600169319,Strawberry cheerios,,,فراولة,GCC,Breakfast cereals,,REVIEW_UNKNOWN_TERMS,LOW,cheerios,openfoodfacts,https://world.openfoodfacts.org/product/6070600169319,controlled-lexicon-composition v1 (no free machine translation),مصطلح غير مغطّى بالمعجم
06077348043888,Marinerte Filetstykker,Brødr Ringstad,,,GCC,unknown,,REVIEW_UNKNOWN_TERMS,LOW,marinerte;filetstykker,openfoodfacts,https://world.openfoodfacts.org/product/6077348043888,controlled-lexicon-composition v1 (no free machine translation),مصطلح غير مغطّى بالمعجم
06271005031465,smoked veal stripes,country,,مدخّن,GCC,unknown,100,REVIEW_UNKNOWN_TERMS,LOW,veal;stripes,openfoodfacts,https://world.openfoodfacts.org/product/6271005031465,controlled-lexicon-composition v1 (no free machine translation),مصطلح غير مغطّى بالمعجم
06278436469386,Jus gingerananas,,,,GCC,unknown,,REVIEW_UNKNOWN_TERMS,LOW,jus;gingerananas,openfoodfacts,https://world.openfoodfacts.org/product/6278436469386,controlled-lexicon-composition v1 (no free machine translation),مصطلح غير مغطّى بالمعجم
06281006821644,Light Mayonnaise,Hellmann's,,لايت مايونيز,GCC,unknown,15,REVIEW_BRAND_UNMAPPED,LOW,,openfoodfacts,https://world.openfoodfacts.org/product/6281006821644,controlled-lexicon-composition v1 (no free machine translation),علامة بلا مقابل عربي متحقَّق
06281011138836,Alarabi spray for sauteing,,,,SA,Oil-spray,,REVIEW_UNKNOWN_TERMS,LOW,alarabi;spray;sauteing,openfoodfacts,https://world.openfoodfacts.org/product/6281011138836,controlled-lexicon-composition v1 (no free machine translation),مصطلح غير مغطّى بالمعجم
06281012034670,Suncola,,,,SA,Beverages,,REVIEW_UNKNOWN_TERMS,LOW,suncola,openfoodfacts,https://world.openfoodfacts.org/product/6281012034670,controlled-lexicon-composition v1 (no free machine translation),مصطلح غير مغطّى بالمعجم
06281014002714,SUPER OATS CHOCO HAZELNUT,wello,,سوبر شوفان شوكولاتة بندق,SA,unknown,,REVIEW_BRAND_UNMAPPED,LOW,,openfoodfacts,https://world.openfoodfacts.org/product/6281014002714,controlled-lexicon-composition v1 (no free machine translation),علامة بلا مقابل عربي متحقَّق
06281020173880,Le lait crémier,Luna,لونا,لونا,SA,unknown,,REVIEW_UNKNOWN_TERMS,LOW,lait;cr;mier,openfoodfacts,https://world.openfoodfacts.org/product/6281020173880,controlled-lexicon-composition v1 (no free machine translation),مصطلح غير مغطّى بالمعجم
06281022134018,Triple Zero Yoghurt,YoPRO,,زيرو زبادي,SA,unknown,150,REVIEW_UNKNOWN_TERMS,LOW,triple,openfoodfacts,https://world.openfoodfacts.org/product/6281022134018,controlled-lexicon-composition v1 (no free machine translation),مصطلح غير مغطّى بالمعجم
06281022134087,Yopro vanilla protein milk,,,فانيلا بروتين حليب,GCC,unknown,250,REVIEW_UNKNOWN_TERMS,LOW,yopro,openfoodfacts,https://world.openfoodfacts.org/product/6281022134087,controlled-lexicon-composition v1 (no free machine translation),مصطلح غير مغطّى بالمعجم
06281033130603,Americana Premium Cake Bar - made with KitKat,Americana Premium,أمريكانا,أمريكانا كيك لوح,SA,unknown,35,REVIEW_UNKNOWN_TERMS,LOW,made,openfoodfacts,https://world.openfoodfacts.org/product/6281033130603,controlled-lexicon-composition v1 (no free machine translation),مصطلح غير مغطّى بالمعجم
06281033301027,swiss roll110g arabian,Americana,أمريكانا,أمريكانا رول عربي,GCC,unknown,110,REVIEW_UNKNOWN_TERMS,LOW,swiss,openfoodfacts,https://world.openfoodfacts.org/product/6281033301027,controlled-lexicon-composition v1 (no free machine translation),مصطلح غير مغطّى بالمعجم
06281034916008,Barbican malt beverage passionfruit flavor,,باربيكان,باربيكان شعير مشروب نكهة,SA,Beverages,,REVIEW_UNKNOWN_TERMS,LOW,passionfruit,openfoodfacts,https://world.openfoodfacts.org/product/6281034916008,controlled-lexicon-composition v1 (no free machine translation),مصطلح غير مغطّى بالمعجم
06281036005458,Mexican Chill,Lay's,ليز,ليز,SA,Potato crisps,,REVIEW_UNKNOWN_TERMS,LOW,mexican;chill,openfoodfacts,https://world.openfoodfacts.org/product/6281036005458,controlled-lexicon-composition v1 (no free machine translation),مصطلح غير مغطّى بالمعجم
06281036026699,Doritos dinamita flamin hot,,دوريتوس,دوريتوس حار,GCC,unknown,30,REVIEW_UNKNOWN_TERMS,LOW,dinamita;flamin,openfoodfacts,https://world.openfoodfacts.org/product/6281036026699,controlled-lexicon-composition v1 (no free machine translation),مصطلح غير مغطّى بالمعجم
06281058011147,Fifa frooty soft drink,,,طري شراب,SA,Beverages,,REVIEW_UNKNOWN_TERMS,LOW,fifa;frooty,openfoodfacts,https://world.openfoodfacts.org/product/6281058011147,controlled-lexicon-composition v1 (no free machine translation),مصطلح غير مغطّى بالمعجم
06281063450023,Freshly natural whole mushroom,,فريشلي,فريشلي طبيعي فطر,SA,Cans-food,,REVIEW_UNKNOWN_TERMS,LOW,whole,openfoodfacts,https://world.openfoodfacts.org/product/6281063450023,controlled-lexicon-composition v1 (no free machine translation),مصطلح غير مغطّى بالمعجم
06281063635550,Freshly peach halves in light syrup,,فريشلي,فريشلي خوخ لايت شراب,SA,unknown,,REVIEW_UNKNOWN_TERMS,LOW,halves,openfoodfacts,https://world.openfoodfacts.org/product/6281063635550,controlled-lexicon-composition v1 (no free machine translation),مصطلح غير مغطّى بالمعجم
06281073112263,Empanada Dough,Sunbulah,سنبلة,سنبلة عجينة,SA,unknown,15,REVIEW_UNKNOWN_TERMS,LOW,empanada,openfoodfacts,https://world.openfoodfacts.org/product/6281073112263,controlled-lexicon-composition v1 (no free machine translation),مصطلح غير مغطّى بالمعجم
06281100362821,Spicy Tortilla Wrap,Yaumi,,حار تورتيلا,SA,unknown,40,REVIEW_UNKNOWN_TERMS,LOW,wrap,openfoodfacts,https://world.openfoodfacts.org/product/6281100362821,controlled-lexicon-composition v1 (no free machine translation),مصطلح غير مغطّى بالمعجم
06281101491421,Tierna white meat tuna in sunflower oil,Alkhair,,زيت دوار الشمس أبيض لحم تونة,SA,unknown,,REVIEW_UNKNOWN_TERMS,LOW,tierna,openfoodfacts,https://world.openfoodfacts.org/product/6281101491421,controlled-lexicon-composition v1 (no free machine translation),مصطلح غير مغطّى بالمعجم
06281103692802,W2 multivitamin soft drink,,,طري شراب,SA,unknown,,REVIEW_UNKNOWN_TERMS,LOW,multivitamin,openfoodfacts,https://world.openfoodfacts.org/product/6281103692802,controlled-lexicon-composition v1 (no free machine translation),مصطلح غير مغطّى بالمعجم
06281105790087,Salted Cashew,Baja,,مملّح كاجو,SA,unknown,28,REVIEW_BRAND_UNMAPPED,LOW,,openfoodfacts,https://world.openfoodfacts.org/product/6281105790087,controlled-lexicon-composition v1 (no free machine translation),علامة بلا مقابل عربي متحقَّق
06281106254380,Safawi dates,,,تمر,SA,unknown,,REVIEW_UNKNOWN_TERMS,LOW,safawi,openfoodfacts,https://world.openfoodfacts.org/product/6281106254380,controlled-lexicon-composition v1 (no free machine translation),مصطلح غير مغطّى بالمعجم
06283412884008,PopWorks Sweet BBQ,PopWorks,,حلو,SA,Barbecue crisps,,REVIEW_UNKNOWN_TERMS,LOW,bbq,openfoodfacts,https://world.openfoodfacts.org/product/6283412884008,controlled-lexicon-composition v1 (no free machine translation),مصطلح غير مغطّى بالمعجم
06287007090782,Premium chicken shish Taouk,,,فاخر دجاج,SA,unknown,,REVIEW_UNKNOWN_TERMS,LOW,shish;taouk,openfoodfacts,https://world.openfoodfacts.org/product/6287007090782,controlled-lexicon-composition v1 (no free machine translation),مصطلح غير مغطّى بالمعجم
06287007762719,Kombucha ginger and lemon,Zad Madina,,زنجبيل ليمون,SA,unknown,100,REVIEW_UNKNOWN_TERMS,LOW,kombucha,openfoodfacts,https://world.openfoodfacts.org/product/6287007762719,controlled-lexicon-composition v1 (no free machine translation),مصطلح غير مغطّى بالمعجم
06287009340021,Tanour healthy bread,,,خبز,SA,unknown,0.5,REVIEW_UNKNOWN_TERMS,LOW,tanour;healthy,openfoodfacts,https://world.openfoodfacts.org/product/6287009340021,controlled-lexicon-composition v1 (no free machine translation),مصطلح غير مغطّى بالمعجم
06287034100942,kinza Carbonated Drink (Blackcurrant) 250 ml,Kinza,كينزا,كينزا شراب,GCC,Carbonated fruit soft drink,100,REVIEW_UNKNOWN_TERMS,LOW,carbonated;blackcurrant,openfoodfacts,https://world.openfoodfacts.org/product/6287034100942,controlled-lexicon-composition v1 (no free machine translation),مصطلح غير مغطّى بالمعجم
06287042120987,Noug camel milk lavender flavor lactose free,,,خالي اللاكتوز إبل حليب نكهة,SA,Dairies,,REVIEW_UNKNOWN_TERMS,LOW,noug;lavender,openfoodfacts,https://world.openfoodfacts.org/product/6287042120987,controlled-lexicon-composition v1 (no free machine translation),مصطلح غير مغطّى بالمعجم
06290340570408,Kettle Cooked Sweet Chili Chipa,Just,,مطبوخ حلو شطة,GCC,unknown,25,REVIEW_UNKNOWN_TERMS,LOW,kettle;chipa,openfoodfacts,https://world.openfoodfacts.org/product/6290340570408,controlled-lexicon-composition v1 (no free machine translation),مصطلح غير مغطّى بالمعجم
06290361831083,Chicken Shawarma Frozen,Sera,,دجاج شاورما مجمّد,SA,unknown,100,REVIEW_BRAND_UNMAPPED,LOW,,openfoodfacts,https://world.openfoodfacts.org/product/6290361831083,controlled-lexicon-composition v1 (no free machine translation),علامة بلا مقابل عربي متحقَّق
06291011008206,XL extreme thai sweet chili,,,حلو شطة,SA,Chips,,REVIEW_UNKNOWN_TERMS,LOW,xl;extreme;thai,openfoodfacts,https://world.openfoodfacts.org/product/6291011008206,controlled-lexicon-composition v1 (no free machine translation),مصطلح غير مغطّى بالمعجم
06291011008442,XL twinkle ketchup,,,كاتشب,SA,Chips,,REVIEW_UNKNOWN_TERMS,LOW,xl;twinkle,openfoodfacts,https://world.openfoodfacts.org/product/6291011008442,controlled-lexicon-composition v1 (no free machine translation),مصطلح غير مغطّى بالمعجم
06291104284142,Small oat flakes OL,,,شوفان رقائق,GCC,unknown,,REVIEW_UNKNOWN_TERMS,LOW,small;ol,openfoodfacts,https://world.openfoodfacts.org/product/6291104284142,controlled-lexicon-composition v1 (no free machine translation),مصطلح غير مغطّى بالمعجم
06291106449303,Graines de Chia,,,شيا,GCC,Chia,,REVIEW_UNKNOWN_TERMS,LOW,graines,openfoodfacts,https://world.openfoodfacts.org/product/6291106449303,controlled-lexicon-composition v1 (no free machine translation),مصطلح غير مغطّى بالمعجم
06291107835488,malabar porotta,soorya,,,GCC,329-7,,REVIEW_UNKNOWN_TERMS,LOW,malabar;porotta,openfoodfacts,https://world.openfoodfacts.org/product/6291107835488,controlled-lexicon-composition v1 (no free machine translation),مصطلح غير مغطّى بالمعجم
06294014711500,Assorted Baklawa,,,مشكل,GCC,Baklava,,REVIEW_UNKNOWN_TERMS,LOW,baklawa,openfoodfacts,https://world.openfoodfacts.org/product/6294014711500,controlled-lexicon-composition v1 (no free machine translation),مصطلح غير مغطّى بالمعجم
06294017118962,Spring Season Soup,Maggi,ماجي,ماجي شوربة,GCC,unknown,100,REVIEW_UNKNOWN_TERMS,LOW,spring;season,openfoodfacts,https://world.openfoodfacts.org/product/6294017118962,controlled-lexicon-composition v1 (no free machine translation),مصطلح غير مغطّى بالمعجم
06297000361314,Al Barakah Dates,,,تمر,GCC,Dates,,REVIEW_UNKNOWN_TERMS,LOW,al;barakah,openfoodfacts,https://world.openfoodfacts.org/product/6297000361314,controlled-lexicon-composition v1 (no free machine translation),مصطلح غير مغطّى بالمعجم
06297001393741,Plant-Based Burger Patties,Switch,,نباتي برجر,GCC,unknown,113,REVIEW_UNKNOWN_TERMS,LOW,based;patties,openfoodfacts,https://world.openfoodfacts.org/product/6297001393741,controlled-lexicon-composition v1 (no free machine translation),مصطلح غير مغطّى بالمعجم
06299200044592,Chopped Spinach,Freshly Pick,فريشلي,فريشلي,GCC,unknown,,REVIEW_UNKNOWN_TERMS,LOW,chopped;spinach,openfoodfacts,https://world.openfoodfacts.org/product/6299200044592,controlled-lexicon-composition v1 (no free machine translation),مصطلح غير مغطّى بالمعجم
06299200054140,Tartlets,,,,GCC,unknown,,REVIEW_UNKNOWN_TERMS,LOW,tartlets,openfoodfacts,https://world.openfoodfacts.org/product/6299200054140,controlled-lexicon-composition v1 (no free machine translation),مصطلح غير مغطّى بالمعجم
07753121004084,Amarillin,Sibarita,,,GCC,unknown,,REVIEW_UNKNOWN_TERMS,LOW,amarillin,openfoodfacts,https://world.openfoodfacts.org/product/7753121004084,controlled-lexicon-composition v1 (no free machine translation),مصطلح غير مغطّى بالمعجم
07891515553883,Chicken Breast Cube,Sadia,ساديا,ساديا دجاج صدر,GCC,unknown,100,REVIEW_UNKNOWN_TERMS,LOW,cube,openfoodfacts,https://world.openfoodfacts.org/product/7891515553883,controlled-lexicon-composition v1 (no free machine translation),مصطلح غير مغطّى بالمعجم
08004690051573,Spaghetti N°15,La Molisana,,سباغيتي,GCC,Durum wheat spaghetti,500,REVIEW_BRAND_UNMAPPED,LOW,,openfoodfacts,https://world.openfoodfacts.org/product/8004690051573,controlled-lexicon-composition v1 (no free machine translation),علامة بلا مقابل عربي متحقَّق
08437024935391,Rahma extra virgin olive oil lemon flavored,,,زيت زيتون إكسترا ليمون بنكهة,SA,Oil-spray,,REVIEW_UNKNOWN_TERMS,LOW,rahma;virgin,openfoodfacts,https://world.openfoodfacts.org/product/8437024935391,controlled-lexicon-composition v1 (no free machine translation),مصطلح غير مغطّى بالمعجم
08906123581278,Peanut Butter,Scrunch,,زبدة فول سوداني,GCC,unknown,100,REVIEW_BRAND_UNMAPPED,LOW,,openfoodfacts,https://world.openfoodfacts.org/product/8906123581278,controlled-lexicon-composition v1 (no free machine translation),علامة بلا مقابل عربي متحقَّق
08998866806343,Mie sedaap instant noodles crunchy fried onion kriuk,,,سريع التحضير نودلز مقرمش مقلي بصل,SA,Noodles,,REVIEW_UNKNOWN_TERMS,LOW,mie;sedaap;kriuk,openfoodfacts,https://world.openfoodfacts.org/product/8998866806343,controlled-lexicon-composition v1 (no free machine translation),مصطلح غير مغطّى بالمعجم
09010128121403,ISO Whey Protein Vanilla,Women’s Best,,واي بروتين فانيلا,GCC,unknown,30,REVIEW_UNKNOWN_TERMS,LOW,iso,openfoodfacts,https://world.openfoodfacts.org/product/9010128121403,controlled-lexicon-composition v1 (no free machine translation),مصطلح غير مغطّى بالمعجم
09310885115517,CRUNCHY PEANUT BUTTER,MAYVER'S,,زبدة فول سوداني مقرمش,SA,Crunchy peanut butters,20,REVIEW_BRAND_UNMAPPED,LOW,,openfoodfacts,https://world.openfoodfacts.org/product/9310885115517,controlled-lexicon-composition v1 (no free machine translation),علامة بلا مقابل عربي متحقَّق
09555050302860,Bibigo cheese tteokbokki ramyun,,,جبن,SA,Noodles,,REVIEW_UNKNOWN_TERMS,LOW,bibigo;tteokbokki;ramyun,openfoodfacts,https://world.openfoodfacts.org/product/9555050302860,controlled-lexicon-composition v1 (no free machine translation),مصطلح غير مغطّى بالمعجم
00000029616817,Barbecue Hand-Cooked Crisps,Spinney’s Food,,مطبوخ شيبس,SA,unknown,100,REVIEW_UNKNOWN_TERMS,LOW,barbecue;hand,openfoodfacts,https://world.openfoodfacts.org/product/29616817,controlled-lexicon-composition v1 (no free machine translation),مصطلح غير مغطّى بالمعجم
00011110144348,Multigrain Wide Pan Bread,Private Selection,,حبوب متعددة خبز,SA,Breads,45,REVIEW_UNKNOWN_TERMS,LOW,wide;pan,openfoodfacts,https://world.openfoodfacts.org/product/0011110144348,controlled-lexicon-composition v1 (no free machine translation),مصطلح غير مغطّى بالمعجم
00020000199658,Sauced Veggies Cheesy Rice & Broccoli,Green Giant,,أرز,SA,unknown,283,REVIEW_UNKNOWN_TERMS,LOW,sauced;veggies;cheesy;broccoli,openfoodfacts,https://world.openfoodfacts.org/product/0020000199658,controlled-lexicon-composition v1 (no free machine translation),مصطلح غير مغطّى بالمعجم
00084213006653,Mestemacher Organic Flax Seed Bread imp,Mestemacher,,عضوي كتان بذور خبز,SA,Long-life-bread,56,REVIEW_UNKNOWN_TERMS,LOW,imp,openfoodfacts,https://world.openfoodfacts.org/product/0084213006653,controlled-lexicon-composition v1 (no free machine translation),مصطلح غير مغطّى بالمعجم
00609492710550,Orange Mango Flavour Electrolyte,Hydration Plus,,برتقال مانجو نكهة,SA,unknown,9,REVIEW_UNKNOWN_TERMS,LOW,electrolyte,openfoodfacts,https://world.openfoodfacts.org/product/0609492710550,controlled-lexicon-composition v1 (no free machine translation),مصطلح غير مغطّى بالمعجم
00617950700197,Alalali mushrooms whole,,العلالي,العلالي فطر,SA,unknown,,REVIEW_UNKNOWN_TERMS,LOW,whole,openfoodfacts,https://world.openfoodfacts.org/product/0617950700197,controlled-lexicon-composition v1 (no free machine translation),مصطلح غير مغطّى بالمعجم
00620514000701,Mixed Pickle in Oil,National,,مشكل مخلل زيت,SA,Groceries,,REVIEW_BRAND_UNMAPPED,LOW,,openfoodfacts,https://world.openfoodfacts.org/product/0620514000701,controlled-lexicon-composition v1 (no free machine translation),علامة بلا مقابل عربي متحقَّق
00627735261713,Sliced Bananas,Great Value,جريت فاليو,جريت فاليو شرائح,GCC,unknown,140,REVIEW_UNKNOWN_TERMS,LOW,bananas,openfoodfacts,https://world.openfoodfacts.org/product/0627735261713,controlled-lexicon-composition v1 (no free machine translation),مصطلح غير مغطّى بالمعجم
00628081005570,N-ISO Hydrolyzed Whey Protein Isolate,ANS Performance,,واي بروتين آيزوليت,SA,unknown,30,REVIEW_UNKNOWN_TERMS,LOW,iso;hydrolyzed,openfoodfacts,https://world.openfoodfacts.org/product/0628081005570,controlled-lexicon-composition v1 (no free machine translation),مصطلح غير مغطّى بالمعجم
00629098282084,Stoopwaffle,Maple Terroir,,,GCC,unknown,34,REVIEW_UNKNOWN_TERMS,LOW,stoopwaffle,openfoodfacts,https://world.openfoodfacts.org/product/0629098282084,controlled-lexicon-composition v1 (no free machine translation),مصطلح غير مغطّى بالمعجم
00709993309038,PEANUT BUTTER NATURLAND,Natureland,نيتشرلاند,نيتشرلاند زبدة فول سوداني,GCC,unknown,34,REVIEW_UNKNOWN_TERMS,LOW,naturland,openfoodfacts,https://world.openfoodfacts.org/product/0709993309038,controlled-lexicon-composition v1 (no free machine translation),مصطلح غير مغطّى بالمعجم
03073781157031,La vache qui rit creamy taste,La vache qui rit,,كريمي نكهة,SA,unknown,,REVIEW_BRAND_UNMAPPED,LOW,,openfoodfacts,https://world.openfoodfacts.org/product/3073781157031,controlled-lexicon-composition v1 (no free machine translation),علامة بلا مقابل عربي متحقَّق
03350033902602,Pain burger complet maxi,Monoprix,مونوبري,مونوبري برجر كبير,GCC,Wholemeal rolls for hamburger,,REVIEW_UNKNOWN_TERMS,LOW,pain;complet,openfoodfacts,https://world.openfoodfacts.org/product/3350033902602,controlled-lexicon-composition v1 (no free machine translation),مصطلح غير مغطّى بالمعجم
04000415856601,White Chocolate,Schogetten,,أبيض شوكولاتة,GCC,White chocolates,5.555,REVIEW_BRAND_UNMAPPED,LOW,,openfoodfacts,https://world.openfoodfacts.org/product/4000415856601,controlled-lexicon-composition v1 (no free machine translation),علامة بلا مقابل عربي متحقَّق
04008713712681,Poppins choco bites chocolate flavored toasted rice cereal,,,شوكولاتة قطع شوكولاتة بنكهة أرز حبوب إفطار,SA,Cereals and their products,,REVIEW_UNKNOWN_TERMS,LOW,poppins;toasted,openfoodfacts,https://world.openfoodfacts.org/product/4008713712681,controlled-lexicon-composition v1 (no free machine translation),مصطلح غير مغطّى بالمعجم
04070308036151,Party Garnelen,Rewe Bio,,,GCC,unknown,100,REVIEW_UNKNOWN_TERMS,LOW,party;garnelen,openfoodfacts,https://world.openfoodfacts.org/product/4070308036151,controlled-lexicon-composition v1 (no free machine translation),مصطلح غير مغطّى بالمعجم
04800523440316,Sweet corn,Tomi,,ذرة حلوة,GCC,Salty snacks,30,REVIEW_BRAND_UNMAPPED,LOW,,openfoodfacts,https://world.openfoodfacts.org/product/4800523440316,controlled-lexicon-composition v1 (no free machine translation),علامة بلا مقابل عربي متحقَّق
05059883308500,Pea Protein Isolate - Unflavoured,MyVegan (My Protein),,بروتين آيزوليت,GCC,unknown,30,REVIEW_UNKNOWN_TERMS,LOW,pea;unflavoured,openfoodfacts,https://world.openfoodfacts.org/product/5059883308500,controlled-lexicon-composition v1 (no free machine translation),مصطلح غير مغطّى بالمعجم
05285000391029,Indomie instant noodles special chicken flavor,,إندومي,إندومي سريع التحضير نودلز دجاج نكهة,GCC,unknown,,REVIEW_UNKNOWN_TERMS,LOW,special,openfoodfacts,https://world.openfoodfacts.org/product/5285000391029,controlled-lexicon-composition v1 (no free machine translation),مصطلح غير مغطّى بالمعجم
05285008740393,Innocent sweets chocolate granola,,,شوكولاتة جرانولا,SA,unknown,,REVIEW_UNKNOWN_TERMS,LOW,innocent;sweets,openfoodfacts,https://world.openfoodfacts.org/product/5285008740393,controlled-lexicon-composition v1 (no free machine translation),مصطلح غير مغطّى بالمعجم
05900020039705,Nestle country chocolate cereal,,نستله,نستله شوكولاتة حبوب إفطار,SA,unknown,,REVIEW_UNKNOWN_TERMS,LOW,country,openfoodfacts,https://world.openfoodfacts.org/product/5900020039705,controlled-lexicon-composition v1 (no free machine translation),مصطلح غير مغطّى بالمعجم
06079819545440,Spaghetti sans gluten,Barilla,باريلا,باريلا سباغيتي,GCC,unknown,250,REVIEW_UNKNOWN_TERMS,LOW,sans;gluten,openfoodfacts,https://world.openfoodfacts.org/product/6079819545440,controlled-lexicon-composition v1 (no free machine translation),مصطلح غير مغطّى بالمعجم
06084012090161,Kraft cheddar cheese speead original,,كرافت,كرافت جبن شيدر أصلي,SA,unknown,100,REVIEW_UNKNOWN_TERMS,LOW,speead,openfoodfacts,https://world.openfoodfacts.org/product/6084012090161,controlled-lexicon-composition v1 (no free machine translation),مصطلح غير مغطّى بالمعجم
06223000411094,Lion zigz spiced cheese,,,جبن,SA,Chips,,REVIEW_UNKNOWN_TERMS,LOW,lion;zigz;spiced,openfoodfacts,https://world.openfoodfacts.org/product/6223000411094,controlled-lexicon-composition v1 (no free machine translation),مصطلح غير مغطّى بالمعجم
06251036300907,Mr.tortilla flame carnaval,,,تورتيلا,SA,Chips,,REVIEW_UNKNOWN_TERMS,LOW,mr;flame;carnaval,openfoodfacts,https://world.openfoodfacts.org/product/6251036300907,controlled-lexicon-composition v1 (no free machine translation),مصطلح غير مغطّى بالمعجم
06253361264640,Frozen Bisco Cream,Chocolake,,مجمّد قشطة,GCC,unknown,,REVIEW_UNKNOWN_TERMS,LOW,bisco,openfoodfacts,https://world.openfoodfacts.org/product/6253361264640,controlled-lexicon-composition v1 (no free machine translation),مصطلح غير مغطّى بالمعجم
06270092007018,Lemon Lime Fruit Bar,Solero,,ليمون ليمون أخضر فواكه لوح,GCC,unknown,70.8,REVIEW_BRAND_UNMAPPED,LOW,,openfoodfacts,https://world.openfoodfacts.org/product/6270092007018,controlled-lexicon-composition v1 (no free machine translation),علامة بلا مقابل عربي متحقَّق
06271000734828,VIP Khalas Dates,Baraka Dated,,تمر,GCC,unknown,,REVIEW_UNKNOWN_TERMS,LOW,vip;khalas,openfoodfacts,https://world.openfoodfacts.org/product/6271000734828,controlled-lexicon-composition v1 (no free machine translation),مصطلح غير مغطّى بالمعجم
06271005006739,Smoked Turkey,Khazan,,مدخّن ديك رومي,GCC,Turkeys,48,REVIEW_BRAND_UNMAPPED,LOW,,openfoodfacts,https://world.openfoodfacts.org/product/6271005006739,controlled-lexicon-composition v1 (no free machine translation),علامة بلا مقابل عربي متحقَّق
06275000520238,Pastrami,Al Mawashi,,بسطرمة,GCC,unknown,100,REVIEW_BRAND_UNMAPPED,LOW,,openfoodfacts,https://world.openfoodfacts.org/product/6275000520238,controlled-lexicon-composition v1 (no free machine translation),علامة بلا مقابل عربي متحقَّق
06279000004040,Rych Peanut Butter Protein Bites,Rych,,زبدة فول سوداني بروتين قطع,GCC,unknown,60,REVIEW_BRAND_UNMAPPED,LOW,,openfoodfacts,https://world.openfoodfacts.org/product/6279000004040,controlled-lexicon-composition v1 (no free machine translation),علامة بلا مقابل عربي متحقَّق
06281007038980,Al marai Banana Milk,,,موز حليب,SA,Flavoured milks,150,REVIEW_UNKNOWN_TERMS,LOW,al;marai,openfoodfacts,https://world.openfoodfacts.org/product/6281007038980,controlled-lexicon-composition v1 (no free machine translation),مصطلح غير مغطّى بالمعجم
06281007044073,L’usine,Almarai,المراعي,المراعي,GCC,Fairy cakes,30,REVIEW_UNKNOWN_TERMS,LOW,usine,openfoodfacts,https://world.openfoodfacts.org/product/6281007044073,controlled-lexicon-composition v1 (no free machine translation),مصطلح غير مغطّى بالمعجم
06281007051101,Farms 250 mlselect pineapple juice,Almarai,المراعي,المراعي مزارع أناناس عصير,GCC,unknown,,REVIEW_UNKNOWN_TERMS,LOW,mlselect,openfoodfacts,https://world.openfoodfacts.org/product/6281007051101,controlled-lexicon-composition v1 (no free machine translation),مصطلح غير مغطّى بالمعجم
06281014305990,Treva chickpeas,,,حمص,SA,Canned foods,,REVIEW_UNKNOWN_TERMS,LOW,treva,openfoodfacts,https://world.openfoodfacts.org/product/6281014305990,controlled-lexicon-composition v1 (no free machine translation),مصطلح غير مغطّى بالمعجم
06281016012247,Chocolate Biscuits with Vanilla Cream,Ringo,,شوكولاتة بسكويت فانيلا قشطة,SA,Filled biscuits,38,REVIEW_BRAND_UNMAPPED,LOW,,openfoodfacts,https://world.openfoodfacts.org/product/6281016012247,controlled-lexicon-composition v1 (no free machine translation),علامة بلا مقابل عربي متحقَّق
06281020174382,Luna peeled foul secret recipe,,لونا,لونا فول وصفة,SA,unknown,,REVIEW_UNKNOWN_TERMS,LOW,peeled;secret,openfoodfacts,https://world.openfoodfacts.org/product/6281020174382,controlled-lexicon-composition v1 (no free machine translation),مصطلح غير مغطّى بالمعجم
06281022117387,Activivia yogurt,Activia,أكتيفيا,أكتيفيا زبادي,SA,Yogurts,,REVIEW_UNKNOWN_TERMS,LOW,activivia,openfoodfacts,https://world.openfoodfacts.org/product/6281022117387,controlled-lexicon-composition v1 (no free machine translation),مصطلح غير مغطّى بالمعجم
06281033414956,Choco Cookies (Double Chocolate Chips),Americana,أمريكانا,أمريكانا شوكولاتة كوكيز شوكولاتة شيبس,GCC,Chocolate chip cookies,100,REVIEW_UNKNOWN_TERMS,LOW,double,openfoodfacts,https://world.openfoodfacts.org/product/6281033414956,controlled-lexicon-composition v1 (no free machine translation),مصطلح غير مغطّى بالمعجم
06281036197207,Lay’s forno authentic cheese,Lay’s,,جبن,GCC,Crisps made from reconstituted potato,30,REVIEW_UNKNOWN_TERMS,LOW,forno;authentic,openfoodfacts,https://world.openfoodfacts.org/product/6281036197207,controlled-lexicon-composition v1 (no free machine translation),مصطلح غير مغطّى بالمعجم
06281057012244,Nadac fresh milk full fat,,,حليب طازج كامل الدسم,GCC,Dairies,,REVIEW_UNKNOWN_TERMS,LOW,nadac,openfoodfacts,https://world.openfoodfacts.org/product/6281057012244,controlled-lexicon-composition v1 (no free machine translation),مصطلح غير مغطّى بالمعجم
06281101731848,Ajwa al-madina,,,عجوة,SA,unknown,,REVIEW_UNKNOWN_TERMS,LOW,al;madina,openfoodfacts,https://world.openfoodfacts.org/product/6281101731848,controlled-lexicon-composition v1 (no free machine translation),مصطلح غير مغطّى بالمعجم
06281103690259,Linda citrus,,,حمضيات,SA,Beverages,,REVIEW_UNKNOWN_TERMS,LOW,linda,openfoodfacts,https://world.openfoodfacts.org/product/6281103690259,controlled-lexicon-composition v1 (no free machine translation),مصطلح غير مغطّى بالمعجم
06281183001549,7 days swiss roll red,7days,,رول أحمر,SA,Cake-roll,55,REVIEW_UNKNOWN_TERMS,LOW,days;swiss,openfoodfacts,https://world.openfoodfacts.org/product/6281183001549,controlled-lexicon-composition v1 (no free machine translation),مصطلح غير مغطّى بالمعجم
06283760945451,American sandwich,,,ساندويتش,SA,unknown,,REVIEW_UNKNOWN_TERMS,LOW,american,openfoodfacts,https://world.openfoodfacts.org/product/6283760945451,controlled-lexicon-composition v1 (no free machine translation),مصطلح غير مغطّى بالمعجم
06285602013335,Deemah crunchy corn flaming hot,,ديمة,ديمة مقرمش ذرة حار,SA,Chips,,REVIEW_UNKNOWN_TERMS,LOW,flaming,openfoodfacts,https://world.openfoodfacts.org/product/6285602013335,controlled-lexicon-composition v1 (no free machine translation),مصطلح غير مغطّى بالمعجم
06285806000735,Cherry Drink,Santé,,شراب,SA,unknown,100,REVIEW_UNKNOWN_TERMS,LOW,cherry,openfoodfacts,https://world.openfoodfacts.org/product/6285806000735,controlled-lexicon-composition v1 (no free machine translation),مصطلح غير مغطّى بالمعجم
06287005470883,Dattes naturelles,,,تمر,SA,unknown,,REVIEW_UNKNOWN_TERMS,LOW,naturelles,openfoodfacts,https://world.openfoodfacts.org/product/6287005470883,controlled-lexicon-composition v1 (no free machine translation),مصطلح غير مغطّى بالمعجم
06287005840136,Dates sukari rutab,Tamara,,تمر,SA,Dates,100,REVIEW_UNKNOWN_TERMS,LOW,sukari;rutab,openfoodfacts,https://world.openfoodfacts.org/product/6287005840136,controlled-lexicon-composition v1 (no free machine translation),مصطلح غير مغطّى بالمعجم
06287029390198,Cupio Prem Pista Roastd&Sea Salt,Cupio Snack,,بحري ملح,GCC,unknown,25,REVIEW_UNKNOWN_TERMS,LOW,cupio;prem;pista;roastd,openfoodfacts,https://world.openfoodfacts.org/product/6287029390198,controlled-lexicon-composition v1 (no free machine translation),مصطلح غير مغطّى بالمعجم
06289504380229,Ajwa al madinah,,,عجوة,SA,unknown,,REVIEW_UNKNOWN_TERMS,LOW,al;madinah,openfoodfacts,https://world.openfoodfacts.org/product/6289504380229,controlled-lexicon-composition v1 (no free machine translation),مصطلح غير مغطّى بالمعجم
06290090017703,Carrés de fromage crémeux,Kraft,كرافت,كرافت,GCC,Cheese spreads,,REVIEW_UNKNOWN_TERMS,LOW,carr;fromage;cr;meux,openfoodfacts,https://world.openfoodfacts.org/product/6290090017703,controlled-lexicon-composition v1 (no free machine translation),مصطلح غير مغطّى بالمعجم
06290267168672,Pistachio Chocolate,I Love Dubai,,فستق شوكولاتة,GCC,unknown,10,REVIEW_BRAND_UNMAPPED,LOW,,openfoodfacts,https://world.openfoodfacts.org/product/6290267168672,controlled-lexicon-composition v1 (no free machine translation),علامة بلا مقابل عربي متحقَّق
06291003011849,Choco chip cookies,Tiffany,تيفاني,تيفاني شوكولاتة كوكيز,GCC,Candy chocolate bars,,REVIEW_UNKNOWN_TERMS,LOW,chip,openfoodfacts,https://world.openfoodfacts.org/product/6291003011849,controlled-lexicon-composition v1 (no free machine translation),مصطلح غير مغطّى بالمعجم
06291003309694,Pure Sunflower Oil,Allegro,,زيت دوار الشمس نقي,GCC,unknown,13,REVIEW_BRAND_UNMAPPED,LOW,,openfoodfacts,https://world.openfoodfacts.org/product/6291003309694,controlled-lexicon-composition v1 (no free machine translation),علامة بلا مقابل عربي متحقَّق
06291011056405,Almond dates Dark Chocolate coates,Carrefour,كارفور,كارفور لوز تمر داكن شوكولاتة,GCC,unknown,,REVIEW_UNKNOWN_TERMS,LOW,coates,openfoodfacts,https://world.openfoodfacts.org/product/6291011056405,controlled-lexicon-composition v1 (no free machine translation),مصطلح غير مغطّى بالمعجم
06291011064295,Dubai Chocodate,The Dubai,تشوكوديت,تشوكوديت,GCC,unknown,12.5,REVIEW_UNKNOWN_TERMS,LOW,dubai,openfoodfacts,https://world.openfoodfacts.org/product/6291011064295,controlled-lexicon-composition v1 (no free machine translation),مصطلح غير مغطّى بالمعجم
06291014116663,Öjoï tamrah,Tamrah,,,GCC,unknown,15,REVIEW_UNKNOWN_TERMS,LOW,jo,openfoodfacts,https://world.openfoodfacts.org/product/6291014116663,controlled-lexicon-composition v1 (no free machine translation),مصطلح غير مغطّى بالمعجم
06291014121971,Dattes aux chocolats au lait,,,تمر,GCC,Chocolate-covered-fruits,,REVIEW_UNKNOWN_TERMS,LOW,aux;chocolats;au;lait,openfoodfacts,https://world.openfoodfacts.org/product/6291014121971,controlled-lexicon-composition v1 (no free machine translation),مصطلح غير مغطّى بالمعجم
06291030006122,Date Milk,Alrawabi,,تمر حليب,GCC,unknown,,REVIEW_BRAND_UNMAPPED,LOW,,openfoodfacts,https://world.openfoodfacts.org/product/6291030006122,controlled-lexicon-composition v1 (no free machine translation),علامة بلا مقابل عربي متحقَّق
06291100213504,Datteln Lulu,,لولو,لولو,GCC,Dates,,REVIEW_UNKNOWN_TERMS,LOW,datteln,openfoodfacts,https://world.openfoodfacts.org/product/6291100213504,controlled-lexicon-composition v1 (no free machine translation),مصطلح غير مغطّى بالمعجم
06291105694254,Bugles smokin bbq flavor,,,نكهة,SA,unknown,15,REVIEW_UNKNOWN_TERMS,LOW,bugles;smokin;bbq,openfoodfacts,https://world.openfoodfacts.org/product/6291105694254,controlled-lexicon-composition v1 (no free machine translation),مصطلح غير مغطّى بالمعجم
06291105694490,Bugles sweet chili,,,حلو شطة,SA,unknown,,REVIEW_UNKNOWN_TERMS,LOW,bugles,openfoodfacts,https://world.openfoodfacts.org/product/6291105694490,controlled-lexicon-composition v1 (no free machine translation),مصطلح غير مغطّى بالمعجم
06291106534702,Mazafati fresh dates,,,طازج تمر,GCC,unknown,,REVIEW_UNKNOWN_TERMS,LOW,mazafati,openfoodfacts,https://world.openfoodfacts.org/product/6291106534702,controlled-lexicon-composition v1 (no free machine translation),مصطلح غير مغطّى بالمعجم
06291107559285,Whole Wheat Spaghetti,Earth Goods,,قمح سباغيتي,GCC,unknown,,REVIEW_UNKNOWN_TERMS,LOW,whole,openfoodfacts,https://world.openfoodfacts.org/product/6291107559285,controlled-lexicon-composition v1 (no free machine translation),مصطلح غير مغطّى بالمعجم
06297000037493,CC SMK Salmon,,,سلمون,GCC,unknown,,REVIEW_UNKNOWN_TERMS,LOW,cc;smk,openfoodfacts,https://world.openfoodfacts.org/product/6297000037493,controlled-lexicon-composition v1 (no free machine translation),مصطلح غير مغطّى بالمعجم
06297000756950,Marsh and Marlow,,,,GCC,Candies,,REVIEW_UNKNOWN_TERMS,LOW,marsh;marlow,openfoodfacts,https://world.openfoodfacts.org/product/6297000756950,controlled-lexicon-composition v1 (no free machine translation),مصطلح غير مغطّى بالمعجم
06297001083499,Cultured Kefir,baladé farms,,كفير,SA,unknown,,REVIEW_UNKNOWN_TERMS,LOW,cultured,openfoodfacts,https://world.openfoodfacts.org/product/6297001083499,controlled-lexicon-composition v1 (no free machine translation),مصطلح غير مغطّى بالمعجم
06297001393055,Switch Plant-based Kafta,Switch Foods International LLC,,نباتي,GCC,unknown,120,REVIEW_UNKNOWN_TERMS,LOW,switch;based;kafta,openfoodfacts,https://world.openfoodfacts.org/product/6297001393055,controlled-lexicon-composition v1 (no free machine translation),مصطلح غير مغطّى بالمعجم
06297001393093,Switch Plant-based Burger patty,Switch Foods International LLC,,قرص برجر نباتي,GCC,unknown,115,REVIEW_UNKNOWN_TERMS,LOW,switch;based,openfoodfacts,https://world.openfoodfacts.org/product/6297001393093,controlled-lexicon-composition v1 (no free machine translation),مصطلح غير مغطّى بالمعجم
06298043992572,Dubai chocolate,,,شوكولاتة,GCC,unknown,,REVIEW_UNKNOWN_TERMS,LOW,dubai,openfoodfacts,https://world.openfoodfacts.org/product/6298043992572,controlled-lexicon-composition v1 (no free machine translation),مصطلح غير مغطّى بالمعجم
06299200036160,Chicken Meatballs,D’pollo,,دجاج,GCC,unknown,,REVIEW_UNKNOWN_TERMS,LOW,meatballs,openfoodfacts,https://world.openfoodfacts.org/product/6299200036160,controlled-lexicon-composition v1 (no free machine translation),مصطلح غير مغطّى بالمعجم
06299200046909,Jaffa Cake Cherry,Chic N Choc,,كيك,GCC,unknown,100,REVIEW_UNKNOWN_TERMS,LOW,jaffa;cherry,openfoodfacts,https://world.openfoodfacts.org/product/6299200046909,controlled-lexicon-composition v1 (no free machine translation),مصطلح غير مغطّى بالمعجم
06300900130925,Chicken Shish Tawouk,Qotuf,,دجاج,GCC,unknown,100,REVIEW_UNKNOWN_TERMS,LOW,shish;tawouk,openfoodfacts,https://world.openfoodfacts.org/product/6300900130925,controlled-lexicon-composition v1 (no free machine translation),مصطلح غير مغطّى بالمعجم
07457603132806,Mr tito ketchup flavor,,,كاتشب نكهة,SA,Chips,,REVIEW_UNKNOWN_TERMS,LOW,mr;tito,openfoodfacts,https://world.openfoodfacts.org/product/7457603132806,controlled-lexicon-composition v1 (no free machine translation),مصطلح غير مغطّى بالمعجم
07613034155030,Nestle Trix,Nestle,نستله,نستله,GCC,Breakfast cereals,30,REVIEW_UNKNOWN_TERMS,LOW,trix,openfoodfacts,https://world.openfoodfacts.org/product/7613034155030,controlled-lexicon-composition v1 (no free machine translation),مصطلح غير مغطّى بالمعجم
07622210585998,Bonbons confetti,Milka,,,GCC,Bonbons,,REVIEW_UNKNOWN_TERMS,LOW,bonbons;confetti,openfoodfacts,https://world.openfoodfacts.org/product/7622210585998,controlled-lexicon-composition v1 (no free machine translation),مصطلح غير مغطّى بالمعجم
08001860183669,Almond barista,Riso Scotti,,لوز,SA,Leches-de-almendras,100,REVIEW_UNKNOWN_TERMS,LOW,barista,openfoodfacts,https://world.openfoodfacts.org/product/8001860183669,controlled-lexicon-composition v1 (no free machine translation),مصطلح غير مغطّى بالمعجم
08076809585798,Chifferoni,Barilla,باريلا,باريلا,GCC,unknown,100,REVIEW_UNKNOWN_TERMS,LOW,chifferoni,openfoodfacts,https://world.openfoodfacts.org/product/8076809585798,controlled-lexicon-composition v1 (no free machine translation),مصطلح غير مغطّى بالمعجم
08410076801371,Nature valley crunchy oats and roasted almond,,,طبيعي مقرمش شوفان محمّص لوز,SA,unknown,42,REVIEW_UNKNOWN_TERMS,LOW,valley,openfoodfacts,https://world.openfoodfacts.org/product/8410076801371,controlled-lexicon-composition v1 (no free machine translation),مصطلح غير مغطّى بالمعجم
08410076901156,Natural valley protein salted caramel nut,,,طبيعي بروتين مملّح كراميل,GCC,unknown,40,REVIEW_UNKNOWN_TERMS,LOW,valley;nut,openfoodfacts,https://world.openfoodfacts.org/product/8410076901156,controlled-lexicon-composition v1 (no free machine translation),مصطلح غير مغطّى بالمعجم
08410376037319,Cracker! (Classic),Gullón,,كلاسيك,GCC,Plain salty snacks,,REVIEW_UNKNOWN_TERMS,LOW,cracker,openfoodfacts,https://world.openfoodfacts.org/product/8410376037319,controlled-lexicon-composition v1 (no free machine translation),مصطلح غير مغطّى بالمعجم
08710466217226,Zandkoekjes,Koopmans,,,GCC,unknown,11,REVIEW_UNKNOWN_TERMS,LOW,zandkoekjes,openfoodfacts,https://world.openfoodfacts.org/product/8710466217226,controlled-lexicon-composition v1 (no free machine translation),مصطلح غير مغطّى بالمعجم
08718612005383,Peach Iced Tea,Arizona,,خوخ مثلج شاي,SA,unknown,100,REVIEW_BRAND_UNMAPPED,LOW,,openfoodfacts,https://world.openfoodfacts.org/product/8718612005383,controlled-lexicon-composition v1 (no free machine translation),علامة بلا مقابل عربي متحقَّق
08850632607915,Cols Frit-C,Extreme.z,,,SA,unknown,25,REVIEW_UNKNOWN_TERMS,LOW,cols;frit,openfoodfacts,https://world.openfoodfacts.org/product/8850632607915,controlled-lexicon-composition v1 (no free machine translation),مصطلح غير مغطّى بالمعجم
08888089402456,Boncafé iCafé,Boncafé,,,GCC,Sweetened beverages,240,REVIEW_UNKNOWN_TERMS,LOW,icaf,openfoodfacts,https://world.openfoodfacts.org/product/8888089402456,controlled-lexicon-composition v1 (no free machine translation),مصطلح غير مغطّى بالمعجم
08904063281203,Lachcha Paratha,Haldiram's,,,GCC,Paratha,60,REVIEW_UNKNOWN_TERMS,LOW,lachcha;paratha,openfoodfacts,https://world.openfoodfacts.org/product/8904063281203,controlled-lexicon-composition v1 (no free machine translation),مصطلح غير مغطّى بالمعجم
09501025548856,Salam oman twistz sour cream onion,,,كريمة حامضة بصل,SA,Chips,,REVIEW_UNKNOWN_TERMS,LOW,salam;oman;twistz,openfoodfacts,https://world.openfoodfacts.org/product/9501025548856,controlled-lexicon-composition v1 (no free machine translation),مصطلح غير مغطّى بالمعجم
00028400013901,Satitas tortilla triangles imp,,,تورتيلا,GCC,unknown,,REVIEW_UNKNOWN_TERMS,LOW,satitas;triangles;imp,openfoodfacts,https://world.openfoodfacts.org/product/0028400013901,controlled-lexicon-composition v1 (no free machine translation),مصطلح غير مغطّى بالمعجم
00037466080864,Lindt Swiss Thins,Lindt,,,GCC,Swiss chocolates,,REVIEW_UNKNOWN_TERMS,LOW,swiss;thins,openfoodfacts,https://world.openfoodfacts.org/product/0037466080864,controlled-lexicon-composition v1 (no free machine translation),مصطلح غير مغطّى بالمعجم
00628693634151,ROOT VEGETABLES,PURAVIDA,,خضار,SA,unknown,85,REVIEW_UNKNOWN_TERMS,LOW,root,openfoodfacts,https://world.openfoodfacts.org/product/0628693634151,controlled-lexicon-composition v1 (no free machine translation),مصطلح غير مغطّى بالمعجم
00628942135880,Aranchinis,Etat Végétal,,,SA,unknown,100,REVIEW_UNKNOWN_TERMS,LOW,aranchinis,openfoodfacts,https://world.openfoodfacts.org/product/0628942135880,controlled-lexicon-composition v1 (no free machine translation),مصطلح غير مغطّى بالمعجم
00855250005981,Popsalot Smokey bbq pop corn imp,California Popsalot Popcorn,,ذرة,SA,unknown,30,REVIEW_UNKNOWN_TERMS,LOW,popsalot;smokey;bbq;pop;imp,openfoodfacts,https://world.openfoodfacts.org/product/0855250005981,controlled-lexicon-composition v1 (no free machine translation),مصطلح غير مغطّى بالمعجم
03052910056360,Le sirop de Monin cerise,Monin,,,GCC,Sweetened beverages,100,REVIEW_UNKNOWN_TERMS,LOW,sirop;cerise,openfoodfacts,https://world.openfoodfacts.org/product/3052910056360,controlled-lexicon-composition v1 (no free machine translation),مصطلح غير مغطّى بالمعجم
03350033566415,chou-fleur en fleurettes surgelés,Monoprix,مونوبري,مونوبري,GCC,Frozen cauliflower florets,200,REVIEW_UNKNOWN_TERMS,LOW,chou;fleur;en;fleurettes;surgel,openfoodfacts,https://world.openfoodfacts.org/product/3350033566415,controlled-lexicon-composition v1 (no free machine translation),مصطلح غير مغطّى بالمعجم
03451790196577,La Crème Entiere Cuisson 35% MG,Elle & Vire,ال آند فير,ال آند فير,GCC,fr:cremes-cuisson,30,REVIEW_UNKNOWN_TERMS,LOW,cr;me;entiere;cuisson;mg,openfoodfacts,https://world.openfoodfacts.org/product/3451790196577,controlled-lexicon-composition v1 (no free machine translation),مصطلح غير مغطّى بالمعجم
03800233682434,Оризовки better 7 семена,Bettr,,,GCC,unknown,,REVIEW_UNKNOWN_TERMS,LOW,better,openfoodfacts,https://world.openfoodfacts.org/product/3800233682434,controlled-lexicon-composition v1 (no free machine translation),مصطلح غير مغطّى بالمعجم
04017100283260,Pick Up! Original,,,أصلي,GCC,unknown,,REVIEW_UNKNOWN_TERMS,LOW,pick;up,openfoodfacts,https://world.openfoodfacts.org/product/4017100283260,controlled-lexicon-composition v1 (no free machine translation),مصطلح غير مغطّى بالمعجم
05027952015321,Brioche Hot Dog Roll Imp,St.Pierre,,حار رول,GCC,Bread rolls,45,REVIEW_UNKNOWN_TERMS,LOW,brioche;dog;imp,openfoodfacts,https://world.openfoodfacts.org/product/5027952015321,controlled-lexicon-composition v1 (no free machine translation),مصطلح غير مغطّى بالمعجم
05059319024882,Kelloggs coco pops original,,,أصلي,GCC,Breakfast cereals,30,REVIEW_UNKNOWN_TERMS,LOW,kelloggs;coco;pops,openfoodfacts,https://world.openfoodfacts.org/product/5059319024882,controlled-lexicon-composition v1 (no free machine translation),مصطلح غير مغطّى بالمعجم
05060933551401,Peanut Butter Powder,Bagasons American Harvest,,زبدة فول سوداني بودرة,GCC,unknown,16,REVIEW_BRAND_UNMAPPED,LOW,,openfoodfacts,https://world.openfoodfacts.org/product/5060933551401,controlled-lexicon-composition v1 (no free machine translation),علامة بلا مقابل عربي متحقَّق
05283000600110,Halawa Extra Plain,Panda,,حلاوة إكسترا سادة,SA,unknown,28,REVIEW_BRAND_UNMAPPED,LOW,,openfoodfacts,https://world.openfoodfacts.org/product/5283000600110,controlled-lexicon-composition v1 (no free machine translation),علامة بلا مقابل عربي متحقَّق
06253802252472,Pomegranate Molasses,Dar Alomar,,رمان,GCC,unknown,100,REVIEW_UNKNOWN_TERMS,LOW,molasses,openfoodfacts,https://world.openfoodfacts.org/product/6253802252472,controlled-lexicon-composition v1 (no free machine translation),مصطلح غير مغطّى بالمعجم
06277000008525,Pea based pro life,Pro Life,,,GCC,Chips and fries,30,REVIEW_UNKNOWN_TERMS,LOW,pea;based,openfoodfacts,https://world.openfoodfacts.org/product/6277000008525,controlled-lexicon-composition v1 (no free machine translation),مصطلح غير مغطّى بالمعجم
06277000008532,pro chips sloked barbeque,,,شيبس,GCC,unknown,,REVIEW_UNKNOWN_TERMS,LOW,pro;sloked;barbeque,openfoodfacts,https://world.openfoodfacts.org/product/6277000008532,controlled-lexicon-composition v1 (no free machine translation),مصطلح غير مغطّى بالمعجم
06278430551230,Fonio précuit,,,,GCC,unknown,,REVIEW_UNKNOWN_TERMS,LOW,fonio;pr;cuit,openfoodfacts,https://world.openfoodfacts.org/product/6278430551230,controlled-lexicon-composition v1 (no free machine translation),مصطلح غير مغطّى بالمعجم
06280553160220,Quinoa Flocons,,,كينوا,SA,Cereals and their products,,REVIEW_UNKNOWN_TERMS,LOW,flocons,openfoodfacts,https://world.openfoodfacts.org/product/6280553160220,controlled-lexicon-composition v1 (no free machine translation),مصطلح غير مغطّى بالمعجم
06281007069939,Marinated Chicken Wings,Al Youm,,متبّل دجاج أجنحة,SA,unknown,200,REVIEW_BRAND_UNMAPPED,LOW,,openfoodfacts,https://world.openfoodfacts.org/product/6281007069939,controlled-lexicon-composition v1 (no free machine translation),علامة بلا مقابل عربي متحقَّق
06281014002738,Welloo super oats banana peanut butter,,,زبدة فول سوداني سوبر شوفان موز,SA,unknown,,REVIEW_UNKNOWN_TERMS,LOW,welloo,openfoodfacts,https://world.openfoodfacts.org/product/6281014002738,controlled-lexicon-composition v1 (no free machine translation),مصطلح غير مغطّى بالمعجم
06281014402200,Spaghetti,Perfetto,,سباغيتي,SA,unknown,100,REVIEW_BRAND_UNMAPPED,LOW,,openfoodfacts,https://world.openfoodfacts.org/product/6281014402200,controlled-lexicon-composition v1 (no free machine translation),علامة بلا مقابل عربي متحقَّق
06281016960470,Albatal barbecue flavor,,البطل,البطل نكهة,SA,Chips,,REVIEW_UNKNOWN_TERMS,LOW,barbecue,openfoodfacts,https://world.openfoodfacts.org/product/6281016960470,controlled-lexicon-composition v1 (no free machine translation),مصطلح غير مغطّى بالمعجم
06281020174368,Luna foul medames saudi recipe,,لونا,لونا فول وصفة,SA,unknown,,REVIEW_UNKNOWN_TERMS,LOW,medames;saudi,openfoodfacts,https://world.openfoodfacts.org/product/6281020174368,controlled-lexicon-composition v1 (no free machine translation),مصطلح غير مغطّى بالمعجم
06281033305513,vanilla pound cake arabian,American,,فانيلا كيك عربي,GCC,unknown,100,REVIEW_UNKNOWN_TERMS,LOW,pound,openfoodfacts,https://world.openfoodfacts.org/product/6281033305513,controlled-lexicon-composition v1 (no free machine translation),مصطلح غير مغطّى بالمعجم
06281036281104,Breadbites,Sun bits,,,SA,Breads,,REVIEW_UNKNOWN_TERMS,LOW,breadbites,openfoodfacts,https://world.openfoodfacts.org/product/6281036281104,controlled-lexicon-composition v1 (no free machine translation),مصطلح غير مغطّى بالمعجم
06281100084044,Cheese croissant,L'Usine,,جبن كرواسون,GCC,Croissants,60,REVIEW_BRAND_UNMAPPED,LOW,,openfoodfacts,https://world.openfoodfacts.org/product/6281100084044,controlled-lexicon-composition v1 (no free machine translation),علامة بلا مقابل عربي متحقَّق
06281100681199,Al taie green peas,,,أخضر بازلاء,SA,Cans-food,,REVIEW_UNKNOWN_TERMS,LOW,al;taie,openfoodfacts,https://world.openfoodfacts.org/product/6281100681199,controlled-lexicon-composition v1 (no free machine translation),مصطلح غير مغطّى بالمعجم
06281103690075,Fizzy wizzy more refreshment,,,,SA,unknown,,REVIEW_UNKNOWN_TERMS,LOW,fizzy;wizzy;more;refreshment,openfoodfacts,https://world.openfoodfacts.org/product/6281103690075,controlled-lexicon-composition v1 (no free machine translation),مصطلح غير مغطّى بالمعجم
06281333728524,Taif cream,,,قشطة,SA,unknown,,REVIEW_UNKNOWN_TERMS,LOW,taif,openfoodfacts,https://world.openfoodfacts.org/product/6281333728524,controlled-lexicon-composition v1 (no free machine translation),مصطلح غير مغطّى بالمعجم
06285009002130,Oat tortilla,Fonte,,شوفان تورتيلا,SA,unknown,42,REVIEW_BRAND_UNMAPPED,LOW,,openfoodfacts,https://world.openfoodfacts.org/product/6285009002130,controlled-lexicon-composition v1 (no free machine translation),علامة بلا مقابل عربي متحقَّق
06285572000687,Rita blue sparkling drink,,,فوّار شراب,GCC,unknown,,REVIEW_UNKNOWN_TERMS,LOW,rita;blue,openfoodfacts,https://world.openfoodfacts.org/product/6285572000687,controlled-lexicon-composition v1 (no free machine translation),مصطلح غير مغطّى بالمعجم
06285602013281,Deemah jalapeno,,ديمة,ديمة,GCC,unknown,,REVIEW_UNKNOWN_TERMS,LOW,jalapeno,openfoodfacts,https://world.openfoodfacts.org/product/6285602013281,controlled-lexicon-composition v1 (no free machine translation),مصطلح غير مغطّى بالمعجم
06285802408085,Confiture figues,,,,SA,unknown,,REVIEW_UNKNOWN_TERMS,LOW,confiture;figues,openfoodfacts,https://world.openfoodfacts.org/product/6285802408085,controlled-lexicon-composition v1 (no free machine translation),مصطلح غير مغطّى بالمعجم
06287000850451,Soft Toffee With Milk,Marmo,,طري توفي حليب,SA,unknown,36,REVIEW_BRAND_UNMAPPED,LOW,,openfoodfacts,https://world.openfoodfacts.org/product/6287000850451,controlled-lexicon-composition v1 (no free machine translation),علامة بلا مقابل عربي متحقَّق
06287043720681,TUNA & CORN,ALHATAB,,تونة ذرة,SA,unknown,100,REVIEW_BRAND_UNMAPPED,LOW,,openfoodfacts,https://world.openfoodfacts.org/product/6287043720681,controlled-lexicon-composition v1 (no free machine translation),علامة بلا مقابل عربي متحقَّق
06287154231670,Le palet crémeux,,,,SA,Cheeses,,REVIEW_UNKNOWN_TERMS,LOW,palet;cr;meux,openfoodfacts,https://world.openfoodfacts.org/product/6287154231670,controlled-lexicon-composition v1 (no free machine translation),مصطلح غير مغطّى بالمعجم
06287727054026,White Shrimp,Blue Harbour,,أبيض روبيان,SA,unknown,125,REVIEW_BRAND_UNMAPPED,LOW,,openfoodfacts,https://world.openfoodfacts.org/product/6287727054026,controlled-lexicon-composition v1 (no free machine translation),علامة بلا مقابل عربي متحقَّق
06290090014610,HP Original Brown Sauce,,,أصلي بني صلصة,GCC,unknown,,REVIEW_UNKNOWN_TERMS,LOW,hp,openfoodfacts,https://world.openfoodfacts.org/product/6290090014610,controlled-lexicon-composition v1 (no free machine translation),مصطلح غير مغطّى بالمعجم
06290400003914,White harvest whole grain oats,,,حبوب كاملة أبيض شوفان,SA,Oat,,REVIEW_UNKNOWN_TERMS,LOW,harvest,openfoodfacts,https://world.openfoodfacts.org/product/6290400003914,controlled-lexicon-composition v1 (no free machine translation),مصطلح غير مغطّى بالمعجم
06291003095900,London dairy,,,,GCC,unknown,,REVIEW_UNKNOWN_TERMS,LOW,london;dairy,openfoodfacts,https://world.openfoodfacts.org/product/6291003095900,controlled-lexicon-composition v1 (no free machine translation),مصطلح غير مغطّى بالمعجم
06291011056276,Chocodatte,,,,GCC,unknown,,REVIEW_UNKNOWN_TERMS,LOW,chocodatte,openfoodfacts,https://world.openfoodfacts.org/product/6291011056276,controlled-lexicon-composition v1 (no free machine translation),مصطلح غير مغطّى بالمعجم
06291016011058,Lacnor Milk Skimmed,Lacnor,,حليب خالي الدسم,GCC,Skimmed milks,100,REVIEW_BRAND_UNMAPPED,LOW,,openfoodfacts,https://world.openfoodfacts.org/product/6291016011058,controlled-lexicon-composition v1 (no free machine translation),علامة بلا مقابل عربي متحقَّق
06291030006368,Greek Yogurt Blueberry,Al Rawabi,,يوناني زبادي توت أزرق,GCC,unknown,180,REVIEW_BRAND_UNMAPPED,LOW,,openfoodfacts,https://world.openfoodfacts.org/product/6291030006368,controlled-lexicon-composition v1 (no free machine translation),علامة بلا مقابل عربي متحقَّق
06291031002055,Fruit coktail,,,فواكه,GCC,unknown,,REVIEW_UNKNOWN_TERMS,LOW,coktail,openfoodfacts,https://world.openfoodfacts.org/product/6291031002055,controlled-lexicon-composition v1 (no free machine translation),مصطلح غير مغطّى بالمعجم
06291058156151,FLOUR TORTILLA,SOMBRERO Tortilla,,دقيق تورتيلا,GCC,unknown,42.5,REVIEW_BRAND_UNMAPPED,LOW,,openfoodfacts,https://world.openfoodfacts.org/product/6291058156151,controlled-lexicon-composition v1 (no free machine translation),علامة بلا مقابل عربي متحقَّق
06291074292352,Laban up,Abu Dhabi,,لبن,GCC,Buttermilks,200,REVIEW_BRAND_UNMAPPED,LOW,,openfoodfacts,https://world.openfoodfacts.org/product/6291074292352,controlled-lexicon-composition v1 (no free machine translation),علامة بلا مقابل عربي متحقَّق
06291103150394,Plain Paratha,,,سادة,GCC,Breads,,REVIEW_UNKNOWN_TERMS,LOW,paratha,openfoodfacts,https://world.openfoodfacts.org/product/6291103150394,controlled-lexicon-composition v1 (no free machine translation),مصطلح غير مغطّى بالمعجم
06291104288614,Jus de fruit,Sunblast,,فواكه,GCC,Beverages,,REVIEW_UNKNOWN_TERMS,LOW,jus,openfoodfacts,https://world.openfoodfacts.org/product/6291104288614,controlled-lexicon-composition v1 (no free machine translation),مصطلح غير مغطّى بالمعجم
06291104289604,Avoine,Organic Larder,أورجانيك لاردر,أورجانيك لاردر,GCC,unknown,,REVIEW_UNKNOWN_TERMS,LOW,avoine,openfoodfacts,https://world.openfoodfacts.org/product/6291104289604,controlled-lexicon-composition v1 (no free machine translation),مصطلح غير مغطّى بالمعجم
06291105693196,Bugles hot chili pepper and lime,,,حار شطة فلفل ليمون أخضر,SA,unknown,,REVIEW_UNKNOWN_TERMS,LOW,bugles,openfoodfacts,https://world.openfoodfacts.org/product/6291105693196,controlled-lexicon-composition v1 (no free machine translation),مصطلح غير مغطّى بالمعجم
06291107558936,Granola Fruit Mix,Earch Goods,,جرانولا فواكه مشكل,GCC,unknown,100,REVIEW_BRAND_UNMAPPED,LOW,,openfoodfacts,https://world.openfoodfacts.org/product/6291107558936,controlled-lexicon-composition v1 (no free machine translation),علامة بلا مقابل عربي متحقَّق
06291108860519,Chicken tempura nuggets,Freshly Foods,فريشلي,فريشلي دجاج ناجتس,GCC,unknown,100,REVIEW_UNKNOWN_TERMS,LOW,tempura,openfoodfacts,https://world.openfoodfacts.org/product/6291108860519,controlled-lexicon-composition v1 (no free machine translation),مصطلح غير مغطّى بالمعجم
06294001836223,Dark Chocolate Covered Dates,Galaxy Dates,جالاكسي,جالاكسي داكن شوكولاتة تمر,GCC,unknown,12,REVIEW_UNKNOWN_TERMS,LOW,covered,openfoodfacts,https://world.openfoodfacts.org/product/6294001836223,controlled-lexicon-composition v1 (no free machine translation),مصطلح غير مغطّى بالمعجم
06294017100028,Soupe Chorba Tlitli Halal,Chorba,,,GCC,Dehydrated Moroccan soup,250,REVIEW_UNKNOWN_TERMS,LOW,soupe;tlitli;halal,openfoodfacts,https://world.openfoodfacts.org/product/6294017100028,controlled-lexicon-composition v1 (no free machine translation),مصطلح غير مغطّى بالمعجم
06294017111635,Senses,,,,GCC,unknown,,REVIEW_UNKNOWN_TERMS,LOW,senses,openfoodfacts,https://world.openfoodfacts.org/product/6294017111635,controlled-lexicon-composition v1 (no free machine translation),مصطلح غير مغطّى بالمعجم
06294017126141,minis 30pcs gift,neatle,,,SA,unknown,,REVIEW_UNKNOWN_TERMS,LOW,minis;gift,openfoodfacts,https://world.openfoodfacts.org/product/6294017126141,controlled-lexicon-composition v1 (no free machine translation),مصطلح غير مغطّى بالمعجم
06294017130551,kitkat two fingers,Kit Kat,كيت كات,كيت كات,SA,Bars,41,REVIEW_UNKNOWN_TERMS,LOW,two;fingers,openfoodfacts,https://world.openfoodfacts.org/product/6294017130551,controlled-lexicon-composition v1 (no free machine translation),مصطلح غير مغطّى بالمعجم
06297000670294,ayran original,baladé farms,,عيران أصلي,GCC,unknown,225,REVIEW_BRAND_UNMAPPED,LOW,,openfoodfacts,https://world.openfoodfacts.org/product/6297000670294,controlled-lexicon-composition v1 (no free machine translation),علامة بلا مقابل عربي متحقَّق
06297000999487,Ajwa tablets,,,عجوة,GCC,unknown,,REVIEW_UNKNOWN_TERMS,LOW,tablets,openfoodfacts,https://world.openfoodfacts.org/product/6297000999487,controlled-lexicon-composition v1 (no free machine translation),مصطلح غير مغطّى بالمعجم
06297001558058,Smart Mini Cookies,Keto Real,,ميني كوكيز,GCC,Functional-cookies,15,REVIEW_UNKNOWN_TERMS,LOW,smart,openfoodfacts,https://world.openfoodfacts.org/product/6297001558058,controlled-lexicon-composition v1 (no free machine translation),مصطلح غير مغطّى بالمعجم
06299200053129,Mustard whole grain,Viva,,حبوب كاملة مسطردة,GCC,Mustards,,REVIEW_BRAND_UNMAPPED,LOW,,openfoodfacts,https://world.openfoodfacts.org/product/6299200053129,controlled-lexicon-composition v1 (no free machine translation),علامة بلا مقابل عربي متحقَّق
06299200055772,TORTILLA WRAPS WHOLE WHEAT,Muchachos,,تورتيلا قمح,GCC,Wheat flatbreads,100,REVIEW_UNKNOWN_TERMS,LOW,wraps;whole,openfoodfacts,https://world.openfoodfacts.org/product/6299200055772,controlled-lexicon-composition v1 (no free machine translation),مصطلح غير مغطّى بالمعجم
07640110704271,Canderel Green Stevia,canderel,,أخضر ستيفيا,GCC,Tabletop sweeteners,,REVIEW_BRAND_UNMAPPED,LOW,,openfoodfacts,https://world.openfoodfacts.org/product/7640110704271,controlled-lexicon-composition v1 (no free machine translation),علامة بلا مقابل عربي متحقَّق
07702011147813,Surtido,Bon Bon Bum,,,GCC,Lollipops,14,REVIEW_UNKNOWN_TERMS,LOW,surtido,openfoodfacts,https://world.openfoodfacts.org/product/7702011147813,controlled-lexicon-composition v1 (no free machine translation),مصطلح غير مغطّى بالمعجم
08003740120313,Pâtes Italiennes Penne Rigate Bio -1881 Pasta Berruto - Confezione 500g,Arrighi,,بيني عضوي معكرونة,SA,Penne rigate,,REVIEW_UNKNOWN_TERMS,LOW,tes;italiennes;rigate;berruto;confezione,openfoodfacts,https://world.openfoodfacts.org/product/8003740120313,controlled-lexicon-composition v1 (no free machine translation),مصطلح غير مغطّى بالمعجم
08004030770362,Rio mare salatuna mexico style with red beans,,,ستايل أحمر فاصوليا,SA,Tunas,,REVIEW_UNKNOWN_TERMS,LOW,rio;mare;salatuna;mexico,openfoodfacts,https://world.openfoodfacts.org/product/8004030770362,controlled-lexicon-composition v1 (no free machine translation),مصطلح غير مغطّى بالمعجم
08445291983991,Teriyaki Mix,Maggi,ماجي,ماجي مشكل,GCC,unknown,100,REVIEW_UNKNOWN_TERMS,LOW,teriyaki,openfoodfacts,https://world.openfoodfacts.org/product/8445291983991,controlled-lexicon-composition v1 (no free machine translation),مصطلح غير مغطّى بالمعجم
08901537075764,Indian Basmati Rice,Rozana,,بسمتي أرز,GCC,Basmati rices,,REVIEW_UNKNOWN_TERMS,LOW,indian,openfoodfacts,https://world.openfoodfacts.org/product/8901537075764,controlled-lexicon-composition v1 (no free machine translation),مصطلح غير مغطّى بالمعجم
08901571009596,Horlicks powder drink,,,بودرة شراب,GCC,unknown,,REVIEW_UNKNOWN_TERMS,LOW,horlicks,openfoodfacts,https://world.openfoodfacts.org/product/8901571009596,controlled-lexicon-composition v1 (no free machine translation),مصطلح غير مغطّى بالمعجم
08906069612272,Jolliz Namkeen Harissa Chilli Potato Chips,Anand,,شطة بطاطس شيبس,GCC,Namkeen,,REVIEW_UNKNOWN_TERMS,LOW,jolliz;namkeen;harissa,openfoodfacts,https://world.openfoodfacts.org/product/8906069612272,controlled-lexicon-composition v1 (no free machine translation),مصطلح غير مغطّى بالمعجم
08935001725572,Mentos white,Mentos,,أبيض,GCC,Sugar-free chewing gum,,REVIEW_BRAND_UNMAPPED,LOW,,openfoodfacts,https://world.openfoodfacts.org/product/8935001725572,controlled-lexicon-composition v1 (no free machine translation),علامة بلا مقابل عربي متحقَّق
09351777001211,Noshu 98% Sugar Free Choc Chip Cookies Mix,Noshu,,خالي السكر كوكيز مشكل,GCC,Biscuit mixes,28,REVIEW_UNKNOWN_TERMS,LOW,choc;chip,openfoodfacts,https://world.openfoodfacts.org/product/9351777001211,controlled-lexicon-composition v1 (no free machine translation),مصطلح غير مغطّى بالمعجم
00022644002639,Najjar Coffee Classic blue,Najjar,,قهوة كلاسيك,GCC,Brazilian coffees,100,REVIEW_UNKNOWN_TERMS,LOW,blue,openfoodfacts,https://world.openfoodfacts.org/product/0022644002639,controlled-lexicon-composition v1 (no free machine translation),مصطلح غير مغطّى بالمعجم
00024000110903,Pineapple,Del Monte,,أناناس,GCC,unknown,140,REVIEW_BRAND_UNMAPPED,LOW,,openfoodfacts,https://world.openfoodfacts.org/product/0024000110903,controlled-lexicon-composition v1 (no free machine translation),علامة بلا مقابل عربي متحقَّق
00089686400526,Hot & sweet chili sauce,Indofood,,حار حلو شطة صلصة,GCC,unknown,,REVIEW_BRAND_UNMAPPED,LOW,,openfoodfacts,https://world.openfoodfacts.org/product/0089686400526,controlled-lexicon-composition v1 (no free machine translation),علامة بلا مقابل عربي متحقَّق
00627577077985,Kirkland Lean GROUND BEEF,Costco,,مفروم لحم بقري,GCC,unknown,100,REVIEW_UNKNOWN_TERMS,LOW,kirkland;lean,openfoodfacts,https://world.openfoodfacts.org/product/0627577077985,controlled-lexicon-composition v1 (no free machine translation),مصطلح غير مغطّى بالمعجم
00627987679700,Coconut latte ice cream,Crazy,,آيس كريم جوز الهند لاتيه,GCC,unknown,188,REVIEW_BRAND_UNMAPPED,LOW,,openfoodfacts,https://world.openfoodfacts.org/product/0627987679700,controlled-lexicon-composition v1 (no free machine translation),علامة بلا مقابل عربي متحقَّق
00628011090294,Jalapeño Crunch Tuna Snack Kit,Scout,,مقرمش تونة سناك,SA,unknown,145,REVIEW_UNKNOWN_TERMS,LOW,jalape;kit,openfoodfacts,https://world.openfoodfacts.org/product/0628011090294,controlled-lexicon-composition v1 (no free machine translation),مصطلح غير مغطّى بالمعجم
00628055775058,Cassava Chips - Chili Lime,FitBite,,شيبس شطة ليمون أخضر,SA,Crisps,50,REVIEW_UNKNOWN_TERMS,LOW,cassava,openfoodfacts,https://world.openfoodfacts.org/product/0628055775058,controlled-lexicon-composition v1 (no free machine translation),مصطلح غير مغطّى بالمعجم
00628451868613,one pot pasta meal creamy garlic,Chickapea,,معكرونة كريمي ثوم,SA,Pastas,71,REVIEW_UNKNOWN_TERMS,LOW,pot;meal,openfoodfacts,https://world.openfoodfacts.org/product/0628451868613,controlled-lexicon-composition v1 (no free machine translation),مصطلح غير مغطّى بالمعجم
00628678211148,Creamy Dill Potato chips,Humble,,كريمي بطاطس شيبس,SA,unknown,28,REVIEW_UNKNOWN_TERMS,LOW,dill,openfoodfacts,https://world.openfoodfacts.org/product/0628678211148,controlled-lexicon-composition v1 (no free machine translation),مصطلح غير مغطّى بالمعجم
00628678809000,Chips de maïs,Montréal gringo,,شيبس,SA,unknown,28,REVIEW_UNKNOWN_TERMS,LOW,ma,openfoodfacts,https://world.openfoodfacts.org/product/0628678809000,controlled-lexicon-composition v1 (no free machine translation),مصطلح غير مغطّى بالمعجم
00628693669375,Fruit rolls Apple-Raspberry,Bob,,فواكه رولز تفاح توت أحمر,SA,unknown,30,REVIEW_BRAND_UNMAPPED,LOW,,openfoodfacts,https://world.openfoodfacts.org/product/0628693669375,controlled-lexicon-composition v1 (no free machine translation),علامة بلا مقابل عربي متحقَّق
00715134332377,Caramel Ice Milk,LightWhey,,كراميل مثلج حليب,GCC,unknown,200,REVIEW_BRAND_UNMAPPED,LOW,,openfoodfacts,https://world.openfoodfacts.org/product/0715134332377,controlled-lexicon-composition v1 (no free machine translation),علامة بلا مقابل عربي متحقَّق
00737628011643,jasmine rice,THAI KITCHEN,,ياسمين أرز,GCC,unknown,249,REVIEW_BRAND_UNMAPPED,LOW,,openfoodfacts,https://world.openfoodfacts.org/product/0737628011643,controlled-lexicon-composition v1 (no free machine translation),علامة بلا مقابل عربي متحقَّق
00767461420500,Protein Overnight Oats Vegan Strawberry,oatful,,بروتين شوفان نباتي فراولة,GCC,unknown,85,REVIEW_UNKNOWN_TERMS,LOW,overnight,openfoodfacts,https://world.openfoodfacts.org/product/0767461420500,controlled-lexicon-composition v1 (no free machine translation),مصطلح غير مغطّى بالمعجم
00828849012844,Dipped Cookies And Cream,Quest,كويست,كويست كوكيز قشطة,GCC,unknown,50,REVIEW_UNKNOWN_TERMS,LOW,dipped,openfoodfacts,https://world.openfoodfacts.org/product/0828849012844,controlled-lexicon-composition v1 (no free machine translation),مصطلح غير مغطّى بالمعجم
00888109111854,Twinkies - Chocolate Cake,Hostess,,شوكولاتة كيك,SA,Chocolate cakes,77,REVIEW_UNKNOWN_TERMS,LOW,twinkies,openfoodfacts,https://world.openfoodfacts.org/product/0888109111854,controlled-lexicon-composition v1 (no free machine translation),مصطلح غير مغطّى بالمعجم
03560070823840,Epeautre & lentilles Petits pois & soja,Carrefour,كارفور,كارفور,GCC,fr:Céréales préparées,50,REVIEW_UNKNOWN_TERMS,LOW,epeautre;lentilles;petits;pois;soja,openfoodfacts,https://world.openfoodfacts.org/product/3560070823840,controlled-lexicon-composition v1 (no free machine translation),مصطلح غير مغطّى بالمعجم
04001379028363,Tomato & Mozzarella Ravioli,Pasta Romana,,طماطم موزاريلا,SA,unknown,100,REVIEW_UNKNOWN_TERMS,LOW,ravioli,openfoodfacts,https://world.openfoodfacts.org/product/4001379028363,controlled-lexicon-composition v1 (no free machine translation),مصطلح غير مغطّى بالمعجم
04002334117757,Mango Yogurt,Bauer,,مانجو زبادي,GCC,Yogurts,,REVIEW_BRAND_UNMAPPED,LOW,,openfoodfacts,https://world.openfoodfacts.org/product/4002334117757,controlled-lexicon-composition v1 (no free machine translation),علامة بلا مقابل عربي متحقَّق
04002359019913,Sauce For Bolognese,Dolmio,,صلصة,GCC,unknown,,REVIEW_UNKNOWN_TERMS,LOW,bolognese,openfoodfacts,https://world.openfoodfacts.org/product/4002359019913,controlled-lexicon-composition v1 (no free machine translation),مصطلح غير مغطّى بالمعجم
04009900482806,Wrigley's Extra Peppermint,Wrigley's,,إكسترا,SA,Chewing,,REVIEW_UNKNOWN_TERMS,LOW,peppermint,openfoodfacts,https://world.openfoodfacts.org/product/4009900482806,controlled-lexicon-composition v1 (no free machine translation),مصطلح غير مغطّى بالمعجم
04800249283020,Cheesedog(Jumbo),holiday,,,GCC,unknown,,REVIEW_UNKNOWN_TERMS,LOW,cheesedog;jumbo,openfoodfacts,https://world.openfoodfacts.org/product/4800249283020,controlled-lexicon-composition v1 (no free machine translation),مصطلح غير مغطّى بالمعجم
05032722308497,Corn cake imp,Biona Organic,,ذرة كيك,GCC,Puffed cereal cakes,,REVIEW_UNKNOWN_TERMS,LOW,imp,openfoodfacts,https://world.openfoodfacts.org/product/5032722308497,controlled-lexicon-composition v1 (no free machine translation),مصطلح غير مغطّى بالمعجم
05061013945684,Monster mango loco energy drink,,,مانجو طاقة شراب,SA,Energy drinks,,REVIEW_UNKNOWN_TERMS,LOW,monster;loco,openfoodfacts,https://world.openfoodfacts.org/product/5061013945684,controlled-lexicon-composition v1 (no free machine translation),مصطلح غير مغطّى بالمعجم
05255010219286,Saba Orange Float,Saba,,برتقال,GCC,unknown,100,REVIEW_UNKNOWN_TERMS,LOW,float,openfoodfacts,https://world.openfoodfacts.org/product/5255010219286,controlled-lexicon-composition v1 (no free machine translation),مصطلح غير مغطّى بالمعجم
05711953157981,Puck Jars White,PUCK,بوك,بوك أبيض,GCC,Cream cheeses,,REVIEW_UNKNOWN_TERMS,LOW,jars,openfoodfacts,https://world.openfoodfacts.org/product/5711953157981,controlled-lexicon-composition v1 (no free machine translation),مصطلح غير مغطّى بالمعجم
05902978004163,Elitesse,Skawa,,,GCC,Stuffed wafers,20,REVIEW_UNKNOWN_TERMS,LOW,elitesse,openfoodfacts,https://world.openfoodfacts.org/product/5902978004163,controlled-lexicon-composition v1 (no free machine translation),مصطلح غير مغطّى بالمعجم
05904941751654,AMINO GO SUGAR FREE BCAA MANGO DRINK,Amino Go,,خالي السكر بي سي إيه إيه مانجو شراب,GCC,unknown,100,REVIEW_BRAND_UNMAPPED,LOW,,openfoodfacts,https://world.openfoodfacts.org/product/5904941751654,controlled-lexicon-composition v1 (no free machine translation),علامة بلا مقابل عربي متحقَّق
06003770000205,Nandos’s Peri-Peri Sauce Wild Herb Medium,Nando’s,,صلصة,GCC,unknown,20,REVIEW_UNKNOWN_TERMS,LOW,nandos;peri;peri;wild;herb;medium,openfoodfacts,https://world.openfoodfacts.org/product/6003770000205,controlled-lexicon-composition v1 (no free machine translation),مصطلح غير مغطّى بالمعجم
06081922766032,Turkey rashers,Oakhurst,,ديك رومي,GCC,unknown,22,REVIEW_UNKNOWN_TERMS,LOW,rashers,openfoodfacts,https://world.openfoodfacts.org/product/6081922766032,controlled-lexicon-composition v1 (no free machine translation),مصطلح غير مغطّى بالمعجم
06085719679017,Haché de poulet halal,,,,GCC,Chickens,,REVIEW_UNKNOWN_TERMS,LOW,hach;poulet;halal,openfoodfacts,https://world.openfoodfacts.org/product/6085719679017,controlled-lexicon-composition v1 (no free machine translation),مصطلح غير مغطّى بالمعجم
06088640338374,Pensa proteica fit,,,,GCC,unknown,,REVIEW_UNKNOWN_TERMS,LOW,pensa;proteica;fit,openfoodfacts,https://world.openfoodfacts.org/product/6088640338374,controlled-lexicon-composition v1 (no free machine translation),مصطلح غير مغطّى بالمعجم
06088710506382,Carbmaster - blackberry,Kroger,,,GCC,Lactose-free yogurts,,REVIEW_UNKNOWN_TERMS,LOW,carbmaster;blackberry,openfoodfacts,https://world.openfoodfacts.org/product/6088710506382,controlled-lexicon-composition v1 (no free machine translation),مصطلح غير مغطّى بالمعجم
06221134014402,BOUNTY MINIS,,باونتي,باونتي,SA,unknown,,REVIEW_UNKNOWN_TERMS,LOW,minis,openfoodfacts,https://world.openfoodfacts.org/product/6221134014402,controlled-lexicon-composition v1 (no free machine translation),مصطلح غير مغطّى بالمعجم
06224008082187,Malt Beverage (Non-Alcoholic) (Peach),Snaps,,شعير مشروب خوخ,GCC,Non-alcoholic wheat beers,250,REVIEW_UNKNOWN_TERMS,LOW,no_alcoholic,openfoodfacts,https://world.openfoodfacts.org/product/6224008082187,controlled-lexicon-composition v1 (no free machine translation),مصطلح غير مغطّى بالمعجم
06251036002177,Mr.chips with french cheese flavor,,,شيبس فرنسي جبن نكهة,SA,Chips,,REVIEW_UNKNOWN_TERMS,LOW,mr,openfoodfacts,https://world.openfoodfacts.org/product/6251036002177,controlled-lexicon-composition v1 (no free machine translation),مصطلح غير مغطّى بالمعجم
06253361249616,Diamond Twist Chocolate Milk Chocolate Bonello Kunafa,Choco Lake,,شوكولاتة حليب شوكولاتة كنافة,GCC,unknown,30,REVIEW_UNKNOWN_TERMS,LOW,diamond;twist;bonello,openfoodfacts,https://world.openfoodfacts.org/product/6253361249616,controlled-lexicon-composition v1 (no free machine translation),مصطلح غير مغطّى بالمعجم
06281014472401,Low Carb Spaghetti,Perfetti,,سباغيتي,SA,unknown,100,REVIEW_UNKNOWN_TERMS,LOW,low;carb,openfoodfacts,https://world.openfoodfacts.org/product/6281014472401,controlled-lexicon-composition v1 (no free machine translation),مصطلح غير مغطّى بالمعجم
06281022134278,plain triple zero,YoPro,,سادة زيرو,SA,unknown,100,REVIEW_UNKNOWN_TERMS,LOW,triple,openfoodfacts,https://world.openfoodfacts.org/product/6281022134278,controlled-lexicon-composition v1 (no free machine translation),مصطلح غير مغطّى بالمعجم
06281022135206,Al Safi Turkish Labnah,Alsafi,الصافي,الصافي تركي,SA,unknown,,REVIEW_UNKNOWN_TERMS,LOW,labnah,openfoodfacts,https://world.openfoodfacts.org/product/6281022135206,controlled-lexicon-composition v1 (no free machine translation),مصطلح غير مغطّى بالمعجم
06281026121182,Alrabie chocolate milk,,,شوكولاتة حليب,SA,unknown,,REVIEW_UNKNOWN_TERMS,LOW,alrabie,openfoodfacts,https://world.openfoodfacts.org/product/6281026121182,controlled-lexicon-composition v1 (no free machine translation),مصطلح غير مغطّى بالمعجم
06281058270698,Alsi cola,,,كولا,SA,Beverages,,REVIEW_UNKNOWN_TERMS,LOW,alsi,openfoodfacts,https://world.openfoodfacts.org/product/6281058270698,controlled-lexicon-composition v1 (no free machine translation),مصطلح غير مغطّى بالمعجم
06281100081029,Sliced Bread Brown,Lustine,,شرائح خبز بني,SA,Sliced breads,30,REVIEW_BRAND_UNMAPPED,LOW,,openfoodfacts,https://world.openfoodfacts.org/product/6281100081029,controlled-lexicon-composition v1 (no free machine translation),علامة بلا مقابل عربي متحقَّق
06281100682080,Al taie mushrooms whole,,,فطر,SA,Cans-food,,REVIEW_UNKNOWN_TERMS,LOW,al;taie;whole,openfoodfacts,https://world.openfoodfacts.org/product/6281100682080,controlled-lexicon-composition v1 (no free machine translation),مصطلح غير مغطّى بالمعجم
06281103300028,Qassim Mix for Coffee,,,مشكل قهوة,SA,unknown,,REVIEW_UNKNOWN_TERMS,LOW,qassim,openfoodfacts,https://world.openfoodfacts.org/product/6281103300028,controlled-lexicon-composition v1 (no free machine translation),مصطلح غير مغطّى بالمعجم
06283991300265,American sandwich,,,ساندويتش,SA,unknown,,REVIEW_UNKNOWN_TERMS,LOW,american,openfoodfacts,https://world.openfoodfacts.org/product/6283991300265,controlled-lexicon-composition v1 (no free machine translation),مصطلح غير مغطّى بالمعجم
06285572000649,Rita raspberry flavor sparkling drink,,,توت أحمر نكهة فوّار شراب,SA,Sparkling-drink,,REVIEW_UNKNOWN_TERMS,LOW,rita,openfoodfacts,https://world.openfoodfacts.org/product/6285572000649,controlled-lexicon-composition v1 (no free machine translation),مصطلح غير مغطّى بالمعجم
06285602013373,Farfasha,Deejay,,,SA,unknown,100,REVIEW_UNKNOWN_TERMS,LOW,farfasha,openfoodfacts,https://world.openfoodfacts.org/product/6285602013373,controlled-lexicon-composition v1 (no free machine translation),مصطلح غير مغطّى بالمعجم
06286349291116,All-In Superfood,Younited,,,SA,unknown,9.7,REVIEW_UNKNOWN_TERMS,LOW,all;superfood,openfoodfacts,https://world.openfoodfacts.org/product/6286349291116,controlled-lexicon-composition v1 (no free machine translation),مصطلح غير مغطّى بالمعجم
06287005470289,Datte safawi,,,,SA,unknown,,REVIEW_UNKNOWN_TERMS,LOW,datte;safawi,openfoodfacts,https://world.openfoodfacts.org/product/6287005470289,controlled-lexicon-composition v1 (no free machine translation),مصطلح غير مغطّى بالمعجم
06287005470876,SAFAWI DATES,,,تمر,SA,unknown,,REVIEW_UNKNOWN_TERMS,LOW,safawi,openfoodfacts,https://world.openfoodfacts.org/product/6287005470876,controlled-lexicon-composition v1 (no free machine translation),مصطلح غير مغطّى بالمعجم
06287012427313,Jabanese Crackers,Algharbi,,مقرمشات,GCC,unknown,100,REVIEW_UNKNOWN_TERMS,LOW,jabanese,openfoodfacts,https://world.openfoodfacts.org/product/6287012427313,controlled-lexicon-composition v1 (no free machine translation),مصطلح غير مغطّى بالمعجم
06289020501726,The Kimchi,,,,SA,unknown,,REVIEW_UNKNOWN_TERMS,LOW,kimchi,openfoodfacts,https://world.openfoodfacts.org/product/6289020501726,controlled-lexicon-composition v1 (no free machine translation),مصطلح غير مغطّى بالمعجم
06290361981467,Froza Blueberry with Bits,Barakat,,توت أزرق,GCC,unknown,100,REVIEW_UNKNOWN_TERMS,LOW,froza;bits,openfoodfacts,https://world.openfoodfacts.org/product/6290361981467,controlled-lexicon-composition v1 (no free machine translation),مصطلح غير مغطّى بالمعجم
06290400003785,Whole Rolled Oats,Rawan,,شوفان,GCC,unknown,100,REVIEW_UNKNOWN_TERMS,LOW,whole;rolled,openfoodfacts,https://world.openfoodfacts.org/product/6290400003785,controlled-lexicon-composition v1 (no free machine translation),مصطلح غير مغطّى بالمعجم
06291003078484,Take 5,Tiffany,تيفاني,تيفاني,GCC,unknown,,REVIEW_UNKNOWN_TERMS,LOW,take,openfoodfacts,https://world.openfoodfacts.org/product/6291003078484,controlled-lexicon-composition v1 (no free machine translation),مصطلح غير مغطّى بالمعجم
06291014133936,Pekanz,,,,GCC,unknown,,REVIEW_UNKNOWN_TERMS,LOW,pekanz,openfoodfacts,https://world.openfoodfacts.org/product/6291014133936,controlled-lexicon-composition v1 (no free machine translation),مصطلح غير مغطّى بالمعجم
06291100880591,Dattes - Luxurian Arabian Dates,,,تمر عربي تمر,GCC,unknown,,REVIEW_UNKNOWN_TERMS,LOW,luxurian,openfoodfacts,https://world.openfoodfacts.org/product/6291100880591,controlled-lexicon-composition v1 (no free machine translation),مصطلح غير مغطّى بالمعجم
06291101031640,All Purpose Flour No1,Grand Mills,,دقيق,GCC,unknown,100,REVIEW_UNKNOWN_TERMS,LOW,all;purpose;no,openfoodfacts,https://world.openfoodfacts.org/product/6291101031640,controlled-lexicon-composition v1 (no free machine translation),مصطلح غير مغطّى بالمعجم
06291101133849,Alokozay Energy,Alokozai,,طاقة,GCC,Energy drinks,100,REVIEW_UNKNOWN_TERMS,LOW,alokozay,openfoodfacts,https://world.openfoodfacts.org/product/6291101133849,controlled-lexicon-composition v1 (no free machine translation),مصطلح غير مغطّى بالمعجم
06291103930071,Organic Smoked Salmon Fillet,Gourmet House,,عضوي مدخّن سلمون فيليه,GCC,Salmon fillets,,REVIEW_BRAND_UNMAPPED,LOW,,openfoodfacts,https://world.openfoodfacts.org/product/6291103930071,controlled-lexicon-composition v1 (no free machine translation),علامة بلا مقابل عربي متحقَّق
06291106539042,Mixed vegetables,Goodness Foods,,مشكل خضار,GCC,unknown,100,REVIEW_BRAND_UNMAPPED,LOW,,openfoodfacts,https://world.openfoodfacts.org/product/6291106539042,controlled-lexicon-composition v1 (no free machine translation),علامة بلا مقابل عربي متحقَّق
06291107530574,Mixed Fruit Salad,Hello Fruits,,مشكل فواكه سلطة,GCC,unknown,250,REVIEW_BRAND_UNMAPPED,LOW,,openfoodfacts,https://world.openfoodfacts.org/product/6291107530574,controlled-lexicon-composition v1 (no free machine translation),علامة بلا مقابل عربي متحقَّق
06291108424797,Gf oat flour,Earth goods,,شوفان دقيق,GCC,unknown,40,REVIEW_UNKNOWN_TERMS,LOW,gf,openfoodfacts,https://world.openfoodfacts.org/product/6291108424797,controlled-lexicon-composition v1 (no free machine translation),مصطلح غير مغطّى بالمعجم
06294017100080,MAGGI Chorba Soup Halal Sachet,Chorba,ماجي,ماجي شوربة كيس,GCC,Chorba frik soup with meat and frik,250,REVIEW_UNKNOWN_TERMS,LOW,halal,openfoodfacts,https://world.openfoodfacts.org/product/6294017100080,controlled-lexicon-composition v1 (no free machine translation),مصطلح غير مغطّى بالمعجم
06294017130902,Chunky Caramel,Kitkat,كيت كات,كيت كات كراميل,GCC,unknown,42,REVIEW_UNKNOWN_TERMS,LOW,chunky,openfoodfacts,https://world.openfoodfacts.org/product/6294017130902,controlled-lexicon-composition v1 (no free machine translation),مصطلح غير مغطّى بالمعجم
06294017516331,Fresh Milk Low Fat,Alpinella,,حليب طازج قليل الدسم,GCC,unknown,100,REVIEW_BRAND_UNMAPPED,LOW,,openfoodfacts,https://world.openfoodfacts.org/product/6294017516331,controlled-lexicon-composition v1 (no free machine translation),علامة بلا مقابل عربي متحقَّق
06295703583934,Salade de fruits de mer,,,فواكه,GCC,Seafood salads,,REVIEW_UNKNOWN_TERMS,LOW,salade;mer,openfoodfacts,https://world.openfoodfacts.org/product/6295703583934,controlled-lexicon-composition v1 (no free machine translation),مصطلح غير مغطّى بالمعجم
06297000395678,Smoked Salmon w/ Dill,Fine Food,فاين,فاين مدخّن سلمون,GCC,unknown,50,REVIEW_UNKNOWN_TERMS,LOW,dill,openfoodfacts,https://world.openfoodfacts.org/product/6297000395678,controlled-lexicon-composition v1 (no free machine translation),مصطلح غير مغطّى بالمعجم
06297000555867,Treasure dates,,,تمر,GCC,Dates,,REVIEW_UNKNOWN_TERMS,LOW,treasure,openfoodfacts,https://world.openfoodfacts.org/product/6297000555867,controlled-lexicon-composition v1 (no free machine translation),مصطلح غير مغطّى بالمعجم
06299200031905,Unsalted Butter,Milba,,بدون ملح زبدة,GCC,unknown,,REVIEW_BRAND_UNMAPPED,LOW,,openfoodfacts,https://world.openfoodfacts.org/product/6299200031905,controlled-lexicon-composition v1 (no free machine translation),علامة بلا مقابل عربي متحقَّق
06300700500157,Laban (Full Fat),Awafi,,كامل الدسم لبن,GCC,Buttermilks,100,REVIEW_BRAND_UNMAPPED,LOW,,openfoodfacts,https://world.openfoodfacts.org/product/6300700500157,controlled-lexicon-composition v1 (no free machine translation),علامة بلا مقابل عربي متحقَّق
06300900239499,Icelandic style blueberry yoghurt,Baladna,بلدنا,بلدنا ستايل توت أزرق زبادي,GCC,unknown,150,REVIEW_UNKNOWN_TERMS,LOW,icelandic,openfoodfacts,https://world.openfoodfacts.org/product/6300900239499,controlled-lexicon-composition v1 (no free machine translation),مصطلح غير مغطّى بالمعجم
07610400074155,Lindor Dark 60%,Lindt LINDOR,,داكن,GCC,Chocolates,25,REVIEW_UNKNOWN_TERMS,LOW,lindor,openfoodfacts,https://world.openfoodfacts.org/product/7610400074155,controlled-lexicon-composition v1 (no free machine translation),مصطلح غير مغطّى بالمعجم
07613287431943,Nesquik Cocoa,Nestlé,نستله,نستله كاكاو,SA,Instant chocolate powders,,REVIEW_UNKNOWN_TERMS,LOW,nesquik,openfoodfacts,https://world.openfoodfacts.org/product/7613287431943,controlled-lexicon-composition v1 (no free machine translation),مصطلح غير مغطّى بالمعجم
08000500259511,Kinder Schoko-bons crispy,Kinder,كيندر,كيندر مقرمش,GCC,Bonbons,,REVIEW_UNKNOWN_TERMS,LOW,schoko;bons,openfoodfacts,https://world.openfoodfacts.org/product/8000500259511,controlled-lexicon-composition v1 (no free machine translation),مصطلح غير مغطّى بالمعجم
08004030120433,Light meat tuna in olive oil,Rio Mare,,زيت زيتون لايت لحم تونة,GCC,unknown,,REVIEW_BRAND_UNMAPPED,LOW,,openfoodfacts,https://world.openfoodfacts.org/product/8004030120433,controlled-lexicon-composition v1 (no free machine translation),علامة بلا مقابل عربي متحقَّق
08006669012172,Ravioli pomodoro mozzarella,Scoiattolo,,موزاريلا,GCC,Ravioli,125,REVIEW_UNKNOWN_TERMS,LOW,ravioli;pomodoro,openfoodfacts,https://world.openfoodfacts.org/product/8006669012172,controlled-lexicon-composition v1 (no free machine translation),مصطلح غير مغطّى بالمعجم
08682530220893,Kelloggs granola white chocolate and pistachio,,,جرانولا أبيض شوكولاتة فستق,GCC,Mueslis,45,REVIEW_UNKNOWN_TERMS,LOW,kelloggs,openfoodfacts,https://world.openfoodfacts.org/product/8682530220893,controlled-lexicon-composition v1 (no free machine translation),مصطلح غير مغطّى بالمعجم
08850632606796,Sour Zank Cola,Sour Zank,,كولا,SA,unknown,40,REVIEW_BRAND_UNMAPPED,LOW,,openfoodfacts,https://world.openfoodfacts.org/product/8850632606796,controlled-lexicon-composition v1 (no free machine translation),علامة بلا مقابل عربي متحقَّق
09504000172350,Fruitoo,Raw a,,,GCC,unknown,,REVIEW_UNKNOWN_TERMS,LOW,fruitoo,openfoodfacts,https://world.openfoodfacts.org/product/9504000172350,controlled-lexicon-composition v1 (no free machine translation),مصطلح غير مغطّى بالمعجم
00000029641819,Chicken Shish Tawook Skewers,Spinneys,سبينيس,سبينيس دجاج,GCC,unknown,100,REVIEW_UNKNOWN_TERMS,LOW,shish;tawook;skewers,openfoodfacts,https://world.openfoodfacts.org/product/29641819,controlled-lexicon-composition v1 (no free machine translation),مصطلح غير مغطّى بالمعجم
00012000063640,Sting Red 250 ml,Sting,,أحمر,GCC,Carbonated fruit soft drink with sugar,250,REVIEW_BRAND_UNMAPPED,LOW,,openfoodfacts,https://world.openfoodfacts.org/product/0012000063640,controlled-lexicon-composition v1 (no free machine translation),علامة بلا مقابل عربي متحقَّق
00030000658000,Original Lite Syrup,Pearl Milling Company,,أصلي لايت شراب,GCC,Simple syrups,30,REVIEW_BRAND_UNMAPPED,LOW,,openfoodfacts,https://world.openfoodfacts.org/product/0030000658000,controlled-lexicon-composition v1 (no free machine translation),علامة بلا مقابل عربي متحقَّق
00032894010278,California garden red kidney beans ready to eat dark,California Garden,كاليفورنيا جاردن,كاليفورنيا جاردن أحمر حمراء فاصوليا داكن,GCC,Red beans,,REVIEW_UNKNOWN_TERMS,LOW,ready;eat,openfoodfacts,https://world.openfoodfacts.org/product/0032894010278,controlled-lexicon-composition v1 (no free machine translation),مصطلح غير مغطّى بالمعجم
00032894041111,California garden fava beans egyptian recipe,,كاليفورنيا جاردن,كاليفورنيا جاردن فول فاصوليا وصفة,SA,unknown,,REVIEW_UNKNOWN_TERMS,LOW,egyptian,openfoodfacts,https://world.openfoodfacts.org/product/0032894041111,controlled-lexicon-composition v1 (no free machine translation),مصطلح غير مغطّى بالمعجم
00617241013999,Victoria hommous tahini,,,طحينة,SA,Tahini,,REVIEW_UNKNOWN_TERMS,LOW,victoria;hommous,openfoodfacts,https://world.openfoodfacts.org/product/0617241013999,controlled-lexicon-composition v1 (no free machine translation),مصطلح غير مغطّى بالمعجم
00627907110832,seasoned beef steak cubes - tenderized with sea salt,Fresh additions,,متبّل لحم بقري بحري ملح,GCC,Grilled beef sirloin steak,91,REVIEW_UNKNOWN_TERMS,LOW,steak;cubes;tenderized,openfoodfacts,https://world.openfoodfacts.org/product/0627907110832,controlled-lexicon-composition v1 (no free machine translation),مصطلح غير مغطّى بالمعجم
00628678203655,All-in-One Shake,goodprotein,,شيك,SA,Meal replacements,44,REVIEW_UNKNOWN_TERMS,LOW,all,openfoodfacts,https://world.openfoodfacts.org/product/0628678203655,controlled-lexicon-composition v1 (no free machine translation),مصطلح غير مغطّى بالمعجم
00629025411037,Yogourt Iögo fraise vanille,Iögo,,,GCC,unknown,100,REVIEW_UNKNOWN_TERMS,LOW,yogourt;fraise;vanille,openfoodfacts,https://world.openfoodfacts.org/product/0629025411037,controlled-lexicon-composition v1 (no free machine translation),مصطلح غير مغطّى بالمعجم
00717273550315,BUTTER POPCORN,American Garden,,زبدة فشار,SA,unknown,33,REVIEW_BRAND_UNMAPPED,LOW,,openfoodfacts,https://world.openfoodfacts.org/product/0717273550315,controlled-lexicon-composition v1 (no free machine translation),علامة بلا مقابل عربي متحقَّق
00743730089494,Frozen Potato Products,Caspar,,مجمّد بطاطس,GCC,unknown,,REVIEW_UNKNOWN_TERMS,LOW,products,openfoodfacts,https://world.openfoodfacts.org/product/0743730089494,controlled-lexicon-composition v1 (no free machine translation),مصطلح غير مغطّى بالمعجم
03073780450386,LA VACHE QUI RIT SANDWICH,La Vache qui rit,,ساندويتش,GCC,Processed cheese in slices,20,REVIEW_BRAND_UNMAPPED,LOW,,openfoodfacts,https://world.openfoodfacts.org/product/3073780450386,controlled-lexicon-composition v1 (no free machine translation),علامة بلا مقابل عربي متحقَّق
03080216032566,Holsten apple flavor,,,تفاح نكهة,GCC,unknown,,REVIEW_UNKNOWN_TERMS,LOW,holsten,openfoodfacts,https://world.openfoodfacts.org/product/3080216032566,controlled-lexicon-composition v1 (no free machine translation),مصطلح غير مغطّى بالمعجم
03110846198735,Trio de petits oeufs,Révillon,,,GCC,unknown,,REVIEW_UNKNOWN_TERMS,LOW,trio;petits;oeufs,openfoodfacts,https://world.openfoodfacts.org/product/3110846198735,controlled-lexicon-composition v1 (no free machine translation),مصطلح غير مغطّى بالمعجم
03350033518353,Sardines à l'huile d'olive vierge extra,Monoprix,مونوبري,مونوبري سردين زيتون إكسترا,GCC,Sardines in olive oil,,REVIEW_UNKNOWN_TERMS,LOW,huile;vierge,openfoodfacts,https://world.openfoodfacts.org/product/3350033518353,controlled-lexicon-composition v1 (no free machine translation),مصطلح غير مغطّى بالمعجم
03451790019739,Elle & vire desserts lactes fruits peche,Elle & Vire,ال آند فير,ال آند فير فواكه,GCC,Produit-laitier,125,REVIEW_UNKNOWN_TERMS,LOW,desserts;lactes;peche,openfoodfacts,https://world.openfoodfacts.org/product/3451790019739,controlled-lexicon-composition v1 (no free machine translation),مصطلح غير مغطّى بالمعجم
05002860347016,Oats Protine,Laperva,لابيرفا,لابيرفا شوفان,SA,unknown,60,REVIEW_UNKNOWN_TERMS,LOW,protine,openfoodfacts,https://world.openfoodfacts.org/product/5002860347016,controlled-lexicon-composition v1 (no free machine translation),مصطلح غير مغطّى بالمعجم
05010478841246,Drumstick Choos,Swizzels,,,SA,unknown,20,REVIEW_UNKNOWN_TERMS,LOW,drumstick;choos,openfoodfacts,https://world.openfoodfacts.org/product/5010478841246,controlled-lexicon-composition v1 (no free machine translation),مصطلح غير مغطّى بالمعجم
05011835101058,Smooth Peanut Butter,Whole Earth,,زبدة فول سوداني ناعم,GCC,Peanut butters,100,REVIEW_BRAND_UNMAPPED,LOW,,openfoodfacts,https://world.openfoodfacts.org/product/5011835101058,controlled-lexicon-composition v1 (no free machine translation),علامة بلا مقابل عربي متحقَّق
05018357006717,Dorset cereals classic fruit,,,كلاسيك فواكه,GCC,unknown,100,REVIEW_UNKNOWN_TERMS,LOW,dorset;cereals,openfoodfacts,https://world.openfoodfacts.org/product/5018357006717,controlled-lexicon-composition v1 (no free machine translation),مصطلح غير مغطّى بالمعجم
05056357910405,HIGH PROTEIN 11 brow ༣,M And M,,عالي البروتين,SA,unknown,350,REVIEW_UNKNOWN_TERMS,LOW,brow,openfoodfacts,https://world.openfoodfacts.org/product/5056357910405,controlled-lexicon-composition v1 (no free machine translation),مصطلح غير مغطّى بالمعجم
05059883473215,Impact Whey Protein,MyProtein,ماي بروتين,ماي بروتين واي بروتين,GCC,unknown,30,REVIEW_UNKNOWN_TERMS,LOW,impact,openfoodfacts,https://world.openfoodfacts.org/product/5059883473215,controlled-lexicon-composition v1 (no free machine translation),مصطلح غير مغطّى بالمعجم
05283013314929,Soy Sauce Less Salt,Plein Soleil,,صويا صلصة ملح,GCC,unknown,15,REVIEW_UNKNOWN_TERMS,LOW,less,openfoodfacts,https://world.openfoodfacts.org/product/5283013314929,controlled-lexicon-composition v1 (no free machine translation),مصطلح غير مغطّى بالمعجم
05285001076055,Bread crumbs plain,,,خبز سادة,SA,unknown,33,REVIEW_UNKNOWN_TERMS,LOW,crumbs,openfoodfacts,https://world.openfoodfacts.org/product/5285001076055,controlled-lexicon-composition v1 (no free machine translation),مصطلح غير مغطّى بالمعجم
05285001155255,Aloha tuna light flakes tuna in vegetable oil,,,زيت نباتي تونة لايت رقائق تونة,SA,unknown,,REVIEW_UNKNOWN_TERMS,LOW,aloha,openfoodfacts,https://world.openfoodfacts.org/product/5285001155255,controlled-lexicon-composition v1 (no free machine translation),مصطلح غير مغطّى بالمعجم
05410081202555,Chocolat au lait,Côte d'Or,,شوكولاتة,GCC,Chocolates with extra fine milk,47,REVIEW_UNKNOWN_TERMS,LOW,au;lait,openfoodfacts,https://world.openfoodfacts.org/product/5410081202555,controlled-lexicon-composition v1 (no free machine translation),مصطلح غير مغطّى بالمعجم
05701410412845,Mørk Chokolade Karamel & Havsalt,Grøn Balance,,,GCC,unknown,,REVIEW_UNKNOWN_TERMS,LOW,rk;chokolade;karamel;havsalt,openfoodfacts,https://world.openfoodfacts.org/product/5701410412845,controlled-lexicon-composition v1 (no free machine translation),مصطلح غير مغطّى بالمعجم
05710885043577,simply cookie joe,Simply,,كوكيز,SA,unknown,40,REVIEW_UNKNOWN_TERMS,LOW,joe,openfoodfacts,https://world.openfoodfacts.org/product/5710885043577,controlled-lexicon-composition v1 (no free machine translation),مصطلح غير مغطّى بالمعجم
05900617037152,Sante gold granola,sante,,جرانولا,GCC,Breakfast cereals,100,REVIEW_UNKNOWN_TERMS,LOW,gold,openfoodfacts,https://world.openfoodfacts.org/product/5900617037152,controlled-lexicon-composition v1 (no free machine translation),مصطلح غير مغطّى بالمعجم
06009544963134,Hardcore Whey gh Peanut Butter Cup Flavour,USN,,زبدة فول سوداني واي كوب نكهة,GCC,unknown,33,REVIEW_UNKNOWN_TERMS,LOW,hardcore;gh,openfoodfacts,https://world.openfoodfacts.org/product/6009544963134,controlled-lexicon-composition v1 (no free machine translation),مصطلح غير مغطّى بالمعجم
06071010448568,Tzatziki bio,Monoprix,مونوبري,مونوبري عضوي,GCC,unknown,100,REVIEW_UNKNOWN_TERMS,LOW,tzatziki,openfoodfacts,https://world.openfoodfacts.org/product/6071010448568,controlled-lexicon-composition v1 (no free machine translation),مصطلح غير مغطّى بالمعجم
06251036015627,Mr.chips with ketchup flavor,,,شيبس كاتشب نكهة,SA,Chips,,REVIEW_UNKNOWN_TERMS,LOW,mr,openfoodfacts,https://world.openfoodfacts.org/product/6251036015627,controlled-lexicon-composition v1 (no free machine translation),مصطلح غير مغطّى بالمعجم
06251036300945,Cheddar Cheese Gourmet Popcorn,Mr. Chips,,جبن شيدر فشار,SA,unknown,100,REVIEW_UNKNOWN_TERMS,LOW,gourmet,openfoodfacts,https://world.openfoodfacts.org/product/6251036300945,controlled-lexicon-composition v1 (no free machine translation),مصطلح غير مغطّى بالمعجم
06253808660844,Chocolate Puff,Qbake,كيو بيك,كيو بيك شوكولاتة,GCC,Viennoiseries,70,REVIEW_UNKNOWN_TERMS,LOW,puff,openfoodfacts,https://world.openfoodfacts.org/product/6253808660844,controlled-lexicon-composition v1 (no free machine translation),مصطلح غير مغطّى بالمعجم
06271003037049,Choco Sandwich,Kuwait Flour Mills & Bakeries CO.,,شوكولاتة ساندويتش,GCC,Chocolate sandwich cookies,7.5,REVIEW_BRAND_UNMAPPED,LOW,,openfoodfacts,https://world.openfoodfacts.org/product/6271003037049,controlled-lexicon-composition v1 (no free machine translation),علامة بلا مقابل عربي متحقَّق
06271003041060,White Toast Bread (Square),Kuwait Flour Mills & Bakeries Co.,,أبيض توست خبز,GCC,unknown,24,REVIEW_UNKNOWN_TERMS,LOW,square,openfoodfacts,https://world.openfoodfacts.org/product/6271003041060,controlled-lexicon-composition v1 (no free machine translation),مصطلح غير مغطّى بالمعجم
06271003045020,White French Bread,Kuwait Flour Mills & Bakeries Co,,أبيض فرنسي خبز,GCC,Breads,120,REVIEW_BRAND_UNMAPPED,LOW,,openfoodfacts,https://world.openfoodfacts.org/product/6271003045020,controlled-lexicon-composition v1 (no free machine translation),علامة بلا مقابل عربي متحقَّق
06271003046195,Protein Toast,KFM,,بروتين توست,GCC,unknown,26,REVIEW_BRAND_UNMAPPED,LOW,,openfoodfacts,https://world.openfoodfacts.org/product/6271003046195,controlled-lexicon-composition v1 (no free machine translation),علامة بلا مقابل عربي متحقَّق
06281022174021,Dunkin latte caramel,,,لاتيه كراميل,SA,unknown,,REVIEW_UNKNOWN_TERMS,LOW,dunkin,openfoodfacts,https://world.openfoodfacts.org/product/6281022174021,controlled-lexicon-composition v1 (no free machine translation),مصطلح غير مغطّى بالمعجم
06281034016029,Rani Orange Canette,,راني,راني برتقال,SA,Beverages,240,REVIEW_UNKNOWN_TERMS,LOW,canette,openfoodfacts,https://world.openfoodfacts.org/product/6281034016029,controlled-lexicon-composition v1 (no free machine translation),مصطلح غير مغطّى بالمعجم
06281034912840,Barbican gold malt,,باربيكان,باربيكان شعير,SA,Beverages,,REVIEW_UNKNOWN_TERMS,LOW,gold,openfoodfacts,https://world.openfoodfacts.org/product/6281034912840,controlled-lexicon-composition v1 (no free machine translation),مصطلح غير مغطّى بالمعجم
06281036001993,Lay’s flamin hot,,,حار,GCC,unknown,,REVIEW_UNKNOWN_TERMS,LOW,lay;flamin,openfoodfacts,https://world.openfoodfacts.org/product/6281036001993,controlled-lexicon-composition v1 (no free machine translation),مصطلح غير مغطّى بالمعجم
06281039560114,Baboo tornadoo,,,,SA,unknown,70,REVIEW_UNKNOWN_TERMS,LOW,baboo;tornadoo,openfoodfacts,https://world.openfoodfacts.org/product/6281039560114,controlled-lexicon-composition v1 (no free machine translation),مصطلح غير مغطّى بالمعجم
06281058291785,Nerve soft drink orignal flavor,,,طري شراب نكهة,SA,Beers,,REVIEW_UNKNOWN_TERMS,LOW,nerve;orignal,openfoodfacts,https://world.openfoodfacts.org/product/6281058291785,controlled-lexicon-composition v1 (no free machine translation),مصطلح غير مغطّى بالمعجم
06281071135110,Marami barbecue,,,,SA,unknown,,REVIEW_UNKNOWN_TERMS,LOW,marami;barbecue,openfoodfacts,https://world.openfoodfacts.org/product/6281071135110,controlled-lexicon-composition v1 (no free machine translation),مصطلح غير مغطّى بالمعجم
06281100201861,White Indian basmati rice,Al. Alia,,أبيض بسمتي أرز,SA,unknown,100,REVIEW_UNKNOWN_TERMS,LOW,indian,openfoodfacts,https://world.openfoodfacts.org/product/6281100201861,controlled-lexicon-composition v1 (no free machine translation),مصطلح غير مغطّى بالمعجم
06281761301375,Onion Crisps,Applewood,,بصل شيبس,SA,unknown,50,REVIEW_BRAND_UNMAPPED,LOW,,openfoodfacts,https://world.openfoodfacts.org/product/6281761301375,controlled-lexicon-composition v1 (no free machine translation),علامة بلا مقابل عربي متحقَّق
06285102000033,Dukka Al Medina,,,,SA,unknown,,REVIEW_UNKNOWN_TERMS,LOW,dukka;al;medina,openfoodfacts,https://world.openfoodfacts.org/product/6285102000033,controlled-lexicon-composition v1 (no free machine translation),مصطلح غير مغطّى بالمعجم
06285572000250,Rita mixed berries,,,مشكل توت,SA,unknown,,REVIEW_UNKNOWN_TERMS,LOW,rita,openfoodfacts,https://world.openfoodfacts.org/product/6285572000250,controlled-lexicon-composition v1 (no free machine translation),مصطلح غير مغطّى بالمعجم
06285572002148,Rita lemon and mint,Rita,,ليمون نعناع,SA,unknown,,REVIEW_BRAND_UNMAPPED,LOW,,openfoodfacts,https://world.openfoodfacts.org/product/6285572002148,controlled-lexicon-composition v1 (no free machine translation),علامة بلا مقابل عربي متحقَّق
06286788600128,Dinner Rolls,,,رولز,SA,unknown,,REVIEW_UNKNOWN_TERMS,LOW,dinner,openfoodfacts,https://world.openfoodfacts.org/product/6286788600128,controlled-lexicon-composition v1 (no free machine translation),مصطلح غير مغطّى بالمعجم
06286788790034,Cabbage soup,,,شوربة,SA,unknown,,REVIEW_UNKNOWN_TERMS,LOW,cabbage,openfoodfacts,https://world.openfoodfacts.org/product/6286788790034,controlled-lexicon-composition v1 (no free machine translation),مصطلح غير مغطّى بالمعجم
06287000659443,Freshco tuna light tuna meat in hot pepper oil,,,تونة لايت تونة لحم حار فلفل زيت,SA,Tunas,,REVIEW_UNKNOWN_TERMS,LOW,freshco,openfoodfacts,https://world.openfoodfacts.org/product/6287000659443,controlled-lexicon-composition v1 (no free machine translation),مصطلح غير مغطّى بالمعجم
06287001562452,Protein Crackers - Cheese,Al Hatab Bakery,,بروتين مقرمشات جبن,SA,Protein,100,REVIEW_BRAND_UNMAPPED,LOW,,openfoodfacts,https://world.openfoodfacts.org/product/6287001562452,controlled-lexicon-composition v1 (no free machine translation),علامة بلا مقابل عربي متحقَّق
06287001562513,Protein crackers,Al Hatab Bakery,,بروتين مقرمشات,SA,unknown,100,REVIEW_BRAND_UNMAPPED,LOW,,openfoodfacts,https://world.openfoodfacts.org/product/6287001562513,controlled-lexicon-composition v1 (no free machine translation),علامة بلا مقابل عربي متحقَّق
06287002130537,Toast Slice Bran,Kudu,,توست,SA,unknown,30,REVIEW_UNKNOWN_TERMS,LOW,slice;bran,openfoodfacts,https://world.openfoodfacts.org/product/6287002130537,controlled-lexicon-composition v1 (no free machine translation),مصطلح غير مغطّى بالمعجم
06287005470548,AJWA OF MADINA,,,عجوة,SA,unknown,,REVIEW_UNKNOWN_TERMS,LOW,madina,openfoodfacts,https://world.openfoodfacts.org/product/6287005470548,controlled-lexicon-composition v1 (no free machine translation),مصطلح غير مغطّى بالمعجم
06287005690168,Abaq alasalah,,,,SA,unknown,,REVIEW_UNKNOWN_TERMS,LOW,abaq;alasalah,openfoodfacts,https://world.openfoodfacts.org/product/6287005690168,controlled-lexicon-composition v1 (no free machine translation),مصطلح غير مغطّى بالمعجم
06287006941832,Kitco mexita hot chili and lime,,كيتكو,كيتكو حار شطة ليمون أخضر,GCC,unknown,,REVIEW_UNKNOWN_TERMS,LOW,mexita,openfoodfacts,https://world.openfoodfacts.org/product/6287006941832,controlled-lexicon-composition v1 (no free machine translation),مصطلح غير مغطّى بالمعجم
06287034100904,Kinza saudi cocktail apple and mint,Kinza,كينزا,كينزا كوكتيل تفاح نعناع,GCC,Carbonated drinks,100,REVIEW_UNKNOWN_TERMS,LOW,saudi,openfoodfacts,https://world.openfoodfacts.org/product/6287034100904,controlled-lexicon-composition v1 (no free machine translation),مصطلح غير مغطّى بالمعجم
06290050201456,Melolac sachet,,,كيس,GCC,unknown,,REVIEW_UNKNOWN_TERMS,LOW,melolac,openfoodfacts,https://world.openfoodfacts.org/product/6290050201456,controlled-lexicon-composition v1 (no free machine translation),مصطلح غير مغطّى بالمعجم
06290090033161,Heinz Incredibly Light Mayonnaise 400ML,HEINZ,هاينز,هاينز لايت مايونيز,GCC,Mayonnaises,100,REVIEW_UNKNOWN_TERMS,LOW,incredibly,openfoodfacts,https://world.openfoodfacts.org/product/6290090033161,controlled-lexicon-composition v1 (no free machine translation),مصطلح غير مغطّى بالمعجم
06290360500997,ISO Triple Zero,Laperva,لابيرفا,لابيرفا زيرو,GCC,unknown,31,REVIEW_UNKNOWN_TERMS,LOW,iso;triple,openfoodfacts,https://world.openfoodfacts.org/product/6290360500997,controlled-lexicon-composition v1 (no free machine translation),مصطلح غير مغطّى بالمعجم
06291002713270,Paratha,Al Islami,الإسلامي,الإسلامي,GCC,unknown,80,REVIEW_UNKNOWN_TERMS,LOW,paratha,openfoodfacts,https://world.openfoodfacts.org/product/6291002713270,controlled-lexicon-composition v1 (no free machine translation),مصطلح غير مغطّى بالمعجم
06291007906103,Good day cashew,,,كاجو,GCC,unknown,,REVIEW_UNKNOWN_TERMS,LOW,good;day,openfoodfacts,https://world.openfoodfacts.org/product/6291007906103,controlled-lexicon-composition v1 (no free machine translation),مصطلح غير مغطّى بالمعجم
06291007907353,Cake muffills ajman,Britannia,بريتانيا,بريتانيا كيك,GCC,Cakes,,REVIEW_UNKNOWN_TERMS,LOW,muffills;ajman,openfoodfacts,https://world.openfoodfacts.org/product/6291007907353,controlled-lexicon-composition v1 (no free machine translation),مصطلح غير مغطّى بالمعجم
06291010911224,Juici litchi,Star,,,GCC,Sweetened beverages,,REVIEW_UNKNOWN_TERMS,LOW,juici;litchi,openfoodfacts,https://world.openfoodfacts.org/product/6291010911224,controlled-lexicon-composition v1 (no free machine translation),مصطلح غير مغطّى بالمعجم
06291031002079,Fruit cocktail,marmum,,فواكه كوكتيل,GCC,unknown,,REVIEW_BRAND_UNMAPPED,LOW,,openfoodfacts,https://world.openfoodfacts.org/product/6291031002079,controlled-lexicon-composition v1 (no free machine translation),علامة بلا مقابل عربي متحقَّق
06291031002598,Fresh greek yoghurt drink,magnum,,زبادي سائل طازج يوناني,GCC,unknown,,REVIEW_BRAND_UNMAPPED,LOW,,openfoodfacts,https://world.openfoodfacts.org/product/6291031002598,controlled-lexicon-composition v1 (no free machine translation),علامة بلا مقابل عربي متحقَّق
06291100198788,Whole khalas Dates,,,تمر,GCC,unknown,,REVIEW_UNKNOWN_TERMS,LOW,whole;khalas,openfoodfacts,https://world.openfoodfacts.org/product/6291100198788,controlled-lexicon-composition v1 (no free machine translation),مصطلح غير مغطّى بالمعجم
06291100602551,Jumbo Twin Cakes Coconut,Eurocake,,جوز الهند,GCC,unknown,,REVIEW_UNKNOWN_TERMS,LOW,jumbo;twin;cakes,openfoodfacts,https://world.openfoodfacts.org/product/6291100602551,controlled-lexicon-composition v1 (no free machine translation),مصطلح غير مغطّى بالمعجم
06291100602629,Delice double choco imp,DO FREEZE L.L.C,,شوكولاتة,SA,Chocolate cakes,,REVIEW_UNKNOWN_TERMS,LOW,delice;double;imp,openfoodfacts,https://world.openfoodfacts.org/product/6291100602629,controlled-lexicon-composition v1 (no free machine translation),مصطلح غير مغطّى بالمعجم
06291103381316,Pizza base,Bonita,,بيتزا,GCC,unknown,100,REVIEW_UNKNOWN_TERMS,LOW,base,openfoodfacts,https://world.openfoodfacts.org/product/6291103381316,controlled-lexicon-composition v1 (no free machine translation),مصطلح غير مغطّى بالمعجم
06291104283343,Larder Organic Acacia Honey,Organic Larder,أورجانيك لاردر,أورجانيك لاردر عضوي عسل,GCC,unknown,21,REVIEW_UNKNOWN_TERMS,LOW,larder;acacia,openfoodfacts,https://world.openfoodfacts.org/product/6291104283343,controlled-lexicon-composition v1 (no free machine translation),مصطلح غير مغطّى بالمعجم
06291105691505,Bugles firey hot,,,حار,SA,unknown,,REVIEW_UNKNOWN_TERMS,LOW,bugles;firey,openfoodfacts,https://world.openfoodfacts.org/product/6291105691505,controlled-lexicon-composition v1 (no free machine translation),مصطلح غير مغطّى بالمعجم
06291105692144,Supreme vanilla cake,,,فانيلا كيك,GCC,unknown,,REVIEW_UNKNOWN_TERMS,LOW,supreme,openfoodfacts,https://world.openfoodfacts.org/product/6291105692144,controlled-lexicon-composition v1 (no free machine translation),مصطلح غير مغطّى بالمعجم
06291105693202,Bugles buffalo wings sauce,,,أجنحة صلصة,SA,unknown,,REVIEW_UNKNOWN_TERMS,LOW,bugles;buffalo,openfoodfacts,https://world.openfoodfacts.org/product/6291105693202,controlled-lexicon-composition v1 (no free machine translation),مصطلح غير مغطّى بالمعجم
06291107380544,Dates cassandra,,,تمر,GCC,unknown,,REVIEW_UNKNOWN_TERMS,LOW,cassandra,openfoodfacts,https://world.openfoodfacts.org/product/6291107380544,controlled-lexicon-composition v1 (no free machine translation),مصطلح غير مغطّى بالمعجم
06292644003293,Chicken Floss Cakes,Paramount Food,,دجاج,GCC,unknown,100,REVIEW_UNKNOWN_TERMS,LOW,floss;cakes,openfoodfacts,https://world.openfoodfacts.org/product/6292644003293,controlled-lexicon-composition v1 (no free machine translation),مصطلح غير مغطّى بالمعجم
06294011658587,Flavory Fries,Lulu,لولو,لولو بطاطس مقلية,GCC,unknown,80,REVIEW_UNKNOWN_TERMS,LOW,flavory,openfoodfacts,https://world.openfoodfacts.org/product/6294011658587,controlled-lexicon-composition v1 (no free machine translation),مصطلح غير مغطّى بالمعجم
06294014712576,Date Maamoul,Alrifai,,تمر معمول,GCC,Pastries,25,REVIEW_BRAND_UNMAPPED,LOW,,openfoodfacts,https://world.openfoodfacts.org/product/6294014712576,controlled-lexicon-composition v1 (no free machine translation),علامة بلا مقابل عربي متحقَّق
06294017115763,Nesquick,,,,GCC,unknown,,REVIEW_UNKNOWN_TERMS,LOW,nesquick,openfoodfacts,https://world.openfoodfacts.org/product/6294017115763,controlled-lexicon-composition v1 (no free machine translation),مصطلح غير مغطّى بالمعجم
06294017514733,Atlantic Herring Fillet,MariNova,,فيليه,GCC,unknown,85,REVIEW_UNKNOWN_TERMS,LOW,atlantic;herring,openfoodfacts,https://world.openfoodfacts.org/product/6294017514733,controlled-lexicon-composition v1 (no free machine translation),مصطلح غير مغطّى بالمعجم
06297000185125,Finest Arabian sweets,Al mealim,,عربي,GCC,Almond cakes,100,REVIEW_UNKNOWN_TERMS,LOW,finest;sweets,openfoodfacts,https://world.openfoodfacts.org/product/6297000185125,controlled-lexicon-composition v1 (no free machine translation),مصطلح غير مغطّى بالمعجم
06299200045971,Tuna Solid In Brine,Deep Blue,,تونة,GCC,unknown,,REVIEW_UNKNOWN_TERMS,LOW,solid;brine,openfoodfacts,https://world.openfoodfacts.org/product/6299200045971,controlled-lexicon-composition v1 (no free machine translation),مصطلح غير مغطّى بالمعجم
06299200047012,Stonebell's Beef Noodle Soup,Stonebell's,,لحم بقري شوربة,GCC,Soups,250,REVIEW_UNKNOWN_TERMS,LOW,noodle,openfoodfacts,https://world.openfoodfacts.org/product/6299200047012,controlled-lexicon-composition v1 (no free machine translation),مصطلح غير مغطّى بالمعجم
06299200051514,Low Fat Fresh Milk,Milba,,حليب طازج قليل الدسم,GCC,unknown,100,REVIEW_BRAND_UNMAPPED,LOW,,openfoodfacts,https://world.openfoodfacts.org/product/6299200051514,controlled-lexicon-composition v1 (no free machine translation),علامة بلا مقابل عربي متحقَّق
06300900101215,High Protein Greek Yogurt Drink Peach,Alwajba,,عالي البروتين يوناني زبادي شراب خوخ,GCC,unknown,100,REVIEW_BRAND_UNMAPPED,LOW,,openfoodfacts,https://world.openfoodfacts.org/product/6300900101215,controlled-lexicon-composition v1 (no free machine translation),علامة بلا مقابل عربي متحقَّق
07622201746667,Biscuit Bran,Belvita,,بسكويت,GCC,Biscuits,28,REVIEW_UNKNOWN_TERMS,LOW,bran,openfoodfacts,https://world.openfoodfacts.org/product/7622201746667,controlled-lexicon-composition v1 (no free machine translation),مصطلح غير مغطّى بالمعجم
08001130808735,Il panettone Gran Galup,Galup,,,GCC,Panettone,,REVIEW_UNKNOWN_TERMS,LOW,il;panettone;gran,openfoodfacts,https://world.openfoodfacts.org/product/8001130808735,controlled-lexicon-composition v1 (no free machine translation),مصطلح غير مغطّى بالمعجم
08050705434473,Cornetto apricot,Maestro Massimo,,مشمش,GCC,Sweet snacks,,REVIEW_UNKNOWN_TERMS,LOW,cornetto,openfoodfacts,https://world.openfoodfacts.org/product/8050705434473,controlled-lexicon-composition v1 (no free machine translation),مصطلح غير مغطّى بالمعجم
08944513616810,Croissant Feta Cheese,Wooden Bakery,,كرواسون فيتا جبن,GCC,unknown,65,REVIEW_BRAND_UNMAPPED,LOW,,openfoodfacts,https://world.openfoodfacts.org/product/8944513616810,controlled-lexicon-composition v1 (no free machine translation),علامة بلا مقابل عربي متحقَّق
08996001526286,Spaghetti Alfredo,Wow Pasta,,سباغيتي,SA,unknown,88,REVIEW_UNKNOWN_TERMS,LOW,alfredo,openfoodfacts,https://world.openfoodfacts.org/product/8996001526286,controlled-lexicon-composition v1 (no free machine translation),مصطلح غير مغطّى بالمعجم
09310081405757,Australian CARROT,Birds Eye,,جزر,SA,unknown,75,REVIEW_UNKNOWN_TERMS,LOW,australian,openfoodfacts,https://world.openfoodfacts.org/product/9310081405757,controlled-lexicon-composition v1 (no free machine translation),مصطلح غير مغطّى بالمعجم
09311008049603,Frozen Fruit Raspberries,Dole,,مجمّد فواكه,GCC,unknown,112,REVIEW_UNKNOWN_TERMS,LOW,raspberries,openfoodfacts,https://world.openfoodfacts.org/product/9311008049603,controlled-lexicon-composition v1 (no free machine translation),مصطلح غير مغطّى بالمعجم
00000000445757,Cocoa Truffles,Trader Joe’s,,كاكاو,GCC,Chocolate truffles,30,REVIEW_UNKNOWN_TERMS,LOW,truffles,openfoodfacts,https://world.openfoodfacts.org/product/00445757,controlled-lexicon-composition v1 (no free machine translation),مصطلح غير مغطّى بالمعجم
00000029590025,Spanish Salami,Spinneys,سبينيس,سبينيس سلامي,GCC,unknown,100,REVIEW_UNKNOWN_TERMS,LOW,spanish,openfoodfacts,https://world.openfoodfacts.org/product/29590025,controlled-lexicon-composition v1 (no free machine translation),مصطلح غير مغطّى بالمعجم
00000036581030,Ube Bar With Cream Cheese,Maria Paz,,لوح قشطة جبن,GCC,unknown,24,REVIEW_UNKNOWN_TERMS,LOW,ube,openfoodfacts,https://world.openfoodfacts.org/product/36581030,controlled-lexicon-composition v1 (no free machine translation),مصطلح غير مغطّى بالمعجم
00000090020063,Rauch gentle grape juice,,,عنب عصير,SA,Beverages,,REVIEW_UNKNOWN_TERMS,LOW,rauch;gentle,openfoodfacts,https://world.openfoodfacts.org/product/90020063,controlled-lexicon-composition v1 (no free machine translation),مصطلح غير مغطّى بالمعجم
00012000057601,Shani fruit flavor drink,,,فواكه نكهة شراب,SA,unknown,,REVIEW_UNKNOWN_TERMS,LOW,shani,openfoodfacts,https://world.openfoodfacts.org/product/0012000057601,controlled-lexicon-composition v1 (no free machine translation),مصطلح غير مغطّى بالمعجم
00627733012300,Spirulina Powder Poudre de spiruline,Organic traditions superfoods,,بودرة,GCC,Spirulina,9,REVIEW_UNKNOWN_TERMS,LOW,spirulina;poudre;spiruline,openfoodfacts,https://world.openfoodfacts.org/product/0627733012300,controlled-lexicon-composition v1 (no free machine translation),مصطلح غير مغطّى بالمعجم
00627735265971,100% Whole Wheat Tortillas,Great Value,جريت فاليو,جريت فاليو قمح,GCC,Whole-wheat-tortillas,64,REVIEW_UNKNOWN_TERMS,LOW,whole;tortillas,openfoodfacts,https://world.openfoodfacts.org/product/0627735265971,controlled-lexicon-composition v1 (no free machine translation),مصطلح غير مغطّى بالمعجم
00628123550006,Italian-style poutine,Co-op,,ستايل,SA,unknown,300,REVIEW_UNKNOWN_TERMS,LOW,italian;poutine,openfoodfacts,https://world.openfoodfacts.org/product/0628123550006,controlled-lexicon-composition v1 (no free machine translation),مصطلح غير مغطّى بالمعجم
00628250653069,Sauce cowboy,Papa Ours,,صلصة,SA,unknown,,REVIEW_UNKNOWN_TERMS,LOW,cowboy,openfoodfacts,https://world.openfoodfacts.org/product/0628250653069,controlled-lexicon-composition v1 (no free machine translation),مصطلح غير مغطّى بالمعجم
00628678203440,Good protein,Goodprotein,,بروتين,SA,unknown,44,REVIEW_UNKNOWN_TERMS,LOW,good,openfoodfacts,https://world.openfoodfacts.org/product/0628678203440,controlled-lexicon-composition v1 (no free machine translation),مصطلح غير مغطّى بالمعجم
00640516990015,Whey Protein - Caramel Biscuit,Naughty Boy,,واي بروتين كراميل بسكويت,GCC,unknown,30,REVIEW_BRAND_UNMAPPED,LOW,,openfoodfacts,https://world.openfoodfacts.org/product/0640516990015,controlled-lexicon-composition v1 (no free machine translation),علامة بلا مقابل عربي متحقَّق
00709993306594,Milk Chocolate Mini Rice Cakes,Natureland,نيتشرلاند,نيتشرلاند حليب شوكولاتة ميني أرز,GCC,unknown,16,REVIEW_UNKNOWN_TERMS,LOW,cakes,openfoodfacts,https://world.openfoodfacts.org/product/0709993306594,controlled-lexicon-composition v1 (no free machine translation),مصطلح غير مغطّى بالمعجم
00717273705470,Tomato Purée,American Garden,,طماطم,GCC,unknown,100,REVIEW_UNKNOWN_TERMS,LOW,pur,openfoodfacts,https://world.openfoodfacts.org/product/0717273705470,controlled-lexicon-composition v1 (no free machine translation),مصطلح غير مغطّى بالمعجم
00728229814511,Original Vegetable Chips,Terra Chips,,أصلي خضار شيبس,GCC,unknown,28,REVIEW_BRAND_UNMAPPED,LOW,,openfoodfacts,https://world.openfoodfacts.org/product/0728229814511,controlled-lexicon-composition v1 (no free machine translation),علامة بلا مقابل عربي متحقَّق
00745178417679,Mr tito mix flavor,,,مشكل نكهة,SA,Chips,,REVIEW_UNKNOWN_TERMS,LOW,mr;tito,openfoodfacts,https://world.openfoodfacts.org/product/0745178417679,controlled-lexicon-composition v1 (no free machine translation),مصطلح غير مغطّى بالمعجم
00831730003623,Dal Baja,Pran,,,GCC,Fried plant-based foods,,REVIEW_UNKNOWN_TERMS,LOW,dal;baja,openfoodfacts,https://world.openfoodfacts.org/product/0831730003623,controlled-lexicon-composition v1 (no free machine translation),مصطلح غير مغطّى بالمعجم
00850370005613,Cashew Crisp Cookies,DAO XIANG CUN,,كاجو كوكيز,SA,unknown,100,REVIEW_UNKNOWN_TERMS,LOW,crisp,openfoodfacts,https://world.openfoodfacts.org/product/0850370005613,controlled-lexicon-composition v1 (no free machine translation),مصطلح غير مغطّى بالمعجم
00859917004430,Hard Candy Sour Apple,Regal Crown,,حلوى حامض تفاح,GCC,unknown,12,REVIEW_UNKNOWN_TERMS,LOW,hard,openfoodfacts,https://world.openfoodfacts.org/product/0859917004430,controlled-lexicon-composition v1 (no free machine translation),مصطلح غير مغطّى بالمعجم
03256549999733,Couronne des Rois Nature,Brioche Pasquier,,طبيعي,GCC,fr:couronnes-des-rois,,REVIEW_UNKNOWN_TERMS,LOW,couronne;des;rois,openfoodfacts,https://world.openfoodfacts.org/product/3256549999733,controlled-lexicon-composition v1 (no free machine translation),مصطلح غير مغطّى بالمعجم
03451790562990,Le Beurre Tartine Et Cuisine Demi-Sel 60%MG,Elle&Vire International,,,GCC,Light butter,10,REVIEW_UNKNOWN_TERMS,LOW,beurre;tartine;et;cuisine;demi;sel;mg,openfoodfacts,https://world.openfoodfacts.org/product/3451790562990,controlled-lexicon-composition v1 (no free machine translation),مصطلح غير مغطّى بالمعجم
04012970018844,Fiber Crispbread,Burger,,ألياف,GCC,unknown,100,REVIEW_UNKNOWN_TERMS,LOW,crispbread,openfoodfacts,https://world.openfoodfacts.org/product/4012970018844,controlled-lexicon-composition v1 (no free machine translation),مصطلح غير مغطّى بالمعجم
04800818837500,Potchi strawberry,,,فراولة,GCC,unknown,,REVIEW_UNKNOWN_TERMS,LOW,potchi,openfoodfacts,https://world.openfoodfacts.org/product/4800818837500,controlled-lexicon-composition v1 (no free machine translation),مصطلح غير مغطّى بالمعجم
04809013008074,Dried Noodle (Shrimp),Fiesta Pinoy,,مجفّف روبيان,GCC,Flavoured dehydrated Asian noodles,100,REVIEW_UNKNOWN_TERMS,LOW,noodle,openfoodfacts,https://world.openfoodfacts.org/product/4809013008074,controlled-lexicon-composition v1 (no free machine translation),مصطلح غير مغطّى بالمعجم
05010477365774,Jordans country crisp oat clusters with strawberries,,,شوفان,SA,unknown,,REVIEW_UNKNOWN_TERMS,LOW,jordans;country;crisp;clusters;strawberries,openfoodfacts,https://world.openfoodfacts.org/product/5010477365774,controlled-lexicon-composition v1 (no free machine translation),مصطلح غير مغطّى بالمعجم
05012427141100,Country Garden Soup,Baxters,,حديقة شوربة,GCC,Vegetable soups,400,REVIEW_UNKNOWN_TERMS,LOW,country,openfoodfacts,https://world.openfoodfacts.org/product/5012427141100,controlled-lexicon-composition v1 (no free machine translation),مصطلح غير مغطّى بالمعجم
05016786002317,Apple & Cinnanon Bircher,Alara,,تفاح,GCC,Mueslis with fruits,,REVIEW_UNKNOWN_TERMS,LOW,cinnanon;bircher,openfoodfacts,https://world.openfoodfacts.org/product/5016786002317,controlled-lexicon-composition v1 (no free machine translation),مصطلح غير مغطّى بالمعجم
05060262488546,Itsu rice cakes milk chicolate,Itsu,,أرز حليب,SA,Galettes-de-riz-souffle,,REVIEW_UNKNOWN_TERMS,LOW,cakes;chicolate,openfoodfacts,https://world.openfoodfacts.org/product/5060262488546,controlled-lexicon-composition v1 (no free machine translation),مصطلح غير مغطّى بالمعجم
05060896629131,Monster mango loco Energy drink,,,مانجو طاقة شراب,SA,Energy drinks,,REVIEW_UNKNOWN_TERMS,LOW,monster;loco,openfoodfacts,https://world.openfoodfacts.org/product/5060896629131,controlled-lexicon-composition v1 (no free machine translation),مصطلح غير مغطّى بالمعجم
05201168815399,Feta cheese (P.D.O.) lactose free,Dodoni,,خالي اللاكتوز فيتا جبن,GCC,Feta blocs,30,REVIEW_BRAND_UNMAPPED,LOW,,openfoodfacts,https://world.openfoodfacts.org/product/5201168815399,controlled-lexicon-composition v1 (no free machine translation),علامة بلا مقابل عربي متحقَّق
05283007199679,Mozzarella,H Professional,,موزاريلا,GCC,unknown,100,REVIEW_BRAND_UNMAPPED,LOW,,openfoodfacts,https://world.openfoodfacts.org/product/5283007199679,controlled-lexicon-composition v1 (no free machine translation),علامة بلا مقابل عربي متحقَّق
05412860346948,Triple Mass Chocolate Milk,Laperva,لابيرفا,لابيرفا شوكولاتة حليب,SA,unknown,350,REVIEW_UNKNOWN_TERMS,LOW,triple;mass,openfoodfacts,https://world.openfoodfacts.org/product/5412860346948,controlled-lexicon-composition v1 (no free machine translation),مصطلح غير مغطّى بالمعجم
05704025026308,American Mild and creamy slices with Cheddar,Emborg,إمبورج,إمبورج خفيف كريمي شرائح شيدر,GCC,unknown,,REVIEW_UNKNOWN_TERMS,LOW,american,openfoodfacts,https://world.openfoodfacts.org/product/5704025026308,controlled-lexicon-composition v1 (no free machine translation),مصطلح غير مغطّى بالمعجم
06081944172156,Sweet Popcorn,Snackrite,,حلو فشار,GCC,unknown,,REVIEW_BRAND_UNMAPPED,LOW,,openfoodfacts,https://world.openfoodfacts.org/product/6081944172156,controlled-lexicon-composition v1 (no free machine translation),علامة بلا مقابل عربي متحقَّق
06161102032185,Back Bacon - Frozen Smoked,Farmer’s Choice,,مجمّد مدخّن,GCC,unknown,,REVIEW_UNKNOWN_TERMS,LOW,back;bacon,openfoodfacts,https://world.openfoodfacts.org/product/6161102032185,controlled-lexicon-composition v1 (no free machine translation),مصطلح غير مغطّى بالمعجم
06221012004099,Cocopops Jumbo,Kelloggs,,,GCC,unknown,30,REVIEW_UNKNOWN_TERMS,LOW,cocopops;jumbo,openfoodfacts,https://world.openfoodfacts.org/product/6221012004099,controlled-lexicon-composition v1 (no free machine translation),مصطلح غير مغطّى بالمعجم
06223000417850,Lion chips kebab,,,شيبس كباب,SA,Chips,,REVIEW_UNKNOWN_TERMS,LOW,lion,openfoodfacts,https://world.openfoodfacts.org/product/6223000417850,controlled-lexicon-composition v1 (no free machine translation),مصطلح غير مغطّى بالمعجم
06223017870198,Apple and Cinnamon Cereal Bar,Lino,,تفاح قرفة حبوب إفطار لوح,GCC,unknown,28,REVIEW_BRAND_UNMAPPED,LOW,,openfoodfacts,https://world.openfoodfacts.org/product/6223017870198,controlled-lexicon-composition v1 (no free machine translation),علامة بلا مقابل عربي متحقَّق
06271000739137,Medjool Almond Butter Pro,Baraka Dates,,لوز زبدة,GCC,unknown,22,REVIEW_UNKNOWN_TERMS,LOW,medjool;pro,openfoodfacts,https://world.openfoodfacts.org/product/6271000739137,controlled-lexicon-composition v1 (no free machine translation),مصطلح غير مغطّى بالمعجم
06271011101565,Skimmed Freshed Yogurt,Kdcow,,خالي الدسم زبادي,GCC,unknown,,REVIEW_UNKNOWN_TERMS,LOW,freshed,openfoodfacts,https://world.openfoodfacts.org/product/6271011101565,controlled-lexicon-composition v1 (no free machine translation),مصطلح غير مغطّى بالمعجم
06281004761034,Safari,,,,SA,unknown,,REVIEW_UNKNOWN_TERMS,LOW,safari,openfoodfacts,https://world.openfoodfacts.org/product/6281004761034,controlled-lexicon-composition v1 (no free machine translation),مصطلح غير مغطّى بالمعجم
06281007060257,Sliced Bread White,L'usine,,شرائح خبز أبيض,SA,unknown,30,REVIEW_BRAND_UNMAPPED,LOW,,openfoodfacts,https://world.openfoodfacts.org/product/6281007060257,controlled-lexicon-composition v1 (no free machine translation),علامة بلا مقابل عربي متحقَّق
06281018420767,Florida's Natural 100% Grapefruit,Citrus World,,طبيعي,GCC,Beverages,,REVIEW_UNKNOWN_TERMS,LOW,florida;grapefruit,openfoodfacts,https://world.openfoodfacts.org/product/6281018420767,controlled-lexicon-composition v1 (no free machine translation),مصطلح غير مغطّى بالمعجم
06281022119220,Actimel,,,,SA,unknown,,REVIEW_UNKNOWN_TERMS,LOW,actimel,openfoodfacts,https://world.openfoodfacts.org/product/6281022119220,controlled-lexicon-composition v1 (no free machine translation),مصطلح غير مغطّى بالمعجم
06281022134070,Yopro chocolate protein milk,,,شوكولاتة بروتين حليب,SA,unknown,250,REVIEW_UNKNOWN_TERMS,LOW,yopro,openfoodfacts,https://world.openfoodfacts.org/product/6281022134070,controlled-lexicon-composition v1 (no free machine translation),مصطلح غير مغطّى بالمعجم
06281034915902,Barbican citruse flavor,,باربيكان,باربيكان نكهة,SA,Beverages,,REVIEW_UNKNOWN_TERMS,LOW,citruse,openfoodfacts,https://world.openfoodfacts.org/product/6281034915902,controlled-lexicon-composition v1 (no free machine translation),مصطلح غير مغطّى بالمعجم
06281036008725,Flamin' Hot lays,Doritos,دوريتوس,دوريتوس حار,GCC,unknown,30,REVIEW_UNKNOWN_TERMS,LOW,flamin,openfoodfacts,https://world.openfoodfacts.org/product/6281036008725,controlled-lexicon-composition v1 (no free machine translation),مصطلح غير مغطّى بالمعجم
06281036108302,Lay’s salt and vinegar,,,ملح خل,SA,Vinegars,,REVIEW_UNKNOWN_TERMS,LOW,lay,openfoodfacts,https://world.openfoodfacts.org/product/6281036108302,controlled-lexicon-composition v1 (no free machine translation),مصطلح غير مغطّى بالمعجم
06281048103104,Thick cream analogue,Puck,بوك,بوك قشطة,GCC,Refrigerated 30% fat thick cream,100,REVIEW_UNKNOWN_TERMS,LOW,thick;analogue,openfoodfacts,https://world.openfoodfacts.org/product/6281048103104,controlled-lexicon-composition v1 (no free machine translation),مصطلح غير مغطّى بالمعجم
06281058292379,Code red,,,أحمر,SA,unknown,,REVIEW_UNKNOWN_TERMS,LOW,code,openfoodfacts,https://world.openfoodfacts.org/product/6281058292379,controlled-lexicon-composition v1 (no free machine translation),مصطلح غير مغطّى بالمعجم
06281100681779,Al taie chopped tomatoes,,,طماطم,SA,unknown,100,REVIEW_UNKNOWN_TERMS,LOW,al;taie;chopped,openfoodfacts,https://world.openfoodfacts.org/product/6281100681779,controlled-lexicon-composition v1 (no free machine translation),مصطلح غير مغطّى بالمعجم
06284519230019,Original Pecan,,,أصلي,SA,unknown,,REVIEW_UNKNOWN_TERMS,LOW,pecan,openfoodfacts,https://world.openfoodfacts.org/product/6284519230019,controlled-lexicon-composition v1 (no free machine translation),مصطلح غير مغطّى بالمعجم
06286349293394,All In Superfood - Raspberry Iced Tea,Younited,,توت أحمر مثلج شاي,SA,unknown,9.7,REVIEW_UNKNOWN_TERMS,LOW,all;superfood,openfoodfacts,https://world.openfoodfacts.org/product/6286349293394,controlled-lexicon-composition v1 (no free machine translation),مصطلح غير مغطّى بالمعجم
06286783492032,Ramen Noodles,LTC,,نودلز,SA,unknown,50,REVIEW_UNKNOWN_TERMS,LOW,ramen,openfoodfacts,https://world.openfoodfacts.org/product/6286783492032,controlled-lexicon-composition v1 (no free machine translation),مصطلح غير مغطّى بالمعجم
06287031380118,Safawi Al Madina,,,,SA,unknown,,REVIEW_UNKNOWN_TERMS,LOW,safawi;al;madina,openfoodfacts,https://world.openfoodfacts.org/product/6287031380118,controlled-lexicon-composition v1 (no free machine translation),مصطلح غير مغطّى بالمعجم
06287041130000,Freeze Dried Strawberries,Easy Bites,,مجفّف,SA,unknown,20,REVIEW_UNKNOWN_TERMS,LOW,freeze;strawberries,openfoodfacts,https://world.openfoodfacts.org/product/6287041130000,controlled-lexicon-composition v1 (no free machine translation),مصطلح غير مغطّى بالمعجم
06290361983324,Noon’s Not Fried Chicken - Lotus Popcorn Ice Cream,Noon,,آيس كريم مقلي دجاج فشار,GCC,unknown,,REVIEW_UNKNOWN_TERMS,LOW,not;lotus,openfoodfacts,https://world.openfoodfacts.org/product/6290361983324,controlled-lexicon-composition v1 (no free machine translation),مصطلح غير مغطّى بالمعجم
06291003081903,Break Rizzo,Tiffany,تيفاني,تيفاني,GCC,Bars,28,REVIEW_UNKNOWN_TERMS,LOW,break;rizzo,openfoodfacts,https://world.openfoodfacts.org/product/6291003081903,controlled-lexicon-composition v1 (no free machine translation),مصطلح غير مغطّى بالمعجم
06291003603068,Hyperloop,,,,GCC,unknown,,REVIEW_UNKNOWN_TERMS,LOW,hyperloop,openfoodfacts,https://world.openfoodfacts.org/product/6291003603068,controlled-lexicon-composition v1 (no free machine translation),مصطلح غير مغطّى بالمعجم
06291010903625,Premium Shrimps,Al Areesh,,فاخر,GCC,unknown,100,REVIEW_UNKNOWN_TERMS,LOW,shrimps,openfoodfacts,https://world.openfoodfacts.org/product/6291010903625,controlled-lexicon-composition v1 (no free machine translation),مصطلح غير مغطّى بالمعجم
06291011004833,XL french cheese,,,فرنسي جبن,SA,Chips,,REVIEW_UNKNOWN_TERMS,LOW,xl,openfoodfacts,https://world.openfoodfacts.org/product/6291011004833,controlled-lexicon-composition v1 (no free machine translation),مصطلح غير مغطّى بالمعجم
06291011054883,Arabian Delights,,,عربي,GCC,unknown,,REVIEW_UNKNOWN_TERMS,LOW,delights,openfoodfacts,https://world.openfoodfacts.org/product/6291011054883,controlled-lexicon-composition v1 (no free machine translation),مصطلح غير مغطّى بالمعجم
06291079225331,Mushrooms whole,Farm Fresh,فارم فريش,فارم فريش فطر,GCC,unknown,,REVIEW_UNKNOWN_TERMS,LOW,whole,openfoodfacts,https://world.openfoodfacts.org/product/6291079225331,controlled-lexicon-composition v1 (no free machine translation),مصطلح غير مغطّى بالمعجم
06291100732029,Al Fakher Mint Flavor 1000GM,,,نعناع نكهة,GCC,unknown,,REVIEW_UNKNOWN_TERMS,LOW,al;fakher,openfoodfacts,https://world.openfoodfacts.org/product/6291100732029,controlled-lexicon-composition v1 (no free machine translation),مصطلح غير مغطّى بالمعجم
06291100880461,Belgian Chocolate Dates with nuts,,,شوكولاتة تمر مكسرات,GCC,unknown,,REVIEW_UNKNOWN_TERMS,LOW,belgian,openfoodfacts,https://world.openfoodfacts.org/product/6291100880461,controlled-lexicon-composition v1 (no free machine translation),مصطلح غير مغطّى بالمعجم
06291104288683,Sun Blast,,,,GCC,unknown,,REVIEW_UNKNOWN_TERMS,LOW,sun;blast,openfoodfacts,https://world.openfoodfacts.org/product/6291104288683,controlled-lexicon-composition v1 (no free machine translation),مصطلح غير مغطّى بالمعجم
06291108232927,Tâmara Seca com Caroço,Date Crown,ديت كراون,ديت كراون,GCC,Whole dates,50,REVIEW_UNKNOWN_TERMS,LOW,mara;seca;com;caro,openfoodfacts,https://world.openfoodfacts.org/product/6291108232927,controlled-lexicon-composition v1 (no free machine translation),مصطلح غير مغطّى بالمعجم
06291108341711,Lanneh Cream,Lamar,,قشطة,GCC,unknown,100,REVIEW_UNKNOWN_TERMS,LOW,lanneh,openfoodfacts,https://world.openfoodfacts.org/product/6291108341711,controlled-lexicon-composition v1 (no free machine translation),مصطلح غير مغطّى بالمعجم
06294003568405,Mackintoshs Quality Street Chocolate Pouch,Nestlé,نستله,نستله شوكولاتة,GCC,unknown,,REVIEW_UNKNOWN_TERMS,LOW,mackintoshs;quality;street;pouch,openfoodfacts,https://world.openfoodfacts.org/product/6294003568405,controlled-lexicon-composition v1 (no free machine translation),مصطلح غير مغطّى بالمعجم
06294017510469,Peanut Butter All Natural Creamy,LEO'S CROWN,,زبدة فول سوداني طبيعي بالكامل كريمي,GCC,unknown,32,REVIEW_BRAND_UNMAPPED,LOW,,openfoodfacts,https://world.openfoodfacts.org/product/6294017510469,controlled-lexicon-composition v1 (no free machine translation),علامة بلا مقابل عربي متحقَّق
06294017515020,Tuna Solid In Brine,MariNova,,تونة,GCC,unknown,120,REVIEW_UNKNOWN_TERMS,LOW,solid;brine,openfoodfacts,https://world.openfoodfacts.org/product/6294017515020,controlled-lexicon-composition v1 (no free machine translation),مصطلح غير مغطّى بالمعجم
06295135096675,Plain Tortilla,Union,,سادة تورتيلا,GCC,unknown,70,REVIEW_BRAND_UNMAPPED,LOW,,openfoodfacts,https://world.openfoodfacts.org/product/6295135096675,controlled-lexicon-composition v1 (no free machine translation),علامة بلا مقابل عربي متحقَّق
06295756308201,Beurre d'isigny,,,,GCC,unknown,,REVIEW_UNKNOWN_TERMS,LOW,beurre;isigny,openfoodfacts,https://world.openfoodfacts.org/product/6295756308201,controlled-lexicon-composition v1 (no free machine translation),مصطلح غير مغطّى بالمعجم
06297000395173,Norwegian Smoked Salmon With Dill,Spinneys Food,سبينيس,سبينيس مدخّن سلمون,GCC,unknown,100,REVIEW_UNKNOWN_TERMS,LOW,norwegian;dill,openfoodfacts,https://world.openfoodfacts.org/product/6297000395173,controlled-lexicon-composition v1 (no free machine translation),مصطلح غير مغطّى بالمعجم
06297000395999,Le Fumoir Organic,Salmontini,,عضوي,GCC,Smoked salmons,,REVIEW_UNKNOWN_TERMS,LOW,fumoir,openfoodfacts,https://world.openfoodfacts.org/product/6297000395999,controlled-lexicon-composition v1 (no free machine translation),مصطلح غير مغطّى بالمعجم
06297000924298,Slim Red fruits,,,أحمر فواكه,GCC,unknown,,REVIEW_UNKNOWN_TERMS,LOW,slim,openfoodfacts,https://world.openfoodfacts.org/product/6297000924298,controlled-lexicon-composition v1 (no free machine translation),مصطلح غير مغطّى بالمعجم
06297001135778,Flavoured Yogurt,Hayana,,بنكهة زبادي,GCC,unknown,140,REVIEW_BRAND_UNMAPPED,LOW,,openfoodfacts,https://world.openfoodfacts.org/product/6297001135778,controlled-lexicon-composition v1 (no free machine translation),علامة بلا مقابل عربي متحقَّق
06297001558126,Protein Bites - Black Truffle and Mature Cheddar,Keto Real,,بروتين قطع أسود ترافل شيدر,GCC,Protein-snacks,4,REVIEW_UNKNOWN_TERMS,LOW,mature,openfoodfacts,https://world.openfoodfacts.org/product/6297001558126,controlled-lexicon-composition v1 (no free machine translation),مصطلح غير مغطّى بالمعجم
06299200036153,Chicken Fillet,D’pollo,,دجاج فيليه,GCC,unknown,,REVIEW_BRAND_UNMAPPED,LOW,,openfoodfacts,https://world.openfoodfacts.org/product/6299200036153,controlled-lexicon-composition v1 (no free machine translation),علامة بلا مقابل عربي متحقَّق
06299200052627,Hazelnut Curls,Chic N Choc,,بندق,GCC,unknown,25,REVIEW_UNKNOWN_TERMS,LOW,curls,openfoodfacts,https://world.openfoodfacts.org/product/6299200052627,controlled-lexicon-composition v1 (no free machine translation),مصطلح غير مغطّى بالمعجم
06300900081876,Low Fat Yogurt with Mixed Berries Fruits,Raw'a,,قليل الدسم زبادي مشكل توت فواكه,GCC,Multifruit yoghurts,150,REVIEW_BRAND_UNMAPPED,LOW,,openfoodfacts,https://world.openfoodfacts.org/product/6300900081876,controlled-lexicon-composition v1 (no free machine translation),علامة بلا مقابل عربي متحقَّق
07610400090742,Lindor Milch,Lindt,,,GCC,Dark chocolates,,REVIEW_UNKNOWN_TERMS,LOW,lindor;milch,openfoodfacts,https://world.openfoodfacts.org/product/7610400090742,controlled-lexicon-composition v1 (no free machine translation),مصطلح غير مغطّى بالمعجم
07627537481077,Bio Ricotta,Naturaplan,,عضوي,GCC,unknown,100,REVIEW_UNKNOWN_TERMS,LOW,ricotta,openfoodfacts,https://world.openfoodfacts.org/product/7627537481077,controlled-lexicon-composition v1 (no free machine translation),مصطلح غير مغطّى بالمعجم
07894904000074,Chicken Franks,Seara,سيارا,سيارا دجاج,GCC,unknown,100,REVIEW_UNKNOWN_TERMS,LOW,franks,openfoodfacts,https://world.openfoodfacts.org/product/7894904000074,controlled-lexicon-composition v1 (no free machine translation),مصطلح غير مغطّى بالمعجم
08000350008222,Millefoglie with Raspberry Filling,Vicenzi,,توت أحمر حشوة,GCC,unknown,90,REVIEW_UNKNOWN_TERMS,LOW,millefoglie,openfoodfacts,https://world.openfoodfacts.org/product/8000350008222,controlled-lexicon-composition v1 (no free machine translation),مصطلح غير مغطّى بالمعجم
08015592797759,So snack targrissi gusto za’atar,Fiore di Puglia,,سناك,SA,unknown,,REVIEW_UNKNOWN_TERMS,LOW,so;targrissi;gusto;za;atar,openfoodfacts,https://world.openfoodfacts.org/product/8015592797759,controlled-lexicon-composition v1 (no free machine translation),مصطلح غير مغطّى بالمعجم
08413295800606,Saladitos lupins soft spicy,,,طري حار,SA,Canned foods,,REVIEW_UNKNOWN_TERMS,LOW,saladitos;lupins,openfoodfacts,https://world.openfoodfacts.org/product/8413295800606,controlled-lexicon-composition v1 (no free machine translation),مصطلح غير مغطّى بالمعجم
08445292341868,Nestle fitness honey and almond,,نستله,نستله عسل لوز,SA,Cereals and their products,,REVIEW_UNKNOWN_TERMS,LOW,fitness,openfoodfacts,https://world.openfoodfacts.org/product/8445292341868,controlled-lexicon-composition v1 (no free machine translation),مصطلح غير مغطّى بالمعجم
08710438079265,Wedges,McCain,,,GCC,Fries,100,REVIEW_UNKNOWN_TERMS,LOW,wedges,openfoodfacts,https://world.openfoodfacts.org/product/8710438079265,controlled-lexicon-composition v1 (no free machine translation),مصطلح غير مغطّى بالمعجم
08906000210031,Pilsbry chakki fresh atta 2kg,Pillsbury,,طازج,GCC,unknown,,REVIEW_UNKNOWN_TERMS,LOW,pilsbry;chakki;atta,openfoodfacts,https://world.openfoodfacts.org/product/8906000210031,controlled-lexicon-composition v1 (no free machine translation),مصطلح غير مغطّى بالمعجم
08995209800617,Aloha mushroom pieces and stems,,,فطر قطع,SA,Cans-food,,REVIEW_UNKNOWN_TERMS,LOW,aloha;stems,openfoodfacts,https://world.openfoodfacts.org/product/8995209800617,controlled-lexicon-composition v1 (no free machine translation),مصطلح غير مغطّى بالمعجم
09100000772042,Vanille Pudding mit Sahne,S-Budget,,مهلبية,SA,Vanilla yogurt,200,REVIEW_UNKNOWN_TERMS,LOW,vanille;mit;sahne,openfoodfacts,https://world.openfoodfacts.org/product/9100000772042,controlled-lexicon-composition v1 (no free machine translation),مصطلح غير مغطّى بالمعجم
09501033112629,Potato ripples crunch,,,بطاطس مقرمش,GCC,Potato crisps,,REVIEW_UNKNOWN_TERMS,LOW,ripples,openfoodfacts,https://world.openfoodfacts.org/product/9501033112629,controlled-lexicon-composition v1 (no free machine translation),مصطلح غير مغطّى بالمعجم
00000029670871,Lamb and Rosemary Mezzaluna,SpinneysFood,سبينيس,سبينيس لحم غنم,GCC,unknown,125,REVIEW_UNKNOWN_TERMS,LOW,rosemary;mezzaluna,openfoodfacts,https://world.openfoodfacts.org/product/29670871,controlled-lexicon-composition v1 (no free machine translation),مصطلح غير مغطّى بالمعجم
00000029670949,Shepards Pie,Spinneys,سبينيس,سبينيس فطيرة,GCC,unknown,375,REVIEW_UNKNOWN_TERMS,LOW,shepards,openfoodfacts,https://world.openfoodfacts.org/product/29670949,controlled-lexicon-composition v1 (no free machine translation),مصطلح غير مغطّى بالمعجم
00032894035035,Americana baked beans ready to eat in tomato sauce,,أمريكانا,أمريكانا فاصوليا طماطم صلصة,GCC,unknown,,REVIEW_UNKNOWN_TERMS,LOW,baked;ready;eat,openfoodfacts,https://world.openfoodfacts.org/product/0032894035035,controlled-lexicon-composition v1 (no free machine translation),مصطلح غير مغطّى بالمعجم
00617062215183,Chocolate Chip Cookies,Freakin’ Healthy,,شوكولاتة كوكيز,GCC,unknown,14,REVIEW_UNKNOWN_TERMS,LOW,chip,openfoodfacts,https://world.openfoodfacts.org/product/0617062215183,controlled-lexicon-composition v1 (no free machine translation),مصطلح غير مغطّى بالمعجم
00617950804857,Alalali fruit cocktail in heavy syrup,,العلالي,العلالي فواكه كوكتيل شراب,SA,Cans-food,,REVIEW_UNKNOWN_TERMS,LOW,heavy,openfoodfacts,https://world.openfoodfacts.org/product/0617950804857,controlled-lexicon-composition v1 (no free machine translation),مصطلح غير مغطّى بالمعجم
00627735265933,Sesame Bagels,Great Value,جريت فاليو,جريت فاليو سمسم,GCC,unknown,75,REVIEW_UNKNOWN_TERMS,LOW,bagels,openfoodfacts,https://world.openfoodfacts.org/product/0627735265933,controlled-lexicon-composition v1 (no free machine translation),مصطلح غير مغطّى بالمعجم
00628504712504,VEGAN PRO,Raw nutritional,,نباتي,SA,unknown,33,REVIEW_UNKNOWN_TERMS,LOW,pro,openfoodfacts,https://world.openfoodfacts.org/product/0628504712504,controlled-lexicon-composition v1 (no free machine translation),مصطلح غير مغطّى بالمعجم
00628773109081,Turkey Breakfast Sausage,Ready Cuisine,,ديك رومي نقانق,SA,unknown,70,REVIEW_UNKNOWN_TERMS,LOW,breakfast,openfoodfacts,https://world.openfoodfacts.org/product/0628773109081,controlled-lexicon-composition v1 (no free machine translation),مصطلح غير مغطّى بالمعجم
00749921060303,Tropicana slim sugar free arabic sweets syrup,,تروبيكانا,تروبيكانا خالي السكر عربي شراب,SA,unknown,,REVIEW_UNKNOWN_TERMS,LOW,slim;sweets,openfoodfacts,https://world.openfoodfacts.org/product/0749921060303,controlled-lexicon-composition v1 (no free machine translation),مصطلح غير مغطّى بالمعجم
00811307030511,Protein Puffs Smokey BBQ,Taali,,بروتين نفخات,GCC,unknown,60,REVIEW_UNKNOWN_TERMS,LOW,smokey;bbq,openfoodfacts,https://world.openfoodfacts.org/product/0811307030511,controlled-lexicon-composition v1 (no free machine translation),مصطلح غير مغطّى بالمعجم
00857183005380,Rigatoni made from Chickpeas,Banza,,حمص,SA,Pastas,56,REVIEW_UNKNOWN_TERMS,LOW,rigatoni;made,openfoodfacts,https://world.openfoodfacts.org/product/0857183005380,controlled-lexicon-composition v1 (no free machine translation),مصطلح غير مغطّى بالمعجم
03110166010007,Brown Roll,AL AMEER LEBANESE BAKERIES,,بني رول,GCC,unknown,,REVIEW_BRAND_UNMAPPED,LOW,,openfoodfacts,https://world.openfoodfacts.org/product/3110166010007,controlled-lexicon-composition v1 (no free machine translation),علامة بلا مقابل عربي متحقَّق
03270190174936,Carrefour Selection Lait Extra Fin,Carrefour Selection,كارفور,كارفور إكسترا,GCC,Snacks-sucres,100,REVIEW_UNKNOWN_TERMS,LOW,lait;fin,openfoodfacts,https://world.openfoodfacts.org/product/3270190174936,controlled-lexicon-composition v1 (no free machine translation),مصطلح غير مغطّى بالمعجم
03350033531420,Sugo Pomodorini E Olive,Monoprix,مونوبري,مونوبري زيتون,GCC,Groceries,,REVIEW_UNKNOWN_TERMS,LOW,sugo;pomodorini,openfoodfacts,https://world.openfoodfacts.org/product/3350033531420,controlled-lexicon-composition v1 (no free machine translation),مصطلح غير مغطّى بالمعجم
04008713712735,Poppins corn flakes toasted corn flakes,,كورن فليكس,كورن فليكس,SA,Cereals and their products,,REVIEW_UNKNOWN_TERMS,LOW,poppins;toasted,openfoodfacts,https://world.openfoodfacts.org/product/4008713712735,controlled-lexicon-composition v1 (no free machine translation),مصطلح غير مغطّى بالمعجم
04044782389737,Low Carb Protein Shake Strawberry Flavour,Weider Body Shaper,,مشروب بروتين فراولة نكهة,GCC,Protein shakes,250,REVIEW_UNKNOWN_TERMS,LOW,low;carb,openfoodfacts,https://world.openfoodfacts.org/product/4044782389737,controlled-lexicon-composition v1 (no free machine translation),مصطلح غير مغطّى بالمعجم
04800022100018,Pork And Beans,Hunts,,فاصوليا,GCC,unknown,100,REVIEW_UNKNOWN_TERMS,LOW,pork,openfoodfacts,https://world.openfoodfacts.org/product/4800022100018,controlled-lexicon-composition v1 (no free machine translation),مصطلح غير مغطّى بالمعجم
04903110497950,Hokkaido Milk Cream Cake Roll,Lawson Uchi Cafe,,حليب قشطة كيك رول,GCC,unknown,150,REVIEW_UNKNOWN_TERMS,LOW,hokkaido,openfoodfacts,https://world.openfoodfacts.org/product/4903110497950,controlled-lexicon-composition v1 (no free machine translation),مصطلح غير مغطّى بالمعجم
05000119564429,Rich shorties biscuits,Tesco,,بسكويت,SA,Biscuits and cakes,,REVIEW_UNKNOWN_TERMS,LOW,rich;shorties,openfoodfacts,https://world.openfoodfacts.org/product/5000119564429,controlled-lexicon-composition v1 (no free machine translation),مصطلح غير مغطّى بالمعجم
05000159531849,Calendrier de l’Avent,M&M's,,,GCC,Advent calendars,,REVIEW_UNKNOWN_TERMS,LOW,calendrier;avent,openfoodfacts,https://world.openfoodfacts.org/product/5000159531849,controlled-lexicon-composition v1 (no free machine translation),مصطلح غير مغطّى بالمعجم
05012035952396,Joystixx,Maoam,,,GCC,Caramels,11,REVIEW_UNKNOWN_TERMS,LOW,joystixx,openfoodfacts,https://world.openfoodfacts.org/product/5012035952396,controlled-lexicon-composition v1 (no free machine translation),مصطلح غير مغطّى بالمعجم
05032085010068,Hype energy drink apple blueberry,,,طاقة شراب تفاح توت أزرق,SA,Energy drinks,,REVIEW_UNKNOWN_TERMS,LOW,hype,openfoodfacts,https://world.openfoodfacts.org/product/5032085010068,controlled-lexicon-composition v1 (no free machine translation),مصطلح غير مغطّى بالمعجم
05059883474335,PopRoll Pistachio,Myprotein,ماي بروتين,ماي بروتين فستق,GCC,unknown,100,REVIEW_UNKNOWN_TERMS,LOW,poproll,openfoodfacts,https://world.openfoodfacts.org/product/5059883474335,controlled-lexicon-composition v1 (no free machine translation),مصطلح غير مغطّى بالمعجم
05281128100420,Snips baked snacks cheese curls,Snips,,جبن,GCC,unknown,30,REVIEW_UNKNOWN_TERMS,LOW,baked;snacks;curls,openfoodfacts,https://world.openfoodfacts.org/product/5281128100420,controlled-lexicon-composition v1 (no free machine translation),مصطلح غير مغطّى بالمعجم
05285000170556,Bakery,Ba7dha il 5obz will cake,,,GCC,unknown,90,REVIEW_UNKNOWN_TERMS,LOW,bakery,openfoodfacts,https://world.openfoodfacts.org/product/5285000170556,controlled-lexicon-composition v1 (no free machine translation),مصطلح غير مغطّى بالمعجم
05285000390640,Indomie instant noodles baladi chicken flavor,Indomie,إندومي,إندومي سريع التحضير نودلز دجاج نكهة,GCC,Instant noodles,,REVIEW_UNKNOWN_TERMS,LOW,baladi,openfoodfacts,https://world.openfoodfacts.org/product/5285000390640,controlled-lexicon-composition v1 (no free machine translation),مصطلح غير مغطّى بالمعجم
05391511039081,Hake Fillets,Morgan's,,,GCC,unknown,100,REVIEW_UNKNOWN_TERMS,LOW,hake;fillets,openfoodfacts,https://world.openfoodfacts.org/product/5391511039081,controlled-lexicon-composition v1 (no free machine translation),مصطلح غير مغطّى بالمعجم
05760466736688,Mozarella Cheese With Vegetable Oil,The Three Cows,,زيت نباتي جبن,GCC,unknown,100,REVIEW_UNKNOWN_TERMS,LOW,mozarella,openfoodfacts,https://world.openfoodfacts.org/product/5760466736688,controlled-lexicon-composition v1 (no free machine translation),مصطلح غير مغطّى بالمعجم
05901888022953,Gummy Bears imp,Dexters,,,SA,unknown,,REVIEW_UNKNOWN_TERMS,LOW,gummy;bears;imp,openfoodfacts,https://world.openfoodfacts.org/product/5901888022953,controlled-lexicon-composition v1 (no free machine translation),مصطلح غير مغطّى بالمعجم
06075849543456,Penne rigate sans gluten,Barilla,باريلا,باريلا بيني,GCC,unknown,80,REVIEW_UNKNOWN_TERMS,LOW,rigate;sans;gluten,openfoodfacts,https://world.openfoodfacts.org/product/6075849543456,controlled-lexicon-composition v1 (no free machine translation),مصطلح غير مغطّى بالمعجم
06076544022611,Allumettes bacon,U,,,GCC,unknown,100,REVIEW_UNKNOWN_TERMS,LOW,all;mettes;bacon,openfoodfacts,https://world.openfoodfacts.org/product/6076544022611,controlled-lexicon-composition v1 (no free machine translation),مصطلح غير مغطّى بالمعجم
06079829589700,Batticuori,Mulino bianco,,,GCC,unknown,9.8,REVIEW_UNKNOWN_TERMS,LOW,batticuori,openfoodfacts,https://world.openfoodfacts.org/product/6079829589700,controlled-lexicon-composition v1 (no free machine translation),مصطلح غير مغطّى بالمعجم
06223000414095,Lion extreme chips hot sausage,,,شيبس حار نقانق,SA,Chips,,REVIEW_UNKNOWN_TERMS,LOW,lion;extreme,openfoodfacts,https://world.openfoodfacts.org/product/6223000414095,controlled-lexicon-composition v1 (no free machine translation),مصطلح غير مغطّى بالمعجم
06251036300723,Mr.chips snack mix paprika,,,شيبس سناك مشكل,SA,Chips,,REVIEW_UNKNOWN_TERMS,LOW,mr;paprika,openfoodfacts,https://world.openfoodfacts.org/product/6251036300723,controlled-lexicon-composition v1 (no free machine translation),مصطلح غير مغطّى بالمعجم
06253005320107,Roast Beef,Siniora,,لحم بقري,SA,unknown,100,REVIEW_UNKNOWN_TERMS,LOW,roast,openfoodfacts,https://world.openfoodfacts.org/product/6253005320107,controlled-lexicon-composition v1 (no free machine translation),مصطلح غير مغطّى بالمعجم
06271100333327,Pickes,MF,,,GCC,unknown,28,REVIEW_UNKNOWN_TERMS,LOW,pickes,openfoodfacts,https://world.openfoodfacts.org/product/6271100333327,controlled-lexicon-composition v1 (no free machine translation),مصطلح غير مغطّى بالمعجم
06272140073457,Integrale Penne Rigate No 66,Rummo,,بيني,GCC,Penne rigate,100,REVIEW_UNKNOWN_TERMS,LOW,integrale;rigate;no,openfoodfacts,https://world.openfoodfacts.org/product/6272140073457,controlled-lexicon-composition v1 (no free machine translation),مصطلح غير مغطّى بالمعجم
06280201379622,Dátiles Deglet Nour Naturelle,Tubi Fruit,,,SA,unknown,,REVIEW_UNKNOWN_TERMS,LOW,tiles;deglet;nour;naturelle,openfoodfacts,https://world.openfoodfacts.org/product/6280201379622,controlled-lexicon-composition v1 (no free machine translation),مصطلح غير مغطّى بالمعجم
06281000010105,Zoi ice tea berry 320ml,Zoi,,مثلج شاي توت,SA,unknown,100,REVIEW_BRAND_UNMAPPED,LOW,,openfoodfacts,https://world.openfoodfacts.org/product/6281000010105,controlled-lexicon-composition v1 (no free machine translation),علامة بلا مقابل عربي متحقَّق
06281022124026,Very Berry Strawberry Milk,Baskin Robbins,,توت فراولة حليب,SA,unknown,100,REVIEW_UNKNOWN_TERMS,LOW,very,openfoodfacts,https://world.openfoodfacts.org/product/6281022124026,controlled-lexicon-composition v1 (no free machine translation),مصطلح غير مغطّى بالمعجم
06281028847455,Yaourt des gourmets,,,,SA,unknown,,REVIEW_UNKNOWN_TERMS,LOW,yaourt;des;gourmets,openfoodfacts,https://world.openfoodfacts.org/product/6281028847455,controlled-lexicon-composition v1 (no free machine translation),مصطلح غير مغطّى بالمعجم
06281039584417,Baboo (Chocolate Semi Ice Milk with Cone Biscuits),Saudia,السعودية,السعودية شوكولاتة مثلج حليب كون بسكويت,GCC,Ice cream cones,62.5,REVIEW_UNKNOWN_TERMS,LOW,baboo;semi,openfoodfacts,https://world.openfoodfacts.org/product/6281039584417,controlled-lexicon-composition v1 (no free machine translation),مصطلح غير مغطّى بالمعجم
06281041000073,Semsema Halawa Spread,Halwani Bros,حلواني,حلواني حلاوة سبريد,SA,unknown,20,REVIEW_UNKNOWN_TERMS,LOW,semsema,openfoodfacts,https://world.openfoodfacts.org/product/6281041000073,controlled-lexicon-composition v1 (no free machine translation),مصطلح غير مغطّى بالمعجم
06281057081066,Nadec unsalted butter analogue,,نادك,نادك بدون ملح زبدة,SA,Dairies,,REVIEW_UNKNOWN_TERMS,LOW,analogue,openfoodfacts,https://world.openfoodfacts.org/product/6281057081066,controlled-lexicon-composition v1 (no free machine translation),مصطلح غير مغطّى بالمعجم
06281058141479,Stream citrus,,,حمضيات,SA,Beverages,,REVIEW_UNKNOWN_TERMS,LOW,stream,openfoodfacts,https://world.openfoodfacts.org/product/6281058141479,controlled-lexicon-composition v1 (no free machine translation),مصطلح غير مغطّى بالمعجم
06281063454236,Freshly saffron flavor cooking spray non stick,,فريشلي,فريشلي زعفران نكهة طبخ خالي من إصبع,SA,Oil-spray,,REVIEW_UNKNOWN_TERMS,LOW,spray,openfoodfacts,https://world.openfoodfacts.org/product/6281063454236,controlled-lexicon-composition v1 (no free machine translation),مصطلح غير مغطّى بالمعجم
06281100026600,Baidar chickpeas,,,حمص,SA,unknown,,REVIEW_UNKNOWN_TERMS,LOW,baidar,openfoodfacts,https://world.openfoodfacts.org/product/6281100026600,controlled-lexicon-composition v1 (no free machine translation),مصطلح غير مغطّى بالمعجم
06281100324201,Wow cola soft drink,,,كولا طري شراب,SA,Beverages,,REVIEW_UNKNOWN_TERMS,LOW,wow,openfoodfacts,https://world.openfoodfacts.org/product/6281100324201,controlled-lexicon-composition v1 (no free machine translation),مصطلح غير مغطّى بالمعجم
06281101494330,Tierna white meat tuna in brine water,,,أبيض لحم تونة ماء,SA,Tunas,,REVIEW_UNKNOWN_TERMS,LOW,tierna;brine,openfoodfacts,https://world.openfoodfacts.org/product/6281101494330,controlled-lexicon-composition v1 (no free machine translation),مصطلح غير مغطّى بالمعجم
06281102721398,Chicken Shawarma,entaj,,دجاج شاورما,SA,unknown,100,REVIEW_BRAND_UNMAPPED,LOW,,openfoodfacts,https://world.openfoodfacts.org/product/6281102721398,controlled-lexicon-composition v1 (no free machine translation),علامة بلا مقابل عربي متحقَّق
06281106250696,Fresh sukkary date,,,طازج تمر,SA,unknown,,REVIEW_UNKNOWN_TERMS,LOW,sukkary,openfoodfacts,https://world.openfoodfacts.org/product/6281106250696,controlled-lexicon-composition v1 (no free machine translation),مصطلح غير مغطّى بالمعجم
06285579032148,Khudri premium,,,فاخر,SA,unknown,,REVIEW_UNKNOWN_TERMS,LOW,khudri,openfoodfacts,https://world.openfoodfacts.org/product/6285579032148,controlled-lexicon-composition v1 (no free machine translation),مصطلح غير مغطّى بالمعجم
06287001563305,Low Carb Protein Cracker,Al Hatab,,بروتين,SA,unknown,100,REVIEW_UNKNOWN_TERMS,LOW,low;carb;cracker,openfoodfacts,https://world.openfoodfacts.org/product/6287001563305,controlled-lexicon-composition v1 (no free machine translation),مصطلح غير مغطّى بالمعجم
06287006940385,Mexita Hot Chilli & Lime Tortilla Chips,Kitco,كيتكو,كيتكو حار شطة ليمون أخضر تورتيلا شيبس,GCC,unknown,25,REVIEW_UNKNOWN_TERMS,LOW,mexita,openfoodfacts,https://world.openfoodfacts.org/product/6287006940385,controlled-lexicon-composition v1 (no free machine translation),مصطلح غير مغطّى بالمعجم
06288004001160,Milaf Date Cream,milaf,,تمر قشطة,SA,unknown,16,REVIEW_BRAND_UNMAPPED,LOW,,openfoodfacts,https://world.openfoodfacts.org/product/6288004001160,controlled-lexicon-composition v1 (no free machine translation),علامة بلا مقابل عربي متحقَّق
06290361204283,Whole Dates,Jomara,جمارة,جمارة تمر,GCC,unknown,48,REVIEW_UNKNOWN_TERMS,LOW,whole,openfoodfacts,https://world.openfoodfacts.org/product/6290361204283,controlled-lexicon-composition v1 (no free machine translation),مصطلح غير مغطّى بالمعجم
06291007905281,Britannia Chocolate Chip,Britannia,بريتانيا,بريتانيا شوكولاتة,GCC,unknown,31,REVIEW_UNKNOWN_TERMS,LOW,chip,openfoodfacts,https://world.openfoodfacts.org/product/6291007905281,controlled-lexicon-composition v1 (no free machine translation),مصطلح غير مغطّى بالمعجم
06291007907131,Good Day Psta-Almond Cookies,Britannia,بريتانيا,بريتانيا لوز كوكيز,GCC,unknown,,REVIEW_UNKNOWN_TERMS,LOW,good;day;psta,openfoodfacts,https://world.openfoodfacts.org/product/6291007907131,controlled-lexicon-composition v1 (no free machine translation),مصطلح غير مغطّى بالمعجم
06291007912685,Salted Crackers,Nutri,,مملّح مقرمشات,GCC,unknown,22,REVIEW_BRAND_UNMAPPED,LOW,,openfoodfacts,https://world.openfoodfacts.org/product/6291007912685,controlled-lexicon-composition v1 (no free machine translation),علامة بلا مقابل عربي متحقَّق
06291010901843,Star Jus De Mangue 1.5L,Star,,,GCC,unknown,,REVIEW_UNKNOWN_TERMS,LOW,jus;mangue,openfoodfacts,https://world.openfoodfacts.org/product/6291010901843,controlled-lexicon-composition v1 (no free machine translation),مصطلح غير مغطّى بالمعجم
06291010915345,Tamarina Cola,Star,,كولا,GCC,unknown,,REVIEW_UNKNOWN_TERMS,LOW,tamarina,openfoodfacts,https://world.openfoodfacts.org/product/6291010915345,controlled-lexicon-composition v1 (no free machine translation),مصطلح غير مغطّى بالمعجم
06291010917523,Lemon mint & ginger,Star,,ليمون نعناع زنجبيل,GCC,unknown,,REVIEW_BRAND_UNMAPPED,LOW,,openfoodfacts,https://world.openfoodfacts.org/product/6291010917523,controlled-lexicon-composition v1 (no free machine translation),علامة بلا مقابل عربي متحقَّق
06291053500010,Malai Paneer,,,,GCC,unknown,,REVIEW_UNKNOWN_TERMS,LOW,malai;paneer,openfoodfacts,https://world.openfoodfacts.org/product/6291053500010,controlled-lexicon-composition v1 (no free machine translation),مصطلح غير مغطّى بالمعجم
06291079363736,Chicken Seekh Kebab,Farm Fresh,فارم فريش,فارم فريش دجاج كباب,GCC,unknown,100,REVIEW_UNKNOWN_TERMS,LOW,seekh,openfoodfacts,https://world.openfoodfacts.org/product/6291079363736,controlled-lexicon-composition v1 (no free machine translation),مصطلح غير مغطّى بالمعجم
06291100212866,Date Crown Premium Emirates Dates (khalas) 1Kg,,ديت كراون,ديت كراون فاخر تمر,GCC,unknown,,REVIEW_UNKNOWN_TERMS,LOW,emirates;khalas,openfoodfacts,https://world.openfoodfacts.org/product/6291100212866,controlled-lexicon-composition v1 (no free machine translation),مصطلح غير مغطّى بالمعجم
06291105694261,Bugles sweet chili flavor,,,حلو شطة نكهة,SA,unknown,,REVIEW_UNKNOWN_TERMS,LOW,bugles,openfoodfacts,https://world.openfoodfacts.org/product/6291105694261,controlled-lexicon-composition v1 (no free machine translation),مصطلح غير مغطّى بالمعجم
06291105694278,Bugles firey hot,,,حار,SA,unknown,15,REVIEW_UNKNOWN_TERMS,LOW,bugles;firey,openfoodfacts,https://world.openfoodfacts.org/product/6291105694278,controlled-lexicon-composition v1 (no free machine translation),مصطلح غير مغطّى بالمعجم
06291106490565,Mini Sugar Hearts Biscuits,Signature Snacks,,ميني سكر بسكويت,GCC,Palmiers,,REVIEW_UNKNOWN_TERMS,LOW,hearts,openfoodfacts,https://world.openfoodfacts.org/product/6291106490565,controlled-lexicon-composition v1 (no free machine translation),مصطلح غير مغطّى بالمعجم
06291107892313,Fax chocolat bar packed with goji berries,,,شوكولاتة لوح توت,GCC,unknown,,REVIEW_UNKNOWN_TERMS,LOW,fax;packed;goji,openfoodfacts,https://world.openfoodfacts.org/product/6291107892313,controlled-lexicon-composition v1 (no free machine translation),مصطلح غير مغطّى بالمعجم
06291108340042,Pinar spread cheese,,,سبريد جبن,GCC,Spreads,,REVIEW_UNKNOWN_TERMS,LOW,pinar,openfoodfacts,https://world.openfoodfacts.org/product/6291108340042,controlled-lexicon-composition v1 (no free machine translation),مصطلح غير مغطّى بالمعجم
06291108639153,Filled Dates With Orange Peel,Jomara,جمارة,جمارة محشو تمر برتقال,GCC,Medjool dates,100,REVIEW_UNKNOWN_TERMS,LOW,peel,openfoodfacts,https://world.openfoodfacts.org/product/6291108639153,controlled-lexicon-composition v1 (no free machine translation),مصطلح غير مغطّى بالمعجم
06291109762751,Caramel & Sea Salt Energy Bar,Bayara,,كراميل بحري ملح طاقة لوح,GCC,unknown,40,REVIEW_BRAND_UNMAPPED,LOW,,openfoodfacts,https://world.openfoodfacts.org/product/6291109762751,controlled-lexicon-composition v1 (no free machine translation),علامة بلا مقابل عربي متحقَّق
06291113003659,Aseel Vegetables Ghee,Aseel,,خضار سمن,GCC,unknown,,REVIEW_BRAND_UNMAPPED,LOW,,openfoodfacts,https://world.openfoodfacts.org/product/6291113003659,controlled-lexicon-composition v1 (no free machine translation),علامة بلا مقابل عربي متحقَّق
06294017136003,Kit Kat Chunky Mini,Nestle,نستله,نستله ميني,GCC,unknown,16,REVIEW_UNKNOWN_TERMS,LOW,kit;kat;chunky,openfoodfacts,https://world.openfoodfacts.org/product/6294017136003,controlled-lexicon-composition v1 (no free machine translation),مصطلح غير مغطّى بالمعجم
06294017516195,Chocolate Waffle,Malties,,شوكولاتة,GCC,unknown,60,REVIEW_UNKNOWN_TERMS,LOW,waffle,openfoodfacts,https://world.openfoodfacts.org/product/6294017516195,controlled-lexicon-composition v1 (no free machine translation),مصطلح غير مغطّى بالمعجم
06295513800122,Muhamara Red Pepper Spread,Barada,,أحمر فلفل سبريد,GCC,unknown,,REVIEW_UNKNOWN_TERMS,LOW,muhamara,openfoodfacts,https://world.openfoodfacts.org/product/6295513800122,controlled-lexicon-composition v1 (no free machine translation),مصطلح غير مغطّى بالمعجم
06297000185095,Al Mealim,,,,GCC,unknown,,REVIEW_UNKNOWN_TERMS,LOW,al;mealim,openfoodfacts,https://world.openfoodfacts.org/product/6297000185095,controlled-lexicon-composition v1 (no free machine translation),مصطلح غير مغطّى بالمعجم
06299200045964,Tuna Chunks in Brine,Deep Blue,,تونة,GCC,unknown,100,REVIEW_UNKNOWN_TERMS,LOW,chunks;brine,openfoodfacts,https://world.openfoodfacts.org/product/6299200045964,controlled-lexicon-composition v1 (no free machine translation),مصطلح غير مغطّى بالمعجم
06300901370030,Sliced Milk Bread,Italian Bakery Qatar,,شرائح حليب خبز,GCC,unknown,27,REVIEW_BRAND_UNMAPPED,LOW,,openfoodfacts,https://world.openfoodfacts.org/product/6300901370030,controlled-lexicon-composition v1 (no free machine translation),علامة بلا مقابل عربي متحقَّق
06301102021103,Cornflakes,,,,GCC,unknown,30,REVIEW_UNKNOWN_TERMS,LOW,cornflakes,openfoodfacts,https://world.openfoodfacts.org/product/6301102021103,controlled-lexicon-composition v1 (no free machine translation),مصطلح غير مغطّى بالمعجم
07622201680558,Mini Roc - Assortiment lait,Côte d'Or,,ميني,GCC,Bonbons,,REVIEW_UNKNOWN_TERMS,LOW,roc;assortiment;lait,openfoodfacts,https://world.openfoodfacts.org/product/7622201680558,controlled-lexicon-composition v1 (no free machine translation),مصطلح غير مغطّى بالمعجم
07622202292804,Barni with milk,,,حليب,GCC,unknown,30,REVIEW_UNKNOWN_TERMS,LOW,barni,openfoodfacts,https://world.openfoodfacts.org/product/7622202292804,controlled-lexicon-composition v1 (no free machine translation),مصطلح غير مغطّى بالمعجم
07891515528058,Chicken Mosahab,Sadia,ساديا,ساديا دجاج,SA,unknown,100,REVIEW_UNKNOWN_TERMS,LOW,mosahab,openfoodfacts,https://world.openfoodfacts.org/product/7891515528058,controlled-lexicon-composition v1 (no free machine translation),مصطلح غير مغطّى بالمعجم
07893000461246,Chicken Gizzards,Sadia,ساديا,ساديا دجاج,GCC,unknown,450,REVIEW_UNKNOWN_TERMS,LOW,gizzards,openfoodfacts,https://world.openfoodfacts.org/product/7893000461246,controlled-lexicon-composition v1 (no free machine translation),مصطلح غير مغطّى بالمعجم
08001860183584,Scotti soya barista bio 20days,Riso Scotti,,صويا عضوي,SA,Soy-based drinks,,REVIEW_UNKNOWN_TERMS,LOW,scotti;barista;days,openfoodfacts,https://world.openfoodfacts.org/product/8001860183584,controlled-lexicon-composition v1 (no free machine translation),مصطلح غير مغطّى بالمعجم
08004030770393,Mexican,Insalatissime,,,GCC,unknown,160,REVIEW_UNKNOWN_TERMS,LOW,mexican,openfoodfacts,https://world.openfoodfacts.org/product/8004030770393,controlled-lexicon-composition v1 (no free machine translation),مصطلح غير مغطّى بالمعجم
08410179007519,Fusilli,Borges,,,GCC,Fusilli,,REVIEW_UNKNOWN_TERMS,LOW,fusilli,openfoodfacts,https://world.openfoodfacts.org/product/8410179007519,controlled-lexicon-composition v1 (no free machine translation),مصطلح غير مغطّى بالمعجم
08423915015655,Mandul Lemon Bites imp,Mandul,,ليمون قطع,SA,unknown,25,REVIEW_UNKNOWN_TERMS,LOW,imp,openfoodfacts,https://world.openfoodfacts.org/product/8423915015655,controlled-lexicon-composition v1 (no free machine translation),مصطلح غير مغطّى بالمعجم
08682450833098,Herby ice tea cool lime,,,مثلج شاي ليمون أخضر,SA,Beverages,,REVIEW_UNKNOWN_TERMS,LOW,herby;cool,openfoodfacts,https://world.openfoodfacts.org/product/8682450833098,controlled-lexicon-composition v1 (no free machine translation),مصطلح غير مغطّى بالمعجم
08683989472079,Caffeine one cold brew coffee iced white mocha,,,قهوة مثلج أبيض موكا,SA,Coffees,,REVIEW_UNKNOWN_TERMS,LOW,caffeine;cold;brew,openfoodfacts,https://world.openfoodfacts.org/product/8683989472079,controlled-lexicon-composition v1 (no free machine translation),مصطلح غير مغطّى بالمعجم
08714800018289,Peach-non alcoholic malt drink,Bavaria,,خوخ شعير شراب,GCC,Beverages,,REVIEW_UNKNOWN_TERMS,LOW,no_alcoholic,openfoodfacts,https://world.openfoodfacts.org/product/8714800018289,controlled-lexicon-composition v1 (no free machine translation),مصطلح غير مغطّى بالمعجم
08888090145281,Pressed Tofu,Fortune,,,SA,Tofu,100,REVIEW_UNKNOWN_TERMS,LOW,pressed;tofu,openfoodfacts,https://world.openfoodfacts.org/product/8888090145281,controlled-lexicon-composition v1 (no free machine translation),مصطلح غير مغطّى بالمعجم
09310155510103,Rice Crackers Barbeque Flavour,Fantastic,فانتا,فانتا أرز مقرمشات نكهة,GCC,Rice crackers,25,REVIEW_UNKNOWN_TERMS,LOW,barbeque,openfoodfacts,https://world.openfoodfacts.org/product/9310155510103,controlled-lexicon-composition v1 (no free machine translation),مصطلح غير مغطّى بالمعجم
00039978114679,Chocolate chip cookie mix,Bob's Red Mill Natural Foods,,شوكولاتة كوكيز مشكل,GCC,unknown,25,REVIEW_UNKNOWN_TERMS,LOW,chip,openfoodfacts,https://world.openfoodfacts.org/product/0039978114679,controlled-lexicon-composition v1 (no free machine translation),مصطلح غير مغطّى بالمعجم
00041224463349,Roland black beans,,,أسود فاصوليا,SA,Cans-food,,REVIEW_UNKNOWN_TERMS,LOW,roland,openfoodfacts,https://world.openfoodfacts.org/product/0041224463349,controlled-lexicon-composition v1 (no free machine translation),مصطلح غير مغطّى بالمعجم
00046000287386,Dinner kit fajita iml,Old El Paso,,,GCC,Breads,71,REVIEW_UNKNOWN_TERMS,LOW,dinner;kit;fajita;iml,openfoodfacts,https://world.openfoodfacts.org/product/0046000287386,controlled-lexicon-composition v1 (no free machine translation),مصطلح غير مغطّى بالمعجم
00076150982398,MICROWAVE POPCORN,ACT II,,فشار,GCC,Microwave-popcorn,30,REVIEW_UNKNOWN_TERMS,LOW,microwave,openfoodfacts,https://world.openfoodfacts.org/product/0076150982398,controlled-lexicon-composition v1 (no free machine translation),مصطلح غير مغطّى بالمعجم
00089686420654,Sweet Soy Sauce,Indofood,,حلو صويا صلصة,GCC,Soy sauces,,REVIEW_BRAND_UNMAPPED,LOW,,openfoodfacts,https://world.openfoodfacts.org/product/0089686420654,controlled-lexicon-composition v1 (no free machine translation),علامة بلا مقابل عربي متحقَّق
00627735266039,WHITE BREAD PAIN,Great Value,جريت فاليو,جريت فاليو أبيض خبز,GCC,unknown,63,REVIEW_UNKNOWN_TERMS,LOW,pain,openfoodfacts,https://world.openfoodfacts.org/product/0627735266039,controlled-lexicon-composition v1 (no free machine translation),مصطلح غير مغطّى بالمعجم
00628069511031,High Protein Berry Smoothie,Revive Superfoods,,عالي البروتين توت سموذي,SA,unknown,255,REVIEW_BRAND_UNMAPPED,LOW,,openfoodfacts,https://world.openfoodfacts.org/product/0628069511031,controlled-lexicon-composition v1 (no free machine translation),علامة بلا مقابل عربي متحقَّق
00628504712160,Whey Isolate,Limitless Pharma,,واي آيزوليت,SA,Protein-supplement,31,REVIEW_BRAND_UNMAPPED,LOW,,openfoodfacts,https://world.openfoodfacts.org/product/0628504712160,controlled-lexicon-composition v1 (no free machine translation),علامة بلا مقابل عربي متحقَّق
00705632477595,Idly & Dosa Batter,Chettinad,,خليط,GCC,Dosa-batter,200,REVIEW_UNKNOWN_TERMS,LOW,idly;dosa,openfoodfacts,https://world.openfoodfacts.org/product/0705632477595,controlled-lexicon-composition v1 (no free machine translation),مصطلح غير مغطّى بالمعجم
00711583068812,Salted caramel sauce,Joe & Seph's,,مملّح كراميل صلصة,GCC,unknown,100,REVIEW_BRAND_UNMAPPED,LOW,,openfoodfacts,https://world.openfoodfacts.org/product/0711583068812,controlled-lexicon-composition v1 (no free machine translation),علامة بلا مقابل عربي متحقَّق
00721688960058,Chicken nuggets,Al-Isa,,دجاج ناجتس,GCC,unknown,,REVIEW_BRAND_UNMAPPED,LOW,,openfoodfacts,https://world.openfoodfacts.org/product/0721688960058,controlled-lexicon-composition v1 (no free machine translation),علامة بلا مقابل عربي متحقَّق
00748485700090,555 TUNA Spicy BICOL Express,555,,تونة حار,GCC,Tuna flakes in oil,85,REVIEW_UNKNOWN_TERMS,LOW,bicol;express,openfoodfacts,https://world.openfoodfacts.org/product/0748485700090,controlled-lexicon-composition v1 (no free machine translation),مصطلح غير مغطّى بالمعجم
00788364923073,Peanut Dark Chocolate Snack Bar,Nothing Silly,,فول سوداني داكن شوكولاتة سناك لوح,GCC,unknown,40,REVIEW_BRAND_UNMAPPED,LOW,,openfoodfacts,https://world.openfoodfacts.org/product/0788364923073,controlled-lexicon-composition v1 (no free machine translation),علامة بلا مقابل عربي متحقَّق
00810116126453,Prime raspberry,,,توت أحمر,SA,Hydration,,REVIEW_UNKNOWN_TERMS,LOW,prime,openfoodfacts,https://world.openfoodfacts.org/product/0810116126453,controlled-lexicon-composition v1 (no free machine translation),مصطلح غير مغطّى بالمعجم
01110000132362,Sourdough Sliced Bread White,Modern Bakery,,شرائح خبز أبيض,GCC,unknown,100,REVIEW_UNKNOWN_TERMS,LOW,sourdough,openfoodfacts,https://world.openfoodfacts.org/product/1110000132362,controlled-lexicon-composition v1 (no free machine translation),مصطلح غير مغطّى بالمعجم
03023260032168,Soft ripened french cheese from sheep's milk in brine (low fat),VALBRESO,,قليل الدسم طري فرنسي جبن حليب,SA,Sheep's-milk cheeses,,REVIEW_UNKNOWN_TERMS,LOW,ripened;sheep;brine,openfoodfacts,https://world.openfoodfacts.org/product/3023260032168,controlled-lexicon-composition v1 (no free machine translation),مصطلح غير مغطّى بالمعجم
03350033856868,Pome banane,Monoprix,مونوبري,مونوبري,GCC,unknown,,REVIEW_UNKNOWN_TERMS,LOW,pome;banane,openfoodfacts,https://world.openfoodfacts.org/product/3350033856868,controlled-lexicon-composition v1 (no free machine translation),مصطلح غير مغطّى بالمعجم
03451790833212,Lait Bio demi-écrémé stérilisé UHT - Longue conservation,Elle & Vire,ال آند فير,ال آند فير عضوي طويل الأجل,GCC,fr:cremes-cuisson,200,REVIEW_UNKNOWN_TERMS,LOW,lait;demi;cr;st;rilis;longue;conservation,openfoodfacts,https://world.openfoodfacts.org/product/3451790833212,controlled-lexicon-composition v1 (no free machine translation),مصطلح غير مغطّى بالمعجم
04008713712711,Poppings choco bumps,,,شوكولاتة,SA,Cereals and their products,,REVIEW_UNKNOWN_TERMS,LOW,poppings;bumps,openfoodfacts,https://world.openfoodfacts.org/product/4008713712711,controlled-lexicon-composition v1 (no free machine translation),مصطلح غير مغطّى بالمعجم
05010251460848,Conchiglie durum wheat shell pasta,Morrisons,,قمح معكرونة,SA,Shell-pasta,75,REVIEW_UNKNOWN_TERMS,LOW,conchiglie;durum;shell,openfoodfacts,https://world.openfoodfacts.org/product/5010251460848,controlled-lexicon-composition v1 (no free machine translation),مصطلح غير مغطّى بالمعجم
05061013944113,Monster energy ultra zero sugar,,,طاقة زيرو سكر,SA,Energy drinks,,REVIEW_UNKNOWN_TERMS,LOW,monster;ultra,openfoodfacts,https://world.openfoodfacts.org/product/5061013944113,controlled-lexicon-composition v1 (no free machine translation),مصطلح غير مغطّى بالمعجم
05285000835462,Shredded Mozzarella,Plein Soleil,,مبشور موزاريلا,GCC,unknown,100,REVIEW_BRAND_UNMAPPED,LOW,,openfoodfacts,https://world.openfoodfacts.org/product/5285000835462,controlled-lexicon-composition v1 (no free machine translation),علامة بلا مقابل عربي متحقَّق
05287000617284,Hazelnut white chocolate spread,Le Professeur,,شوكولاتة قابلة للدهن بندق أبيض,GCC,unknown,34,REVIEW_BRAND_UNMAPPED,LOW,,openfoodfacts,https://world.openfoodfacts.org/product/5287000617284,controlled-lexicon-composition v1 (no free machine translation),علامة بلا مقابل عربي متحقَّق
05413121372317,Belgian milk chocolate gluten free,,,خالي الجلوتين حليب شوكولاتة,SA,Chocolates,,REVIEW_UNKNOWN_TERMS,LOW,belgian,openfoodfacts,https://world.openfoodfacts.org/product/5413121372317,controlled-lexicon-composition v1 (no free machine translation),مصطلح غير مغطّى بالمعجم
05425035577818,Arthur granola almond and dates bio and vegan,,,جرانولا لوز تمر عضوي نباتي,SA,unknown,100,REVIEW_UNKNOWN_TERMS,LOW,arthur,openfoodfacts,https://world.openfoodfacts.org/product/5425035577818,controlled-lexicon-composition v1 (no free machine translation),مصطلح غير مغطّى بالمعجم
05711953110931,Lactose free milk,Arla,,خالي اللاكتوز حليب,GCC,Lactose-free milk,100,REVIEW_BRAND_UNMAPPED,LOW,,openfoodfacts,https://world.openfoodfacts.org/product/5711953110931,controlled-lexicon-composition v1 (no free machine translation),علامة بلا مقابل عربي متحقَّق
05711953113529,Slaixe chese,Kraft,كرافت,كرافت,GCC,unknown,20,REVIEW_UNKNOWN_TERMS,LOW,slaixe;chese,openfoodfacts,https://world.openfoodfacts.org/product/5711953113529,controlled-lexicon-composition v1 (no free machine translation),مصطلح غير مغطّى بالمعجم
05740900401969,Lurpak roasting spray,,لورباك,لورباك,GCC,unknown,,REVIEW_UNKNOWN_TERMS,LOW,roasting;spray,openfoodfacts,https://world.openfoodfacts.org/product/5740900401969,controlled-lexicon-composition v1 (no free machine translation),مصطلح غير مغطّى بالمعجم
05900020039316,Gold Corn flakes,Nestlé,نستله,نستله,GCC,Corn flakes,,REVIEW_UNKNOWN_TERMS,LOW,gold,openfoodfacts,https://world.openfoodfacts.org/product/5900020039316,controlled-lexicon-composition v1 (no free machine translation),مصطلح غير مغطّى بالمعجم
06223000411087,Lion zigz chili and lemon,,,شطة ليمون,SA,Chips,,REVIEW_UNKNOWN_TERMS,LOW,lion;zigz,openfoodfacts,https://world.openfoodfacts.org/product/6223000411087,controlled-lexicon-composition v1 (no free machine translation),مصطلح غير مغطّى بالمعجم
06271001310502,Kitco stix lightly salted,,كيتكو,كيتكو مملّح,GCC,Crisps,25,REVIEW_UNKNOWN_TERMS,LOW,stix;lightly,openfoodfacts,https://world.openfoodfacts.org/product/6271001310502,controlled-lexicon-composition v1 (no free machine translation),مصطلح غير مغطّى بالمعجم
06271001360453,Kitco stix grilled chicken,,كيتكو,كيتكو مشوي دجاج,GCC,unknown,,REVIEW_UNKNOWN_TERMS,LOW,stix,openfoodfacts,https://world.openfoodfacts.org/product/6271001360453,controlled-lexicon-composition v1 (no free machine translation),مصطلح غير مغطّى بالمعجم
06271003046263,protein sticks,Kuwait Flour Mills and Bakeries CO,,بروتين أصابع,GCC,Crackers (Appetizers),100,REVIEW_BRAND_UNMAPPED,LOW,,openfoodfacts,https://world.openfoodfacts.org/product/6271003046263,controlled-lexicon-composition v1 (no free machine translation),علامة بلا مقابل عربي متحقَّق
06277000008945,Salted Vinegar Chips,Oxygen,,مملّح خل شيبس,GCC,unknown,30,REVIEW_BRAND_UNMAPPED,LOW,,openfoodfacts,https://world.openfoodfacts.org/product/6277000008945,controlled-lexicon-composition v1 (no free machine translation),علامة بلا مقابل عربي متحقَّق
06277000081924,Hot Sauce,Oxygen,,حار صلصة,GCC,unknown,25,REVIEW_BRAND_UNMAPPED,LOW,,openfoodfacts,https://world.openfoodfacts.org/product/6277000081924,controlled-lexicon-composition v1 (no free machine translation),علامة بلا مقابل عربي متحقَّق
06278435367737,Rice Balls With Black Sesme Filling,Great Lake Seafood,,أرز أسود حشوة,GCC,unknown,96,REVIEW_UNKNOWN_TERMS,LOW,balls;sesme,openfoodfacts,https://world.openfoodfacts.org/product/6278435367737,controlled-lexicon-composition v1 (no free machine translation),مصطلح غير مغطّى بالمعجم
06281004254031,gandour coka cream cookies,Gandour,,قشطة كوكيز,SA,unknown,19,REVIEW_UNKNOWN_TERMS,LOW,coka,openfoodfacts,https://world.openfoodfacts.org/product/6281004254031,controlled-lexicon-composition v1 (no free machine translation),مصطلح غير مغطّى بالمعجم
06281006860872,Lipton yellow label tea,Lipton,ليبتون,ليبتون شاي,SA,Teas,,REVIEW_UNKNOWN_TERMS,LOW,yellow;label,openfoodfacts,https://world.openfoodfacts.org/product/6281006860872,controlled-lexicon-composition v1 (no free machine translation),مصطلح غير مغطّى بالمعجم
06281007068062,Almarai ice tea leaf green tea and moroccan mint,almarai,المراعي,المراعي مثلج شاي أخضر شاي نعناع,GCC,unknown,240,REVIEW_UNKNOWN_TERMS,LOW,leaf;moroccan,openfoodfacts,https://world.openfoodfacts.org/product/6281007068062,controlled-lexicon-composition v1 (no free machine translation),مصطلح غير مغطّى بالمعجم
06281014630108,Goody mushrooms pieces and stemps,,قودي,قودي فطر قطع,SA,unknown,,REVIEW_UNKNOWN_TERMS,LOW,stemps,openfoodfacts,https://world.openfoodfacts.org/product/6281014630108,controlled-lexicon-composition v1 (no free machine translation),مصطلح غير مغطّى بالمعجم
06281018154945,Drinking Greek Yoghurt Mango,nada,ندى,ندى يوناني زبادي مانجو,SA,unknown,,REVIEW_UNKNOWN_TERMS,LOW,drinking,openfoodfacts,https://world.openfoodfacts.org/product/6281018154945,controlled-lexicon-composition v1 (no free machine translation),مصطلح غير مغطّى بالمعجم
06281018423867,Lemonade,Florida’s Natural,,ليموناضة,SA,unknown,100,REVIEW_BRAND_UNMAPPED,LOW,,openfoodfacts,https://world.openfoodfacts.org/product/6281018423867,controlled-lexicon-composition v1 (no free machine translation),علامة بلا مقابل عربي متحقَّق
06281020051218,Luna analogue banana flavored milk,,لونا,لونا موز بنكهة حليب,SA,unknown,,REVIEW_UNKNOWN_TERMS,LOW,analogue,openfoodfacts,https://world.openfoodfacts.org/product/6281020051218,controlled-lexicon-composition v1 (no free machine translation),مصطلح غير مغطّى بالمعجم
06281036194206,Lay’s forno authentic cheese,,,جبن,SA,Potato crisps,40,REVIEW_UNKNOWN_TERMS,LOW,lay;forno;authentic,openfoodfacts,https://world.openfoodfacts.org/product/6281036194206,controlled-lexicon-composition v1 (no free machine translation),مصطلح غير مغطّى بالمعجم
06281039971217,Touch of real peach,,,خوخ,SA,unknown,,REVIEW_UNKNOWN_TERMS,LOW,touch;real,openfoodfacts,https://world.openfoodfacts.org/product/6281039971217,controlled-lexicon-composition v1 (no free machine translation),مصطلح غير مغطّى بالمعجم
06281055704516,Light Meat Tuna,Plyms,,لايت لحم تونة,SA,unknown,60,REVIEW_BRAND_UNMAPPED,LOW,,openfoodfacts,https://world.openfoodfacts.org/product/6281055704516,controlled-lexicon-composition v1 (no free machine translation),علامة بلا مقابل عربي متحقَّق
06281057007028,Nadec bana flavored milk,,نادك,نادك بنكهة حليب,SA,Dairies,125,REVIEW_UNKNOWN_TERMS,LOW,bana,openfoodfacts,https://world.openfoodfacts.org/product/6281057007028,controlled-lexicon-composition v1 (no free machine translation),مصطلح غير مغطّى بالمعجم
06281057009053,Skyr High Protein,nadec,نادك,نادك عالي البروتين,SA,unknown,,REVIEW_UNKNOWN_TERMS,LOW,skyr,openfoodfacts,https://world.openfoodfacts.org/product/6281057009053,controlled-lexicon-composition v1 (no free machine translation),مصطلح غير مغطّى بالمعجم
06281063632283,Freshly artichoke hearts,,فريشلي,فريشلي,SA,Cans-food,,REVIEW_UNKNOWN_TERMS,LOW,artichoke;hearts,openfoodfacts,https://world.openfoodfacts.org/product/6281063632283,controlled-lexicon-composition v1 (no free machine translation),مصطلح غير مغطّى بالمعجم
06281073151743,Frozen Mixed Veggies For Soup,Sunbulah,سنبلة,سنبلة مجمّد مشكل شوربة,SA,unknown,100,REVIEW_UNKNOWN_TERMS,LOW,veggies,openfoodfacts,https://world.openfoodfacts.org/product/6281073151743,controlled-lexicon-composition v1 (no free machine translation),مصطلح غير مغطّى بالمعجم
06281073210426,Acaica honey,Al Shifa,,عسل,SA,Honeys,,REVIEW_UNKNOWN_TERMS,LOW,acaica,openfoodfacts,https://world.openfoodfacts.org/product/6281073210426,controlled-lexicon-composition v1 (no free machine translation),مصطلح غير مغطّى بالمعجم
06281091003185,Orlanda full cream EVAP milk,Orlando,,كامل الدسم حليب,SA,unknown,170,REVIEW_UNKNOWN_TERMS,LOW,orlanda;evap,openfoodfacts,https://world.openfoodfacts.org/product/6281091003185,controlled-lexicon-composition v1 (no free machine translation),مصطلح غير مغطّى بالمعجم
06281100610670,Jelly dessert fraise,,,جيلي حلى,SA,unknown,,REVIEW_UNKNOWN_TERMS,LOW,fraise,openfoodfacts,https://world.openfoodfacts.org/product/6281100610670,controlled-lexicon-composition v1 (no free machine translation),مصطلح غير مغطّى بالمعجم
06281101734559,Safawi al madina dates,,,تمر,SA,Dates,,REVIEW_UNKNOWN_TERMS,LOW,safawi;al;madina,openfoodfacts,https://world.openfoodfacts.org/product/6281101734559,controlled-lexicon-composition v1 (no free machine translation),مصطلح غير مغطّى بالمعجم
06281102683092,Brown maamo,,,بني,SA,unknown,,REVIEW_UNKNOWN_TERMS,LOW,maamo,openfoodfacts,https://world.openfoodfacts.org/product/6281102683092,controlled-lexicon-composition v1 (no free machine translation),مصطلح غير مغطّى بالمعجم
06281105790285,Baja Salted Pistachio,Baja,,مملّح فستق,SA,Salted pistachios,28,REVIEW_BRAND_UNMAPPED,LOW,,openfoodfacts,https://world.openfoodfacts.org/product/6281105790285,controlled-lexicon-composition v1 (no free machine translation),علامة بلا مقابل عربي متحقَّق
06281118211043,Al Madinah Khudry Dates With Seed 500G,JANAT AL NKHIL,,تمر بذور,SA,unknown,,REVIEW_UNKNOWN_TERMS,LOW,al;madinah;khudry,openfoodfacts,https://world.openfoodfacts.org/product/6281118211043,controlled-lexicon-composition v1 (no free machine translation),مصطلح غير مغطّى بالمعجم
06287003881247,Sukkary Dates,,,تمر,SA,unknown,,REVIEW_UNKNOWN_TERMS,LOW,sukkary,openfoodfacts,https://world.openfoodfacts.org/product/6287003881247,controlled-lexicon-composition v1 (no free machine translation),مصطلح غير مغطّى بالمعجم
06287004590018,Tanoor Bread,Almithali,,خبز,SA,unknown,43,REVIEW_UNKNOWN_TERMS,LOW,tanoor,openfoodfacts,https://world.openfoodfacts.org/product/6287004590018,controlled-lexicon-composition v1 (no free machine translation),مصطلح غير مغطّى بالمعجم
06287006941757,Kitco mexita sweet chili pepper,,كيتكو,كيتكو حلو شطة فلفل,SA,Chips,,REVIEW_UNKNOWN_TERMS,LOW,mexita,openfoodfacts,https://world.openfoodfacts.org/product/6287006941757,controlled-lexicon-composition v1 (no free machine translation),مصطلح غير مغطّى بالمعجم
06287009831918,Sirop de dattes,,,تمر,SA,Date syrups,,REVIEW_UNKNOWN_TERMS,LOW,sirop,openfoodfacts,https://world.openfoodfacts.org/product/6287009831918,controlled-lexicon-composition v1 (no free machine translation),مصطلح غير مغطّى بالمعجم
06290361821602,Coconut Madness,Brawn,,جوز الهند,GCC,unknown,45,REVIEW_UNKNOWN_TERMS,LOW,madness,openfoodfacts,https://world.openfoodfacts.org/product/6290361821602,controlled-lexicon-composition v1 (no free machine translation),مصطلح غير مغطّى بالمعجم
06291003099472,London Dairy Almond Ice Cream,,,آيس كريم لوز,GCC,Almond-ice-creams,,REVIEW_UNKNOWN_TERMS,LOW,london;dairy,openfoodfacts,https://world.openfoodfacts.org/product/6291003099472,controlled-lexicon-composition v1 (no free machine translation),مصطلح غير مغطّى بالمعجم
06291003606236,London dairy sorbets,london dairy,,,GCC,fr:mini-sorbets-a-base-de-puree-de-fruits-et-de-concentre,100,REVIEW_UNKNOWN_TERMS,LOW,sorbets,openfoodfacts,https://world.openfoodfacts.org/product/6291003606236,controlled-lexicon-composition v1 (no free machine translation),مصطلح غير مغطّى بالمعجم
06291003627330,Noor Cheddar with jalapeño 1yr 6mons,Noor,,شيدر,SA,unknown,15,REVIEW_UNKNOWN_TERMS,LOW,jalape;yr;mons,openfoodfacts,https://world.openfoodfacts.org/product/6291003627330,controlled-lexicon-composition v1 (no free machine translation),مصطلح غير مغطّى بالمعجم
06291011053947,La Ronda Choco Date Almond Milk Chocolate,Chocodate,تشوكوديت,تشوكوديت حليب لوز شوكولاتة تمر شوكولاتة,GCC,Bonbons,,REVIEW_UNKNOWN_TERMS,LOW,ronda,openfoodfacts,https://world.openfoodfacts.org/product/6291011053947,controlled-lexicon-composition v1 (no free machine translation),مصطلح غير مغطّى بالمعجم
06291014129366,salted peanuts,Best,,مملّح,SA,Salted peanuts,22,REVIEW_UNKNOWN_TERMS,LOW,peanuts,openfoodfacts,https://world.openfoodfacts.org/product/6291014129366,controlled-lexicon-composition v1 (no free machine translation),مصطلح غير مغطّى بالمعجم
06291100820054,Khamail Laban,Khamail,,لبن,GCC,unknown,100,REVIEW_BRAND_UNMAPPED,LOW,,openfoodfacts,https://world.openfoodfacts.org/product/6291100820054,controlled-lexicon-composition v1 (no free machine translation),علامة بلا مقابل عربي متحقَّق
06291104289222,Sun Blast,,,,GCC,unknown,,REVIEW_UNKNOWN_TERMS,LOW,sun;blast,openfoodfacts,https://world.openfoodfacts.org/product/6291104289222,controlled-lexicon-composition v1 (no free machine translation),مصطلح غير مغطّى بالمعجم
06291107377773,Tender Chicken Breast,pena branca,,دجاج صدر,GCC,unknown,100,REVIEW_UNKNOWN_TERMS,LOW,tender,openfoodfacts,https://world.openfoodfacts.org/product/6291107377773,controlled-lexicon-composition v1 (no free machine translation),مصطلح غير مغطّى بالمعجم
06292673647215,Chocolat Dubai,Kafayif,,شوكولاتة,GCC,fr:chocolats-au-lait-fourres-a-la-pistache,12.5,REVIEW_UNKNOWN_TERMS,LOW,dubai,openfoodfacts,https://world.openfoodfacts.org/product/6292673647215,controlled-lexicon-composition v1 (no free machine translation),مصطلح غير مغطّى بالمعجم
06294001814139,Galaxy Jewels,,جالاكسي,جالاكسي,GCC,unknown,,REVIEW_UNKNOWN_TERMS,LOW,jewels,openfoodfacts,https://world.openfoodfacts.org/product/6294001814139,controlled-lexicon-composition v1 (no free machine translation),مصطلح غير مغطّى بالمعجم
06294003582777,KitKat Sense mini desserts,Nestlé,نستله,نستله ميني,GCC,Assorted chocolate candies,,REVIEW_UNKNOWN_TERMS,LOW,sense;desserts,openfoodfacts,https://world.openfoodfacts.org/product/6294003582777,controlled-lexicon-composition v1 (no free machine translation),مصطلح غير مغطّى بالمعجم
06294003588076,Maggi bechamel mix,,ماجي,ماجي مشكل,GCC,unknown,,REVIEW_UNKNOWN_TERMS,LOW,bechamel,openfoodfacts,https://world.openfoodfacts.org/product/6294003588076,controlled-lexicon-composition v1 (no free machine translation),مصطلح غير مغطّى بالمعجم
06294017139783,Kit Kat chunky pistachio kunafa,Kit Kat,,فستق كنافة,SA,Sweet snacks,41,REVIEW_UNKNOWN_TERMS,LOW,chunky,openfoodfacts,https://world.openfoodfacts.org/product/6294017139783,controlled-lexicon-composition v1 (no free machine translation),مصطلح غير مغطّى بالمعجم
06294017509807,Instant Oats,Leo's Crown,,سريع التحضير شوفان,GCC,unknown,100,REVIEW_BRAND_UNMAPPED,LOW,,openfoodfacts,https://world.openfoodfacts.org/product/6294017509807,controlled-lexicon-composition v1 (no free machine translation),علامة بلا مقابل عربي متحقَّق
06300900233510,Thick Cream (Full Fat),Baladna,بلدنا,بلدنا كامل الدسم قشطة,GCC,Full-fat-cream,100,REVIEW_UNKNOWN_TERMS,LOW,thick,openfoodfacts,https://world.openfoodfacts.org/product/6300900233510,controlled-lexicon-composition v1 (no free machine translation),مصطلح غير مغطّى بالمعجم
06306331051686,Beurre,St Hubert,,,GCC,unknown,10,REVIEW_UNKNOWN_TERMS,LOW,beurre,openfoodfacts,https://world.openfoodfacts.org/product/6306331051686,controlled-lexicon-composition v1 (no free machine translation),مصطلح غير مغطّى بالمعجم
06307051623665,WellMix Sport,Rossmann,,,GCC,unknown,45,REVIEW_UNKNOWN_TERMS,LOW,wellmix;sport,openfoodfacts,https://world.openfoodfacts.org/product/6307051623665,controlled-lexicon-composition v1 (no free machine translation),مصطلح غير مغطّى بالمعجم
07622202026744,Tiny tobleron,,,,SA,Milk chocolate bar without sugar with sweeteners,,REVIEW_UNKNOWN_TERMS,LOW,tiny;tobleron,openfoodfacts,https://world.openfoodfacts.org/product/7622202026744,controlled-lexicon-composition v1 (no free machine translation),مصطلح غير مغطّى بالمعجم
07622210624697,Light philadelphia,,,لايت,GCC,Cream cheeses,30,REVIEW_UNKNOWN_TERMS,LOW,philadelphia,openfoodfacts,https://world.openfoodfacts.org/product/7622210624697,controlled-lexicon-composition v1 (no free machine translation),مصطلح غير مغطّى بالمعجم
08410076600486,Nature valley crunchy oats and honey,Nature Valley,,مقرمش شوفان عسل,GCC,Cereal bars,42,REVIEW_BRAND_UNMAPPED,LOW,,openfoodfacts,https://world.openfoodfacts.org/product/8410076600486,controlled-lexicon-composition v1 (no free machine translation),علامة بلا مقابل عربي متحقَّق
08410076901194,Natural valley protein peanut and chocolate,,,طبيعي بروتين فول سوداني شوكولاتة,SA,unknown,40,REVIEW_UNKNOWN_TERMS,LOW,valley,openfoodfacts,https://world.openfoodfacts.org/product/8410076901194,controlled-lexicon-composition v1 (no free machine translation),مصطلح غير مغطّى بالمعجم
08683628543887,Dark Chocolate Sauce,Unico Mix,,داكن شوكولاتة صلصة,SA,unknown,30,REVIEW_BRAND_UNMAPPED,LOW,,openfoodfacts,https://world.openfoodfacts.org/product/8683628543887,controlled-lexicon-composition v1 (no free machine translation),علامة بلا مقابل عربي متحقَّق
08690504037767,Nibbles Double Chocolate,McVitie's,ماكفيتيز,ماكفيتيز شوكولاتة,GCC,Chocolate-covered biscuits,37,REVIEW_UNKNOWN_TERMS,LOW,nibbles;double,openfoodfacts,https://world.openfoodfacts.org/product/8690504037767,controlled-lexicon-composition v1 (no free machine translation),مصطلح غير مغطّى بالمعجم
08718858612130,Charles sparking,,,,GCC,unknown,,REVIEW_UNKNOWN_TERMS,LOW,charles;sparking,openfoodfacts,https://world.openfoodfacts.org/product/8718858612130,controlled-lexicon-composition v1 (no free machine translation),مصطلح غير مغطّى بالمعجم
08850124020000,Nestle Coffee Mate Coffee Creamer Original,Nestle,نستله,نستله قهوة قهوة مبيّض قهوة أصلي,GCC,Creamer,6,REVIEW_UNKNOWN_TERMS,LOW,mate,openfoodfacts,https://world.openfoodfacts.org/product/8850124020000,controlled-lexicon-composition v1 (no free machine translation),مصطلح غير مغطّى بالمعجم
08901155402317,Dal Makhani,Gits,,,SA,Dal-makhani,150,REVIEW_UNKNOWN_TERMS,LOW,dal;makhani,openfoodfacts,https://world.openfoodfacts.org/product/8901155402317,controlled-lexicon-composition v1 (no free machine translation),مصطلح غير مغطّى بالمعجم
09501025548757,Salam oman grillz mexican spicy,,,حار,SA,Chips,,REVIEW_UNKNOWN_TERMS,LOW,salam;oman;grillz;mexican,openfoodfacts,https://world.openfoodfacts.org/product/9501025548757,controlled-lexicon-composition v1 (no free machine translation),مصطلح غير مغطّى بالمعجم
