candidate_id,status,status_reason,name_ar,name_en,brand_ar,brand_en,restaurant_or_brand,food_type,category,subcategory,variant,preparation,market,data_market,saudi_market_verified,saudi_relevance,priority,match_status,existing_qimmah_match,source_class,source_name,source_url,barcode_gtin,package_size,serving_description,serving_grams,calories,protein_g,carbs_g,fat_g,fiber_g,sugar_g,sodium_mg,nutrition_completeness,confidence,energy_check,usda_fdc_id,usda_desc,off_product_name,off_product_name_ar,match_score,dropped_fields,invalid_barcode_seen,aliases_ar,aliases_en,notes
QGAP-00001,READY_FULL,,صدر دجاج بالجلد,Chicken breast with skin,,,,GENERIC,أطعمة عامة,لحوم ودواجن,,—,KSA,GLOBAL_REFERENCE,,HIGH,P1,MISSING,,USDA,"USDA FoodData Central — Chicken, broilers or fryers, breast, meat and skin, raw",https://fdc.nal.usda.gov/food-details/171474/nutrients,,,لكل 100غ,100,172.0,20.85,0.0,9.25,0.0,0.0,63.0,FULL,HIGH,,171474,"Chicken, broilers or fryers, breast, meat and skin, raw",,,1.24,,,,,
QGAP-00002,READY_FULL,,صدر دجاج بدون جلد نيء,Chicken breast skinless raw,,,,GENERIC,أطعمة عامة,لحوم ودواجن,,—,KSA,GLOBAL_REFERENCE,,HIGH,P1,MISSING,,USDA,"USDA FoodData Central — Chicken, broiler or fryers, breast, skinless, boneless, meat only, raw",https://fdc.nal.usda.gov/food-details/171077/nutrients,,,لكل 100غ,100,120.0,22.5,0.0,2.62,0.0,0.0,45.0,FULL,HIGH,,171077,"Chicken, broiler or fryers, breast, skinless, boneless, meat only, raw",,,1.55,,,,,
QGAP-00003,NEEDS_HUMAN_REVIEW,الأصل العام موجود في قِمّة — يُحسم بشريًا إن كان المتغيّر يستحق صفًّا مستقلًا,فخذ دجاج بدون جلد,Chicken thigh skinless,,,,GENERIC,أطعمة عامة,لحوم ودواجن,,—,KSA,GLOBAL_REFERENCE,,HIGH,P1,EXISTS_GENERIC_ONLY,chicken-thigh · فخذ دجاج,USDA,USDA FoodData Central,https://fdc.nal.usda.gov/,,,,,,,,,,,,NONE,MEDIUM,,,,,,,,,,,
QGAP-00004,READY_FULL,,ورك دجاج,Chicken drumstick,,,,GENERIC,أطعمة عامة,لحوم ودواجن,,—,KSA,GLOBAL_REFERENCE,,HIGH,P1,MISSING,,USDA,"USDA FoodData Central — Chicken, broilers or fryers, drumstick, meat and skin, raw",https://fdc.nal.usda.gov/food-details/172373/nutrients,,,لكل 100غ,100,161.0,18.08,0.11,9.2,0.0,0.0,106.0,FULL,HIGH,,172373,"Chicken, broilers or fryers, drumstick, meat and skin, raw",,,1.2,,,,,
QGAP-00005,NEEDS_HUMAN_REVIEW,الأصل العام موجود في قِمّة — يُحسم بشريًا إن كان المتغيّر يستحق صفًّا مستقلًا,جناح دجاج,Chicken wing,,,,GENERIC,أطعمة عامة,لحوم ودواجن,,—,KSA,GLOBAL_REFERENCE,,HIGH,P1,EXISTS_GENERIC_ONLY,dominos-wings · دومينوز - أجنحة دجاج,USDA,"USDA FoodData Central — Chicken, broilers or fryers, wing, meat and skin, raw",https://fdc.nal.usda.gov/food-details/172390/nutrients,,,لكل 100غ,100,191.0,17.52,0.0,12.85,0.0,0.0,84.0,NONE,MEDIUM,,172390,"Chicken, broilers or fryers, wing, meat and skin, raw",,,1.2,,,,,
QGAP-00006,NEEDS_SOURCE,لم يُعثر على مصدر آلي — يحتاج جلبًا من المصنّع أو كتالوج التجزئة,دجاج كامل مشوي,Whole roast chicken,,,,GENERIC,أطعمة عامة,لحوم ودواجن,,—,KSA,GLOBAL_REFERENCE,,HIGH,P1,MISSING,,USDA,USDA FoodData Central,https://fdc.nal.usda.gov/,,,,,,,,,,,,NONE,MEDIUM,,,,,,,,,,,
QGAP-00007,READY_FULL,,كبد بقري,Beef liver,,,,GENERIC,أطعمة عامة,لحوم ودواجن,,—,KSA,GLOBAL_REFERENCE,,HIGH,P1,MISSING,,USDA,"USDA FoodData Central — Beef, variety meats and by-products, liver, raw",https://fdc.nal.usda.gov/food-details/169451/nutrients,,,لكل 100غ,100,135.0,20.36,3.89,3.63,0.0,0.0,69.0,FULL,HIGH,,169451,"Beef, variety meats and by-products, liver, raw",,,1.24,,,,,
QGAP-00008,READY_FULL,,كلاوي غنم,Lamb kidney,,,,GENERIC,أطعمة عامة,لحوم ودواجن,,—,KSA,GLOBAL_REFERENCE,,HIGH,P1,MISSING,,USDA,"USDA FoodData Central — Lamb, variety meats and by-products, kidneys, raw",https://fdc.nal.usda.gov/food-details/174354/nutrients,,,لكل 100غ,100,97.0,15.74,0.82,2.95,0.0,,156.0,FULL,HIGH,,174354,"Lamb, variety meats and by-products, kidneys, raw",,,1.24,,,,,
QGAP-00009,READY_FULL,,لسان بقري,Beef tongue,,,,GENERIC,أطعمة عامة,لحوم ودواجن,,—,KSA,GLOBAL_REFERENCE,,HIGH,P1,MISSING,,USDA,"USDA FoodData Central — Beef, variety meats and by-products, tongue, raw",https://fdc.nal.usda.gov/food-details/170196/nutrients,,,لكل 100غ,100,224.0,14.9,3.68,16.09,0.0,,69.0,FULL,HIGH,,170196,"Beef, variety meats and by-products, tongue, raw",,,1.24,,,,,
QGAP-00010,READY_FULL,,مخ غنم,Lamb brain,,,,GENERIC,أطعمة عامة,لحوم ودواجن,,—,KSA,GLOBAL_REFERENCE,,HIGH,P1,MISSING,,USDA,"USDA FoodData Central — Lamb, variety meats and by-products, brain, raw",https://fdc.nal.usda.gov/food-details/172525/nutrients,,,لكل 100غ,100,122.0,10.4,0.0,8.58,0.0,,112.0,FULL,HIGH,,172525,"Lamb, variety meats and by-products, brain, raw",,,1.24,,,,,
QGAP-00011,NEEDS_HUMAN_REVIEW,مطابقة آلية بدرجة 0.9 دون حدّ القبول — تحتاج تأكيدًا,كرشة,Tripe,,,,GENERIC,أطعمة عامة,لحوم ودواجن,,—,KSA,GLOBAL_REFERENCE,,HIGH,P1,MISSING,,USDA,"USDA FoodData Central — Beef, variety meats and by-products, tripe, raw",https://fdc.nal.usda.gov/food-details/170599/nutrients,,,لكل 100غ,100,85.0,12.07,0.0,3.69,0.0,0.0,97.0,NONE,MEDIUM,,170599,"Beef, variety meats and by-products, tripe, raw",,,0.9,,,,,
QGAP-00012,NEEDS_HUMAN_REVIEW,مطابقة آلية بدرجة 0.96 دون حدّ القبول — تحتاج تأكيدًا,مقادم غنم,Lamb trotters,,,,GENERIC,أطعمة عامة,لحوم ودواجن,,—,KSA,GLOBAL_REFERENCE,,HIGH,P1,MISSING,,USDA,"USDA FoodData Central — Lamb, Australian, imported, fresh, leg, trotter off, bone-in, separable lean and fat, trimmed to 1/8"" fat, raw",https://fdc.nal.usda.gov/food-details/174896/nutrients,,,لكل 100غ,100,175.0,21.95,0.0,9.73,0.0,0.0,75.0,NONE,MEDIUM,,174896,"Lamb, Australian, imported, fresh, leg, trotter off, bone-in, separable lean and fat, trimmed to 1/8"" fat, raw",,,0.96,,,,,
QGAP-00013,NEEDS_HUMAN_REVIEW,الأصل العام موجود في قِمّة — يُحسم بشريًا إن كان المتغيّر يستحق صفًّا مستقلًا,لحم بقري قليل الدهن 95%,Lean ground beef 95%,,,,GENERIC,أطعمة عامة,لحوم ودواجن,,—,KSA,GLOBAL_REFERENCE,,HIGH,P1,EXISTS_GENERIC_ONLY,ground-beef · لحم مفروم,USDA,"USDA FoodData Central — Beef, ground, 70% lean meat / 30% fat, raw",https://fdc.nal.usda.gov/food-details/168652/nutrients,,,لكل 100غ,100,332.0,14.35,0.0,30.0,0.0,0.0,66.0,NONE,MEDIUM,,168652,"Beef, ground, 70% lean meat / 30% fat, raw",,,1.28,,,,,
QGAP-00014,NEEDS_HUMAN_REVIEW,الأصل العام موجود في قِمّة — يُحسم بشريًا إن كان المتغيّر يستحق صفًّا مستقلًا,لحم بقري مفروم 80%,Ground beef 80/20,,,,GENERIC,أطعمة عامة,لحوم ودواجن,,—,KSA,GLOBAL_REFERENCE,,HIGH,P1,EXISTS_GENERIC_ONLY,ground-beef · لحم مفروم,USDA,"USDA FoodData Central — Beef, grass-fed, ground, raw",https://fdc.nal.usda.gov/food-details/168608/nutrients,,,لكل 100غ,100,198.0,19.42,0.0,12.73,0.0,0.0,68.0,NONE,MEDIUM,,168608,"Beef, grass-fed, ground, raw",,,1.28,,,,,
QGAP-00015,NEEDS_HUMAN_REVIEW,مطابقة آلية بدرجة 0.7 دون حدّ القبول — تحتاج تأكيدًا,ستيك ريب آي,Ribeye steak,,,,GENERIC,أطعمة عامة,لحوم ودواجن,,—,KSA,GLOBAL_REFERENCE,,HIGH,P1,MISSING,,USDA,"USDA FoodData Central — Beef, ribeye cap steak, boneless, separable lean only, trimmed to 0"" fat, all grades, raw",https://fdc.nal.usda.gov/food-details/173057/nutrients,,,لكل 100غ,100,180.0,19.7,1.51,10.6,0.0,0.0,88.0,NONE,MEDIUM,,173057,"Beef, ribeye cap steak, boneless, separable lean only, trimmed to 0"" fat, all grades, raw",,,0.7,,,,,
QGAP-00016,NEEDS_HUMAN_REVIEW,مطابقة آلية بدرجة 0.82 دون حدّ القبول — تحتاج تأكيدًا,ستيك تندرلوين,Tenderloin steak,,,,GENERIC,أطعمة عامة,لحوم ودواجن,,—,KSA,GLOBAL_REFERENCE,,HIGH,P1,MISSING,,USDA,"USDA FoodData Central — Beef, tenderloin, steak, separable lean and fat, trimmed to 1/8"" fat, select, raw",https://fdc.nal.usda.gov/food-details/168724/nutrients,,,لكل 100غ,100,249.0,19.37,0.0,18.46,0.0,0.0,50.0,NONE,MEDIUM,,168724,"Beef, tenderloin, steak, separable lean and fat, trimmed to 1/8"" fat, select, raw",,,0.82,,,,,
QGAP-00017,NEEDS_HUMAN_REVIEW,مطابقة آلية بدرجة 0.78 دون حدّ القبول — تحتاج تأكيدًا,ستيك سيرلوين,Sirloin steak,,,,GENERIC,أطعمة عامة,لحوم ودواجن,,—,KSA,GLOBAL_REFERENCE,,HIGH,P1,MISSING,,USDA,"USDA FoodData Central — Beef, top sirloin, steak, separable lean and fat, trimmed to 1/8"" fat, all grades, raw",https://fdc.nal.usda.gov/food-details/168726/nutrients,,,لكل 100غ,100,201.0,20.3,0.0,12.71,0.0,0.0,52.0,NONE,MEDIUM,,168726,"Beef, top sirloin, steak, separable lean and fat, trimmed to 1/8"" fat, all grades, raw",,,0.78,,,,,
QGAP-00018,NEEDS_HUMAN_REVIEW,الأصل العام موجود في قِمّة — يُحسم بشريًا إن كان المتغيّر يستحق صفًّا مستقلًا,لحم حاشي (إبل) مفروم,Ground camel meat,,,,GENERIC,أطعمة عامة,لحوم ودواجن,,—,KSA,GLOBAL_REFERENCE,,HIGH,P1,EXISTS_GENERIC_ONLY,camel-meat · لحم جمل,USDA,USDA FoodData Central,https://fdc.nal.usda.gov/,,,,,,,,,,,,NONE,MEDIUM,,,,,,,,,,,
QGAP-00019,NEEDS_SOURCE,لم يُعثر على مصدر آلي — يحتاج جلبًا من المصنّع أو كتالوج التجزئة,سنام الجمل,Camel hump,,,,GENERIC,أطعمة عامة,لحوم ودواجن,,—,KSA,GLOBAL_REFERENCE,,HIGH,P1,MISSING,,USDA,USDA FoodData Central,https://fdc.nal.usda.gov/,,,,,,,,,,,,NONE,MEDIUM,,,,,,,,,,,
QGAP-00020,READY_FULL,,رقبة غنم,Lamb neck,,,,GENERIC,أطعمة عامة,لحوم ودواجن,,—,KSA,GLOBAL_REFERENCE,,HIGH,P1,MISSING,,USDA,"USDA FoodData Central — Lamb, New Zealand, imported, neck chops, separable lean and fat, raw",https://fdc.nal.usda.gov/food-details/172637/nutrients,,,لكل 100غ,100,231.0,17.43,0.14,17.9,0.0,0.0,73.0,FULL,HIGH,,172637,"Lamb, New Zealand, imported, neck chops, separable lean and fat, raw",,,1.08,,,,,
QGAP-00021,READY_FULL,,كتف غنم,Lamb shoulder,,,,GENERIC,أطعمة عامة,لحوم ودواجن,,—,KSA,GLOBAL_REFERENCE,,HIGH,P1,MISSING,,USDA,"USDA FoodData Central — Lamb, shoulder, arm, separable lean and fat, trimmed to 1/4"" fat, choice, raw",https://fdc.nal.usda.gov/food-details/172500/nutrients,,,لكل 100غ,100,260.0,16.79,0.0,20.9,0.0,,60.0,FULL,HIGH,,172500,"Lamb, shoulder, arm, separable lean and fat, trimmed to 1/4"" fat, choice, raw",,,1.12,,,,,
QGAP-00022,READY_FULL,,ساق غنم,Lamb leg,,,,GENERIC,أطعمة عامة,لحوم ودواجن,,—,KSA,GLOBAL_REFERENCE,,HIGH,P1,MISSING,,USDA,"USDA FoodData Central — Lamb, leg, sirloin half, separable lean and fat, trimmed to 1/4"" fat, choice, raw",https://fdc.nal.usda.gov/food-details/172488/nutrients,,,لكل 100غ,100,272.0,16.94,0.0,22.11,0.0,,56.0,FULL,HIGH,,172488,"Lamb, leg, sirloin half, separable lean and fat, trimmed to 1/4"" fat, choice, raw",,,1.08,,,,,
QGAP-00023,READY_FULL,,ديك رومي مفروم,Ground turkey,,,,GENERIC,أطعمة عامة,لحوم ودواجن,,—,KSA,GLOBAL_REFERENCE,,HIGH,P1,MISSING,,USDA,"USDA FoodData Central — Turkey, Ground, raw",https://fdc.nal.usda.gov/food-details/171505/nutrients,,,لكل 100غ,100,148.0,19.66,0.0,7.66,0.0,0.0,58.0,FULL,HIGH,,171505,"Turkey, Ground, raw",,,1.36,,,,,
QGAP-00024,NEEDS_SOURCE,لم يُعثر على مصدر آلي — يحتاج جلبًا من المصنّع أو كتالوج التجزئة,بسطرمة,Basturma,,,,GENERIC,أطعمة عامة,لحوم ودواجن,,—,KSA,GLOBAL_REFERENCE,,HIGH,P1,MISSING,,USDA,USDA FoodData Central,https://fdc.nal.usda.gov/,,,,,,,,,,,,NONE,MEDIUM,,,,,,,,,,,
QGAP-00025,READY_FULL,,لحم مقدد بقري,Beef bacon,,,,GENERIC,أطعمة عامة,لحوم ودواجن,,—,KSA,GLOBAL_REFERENCE,,HIGH,P1,MISSING,,USDA,USDA FoodData Central — Bacon and beef sticks,https://fdc.nal.usda.gov/food-details/174602/nutrients,,,لكل 100غ,100,517.0,29.1,0.8,44.2,0.0,0.8,1420.0,FULL,HIGH,,174602,Bacon and beef sticks,,,1.26,,,,,
QGAP-00026,READY_FULL,,نقانق دجاج,Chicken sausage,,,,GENERIC,أطعمة عامة,لحوم ودواجن,,—,KSA,GLOBAL_REFERENCE,,HIGH,P1,MISSING,,USDA,"USDA FoodData Central — Sausage, Polish, beef with chicken, hot",https://fdc.nal.usda.gov/food-details/172953/nutrients,,,لكل 100غ,100,259.0,17.6,3.6,19.4,0.0,0.0,1540.0,FULL,HIGH,,172953,"Sausage, Polish, beef with chicken, hot",,,1.18,,,,,
QGAP-00027,READY_FULL,,نقانق بقري,Beef sausage,,,,GENERIC,أطعمة عامة,لحوم ودواجن,,—,KSA,GLOBAL_REFERENCE,,HIGH,P1,MISSING,,USDA,"USDA FoodData Central — Sausage, Berliner, pork, beef",https://fdc.nal.usda.gov/food-details/171617/nutrients,,,لكل 100غ,100,230.0,15.27,2.59,17.2,0.0,2.35,1297.0,FULL,HIGH,,171617,"Sausage, Berliner, pork, beef",,,1.22,,,,,
QGAP-00028,NEEDS_HUMAN_REVIEW,الأصل العام موجود في قِمّة — يُحسم بشريًا إن كان المتغيّر يستحق صفًّا مستقلًا,برجر لحم نيء,Raw beef patty,,,,GENERIC,أطعمة عامة,لحوم ودواجن,,—,KSA,GLOBAL_REFERENCE,,HIGH,P1,EXISTS_GENERIC_ONLY,beef-burger · برجر لحم,USDA,USDA FoodData Central,https://fdc.nal.usda.gov/,,,,,,,,,,,,NONE,MEDIUM,,,,,,,,,,,
QGAP-00029,NEEDS_SOURCE,لم يُعثر على مصدر آلي — يحتاج جلبًا من المصنّع أو كتالوج التجزئة,شرائح ديك رومي مدخن,Smoked turkey slices,,,,GENERIC,أطعمة عامة,لحوم ودواجن,,—,KSA,GLOBAL_REFERENCE,,HIGH,P1,MISSING,,USDA,USDA FoodData Central,https://fdc.nal.usda.gov/,,,,,,,,,,,,NONE,MEDIUM,,,,,,,,,,,
QGAP-00030,NEEDS_SOURCE,لم يُعثر على مصدر آلي — يحتاج جلبًا من المصنّع أو كتالوج التجزئة,صدر دجاج مدخن,Smoked chicken breast,,,,GENERIC,أطعمة عامة,لحوم ودواجن,,—,KSA,GLOBAL_REFERENCE,,HIGH,P1,MISSING,,USDA,USDA FoodData Central,https://fdc.nal.usda.gov/,,,,,,,,,,,,NONE,MEDIUM,,,,,,,,,,,
QGAP-00031,NEEDS_SOURCE,لم يُعثر على مصدر آلي — يحتاج جلبًا من المصنّع أو كتالوج التجزئة,سمك ناجل,Coral trout (Najil),,,,GENERIC,أطعمة عامة,أسماك ومأكولات بحرية,,,KSA,GLOBAL_REFERENCE,,HIGH,P2,MISSING,,USDA,USDA FoodData Central,https://fdc.nal.usda.gov/,,,,,,,,,,,,NONE,MEDIUM,,,,,,,,,,,
QGAP-00032,NEEDS_SOURCE,لم يُعثر على مصدر آلي — يحتاج جلبًا من المصنّع أو كتالوج التجزئة,سمك شعري,Emperor fish (Shaari),,,,GENERIC,أطعمة عامة,أسماك ومأكولات بحرية,,,KSA,GLOBAL_REFERENCE,,HIGH,P2,MISSING,,USDA,USDA FoodData Central,https://fdc.nal.usda.gov/,,,,,,,,,,,,NONE,MEDIUM,,,,,,,,,,,
QGAP-00033,NEEDS_SOURCE,لم يُعثر على مصدر آلي — يحتاج جلبًا من المصنّع أو كتالوج التجزئة,سمك كنعد,Kingfish (Kanaad),,,,GENERIC,أطعمة عامة,أسماك ومأكولات بحرية,,,KSA,GLOBAL_REFERENCE,,HIGH,P2,MISSING,,USDA,USDA FoodData Central,https://fdc.nal.usda.gov/,,,,,,,,,,,,NONE,MEDIUM,,,,,,,,,,,
QGAP-00034,NEEDS_SOURCE,لم يُعثر على مصدر آلي — يحتاج جلبًا من المصنّع أو كتالوج التجزئة,سمك سبيطي,Sobaity seabream,,,,GENERIC,أطعمة عامة,أسماك ومأكولات بحرية,,,KSA,GLOBAL_REFERENCE,,HIGH,P2,MISSING,,USDA,USDA FoodData Central,https://fdc.nal.usda.gov/,,,,,,,,,,,,NONE,MEDIUM,,,,,,,,,,,
QGAP-00035,READY_FULL,,سمك بلطي,Tilapia,,,,GENERIC,أطعمة عامة,أسماك ومأكولات بحرية,,,KSA,GLOBAL_REFERENCE,,HIGH,P2,MISSING,,USDA,"USDA FoodData Central — Fish, tilapia, raw",https://fdc.nal.usda.gov/food-details/175176/nutrients,,,لكل 100غ,100,96.0,20.08,0.0,1.7,0.0,0.0,52.0,FULL,HIGH,,175176,"Fish, tilapia, raw",,,1.02,,,,,
QGAP-00036,NEEDS_SOURCE,لم يُعثر على مصدر آلي — يحتاج جلبًا من المصنّع أو كتالوج التجزئة,سمك زبيدي,Pomfret (Zubaidi),,,,GENERIC,أطعمة عامة,أسماك ومأكولات بحرية,,,KSA,GLOBAL_REFERENCE,,HIGH,P2,MISSING,,USDA,USDA FoodData Central,https://fdc.nal.usda.gov/,,,,,,,,,,,,NONE,MEDIUM,,,,,,,,,,,
QGAP-00037,NEEDS_SOURCE,لم يُعثر على مصدر آلي — يحتاج جلبًا من المصنّع أو كتالوج التجزئة,سمك صافي,Rabbitfish (Safi),,,,GENERIC,أطعمة عامة,أسماك ومأكولات بحرية,,,KSA,GLOBAL_REFERENCE,,HIGH,P2,MISSING,,USDA,USDA FoodData Central,https://fdc.nal.usda.gov/,,,,,,,,,,,,NONE,MEDIUM,,,,,,,,,,,
QGAP-00038,NEEDS_SOURCE,لم يُعثر على مصدر آلي — يحتاج جلبًا من المصنّع أو كتالوج التجزئة,سمك حريد,Parrotfish (Hareed),,,,GENERIC,أطعمة عامة,أسماك ومأكولات بحرية,,,KSA,GLOBAL_REFERENCE,,HIGH,P2,MISSING,,USDA,USDA FoodData Central,https://fdc.nal.usda.gov/,,,,,,,,,,,,NONE,MEDIUM,,,,,,,,,,,
QGAP-00039,NEEDS_SOURCE,لم يُعثر على مصدر آلي — يحتاج جلبًا من المصنّع أو كتالوج التجزئة,سمك بياض,Catfish (Bayad),,,,GENERIC,أطعمة عامة,أسماك ومأكولات بحرية,,,KSA,GLOBAL_REFERENCE,,HIGH,P2,MISSING,,USDA,USDA FoodData Central,https://fdc.nal.usda.gov/,,,,,,,,,,,,NONE,MEDIUM,,,,,,,,,,,
QGAP-00040,NEEDS_HUMAN_REVIEW,مطابقة آلية بدرجة 0.98 دون حدّ القبول — تحتاج تأكيدًا,سمك تونة طازج,Fresh tuna,,,,GENERIC,أطعمة عامة,أسماك ومأكولات بحرية,,,KSA,GLOBAL_REFERENCE,,HIGH,P2,MISSING,,USDA,"USDA FoodData Central — Fish, tuna, fresh, bluefin, raw",https://fdc.nal.usda.gov/food-details/173706/nutrients,,,لكل 100غ,100,144.0,23.33,0.0,4.9,0.0,0.0,39.0,NONE,MEDIUM,,173706,"Fish, tuna, fresh, bluefin, raw",,,0.98,,,,,
QGAP-00041,NEEDS_HUMAN_REVIEW,مطابقة آلية بدرجة 0.98 دون حدّ القبول — تحتاج تأكيدًا,سمك ماكريل,Mackerel,,,,GENERIC,أطعمة عامة,أسماك ومأكولات بحرية,,,KSA,GLOBAL_REFERENCE,,HIGH,P2,MISSING,,USDA,"USDA FoodData Central — Fish, mackerel, spanish, raw",https://fdc.nal.usda.gov/food-details/173673/nutrients,,,لكل 100غ,100,139.0,19.29,0.0,6.3,0.0,0.0,59.0,NONE,MEDIUM,,173673,"Fish, mackerel, spanish, raw",,,0.98,,,,,
QGAP-00042,NEEDS_HUMAN_REVIEW,مطابقة آلية بدرجة 0.98 دون حدّ القبول — تحتاج تأكيدًا,سمك قد,Cod,,,,GENERIC,أطعمة عامة,أسماك ومأكولات بحرية,,,KSA,GLOBAL_REFERENCE,,HIGH,P2,MISSING,,USDA,"USDA FoodData Central — Fish, cod, Atlantic, raw",https://fdc.nal.usda.gov/food-details/171955/nutrients,,,لكل 100غ,100,82.0,17.81,0.0,0.67,0.0,0.0,54.0,NONE,MEDIUM,,171955,"Fish, cod, Atlantic, raw",,,0.98,,,,,
QGAP-00043,READY_FULL,,سمك موسى,Sole fish,,,,GENERIC,أطعمة عامة,أسماك ومأكولات بحرية,,,KSA,GLOBAL_REFERENCE,,HIGH,P2,MISSING,,USDA,"USDA FoodData Central — Fish, flatfish (flounder and sole species), raw",https://fdc.nal.usda.gov/food-details/174196/nutrients,,,لكل 100غ,100,70.0,12.41,0.0,1.93,0.0,0.0,296.0,FULL,HIGH,,174196,"Fish, flatfish (flounder and sole species), raw",,,1.24,,,,,
QGAP-00044,NEEDS_SOURCE,لم يُعثر على مصدر آلي — يحتاج جلبًا من المصنّع أو كتالوج التجزئة,سمك فيليه بلطي مقلي,Fried tilapia fillet,,,,GENERIC,أطعمة عامة,أسماك ومأكولات بحرية,,,KSA,GLOBAL_REFERENCE,,HIGH,P2,MISSING,,USDA,USDA FoodData Central,https://fdc.nal.usda.gov/,,,,,,,,,,,,NONE,MEDIUM,,,,,,,,,,,
QGAP-00045,NEEDS_HUMAN_REVIEW,مطابقة آلية بدرجة 0.94 دون حدّ القبول — تحتاج تأكيدًا,حبار,Squid,,,,GENERIC,أطعمة عامة,أسماك ومأكولات بحرية,,,KSA,GLOBAL_REFERENCE,,HIGH,P2,MISSING,,USDA,"USDA FoodData Central — Mollusks, squid, mixed species, raw",https://fdc.nal.usda.gov/food-details/174223/nutrients,,,لكل 100غ,100,92.0,15.58,3.08,1.38,0.0,0.0,44.0,NONE,MEDIUM,,174223,"Mollusks, squid, mixed species, raw",,,0.94,,,,,
QGAP-00046,READY_FULL,,أخطبوط,Octopus,,,,GENERIC,أطعمة عامة,أسماك ومأكولات بحرية,,,KSA,GLOBAL_REFERENCE,,HIGH,P2,MISSING,,USDA,USDA FoodData Central — Octopus (Alaska Native),https://fdc.nal.usda.gov/food-details/168019/nutrients,,,لكل 100غ,100,56.0,12.3,0.0,0.8,,,,FULL,HIGH,,168019,Octopus (Alaska Native),,,1.22,,,,,
QGAP-00047,NEEDS_HUMAN_REVIEW,مطابقة آلية بدرجة 0.98 دون حدّ القبول — تحتاج تأكيدًا,سلطعون (كراب),Crab,,,,GENERIC,أطعمة عامة,أسماك ومأكولات بحرية,,,KSA,GLOBAL_REFERENCE,,HIGH,P2,MISSING,,USDA,"USDA FoodData Central — Crustaceans, crab, dungeness, raw",https://fdc.nal.usda.gov/food-details/171968/nutrients,,,لكل 100غ,100,86.0,17.41,0.74,0.97,0.0,,295.0,NONE,MEDIUM,,171968,"Crustaceans, crab, dungeness, raw",,,0.98,,,,,
QGAP-00048,READY_FULL,,سمك مملح (فسيخ),Salted fish,,,,GENERIC,أطعمة عامة,أسماك ومأكولات بحرية,,,KSA,GLOBAL_REFERENCE,,HIGH,P2,MISSING,,USDA,"USDA FoodData Central — Fish, mackerel, salted",https://fdc.nal.usda.gov/food-details/168149/nutrients,,,لكل 100غ,100,305.0,18.5,0.0,25.1,0.0,0.0,4450.0,FULL,HIGH,,168149,"Fish, mackerel, salted",,,1.61,,,,,
QGAP-00049,READY_FULL,,سمك مدخن,Smoked fish,,,,GENERIC,أطعمة عامة,أسماك ومأكولات بحرية,,,KSA,GLOBAL_REFERENCE,,HIGH,P2,MISSING,,USDA,"USDA FoodData Central — Fish, cisco, smoked",https://fdc.nal.usda.gov/food-details/171954/nutrients,,,لكل 100غ,100,177.0,16.36,0.0,11.9,0.0,0.0,481.0,FULL,HIGH,,171954,"Fish, cisco, smoked",,,1.61,,,,,
QGAP-00050,NEEDS_HUMAN_REVIEW,مطابقة آلية بدرجة 0.84 دون حدّ القبول — تحتاج تأكيدًا,كافيار,Caviar,,,,GENERIC,أطعمة عامة,أسماك ومأكولات بحرية,,,KSA,GLOBAL_REFERENCE,,HIGH,P2,MISSING,,USDA,"USDA FoodData Central — Fish, caviar, black and red, granular",https://fdc.nal.usda.gov/food-details/174188/nutrients,,,لكل 100غ,100,264.0,24.6,4.0,17.9,0.0,0.0,1500.0,NONE,MEDIUM,,174188,"Fish, caviar, black and red, granular",,,0.84,,,,,
QGAP-00051,NEEDS_HUMAN_REVIEW,الأصل العام موجود في قِمّة — يُحسم بشريًا إن كان المتغيّر يستحق صفًّا مستقلًا,سمك سلمون مدخن,Smoked salmon,,,,GENERIC,أطعمة عامة,أسماك ومأكولات بحرية,,,KSA,GLOBAL_REFERENCE,,HIGH,P2,EXISTS_GENERIC_ONLY,salmon · سلمون,USDA,"USDA FoodData Central — Salmon, red (sockeye), filets with skin, smoked (Alaska Native)",https://fdc.nal.usda.gov/food-details/169813/nutrients,,,لكل 100غ,100,345.0,60.62,0.0,11.43,0.0,0.0,51.0,NONE,MEDIUM,,169813,"Salmon, red (sockeye), filets with skin, smoked (Alaska Native)",,,1.41,,,,,
QGAP-00052,NEEDS_SOURCE,لم يُعثر على مصدر آلي — يحتاج جلبًا من المصنّع أو كتالوج التجزئة,أصابع سمك,Fish fingers,,,,GENERIC,أطعمة عامة,أسماك ومأكولات بحرية,,,KSA,GLOBAL_REFERENCE,,HIGH,P2,MISSING,,USDA,USDA FoodData Central,https://fdc.nal.usda.gov/,,,,,,,,,,,,NONE,MEDIUM,,,,,,,,,,,
QGAP-00053,READY_FULL,,صدر دجاج مقلي بالزيت,"Chicken breast, Deep fried",,,,GENERIC,أطعمة عامة,طرق الطهي,,fried,KSA,GLOBAL_REFERENCE,,HIGH,P2,MISSING,,USDA,"USDA FoodData Central — Chicken, broilers or fryers, breast, meat only, cooked, fried",https://fdc.nal.usda.gov/food-details/171078/nutrients,,,لكل 100غ,100,187.0,33.44,0.51,4.71,0.0,0.0,79.0,FULL,HIGH,,171078,"Chicken, broilers or fryers, breast, meat only, cooked, fried",,,1.46,,,,,يُضاف فقط إذا اختلفت القيم ماديًا عن الصنف الأساسي الموجود.
QGAP-00054,READY_FULL,,صدر دجاج مقلي بالهواء,"Chicken breast, Air fried",,,,GENERIC,أطعمة عامة,طرق الطهي,,air_fried,KSA,GLOBAL_REFERENCE,,HIGH,P2,MISSING,,USDA,"USDA FoodData Central — Chicken, broilers or fryers, breast, meat only, cooked, fried",https://fdc.nal.usda.gov/food-details/171078/nutrients,,,لكل 100غ,100,187.0,33.44,0.51,4.71,0.0,0.0,79.0,FULL,HIGH,,171078,"Chicken, broilers or fryers, breast, meat only, cooked, fried",,,1.46,,,,,يُضاف فقط إذا اختلفت القيم ماديًا عن الصنف الأساسي الموجود.
QGAP-00055,NEEDS_HUMAN_REVIEW,الأصل العام موجود في قِمّة — يُحسم بشريًا إن كان المتغيّر يستحق صفًّا مستقلًا,صدر دجاج مشوي بالفرن,"Chicken breast, Oven baked",,,,GENERIC,أطعمة عامة,طرق الطهي,,baked,KSA,GLOBAL_REFERENCE,,HIGH,P2,EXISTS_GENERIC_ONLY,chicken-breast-grilled · صدر دجاج مشوي,USDA,"USDA FoodData Central — Chicken breast, roll, oven-roasted",https://fdc.nal.usda.gov/food-details/174608/nutrients,,,لكل 100غ,100,134.0,14.59,1.79,7.65,0.0,0.43,883.0,NONE,MEDIUM,,174608,"Chicken breast, roll, oven-roasted",,,1.58,,,,,يُضاف فقط إذا اختلفت القيم ماديًا عن الصنف الأساسي الموجود.
QGAP-00056,READY_FULL,,صدر دجاج مسلوق,"Chicken breast, Boiled",,,,GENERIC,أطعمة عامة,طرق الطهي,,boiled,KSA,GLOBAL_REFERENCE,,HIGH,P2,MISSING,,USDA,"USDA FoodData Central — Chicken breast tenders, breaded, cooked, microwaved",https://fdc.nal.usda.gov/food-details/171514/nutrients,,,لكل 100غ,100,252.0,16.35,17.56,12.89,0.0,0.0,446.0,FULL,HIGH,,171514,"Chicken breast tenders, breaded, cooked, microwaved",,,1.54,,,,,يُضاف فقط إذا اختلفت القيم ماديًا عن الصنف الأساسي الموجود.
QGAP-00057,READY_FULL,,صدر دجاج مطهو على البخار,"Chicken breast, Steamed",,,,GENERIC,أطعمة عامة,طرق الطهي,,steamed,KSA,GLOBAL_REFERENCE,,HIGH,P2,MISSING,,USDA,"USDA FoodData Central — Chicken breast tenders, breaded, cooked, microwaved",https://fdc.nal.usda.gov/food-details/171514/nutrients,,,لكل 100غ,100,252.0,16.35,17.56,12.89,0.0,0.0,446.0,FULL,HIGH,,171514,"Chicken breast tenders, breaded, cooked, microwaved",,,1.54,,,,,يُضاف فقط إذا اختلفت القيم ماديًا عن الصنف الأساسي الموجود.
QGAP-00058,READY_FULL,,بطاطس مقلي بالزيت,"Potato, Deep fried",,,,GENERIC,أطعمة عامة,طرق الطهي,,fried,KSA,GLOBAL_REFERENCE,,HIGH,P2,MISSING,,USDA,"USDA FoodData Central — Sweet Potatoes, french fried, crosscut, frozen, unprepared",https://fdc.nal.usda.gov/food-details/168015/nutrients,,,لكل 100غ,100,209.0,1.7,25.52,11.1,3.4,6.46,214.0,FULL,HIGH,,168015,"Sweet Potatoes, french fried, crosscut, frozen, unprepared",,,1.46,,,,,يُضاف فقط إذا اختلفت القيم ماديًا عن الصنف الأساسي الموجود.
QGAP-00059,READY_FULL,,بطاطس مقلي بالهواء,"Potato, Air fried",,,,GENERIC,أطعمة عامة,طرق الطهي,,air_fried,KSA,GLOBAL_REFERENCE,,HIGH,P2,MISSING,,USDA,"USDA FoodData Central — Sweet Potatoes, french fried, crosscut, frozen, unprepared",https://fdc.nal.usda.gov/food-details/168015/nutrients,,,لكل 100غ,100,209.0,1.7,25.52,11.1,3.4,6.46,214.0,FULL,HIGH,,168015,"Sweet Potatoes, french fried, crosscut, frozen, unprepared",,,1.46,,,,,يُضاف فقط إذا اختلفت القيم ماديًا عن الصنف الأساسي الموجود.
QGAP-00060,READY_FULL,,بطاطس مشوي بالفرن,"Potato, Oven baked",,,,GENERIC,أطعمة عامة,طرق الطهي,,baked,KSA,GLOBAL_REFERENCE,,HIGH,P2,MISSING,,USDA,"USDA FoodData Central — Potatoes, baked, flesh, without salt",https://fdc.nal.usda.gov/food-details/170033/nutrients,,,لكل 100غ,100,93.0,1.96,21.55,0.1,1.5,1.7,5.0,FULL,HIGH,,170033,"Potatoes, baked, flesh, without salt",,,1.58,,,,,يُضاف فقط إذا اختلفت القيم ماديًا عن الصنف الأساسي الموجود.
QGAP-00061,READY_FULL,,بطاطس مطهو على البخار,"Potato, Steamed",,,,GENERIC,أطعمة عامة,طرق الطهي,,steamed,KSA,GLOBAL_REFERENCE,,HIGH,P2,MISSING,,USDA,"USDA FoodData Central — Sweet potato, cooked, boiled, without skin",https://fdc.nal.usda.gov/food-details/168484/nutrients,,,لكل 100غ,100,76.0,1.37,17.72,0.14,2.5,5.74,27.0,FULL,HIGH,,168484,"Sweet potato, cooked, boiled, without skin",,,1.54,,,,,يُضاف فقط إذا اختلفت القيم ماديًا عن الصنف الأساسي الموجود.
QGAP-00062,NEEDS_HUMAN_REVIEW,الأصل العام موجود في قِمّة — يُحسم بشريًا إن كان المتغيّر يستحق صفًّا مستقلًا,باذنجان مقلي بالزيت,"Eggplant, Deep fried",,,,GENERIC,أطعمة عامة,طرق الطهي,,fried,KSA,GLOBAL_REFERENCE,,HIGH,P2,EXISTS_GENERIC_ONLY,eggplant · باذنجان,USDA,"USDA FoodData Central — Eggplant, pickled",https://fdc.nal.usda.gov/food-details/169892/nutrients,,,لكل 100غ,100,49.0,0.9,9.77,0.7,2.5,4.8,1674.0,NONE,MEDIUM,,169892,"Eggplant, pickled",,,1.26,,,,,يُضاف فقط إذا اختلفت القيم ماديًا عن الصنف الأساسي الموجود.
QGAP-00063,NEEDS_HUMAN_REVIEW,الأصل العام موجود في قِمّة — يُحسم بشريًا إن كان المتغيّر يستحق صفًّا مستقلًا,باذنجان مقلي بالهواء,"Eggplant, Air fried",,,,GENERIC,أطعمة عامة,طرق الطهي,,air_fried,KSA,GLOBAL_REFERENCE,,HIGH,P2,EXISTS_GENERIC_ONLY,eggplant · باذنجان,USDA,"USDA FoodData Central — Eggplant, pickled",https://fdc.nal.usda.gov/food-details/169892/nutrients,,,لكل 100غ,100,49.0,0.9,9.77,0.7,2.5,4.8,1674.0,NONE,MEDIUM,,169892,"Eggplant, pickled",,,1.26,,,,,يُضاف فقط إذا اختلفت القيم ماديًا عن الصنف الأساسي الموجود.
QGAP-00064,NEEDS_HUMAN_REVIEW,الأصل العام موجود في قِمّة — يُحسم بشريًا إن كان المتغيّر يستحق صفًّا مستقلًا,باذنجان مشوي بالفرن,"Eggplant, Oven baked",,,,GENERIC,أطعمة عامة,طرق الطهي,,baked,KSA,GLOBAL_REFERENCE,,HIGH,P2,EXISTS_GENERIC_ONLY,eggplant · باذنجان,USDA,"USDA FoodData Central — Eggplant, pickled",https://fdc.nal.usda.gov/food-details/169892/nutrients,,,لكل 100غ,100,49.0,0.9,9.77,0.7,2.5,4.8,1674.0,NONE,MEDIUM,,169892,"Eggplant, pickled",,,1.26,,,,,يُضاف فقط إذا اختلفت القيم ماديًا عن الصنف الأساسي الموجود.
QGAP-00065,NEEDS_HUMAN_REVIEW,الأصل العام موجود في قِمّة — يُحسم بشريًا إن كان المتغيّر يستحق صفًّا مستقلًا,باذنجان مسلوق,"Eggplant, Boiled",,,,GENERIC,أطعمة عامة,طرق الطهي,,boiled,KSA,GLOBAL_REFERENCE,,HIGH,P2,EXISTS_GENERIC_ONLY,eggplant · باذنجان,USDA,"USDA FoodData Central — Eggplant, cooked, boiled, drained, without salt",https://fdc.nal.usda.gov/food-details/169229/nutrients,,,لكل 100غ,100,35.0,0.83,8.73,0.23,2.5,3.2,1.0,NONE,MEDIUM,,169229,"Eggplant, cooked, boiled, drained, without salt",,,1.54,,,,,يُضاف فقط إذا اختلفت القيم ماديًا عن الصنف الأساسي الموجود.
QGAP-00066,NEEDS_HUMAN_REVIEW,الأصل العام موجود في قِمّة — يُحسم بشريًا إن كان المتغيّر يستحق صفًّا مستقلًا,باذنجان مطهو على البخار,"Eggplant, Steamed",,,,GENERIC,أطعمة عامة,طرق الطهي,,steamed,KSA,GLOBAL_REFERENCE,,HIGH,P2,EXISTS_GENERIC_ONLY,eggplant · باذنجان,USDA,"USDA FoodData Central — Eggplant, cooked, boiled, drained, without salt",https://fdc.nal.usda.gov/food-details/169229/nutrients,,,لكل 100غ,100,35.0,0.83,8.73,0.23,2.5,3.2,1.0,NONE,MEDIUM,,169229,"Eggplant, cooked, boiled, drained, without salt",,,1.54,,,,,يُضاف فقط إذا اختلفت القيم ماديًا عن الصنف الأساسي الموجود.
QGAP-00067,NEEDS_HUMAN_REVIEW,الأصل العام موجود في قِمّة — يُحسم بشريًا إن كان المتغيّر يستحق صفًّا مستقلًا,سمك مقلي بالزيت,"Fish, Deep fried",,,,GENERIC,أطعمة عامة,طرق الطهي,,fried,KSA,GLOBAL_REFERENCE,,HIGH,P2,EXISTS_GENERIC_ONLY,sfct-20 · سمك مقلي,USDA,"USDA FoodData Central — Fish, croaker, Atlantic, cooked, breaded and fried",https://fdc.nal.usda.gov/food-details/171957/nutrients,,,لكل 100غ,100,221.0,18.2,7.54,12.67,0.4,,348.0,NONE,MEDIUM,,171957,"Fish, croaker, Atlantic, cooked, breaded and fried",,,1.5,,,,,يُضاف فقط إذا اختلفت القيم ماديًا عن الصنف الأساسي الموجود.
QGAP-00068,NEEDS_HUMAN_REVIEW,الأصل العام موجود في قِمّة — يُحسم بشريًا إن كان المتغيّر يستحق صفًّا مستقلًا,سمك مقلي بالهواء,"Fish, Air fried",,,,GENERIC,أطعمة عامة,طرق الطهي,,air_fried,KSA,GLOBAL_REFERENCE,,HIGH,P2,EXISTS_GENERIC_ONLY,sfct-20 · سمك مقلي,USDA,"USDA FoodData Central — Fish, croaker, Atlantic, cooked, breaded and fried",https://fdc.nal.usda.gov/food-details/171957/nutrients,,,لكل 100غ,100,221.0,18.2,7.54,12.67,0.4,,348.0,NONE,MEDIUM,,171957,"Fish, croaker, Atlantic, cooked, breaded and fried",,,1.5,,,,,يُضاف فقط إذا اختلفت القيم ماديًا عن الصنف الأساسي الموجود.
QGAP-00069,READY_FULL,,سمك مشوي بالفرن,"Fish, Oven baked",,,,GENERIC,أطعمة عامة,طرق الطهي,,baked,KSA,GLOBAL_REFERENCE,,HIGH,P2,MISSING,,USDA,USDA FoodData Central — Fish broth,https://fdc.nal.usda.gov/food-details/171606/nutrients,,,لكل 100غ,100,16.0,2.0,0.4,0.6,0.0,0.09,200.0,FULL,HIGH,,171606,Fish broth,,,1.26,,,,,يُضاف فقط إذا اختلفت القيم ماديًا عن الصنف الأساسي الموجود.
QGAP-00070,READY_FULL,,سمك مسلوق,"Fish, Boiled",,,,GENERIC,أطعمة عامة,طرق الطهي,,boiled,KSA,GLOBAL_REFERENCE,,HIGH,P2,MISSING,,USDA,"USDA FoodData Central — Fish, pollock, Alaska, cooked",https://fdc.nal.usda.gov/food-details/173726/nutrients,,,لكل 100غ,100,86.62,19.42,0.0,0.99,,,166.0,FULL,HIGH,,173726,"Fish, pollock, Alaska, cooked",,,1.58,,,,,يُضاف فقط إذا اختلفت القيم ماديًا عن الصنف الأساسي الموجود.
QGAP-00071,READY_FULL,,سمك مطهو على البخار,"Fish, Steamed",,,,GENERIC,أطعمة عامة,طرق الطهي,,steamed,KSA,GLOBAL_REFERENCE,,HIGH,P2,MISSING,,USDA,"USDA FoodData Central — Fish, pollock, Alaska, cooked",https://fdc.nal.usda.gov/food-details/173726/nutrients,,,لكل 100غ,100,86.62,19.42,0.0,0.99,,,166.0,FULL,HIGH,,173726,"Fish, pollock, Alaska, cooked",,,1.58,,,,,يُضاف فقط إذا اختلفت القيم ماديًا عن الصنف الأساسي الموجود.
QGAP-00072,NEEDS_HUMAN_REVIEW,الأصل العام موجود في قِمّة — يُحسم بشريًا إن كان المتغيّر يستحق صفًّا مستقلًا,روبيان مقلي بالزيت,"Shrimp, Deep fried",,,,GENERIC,أطعمة عامة,طرق الطهي,,fried,KSA,GLOBAL_REFERENCE,,HIGH,P2,EXISTS_GENERIC_ONLY,gcc-24 · روبيان مقلي,USDA,"USDA FoodData Central — Crustaceans, shrimp, mixed species, cooked, breaded and fried",https://fdc.nal.usda.gov/food-details/171970/nutrients,,,لكل 100غ,100,242.0,21.39,11.47,12.28,0.4,0.8,344.0,NONE,MEDIUM,,171970,"Crustaceans, shrimp, mixed species, cooked, breaded and fried",,,1.16,,,,,يُضاف فقط إذا اختلفت القيم ماديًا عن الصنف الأساسي الموجود.
QGAP-00073,NEEDS_HUMAN_REVIEW,الأصل العام موجود في قِمّة — يُحسم بشريًا إن كان المتغيّر يستحق صفًّا مستقلًا,روبيان مقلي بالهواء,"Shrimp, Air fried",,,,GENERIC,أطعمة عامة,طرق الطهي,,air_fried,KSA,GLOBAL_REFERENCE,,HIGH,P2,EXISTS_GENERIC_ONLY,gcc-24 · روبيان مقلي,USDA,"USDA FoodData Central — Crustaceans, shrimp, mixed species, cooked, breaded and fried",https://fdc.nal.usda.gov/food-details/171970/nutrients,,,لكل 100غ,100,242.0,21.39,11.47,12.28,0.4,0.8,344.0,NONE,MEDIUM,,171970,"Crustaceans, shrimp, mixed species, cooked, breaded and fried",,,1.16,,,,,يُضاف فقط إذا اختلفت القيم ماديًا عن الصنف الأساسي الموجود.
QGAP-00074,NEEDS_HUMAN_REVIEW,مطابقة آلية بدرجة 0.72 دون حدّ القبول — تحتاج تأكيدًا,روبيان مشوي بالفرن,"Shrimp, Oven baked",,,,GENERIC,أطعمة عامة,طرق الطهي,,baked,KSA,GLOBAL_REFERENCE,,HIGH,P2,MISSING,,USDA,"USDA FoodData Central — Crustaceans, shrimp, mixed species, imitation, made from surimi",https://fdc.nal.usda.gov/food-details/171973/nutrients,,,لكل 100غ,100,101.0,12.39,9.13,1.47,0.0,,705.0,NONE,MEDIUM,,171973,"Crustaceans, shrimp, mixed species, imitation, made from surimi",,,0.72,,,,,يُضاف فقط إذا اختلفت القيم ماديًا عن الصنف الأساسي الموجود.
QGAP-00075,NEEDS_HUMAN_REVIEW,الأصل العام موجود في قِمّة — يُحسم بشريًا إن كان المتغيّر يستحق صفًّا مستقلًا,روبيان مسلوق,"Shrimp, Boiled",,,,GENERIC,أطعمة عامة,طرق الطهي,,boiled,KSA,GLOBAL_REFERENCE,,HIGH,P2,EXISTS_GENERIC_ONLY,shrimp · روبيان,USDA,"USDA FoodData Central — Crustaceans, shrimp, cooked",https://fdc.nal.usda.gov/food-details/175180/nutrients,,,لكل 100غ,100,99.0,23.98,0.2,0.28,,,111.0,NONE,MEDIUM,,175180,"Crustaceans, shrimp, cooked",,,1.32,,,,,يُضاف فقط إذا اختلفت القيم ماديًا عن الصنف الأساسي الموجود.
QGAP-00076,NEEDS_HUMAN_REVIEW,الأصل العام موجود في قِمّة — يُحسم بشريًا إن كان المتغيّر يستحق صفًّا مستقلًا,روبيان مطهو على البخار,"Shrimp, Steamed",,,,GENERIC,أطعمة عامة,طرق الطهي,,steamed,KSA,GLOBAL_REFERENCE,,HIGH,P2,EXISTS_GENERIC_ONLY,shrimp · روبيان,USDA,"USDA FoodData Central — Crustaceans, shrimp, cooked",https://fdc.nal.usda.gov/food-details/175180/nutrients,,,لكل 100غ,100,99.0,23.98,0.2,0.28,,,111.0,NONE,MEDIUM,,175180,"Crustaceans, shrimp, cooked",,,1.32,,,,,يُضاف فقط إذا اختلفت القيم ماديًا عن الصنف الأساسي الموجود.
QGAP-00077,NEEDS_HUMAN_REVIEW,الأصل العام موجود في قِمّة — يُحسم بشريًا إن كان المتغيّر يستحق صفًّا مستقلًا,بيض مقلي بالزيت,"Egg, Deep fried",,,,GENERIC,أطعمة عامة,طرق الطهي,,fried,KSA,GLOBAL_REFERENCE,,HIGH,P2,EXISTS_GENERIC_ONLY,fried-eggs · بيض مقلي,USDA,"USDA FoodData Central — Egg, whole, cooked, fried",https://fdc.nal.usda.gov/food-details/173423/nutrients,,,لكل 100غ,100,196.0,13.61,0.83,14.84,0.0,0.4,207.0,NONE,MEDIUM,,173423,"Egg, whole, cooked, fried",,,1.58,,,,,يُضاف فقط إذا اختلفت القيم ماديًا عن الصنف الأساسي الموجود.
QGAP-00078,NEEDS_HUMAN_REVIEW,الأصل العام موجود في قِمّة — يُحسم بشريًا إن كان المتغيّر يستحق صفًّا مستقلًا,بيض مقلي بالهواء,"Egg, Air fried",,,,GENERIC,أطعمة عامة,طرق الطهي,,air_fried,KSA,GLOBAL_REFERENCE,,HIGH,P2,EXISTS_GENERIC_ONLY,fried-eggs · بيض مقلي,USDA,"USDA FoodData Central — Egg, whole, cooked, fried",https://fdc.nal.usda.gov/food-details/173423/nutrients,,,لكل 100غ,100,196.0,13.61,0.83,14.84,0.0,0.4,207.0,NONE,MEDIUM,,173423,"Egg, whole, cooked, fried",,,1.58,,,,,يُضاف فقط إذا اختلفت القيم ماديًا عن الصنف الأساسي الموجود.
QGAP-00079,READY_FULL,,بيض مشوي بالفرن,"Egg, Oven baked",,,,GENERIC,أطعمة عامة,طرق الطهي,,baked,KSA,GLOBAL_REFERENCE,,HIGH,P2,MISSING,,USDA,USDA FoodData Central — Potato salad with egg,https://fdc.nal.usda.gov/food-details/173343/nutrients,,,لكل 100غ,100,157.0,1.96,16.18,9.4,1.3,4.95,329.0,FULL,HIGH,,173343,Potato salad with egg,,,1.22,,,,,يُضاف فقط إذا اختلفت القيم ماديًا عن الصنف الأساسي الموجود.
QGAP-00080,READY_FULL,,بيض مطهو على البخار,"Egg, Steamed",,,,GENERIC,أطعمة عامة,طرق الطهي,,steamed,KSA,GLOBAL_REFERENCE,,HIGH,P2,MISSING,,USDA,"USDA FoodData Central — Egg, whole, cooked, omelet",https://fdc.nal.usda.gov/food-details/172185/nutrients,,,لكل 100غ,100,154.0,10.57,0.64,11.66,0.0,0.31,155.0,FULL,HIGH,,172185,"Egg, whole, cooked, omelet",,,1.58,,,,,يُضاف فقط إذا اختلفت القيم ماديًا عن الصنف الأساسي الموجود.
QGAP-00081,NEEDS_SOURCE,لم يُعثر على مصدر آلي — يحتاج جلبًا من المصنّع أو كتالوج التجزئة,كوسا مقلي بالزيت,"Zucchini, Deep fried",,,,GENERIC,أطعمة عامة,طرق الطهي,,fried,KSA,GLOBAL_REFERENCE,,HIGH,P2,MISSING,,USDA,USDA FoodData Central,https://fdc.nal.usda.gov/,,,,,,,,,,,,NONE,MEDIUM,,168471,"Squash, summer, zucchini, italian style, canned",,,0.3,,,,,يُضاف فقط إذا اختلفت القيم ماديًا عن الصنف الأساسي الموجود.
QGAP-00082,NEEDS_SOURCE,لم يُعثر على مصدر آلي — يحتاج جلبًا من المصنّع أو كتالوج التجزئة,كوسا مقلي بالهواء,"Zucchini, Air fried",,,,GENERIC,أطعمة عامة,طرق الطهي,,air_fried,KSA,GLOBAL_REFERENCE,,HIGH,P2,MISSING,,USDA,USDA FoodData Central,https://fdc.nal.usda.gov/,,,,,,,,,,,,NONE,MEDIUM,,168471,"Squash, summer, zucchini, italian style, canned",,,0.3,,,,,يُضاف فقط إذا اختلفت القيم ماديًا عن الصنف الأساسي الموجود.
QGAP-00083,NEEDS_SOURCE,لم يُعثر على مصدر آلي — يحتاج جلبًا من المصنّع أو كتالوج التجزئة,كوسا مشوي بالفرن,"Zucchini, Oven baked",,,,GENERIC,أطعمة عامة,طرق الطهي,,baked,KSA,GLOBAL_REFERENCE,,HIGH,P2,MISSING,,USDA,USDA FoodData Central,https://fdc.nal.usda.gov/,,,,,,,,,,,,NONE,MEDIUM,,168471,"Squash, summer, zucchini, italian style, canned",,,0.3,,,,,يُضاف فقط إذا اختلفت القيم ماديًا عن الصنف الأساسي الموجود.
QGAP-00084,READY_FULL,,كوسا مسلوق,"Zucchini, Boiled",,,,GENERIC,أطعمة عامة,طرق الطهي,,boiled,KSA,GLOBAL_REFERENCE,,HIGH,P2,MISSING,,USDA,"USDA FoodData Central — Squash, summer, zucchini, includes skin, cooked, boiled, drained, without salt",https://fdc.nal.usda.gov/food-details/169292/nutrients,,,لكل 100غ,100,15.0,1.14,2.69,0.36,1.0,1.71,3.0,FULL,HIGH,,169292,"Squash, summer, zucchini, includes skin, cooked, boiled, drained, without salt",,,1.08,,,,,يُضاف فقط إذا اختلفت القيم ماديًا عن الصنف الأساسي الموجود.
QGAP-00085,READY_FULL,,كوسا مطهو على البخار,"Zucchini, Steamed",,,,GENERIC,أطعمة عامة,طرق الطهي,,steamed,KSA,GLOBAL_REFERENCE,,HIGH,P2,MISSING,,USDA,"USDA FoodData Central — Squash, summer, zucchini, includes skin, cooked, boiled, drained, without salt",https://fdc.nal.usda.gov/food-details/169292/nutrients,,,لكل 100غ,100,15.0,1.14,2.69,0.36,1.0,1.71,3.0,FULL,HIGH,,169292,"Squash, summer, zucchini, includes skin, cooked, boiled, drained, without salt",,,1.08,,,,,يُضاف فقط إذا اختلفت القيم ماديًا عن الصنف الأساسي الموجود.
QGAP-00086,NEEDS_HUMAN_REVIEW,مطابقة آلية بدرجة 0.8 دون حدّ القبول — تحتاج تأكيدًا,قرنبيط مقلي بالزيت,"Cauliflower, Deep fried",,,,GENERIC,أطعمة عامة,طرق الطهي,,fried,KSA,GLOBAL_REFERENCE,,HIGH,P2,MISSING,,USDA,"USDA FoodData Central — Pickles, chowchow, with cauliflower onion mustard, sweet",https://fdc.nal.usda.gov/food-details/169397/nutrients,,,لكل 100غ,100,121.0,1.5,26.64,0.9,1.5,23.88,527.0,NONE,MEDIUM,,169397,"Pickles, chowchow, with cauliflower onion mustard, sweet",,,0.8,,,,,يُضاف فقط إذا اختلفت القيم ماديًا عن الصنف الأساسي الموجود.
QGAP-00087,NEEDS_HUMAN_REVIEW,مطابقة آلية بدرجة 0.8 دون حدّ القبول — تحتاج تأكيدًا,قرنبيط مقلي بالهواء,"Cauliflower, Air fried",,,,GENERIC,أطعمة عامة,طرق الطهي,,air_fried,KSA,GLOBAL_REFERENCE,,HIGH,P2,MISSING,,USDA,"USDA FoodData Central — Pickles, chowchow, with cauliflower onion mustard, sweet",https://fdc.nal.usda.gov/food-details/169397/nutrients,,,لكل 100غ,100,121.0,1.5,26.64,0.9,1.5,23.88,527.0,NONE,MEDIUM,,169397,"Pickles, chowchow, with cauliflower onion mustard, sweet",,,0.8,,,,,يُضاف فقط إذا اختلفت القيم ماديًا عن الصنف الأساسي الموجود.
QGAP-00088,NEEDS_HUMAN_REVIEW,مطابقة آلية بدرجة 0.8 دون حدّ القبول — تحتاج تأكيدًا,قرنبيط مشوي بالفرن,"Cauliflower, Oven baked",,,,GENERIC,أطعمة عامة,طرق الطهي,,baked,KSA,GLOBAL_REFERENCE,,HIGH,P2,MISSING,,USDA,"USDA FoodData Central — Pickles, chowchow, with cauliflower onion mustard, sweet",https://fdc.nal.usda.gov/food-details/169397/nutrients,,,لكل 100غ,100,121.0,1.5,26.64,0.9,1.5,23.88,527.0,NONE,MEDIUM,,169397,"Pickles, chowchow, with cauliflower onion mustard, sweet",,,0.8,,,,,يُضاف فقط إذا اختلفت القيم ماديًا عن الصنف الأساسي الموجود.
QGAP-00089,READY_FULL,,قرنبيط مسلوق,"Cauliflower, Boiled",,,,GENERIC,أطعمة عامة,طرق الطهي,,boiled,KSA,GLOBAL_REFERENCE,,HIGH,P2,MISSING,,USDA,"USDA FoodData Central — Cauliflower, green, cooked, with salt",https://fdc.nal.usda.gov/food-details/169391/nutrients,,,لكل 100غ,100,32.0,3.04,6.28,0.31,3.3,,259.0,FULL,HIGH,,169391,"Cauliflower, green, cooked, with salt",,,1.58,,,,,يُضاف فقط إذا اختلفت القيم ماديًا عن الصنف الأساسي الموجود.
QGAP-00090,READY_FULL,,قرنبيط مطهو على البخار,"Cauliflower, Steamed",,,,GENERIC,أطعمة عامة,طرق الطهي,,steamed,KSA,GLOBAL_REFERENCE,,HIGH,P2,MISSING,,USDA,"USDA FoodData Central — Cauliflower, green, cooked, with salt",https://fdc.nal.usda.gov/food-details/169391/nutrients,,,لكل 100غ,100,32.0,3.04,6.28,0.31,3.3,,259.0,FULL,HIGH,,169391,"Cauliflower, green, cooked, with salt",,,1.58,,,,,يُضاف فقط إذا اختلفت القيم ماديًا عن الصنف الأساسي الموجود.
QGAP-00091,READY_FULL,,ملفوف,Cabbage,,,,GENERIC,أطعمة عامة,خضار,,,KSA,GLOBAL_REFERENCE,,HIGH,P1,MISSING,,USDA,"USDA FoodData Central — Cabbage, raw",https://fdc.nal.usda.gov/food-details/169975/nutrients,,,لكل 100غ,100,25.0,1.28,5.8,0.1,2.5,3.2,18.0,FULL,HIGH,,169975,"Cabbage, raw",,,1.36,,,,,
QGAP-00092,READY_FULL,,كرنب أحمر,Red cabbage,,,,GENERIC,أطعمة عامة,خضار,,,KSA,GLOBAL_REFERENCE,,HIGH,P1,MISSING,,USDA,"USDA FoodData Central — Cabbage, red, raw",https://fdc.nal.usda.gov/food-details/169977/nutrients,,,لكل 100غ,100,31.0,1.43,7.37,0.16,2.1,3.83,27.0,FULL,HIGH,,169977,"Cabbage, red, raw",,,1.36,,,,,
QGAP-00093,READY_FULL,,فجل,Radish,,,,GENERIC,أطعمة عامة,خضار,,,KSA,GLOBAL_REFERENCE,,HIGH,P1,MISSING,,USDA,"USDA FoodData Central — Radishes, raw",https://fdc.nal.usda.gov/food-details/169276/nutrients,,,لكل 100غ,100,16.0,0.68,3.4,0.1,1.6,1.86,39.0,FULL,HIGH,,169276,"Radishes, raw",,,1.36,,,,,
QGAP-00094,READY_FULL,,لفت,Turnip,,,,GENERIC,أطعمة عامة,خضار,,,KSA,GLOBAL_REFERENCE,,HIGH,P1,MISSING,,USDA,"USDA FoodData Central — Turnips, raw",https://fdc.nal.usda.gov/food-details/170465/nutrients,,,لكل 100غ,100,28.0,0.9,6.43,0.1,1.8,3.8,67.0,FULL,HIGH,,170465,"Turnips, raw",,,1.36,,,,,
QGAP-00095,NEEDS_SOURCE,لم يُعثر على مصدر آلي — يحتاج جلبًا من المصنّع أو كتالوج التجزئة,شمندر,Beetroot,,,,GENERIC,أطعمة عامة,خضار,,,KSA,GLOBAL_REFERENCE,,HIGH,P1,MISSING,,USDA,USDA FoodData Central,https://fdc.nal.usda.gov/,,,,,,,,,,,,NONE,MEDIUM,,,,,,,,,,,
QGAP-00096,READY_FULL,,كرفس,Celery,,,,GENERIC,أطعمة عامة,خضار,,,KSA,GLOBAL_REFERENCE,,HIGH,P1,MISSING,,USDA,"USDA FoodData Central — Celery, raw",https://fdc.nal.usda.gov/food-details/169988/nutrients,,,لكل 100غ,100,14.0,0.69,2.97,0.17,1.6,1.34,80.0,FULL,HIGH,,169988,"Celery, raw",,,1.36,,,,,
QGAP-00097,READY_FULL,,بقدونس,Parsley,,,,GENERIC,أطعمة عامة,خضار,,,KSA,GLOBAL_REFERENCE,,HIGH,P1,MISSING,,USDA,"USDA FoodData Central — Parsley, fresh",https://fdc.nal.usda.gov/food-details/170416/nutrients,,,لكل 100غ,100,36.0,2.97,6.33,0.79,3.3,0.85,56.0,FULL,HIGH,,170416,"Parsley, fresh",,,1.26,,,,,
QGAP-00098,NEEDS_SOURCE,لم يُعثر على مصدر آلي — يحتاج جلبًا من المصنّع أو كتالوج التجزئة,كزبرة خضراء,Fresh coriander,,,,GENERIC,أطعمة عامة,خضار,,,KSA,GLOBAL_REFERENCE,,HIGH,P1,MISSING,,USDA,USDA FoodData Central,https://fdc.nal.usda.gov/,,,,,,,,,,,,NONE,MEDIUM,,,,,,,,,,,
QGAP-00099,NEEDS_HUMAN_REVIEW,الأصل العام موجود في قِمّة — يُحسم بشريًا إن كان المتغيّر يستحق صفًّا مستقلًا,نعناع,Mint,,,,GENERIC,أطعمة عامة,خضار,,,KSA,GLOBAL_REFERENCE,,HIGH,P1,EXISTS_GENERIC_ONLY,lemon-mint · ليمون نعناع,USDA,USDA FoodData Central,https://fdc.nal.usda.gov/,,,,,,,,,,,,NONE,MEDIUM,,,,,,,,,,,
QGAP-00100,READY_FULL,,شبت,Dill,,,,GENERIC,أطعمة عامة,خضار,,,KSA,GLOBAL_REFERENCE,,HIGH,P1,MISSING,,USDA,"USDA FoodData Central — Dill weed, fresh",https://fdc.nal.usda.gov/food-details/172233/nutrients,,,لكل 100غ,100,43.0,3.46,7.02,1.12,2.1,,61.0,FULL,HIGH,,172233,"Dill weed, fresh",,,1.22,,,,,
QGAP-00101,READY_FULL,,جرجير,Arugula,,,,GENERIC,أطعمة عامة,خضار,,,KSA,GLOBAL_REFERENCE,,HIGH,P1,MISSING,,USDA,"USDA FoodData Central — Arugula, raw",https://fdc.nal.usda.gov/food-details/169387/nutrients,,,لكل 100غ,100,25.0,2.58,3.65,0.66,1.6,2.05,27.0,FULL,HIGH,,169387,"Arugula, raw",,,1.36,,,,,
QGAP-00102,READY_FULL,,ملفوف بروكسل,Brussels sprouts,,,,GENERIC,أطعمة عامة,خضار,,,KSA,GLOBAL_REFERENCE,,HIGH,P1,MISSING,,USDA,"USDA FoodData Central — Brussels sprouts, raw",https://fdc.nal.usda.gov/food-details/170383/nutrients,,,لكل 100غ,100,43.0,3.38,8.95,0.3,3.8,2.2,25.0,FULL,HIGH,,170383,"Brussels sprouts, raw",,,1.36,,,,,
QGAP-00103,READY_FULL,,هليون,Asparagus,,,,GENERIC,أطعمة عامة,خضار,,,KSA,GLOBAL_REFERENCE,,HIGH,P1,MISSING,,USDA,"USDA FoodData Central — Asparagus, raw",https://fdc.nal.usda.gov/food-details/168389/nutrients,,,لكل 100غ,100,20.0,2.2,3.88,0.12,2.1,1.88,2.0,FULL,HIGH,,168389,"Asparagus, raw",,,1.36,,,,,
QGAP-00104,READY_FULL,,فطر,Mushroom,,,,GENERIC,أطعمة عامة,خضار,,,KSA,GLOBAL_REFERENCE,,HIGH,P1,MISSING,,USDA,"USDA FoodData Central — Mushrooms, Chanterelle, raw",https://fdc.nal.usda.gov/food-details/168422/nutrients,,,لكل 100غ,100,32.0,1.49,6.86,0.53,3.8,1.16,9.0,FULL,HIGH,,168422,"Mushrooms, Chanterelle, raw",,,1.32,,,,,
QGAP-00105,NEEDS_SOURCE,لم يُعثر على مصدر آلي — يحتاج جلبًا من المصنّع أو كتالوج التجزئة,فطر بورتوبيللو,Portobello mushroom,,,,GENERIC,أطعمة عامة,خضار,,,KSA,GLOBAL_REFERENCE,,HIGH,P1,MISSING,,USDA,USDA FoodData Central,https://fdc.nal.usda.gov/,,,,,,,,,,,,NONE,MEDIUM,,,,,,,,,,,
QGAP-00106,NEEDS_HUMAN_REVIEW,الأصل العام موجود في قِمّة — يُحسم بشريًا إن كان المتغيّر يستحق صفًّا مستقلًا,كوسا,Zucchini,,,,GENERIC,أطعمة عامة,خضار,,,KSA,GLOBAL_REFERENCE,,HIGH,P1,EXISTS_GENERIC_ONLY,kousa-mahshi · كوسا محشي,USDA,"USDA FoodData Central — Squash, summer, zucchini, includes skin, raw",https://fdc.nal.usda.gov/food-details/169291/nutrients,,,لكل 100غ,100,17.0,1.21,3.11,0.32,1.0,2.5,8.0,NONE,MEDIUM,,169291,"Squash, summer, zucchini, includes skin, raw",,,0.9,,,,,
QGAP-00107,READY_FULL,,قرع عسلي,Pumpkin,,,,GENERIC,أطعمة عامة,خضار,,,KSA,GLOBAL_REFERENCE,,HIGH,P1,MISSING,,USDA,"USDA FoodData Central — Pumpkin, raw",https://fdc.nal.usda.gov/food-details/168448/nutrients,,,لكل 100غ,100,26.0,1.0,6.5,0.1,0.5,2.76,1.0,FULL,HIGH,,168448,"Pumpkin, raw",,,1.36,,,,,
QGAP-00108,READY_FULL,,قرنبيط,Cauliflower,,,,GENERIC,أطعمة عامة,خضار,,,KSA,GLOBAL_REFERENCE,,HIGH,P1,MISSING,,USDA,"USDA FoodData Central — Cauliflower, raw",https://fdc.nal.usda.gov/food-details/169986/nutrients,,,لكل 100غ,100,25.0,1.92,4.97,0.28,2.0,1.91,30.0,FULL,HIGH,,169986,"Cauliflower, raw",,,1.36,,,,,
QGAP-00109,NEEDS_HUMAN_REVIEW,الأصل العام موجود في قِمّة — يُحسم بشريًا إن كان المتغيّر يستحق صفًّا مستقلًا,فاصوليا خضراء,Green beans,,,,GENERIC,أطعمة عامة,خضار,,,KSA,GLOBAL_REFERENCE,,HIGH,P1,EXISTS_GENERIC_ONLY,beans-white · فاصوليا,USDA,"USDA FoodData Central — Beans, snap, green, raw",https://fdc.nal.usda.gov/food-details/169961/nutrients,,,لكل 100غ,100,31.0,1.83,6.97,0.22,2.7,3.26,6.0,NONE,MEDIUM,,169961,"Beans, snap, green, raw",,,1.32,,,,,
QGAP-00110,READY_FULL,,بازلاء,Green peas,,,,GENERIC,أطعمة عامة,خضار,,,KSA,GLOBAL_REFERENCE,,HIGH,P1,MISSING,,USDA,"USDA FoodData Central — Peas, green, raw",https://fdc.nal.usda.gov/food-details/170419/nutrients,,,لكل 100غ,100,81.0,5.42,14.45,0.4,5.7,5.67,5.0,FULL,HIGH,,170419,"Peas, green, raw",,,1.36,,,,,
QGAP-00111,NEEDS_HUMAN_REVIEW,الأصل العام موجود في قِمّة — يُحسم بشريًا إن كان المتغيّر يستحق صفًّا مستقلًا,ذرة حلوة مسلوقة,Boiled sweet corn,,,,GENERIC,أطعمة عامة,خضار,,,KSA,GLOBAL_REFERENCE,,HIGH,P1,EXISTS_GENERIC_ONLY,corn · ذرة,USDA,"USDA FoodData Central — Corn, sweet, yellow, cooked, boiled, drained, with salt",https://fdc.nal.usda.gov/food-details/168525/nutrients,,,لكل 100غ,100,96.0,3.41,20.98,1.5,2.4,4.54,253.0,NONE,MEDIUM,,168525,"Corn, sweet, yellow, cooked, boiled, drained, with salt",,,1.5,,,,,
QGAP-00112,READY_FULL,,فلفل حار,Chili pepper,,,,GENERIC,أطعمة عامة,خضار,,,KSA,GLOBAL_REFERENCE,,HIGH,P1,MISSING,,USDA,"USDA FoodData Central — Peppers, hot chili, red, raw",https://fdc.nal.usda.gov/food-details/170106/nutrients,,,لكل 100غ,100,40.0,1.87,8.81,0.44,1.5,5.3,9.0,FULL,HIGH,,170106,"Peppers, hot chili, red, raw",,,1.28,,,,,
QGAP-00113,READY_FULL,,زنجبيل,Ginger,,,,GENERIC,أطعمة عامة,خضار,,,KSA,GLOBAL_REFERENCE,,HIGH,P1,MISSING,,USDA,"USDA FoodData Central — Ginger root, raw",https://fdc.nal.usda.gov/food-details/169231/nutrients,,,لكل 100غ,100,80.0,1.82,17.77,0.75,2.0,1.7,13.0,FULL,HIGH,,169231,"Ginger root, raw",,,1.32,,,,,
QGAP-00114,NEEDS_SOURCE,لم يُعثر على مصدر آلي — يحتاج جلبًا من المصنّع أو كتالوج التجزئة,كراث,Leek,,,,GENERIC,أطعمة عامة,خضار,,,KSA,GLOBAL_REFERENCE,,HIGH,P1,MISSING,,USDA,USDA FoodData Central,https://fdc.nal.usda.gov/,,,,,,,,,,,,NONE,MEDIUM,,,,,,,,,,,
QGAP-00115,NEEDS_HUMAN_REVIEW,الأصل العام موجود في قِمّة — يُحسم بشريًا إن كان المتغيّر يستحق صفًّا مستقلًا,بصل أخضر,Spring onion,,,,GENERIC,أطعمة عامة,خضار,,,KSA,GLOBAL_REFERENCE,,HIGH,P1,EXISTS_GENERIC_ONLY,onion · بصل,USDA,"USDA FoodData Central — Onions, spring or scallions (includes tops and bulb), raw",https://fdc.nal.usda.gov/food-details/170005/nutrients,,,لكل 100غ,100,32.0,1.83,7.34,0.19,2.6,2.33,16.0,NONE,MEDIUM,,170005,"Onions, spring or scallions (includes tops and bulb), raw",,,1.2,,,,,
QGAP-00116,NEEDS_SOURCE,لم يُعثر على مصدر آلي — يحتاج جلبًا من المصنّع أو كتالوج التجزئة,خرشوف,Artichoke,,,,GENERIC,أطعمة عامة,خضار,,,KSA,GLOBAL_REFERENCE,,HIGH,P1,MISSING,,USDA,USDA FoodData Central,https://fdc.nal.usda.gov/,,,,,,,,,,,,NONE,MEDIUM,,,,,,,,,,,
QGAP-00117,NEEDS_HUMAN_REVIEW,الأصل العام موجود في قِمّة — يُحسم بشريًا إن كان المتغيّر يستحق صفًّا مستقلًا,بطاطا,Potato raw,,,,GENERIC,أطعمة عامة,خضار,,,KSA,GLOBAL_REFERENCE,,HIGH,P1,EXISTS_GENERIC_ONLY,sweet-potato · بطاطا حلوة,USDA,"USDA FoodData Central — Potatoes, raw, skin",https://fdc.nal.usda.gov/food-details/170032/nutrients,,,لكل 100غ,100,58.0,2.57,12.44,0.1,2.5,,10.0,NONE,MEDIUM,,170032,"Potatoes, raw, skin",,,1.71,,,,,
QGAP-00118,READY_FULL,,يقطين,Squash,,,,GENERIC,أطعمة عامة,خضار,,,KSA,GLOBAL_REFERENCE,,HIGH,P1,MISSING,,USDA,"USDA FoodData Central — Squash, Indian, raw (Navajo)",https://fdc.nal.usda.gov/food-details/168040/nutrients,,,لكل 100غ,100,26.0,0.52,5.64,0.2,,3.54,20.0,FULL,HIGH,,168040,"Squash, Indian, raw (Navajo)",,,1.28,,,,,
QGAP-00119,READY_FULL,,سلق,Swiss chard,,,,GENERIC,أطعمة عامة,خضار,,,KSA,GLOBAL_REFERENCE,,HIGH,P1,MISSING,,USDA,"USDA FoodData Central — Chard, swiss, raw",https://fdc.nal.usda.gov/food-details/169991/nutrients,,,لكل 100غ,100,19.0,1.8,3.74,0.2,1.6,1.1,213.0,FULL,HIGH,,169991,"Chard, swiss, raw",,,1.36,,,,,
QGAP-00120,NEEDS_HUMAN_REVIEW,الأصل العام موجود في قِمّة — يُحسم بشريًا إن كان المتغيّر يستحق صفًّا مستقلًا,خيار مخلل,Pickled cucumber,,,,GENERIC,أطعمة عامة,خضار,,,KSA,GLOBAL_REFERENCE,,HIGH,P1,EXISTS_GENERIC_ONLY,cucumber · خيار,USDA,USDA FoodData Central,https://fdc.nal.usda.gov/,,,,,,,,,,,,NONE,MEDIUM,,,,,,,,,,,
QGAP-00121,NEEDS_SOURCE,لم يُعثر على مصدر آلي — يحتاج جلبًا من المصنّع أو كتالوج التجزئة,مخلل مشكل,Mixed pickles,,,,GENERIC,أطعمة عامة,خضار,,,KSA,GLOBAL_REFERENCE,,HIGH,P1,MISSING,,USDA,USDA FoodData Central,https://fdc.nal.usda.gov/,,,,,,,,,,,,NONE,MEDIUM,,,,,,,,,,,
QGAP-00122,READY_FULL,,زيتون أخضر محشي,Stuffed green olives,,,,GENERIC,أطعمة عامة,خضار,,,KSA,GLOBAL_REFERENCE,,HIGH,P1,MISSING,,USDA,"USDA FoodData Central — Olives, green, Manzanilla, stuffed with pimiento",https://fdc.nal.usda.gov/food-details/332791/nutrients,,,لكل 100غ,100,130.0,1.15,4.96,12.9,4.0,0.0,1620.0,FULL,HIGH,,332791,"Olives, green, Manzanilla, stuffed with pimiento",,,1.22,,,,,
QGAP-00123,NEEDS_SOURCE,لم يُعثر على مصدر آلي — يحتاج جلبًا من المصنّع أو كتالوج التجزئة,فقع (كمأة),Truffle (Faqaa),,,,GENERIC,أطعمة عامة,خضار,,,KSA,GLOBAL_REFERENCE,,HIGH,P1,MISSING,,USDA,USDA FoodData Central,https://fdc.nal.usda.gov/,,,,,,,,,,,,NONE,MEDIUM,,,,,,,,,,,
QGAP-00124,NEEDS_HUMAN_REVIEW,الأصل العام موجود في قِمّة — يُحسم بشريًا إن كان المتغيّر يستحق صفًّا مستقلًا,رجلة,Purslane,,,,GENERIC,أطعمة عامة,خضار,,,KSA,GLOBAL_REFERENCE,,HIGH,P1,EXISTS_GENERIC_ONLY,sfct-84 · مرق رجلة,USDA,"USDA FoodData Central — Purslane, raw",https://fdc.nal.usda.gov/food-details/169274/nutrients,,,لكل 100غ,100,20.0,2.03,3.39,0.36,,,45.0,NONE,MEDIUM,,169274,"Purslane, raw",,,1.36,,,,,
QGAP-00125,NEEDS_HUMAN_REVIEW,الأصل العام موجود في قِمّة — يُحسم بشريًا إن كان المتغيّر يستحق صفًّا مستقلًا,لوبيا,Cowpeas,,,,GENERIC,أطعمة عامة,خضار,,,KSA,GLOBAL_REFERENCE,,HIGH,P1,EXISTS_GENERIC_ONLY,sfct-117 · مرق لوبياء,USDA,"USDA FoodData Central — Cowpeas, leafy tips, raw",https://fdc.nal.usda.gov/food-details/169224/nutrients,,,لكل 100غ,100,29.0,4.1,4.82,0.25,,,7.0,NONE,MEDIUM,,169224,"Cowpeas, leafy tips, raw",,,1.28,,,,,
QGAP-00126,NEEDS_HUMAN_REVIEW,الأصل العام موجود في قِمّة — يُحسم بشريًا إن كان المتغيّر يستحق صفًّا مستقلًا,بامية مجمدة,Frozen okra,,,,GENERIC,أطعمة عامة,خضار,,,KSA,GLOBAL_REFERENCE,,HIGH,P1,EXISTS_GENERIC_ONLY,okra-stew · بامية,USDA,"USDA FoodData Central — Okra, frozen, unprepared",https://fdc.nal.usda.gov/food-details/169262/nutrients,,,لكل 100غ,100,30.0,1.69,6.63,0.25,2.2,2.97,3.0,NONE,MEDIUM,,169262,"Okra, frozen, unprepared",,,1.61,,,,,
QGAP-00127,READY_FULL,,كمثرى (إجاص),Pear,,,,GENERIC,أطعمة عامة,فواكه,,,KSA,GLOBAL_REFERENCE,,HIGH,P1,MISSING,,USDA,"USDA FoodData Central — Pears, raw",https://fdc.nal.usda.gov/food-details/169118/nutrients,,,لكل 100غ,100,57.0,0.36,15.23,0.14,3.1,9.75,1.0,FULL,HIGH,,169118,"Pears, raw",,,1.36,,,,,
QGAP-00128,READY_FULL,,خوخ,Peach,,,,GENERIC,أطعمة عامة,فواكه,,,KSA,GLOBAL_REFERENCE,,HIGH,P1,MISSING,,USDA,"USDA FoodData Central — Peaches, yellow, raw",https://fdc.nal.usda.gov/food-details/325430/nutrients,,,لكل 100غ,100,42.0,0.91,10.1,0.27,1.5,8.39,13.0,FULL,HIGH,,325430,"Peaches, yellow, raw",,,1.32,,,,,
QGAP-00129,READY_FULL,,مشمش,Apricot,,,,GENERIC,أطعمة عامة,فواكه,,,KSA,GLOBAL_REFERENCE,,HIGH,P1,MISSING,,USDA,"USDA FoodData Central — Apricots, raw",https://fdc.nal.usda.gov/food-details/171697/nutrients,,,لكل 100غ,100,48.0,1.4,11.12,0.39,2.0,9.24,1.0,FULL,HIGH,,171697,"Apricots, raw",,,1.36,,,,,
QGAP-00130,READY_FULL,,برقوق,Plum,,,,GENERIC,أطعمة عامة,فواكه,,,KSA,GLOBAL_REFERENCE,,HIGH,P1,MISSING,,USDA,"USDA FoodData Central — Plums, raw",https://fdc.nal.usda.gov/food-details/169949/nutrients,,,لكل 100غ,100,46.0,0.7,11.42,0.28,1.4,9.92,0.0,FULL,HIGH,,169949,"Plums, raw",,,1.36,,,,,
QGAP-00131,READY_FULL,,كرز,Cherry,,,,GENERIC,أطعمة عامة,فواكه,,,KSA,GLOBAL_REFERENCE,,HIGH,P1,MISSING,,USDA,"USDA FoodData Central — Cherries, sweet, raw",https://fdc.nal.usda.gov/food-details/171719/nutrients,,,لكل 100غ,100,63.0,1.06,16.01,0.2,2.1,12.82,0.0,FULL,HIGH,,171719,"Cherries, sweet, raw",,,1.32,,,,,
QGAP-00132,READY_FULL,,توت أزرق,Blueberry,,,,GENERIC,أطعمة عامة,فواكه,,,KSA,GLOBAL_REFERENCE,,HIGH,P1,MISSING,,USDA,"USDA FoodData Central — Blueberries, raw",https://fdc.nal.usda.gov/food-details/171711/nutrients,,,لكل 100غ,100,57.0,0.74,14.49,0.33,2.4,9.96,1.0,FULL,HIGH,,171711,"Blueberries, raw",,,1.36,,,,,
QGAP-00133,READY_FULL,,توت أحمر,Raspberry,,,,GENERIC,أطعمة عامة,فواكه,,,KSA,GLOBAL_REFERENCE,,HIGH,P1,MISSING,,USDA,"USDA FoodData Central — Raspberries, raw",https://fdc.nal.usda.gov/food-details/167755/nutrients,,,لكل 100غ,100,52.0,1.2,11.94,0.65,6.5,4.42,1.0,FULL,HIGH,,167755,"Raspberries, raw",,,1.36,,,,,
QGAP-00134,READY_FULL,,توت أسود,Blackberry,,,,GENERIC,أطعمة عامة,فواكه,,,KSA,GLOBAL_REFERENCE,,HIGH,P1,MISSING,,USDA,"USDA FoodData Central — Blackberries, raw",https://fdc.nal.usda.gov/food-details/173946/nutrients,,,لكل 100غ,100,43.0,1.39,9.61,0.49,5.3,4.88,1.0,FULL,HIGH,,173946,"Blackberries, raw",,,1.36,,,,,
QGAP-00135,NEEDS_HUMAN_REVIEW,الأصل العام موجود في قِمّة — يُحسم بشريًا إن كان المتغيّر يستحق صفًّا مستقلًا · فارق أتواتر معتاد في مصدر مقيس (ألياف/أحماض/أملاح) — القيم كما قاستها USDA,ليمون,Lemon,,,,GENERIC,أطعمة عامة,فواكه,,,KSA,GLOBAL_REFERENCE,,HIGH,P1,EXISTS_GENERIC_ONLY,lemon-mint · ليمون نعناع,USDA,"USDA FoodData Central — Lemons, raw, without peel",https://fdc.nal.usda.gov/food-details/167746/nutrients,,,لكل 100غ,100,29.0,1.1,9.32,0.3,2.8,2.5,2.0,NONE,MEDIUM,ATWATER_DIVERGES,167746,"Lemons, raw, without peel",,,1.32,,,,,
QGAP-00136,NEEDS_SOURCE,لم يُعثر على مصدر آلي — يحتاج جلبًا من المصنّع أو كتالوج التجزئة,ليمون أخضر,Lime,,,,GENERIC,أطعمة عامة,فواكه,,,KSA,GLOBAL_REFERENCE,,HIGH,P1,MISSING,,USDA,USDA FoodData Central,https://fdc.nal.usda.gov/,,,,,,,,,,,,NONE,MEDIUM,,,,,,,,,,,
QGAP-00137,READY_FULL,,جريب فروت,Grapefruit,,,,GENERIC,أطعمة عامة,فواكه,,,KSA,GLOBAL_REFERENCE,,HIGH,P1,MISSING,,USDA,"USDA FoodData Central — Grapefruit, raw, white, Florida",https://fdc.nal.usda.gov/food-details/173034/nutrients,,,لكل 100غ,100,32.0,0.63,8.19,0.1,,,0.0,FULL,HIGH,,173034,"Grapefruit, raw, white, Florida",,,1.28,,,,,
QGAP-00138,NEEDS_HUMAN_REVIEW,مطابقة آلية بدرجة 0.98 دون حدّ القبول — تحتاج تأكيدًا,يوسفي (مندرين),Mandarin,,,,GENERIC,أطعمة عامة,فواكه,,,KSA,GLOBAL_REFERENCE,,HIGH,P1,MISSING,,USDA,"USDA FoodData Central — Tangerines, (mandarin oranges), raw",https://fdc.nal.usda.gov/food-details/169105/nutrients,,,لكل 100غ,100,53.0,0.81,13.34,0.31,1.8,10.58,2.0,NONE,MEDIUM,,169105,"Tangerines, (mandarin oranges), raw",,,0.98,,,,,
QGAP-00139,READY_FULL,,جوافة,Guava,,,,GENERIC,أطعمة عامة,فواكه,,,KSA,GLOBAL_REFERENCE,,HIGH,P1,MISSING,,USDA,"USDA FoodData Central — Guavas, common, raw",https://fdc.nal.usda.gov/food-details/173044/nutrients,,,لكل 100غ,100,68.0,2.55,14.32,0.95,5.4,8.92,2.0,FULL,HIGH,,173044,"Guavas, common, raw",,,1.32,,,,,
QGAP-00140,READY_FULL,,باباي,Papaya,,,,GENERIC,أطعمة عامة,فواكه,,,KSA,GLOBAL_REFERENCE,,HIGH,P1,MISSING,,USDA,"USDA FoodData Central — Papayas, raw",https://fdc.nal.usda.gov/food-details/169926/nutrients,,,لكل 100غ,100,43.0,0.47,10.82,0.26,1.7,7.82,8.0,FULL,HIGH,,169926,"Papayas, raw",,,1.36,,,,,
QGAP-00141,NEEDS_SOURCE,لم يُعثر على مصدر آلي — يحتاج جلبًا من المصنّع أو كتالوج التجزئة,ليتشي,Lychee,,,,GENERIC,أطعمة عامة,فواكه,,,KSA,GLOBAL_REFERENCE,,HIGH,P1,MISSING,,USDA,USDA FoodData Central,https://fdc.nal.usda.gov/,,,,,,,,,,,,NONE,MEDIUM,,,,,,,,,,,
QGAP-00142,NEEDS_SOURCE,لم يُعثر على مصدر آلي — يحتاج جلبًا من المصنّع أو كتالوج التجزئة,فاكهة التنين,Dragon fruit,,,,GENERIC,أطعمة عامة,فواكه,,,KSA,GLOBAL_REFERENCE,,HIGH,P1,MISSING,,USDA,USDA FoodData Central,https://fdc.nal.usda.gov/,,,,,,,,,,,,NONE,MEDIUM,,,,,,,,,,,
QGAP-00143,NEEDS_SOURCE,لم يُعثر على مصدر آلي — يحتاج جلبًا من المصنّع أو كتالوج التجزئة,نكتارين,Nectarine,,,,GENERIC,أطعمة عامة,فواكه,,,KSA,GLOBAL_REFERENCE,,HIGH,P1,MISSING,,USDA,USDA FoodData Central,https://fdc.nal.usda.gov/,,,,,,,,,,,,NONE,MEDIUM,,,,,,,,,,,
QGAP-00144,NEEDS_SOURCE,لم يُعثر على مصدر آلي — يحتاج جلبًا من المصنّع أو كتالوج التجزئة,سفرجل,Quince,,,,GENERIC,أطعمة عامة,فواكه,,,KSA,GLOBAL_REFERENCE,,HIGH,P1,MISSING,,USDA,USDA FoodData Central,https://fdc.nal.usda.gov/,,,,,,,,,,,,NONE,MEDIUM,,,,,,,,,,,
QGAP-00145,NEEDS_HUMAN_REVIEW,الأصل العام موجود في قِمّة — يُحسم بشريًا إن كان المتغيّر يستحق صفًّا مستقلًا,عنب أحمر,Red grapes,,,,GENERIC,أطعمة عامة,فواكه,,,KSA,GLOBAL_REFERENCE,,HIGH,P1,EXISTS_GENERIC_ONLY,grapes · عنب,USDA,"USDA FoodData Central — Grapes, red or green (European type, such as Thompson seedless), raw",https://fdc.nal.usda.gov/food-details/174683/nutrients,,,لكل 100غ,100,69.0,0.72,18.1,0.16,0.9,15.48,2.0,NONE,MEDIUM,,174683,"Grapes, red or green (European type, such as Thompson seedless), raw",,,1.16,,,,,
QGAP-00146,READY_FULL,,زبيب,Raisins,,,,GENERIC,أطعمة عامة,فواكه,,,KSA,GLOBAL_REFERENCE,,HIGH,P1,MISSING,,USDA,"USDA FoodData Central — Raisins, seeded",https://fdc.nal.usda.gov/food-details/168166/nutrients,,,لكل 100غ,100,296.0,2.52,78.47,0.54,6.8,,28.0,FULL,HIGH,,168166,"Raisins, seeded",,,1.26,,,,,
QGAP-00147,NEEDS_HUMAN_REVIEW,مطابقة آلية بدرجة 0.97 دون حدّ القبول — تحتاج تأكيدًا,مشمش مجفف,Dried apricot,,,,GENERIC,أطعمة عامة,فواكه,,,KSA,GLOBAL_REFERENCE,,HIGH,P1,MISSING,,USDA,"USDA FoodData Central — Apricots, dried, sulfured, uncooked",https://fdc.nal.usda.gov/food-details/173941/nutrients,,,لكل 100غ,100,241.0,3.39,62.64,0.51,7.3,53.44,10.0,NONE,MEDIUM,,173941,"Apricots, dried, sulfured, uncooked",,,0.97,,,,,
QGAP-00148,READY_FULL,,تين مجفف,Dried figs,,,,GENERIC,أطعمة عامة,فواكه,,,KSA,GLOBAL_REFERENCE,,HIGH,P1,MISSING,,USDA,"USDA FoodData Central — Figs, dried, uncooked",https://fdc.nal.usda.gov/food-details/326905/nutrients,,,لكل 100غ,100,249.0,3.3,63.9,0.92,9.8,47.9,10.0,FULL,HIGH,,326905,"Figs, dried, uncooked",,,1.46,,,,,
QGAP-00149,NEEDS_HUMAN_REVIEW,مطابقة آلية بدرجة 0.99 دون حدّ القبول — تحتاج تأكيدًا,قراصيا (برقوق مجفف),Prunes,,,,GENERIC,أطعمة عامة,فواكه,,,KSA,GLOBAL_REFERENCE,,HIGH,P1,MISSING,,USDA,"USDA FoodData Central — Prunes, dehydrated (low-moisture), uncooked",https://fdc.nal.usda.gov/food-details/168160/nutrients,,,لكل 100غ,100,339.0,3.7,89.07,0.73,,,5.0,NONE,MEDIUM,,168160,"Prunes, dehydrated (low-moisture), uncooked",,,0.99,,,,,
QGAP-00150,NEEDS_SOURCE,لم يُعثر على مصدر آلي — يحتاج جلبًا من المصنّع أو كتالوج التجزئة,جوز الهند طازج,Fresh coconut,,,,GENERIC,أطعمة عامة,فواكه,,,KSA,GLOBAL_REFERENCE,,HIGH,P1,MISSING,,USDA,USDA FoodData Central,https://fdc.nal.usda.gov/,,,,,,,,,,,,NONE,MEDIUM,,,,,,,,,,,
QGAP-00151,NEEDS_HUMAN_REVIEW,الأصل العام موجود في قِمّة — يُحسم بشريًا إن كان المتغيّر يستحق صفًّا مستقلًا,موز مجفف,Dried banana,,,,GENERIC,أطعمة عامة,فواكه,,,KSA,GLOBAL_REFERENCE,,HIGH,P1,EXISTS_GENERIC_ONLY,banana · موز,USDA,USDA FoodData Central,https://fdc.nal.usda.gov/,,,,,,,,,,,,NONE,MEDIUM,,,,,,,,,,,
QGAP-00152,READY_FULL,,تمر مجدول,Medjool dates,,,,GENERIC,أطعمة عامة,فواكه,,,KSA,GLOBAL_REFERENCE,,HIGH,P1,MISSING,,USDA,"USDA FoodData Central — Dates, medjool",https://fdc.nal.usda.gov/food-details/168191/nutrients,,,لكل 100غ,100,277.0,1.81,74.97,0.15,6.7,66.47,1.0,FULL,HIGH,,168191,"Dates, medjool",,,1.3,,,,,
QGAP-00153,NEEDS_HUMAN_REVIEW,الأصل العام موجود في قِمّة — يُحسم بشريًا إن كان المتغيّر يستحق صفًّا مستقلًا,تمر خضري,Khudri dates,,,,GENERIC,أطعمة عامة,فواكه,,,KSA,GLOBAL_REFERENCE,,HIGH,P1,EXISTS_GENERIC_ONLY,dates · تمر,USDA,USDA FoodData Central,https://fdc.nal.usda.gov/,,,,,,,,,,,,NONE,MEDIUM,,,,,,,,,,,
QGAP-00154,NEEDS_SOURCE,لم يُعثر على مصدر آلي — يحتاج جلبًا من المصنّع أو كتالوج التجزئة,تمر روثانة,Rothana dates,,,,GENERIC,أطعمة عامة,فواكه,,,KSA,GLOBAL_REFERENCE,,HIGH,P1,MISSING,,USDA,USDA FoodData Central,https://fdc.nal.usda.gov/,,,,,,,,,,,,NONE,MEDIUM,,,,,,,,,,,
QGAP-00155,NEEDS_HUMAN_REVIEW,الأصل العام موجود في قِمّة — يُحسم بشريًا إن كان المتغيّر يستحق صفًّا مستقلًا,تمر صفاوي,Safawi dates,,,,GENERIC,أطعمة عامة,فواكه,,,KSA,GLOBAL_REFERENCE,,HIGH,P1,EXISTS_GENERIC_ONLY,dates · تمر,USDA,USDA FoodData Central,https://fdc.nal.usda.gov/,,,,,,,,,,,,NONE,MEDIUM,,,,,,,,,,,
QGAP-00156,NEEDS_SOURCE,لم يُعثر على مصدر آلي — يحتاج جلبًا من المصنّع أو كتالوج التجزئة,تمر مبروم,Mabroom dates,,,,GENERIC,أطعمة عامة,فواكه,,,KSA,GLOBAL_REFERENCE,,HIGH,P1,MISSING,,USDA,USDA FoodData Central,https://fdc.nal.usda.gov/,,,,,,,,,,,,NONE,MEDIUM,,,,,,,,,,,
QGAP-00157,NEEDS_SOURCE,لم يُعثر على مصدر آلي — يحتاج جلبًا من المصنّع أو كتالوج التجزئة,تمر نبتة علي,Nabtat Ali dates,,,,GENERIC,أطعمة عامة,فواكه,,,KSA,GLOBAL_REFERENCE,,HIGH,P1,MISSING,,USDA,USDA FoodData Central,https://fdc.nal.usda.gov/,,,,,,,,,,,,NONE,MEDIUM,,,,,,,,,,,
QGAP-00158,NEEDS_HUMAN_REVIEW,الأصل العام موجود في قِمّة — يُحسم بشريًا إن كان المتغيّر يستحق صفًّا مستقلًا,تمر شيشي,Shishi dates,,,,GENERIC,أطعمة عامة,فواكه,,,KSA,GLOBAL_REFERENCE,,HIGH,P1,EXISTS_GENERIC_ONLY,dates · تمر,USDA,USDA FoodData Central,https://fdc.nal.usda.gov/,,,,,,,,,,,,NONE,MEDIUM,,,,,,,,,,,
QGAP-00159,NEEDS_SOURCE,لم يُعثر على مصدر آلي — يحتاج جلبًا من المصنّع أو كتالوج التجزئة,تمر مكتوم,Maktoumi dates,,,,GENERIC,أطعمة عامة,فواكه,,,KSA,GLOBAL_REFERENCE,,HIGH,P1,MISSING,,USDA,USDA FoodData Central,https://fdc.nal.usda.gov/,,,,,,,,,,,,NONE,MEDIUM,,,,,,,,,,,
QGAP-00160,NEEDS_SOURCE,لم يُعثر على مصدر آلي — يحتاج جلبًا من المصنّع أو كتالوج التجزئة,كوكتيل فواكه معلب,Canned fruit cocktail,,,,GENERIC,أطعمة عامة,فواكه,,,KSA,GLOBAL_REFERENCE,,HIGH,P1,MISSING,,USDA,USDA FoodData Central,https://fdc.nal.usda.gov/,,,,,,,,,,,,NONE,MEDIUM,,,,,,,,,,,
QGAP-00161,NEEDS_HUMAN_REVIEW,الأصل العام موجود في قِمّة — يُحسم بشريًا إن كان المتغيّر يستحق صفًّا مستقلًا,أناناس معلب,Canned pineapple,,,,GENERIC,أطعمة عامة,فواكه,,,KSA,GLOBAL_REFERENCE,,HIGH,P1,EXISTS_GENERIC_ONLY,pineapple · أناناس,USDA,USDA FoodData Central,https://fdc.nal.usda.gov/,,,,,,,,,,,,NONE,MEDIUM,,,,,,,,,,,
QGAP-00162,NEEDS_SOURCE,لم يُعثر على مصدر آلي — يحتاج جلبًا من المصنّع أو كتالوج التجزئة,فواكه مجمدة مشكلة,Frozen mixed berries,,,,GENERIC,أطعمة عامة,فواكه,,,KSA,GLOBAL_REFERENCE,,HIGH,P1,MISSING,,USDA,USDA FoodData Central,https://fdc.nal.usda.gov/,,,,,,,,,,,,NONE,MEDIUM,,,,,,,,,,,
QGAP-00163,NEEDS_SOURCE,لم يُعثر على مصدر آلي — يحتاج جلبًا من المصنّع أو كتالوج التجزئة,أرز بسمتي مطبوخ,Cooked basmati rice,,,,GENERIC,أطعمة عامة,حبوب وخبز,,,KSA,GLOBAL_REFERENCE,,HIGH,P1,MISSING,,USDA,USDA FoodData Central,https://fdc.nal.usda.gov/,,,,,,,,,,,,NONE,MEDIUM,,,,,,,,,,,
QGAP-00164,NEEDS_SOURCE,لم يُعثر على مصدر آلي — يحتاج جلبًا من المصنّع أو كتالوج التجزئة,أرز مصري مطبوخ,Cooked Egyptian rice,,,,GENERIC,أطعمة عامة,حبوب وخبز,,,KSA,GLOBAL_REFERENCE,,HIGH,P1,MISSING,,USDA,USDA FoodData Central,https://fdc.nal.usda.gov/,,,,,,,,,,,,NONE,MEDIUM,,,,,,,,,,,
QGAP-00165,NEEDS_SOURCE,لم يُعثر على مصدر آلي — يحتاج جلبًا من المصنّع أو كتالوج التجزئة,أرز أحمر,Red rice,,,,GENERIC,أطعمة عامة,حبوب وخبز,,,KSA,GLOBAL_REFERENCE,,HIGH,P1,MISSING,,USDA,USDA FoodData Central,https://fdc.nal.usda.gov/,,,,,,,,,,,,NONE,MEDIUM,,168065,"Restaurant, Latino, Arroz con habichuelas colorados (Rice And Red Beans)",,,0.02,,,,,
QGAP-00166,NEEDS_HUMAN_REVIEW,الأصل العام موجود في قِمّة — يُحسم بشريًا إن كان المتغيّر يستحق صفًّا مستقلًا,أرز بخاري (مطبوخ),Cooked Bukhari rice base,,,,GENERIC,أطعمة عامة,حبوب وخبز,,,KSA,GLOBAL_REFERENCE,,HIGH,P1,EXISTS_GENERIC_ONLY,bukhari-rice · رز بخاري,USDA,USDA FoodData Central,https://fdc.nal.usda.gov/,,,,,,,,,,,,NONE,MEDIUM,,,,,,,,,,,
QGAP-00167,NEEDS_HUMAN_REVIEW,الأصل العام موجود في قِمّة — يُحسم بشريًا إن كان المتغيّر يستحق صفًّا مستقلًا,فريكة مطبوخة,Cooked freekeh,,,,GENERIC,أطعمة عامة,حبوب وخبز,,,KSA,GLOBAL_REFERENCE,,HIGH,P1,EXISTS_GENERIC_ONLY,sfct-77 · مطبوخة,USDA,USDA FoodData Central,https://fdc.nal.usda.gov/,,,,,,,,,,,,NONE,MEDIUM,,,,,,,,,,,
QGAP-00168,READY_FULL,,شعير مطبوخ,Cooked barley,,,,GENERIC,أطعمة عامة,حبوب وخبز,,,KSA,GLOBAL_REFERENCE,,HIGH,P1,MISSING,,USDA,"USDA FoodData Central — Barley, pearled, cooked",https://fdc.nal.usda.gov/food-details/170285/nutrients,,,لكل 100غ,100,123.0,2.26,28.22,0.44,3.8,0.28,3.0,FULL,HIGH,,170285,"Barley, pearled, cooked",,,1.62,,,,,
QGAP-00169,READY_FULL,,قمح مسلوق,Boiled wheat,,,,GENERIC,أطعمة عامة,حبوب وخبز,,,KSA,GLOBAL_REFERENCE,,HIGH,P1,MISSING,,USDA,"USDA FoodData Central — Wheat, durum",https://fdc.nal.usda.gov/food-details/169721/nutrients,,,لكل 100غ,100,339.0,13.68,71.13,2.47,,,2.0,FULL,HIGH,,169721,"Wheat, durum",,,1.26,,,,,
QGAP-00170,READY_FULL,,سميد,Semolina,,,,GENERIC,أطعمة عامة,حبوب وخبز,,,KSA,GLOBAL_REFERENCE,,HIGH,P1,MISSING,,USDA,"USDA FoodData Central — Semolina, unenriched",https://fdc.nal.usda.gov/food-details/168933/nutrients,,,لكل 100غ,100,360.0,12.68,72.83,1.05,3.9,,1.0,FULL,HIGH,,168933,"Semolina, unenriched",,,1.26,,,,,
QGAP-00171,NEEDS_HUMAN_REVIEW,الأصل العام موجود في قِمّة — يُحسم بشريًا إن كان المتغيّر يستحق صفًّا مستقلًا,دقيق أبيض,White flour,,,,GENERIC,أطعمة عامة,حبوب وخبز,,,KSA,GLOBAL_REFERENCE,,HIGH,P1,EXISTS_GENERIC_ONLY,sfct-22 · عصيدة دقيق أبيض,USDA,"USDA FoodData Central — Flour, rice, white, unenriched",https://fdc.nal.usda.gov/food-details/790214/nutrients,,,لكل 100غ,100,359.0,6.94,79.8,1.3,0.5,,5.0,NONE,MEDIUM,,790214,"Flour, rice, white, unenriched",,,1.22,,,,,
QGAP-00172,READY_FULL,,دقيق بر (كامل),Whole wheat flour,,,,GENERIC,أطعمة عامة,حبوب وخبز,,,KSA,GLOBAL_REFERENCE,,HIGH,P1,MISSING,,USDA,"USDA FoodData Central — Flour, whole wheat, unenriched",https://fdc.nal.usda.gov/food-details/790085/nutrients,,,لكل 100غ,100,370.0,15.1,71.2,2.73,10.6,,3.0,FULL,HIGH,,790085,"Flour, whole wheat, unenriched",,,1.26,,,,,
QGAP-00173,NEEDS_HUMAN_REVIEW,مطابقة آلية بدرجة 0.72 دون حدّ القبول — تحتاج تأكيدًا,نشا الذرة,Corn starch,,,,GENERIC,أطعمة عامة,حبوب وخبز,,,KSA,GLOBAL_REFERENCE,,HIGH,P1,MISSING,,USDA,"USDA FoodData Central — Rolls, gluten-free, white, made with rice flour, rice starch, and corn starch",https://fdc.nal.usda.gov/food-details/171862/nutrients,,,لكل 100غ,100,239.0,3.34,50.47,2.65,5.1,6.87,593.0,NONE,MEDIUM,,171862,"Rolls, gluten-free, white, made with rice flour, rice starch, and corn starch",,,0.72,,,,,
QGAP-00174,NEEDS_HUMAN_REVIEW,الأصل العام موجود في قِمّة — يُحسم بشريًا إن كان المتغيّر يستحق صفًّا مستقلًا,شعيرية,Vermicelli,,,,GENERIC,أطعمة عامة,حبوب وخبز,,,KSA,GLOBAL_REFERENCE,,HIGH,P1,EXISTS_GENERIC_ONLY,rice-vermicelli · رز بشعيرية,USDA,"USDA FoodData Central — Vermicelli, made from soy",https://fdc.nal.usda.gov/food-details/169884/nutrients,,,لكل 100غ,100,331.0,0.1,82.32,0.1,3.9,17.44,4.0,NONE,MEDIUM,,169884,"Vermicelli, made from soy",,,1.18,,,,,
QGAP-00175,READY_FULL,,نودلز بيض,Egg noodles,,,,GENERIC,أطعمة عامة,حبوب وخبز,,,KSA,GLOBAL_REFERENCE,,HIGH,P1,MISSING,,USDA,"USDA FoodData Central — Noodles, egg, dry, enriched",https://fdc.nal.usda.gov/food-details/169731/nutrients,,,لكل 100غ,100,384.0,14.16,71.27,4.44,3.3,1.88,21.0,FULL,HIGH,,169731,"Noodles, egg, dry, enriched",,,1.22,,,,,
QGAP-00176,READY_FULL,,معكرونة قمح كامل,Whole wheat pasta,,,,GENERIC,أطعمة عامة,حبوب وخبز,,,KSA,GLOBAL_REFERENCE,,HIGH,P1,MISSING,,USDA,"USDA FoodData Central — Pasta, whole grain, 51% whole wheat, remaining unenriched semolina, dry",https://fdc.nal.usda.gov/food-details/168915/nutrients,,,لكل 100غ,100,362.0,13.51,73.1,2.68,10.1,2.6,11.0,FULL,HIGH,,168915,"Pasta, whole grain, 51% whole wheat, remaining unenriched semolina, dry",,,1.1,,,,,
QGAP-00177,READY_FULL,,معكرونة خالية من الجلوتين,Gluten-free pasta,,,,GENERIC,أطعمة عامة,حبوب وخبز,,,KSA,GLOBAL_REFERENCE,,HIGH,P1,MISSING,,USDA,"USDA FoodData Central — Pasta, gluten-free, corn, dry",https://fdc.nal.usda.gov/food-details/168899/nutrients,,,لكل 100غ,100,357.0,7.46,79.26,2.08,11.0,,3.0,FULL,HIGH,,168899,"Pasta, gluten-free, corn, dry",,,1.22,,,,,
QGAP-00178,NEEDS_SOURCE,لم يُعثر على مصدر آلي — يحتاج جلبًا من المصنّع أو كتالوج التجزئة,لازانيا,Lasagna sheets,,,,GENERIC,أطعمة عامة,حبوب وخبز,,,KSA,GLOBAL_REFERENCE,,HIGH,P1,MISSING,,USDA,USDA FoodData Central,https://fdc.nal.usda.gov/,,,,,,,,,,,,NONE,MEDIUM,,,,,,,,,,,
QGAP-00179,READY_FULL,,كسكس مطبوخ,Cooked couscous,,,,GENERIC,أطعمة عامة,حبوب وخبز,,,KSA,GLOBAL_REFERENCE,,HIGH,P1,MISSING,,USDA,"USDA FoodData Central — Couscous, cooked",https://fdc.nal.usda.gov/food-details/169700/nutrients,,,لكل 100غ,100,112.0,3.79,23.22,0.16,1.4,0.1,5.0,FULL,HIGH,,169700,"Couscous, cooked",,,1.66,,,,,
QGAP-00180,NEEDS_SOURCE,لم يُعثر على مصدر آلي — يحتاج جلبًا من المصنّع أو كتالوج التجزئة,خبز صاج,Saj bread,,,,GENERIC,أطعمة عامة,حبوب وخبز,,,KSA,GLOBAL_REFERENCE,,HIGH,P1,MISSING,,USDA,USDA FoodData Central,https://fdc.nal.usda.gov/,,,,,,,,,,,,NONE,MEDIUM,,,,,,,,,,,
QGAP-00181,NEEDS_HUMAN_REVIEW,الأصل العام موجود في قِمّة — يُحسم بشريًا إن كان المتغيّر يستحق صفًّا مستقلًا,خبز بركة,Burger bun,,,,GENERIC,أطعمة عامة,حبوب وخبز,,,KSA,GLOBAL_REFERENCE,,HIGH,P1,EXISTS_GENERIC_ONLY,brown-bread · خبز بر,USDA,USDA FoodData Central,https://fdc.nal.usda.gov/,,,,,,,,,,,,NONE,MEDIUM,,,,,,,,,,,
QGAP-00182,NEEDS_HUMAN_REVIEW,الأصل العام موجود في قِمّة — يُحسم بشريًا إن كان المتغيّر يستحق صفًّا مستقلًا,خبز هوت دوج,Hot dog bun,,,,GENERIC,أطعمة عامة,حبوب وخبز,,,KSA,GLOBAL_REFERENCE,,HIGH,P1,EXISTS_GENERIC_ONLY,hotdog · هوت دوج,USDA,USDA FoodData Central,https://fdc.nal.usda.gov/,,,,,,,,,,,,NONE,MEDIUM,,,,,,,,,,,
QGAP-00183,NEEDS_SOURCE,لم يُعثر على مصدر آلي — يحتاج جلبًا من المصنّع أو كتالوج التجزئة,خبز فرنسي (باغيت),Baguette,,,,GENERIC,أطعمة عامة,حبوب وخبز,,,KSA,GLOBAL_REFERENCE,,HIGH,P1,MISSING,,USDA,USDA FoodData Central,https://fdc.nal.usda.gov/,,,,,,,,,,,,NONE,MEDIUM,,,,,,,,,,,
QGAP-00184,NEEDS_SOURCE,لم يُعثر على مصدر آلي — يحتاج جلبًا من المصنّع أو كتالوج التجزئة,خبز برجر بريوش,Brioche bun,,,,GENERIC,أطعمة عامة,حبوب وخبز,,,KSA,GLOBAL_REFERENCE,,HIGH,P1,MISSING,,USDA,USDA FoodData Central,https://fdc.nal.usda.gov/,,,,,,,,,,,,NONE,MEDIUM,,,,,,,,,,,
QGAP-00185,NEEDS_HUMAN_REVIEW,الأصل العام موجود في قِمّة — يُحسم بشريًا إن كان المتغيّر يستحق صفًّا مستقلًا,خبز الشوفان,Oat bread,,,,GENERIC,أطعمة عامة,حبوب وخبز,,,KSA,GLOBAL_REFERENCE,,HIGH,P1,EXISTS_GENERIC_ONLY,oats · شوفان,USDA,"USDA FoodData Central — Bread, oat bran",https://fdc.nal.usda.gov/food-details/172676/nutrients,,,لكل 100غ,100,236.0,10.4,39.8,4.4,4.5,7.7,353.0,NONE,MEDIUM,,172676,"Bread, oat bran",,,1.26,,,,,
QGAP-00186,NEEDS_SOURCE,لم يُعثر على مصدر آلي — يحتاج جلبًا من المصنّع أو كتالوج التجزئة,خبز منخفض الكارب,Low-carb bread,,,,GENERIC,أطعمة عامة,حبوب وخبز,,,KSA,GLOBAL_REFERENCE,,HIGH,P1,MISSING,,USDA,USDA FoodData Central,https://fdc.nal.usda.gov/,,,,,,,,,,,,NONE,MEDIUM,,,,,,,,,,,
QGAP-00187,NEEDS_SOURCE,لم يُعثر على مصدر آلي — يحتاج جلبًا من المصنّع أو كتالوج التجزئة,خبز صامولي أسمر,Brown samoli,,,,GENERIC,أطعمة عامة,حبوب وخبز,,,KSA,GLOBAL_REFERENCE,,HIGH,P1,MISSING,,USDA,USDA FoodData Central,https://fdc.nal.usda.gov/,,,,,,,,,,,,NONE,MEDIUM,,,,,,,,,,,
QGAP-00188,NEEDS_HUMAN_REVIEW,مطابقة آلية بدرجة 0.84 دون حدّ القبول — تحتاج تأكيدًا,رقائق الشوفان سريعة التحضير,Instant oats,,,,GENERIC,أطعمة عامة,حبوب وخبز,,,KSA,GLOBAL_REFERENCE,,HIGH,P1,MISSING,,USDA,"USDA FoodData Central — Cereals, oats, instant, fortified, plain, dry",https://fdc.nal.usda.gov/food-details/171661/nutrients,,,لكل 100غ,100,362.0,11.92,69.52,6.9,10.0,1.5,220.0,NONE,MEDIUM,,171661,"Cereals, oats, instant, fortified, plain, dry",,,0.84,,,,,
QGAP-00189,NEEDS_SOURCE,لم يُعثر على مصدر آلي — يحتاج جلبًا من المصنّع أو كتالوج التجزئة,شوفان مجروش (ستيل كت),Steel-cut oats,,,,GENERIC,أطعمة عامة,حبوب وخبز,,,KSA,GLOBAL_REFERENCE,,HIGH,P1,MISSING,,USDA,USDA FoodData Central,https://fdc.nal.usda.gov/,,,,,,,,,,,,NONE,MEDIUM,,,,,,,,,,,
QGAP-00190,READY_FULL,فارق أتواتر معتاد في مصدر مقيس (ألياف/أحماض/أملاح) — القيم كما قاستها USDA,نخالة الشوفان,Oat bran,,,,GENERIC,أطعمة عامة,حبوب وخبز,,,KSA,GLOBAL_REFERENCE,,HIGH,P1,MISSING,,USDA,"USDA FoodData Central — Oat bran, raw",https://fdc.nal.usda.gov/food-details/168872/nutrients,,,لكل 100غ,100,246.0,17.3,66.22,7.03,15.4,1.45,4.0,FULL,HIGH,ATWATER_DIVERGES,168872,"Oat bran, raw",,,1.36,,,,,
QGAP-00191,NEEDS_SOURCE,لم يُعثر على مصدر آلي — يحتاج جلبًا من المصنّع أو كتالوج التجزئة,بسكويت الشعير,Barley rusk,,,,GENERIC,أطعمة عامة,حبوب وخبز,,,KSA,GLOBAL_REFERENCE,,HIGH,P1,MISSING,,USDA,USDA FoodData Central,https://fdc.nal.usda.gov/,,,,,,,,,,,,NONE,MEDIUM,,,,,,,,,,,
QGAP-00192,NEEDS_HUMAN_REVIEW,مطابقة آلية بدرجة 0.96 دون حدّ القبول — تحتاج تأكيدًا,خبز محمص (رشوف),Rusk toast,,,,GENERIC,أطعمة عامة,حبوب وخبز,,,KSA,GLOBAL_REFERENCE,,HIGH,P1,MISSING,,USDA,"USDA FoodData Central — Crackers, rusk toast",https://fdc.nal.usda.gov/food-details/174981/nutrients,,,لكل 100غ,100,407.0,13.5,72.3,7.2,,,253.0,NONE,MEDIUM,,174981,"Crackers, rusk toast",,,0.96,,,,,
QGAP-00193,NEEDS_SOURCE,لم يُعثر على مصدر آلي — يحتاج جلبًا من المصنّع أو كتالوج التجزئة,كعك القدس,Jerusalem kaak,,,,GENERIC,أطعمة عامة,حبوب وخبز,,,KSA,GLOBAL_REFERENCE,,HIGH,P1,MISSING,,USDA,USDA FoodData Central,https://fdc.nal.usda.gov/,,,,,,,,,,,,NONE,MEDIUM,,,,,,,,,,,
QGAP-00194,NEEDS_SOURCE,لم يُعثر على مصدر آلي — يحتاج جلبًا من المصنّع أو كتالوج التجزئة,فطير مشلتت,Feteer meshaltet,,,,GENERIC,أطعمة عامة,حبوب وخبز,,,KSA,GLOBAL_REFERENCE,,HIGH,P1,MISSING,,USDA,USDA FoodData Central,https://fdc.nal.usda.gov/,,,,,,,,,,,,NONE,MEDIUM,,,,,,,,,,,
QGAP-00195,NEEDS_SOURCE,لم يُعثر على مصدر آلي — يحتاج جلبًا من المصنّع أو كتالوج التجزئة,فول مجروش,Split fava beans,,,,GENERIC,أطعمة عامة,بقوليات ومكسرات,,,KSA,GLOBAL_REFERENCE,,HIGH,P1,MISSING,,USDA,USDA FoodData Central,https://fdc.nal.usda.gov/,,,,,,,,,,,,NONE,MEDIUM,,,,,,,,,,,
QGAP-00196,NEEDS_HUMAN_REVIEW,الأصل العام موجود في قِمّة — يُحسم بشريًا إن كان المتغيّر يستحق صفًّا مستقلًا,عدس أحمر,Red lentils,,,,GENERIC,أطعمة عامة,بقوليات ومكسرات,,,KSA,GLOBAL_REFERENCE,,HIGH,P1,EXISTS_GENERIC_ONLY,lentils · عدس,USDA,"USDA FoodData Central — Lentils, pink or red, raw",https://fdc.nal.usda.gov/food-details/174284/nutrients,,,لكل 100غ,100,358.0,23.91,63.1,2.17,10.8,,7.0,NONE,MEDIUM,,174284,"Lentils, pink or red, raw",,,1.32,,,,,
QGAP-00197,NEEDS_HUMAN_REVIEW,الأصل العام موجود في قِمّة — يُحسم بشريًا إن كان المتغيّر يستحق صفًّا مستقلًا,عدس بني,Brown lentils,,,,GENERIC,أطعمة عامة,بقوليات ومكسرات,,,KSA,GLOBAL_REFERENCE,,HIGH,P1,EXISTS_GENERIC_ONLY,lentils · عدس,USDA,USDA FoodData Central,https://fdc.nal.usda.gov/,,,,,,,,,,,,NONE,MEDIUM,,,,,,,,,,,
QGAP-00198,NEEDS_SOURCE,لم يُعثر على مصدر آلي — يحتاج جلبًا من المصنّع أو كتالوج التجزئة,حمص جاف,Dry chickpeas,,,,GENERIC,أطعمة عامة,بقوليات ومكسرات,,,KSA,GLOBAL_REFERENCE,,HIGH,P1,MISSING,,USDA,USDA FoodData Central,https://fdc.nal.usda.gov/,,,,,,,,,,,,NONE,MEDIUM,,,,,,,,,,,
QGAP-00199,NEEDS_HUMAN_REVIEW,الأصل العام موجود في قِمّة — يُحسم بشريًا إن كان المتغيّر يستحق صفًّا مستقلًا,فاصوليا حمراء,Red kidney beans,,,,GENERIC,أطعمة عامة,بقوليات ومكسرات,,,KSA,GLOBAL_REFERENCE,,HIGH,P1,EXISTS_GENERIC_ONLY,beans-white · فاصوليا,USDA,"USDA FoodData Central — Beans, kidney, red, mature seeds, raw",https://fdc.nal.usda.gov/food-details/173744/nutrients,,,لكل 100غ,100,337.0,22.53,61.29,1.06,15.2,2.1,12.0,NONE,MEDIUM,,173744,"Beans, kidney, red, mature seeds, raw",,,1.28,,,,,
QGAP-00200,NEEDS_HUMAN_REVIEW,الأصل العام موجود في قِمّة — يُحسم بشريًا إن كان المتغيّر يستحق صفًّا مستقلًا,فاصوليا سوداء,Black beans,,,,GENERIC,أطعمة عامة,بقوليات ومكسرات,,,KSA,GLOBAL_REFERENCE,,HIGH,P1,EXISTS_GENERIC_ONLY,beans-white · فاصوليا,USDA,"USDA FoodData Central — Beans, black, mature seeds, raw",https://fdc.nal.usda.gov/food-details/173734/nutrients,,,لكل 100غ,100,341.0,21.6,62.36,1.42,15.5,2.12,5.0,NONE,MEDIUM,,173734,"Beans, black, mature seeds, raw",,,1.28,,,,,
QGAP-00201,NEEDS_SOURCE,لم يُعثر على مصدر آلي — يحتاج جلبًا من المصنّع أو كتالوج التجزئة,لوبيا مدمسة,Stewed cowpeas,,,,GENERIC,أطعمة عامة,بقوليات ومكسرات,,,KSA,GLOBAL_REFERENCE,,HIGH,P1,MISSING,,USDA,USDA FoodData Central,https://fdc.nal.usda.gov/,,,,,,,,,,,,NONE,MEDIUM,,,,,,,,,,,
QGAP-00202,READY_FULL,,بازلاء مجففة,Split peas,,,,GENERIC,أطعمة عامة,بقوليات ومكسرات,,,KSA,GLOBAL_REFERENCE,,HIGH,P1,MISSING,,USDA,"USDA FoodData Central — Peas, green, split, mature seeds, raw",https://fdc.nal.usda.gov/food-details/172428/nutrients,,,لكل 100غ,100,364.0,23.12,61.63,3.89,22.2,3.14,5.0,FULL,HIGH,,172428,"Peas, green, split, mature seeds, raw",,,1.24,,,,,
QGAP-00203,NEEDS_SOURCE,لم يُعثر على مصدر آلي — يحتاج جلبًا من المصنّع أو كتالوج التجزئة,ترمس,Lupini beans,,,,GENERIC,أطعمة عامة,بقوليات ومكسرات,,,KSA,GLOBAL_REFERENCE,,HIGH,P1,MISSING,,USDA,USDA FoodData Central,https://fdc.nal.usda.gov/,,,,,,,,,,,,NONE,MEDIUM,,,,,,,,,,,
QGAP-00204,READY_FULL,,فول صويا,Soybeans,,,,GENERIC,أطعمة عامة,بقوليات ومكسرات,,,KSA,GLOBAL_REFERENCE,,HIGH,P1,MISSING,,USDA,"USDA FoodData Central — Soybeans, green, raw",https://fdc.nal.usda.gov/food-details/169282/nutrients,,,لكل 100غ,100,147.0,12.95,11.05,6.8,4.2,,15.0,FULL,HIGH,,169282,"Soybeans, green, raw",,,1.32,,,,,
QGAP-00205,NEEDS_HUMAN_REVIEW,مطابقة آلية بدرجة 0.77 دون حدّ القبول — تحتاج تأكيدًا,إيدامامي,Edamame,,,,GENERIC,أطعمة عامة,بقوليات ومكسرات,,,KSA,GLOBAL_REFERENCE,,HIGH,P1,MISSING,,USDA,"USDA FoodData Central — Edamame, frozen, unprepared",https://fdc.nal.usda.gov/food-details/168410/nutrients,,,لكل 100غ,100,109.0,11.22,7.61,4.73,4.8,2.48,6.0,NONE,MEDIUM,,168410,"Edamame, frozen, unprepared",,,0.77,,,,,
QGAP-00206,READY_FULL,,بندق,Hazelnuts,,,,GENERIC,أطعمة عامة,بقوليات ومكسرات,,,KSA,GLOBAL_REFERENCE,,HIGH,P1,MISSING,,USDA,"USDA FoodData Central — Hazelnuts, beaked (Northern Plains Indians)",https://fdc.nal.usda.gov/food-details/169827/nutrients,,,لكل 100غ,100,628.0,14.89,22.98,52.99,9.8,,2.0,FULL,HIGH,,169827,"Hazelnuts, beaked (Northern Plains Indians)",,,1.14,,,,,
QGAP-00207,NEEDS_SOURCE,لم يُعثر على مصدر آلي — يحتاج جلبًا من المصنّع أو كتالوج التجزئة,جوز برازيلي,Brazil nuts,,,,GENERIC,أطعمة عامة,بقوليات ومكسرات,,,KSA,GLOBAL_REFERENCE,,HIGH,P1,MISSING,,USDA,USDA FoodData Central,https://fdc.nal.usda.gov/,,,,,,,,,,,,NONE,MEDIUM,,,,,,,,,,,
QGAP-00208,READY_FULL,,مكاديميا,Macadamia,,,,GENERIC,أطعمة عامة,بقوليات ومكسرات,,,KSA,GLOBAL_REFERENCE,,HIGH,P1,MISSING,,USDA,"USDA FoodData Central — Nuts, macadamia nuts, raw",https://fdc.nal.usda.gov/food-details/170178/nutrients,,,لكل 100غ,100,718.0,7.91,13.82,75.77,8.6,4.57,5.0,FULL,HIGH,,170178,"Nuts, macadamia nuts, raw",,,1.02,,,,,
QGAP-00209,NEEDS_HUMAN_REVIEW,مطابقة آلية بدرجة 0.81 دون حدّ القبول — تحتاج تأكيدًا,صنوبر,Pine nuts,,,,GENERIC,أطعمة عامة,بقوليات ومكسرات,,,KSA,GLOBAL_REFERENCE,,HIGH,P1,MISSING,,USDA,"USDA FoodData Central — Nuts, pine nuts, dried",https://fdc.nal.usda.gov/food-details/170591/nutrients,,,لكل 100غ,100,673.0,13.69,13.08,68.37,3.7,3.59,2.0,NONE,MEDIUM,,170591,"Nuts, pine nuts, dried",,,0.81,,,,,
QGAP-00210,NEEDS_HUMAN_REVIEW,مطابقة آلية بدرجة 0.99 دون حدّ القبول — تحتاج تأكيدًا,بذور اليقطين,Pumpkin seeds,,,,GENERIC,أطعمة عامة,بقوليات ومكسرات,,,KSA,GLOBAL_REFERENCE,,HIGH,P1,MISSING,,USDA,"USDA FoodData Central — Seeds, pumpkin and squash seeds, whole, roasted, without salt",https://fdc.nal.usda.gov/food-details/170188/nutrients,,,لكل 100غ,100,446.0,18.55,53.75,19.4,18.4,,18.0,NONE,MEDIUM,,170188,"Seeds, pumpkin and squash seeds, whole, roasted, without salt",,,0.99,,,,,
QGAP-00211,READY_FULL,,بذور دوار الشمس (لب),Sunflower seeds,,,,GENERIC,أطعمة عامة,بقوليات ومكسرات,,,KSA,GLOBAL_REFERENCE,,HIGH,P1,MISSING,,USDA,"USDA FoodData Central — Seeds, sunflower seed butter, without salt",https://fdc.nal.usda.gov/food-details/170155/nutrients,,,لكل 100غ,100,617.0,17.28,23.32,55.2,5.7,10.54,3.0,FULL,HIGH,,170155,"Seeds, sunflower seed butter, without salt",,,1.22,,,,,
QGAP-00212,READY_FULL,,سمسم,Sesame seeds,,,,GENERIC,أطعمة عامة,بقوليات ومكسرات,,,KSA,GLOBAL_REFERENCE,,HIGH,P1,MISSING,,USDA,"USDA FoodData Central — Seeds, sesame butter, paste",https://fdc.nal.usda.gov/food-details/170191/nutrients,,,لكل 100غ,100,586.0,18.08,24.05,50.87,5.5,,12.0,FULL,HIGH,,170191,"Seeds, sesame butter, paste",,,1.22,,,,,
QGAP-00213,NEEDS_SOURCE,لم يُعثر على مصدر آلي — يحتاج جلبًا من المصنّع أو كتالوج التجزئة,لب أبيض,White melon seeds,,,,GENERIC,أطعمة عامة,بقوليات ومكسرات,,,KSA,GLOBAL_REFERENCE,,HIGH,P1,MISSING,,USDA,USDA FoodData Central,https://fdc.nal.usda.gov/,,,,,,,,,,,,NONE,MEDIUM,,,,,,,,,,,
QGAP-00214,NEEDS_HUMAN_REVIEW,الأصل العام موجود في قِمّة — يُحسم بشريًا إن كان المتغيّر يستحق صفًّا مستقلًا,فستق حلبي مملح,Salted pistachios,,,,GENERIC,أطعمة عامة,بقوليات ومكسرات,,,KSA,GLOBAL_REFERENCE,,HIGH,P1,EXISTS_GENERIC_ONLY,pistachio · فستق,USDA,USDA FoodData Central,https://fdc.nal.usda.gov/,,,,,,,,,,,,NONE,MEDIUM,,,,,,,,,,,
QGAP-00215,NEEDS_HUMAN_REVIEW,الأصل العام موجود في قِمّة — يُحسم بشريًا إن كان المتغيّر يستحق صفًّا مستقلًا,لوز مبشور,Sliced almonds,,,,GENERIC,أطعمة عامة,بقوليات ومكسرات,,,KSA,GLOBAL_REFERENCE,,HIGH,P1,EXISTS_GENERIC_ONLY,almonds · لوز,USDA,USDA FoodData Central,https://fdc.nal.usda.gov/,,,,,,,,,,,,NONE,MEDIUM,,,,,,,,,,,
QGAP-00216,NEEDS_HUMAN_REVIEW,الأصل العام موجود في قِمّة — يُحسم بشريًا إن كان المتغيّر يستحق صفًّا مستقلًا,زبدة اللوز,Almond butter,,,,GENERIC,أطعمة عامة,بقوليات ومكسرات,,,KSA,GLOBAL_REFERENCE,,HIGH,P1,EXISTS_GENERIC_ONLY,butter · زبدة,USDA,"USDA FoodData Central — Nuts, almond butter, plain, without salt added",https://fdc.nal.usda.gov/food-details/168588/nutrients,,,لكل 100غ,100,614.0,20.96,18.82,55.5,10.3,4.43,7.0,NONE,MEDIUM,,168588,"Nuts, almond butter, plain, without salt added",,,0.84,,,,,
QGAP-00217,NEEDS_HUMAN_REVIEW,الأصل العام موجود في قِمّة — يُحسم بشريًا إن كان المتغيّر يستحق صفًّا مستقلًا,زبدة الكاجو,Cashew butter,,,,GENERIC,أطعمة عامة,بقوليات ومكسرات,,,KSA,GLOBAL_REFERENCE,,HIGH,P1,EXISTS_GENERIC_ONLY,butter · زبدة,USDA,"USDA FoodData Central — Nuts, cashew butter, plain, with salt added",https://fdc.nal.usda.gov/food-details/168597/nutrients,,,لكل 100غ,100,609.0,12.12,30.3,53.03,3.0,9.09,295.0,NONE,MEDIUM,,168597,"Nuts, cashew butter, plain, with salt added",,,0.84,,,,,
QGAP-00218,NEEDS_HUMAN_REVIEW,الأصل العام موجود في قِمّة — يُحسم بشريًا إن كان المتغيّر يستحق صفًّا مستقلًا,طحينة سوداء,Black tahini,,,,GENERIC,أطعمة عامة,بقوليات ومكسرات,,,KSA,GLOBAL_REFERENCE,,HIGH,P1,EXISTS_GENERIC_ONLY,tahini · طحينة,USDA,USDA FoodData Central,https://fdc.nal.usda.gov/,,,,,,,,,,,,NONE,MEDIUM,,,,,,,,,,,
QGAP-00219,NEEDS_HUMAN_REVIEW,مطابقة آلية بدرجة 0.95 دون حدّ القبول — تحتاج تأكيدًا,مكسرات مشكلة,Mixed nuts,,,,GENERIC,أطعمة عامة,بقوليات ومكسرات,,,KSA,GLOBAL_REFERENCE,,HIGH,P1,MISSING,,USDA,"USDA FoodData Central — Nuts, mixed nuts, dry roasted, with peanuts, with salt added",https://fdc.nal.usda.gov/food-details/168599/nutrients,,,لكل 100غ,100,594.0,17.3,25.35,51.45,9.0,4.8,345.0,NONE,MEDIUM,,168599,"Nuts, mixed nuts, dry roasted, with peanuts, with salt added",,,0.95,,,,,
QGAP-00220,READY_FULL,,زيت دوار الشمس,Sunflower oil,,,,GENERIC,أطعمة عامة,دهون وصلصات,,,KSA,GLOBAL_REFERENCE,,HIGH,P1,MISSING,,USDA,"USDA FoodData Central — Oil, sunflower, linoleic, (approx. 65%)",https://fdc.nal.usda.gov/food-details/171025/nutrients,,,لكل 100غ,100,884.0,0.0,0.0,100.0,0.0,0.0,0.0,FULL,HIGH,,171025,"Oil, sunflower, linoleic, (approx. 65%)",,,1.22,,,,,
QGAP-00221,READY_FULL,,زيت الذرة,Corn oil,,,,GENERIC,أطعمة عامة,دهون وصلصات,,,KSA,GLOBAL_REFERENCE,,HIGH,P1,MISSING,,USDA,"USDA FoodData Central — Oil, corn and canola",https://fdc.nal.usda.gov/food-details/169867/nutrients,,,لكل 100غ,100,884.0,0.0,0.0,100.0,0.0,0.0,0.0,FULL,HIGH,,169867,"Oil, corn and canola",,,1.26,,,,,
QGAP-00222,READY_FULL,,زيت الكانولا,Canola oil,,,,GENERIC,أطعمة عامة,دهون وصلصات,,,KSA,GLOBAL_REFERENCE,,HIGH,P1,MISSING,,USDA,"USDA FoodData Central — Oil, canola",https://fdc.nal.usda.gov/food-details/172336/nutrients,,,لكل 100غ,100,884.0,0.0,0.0,100.0,0.0,0.0,0.0,FULL,HIGH,,172336,"Oil, canola",,,1.3,,,,,
QGAP-00223,READY_FULL,,زيت السمسم,Sesame oil,,,,GENERIC,أطعمة عامة,دهون وصلصات,,,KSA,GLOBAL_REFERENCE,,HIGH,P1,MISSING,,USDA,"USDA FoodData Central — Oil, sesame, salad or cooking",https://fdc.nal.usda.gov/food-details/171016/nutrients,,,لكل 100غ,100,884.0,0.0,0.0,100.0,0.0,0.0,0.0,FULL,HIGH,,171016,"Oil, sesame, salad or cooking",,,1.22,,,,,
QGAP-00224,NEEDS_SOURCE,لم يُعثر على مصدر آلي — يحتاج جلبًا من المصنّع أو كتالوج التجزئة,سمن بلدي,Ghee (samn),,,,GENERIC,أطعمة عامة,دهون وصلصات,,,KSA,GLOBAL_REFERENCE,,HIGH,P1,MISSING,,USDA,USDA FoodData Central,https://fdc.nal.usda.gov/,,,,,,,,,,,,NONE,MEDIUM,,,,,,,,,,,
QGAP-00225,NEEDS_SOURCE,لم يُعثر على مصدر آلي — يحتاج جلبًا من المصنّع أو كتالوج التجزئة,سمن نباتي,Vegetable ghee,,,,GENERIC,أطعمة عامة,دهون وصلصات,,,KSA,GLOBAL_REFERENCE,,HIGH,P1,MISSING,,USDA,USDA FoodData Central,https://fdc.nal.usda.gov/,,,,,,,,,,,,NONE,MEDIUM,,,,,,,,,,,
QGAP-00226,NEEDS_SOURCE,لم يُعثر على مصدر آلي — يحتاج جلبًا من المصنّع أو كتالوج التجزئة,زبدة غير مملحة,Unsalted butter,,,,GENERIC,أطعمة عامة,دهون وصلصات,,,KSA,GLOBAL_REFERENCE,,HIGH,P1,MISSING,,USDA,USDA FoodData Central,https://fdc.nal.usda.gov/,,,,,,,,,,,,NONE,MEDIUM,,,,,,,,,,,
QGAP-00227,READY_FULL,,مارجرين,Margarine,,,,GENERIC,أطعمة عامة,دهون وصلصات,,,KSA,GLOBAL_REFERENCE,,HIGH,P1,MISSING,,USDA,"USDA FoodData Central — Margarine,spread, 35-39% fat, tub",https://fdc.nal.usda.gov/food-details/171415/nutrients,,,لكل 100غ,100,349.0,0.23,1.52,37.98,0.0,0.0,584.0,FULL,HIGH,,171415,"Margarine,spread, 35-39% fat, tub",,,1.18,,,,,
QGAP-00228,NEEDS_SOURCE,لم يُعثر على مصدر آلي — يحتاج جلبًا من المصنّع أو كتالوج التجزئة,كريمة طبخ,Cooking cream,,,,GENERIC,أطعمة عامة,دهون وصلصات,,,KSA,GLOBAL_REFERENCE,,HIGH,P1,MISSING,,USDA,USDA FoodData Central,https://fdc.nal.usda.gov/,,,,,,,,,,,,NONE,MEDIUM,,,,,,,,,,,
QGAP-00229,READY_FULL,,كريمة خفق,Whipping cream,,,,GENERIC,أطعمة عامة,دهون وصلصات,,,KSA,GLOBAL_REFERENCE,,HIGH,P1,MISSING,,USDA,"USDA FoodData Central — Cream, fluid, light whipping",https://fdc.nal.usda.gov/food-details/170858/nutrients,,,لكل 100غ,100,292.0,2.17,2.96,30.91,0.0,2.96,34.0,FULL,HIGH,,170858,"Cream, fluid, light whipping",,,1.22,,,,,
QGAP-00230,READY_FULL,,مايونيز,Mayonnaise,,,,GENERIC,أطعمة عامة,دهون وصلصات,,,KSA,GLOBAL_REFERENCE,,HIGH,P1,MISSING,,USDA,"USDA FoodData Central — Mayonnaise, made with tofu",https://fdc.nal.usda.gov/food-details/167695/nutrients,,,لكل 100غ,100,322.0,5.95,3.06,31.79,1.1,0.85,773.0,FULL,HIGH,,167695,"Mayonnaise, made with tofu",,,1.22,,,,,
QGAP-00231,NEEDS_HUMAN_REVIEW,مطابقة آلية بدرجة 0.92 دون حدّ القبول — تحتاج تأكيدًا,مايونيز لايت,Light mayonnaise,,,,GENERIC,أطعمة عامة,دهون وصلصات,,,KSA,GLOBAL_REFERENCE,,HIGH,P1,MISSING,,USDA,"USDA FoodData Central — Salad dressing, mayonnaise-type, light",https://fdc.nal.usda.gov/food-details/171444/nutrients,,,لكل 100غ,100,158.0,0.65,16.4,10.0,0.0,6.67,833.0,NONE,MEDIUM,,171444,"Salad dressing, mayonnaise-type, light",,,0.92,,,,,
QGAP-00232,NEEDS_SOURCE,لم يُعثر على مصدر آلي — يحتاج جلبًا من المصنّع أو كتالوج التجزئة,كاتشب,Ketchup,,,,GENERIC,أطعمة عامة,دهون وصلصات,,,KSA,GLOBAL_REFERENCE,,HIGH,P1,MISSING,,USDA,USDA FoodData Central,https://fdc.nal.usda.gov/,,,,,,,,,,,,NONE,MEDIUM,,747693,"Ketchup, restaurant",,,0.56,,,,,
QGAP-00233,READY_FULL,,مسطردة,Mustard,,,,GENERIC,أطعمة عامة,دهون وصلصات,,,KSA,GLOBAL_REFERENCE,,HIGH,P1,MISSING,,USDA,"USDA FoodData Central — Mustard greens, raw",https://fdc.nal.usda.gov/food-details/169256/nutrients,,,لكل 100غ,100,27.0,2.86,4.67,0.42,3.2,1.32,20.0,FULL,HIGH,,169256,"Mustard greens, raw",,,1.32,,,,,
QGAP-00234,NEEDS_SOURCE,لم يُعثر على مصدر آلي — يحتاج جلبًا من المصنّع أو كتالوج التجزئة,صلصة الباربكيو,BBQ sauce,,,,GENERIC,أطعمة عامة,دهون وصلصات,,,KSA,GLOBAL_REFERENCE,,HIGH,P1,MISSING,,USDA,USDA FoodData Central,https://fdc.nal.usda.gov/,,,,,,,,,,,,NONE,MEDIUM,,,,,,,,,,,
QGAP-00235,NEEDS_SOURCE,لم يُعثر على مصدر آلي — يحتاج جلبًا من المصنّع أو كتالوج التجزئة,صلصة الثوم (تومية),Garlic sauce (toum),,,,GENERIC,أطعمة عامة,دهون وصلصات,,,KSA,GLOBAL_REFERENCE,,HIGH,P1,MISSING,,USDA,USDA FoodData Central,https://fdc.nal.usda.gov/,,,,,,,,,,,,NONE,MEDIUM,,,,,,,,,,,
QGAP-00236,READY_FULL,,صلصة الرانش,Ranch dressing,,,,GENERIC,أطعمة عامة,دهون وصلصات,,,KSA,GLOBAL_REFERENCE,,HIGH,P1,MISSING,,USDA,"USDA FoodData Central — Salad dressing, ranch dressing, regular",https://fdc.nal.usda.gov/food-details/173592/nutrients,,,لكل 100غ,100,430.0,1.32,5.9,44.54,0.0,4.69,901.0,FULL,HIGH,,173592,"Salad dressing, ranch dressing, regular",,,1.22,,,,,
QGAP-00237,READY_FULL,,صلصة سيزر,Caesar dressing,,,,GENERIC,أطعمة عامة,دهون وصلصات,,,KSA,GLOBAL_REFERENCE,,HIGH,P1,MISSING,,USDA,"USDA FoodData Central — Salad dressing, caesar dressing, regular",https://fdc.nal.usda.gov/food-details/169055/nutrients,,,لكل 100غ,100,542.0,2.17,3.3,57.85,0.5,2.81,1209.0,FULL,HIGH,,169055,"Salad dressing, caesar dressing, regular",,,1.22,,,,,
QGAP-00238,READY_FULL,,صلصة الصويا,Soy sauce,,,,GENERIC,أطعمة عامة,دهون وصلصات,,,KSA,GLOBAL_REFERENCE,,HIGH,P1,MISSING,,USDA,USDA FoodData Central — Soy sauce made from soy (tamari),https://fdc.nal.usda.gov/food-details/174278/nutrients,,,لكل 100غ,100,60.0,10.51,5.57,0.1,0.8,1.7,5586.0,FULL,HIGH,,174278,Soy sauce made from soy (tamari),,,1.18,,,,,
QGAP-00239,READY_FULL,,صلصة الشطة (هوت صوص),Hot sauce,,,,GENERIC,أطعمة عامة,دهون وصلصات,,,KSA,GLOBAL_REFERENCE,,HIGH,P1,MISSING,,USDA,"USDA FoodData Central — Sauce, hot chile, sriracha",https://fdc.nal.usda.gov/food-details/171186/nutrients,,,لكل 100غ,100,93.0,1.93,19.16,0.93,2.2,15.11,2124.0,FULL,HIGH,,171186,"Sauce, hot chile, sriracha",,,1.22,,,,,
QGAP-00240,NEEDS_HUMAN_REVIEW,الأصل العام موجود في قِمّة — يُحسم بشريًا إن كان المتغيّر يستحق صفًّا مستقلًا,صلصة الطحينة,Tahini sauce,,,,GENERIC,أطعمة عامة,دهون وصلصات,,,KSA,GLOBAL_REFERENCE,,HIGH,P1,EXISTS_GENERIC_ONLY,tahini · طحينة,USDA,USDA FoodData Central,https://fdc.nal.usda.gov/,,,,,,,,,,,,NONE,MEDIUM,,,,,,,,,,,
QGAP-00241,NEEDS_SOURCE,لم يُعثر على مصدر آلي — يحتاج جلبًا من المصنّع أو كتالوج التجزئة,شطة يمنية (سحاوق),Sahawiq,,,,GENERIC,أطعمة عامة,دهون وصلصات,,,KSA,GLOBAL_REFERENCE,,HIGH,P1,MISSING,,USDA,USDA FoodData Central,https://fdc.nal.usda.gov/,,,,,,,,,,,,NONE,MEDIUM,,,,,,,,,,,
QGAP-00242,NEEDS_SOURCE,لم يُعثر على مصدر آلي — يحتاج جلبًا من المصنّع أو كتالوج التجزئة,صلصة البيستو,Pesto,,,,GENERIC,أطعمة عامة,دهون وصلصات,,,KSA,GLOBAL_REFERENCE,,HIGH,P1,MISSING,,USDA,USDA FoodData Central,https://fdc.nal.usda.gov/,,,,,,,,,,,,NONE,MEDIUM,,,,,,,,,,,
QGAP-00243,NEEDS_HUMAN_REVIEW,مطابقة آلية بدرجة 0.77 دون حدّ القبول — تحتاج تأكيدًا,صلصة الطماطم للمعكرونة,Pasta tomato sauce,,,,GENERIC,أطعمة عامة,دهون وصلصات,,,KSA,GLOBAL_REFERENCE,,HIGH,P1,MISSING,,USDA,"USDA FoodData Central — Pasta with tomato sauce, no meat, canned",https://fdc.nal.usda.gov/food-details/172100/nutrients,,,لكل 100غ,100,71.0,2.22,13.94,0.71,0.9,4.0,381.0,NONE,MEDIUM,,172100,"Pasta with tomato sauce, no meat, canned",,,0.77,,,,,
QGAP-00244,NEEDS_HUMAN_REVIEW,الأصل العام موجود في قِمّة — يُحسم بشريًا إن كان المتغيّر يستحق صفًّا مستقلًا,معجون طماطم,Tomato paste,,,,GENERIC,أطعمة عامة,دهون وصلصات,,,KSA,GLOBAL_REFERENCE,,HIGH,P1,EXISTS_GENERIC_ONLY,tomato · طماطم,USDA,USDA FoodData Central,https://fdc.nal.usda.gov/,,,,,,,,,,,,NONE,MEDIUM,,,,,,,,,,,
QGAP-00245,NEEDS_HUMAN_REVIEW,الأصل العام موجود في قِمّة — يُحسم بشريًا إن كان المتغيّر يستحق صفًّا مستقلًا,خل التفاح,Apple cider vinegar,,,,GENERIC,أطعمة عامة,دهون وصلصات,,,KSA,GLOBAL_REFERENCE,,HIGH,P1,EXISTS_GENERIC_ONLY,apple · تفاح,USDA,USDA FoodData Central,https://fdc.nal.usda.gov/,,,,,,,,,,,,NONE,MEDIUM,,,,,,,,,,,
QGAP-00246,NEEDS_SOURCE,لم يُعثر على مصدر آلي — يحتاج جلبًا من المصنّع أو كتالوج التجزئة,خل أبيض,White vinegar,,,,GENERIC,أطعمة عامة,دهون وصلصات,,,KSA,GLOBAL_REFERENCE,,HIGH,P1,MISSING,,USDA,USDA FoodData Central,https://fdc.nal.usda.gov/,,,,,,,,,,,,NONE,MEDIUM,,,,,,,,,,,
QGAP-00247,NEEDS_HUMAN_REVIEW,الأصل العام موجود في قِمّة — يُحسم بشريًا إن كان المتغيّر يستحق صفًّا مستقلًا,دبس الرمان,Pomegranate molasses,,,,GENERIC,أطعمة عامة,دهون وصلصات,,,KSA,GLOBAL_REFERENCE,,HIGH,P1,EXISTS_GENERIC_ONLY,pomegranate · رمان,USDA,USDA FoodData Central,https://fdc.nal.usda.gov/,,,,,,,,,,,,NONE,MEDIUM,,,,,,,,,,,
QGAP-00248,NEEDS_HUMAN_REVIEW,الأصل العام موجود في قِمّة — يُحسم بشريًا إن كان المتغيّر يستحق صفًّا مستقلًا,عسل أسود (مولاس),Molasses,,,,GENERIC,أطعمة عامة,دهون وصلصات,,,KSA,GLOBAL_REFERENCE,,HIGH,P1,EXISTS_GENERIC_ONLY,gcc-8 · دبس التمر,USDA,USDA FoodData Central — Molasses,https://fdc.nal.usda.gov/food-details/168820/nutrients,,,لكل 100غ,100,290.0,0.0,74.73,0.1,0.0,74.72,37.0,NONE,MEDIUM,,168820,Molasses,,,1.3,,,,,
QGAP-00249,READY_FULL,,شراب القيقب,Maple syrup,,,,GENERIC,أطعمة عامة,دهون وصلصات,,,KSA,GLOBAL_REFERENCE,,HIGH,P1,MISSING,,USDA,"USDA FoodData Central — Syrups, maple",https://fdc.nal.usda.gov/food-details/169661/nutrients,,,لكل 100غ,100,260.0,0.04,67.04,0.06,0.0,60.46,12.0,FULL,HIGH,,169661,"Syrups, maple",,,1.3,,,,,
QGAP-00250,NEEDS_SOURCE,لم يُعثر على مصدر آلي — يحتاج جلبًا من المصنّع أو كتالوج التجزئة,صلصة الفلفل الحلو,Sweet chili sauce,,,,GENERIC,أطعمة عامة,دهون وصلصات,,,KSA,GLOBAL_REFERENCE,,HIGH,P1,MISSING,,USDA,USDA FoodData Central,https://fdc.nal.usda.gov/,,,,,,,,,,,,NONE,MEDIUM,,,,,,,,,,,
QGAP-00251,READY_FULL,,صلصة الجبن,Cheese sauce,,,,GENERIC,أطعمة عامة,دهون وصلصات,,,KSA,GLOBAL_REFERENCE,,HIGH,P1,MISSING,,USDA,"USDA FoodData Central — Sauce, cheese, ready-to-serve",https://fdc.nal.usda.gov/food-details/171191/nutrients,,,لكل 100غ,100,174.0,6.71,6.83,13.29,0.5,0.42,828.0,FULL,HIGH,,171191,"Sauce, cheese, ready-to-serve",,,1.22,,,,,
QGAP-00252,NEEDS_SOURCE,لم يُعثر على مصدر آلي — يحتاج جلبًا من المصنّع أو كتالوج التجزئة,صلصة المشروم,Mushroom sauce,,,,GENERIC,أطعمة عامة,دهون وصلصات,,,KSA,GLOBAL_REFERENCE,,HIGH,P1,MISSING,,USDA,USDA FoodData Central,https://fdc.nal.usda.gov/,,,,,,,,,,,,NONE,MEDIUM,,170055,"Tomato products, canned, sauce, with mushrooms",,,0.43,,,,,
QGAP-00253,NEEDS_SOURCE,لم يُعثر على مصدر آلي — يحتاج جلبًا من المصنّع أو كتالوج التجزئة,حليب خالي الدسم,Skimmed milk,,,,GENERIC,أطعمة عامة,ألبان,,,KSA,GLOBAL_REFERENCE,,HIGH,P1,MISSING,,USDA,USDA FoodData Central,https://fdc.nal.usda.gov/,,,,,,,,,,,,NONE,MEDIUM,,,,,,,,,,,
QGAP-00254,NEEDS_SOURCE,لم يُعثر على مصدر آلي — يحتاج جلبًا من المصنّع أو كتالوج التجزئة,حليب لوز,Almond milk,,,,GENERIC,أطعمة عامة,ألبان,,,KSA,GLOBAL_REFERENCE,,HIGH,P1,MISSING,,USDA,USDA FoodData Central,https://fdc.nal.usda.gov/,,,,,,,,,,,,NONE,MEDIUM,,,,,,,,,,,
QGAP-00255,NEEDS_HUMAN_REVIEW,الأصل العام موجود في قِمّة — يُحسم بشريًا إن كان المتغيّر يستحق صفًّا مستقلًا,حليب شوفان,Oat milk,,,,GENERIC,أطعمة عامة,ألبان,,,KSA,GLOBAL_REFERENCE,,HIGH,P1,EXISTS_GENERIC_ONLY,oats · شوفان,USDA,USDA FoodData Central,https://fdc.nal.usda.gov/,,,,,,,,,,,,NONE,MEDIUM,,,,,,,,,,,
QGAP-00256,READY_FULL,,حليب صويا,Soy milk,,,,GENERIC,أطعمة عامة,ألبان,,,KSA,GLOBAL_REFERENCE,,HIGH,P1,MISSING,,USDA,"USDA FoodData Central — Milk, imitation, non-soy",https://fdc.nal.usda.gov/food-details/167730/nutrients,,,لكل 100غ,100,46.0,1.6,5.3,2.0,0.0,5.3,55.0,FULL,HIGH,,167730,"Milk, imitation, non-soy",,,1.22,,,,,
QGAP-00257,NEEDS_SOURCE,لم يُعثر على مصدر آلي — يحتاج جلبًا من المصنّع أو كتالوج التجزئة,حليب جوز الهند,Coconut milk,,,,GENERIC,أطعمة عامة,ألبان,,,KSA,GLOBAL_REFERENCE,,HIGH,P1,MISSING,,USDA,USDA FoodData Central,https://fdc.nal.usda.gov/,,,,,,,,,,,,NONE,MEDIUM,,,,,,,,,,,
QGAP-00258,NEEDS_SOURCE,لم يُعثر على مصدر آلي — يحتاج جلبًا من المصنّع أو كتالوج التجزئة,حليب بودرة كامل,Full cream milk powder,,,,GENERIC,أطعمة عامة,ألبان,,,KSA,GLOBAL_REFERENCE,,HIGH,P1,MISSING,,USDA,USDA FoodData Central,https://fdc.nal.usda.gov/,,,,,,,,,,,,NONE,MEDIUM,,,,,,,,,,,
QGAP-00259,NEEDS_SOURCE,لم يُعثر على مصدر آلي — يحتاج جلبًا من المصنّع أو كتالوج التجزئة,حليب خالي اللاكتوز,Lactose-free milk,,,,GENERIC,أطعمة عامة,ألبان,,,KSA,GLOBAL_REFERENCE,,HIGH,P1,MISSING,,USDA,USDA FoodData Central,https://fdc.nal.usda.gov/,,,,,,,,,,,,NONE,MEDIUM,,,,,,,,,,,
QGAP-00260,READY_FULL,,حليب مبخر,Evaporated milk,,,,GENERIC,أطعمة عامة,ألبان,,,KSA,GLOBAL_REFERENCE,,HIGH,P1,MISSING,,USDA,"USDA FoodData Central — Milk, evaporated, 2% fat, with added vitamin A and vitamin D",https://fdc.nal.usda.gov/food-details/171302/nutrients,,,لكل 100غ,100,107.0,6.67,15.74,2.0,0.0,6.67,100.0,FULL,HIGH,,171302,"Milk, evaporated, 2% fat, with added vitamin A and vitamin D",,,1.18,,,,,
QGAP-00261,READY_FULL,,جبن موزاريلا,Mozzarella cheese,,,,GENERIC,أطعمة عامة,ألبان,,,KSA,GLOBAL_REFERENCE,,HIGH,P1,MISSING,,USDA,"USDA FoodData Central — Cheese, mozzarella, nonfat",https://fdc.nal.usda.gov/food-details/169051/nutrients,,,لكل 100غ,100,141.0,31.7,3.5,0.0,1.8,1.48,743.0,FULL,HIGH,,169051,"Cheese, mozzarella, nonfat",,,1.26,,,,,
QGAP-00262,READY_FULL,,جبن بارميزان,Parmesan cheese,,,,GENERIC,أطعمة عامة,ألبان,,,KSA,GLOBAL_REFERENCE,,HIGH,P1,MISSING,,USDA,"USDA FoodData Central — Cheese, parmesan, grated",https://fdc.nal.usda.gov/food-details/325036/nutrients,,,لكل 100غ,100,421.0,29.6,12.4,28.0,,0.07,1750.0,FULL,HIGH,,325036,"Cheese, parmesan, grated",,,1.26,,,,,
QGAP-00263,READY_FULL,,جبن سويسري,Swiss cheese,,,,GENERIC,أطعمة عامة,ألبان,,,KSA,GLOBAL_REFERENCE,,HIGH,P1,MISSING,,USDA,"USDA FoodData Central — Cheese, swiss",https://fdc.nal.usda.gov/food-details/326135/nutrients,,,لكل 100غ,100,393.0,27.0,1.44,31.0,,0.0,185.0,FULL,HIGH,,326135,"Cheese, swiss",,,1.3,,,,,
QGAP-00264,NEEDS_SOURCE,لم يُعثر على مصدر آلي — يحتاج جلبًا من المصنّع أو كتالوج التجزئة,جبن عكاوي,Akkawi cheese,,,,GENERIC,أطعمة عامة,ألبان,,,KSA,GLOBAL_REFERENCE,,HIGH,P1,MISSING,,USDA,USDA FoodData Central,https://fdc.nal.usda.gov/,,,,,,,,,,,,NONE,MEDIUM,,,,,,,,,,,
QGAP-00265,NEEDS_SOURCE,لم يُعثر على مصدر آلي — يحتاج جلبًا من المصنّع أو كتالوج التجزئة,جبن نابلسي,Nabulsi cheese,,,,GENERIC,أطعمة عامة,ألبان,,,KSA,GLOBAL_REFERENCE,,HIGH,P1,MISSING,,USDA,USDA FoodData Central,https://fdc.nal.usda.gov/,,,,,,,,,,,,NONE,MEDIUM,,,,,,,,,,,
QGAP-00266,NEEDS_SOURCE,لم يُعثر على مصدر آلي — يحتاج جلبًا من المصنّع أو كتالوج التجزئة,جبن شنكليش,Shanklish,,,,GENERIC,أطعمة عامة,ألبان,,,KSA,GLOBAL_REFERENCE,,HIGH,P1,MISSING,,USDA,USDA FoodData Central,https://fdc.nal.usda.gov/,,,,,,,,,,,,NONE,MEDIUM,,,,,,,,,,,
QGAP-00267,NEEDS_SOURCE,لم يُعثر على مصدر آلي — يحتاج جلبًا من المصنّع أو كتالوج التجزئة,جبن بلدي أبيض,White baladi cheese,,,,GENERIC,أطعمة عامة,ألبان,,,KSA,GLOBAL_REFERENCE,,HIGH,P1,MISSING,,USDA,USDA FoodData Central,https://fdc.nal.usda.gov/,,,,,,,,,,,,NONE,MEDIUM,,,,,,,,,,,
QGAP-00268,NEEDS_SOURCE,لم يُعثر على مصدر آلي — يحتاج جلبًا من المصنّع أو كتالوج التجزئة,جبن مثلثات,Cheese triangles,,,,GENERIC,أطعمة عامة,ألبان,,,KSA,GLOBAL_REFERENCE,,HIGH,P1,MISSING,,USDA,USDA FoodData Central,https://fdc.nal.usda.gov/,,,,,,,,,,,,NONE,MEDIUM,,,,,,,,,,,
QGAP-00269,NEEDS_SOURCE,لم يُعثر على مصدر آلي — يحتاج جلبًا من المصنّع أو كتالوج التجزئة,جبن قابل للدهن,Spreadable cheese,,,,GENERIC,أطعمة عامة,ألبان,,,KSA,GLOBAL_REFERENCE,,HIGH,P1,MISSING,,USDA,USDA FoodData Central,https://fdc.nal.usda.gov/,,,,,,,,,,,,NONE,MEDIUM,,,,,,,,,,,
QGAP-00270,READY_FULL,,زبادي بالفواكه,Fruit yogurt,,,,GENERIC,أطعمة عامة,ألبان,,,KSA,GLOBAL_REFERENCE,,HIGH,P1,MISSING,,USDA,"USDA FoodData Central — Yogurt, fruit variety, nonfat",https://fdc.nal.usda.gov/food-details/169898/nutrients,,,لكل 100غ,100,95.0,4.4,19.0,0.2,0.0,19.0,58.0,FULL,HIGH,,169898,"Yogurt, fruit variety, nonfat",,,1.22,,,,,
QGAP-00271,READY_FULL,,زبادي خالي الدسم,Non-fat yogurt,,,,GENERIC,أطعمة عامة,ألبان,,,KSA,GLOBAL_REFERENCE,,HIGH,P1,MISSING,,USDA,"USDA FoodData Central — Yogurt, vanilla, non-fat",https://fdc.nal.usda.gov/food-details/170906/nutrients,,,لكل 100غ,100,78.0,2.94,17.04,0.0,0.0,5.88,47.0,FULL,HIGH,,170906,"Yogurt, vanilla, non-fat",,,1.26,,,,,
QGAP-00272,NEEDS_HUMAN_REVIEW,الأصل العام موجود في قِمّة — يُحسم بشريًا إن كان المتغيّر يستحق صفًّا مستقلًا,لبنة قليلة الدسم,Low-fat labneh,,,,GENERIC,أطعمة عامة,ألبان,,,KSA,GLOBAL_REFERENCE,,HIGH,P1,EXISTS_GENERIC_ONLY,labneh · لبنة,USDA,USDA FoodData Central,https://fdc.nal.usda.gov/,,,,,,,,,,,,NONE,MEDIUM,,,,,,,,,,,
QGAP-00273,NEEDS_SOURCE,لم يُعثر على مصدر آلي — يحتاج جلبًا من المصنّع أو كتالوج التجزئة,قشطة طازجة,Fresh cream (qishta),,,,GENERIC,أطعمة عامة,ألبان,,,KSA,GLOBAL_REFERENCE,,HIGH,P1,MISSING,,USDA,USDA FoodData Central,https://fdc.nal.usda.gov/,,,,,,,,,,,,NONE,MEDIUM,,,,,,,,,,,
QGAP-00274,READY_FULL,,أيس كريم فانيلا,Vanilla ice cream,,,,GENERIC,أطعمة عامة,ألبان,,,KSA,GLOBAL_REFERENCE,,HIGH,P1,MISSING,,USDA,"USDA FoodData Central — Ice creams, vanilla",https://fdc.nal.usda.gov/food-details/167575/nutrients,,,لكل 100غ,100,207.0,3.5,23.6,11.0,0.7,21.22,80.0,FULL,HIGH,,167575,"Ice creams, vanilla",,,1.3,,,,,
QGAP-00275,READY_FULL,,أيس كريم شوكولاتة,Chocolate ice cream,,,,GENERIC,أطعمة عامة,ألبان,,,KSA,GLOBAL_REFERENCE,,HIGH,P1,MISSING,,USDA,"USDA FoodData Central — Ice creams, chocolate",https://fdc.nal.usda.gov/food-details/168809/nutrients,,,لكل 100غ,100,216.0,3.8,28.2,11.0,1.2,25.36,76.0,FULL,HIGH,,168809,"Ice creams, chocolate",,,1.3,,,,,
QGAP-00276,NEEDS_SOURCE,لم يُعثر على مصدر آلي — يحتاج جلبًا من المصنّع أو كتالوج التجزئة,مثلجات مخفوقة (سوفت),Soft serve,,,,GENERIC,أطعمة عامة,ألبان,,,KSA,GLOBAL_REFERENCE,,HIGH,P1,MISSING,,USDA,USDA FoodData Central,https://fdc.nal.usda.gov/,,,,,,,,,,,,NONE,MEDIUM,,,,,,,,,,,
QGAP-00277,NEEDS_SOURCE,لم يُعثر على مصدر آلي — يحتاج جلبًا من المصنّع أو كتالوج التجزئة,لبن الإبل,Camel milk,,,,GENERIC,أطعمة عامة,ألبان,,,KSA,GLOBAL_REFERENCE,,HIGH,P1,MISSING,,USDA,USDA FoodData Central,https://fdc.nal.usda.gov/,,,,,,,,,,,,NONE,MEDIUM,,,,,,,,,,,
QGAP-00278,READY_FULL,,لبن الماعز,Goat milk,,,,GENERIC,أطعمة عامة,ألبان,,,KSA,GLOBAL_REFERENCE,,HIGH,P1,MISSING,,USDA,"USDA FoodData Central — Milk, goat, fluid, with added vitamin D",https://fdc.nal.usda.gov/food-details/171278/nutrients,,,لكل 100غ,100,69.0,3.56,4.45,4.14,0.0,4.45,50.0,FULL,HIGH,,171278,"Milk, goat, fluid, with added vitamin D",,,1.18,,,,,
QGAP-00279,NEEDS_SOURCE,لم يُعثر على مصدر آلي — يحتاج جلبًا من المصنّع أو كتالوج التجزئة,أقط (جميد),Jameed,,,,GENERIC,أطعمة عامة,ألبان,,,KSA,GLOBAL_REFERENCE,,HIGH,P1,MISSING,,USDA,USDA FoodData Central,https://fdc.nal.usda.gov/,,,,,,,,,,,,NONE,MEDIUM,,,,,,,,,,,
QGAP-00280,NEEDS_HUMAN_REVIEW,الأصل العام موجود في قِمّة — يُحسم بشريًا إن كان المتغيّر يستحق صفًّا مستقلًا,جبن كريم لايت,Light cream cheese,,,,GENERIC,أطعمة عامة,ألبان,,,KSA,GLOBAL_REFERENCE,,HIGH,P1,EXISTS_GENERIC_ONLY,cream-cheese · جبن كريمي,USDA,USDA FoodData Central,https://fdc.nal.usda.gov/,,,,,,,,,,,,NONE,MEDIUM,,,,,,,,,,,
QGAP-00281,NEEDS_HUMAN_REVIEW,مطابقة آلية بدرجة 0.84 دون حدّ القبول — تحتاج تأكيدًا,حليب عالي البروتين,High-protein milk,,,,GENERIC,أطعمة عامة,ألبان,,,KSA,GLOBAL_REFERENCE,,HIGH,P1,MISSING,,USDA,"USDA FoodData Central — Babyfood, cereal, high protein, prepared with whole milk",https://fdc.nal.usda.gov/food-details/173528/nutrients,,,لكل 100غ,100,111.0,8.7,11.6,3.8,,,49.0,NONE,MEDIUM,,173528,"Babyfood, cereal, high protein, prepared with whole milk",,,0.84,,,,,
QGAP-00282,NEEDS_SOURCE,لم يُعثر على مصدر آلي — يحتاج جلبًا من المصنّع أو كتالوج التجزئة,بهارات كبسة,Kabsa spice mix,,,,GENERIC,أطعمة عامة,توابل ومحليات,,,KSA,GLOBAL_REFERENCE,,MEDIUM,P2,MISSING,,USDA,USDA FoodData Central,https://fdc.nal.usda.gov/,,,,,,,,,,,,NONE,MEDIUM,,,,,,,,,,,
QGAP-00283,NEEDS_HUMAN_REVIEW,مطابقة آلية بدرجة 0.92 دون حدّ القبول — تحتاج تأكيدًا,كمون,Cumin,,,,GENERIC,أطعمة عامة,توابل ومحليات,,,KSA,GLOBAL_REFERENCE,,MEDIUM,P2,MISSING,,USDA,"USDA FoodData Central — Spices, cumin seed",https://fdc.nal.usda.gov/food-details/170923/nutrients,,,لكل 100غ,100,375.0,17.81,44.24,22.27,10.5,2.25,168.0,NONE,MEDIUM,,170923,"Spices, cumin seed",,,0.92,,,,,
QGAP-00284,NEEDS_HUMAN_REVIEW,مطابقة آلية بدرجة 0.92 دون حدّ القبول — تحتاج تأكيدًا,كركم,Turmeric,,,,GENERIC,أطعمة عامة,توابل ومحليات,,,KSA,GLOBAL_REFERENCE,,MEDIUM,P2,MISSING,,USDA,"USDA FoodData Central — Spices, turmeric, ground",https://fdc.nal.usda.gov/food-details/172231/nutrients,,,لكل 100غ,100,312.0,9.68,67.14,3.25,22.7,3.21,27.0,NONE,MEDIUM,,172231,"Spices, turmeric, ground",,,0.92,,,,,
QGAP-00285,READY_FULL,,قرفة,Cinnamon,,,,GENERIC,أطعمة عامة,توابل ومحليات,,,KSA,GLOBAL_REFERENCE,,MEDIUM,P2,MISSING,,USDA,"USDA FoodData Central — Cinnamon buns, frosted (includes honey buns)",https://fdc.nal.usda.gov/food-details/167940/nutrients,,,لكل 100غ,100,452.0,4.45,48.6,26.61,1.2,25.7,305.0,FULL,HIGH,,167940,"Cinnamon buns, frosted (includes honey buns)",,,1.14,,,,,
QGAP-00286,NEEDS_HUMAN_REVIEW,مطابقة آلية بدرجة 0.96 دون حدّ القبول — تحتاج تأكيدًا,هيل,Cardamom,,,,GENERIC,أطعمة عامة,توابل ومحليات,,,KSA,GLOBAL_REFERENCE,,MEDIUM,P2,MISSING,,USDA,"USDA FoodData Central — Spices, cardamom",https://fdc.nal.usda.gov/food-details/170919/nutrients,,,لكل 100غ,100,311.0,10.76,68.47,6.7,28.0,,18.0,NONE,MEDIUM,,170919,"Spices, cardamom",,,0.96,,,,,
QGAP-00287,NEEDS_HUMAN_REVIEW,مطابقة آلية بدرجة 0.96 دون حدّ القبول — تحتاج تأكيدًا,زعفران,Saffron,,,,GENERIC,أطعمة عامة,توابل ومحليات,,,KSA,GLOBAL_REFERENCE,,MEDIUM,P2,MISSING,,USDA,"USDA FoodData Central — Spices, saffron",https://fdc.nal.usda.gov/food-details/170934/nutrients,,,لكل 100غ,100,310.0,11.43,65.37,5.85,3.9,,148.0,NONE,MEDIUM,,170934,"Spices, saffron",,,0.96,,,,,
QGAP-00288,NEEDS_SOURCE,لم يُعثر على مصدر آلي — يحتاج جلبًا من المصنّع أو كتالوج التجزئة,سماق,Sumac,,,,GENERIC,أطعمة عامة,توابل ومحليات,,,KSA,GLOBAL_REFERENCE,,MEDIUM,P2,MISSING,,USDA,USDA FoodData Central,https://fdc.nal.usda.gov/,,,,,,,,,,,,NONE,MEDIUM,,,,,,,,,,,
QGAP-00289,NEEDS_SOURCE,لم يُعثر على مصدر آلي — يحتاج جلبًا من المصنّع أو كتالوج التجزئة,زعتر,Zaatar,,,,GENERIC,أطعمة عامة,توابل ومحليات,,,KSA,GLOBAL_REFERENCE,,MEDIUM,P2,MISSING,,USDA,USDA FoodData Central,https://fdc.nal.usda.gov/,,,,,,,,,,,,NONE,MEDIUM,,,,,,,,,,,
QGAP-00290,NEEDS_HUMAN_REVIEW,مطابقة آلية بدرجة 0.96 دون حدّ القبول — تحتاج تأكيدًا,كاري,Curry powder,,,,GENERIC,أطعمة عامة,توابل ومحليات,,,KSA,GLOBAL_REFERENCE,,MEDIUM,P2,MISSING,,USDA,"USDA FoodData Central — Spices, curry powder",https://fdc.nal.usda.gov/food-details/170924/nutrients,,,لكل 100غ,100,325.0,14.29,55.83,14.01,53.2,2.76,52.0,NONE,MEDIUM,,170924,"Spices, curry powder",,,0.96,,,,,
QGAP-00291,NEEDS_HUMAN_REVIEW,مطابقة آلية بدرجة 0.96 دون حدّ القبول — تحتاج تأكيدًا,فلفل أسود,Black pepper,,,,GENERIC,أطعمة عامة,توابل ومحليات,,,KSA,GLOBAL_REFERENCE,,MEDIUM,P2,MISSING,,USDA,"USDA FoodData Central — Spices, pepper, black",https://fdc.nal.usda.gov/food-details/170931/nutrients,,,لكل 100غ,100,251.0,10.39,63.95,3.26,25.3,0.64,20.0,NONE,MEDIUM,,170931,"Spices, pepper, black",,,0.96,,,,,
QGAP-00292,NEEDS_HUMAN_REVIEW,مطابقة آلية بدرجة 0.96 دون حدّ القبول — تحتاج تأكيدًا,بابريكا,Paprika,,,,GENERIC,أطعمة عامة,توابل ومحليات,,,KSA,GLOBAL_REFERENCE,,MEDIUM,P2,MISSING,,USDA,"USDA FoodData Central — Spices, paprika",https://fdc.nal.usda.gov/food-details/171329/nutrients,,,لكل 100غ,100,282.0,14.14,53.99,12.89,34.9,10.34,68.0,NONE,MEDIUM,,171329,"Spices, paprika",,,0.96,,,,,
QGAP-00293,NEEDS_SOURCE,لم يُعثر على مصدر آلي — يحتاج جلبًا من المصنّع أو كتالوج التجزئة,لومي (ليمون أسود),Dried lime (loomi),,,,GENERIC,أطعمة عامة,توابل ومحليات,,,KSA,GLOBAL_REFERENCE,,MEDIUM,P2,MISSING,,USDA,USDA FoodData Central,https://fdc.nal.usda.gov/,,,,,,,,,,,,NONE,MEDIUM,,,,,,,,,,,
QGAP-00294,NEEDS_HUMAN_REVIEW,مطابقة آلية بدرجة 0.96 دون حدّ القبول — تحتاج تأكيدًا,ورق غار,Bay leaf,,,,GENERIC,أطعمة عامة,توابل ومحليات,,,KSA,GLOBAL_REFERENCE,,MEDIUM,P2,MISSING,,USDA,"USDA FoodData Central — Spices, bay leaf",https://fdc.nal.usda.gov/food-details/170917/nutrients,,,لكل 100غ,100,313.0,7.61,74.97,8.36,26.3,,23.0,NONE,MEDIUM,,170917,"Spices, bay leaf",,,0.96,,,,,
QGAP-00295,NEEDS_HUMAN_REVIEW,مطابقة آلية بدرجة 0.92 دون حدّ القبول — تحتاج تأكيدًا · فارق أتواتر معتاد في مصدر مقيس (ألياف/أحماض/أملاح) — القيم كما قاستها USDA,قرنفل,Cloves,,,,GENERIC,أطعمة عامة,توابل ومحليات,,,KSA,GLOBAL_REFERENCE,,MEDIUM,P2,MISSING,,USDA,"USDA FoodData Central — Spices, cloves, ground",https://fdc.nal.usda.gov/food-details/171321/nutrients,,,لكل 100غ,100,274.0,5.97,65.53,13.0,33.9,2.38,277.0,NONE,MEDIUM,ATWATER_DIVERGES,171321,"Spices, cloves, ground",,,0.92,,,,,
QGAP-00296,NEEDS_HUMAN_REVIEW,مطابقة آلية بدرجة 0.92 دون حدّ القبول — تحتاج تأكيدًا,جوزة الطيب,Nutmeg,,,,GENERIC,أطعمة عامة,توابل ومحليات,,,KSA,GLOBAL_REFERENCE,,MEDIUM,P2,MISSING,,USDA,"USDA FoodData Central — Spices, nutmeg, ground",https://fdc.nal.usda.gov/food-details/171326/nutrients,,,لكل 100غ,100,525.0,5.84,49.29,36.31,20.8,2.99,16.0,NONE,MEDIUM,,171326,"Spices, nutmeg, ground",,,0.92,,,,,
QGAP-00297,READY_FULL,,ملح,Salt,,,,GENERIC,أطعمة عامة,توابل ومحليات,,,KSA,GLOBAL_REFERENCE,,MEDIUM,P2,MISSING,,USDA,"USDA FoodData Central — Salt, table",https://fdc.nal.usda.gov/food-details/173468/nutrients,,,لكل 100غ,100,0.0,0.0,0.0,0.0,0.0,0.0,38758.0,FULL,HIGH,,173468,"Salt, table",,,1.26,,,,,
QGAP-00298,NEEDS_HUMAN_REVIEW,مطابقة آلية بدرجة 0.84 دون حدّ القبول — تحتاج تأكيدًا · فارق أتواتر معتاد في مصدر مقيس (ألياف/أحماض/أملاح) — القيم كما قاستها USDA,بيكنج باودر,Baking powder,,,,GENERIC,أطعمة عامة,توابل ومحليات,,,KSA,GLOBAL_REFERENCE,,MEDIUM,P2,MISSING,,USDA,"USDA FoodData Central — Leavening agents, baking powder, low-sodium",https://fdc.nal.usda.gov/food-details/172805/nutrients,,,لكل 100غ,100,97.0,0.1,46.9,0.4,2.2,0.0,90.0,NONE,MEDIUM,ATWATER_DIVERGES,172805,"Leavening agents, baking powder, low-sodium",,,0.84,,,,,
QGAP-00299,NEEDS_SOURCE,لم يُعثر على مصدر آلي — يحتاج جلبًا من المصنّع أو كتالوج التجزئة,سكر أبيض,White sugar,,,,GENERIC,أطعمة عامة,توابل ومحليات,,,KSA,GLOBAL_REFERENCE,,MEDIUM,P2,MISSING,,USDA,USDA FoodData Central,https://fdc.nal.usda.gov/,,,,,,,,,,,,NONE,MEDIUM,,,,,,,,,,,
QGAP-00300,READY_FULL,,سكر بني,Brown sugar,,,,GENERIC,أطعمة عامة,توابل ومحليات,,,KSA,GLOBAL_REFERENCE,,MEDIUM,P2,MISSING,,USDA,"USDA FoodData Central — Sugars, brown",https://fdc.nal.usda.gov/food-details/168833/nutrients,,,لكل 100غ,100,380.0,0.12,98.09,0.0,0.0,97.02,28.0,FULL,HIGH,,168833,"Sugars, brown",,,1.3,,,,,
QGAP-00301,NEEDS_SOURCE,لم يُعثر على مصدر آلي — يحتاج جلبًا من المصنّع أو كتالوج التجزئة,محلي ستيفيا,Stevia sweetener,,,,GENERIC,أطعمة عامة,توابل ومحليات,,,KSA,GLOBAL_REFERENCE,,MEDIUM,P2,MISSING,,USDA,USDA FoodData Central,https://fdc.nal.usda.gov/,,,,,,,,,,,,NONE,MEDIUM,,,,,,,,,,,
QGAP-00302,NEEDS_HUMAN_REVIEW,مطابقة آلية بدرجة 0.84 دون حدّ القبول — تحتاج تأكيدًا,سكرالوز,Sucralose,,,,GENERIC,أطعمة عامة,توابل ومحليات,,,KSA,GLOBAL_REFERENCE,,MEDIUM,P2,MISSING,,USDA,"USDA FoodData Central — Sweeteners, for baking, contains sugar and sucralose",https://fdc.nal.usda.gov/food-details/170673/nutrients,,,لكل 100غ,100,398.0,0.0,99.53,0.0,,47.05,2.0,NONE,MEDIUM,,170673,"Sweeteners, for baking, contains sugar and sucralose",,,0.84,,,,,
QGAP-00303,NEEDS_HUMAN_REVIEW,الأصل العام موجود في قِمّة — يُحسم بشريًا إن كان المتغيّر يستحق صفًّا مستقلًا,ماء ورد,Rose water,,,,GENERIC,أطعمة عامة,توابل ومحليات,,,KSA,GLOBAL_REFERENCE,,MEDIUM,P2,EXISTS_GENERIC_ONLY,water · ماء,USDA,USDA FoodData Central,https://fdc.nal.usda.gov/,,,,,,,,,,,,NONE,MEDIUM,,,,,,,,,,,
QGAP-00304,NEEDS_SOURCE,لم يُعثر على مصدر آلي — يحتاج جلبًا من المصنّع أو كتالوج التجزئة,ماء زهر,Orange blossom water,,,,GENERIC,أطعمة عامة,توابل ومحليات,,,KSA,GLOBAL_REFERENCE,,MEDIUM,P2,MISSING,,USDA,USDA FoodData Central,https://fdc.nal.usda.gov/,,,,,,,,,,,,NONE,MEDIUM,,,,,,,,,,,
QGAP-00305,NEEDS_SOURCE,سعرات رسمية على قائمة الفرع/التطبيق (إلزام SFDA) — تُقرأ يدويًا؛ الماكروز غير منشورة,البيك - وجبة بروستد 4 قطع,AlBaik - Broasted chicken meal 4 pcs,البيك,AlBaik,AlBaik,RESTAURANT,مطاعم,دجاج مقلي,,,KSA,KSA,,VERY_HIGH,P1,MISSING,,OFFICIAL_LOCAL_KCAL,AlBaik menu / app (SFDA),,,,,,,,,,,,,NONE,HIGH,,,,,,,,,البيك,AlBaik,السعرات متاحة رسميًا على قائمة الفرع/التطبيق (إلزام SFDA منذ ١ يوليو ٢٠٢٥). الماكروز غير منشورة — تبقى فارغة.
QGAP-00306,NEEDS_SOURCE,سعرات رسمية على قائمة الفرع/التطبيق (إلزام SFDA) — تُقرأ يدويًا؛ الماكروز غير منشورة,البيك - وجبة بروستد 5 قطع,AlBaik - Broasted chicken meal 5 pcs,البيك,AlBaik,AlBaik,RESTAURANT,مطاعم,دجاج مقلي,,,KSA,KSA,,VERY_HIGH,P1,MISSING,,OFFICIAL_LOCAL_KCAL,AlBaik menu / app (SFDA),,,,,,,,,,,,,NONE,HIGH,,,,,,,,,البيك,AlBaik,السعرات متاحة رسميًا على قائمة الفرع/التطبيق (إلزام SFDA منذ ١ يوليو ٢٠٢٥). الماكروز غير منشورة — تبقى فارغة.
QGAP-00307,NEEDS_SOURCE,سعرات رسمية على قائمة الفرع/التطبيق (إلزام SFDA) — تُقرأ يدويًا؛ الماكروز غير منشورة,البيك - بروستد 10 قطع (عائلي),AlBaik - Broasted chicken 10 pcs family,البيك,AlBaik,AlBaik,RESTAURANT,مطاعم,دجاج مقلي,,,KSA,KSA,,VERY_HIGH,P1,MISSING,,OFFICIAL_LOCAL_KCAL,AlBaik menu / app (SFDA),,,,,,,,,,,,,NONE,HIGH,,,,,,,,,البيك,AlBaik,السعرات متاحة رسميًا على قائمة الفرع/التطبيق (إلزام SFDA منذ ١ يوليو ٢٠٢٥). الماكروز غير منشورة — تبقى فارغة.
QGAP-00308,NEEDS_SOURCE,سعرات رسمية على قائمة الفرع/التطبيق (إلزام SFDA) — تُقرأ يدويًا؛ الماكروز غير منشورة,البيك - بيغ بيك,AlBaik - Big Baik sandwich,البيك,AlBaik,AlBaik,RESTAURANT,مطاعم,دجاج مقلي,,,KSA,KSA,,VERY_HIGH,P1,MISSING,,OFFICIAL_LOCAL_KCAL,AlBaik menu / app (SFDA),,,,,,,,,,,,,NONE,HIGH,,,,,,,,,البيك,AlBaik,السعرات متاحة رسميًا على قائمة الفرع/التطبيق (إلزام SFDA منذ ١ يوليو ٢٠٢٥). الماكروز غير منشورة — تبقى فارغة.
QGAP-00309,NEEDS_SOURCE,سعرات رسمية على قائمة الفرع/التطبيق (إلزام SFDA) — تُقرأ يدويًا؛ الماكروز غير منشورة,البيك - ساندويتش فيليه,AlBaik - Fillet sandwich,البيك,AlBaik,AlBaik,RESTAURANT,مطاعم,دجاج مقلي,,,KSA,KSA,,VERY_HIGH,P1,MISSING,,OFFICIAL_LOCAL_KCAL,AlBaik menu / app (SFDA),,,,,,,,,,,,,NONE,HIGH,,,,,,,,,البيك,AlBaik,السعرات متاحة رسميًا على قائمة الفرع/التطبيق (إلزام SFDA منذ ١ يوليو ٢٠٢٥). الماكروز غير منشورة — تبقى فارغة.
QGAP-00310,NEEDS_SOURCE,سعرات رسمية على قائمة الفرع/التطبيق (إلزام SFDA) — تُقرأ يدويًا؛ الماكروز غير منشورة,البيك - ساندويتش نجت,AlBaik - Nugget sandwich,البيك,AlBaik,AlBaik,RESTAURANT,مطاعم,دجاج مقلي,,,KSA,KSA,,VERY_HIGH,P1,MISSING,,OFFICIAL_LOCAL_KCAL,AlBaik menu / app (SFDA),,,,,,,,,,,,,NONE,HIGH,,,,,,,,,البيك,AlBaik,السعرات متاحة رسميًا على قائمة الفرع/التطبيق (إلزام SFDA منذ ١ يوليو ٢٠٢٥). الماكروز غير منشورة — تبقى فارغة.
QGAP-00311,NEEDS_HUMAN_REVIEW,الأصل العام موجود في قِمّة — يُحسم بشريًا إن كان المتغيّر يستحق صفًّا مستقلًا,البيك - نجت دجاج 12 قطعة,AlBaik - Chicken nuggets 12 pcs,البيك,AlBaik,AlBaik,RESTAURANT,مطاعم,دجاج مقلي,,,KSA,KSA,,VERY_HIGH,P1,EXISTS_GENERIC_ONLY,chicken-nuggets · ناجتس دجاج,OFFICIAL_LOCAL_KCAL,AlBaik menu / app (SFDA),,,,,,,,,,,,,NONE,HIGH,,,,,,,,,البيك,AlBaik,السعرات متاحة رسميًا على قائمة الفرع/التطبيق (إلزام SFDA منذ ١ يوليو ٢٠٢٥). الماكروز غير منشورة — تبقى فارغة.
QGAP-00312,NEEDS_HUMAN_REVIEW,الأصل العام موجود في قِمّة — يُحسم بشريًا إن كان المتغيّر يستحق صفًّا مستقلًا,البيك - نجت دجاج 20 قطعة,AlBaik - Chicken nuggets 20 pcs,البيك,AlBaik,AlBaik,RESTAURANT,مطاعم,دجاج مقلي,,,KSA,KSA,,VERY_HIGH,P1,EXISTS_GENERIC_ONLY,chicken-nuggets · ناجتس دجاج,OFFICIAL_LOCAL_KCAL,AlBaik menu / app (SFDA),,,,,,,,,,,,,NONE,HIGH,,,,,,,,,البيك,AlBaik,السعرات متاحة رسميًا على قائمة الفرع/التطبيق (إلزام SFDA منذ ١ يوليو ٢٠٢٥). الماكروز غير منشورة — تبقى فارغة.
QGAP-00313,NEEDS_SOURCE,سعرات رسمية على قائمة الفرع/التطبيق (إلزام SFDA) — تُقرأ يدويًا؛ الماكروز غير منشورة,البيك - فيليه دجاج 5 قطع,AlBaik - Chicken fillet 5 pcs,البيك,AlBaik,AlBaik,RESTAURANT,مطاعم,دجاج مقلي,,,KSA,KSA,,VERY_HIGH,P1,MISSING,,OFFICIAL_LOCAL_KCAL,AlBaik menu / app (SFDA),,,,,,,,,,,,,NONE,HIGH,,,,,,,,,البيك,AlBaik,السعرات متاحة رسميًا على قائمة الفرع/التطبيق (إلزام SFDA منذ ١ يوليو ٢٠٢٥). الماكروز غير منشورة — تبقى فارغة.
QGAP-00314,NEEDS_SOURCE,سعرات رسمية على قائمة الفرع/التطبيق (إلزام SFDA) — تُقرأ يدويًا؛ الماكروز غير منشورة,البيك - وجبة روبيان,AlBaik - Shrimp meal,البيك,AlBaik,AlBaik,RESTAURANT,مطاعم,دجاج مقلي,,,KSA,KSA,,VERY_HIGH,P1,MISSING,,OFFICIAL_LOCAL_KCAL,AlBaik menu / app (SFDA),,,,,,,,,,,,,NONE,HIGH,,,,,,,,,البيك,AlBaik,السعرات متاحة رسميًا على قائمة الفرع/التطبيق (إلزام SFDA منذ ١ يوليو ٢٠٢٥). الماكروز غير منشورة — تبقى فارغة.
QGAP-00315,NEEDS_SOURCE,سعرات رسمية على قائمة الفرع/التطبيق (إلزام SFDA) — تُقرأ يدويًا؛ الماكروز غير منشورة,البيك - روبيان 12 قطعة,AlBaik - Shrimp 12 pcs,البيك,AlBaik,AlBaik,RESTAURANT,مطاعم,دجاج مقلي,,,KSA,KSA,,VERY_HIGH,P1,MISSING,,OFFICIAL_LOCAL_KCAL,AlBaik menu / app (SFDA),,,,,,,,,,,,,NONE,HIGH,,,,,,,,,البيك,AlBaik,السعرات متاحة رسميًا على قائمة الفرع/التطبيق (إلزام SFDA منذ ١ يوليو ٢٠٢٥). الماكروز غير منشورة — تبقى فارغة.
QGAP-00316,NEEDS_SOURCE,سعرات رسمية على قائمة الفرع/التطبيق (إلزام SFDA) — تُقرأ يدويًا؛ الماكروز غير منشورة,البيك - فيليه سمك 5 قطع,AlBaik - Fish fillet 5 pcs,البيك,AlBaik,AlBaik,RESTAURANT,مطاعم,دجاج مقلي,,,KSA,KSA,,VERY_HIGH,P1,MISSING,,OFFICIAL_LOCAL_KCAL,AlBaik menu / app (SFDA),,,,,,,,,,,,,NONE,HIGH,,,,,,,,,البيك,AlBaik,السعرات متاحة رسميًا على قائمة الفرع/التطبيق (إلزام SFDA منذ ١ يوليو ٢٠٢٥). الماكروز غير منشورة — تبقى فارغة.
QGAP-00317,NEEDS_SOURCE,سعرات رسمية على قائمة الفرع/التطبيق (إلزام SFDA) — تُقرأ يدويًا؛ الماكروز غير منشورة,البيك - ساندويتش سمك,AlBaik - Fish sandwich,البيك,AlBaik,AlBaik,RESTAURANT,مطاعم,دجاج مقلي,,,KSA,KSA,,VERY_HIGH,P1,MISSING,,OFFICIAL_LOCAL_KCAL,AlBaik menu / app (SFDA),,,,,,,,,,,,,NONE,HIGH,,,,,,,,,البيك,AlBaik,السعرات متاحة رسميًا على قائمة الفرع/التطبيق (إلزام SFDA منذ ١ يوليو ٢٠٢٥). الماكروز غير منشورة — تبقى فارغة.
QGAP-00318,NEEDS_SOURCE,سعرات رسمية على قائمة الفرع/التطبيق (إلزام SFDA) — تُقرأ يدويًا؛ الماكروز غير منشورة,البيك - كول سلو,AlBaik - Coleslaw,البيك,AlBaik,AlBaik,RESTAURANT,مطاعم,دجاج مقلي,,,KSA,KSA,,VERY_HIGH,P1,MISSING,,OFFICIAL_LOCAL_KCAL,AlBaik menu / app (SFDA),,,,,,,,,,,,,NONE,HIGH,,,,,,,,,البيك,AlBaik,السعرات متاحة رسميًا على قائمة الفرع/التطبيق (إلزام SFDA منذ ١ يوليو ٢٠٢٥). الماكروز غير منشورة — تبقى فارغة.
QGAP-00319,NEEDS_SOURCE,سعرات رسمية على قائمة الفرع/التطبيق (إلزام SFDA) — تُقرأ يدويًا؛ الماكروز غير منشورة,البيك - خبز البيك,AlBaik - AlBaik bread,البيك,AlBaik,AlBaik,RESTAURANT,مطاعم,دجاج مقلي,,,KSA,KSA,,VERY_HIGH,P1,MISSING,,OFFICIAL_LOCAL_KCAL,AlBaik menu / app (SFDA),,,,,,,,,,,,,NONE,HIGH,,,,,,,,,البيك,AlBaik,السعرات متاحة رسميًا على قائمة الفرع/التطبيق (إلزام SFDA منذ ١ يوليو ٢٠٢٥). الماكروز غير منشورة — تبقى فارغة.
QGAP-00320,NEEDS_SOURCE,سعرات رسمية على قائمة الفرع/التطبيق (إلزام SFDA) — تُقرأ يدويًا؛ الماكروز غير منشورة,البيك - صوص حار,AlBaik - Hot sauce,البيك,AlBaik,AlBaik,RESTAURANT,مطاعم,دجاج مقلي,,,KSA,KSA,,VERY_HIGH,P1,MISSING,,OFFICIAL_LOCAL_KCAL,AlBaik menu / app (SFDA),,,,,,,,,,,,,NONE,HIGH,,,,,,,,,البيك,AlBaik,السعرات متاحة رسميًا على قائمة الفرع/التطبيق (إلزام SFDA منذ ١ يوليو ٢٠٢٥). الماكروز غير منشورة — تبقى فارغة.
QGAP-00321,NEEDS_SOURCE,سعرات رسمية على قائمة الفرع/التطبيق (إلزام SFDA) — تُقرأ يدويًا؛ الماكروز غير منشورة,البيك - بطاطس كبيرة,AlBaik - Large fries,البيك,AlBaik,AlBaik,RESTAURANT,مطاعم,دجاج مقلي,,,KSA,KSA,,VERY_HIGH,P1,MISSING,,OFFICIAL_LOCAL_KCAL,AlBaik menu / app (SFDA),,,,,,,,,,,,,NONE,HIGH,,,,,,,,,البيك,AlBaik,السعرات متاحة رسميًا على قائمة الفرع/التطبيق (إلزام SFDA منذ ١ يوليو ٢٠٢٥). الماكروز غير منشورة — تبقى فارغة.
QGAP-00322,NEEDS_SOURCE,سعرات رسمية على قائمة الفرع/التطبيق (إلزام SFDA) — تُقرأ يدويًا؛ الماكروز غير منشورة,البيك - كاتشب,AlBaik - Ketchup,البيك,AlBaik,AlBaik,RESTAURANT,مطاعم,دجاج مقلي,,,KSA,KSA,,VERY_HIGH,P1,MISSING,,OFFICIAL_LOCAL_KCAL,AlBaik menu / app (SFDA),,,,,,,,,,,,,NONE,HIGH,,,,,,,,,البيك,AlBaik,السعرات متاحة رسميًا على قائمة الفرع/التطبيق (إلزام SFDA منذ ١ يوليو ٢٠٢٥). الماكروز غير منشورة — تبقى فارغة.
QGAP-00323,NEEDS_SOURCE,سعرات رسمية على قائمة الفرع/التطبيق (إلزام SFDA) — تُقرأ يدويًا؛ الماكروز غير منشورة,البيك - وجبة فيليه مع بطاطس,AlBaik - Fillet meal with fries,البيك,AlBaik,AlBaik,RESTAURANT,مطاعم,دجاج مقلي,,,KSA,KSA,,VERY_HIGH,P1,MISSING,,OFFICIAL_LOCAL_KCAL,AlBaik menu / app (SFDA),,,,,,,,,,,,,NONE,HIGH,,,,,,,,,البيك,AlBaik,السعرات متاحة رسميًا على قائمة الفرع/التطبيق (إلزام SFDA منذ ١ يوليو ٢٠٢٥). الماكروز غير منشورة — تبقى فارغة.
QGAP-00324,NEEDS_SOURCE,سعرات رسمية على قائمة الفرع/التطبيق (إلزام SFDA) — تُقرأ يدويًا؛ الماكروز غير منشورة,البيك - دجاج مشوي (شواية),AlBaik - Grilled chicken,البيك,AlBaik,AlBaik,RESTAURANT,مطاعم,دجاج مقلي,,,KSA,KSA,,VERY_HIGH,P1,MISSING,,OFFICIAL_LOCAL_KCAL,AlBaik menu / app (SFDA),,,,,,,,,,,,,NONE,HIGH,,,,,,,,,البيك,AlBaik,السعرات متاحة رسميًا على قائمة الفرع/التطبيق (إلزام SFDA منذ ١ يوليو ٢٠٢٥). الماكروز غير منشورة — تبقى فارغة.
QGAP-00325,NEEDS_HUMAN_REVIEW,الأصل العام موجود في قِمّة — يُحسم بشريًا إن كان المتغيّر يستحق صفًّا مستقلًا,هرفي - برجر لحم كلاسيك,Herfy - Classic beef burger,هرفي,Herfy,Herfy,RESTAURANT,مطاعم,برجر,,,KSA,KSA,,VERY_HIGH,P1,EXISTS_GENERIC_ONLY,beef-burger · برجر لحم,OFFICIAL_LOCAL_KCAL,Herfy menu / app (SFDA),,,,,,,,,,,,,NONE,HIGH,,,,,,,,,هرفي,Herfy,السعرات متاحة رسميًا على قائمة الفرع/التطبيق (إلزام SFDA منذ ١ يوليو ٢٠٢٥). الماكروز غير منشورة — تبقى فارغة.
QGAP-00326,NEEDS_SOURCE,سعرات رسمية على قائمة الفرع/التطبيق (إلزام SFDA) — تُقرأ يدويًا؛ الماكروز غير منشورة,هرفي - دبل سوبر برجر,Herfy - Double Super Burger,هرفي,Herfy,Herfy,RESTAURANT,مطاعم,برجر,,,KSA,KSA,,VERY_HIGH,P1,MISSING,,OFFICIAL_LOCAL_KCAL,Herfy menu / app (SFDA),,,,,,,,,,,,,NONE,HIGH,,,,,,,,,هرفي,Herfy,السعرات متاحة رسميًا على قائمة الفرع/التطبيق (إلزام SFDA منذ ١ يوليو ٢٠٢٥). الماكروز غير منشورة — تبقى فارغة.
QGAP-00327,NEEDS_SOURCE,سعرات رسمية على قائمة الفرع/التطبيق (إلزام SFDA) — تُقرأ يدويًا؛ الماكروز غير منشورة,هرفي - مشرووم برجر,Herfy - Mushroom burger,هرفي,Herfy,Herfy,RESTAURANT,مطاعم,برجر,,,KSA,KSA,,VERY_HIGH,P1,MISSING,,OFFICIAL_LOCAL_KCAL,Herfy menu / app (SFDA),,,,,,,,,,,,,NONE,HIGH,,,,,,,,,هرفي,Herfy,السعرات متاحة رسميًا على قائمة الفرع/التطبيق (إلزام SFDA منذ ١ يوليو ٢٠٢٥). الماكروز غير منشورة — تبقى فارغة.
QGAP-00328,NEEDS_SOURCE,سعرات رسمية على قائمة الفرع/التطبيق (إلزام SFDA) — تُقرأ يدويًا؛ الماكروز غير منشورة,هرفي - ساندويتش تشيكن ستربس,Herfy - Chicken strips sandwich,هرفي,Herfy,Herfy,RESTAURANT,مطاعم,برجر,,,KSA,KSA,,VERY_HIGH,P1,MISSING,,OFFICIAL_LOCAL_KCAL,Herfy menu / app (SFDA),,,,,,,,,,,,,NONE,HIGH,,,,,,,,,هرفي,Herfy,السعرات متاحة رسميًا على قائمة الفرع/التطبيق (إلزام SFDA منذ ١ يوليو ٢٠٢٥). الماكروز غير منشورة — تبقى فارغة.
QGAP-00329,NEEDS_SOURCE,سعرات رسمية على قائمة الفرع/التطبيق (إلزام SFDA) — تُقرأ يدويًا؛ الماكروز غير منشورة,هرفي - ستربس دجاج 4 قطع,Herfy - Chicken strips 4 pcs,هرفي,Herfy,Herfy,RESTAURANT,مطاعم,برجر,,,KSA,KSA,,VERY_HIGH,P1,MISSING,,OFFICIAL_LOCAL_KCAL,Herfy menu / app (SFDA),,,,,,,,,,,,,NONE,HIGH,,,,,,,,,هرفي,Herfy,السعرات متاحة رسميًا على قائمة الفرع/التطبيق (إلزام SFDA منذ ١ يوليو ٢٠٢٥). الماكروز غير منشورة — تبقى فارغة.
QGAP-00330,NEEDS_SOURCE,سعرات رسمية على قائمة الفرع/التطبيق (إلزام SFDA) — تُقرأ يدويًا؛ الماكروز غير منشورة,هرفي - وجبة دجاج مقلي,Herfy - Fried chicken meal,هرفي,Herfy,Herfy,RESTAURANT,مطاعم,برجر,,,KSA,KSA,,VERY_HIGH,P1,MISSING,,OFFICIAL_LOCAL_KCAL,Herfy menu / app (SFDA),,,,,,,,,,,,,NONE,HIGH,,,,,,,,,هرفي,Herfy,السعرات متاحة رسميًا على قائمة الفرع/التطبيق (إلزام SFDA منذ ١ يوليو ٢٠٢٥). الماكروز غير منشورة — تبقى فارغة.
QGAP-00331,NEEDS_HUMAN_REVIEW,الأصل العام موجود في قِمّة — يُحسم بشريًا إن كان المتغيّر يستحق صفًّا مستقلًا,هرفي - هوت دوج,Herfy - Hot dog,هرفي,Herfy,Herfy,RESTAURANT,مطاعم,برجر,,,KSA,KSA,,VERY_HIGH,P1,EXISTS_GENERIC_ONLY,hotdog · هوت دوج,OFFICIAL_LOCAL_KCAL,Herfy menu / app (SFDA),,,,,,,,,,,,,NONE,HIGH,,,,,,,,,هرفي,Herfy,السعرات متاحة رسميًا على قائمة الفرع/التطبيق (إلزام SFDA منذ ١ يوليو ٢٠٢٥). الماكروز غير منشورة — تبقى فارغة.
QGAP-00332,NEEDS_SOURCE,سعرات رسمية على قائمة الفرع/التطبيق (إلزام SFDA) — تُقرأ يدويًا؛ الماكروز غير منشورة,هرفي - بطاطس كبيرة,Herfy - Large fries,هرفي,Herfy,Herfy,RESTAURANT,مطاعم,برجر,,,KSA,KSA,,VERY_HIGH,P1,MISSING,,OFFICIAL_LOCAL_KCAL,Herfy menu / app (SFDA),,,,,,,,,,,,,NONE,HIGH,,,,,,,,,هرفي,Herfy,السعرات متاحة رسميًا على قائمة الفرع/التطبيق (إلزام SFDA منذ ١ يوليو ٢٠٢٥). الماكروز غير منشورة — تبقى فارغة.
QGAP-00333,NEEDS_HUMAN_REVIEW,الأصل العام موجود في قِمّة — يُحسم بشريًا إن كان المتغيّر يستحق صفًّا مستقلًا,هرفي - حلقات بصل,Herfy - Onion rings,هرفي,Herfy,Herfy,RESTAURANT,مطاعم,برجر,,,KSA,KSA,,VERY_HIGH,P1,EXISTS_GENERIC_ONLY,onion-rings · حلقات بصل,OFFICIAL_LOCAL_KCAL,Herfy menu / app (SFDA),,,,,,,,,,,,,NONE,HIGH,,,,,,,,,هرفي,Herfy,السعرات متاحة رسميًا على قائمة الفرع/التطبيق (إلزام SFDA منذ ١ يوليو ٢٠٢٥). الماكروز غير منشورة — تبقى فارغة.
QGAP-00334,NEEDS_SOURCE,سعرات رسمية على قائمة الفرع/التطبيق (إلزام SFDA) — تُقرأ يدويًا؛ الماكروز غير منشورة,هرفي - آيس كريم صنداي,Herfy - Sundae ice cream,هرفي,Herfy,Herfy,RESTAURANT,مطاعم,برجر,,,KSA,KSA,,VERY_HIGH,P1,MISSING,,OFFICIAL_LOCAL_KCAL,Herfy menu / app (SFDA),,,,,,,,,,,,,NONE,HIGH,,,,,,,,,هرفي,Herfy,السعرات متاحة رسميًا على قائمة الفرع/التطبيق (إلزام SFDA منذ ١ يوليو ٢٠٢٥). الماكروز غير منشورة — تبقى فارغة.
QGAP-00335,NEEDS_HUMAN_REVIEW,الأصل العام موجود في قِمّة — يُحسم بشريًا إن كان المتغيّر يستحق صفًّا مستقلًا,هرفي - ميلك شيك,Herfy - Milkshake,هرفي,Herfy,Herfy,RESTAURANT,مطاعم,برجر,,,KSA,KSA,,VERY_HIGH,P1,EXISTS_GENERIC_ONLY,milkshake · ميلك شيك,OFFICIAL_LOCAL_KCAL,Herfy menu / app (SFDA),,,,,,,,,,,,,NONE,HIGH,,,,,,,,,هرفي,Herfy,السعرات متاحة رسميًا على قائمة الفرع/التطبيق (إلزام SFDA منذ ١ يوليو ٢٠٢٥). الماكروز غير منشورة — تبقى فارغة.
QGAP-00336,NEEDS_HUMAN_REVIEW,الأصل العام موجود في قِمّة — يُحسم بشريًا إن كان المتغيّر يستحق صفًّا مستقلًا,هرفي - كرواسون جبن,Herfy - Cheese croissant,هرفي,Herfy,Herfy,RESTAURANT,مطاعم,برجر,,,KSA,KSA,,VERY_HIGH,P1,EXISTS_GENERIC_ONLY,croissant · كرواسون,OFFICIAL_LOCAL_KCAL,Herfy menu / app (SFDA),,,,,,,,,,,,,NONE,HIGH,,,,,,,,,هرفي,Herfy,السعرات متاحة رسميًا على قائمة الفرع/التطبيق (إلزام SFDA منذ ١ يوليو ٢٠٢٥). الماكروز غير منشورة — تبقى فارغة.
QGAP-00337,NEEDS_SOURCE,سعرات رسمية على قائمة الفرع/التطبيق (إلزام SFDA) — تُقرأ يدويًا؛ الماكروز غير منشورة,هرفي - ساندويتش فطور بالبيض,Herfy - Egg breakfast sandwich,هرفي,Herfy,Herfy,RESTAURANT,مطاعم,برجر,,,KSA,KSA,,VERY_HIGH,P1,MISSING,,OFFICIAL_LOCAL_KCAL,Herfy menu / app (SFDA),,,,,,,,,,,,,NONE,HIGH,,,,,,,,,هرفي,Herfy,السعرات متاحة رسميًا على قائمة الفرع/التطبيق (إلزام SFDA منذ ١ يوليو ٢٠٢٥). الماكروز غير منشورة — تبقى فارغة.
QGAP-00338,NEEDS_SOURCE,سعرات رسمية على قائمة الفرع/التطبيق (إلزام SFDA) — تُقرأ يدويًا؛ الماكروز غير منشورة,هرفي - مافن,Herfy - Muffin,هرفي,Herfy,Herfy,RESTAURANT,مطاعم,برجر,,,KSA,KSA,,VERY_HIGH,P1,MISSING,,OFFICIAL_LOCAL_KCAL,Herfy menu / app (SFDA),,,,,,,,,,,,,NONE,HIGH,,,,,,,,,هرفي,Herfy,السعرات متاحة رسميًا على قائمة الفرع/التطبيق (إلزام SFDA منذ ١ يوليو ٢٠٢٥). الماكروز غير منشورة — تبقى فارغة.
QGAP-00339,NEEDS_SOURCE,سعرات رسمية على قائمة الفرع/التطبيق (إلزام SFDA) — تُقرأ يدويًا؛ الماكروز غير منشورة,هرفي - كيك شوكولاتة,Herfy - Chocolate cake,هرفي,Herfy,Herfy,RESTAURANT,مطاعم,برجر,,,KSA,KSA,,VERY_HIGH,P1,MISSING,,OFFICIAL_LOCAL_KCAL,Herfy menu / app (SFDA),,,,,,,,,,,,,NONE,HIGH,,,,,,,,,هرفي,Herfy,السعرات متاحة رسميًا على قائمة الفرع/التطبيق (إلزام SFDA منذ ١ يوليو ٢٠٢٥). الماكروز غير منشورة — تبقى فارغة.
QGAP-00340,NEEDS_HUMAN_REVIEW,الأصل العام موجود في قِمّة — يُحسم بشريًا إن كان المتغيّر يستحق صفًّا مستقلًا,هرفي - عصير برتقال,Herfy - Orange juice,هرفي,Herfy,Herfy,RESTAURANT,مطاعم,برجر,,,KSA,KSA,,VERY_HIGH,P1,EXISTS_GENERIC_ONLY,orange-juice · عصير برتقال,OFFICIAL_LOCAL_KCAL,Herfy menu / app (SFDA),,,,,,,,,,,,,NONE,HIGH,,,,,,,,,هرفي,Herfy,السعرات متاحة رسميًا على قائمة الفرع/التطبيق (إلزام SFDA منذ ١ يوليو ٢٠٢٥). الماكروز غير منشورة — تبقى فارغة.
QGAP-00341,NEEDS_SOURCE,سعرات رسمية على قائمة الفرع/التطبيق (إلزام SFDA) — تُقرأ يدويًا؛ الماكروز غير منشورة,هرفي - قهوة هرفي,Herfy - Herfy coffee,هرفي,Herfy,Herfy,RESTAURANT,مطاعم,برجر,,,KSA,KSA,,VERY_HIGH,P1,MISSING,,OFFICIAL_LOCAL_KCAL,Herfy menu / app (SFDA),,,,,,,,,,,,,NONE,HIGH,,,,,,,,,هرفي,Herfy,السعرات متاحة رسميًا على قائمة الفرع/التطبيق (إلزام SFDA منذ ١ يوليو ٢٠٢٥). الماكروز غير منشورة — تبقى فارغة.
QGAP-00342,NEEDS_HUMAN_REVIEW,الأصل العام موجود في قِمّة — يُحسم بشريًا إن كان المتغيّر يستحق صفًّا مستقلًا,هرفي - بيتزا هرفي قطعة,Herfy - Herfy pizza slice,هرفي,Herfy,Herfy,RESTAURANT,مطاعم,برجر,,,KSA,KSA,,VERY_HIGH,P1,EXISTS_GENERIC_ONLY,pizza-slice · بيتزا,OFFICIAL_LOCAL_KCAL,Herfy menu / app (SFDA),,,,,,,,,,,,,NONE,HIGH,,,,,,,,,هرفي,Herfy,السعرات متاحة رسميًا على قائمة الفرع/التطبيق (إلزام SFDA منذ ١ يوليو ٢٠٢٥). الماكروز غير منشورة — تبقى فارغة.
QGAP-00343,NEEDS_SOURCE,سعرات رسمية على قائمة الفرع/التطبيق (إلزام SFDA) — تُقرأ يدويًا؛ الماكروز غير منشورة,هرفي - سلطة سيزر,Herfy - Caesar salad,هرفي,Herfy,Herfy,RESTAURANT,مطاعم,برجر,,,KSA,KSA,,VERY_HIGH,P1,MISSING,,OFFICIAL_LOCAL_KCAL,Herfy menu / app (SFDA),,,,,,,,,,,,,NONE,HIGH,,,,,,,,,هرفي,Herfy,السعرات متاحة رسميًا على قائمة الفرع/التطبيق (إلزام SFDA منذ ١ يوليو ٢٠٢٥). الماكروز غير منشورة — تبقى فارغة.
QGAP-00344,NEEDS_HUMAN_REVIEW,الأصل العام موجود في قِمّة — يُحسم بشريًا إن كان المتغيّر يستحق صفًّا مستقلًا,هرفي - كرسبي تشيكن برجر,Herfy - Crispy chicken burger,هرفي,Herfy,Herfy,RESTAURANT,مطاعم,برجر,,,KSA,KSA,,VERY_HIGH,P1,EXISTS_GENERIC_ONLY,chicken-burger · برجر دجاج,OFFICIAL_LOCAL_KCAL,Herfy menu / app (SFDA),,,,,,,,,,,,,NONE,HIGH,,,,,,,,,هرفي,Herfy,السعرات متاحة رسميًا على قائمة الفرع/التطبيق (إلزام SFDA منذ ١ يوليو ٢٠٢٥). الماكروز غير منشورة — تبقى فارغة.
QGAP-00345,NEEDS_SOURCE,سعرات رسمية على قائمة الفرع/التطبيق (إلزام SFDA) — تُقرأ يدويًا؛ الماكروز غير منشورة,هرفي - ساندويتش تونة,Herfy - Tuna sandwich,هرفي,Herfy,Herfy,RESTAURANT,مطاعم,برجر,,,KSA,KSA,,VERY_HIGH,P1,MISSING,,OFFICIAL_LOCAL_KCAL,Herfy menu / app (SFDA),,,,,,,,,,,,,NONE,HIGH,,,,,,,,,هرفي,Herfy,السعرات متاحة رسميًا على قائمة الفرع/التطبيق (إلزام SFDA منذ ١ يوليو ٢٠٢٥). الماكروز غير منشورة — تبقى فارغة.
QGAP-00346,NEEDS_SOURCE,سعرات رسمية على قائمة الفرع/التطبيق (إلزام SFDA) — تُقرأ يدويًا؛ الماكروز غير منشورة,كودو - ساندويتش كودو الأصلي,Kudu - Original Kudu sandwich,كودو,Kudu,Kudu,RESTAURANT,مطاعم,برجر,,,KSA,KSA,,VERY_HIGH,P1,MISSING,,OFFICIAL_LOCAL_KCAL,Kudu app (SFDA),,,,,,,,,,,,,NONE,HIGH,,,,,,,,,كودو,Kudu,السعرات متاحة رسميًا على قائمة الفرع/التطبيق (إلزام SFDA منذ ١ يوليو ٢٠٢٥). الماكروز غير منشورة — تبقى فارغة.
QGAP-00347,NEEDS_SOURCE,سعرات رسمية على قائمة الفرع/التطبيق (إلزام SFDA) — تُقرأ يدويًا؛ الماكروز غير منشورة,كودو - ساندويتش تشيكن سوبريم,Kudu - Chicken supreme sandwich,كودو,Kudu,Kudu,RESTAURANT,مطاعم,برجر,,,KSA,KSA,,VERY_HIGH,P1,MISSING,,OFFICIAL_LOCAL_KCAL,Kudu app (SFDA),,,,,,,,,,,,,NONE,HIGH,,,,,,,,,كودو,Kudu,السعرات متاحة رسميًا على قائمة الفرع/التطبيق (إلزام SFDA منذ ١ يوليو ٢٠٢٥). الماكروز غير منشورة — تبقى فارغة.
QGAP-00348,NEEDS_SOURCE,سعرات رسمية على قائمة الفرع/التطبيق (إلزام SFDA) — تُقرأ يدويًا؛ الماكروز غير منشورة,كودو - ساندويتش شاورما,Kudu - Shawarma sandwich,كودو,Kudu,Kudu,RESTAURANT,مطاعم,برجر,,,KSA,KSA,,VERY_HIGH,P1,MISSING,,OFFICIAL_LOCAL_KCAL,Kudu app (SFDA),,,,,,,,,,,,,NONE,HIGH,,,,,,,,,كودو,Kudu,السعرات متاحة رسميًا على قائمة الفرع/التطبيق (إلزام SFDA منذ ١ يوليو ٢٠٢٥). الماكروز غير منشورة — تبقى فارغة.
QGAP-00349,NEEDS_SOURCE,سعرات رسمية على قائمة الفرع/التطبيق (إلزام SFDA) — تُقرأ يدويًا؛ الماكروز غير منشورة,كودو - فطور كودو (فول),Kudu - Kudu breakfast foul,كودو,Kudu,Kudu,RESTAURANT,مطاعم,برجر,,,KSA,KSA,,VERY_HIGH,P1,MISSING,,OFFICIAL_LOCAL_KCAL,Kudu app (SFDA),,,,,,,,,,,,,NONE,HIGH,,,,,,,,,كودو,Kudu,السعرات متاحة رسميًا على قائمة الفرع/التطبيق (إلزام SFDA منذ ١ يوليو ٢٠٢٥). الماكروز غير منشورة — تبقى فارغة.
QGAP-00350,NEEDS_SOURCE,سعرات رسمية على قائمة الفرع/التطبيق (إلزام SFDA) — تُقرأ يدويًا؛ الماكروز غير منشورة,كودو - ساندويتش جبن وبيض,Kudu - Cheese and egg sandwich,كودو,Kudu,Kudu,RESTAURANT,مطاعم,برجر,,,KSA,KSA,,VERY_HIGH,P1,MISSING,,OFFICIAL_LOCAL_KCAL,Kudu app (SFDA),,,,,,,,,,,,,NONE,HIGH,,,,,,,,,كودو,Kudu,السعرات متاحة رسميًا على قائمة الفرع/التطبيق (إلزام SFDA منذ ١ يوليو ٢٠٢٥). الماكروز غير منشورة — تبقى فارغة.
QGAP-00351,NEEDS_HUMAN_REVIEW,الأصل العام موجود في قِمّة — يُحسم بشريًا إن كان المتغيّر يستحق صفًّا مستقلًا,كودو - كرواسون,Kudu - Croissant,كودو,Kudu,Kudu,RESTAURANT,مطاعم,برجر,,,KSA,KSA,,VERY_HIGH,P1,EXISTS_GENERIC_ONLY,croissant · كرواسون,OFFICIAL_LOCAL_KCAL,Kudu app (SFDA),,,,,,,,,,,,,NONE,HIGH,,,,,,,,,كودو,Kudu,السعرات متاحة رسميًا على قائمة الفرع/التطبيق (إلزام SFDA منذ ١ يوليو ٢٠٢٥). الماكروز غير منشورة — تبقى فارغة.
QGAP-00352,NEEDS_HUMAN_REVIEW,الأصل العام موجود في قِمّة — يُحسم بشريًا إن كان المتغيّر يستحق صفًّا مستقلًا,كودو - بان كيك,Kudu - Pancakes,كودو,Kudu,Kudu,RESTAURANT,مطاعم,برجر,,,KSA,KSA,,VERY_HIGH,P1,EXISTS_GENERIC_ONLY,pancakes · بان كيك,OFFICIAL_LOCAL_KCAL,Kudu app (SFDA),,,,,,,,,,,,,NONE,HIGH,,,,,,,,,كودو,Kudu,السعرات متاحة رسميًا على قائمة الفرع/التطبيق (إلزام SFDA منذ ١ يوليو ٢٠٢٥). الماكروز غير منشورة — تبقى فارغة.
QGAP-00353,NEEDS_SOURCE,سعرات رسمية على قائمة الفرع/التطبيق (إلزام SFDA) — تُقرأ يدويًا؛ الماكروز غير منشورة,كودو - ساندويتش تونة,Kudu - Tuna sandwich,كودو,Kudu,Kudu,RESTAURANT,مطاعم,برجر,,,KSA,KSA,,VERY_HIGH,P1,MISSING,,OFFICIAL_LOCAL_KCAL,Kudu app (SFDA),,,,,,,,,,,,,NONE,HIGH,,,,,,,,,كودو,Kudu,السعرات متاحة رسميًا على قائمة الفرع/التطبيق (إلزام SFDA منذ ١ يوليو ٢٠٢٥). الماكروز غير منشورة — تبقى فارغة.
QGAP-00354,NEEDS_HUMAN_REVIEW,الأصل العام موجود في قِمّة — يُحسم بشريًا إن كان المتغيّر يستحق صفًّا مستقلًا,كودو - حلقات بصل,Kudu - Onion rings,كودو,Kudu,Kudu,RESTAURANT,مطاعم,برجر,,,KSA,KSA,,VERY_HIGH,P1,EXISTS_GENERIC_ONLY,onion-rings · حلقات بصل,OFFICIAL_LOCAL_KCAL,Kudu app (SFDA),,,,,,,,,,,,,NONE,HIGH,,,,,,,,,كودو,Kudu,السعرات متاحة رسميًا على قائمة الفرع/التطبيق (إلزام SFDA منذ ١ يوليو ٢٠٢٥). الماكروز غير منشورة — تبقى فارغة.
QGAP-00355,NEEDS_SOURCE,سعرات رسمية على قائمة الفرع/التطبيق (إلزام SFDA) — تُقرأ يدويًا؛ الماكروز غير منشورة,كودو - سلطة كول سلو,Kudu - Coleslaw,كودو,Kudu,Kudu,RESTAURANT,مطاعم,برجر,,,KSA,KSA,,VERY_HIGH,P1,MISSING,,OFFICIAL_LOCAL_KCAL,Kudu app (SFDA),,,,,,,,,,,,,NONE,HIGH,,,,,,,,,كودو,Kudu,السعرات متاحة رسميًا على قائمة الفرع/التطبيق (إلزام SFDA منذ ١ يوليو ٢٠٢٥). الماكروز غير منشورة — تبقى فارغة.
QGAP-00356,NEEDS_SOURCE,سعرات رسمية على قائمة الفرع/التطبيق (إلزام SFDA) — تُقرأ يدويًا؛ الماكروز غير منشورة,كودو - آيس كريم,Kudu - Ice cream,كودو,Kudu,Kudu,RESTAURANT,مطاعم,برجر,,,KSA,KSA,,VERY_HIGH,P1,MISSING,,OFFICIAL_LOCAL_KCAL,Kudu app (SFDA),,,,,,,,,,,,,NONE,HIGH,,,,,,,,,كودو,Kudu,السعرات متاحة رسميًا على قائمة الفرع/التطبيق (إلزام SFDA منذ ١ يوليو ٢٠٢٥). الماكروز غير منشورة — تبقى فارغة.
QGAP-00357,NEEDS_HUMAN_REVIEW,الأصل العام موجود في قِمّة — يُحسم بشريًا إن كان المتغيّر يستحق صفًّا مستقلًا,كودو - ميلك شيك,Kudu - Milkshake,كودو,Kudu,Kudu,RESTAURANT,مطاعم,برجر,,,KSA,KSA,,VERY_HIGH,P1,EXISTS_GENERIC_ONLY,milkshake · ميلك شيك,OFFICIAL_LOCAL_KCAL,Kudu app (SFDA),,,,,,,,,,,,,NONE,HIGH,,,,,,,,,كودو,Kudu,السعرات متاحة رسميًا على قائمة الفرع/التطبيق (إلزام SFDA منذ ١ يوليو ٢٠٢٥). الماكروز غير منشورة — تبقى فارغة.
QGAP-00358,NEEDS_SOURCE,سعرات رسمية على قائمة الفرع/التطبيق (إلزام SFDA) — تُقرأ يدويًا؛ الماكروز غير منشورة,كودو - قهوة كودو,Kudu - Kudu coffee,كودو,Kudu,Kudu,RESTAURANT,مطاعم,برجر,,,KSA,KSA,,VERY_HIGH,P1,MISSING,,OFFICIAL_LOCAL_KCAL,Kudu app (SFDA),,,,,,,,,,,,,NONE,HIGH,,,,,,,,,كودو,Kudu,السعرات متاحة رسميًا على قائمة الفرع/التطبيق (إلزام SFDA منذ ١ يوليو ٢٠٢٥). الماكروز غير منشورة — تبقى فارغة.
QGAP-00359,NEEDS_HUMAN_REVIEW,الأصل العام موجود في قِمّة — يُحسم بشريًا إن كان المتغيّر يستحق صفًّا مستقلًا,كودو - كابتشينو,Kudu - Cappuccino,كودو,Kudu,Kudu,RESTAURANT,مطاعم,برجر,,,KSA,KSA,,VERY_HIGH,P1,EXISTS_GENERIC_ONLY,cappuccino · كابتشينو,OFFICIAL_LOCAL_KCAL,Kudu app (SFDA),,,,,,,,,,,,,NONE,HIGH,,,,,,,,,كودو,Kudu,السعرات متاحة رسميًا على قائمة الفرع/التطبيق (إلزام SFDA منذ ١ يوليو ٢٠٢٥). الماكروز غير منشورة — تبقى فارغة.
QGAP-00360,NEEDS_SOURCE,سعرات رسمية على قائمة الفرع/التطبيق (إلزام SFDA) — تُقرأ يدويًا؛ الماكروز غير منشورة,كودو - عصير طازج,Kudu - Fresh juice,كودو,Kudu,Kudu,RESTAURANT,مطاعم,برجر,,,KSA,KSA,,VERY_HIGH,P1,MISSING,,OFFICIAL_LOCAL_KCAL,Kudu app (SFDA),,,,,,,,,,,,,NONE,HIGH,,,,,,,,,كودو,Kudu,السعرات متاحة رسميًا على قائمة الفرع/التطبيق (إلزام SFDA منذ ١ يوليو ٢٠٢٥). الماكروز غير منشورة — تبقى فارغة.
QGAP-00361,NEEDS_SOURCE,سعرات رسمية على قائمة الفرع/التطبيق (إلزام SFDA) — تُقرأ يدويًا؛ الماكروز غير منشورة,كودو - وجبة أطفال,Kudu - Kids meal,كودو,Kudu,Kudu,RESTAURANT,مطاعم,برجر,,,KSA,KSA,,VERY_HIGH,P1,MISSING,,OFFICIAL_LOCAL_KCAL,Kudu app (SFDA),,,,,,,,,,,,,NONE,HIGH,,,,,,,,,كودو,Kudu,السعرات متاحة رسميًا على قائمة الفرع/التطبيق (إلزام SFDA منذ ١ يوليو ٢٠٢٥). الماكروز غير منشورة — تبقى فارغة.
QGAP-00362,NEEDS_SOURCE,سعرات رسمية على قائمة الفرع/التطبيق (إلزام SFDA) — تُقرأ يدويًا؛ الماكروز غير منشورة,كودو - فطيرة,Kudu - Pie,كودو,Kudu,Kudu,RESTAURANT,مطاعم,برجر,,,KSA,KSA,,VERY_HIGH,P1,MISSING,,OFFICIAL_LOCAL_KCAL,Kudu app (SFDA),,,,,,,,,,,,,NONE,HIGH,,,,,,,,,كودو,Kudu,السعرات متاحة رسميًا على قائمة الفرع/التطبيق (إلزام SFDA منذ ١ يوليو ٢٠٢٥). الماكروز غير منشورة — تبقى فارغة.
QGAP-00363,NEEDS_SOURCE,سعرات رسمية على قائمة الفرع/التطبيق (إلزام SFDA) — تُقرأ يدويًا؛ الماكروز غير منشورة,كودو - كوكيز,Kudu - Cookie,كودو,Kudu,Kudu,RESTAURANT,مطاعم,برجر,,,KSA,KSA,,VERY_HIGH,P1,MISSING,,OFFICIAL_LOCAL_KCAL,Kudu app (SFDA),,,,,,,,,,,,,NONE,HIGH,,,,,,,,,كودو,Kudu,السعرات متاحة رسميًا على قائمة الفرع/التطبيق (إلزام SFDA منذ ١ يوليو ٢٠٢٥). الماكروز غير منشورة — تبقى فارغة.
QGAP-00364,NEEDS_SOURCE,سعرات رسمية على قائمة الفرع/التطبيق (إلزام SFDA) — تُقرأ يدويًا؛ الماكروز غير منشورة,كودو - ساندويتش لحم مشوي,Kudu - Grilled beef sandwich,كودو,Kudu,Kudu,RESTAURANT,مطاعم,برجر,,,KSA,KSA,,VERY_HIGH,P1,MISSING,,OFFICIAL_LOCAL_KCAL,Kudu app (SFDA),,,,,,,,,,,,,NONE,HIGH,,,,,,,,,كودو,Kudu,السعرات متاحة رسميًا على قائمة الفرع/التطبيق (إلزام SFDA منذ ١ يوليو ٢٠٢٥). الماكروز غير منشورة — تبقى فارغة.
QGAP-00365,NEEDS_SOURCE,سعرات رسمية على قائمة الفرع/التطبيق (إلزام SFDA) — تُقرأ يدويًا؛ الماكروز غير منشورة,كودو - سلطة دجاج,Kudu - Chicken salad,كودو,Kudu,Kudu,RESTAURANT,مطاعم,برجر,,,KSA,KSA,,VERY_HIGH,P1,MISSING,,OFFICIAL_LOCAL_KCAL,Kudu app (SFDA),,,,,,,,,,,,,NONE,HIGH,,,,,,,,,كودو,Kudu,السعرات متاحة رسميًا على قائمة الفرع/التطبيق (إلزام SFDA منذ ١ يوليو ٢٠٢٥). الماكروز غير منشورة — تبقى فارغة.
QGAP-00366,NEEDS_SOURCE,سعرات رسمية على قائمة الفرع/التطبيق (إلزام SFDA) — تُقرأ يدويًا؛ الماكروز غير منشورة,الطازج - دجاجة كاملة مشوية,Al Tazaj - Whole grilled chicken,الطازج,Al Tazaj,Al Tazaj,RESTAURANT,مطاعم,دجاج مشوي,,,KSA,KSA,,VERY_HIGH,P1,MISSING,,OFFICIAL_LOCAL_KCAL,Al Tazaj menu (SFDA),,,,,,,,,,,,,NONE,HIGH,,,,,,,,,الطازج,Al Tazaj,السعرات متاحة رسميًا على قائمة الفرع/التطبيق (إلزام SFDA منذ ١ يوليو ٢٠٢٥). الماكروز غير منشورة — تبقى فارغة.
QGAP-00367,NEEDS_SOURCE,سعرات رسمية على قائمة الفرع/التطبيق (إلزام SFDA) — تُقرأ يدويًا؛ الماكروز غير منشورة,الطازج - نصف دجاجة مع رز,Al Tazaj - Half chicken with rice,الطازج,Al Tazaj,Al Tazaj,RESTAURANT,مطاعم,دجاج مشوي,,,KSA,KSA,,VERY_HIGH,P1,MISSING,,OFFICIAL_LOCAL_KCAL,Al Tazaj menu (SFDA),,,,,,,,,,,,,NONE,HIGH,,,,,,,,,الطازج,Al Tazaj,السعرات متاحة رسميًا على قائمة الفرع/التطبيق (إلزام SFDA منذ ١ يوليو ٢٠٢٥). الماكروز غير منشورة — تبقى فارغة.
QGAP-00368,NEEDS_SOURCE,سعرات رسمية على قائمة الفرع/التطبيق (إلزام SFDA) — تُقرأ يدويًا؛ الماكروز غير منشورة,الطازج - وجبة فيليه مشوي,Al Tazaj - Grilled fillet meal,الطازج,Al Tazaj,Al Tazaj,RESTAURANT,مطاعم,دجاج مشوي,,,KSA,KSA,,VERY_HIGH,P1,MISSING,,OFFICIAL_LOCAL_KCAL,Al Tazaj menu (SFDA),,,,,,,,,,,,,NONE,HIGH,,,,,,,,,الطازج,Al Tazaj,السعرات متاحة رسميًا على قائمة الفرع/التطبيق (إلزام SFDA منذ ١ يوليو ٢٠٢٥). الماكروز غير منشورة — تبقى فارغة.
QGAP-00369,NEEDS_SOURCE,سعرات رسمية على قائمة الفرع/التطبيق (إلزام SFDA) — تُقرأ يدويًا؛ الماكروز غير منشورة,الطازج - سلطة طحينة,Al Tazaj - Tahini salad,الطازج,Al Tazaj,Al Tazaj,RESTAURANT,مطاعم,دجاج مشوي,,,KSA,KSA,,VERY_HIGH,P1,MISSING,,OFFICIAL_LOCAL_KCAL,Al Tazaj menu (SFDA),,,,,,,,,,,,,NONE,HIGH,,,,,,,,,الطازج,Al Tazaj,السعرات متاحة رسميًا على قائمة الفرع/التطبيق (إلزام SFDA منذ ١ يوليو ٢٠٢٥). الماكروز غير منشورة — تبقى فارغة.
QGAP-00370,NEEDS_HUMAN_REVIEW,الأصل العام موجود في قِمّة — يُحسم بشريًا إن كان المتغيّر يستحق صفًّا مستقلًا,الطازج - سلطة خضراء,Al Tazaj - Green salad,الطازج,Al Tazaj,Al Tazaj,RESTAURANT,مطاعم,دجاج مشوي,,,KSA,KSA,,VERY_HIGH,P1,EXISTS_GENERIC_ONLY,green-salad · سلطة خضراء,OFFICIAL_LOCAL_KCAL,Al Tazaj menu (SFDA),,,,,,,,,,,,,NONE,HIGH,,,,,,,,,الطازج,Al Tazaj,السعرات متاحة رسميًا على قائمة الفرع/التطبيق (إلزام SFDA منذ ١ يوليو ٢٠٢٥). الماكروز غير منشورة — تبقى فارغة.
QGAP-00371,NEEDS_HUMAN_REVIEW,الأصل العام موجود في قِمّة — يُحسم بشريًا إن كان المتغيّر يستحق صفًّا مستقلًا,الطازج - حمص,Al Tazaj - Hummus,الطازج,Al Tazaj,Al Tazaj,RESTAURANT,مطاعم,دجاج مشوي,,,KSA,KSA,,VERY_HIGH,P1,EXISTS_GENERIC_ONLY,gcc-21 · حمّص بالطحينة,OFFICIAL_LOCAL_KCAL,Al Tazaj menu (SFDA),,,,,,,,,,,,,NONE,HIGH,,,,,,,,,الطازج,Al Tazaj,السعرات متاحة رسميًا على قائمة الفرع/التطبيق (إلزام SFDA منذ ١ يوليو ٢٠٢٥). الماكروز غير منشورة — تبقى فارغة.
QGAP-00372,NEEDS_HUMAN_REVIEW,الأصل العام موجود في قِمّة — يُحسم بشريًا إن كان المتغيّر يستحق صفًّا مستقلًا,الطازج - خبز تنور,Al Tazaj - Tannour bread,الطازج,Al Tazaj,Al Tazaj,RESTAURANT,مطاعم,دجاج مشوي,,,KSA,KSA,,VERY_HIGH,P1,EXISTS_GENERIC_ONLY,khubz-tandoor · خبز تنور,OFFICIAL_LOCAL_KCAL,Al Tazaj menu (SFDA),,,,,,,,,,,,,NONE,HIGH,,,,,,,,,الطازج,Al Tazaj,السعرات متاحة رسميًا على قائمة الفرع/التطبيق (إلزام SFDA منذ ١ يوليو ٢٠٢٥). الماكروز غير منشورة — تبقى فارغة.
QGAP-00373,NEEDS_HUMAN_REVIEW,الأصل العام موجود في قِمّة — يُحسم بشريًا إن كان المتغيّر يستحق صفًّا مستقلًا,الطازج - بطاطس مقلية,Al Tazaj - French fries,الطازج,Al Tazaj,Al Tazaj,RESTAURANT,مطاعم,دجاج مشوي,,,KSA,KSA,,VERY_HIGH,P1,EXISTS_GENERIC_ONLY,fries · بطاطس مقلية,OFFICIAL_LOCAL_KCAL,Al Tazaj menu (SFDA),,,,,,,,,,,,,NONE,HIGH,,,,,,,,,الطازج,Al Tazaj,السعرات متاحة رسميًا على قائمة الفرع/التطبيق (إلزام SFDA منذ ١ يوليو ٢٠٢٥). الماكروز غير منشورة — تبقى فارغة.
QGAP-00374,NEEDS_HUMAN_REVIEW,الأصل العام موجود في قِمّة — يُحسم بشريًا إن كان المتغيّر يستحق صفًّا مستقلًا,الطازج - رز أبيض,Al Tazaj - White rice,الطازج,Al Tazaj,Al Tazaj,RESTAURANT,مطاعم,دجاج مشوي,,,KSA,KSA,,VERY_HIGH,P1,EXISTS_GENERIC_ONLY,white-rice · رز أبيض,OFFICIAL_LOCAL_KCAL,Al Tazaj menu (SFDA),,,,,,,,,,,,,NONE,HIGH,,,,,,,,,الطازج,Al Tazaj,السعرات متاحة رسميًا على قائمة الفرع/التطبيق (إلزام SFDA منذ ١ يوليو ٢٠٢٥). الماكروز غير منشورة — تبقى فارغة.
QGAP-00375,NEEDS_SOURCE,سعرات رسمية على قائمة الفرع/التطبيق (إلزام SFDA) — تُقرأ يدويًا؛ الماكروز غير منشورة,الطازج - شوربة,Al Tazaj - Soup,الطازج,Al Tazaj,Al Tazaj,RESTAURANT,مطاعم,دجاج مشوي,,,KSA,KSA,,VERY_HIGH,P1,MISSING,,OFFICIAL_LOCAL_KCAL,Al Tazaj menu (SFDA),,,,,,,,,,,,,NONE,HIGH,,,,,,,,,الطازج,Al Tazaj,السعرات متاحة رسميًا على قائمة الفرع/التطبيق (إلزام SFDA منذ ١ يوليو ٢٠٢٥). الماكروز غير منشورة — تبقى فارغة.
QGAP-00376,NEEDS_SOURCE,سعرات رسمية على قائمة الفرع/التطبيق (إلزام SFDA) — تُقرأ يدويًا؛ الماكروز غير منشورة,الطازج - صوص حار,Al Tazaj - Hot sauce,الطازج,Al Tazaj,Al Tazaj,RESTAURANT,مطاعم,دجاج مشوي,,,KSA,KSA,,VERY_HIGH,P1,MISSING,,OFFICIAL_LOCAL_KCAL,Al Tazaj menu (SFDA),,,,,,,,,,,,,NONE,HIGH,,,,,,,,,الطازج,Al Tazaj,السعرات متاحة رسميًا على قائمة الفرع/التطبيق (إلزام SFDA منذ ١ يوليو ٢٠٢٥). الماكروز غير منشورة — تبقى فارغة.
QGAP-00377,NEEDS_SOURCE,سعرات رسمية على قائمة الفرع/التطبيق (إلزام SFDA) — تُقرأ يدويًا؛ الماكروز غير منشورة,الطازج - وجبة ربع دجاج مع رز,Al Tazaj - Quarter chicken with rice meal,الطازج,Al Tazaj,Al Tazaj,RESTAURANT,مطاعم,دجاج مشوي,,,KSA,KSA,,VERY_HIGH,P1,MISSING,,OFFICIAL_LOCAL_KCAL,Al Tazaj menu (SFDA),,,,,,,,,,,,,NONE,HIGH,,,,,,,,,الطازج,Al Tazaj,السعرات متاحة رسميًا على قائمة الفرع/التطبيق (إلزام SFDA منذ ١ يوليو ٢٠٢٥). الماكروز غير منشورة — تبقى فارغة.
QGAP-00378,NEEDS_HUMAN_REVIEW,الأصل العام موجود في قِمّة — يُحسم بشريًا إن كان المتغيّر يستحق صفًّا مستقلًا,الطازج - كبدة دجاج,Al Tazaj - Chicken liver,الطازج,Al Tazaj,Al Tazaj,RESTAURANT,مطاعم,دجاج مشوي,,,KSA,KSA,,VERY_HIGH,P1,EXISTS_GENERIC_ONLY,chicken-liver · كبدة دجاج,OFFICIAL_LOCAL_KCAL,Al Tazaj menu (SFDA),,,,,,,,,,,,,NONE,HIGH,,,,,,,,,الطازج,Al Tazaj,السعرات متاحة رسميًا على قائمة الفرع/التطبيق (إلزام SFDA منذ ١ يوليو ٢٠٢٥). الماكروز غير منشورة — تبقى فارغة.
QGAP-00379,NEEDS_HUMAN_REVIEW,الأصل العام موجود في قِمّة — يُحسم بشريًا إن كان المتغيّر يستحق صفًّا مستقلًا,الطازج - مشروب غازي,Al Tazaj - Soft drink,الطازج,Al Tazaj,Al Tazaj,RESTAURANT,مطاعم,دجاج مشوي,,,KSA,KSA,,VERY_HIGH,P1,EXISTS_GENERIC_ONLY,soft-drink · مشروب غازي,OFFICIAL_LOCAL_KCAL,Al Tazaj menu (SFDA),,,,,,,,,,,,,NONE,HIGH,,,,,,,,,الطازج,Al Tazaj,السعرات متاحة رسميًا على قائمة الفرع/التطبيق (إلزام SFDA منذ ١ يوليو ٢٠٢٥). الماكروز غير منشورة — تبقى فارغة.
QGAP-00380,NEEDS_SOURCE,سعرات رسمية على قائمة الفرع/التطبيق (إلزام SFDA) — تُقرأ يدويًا؛ الماكروز غير منشورة,الرومانسية - كبسة دجاج (نصف),Al Romansiah - Chicken kabsa half,الرومانسية,Al Romansiah,Al Romansiah,RESTAURANT,مطاعم,أكل سعودي,,,KSA,KSA,,VERY_HIGH,P1,MISSING,,OFFICIAL_LOCAL_KCAL,Al Romansiah app (SFDA),,,,,,,,,,,,,NONE,HIGH,,,,,,,,,الرومانسية,Al Romansiah,السعرات متاحة رسميًا على قائمة الفرع/التطبيق (إلزام SFDA منذ ١ يوليو ٢٠٢٥). الماكروز غير منشورة — تبقى فارغة.
QGAP-00381,NEEDS_HUMAN_REVIEW,الأصل العام موجود في قِمّة — يُحسم بشريًا إن كان المتغيّر يستحق صفًّا مستقلًا,الرومانسية - كبسة لحم حاشي,Al Romansiah - Camel kabsa,الرومانسية,Al Romansiah,Al Romansiah,RESTAURANT,مطاعم,أكل سعودي,,,KSA,KSA,,VERY_HIGH,P1,EXISTS_GENERIC_ONLY,sfct-95 · كبسة لحم حاشي,OFFICIAL_LOCAL_KCAL,Al Romansiah app (SFDA),,,,,,,,,,,,,NONE,HIGH,,,,,,,,,الرومانسية,Al Romansiah,السعرات متاحة رسميًا على قائمة الفرع/التطبيق (إلزام SFDA منذ ١ يوليو ٢٠٢٥). الماكروز غير منشورة — تبقى فارغة.
QGAP-00382,NEEDS_SOURCE,سعرات رسمية على قائمة الفرع/التطبيق (إلزام SFDA) — تُقرأ يدويًا؛ الماكروز غير منشورة,الرومانسية - مندي دجاج كامل,Al Romansiah - Whole chicken mandi,الرومانسية,Al Romansiah,Al Romansiah,RESTAURANT,مطاعم,أكل سعودي,,,KSA,KSA,,VERY_HIGH,P1,MISSING,,OFFICIAL_LOCAL_KCAL,Al Romansiah app (SFDA),,,,,,,,,,,,,NONE,HIGH,,,,,,,,,الرومانسية,Al Romansiah,السعرات متاحة رسميًا على قائمة الفرع/التطبيق (إلزام SFDA منذ ١ يوليو ٢٠٢٥). الماكروز غير منشورة — تبقى فارغة.
QGAP-00383,NEEDS_SOURCE,سعرات رسمية على قائمة الفرع/التطبيق (إلزام SFDA) — تُقرأ يدويًا؛ الماكروز غير منشورة,الرومانسية - مظبي دجاج,Al Romansiah - Chicken madhbi,الرومانسية,Al Romansiah,Al Romansiah,RESTAURANT,مطاعم,أكل سعودي,,,KSA,KSA,,VERY_HIGH,P1,MISSING,,OFFICIAL_LOCAL_KCAL,Al Romansiah app (SFDA),,,,,,,,,,,,,NONE,HIGH,,,,,,,,,الرومانسية,Al Romansiah,السعرات متاحة رسميًا على قائمة الفرع/التطبيق (إلزام SFDA منذ ١ يوليو ٢٠٢٥). الماكروز غير منشورة — تبقى فارغة.
QGAP-00384,NEEDS_HUMAN_REVIEW,الأصل العام موجود في قِمّة — يُحسم بشريًا إن كان المتغيّر يستحق صفًّا مستقلًا,الرومانسية - مضغوط دجاج,Al Romansiah - Chicken madghoot,الرومانسية,Al Romansiah,Al Romansiah,RESTAURANT,مطاعم,أكل سعودي,,,KSA,KSA,,VERY_HIGH,P1,EXISTS_GENERIC_ONLY,madghoot-chicken · مضغوط دجاج,OFFICIAL_LOCAL_KCAL,Al Romansiah app (SFDA),,,,,,,,,,,,,NONE,HIGH,,,,,,,,,الرومانسية,Al Romansiah,السعرات متاحة رسميًا على قائمة الفرع/التطبيق (إلزام SFDA منذ ١ يوليو ٢٠٢٥). الماكروز غير منشورة — تبقى فارغة.
QGAP-00385,NEEDS_SOURCE,سعرات رسمية على قائمة الفرع/التطبيق (إلزام SFDA) — تُقرأ يدويًا؛ الماكروز غير منشورة,الرومانسية - حنيذ لحم,Al Romansiah - Lamb haneeth,الرومانسية,Al Romansiah,Al Romansiah,RESTAURANT,مطاعم,أكل سعودي,,,KSA,KSA,,VERY_HIGH,P1,MISSING,,OFFICIAL_LOCAL_KCAL,Al Romansiah app (SFDA),,,,,,,,,,,,,NONE,HIGH,,,,,,,,,الرومانسية,Al Romansiah,السعرات متاحة رسميًا على قائمة الفرع/التطبيق (إلزام SFDA منذ ١ يوليو ٢٠٢٥). الماكروز غير منشورة — تبقى فارغة.
QGAP-00386,NEEDS_HUMAN_REVIEW,الأصل العام موجود في قِمّة — يُحسم بشريًا إن كان المتغيّر يستحق صفًّا مستقلًا,الرومانسية - برياني دجاج,Al Romansiah - Chicken biryani,الرومانسية,Al Romansiah,Al Romansiah,RESTAURANT,مطاعم,أكل سعودي,,,KSA,KSA,,VERY_HIGH,P1,EXISTS_GENERIC_ONLY,biryani-chicken · برياني دجاج,OFFICIAL_LOCAL_KCAL,Al Romansiah app (SFDA),,,,,,,,,,,,,NONE,HIGH,,,,,,,,,الرومانسية,Al Romansiah,السعرات متاحة رسميًا على قائمة الفرع/التطبيق (إلزام SFDA منذ ١ يوليو ٢٠٢٥). الماكروز غير منشورة — تبقى فارغة.
QGAP-00387,NEEDS_SOURCE,سعرات رسمية على قائمة الفرع/التطبيق (إلزام SFDA) — تُقرأ يدويًا؛ الماكروز غير منشورة,الرومانسية - جريش,Al Romansiah - Jareesh,الرومانسية,Al Romansiah,Al Romansiah,RESTAURANT,مطاعم,أكل سعودي,,,KSA,KSA,,VERY_HIGH,P1,MISSING,,OFFICIAL_LOCAL_KCAL,Al Romansiah app (SFDA),,,,,,,,,,,,,NONE,HIGH,,,,,,,,,الرومانسية,Al Romansiah,السعرات متاحة رسميًا على قائمة الفرع/التطبيق (إلزام SFDA منذ ١ يوليو ٢٠٢٥). الماكروز غير منشورة — تبقى فارغة.
QGAP-00388,NEEDS_SOURCE,سعرات رسمية على قائمة الفرع/التطبيق (إلزام SFDA) — تُقرأ يدويًا؛ الماكروز غير منشورة,الرومانسية - قرصان,Al Romansiah - Qursan,الرومانسية,Al Romansiah,Al Romansiah,RESTAURANT,مطاعم,أكل سعودي,,,KSA,KSA,,VERY_HIGH,P1,MISSING,,OFFICIAL_LOCAL_KCAL,Al Romansiah app (SFDA),,,,,,,,,,,,,NONE,HIGH,,,,,,,,,الرومانسية,Al Romansiah,السعرات متاحة رسميًا على قائمة الفرع/التطبيق (إلزام SFDA منذ ١ يوليو ٢٠٢٥). الماكروز غير منشورة — تبقى فارغة.
QGAP-00389,NEEDS_SOURCE,سعرات رسمية على قائمة الفرع/التطبيق (إلزام SFDA) — تُقرأ يدويًا؛ الماكروز غير منشورة,الرومانسية - مرقوق,Al Romansiah - Marqouq,الرومانسية,Al Romansiah,Al Romansiah,RESTAURANT,مطاعم,أكل سعودي,,,KSA,KSA,,VERY_HIGH,P1,MISSING,,OFFICIAL_LOCAL_KCAL,Al Romansiah app (SFDA),,,,,,,,,,,,,NONE,HIGH,,,,,,,,,الرومانسية,Al Romansiah,السعرات متاحة رسميًا على قائمة الفرع/التطبيق (إلزام SFDA منذ ١ يوليو ٢٠٢٥). الماكروز غير منشورة — تبقى فارغة.
QGAP-00390,NEEDS_SOURCE,سعرات رسمية على قائمة الفرع/التطبيق (إلزام SFDA) — تُقرأ يدويًا؛ الماكروز غير منشورة,الرومانسية - مطازيز,Al Romansiah - Matazeez,الرومانسية,Al Romansiah,Al Romansiah,RESTAURANT,مطاعم,أكل سعودي,,,KSA,KSA,,VERY_HIGH,P1,MISSING,,OFFICIAL_LOCAL_KCAL,Al Romansiah app (SFDA),,,,,,,,,,,,,NONE,HIGH,,,,,,,,,الرومانسية,Al Romansiah,السعرات متاحة رسميًا على قائمة الفرع/التطبيق (إلزام SFDA منذ ١ يوليو ٢٠٢٥). الماكروز غير منشورة — تبقى فارغة.
QGAP-00391,NEEDS_SOURCE,سعرات رسمية على قائمة الفرع/التطبيق (إلزام SFDA) — تُقرأ يدويًا؛ الماكروز غير منشورة,الرومانسية - سليق,Al Romansiah - Saleeg,الرومانسية,Al Romansiah,Al Romansiah,RESTAURANT,مطاعم,أكل سعودي,,,KSA,KSA,,VERY_HIGH,P1,MISSING,,OFFICIAL_LOCAL_KCAL,Al Romansiah app (SFDA),,,,,,,,,,,,,NONE,HIGH,,,,,,,,,الرومانسية,Al Romansiah,السعرات متاحة رسميًا على قائمة الفرع/التطبيق (إلزام SFDA منذ ١ يوليو ٢٠٢٥). الماكروز غير منشورة — تبقى فارغة.
QGAP-00392,NEEDS_SOURCE,سعرات رسمية على قائمة الفرع/التطبيق (إلزام SFDA) — تُقرأ يدويًا؛ الماكروز غير منشورة,الرومانسية - شوربة حب,Al Romansiah - Grain soup,الرومانسية,Al Romansiah,Al Romansiah,RESTAURANT,مطاعم,أكل سعودي,,,KSA,KSA,,VERY_HIGH,P1,MISSING,,OFFICIAL_LOCAL_KCAL,Al Romansiah app (SFDA),,,,,,,,,,,,,NONE,HIGH,,,,,,,,,الرومانسية,Al Romansiah,السعرات متاحة رسميًا على قائمة الفرع/التطبيق (إلزام SFDA منذ ١ يوليو ٢٠٢٥). الماكروز غير منشورة — تبقى فارغة.
QGAP-00393,NEEDS_SOURCE,سعرات رسمية على قائمة الفرع/التطبيق (إلزام SFDA) — تُقرأ يدويًا؛ الماكروز غير منشورة,الرومانسية - سمبوسة,Al Romansiah - Samosa,الرومانسية,Al Romansiah,Al Romansiah,RESTAURANT,مطاعم,أكل سعودي,,,KSA,KSA,,VERY_HIGH,P1,MISSING,,OFFICIAL_LOCAL_KCAL,Al Romansiah app (SFDA),,,,,,,,,,,,,NONE,HIGH,,,,,,,,,الرومانسية,Al Romansiah,السعرات متاحة رسميًا على قائمة الفرع/التطبيق (إلزام SFDA منذ ١ يوليو ٢٠٢٥). الماكروز غير منشورة — تبقى فارغة.
QGAP-00394,NEEDS_SOURCE,سعرات رسمية على قائمة الفرع/التطبيق (إلزام SFDA) — تُقرأ يدويًا؛ الماكروز غير منشورة,الرومانسية - سلطة الرومانسية,Al Romansiah - Al Romansiah salad,الرومانسية,Al Romansiah,Al Romansiah,RESTAURANT,مطاعم,أكل سعودي,,,KSA,KSA,,VERY_HIGH,P1,MISSING,,OFFICIAL_LOCAL_KCAL,Al Romansiah app (SFDA),,,,,,,,,,,,,NONE,HIGH,,,,,,,,,الرومانسية,Al Romansiah,السعرات متاحة رسميًا على قائمة الفرع/التطبيق (إلزام SFDA منذ ١ يوليو ٢٠٢٥). الماكروز غير منشورة — تبقى فارغة.
QGAP-00395,NEEDS_SOURCE,سعرات رسمية على قائمة الفرع/التطبيق (إلزام SFDA) — تُقرأ يدويًا؛ الماكروز غير منشورة,الرومانسية - داقوس,Al Romansiah - Daqoos,الرومانسية,Al Romansiah,Al Romansiah,RESTAURANT,مطاعم,أكل سعودي,,,KSA,KSA,,VERY_HIGH,P1,MISSING,,OFFICIAL_LOCAL_KCAL,Al Romansiah app (SFDA),,,,,,,,,,,,,NONE,HIGH,,,,,,,,,الرومانسية,Al Romansiah,السعرات متاحة رسميًا على قائمة الفرع/التطبيق (إلزام SFDA منذ ١ يوليو ٢٠٢٥). الماكروز غير منشورة — تبقى فارغة.
QGAP-00396,NEEDS_SOURCE,سعرات رسمية على قائمة الفرع/التطبيق (إلزام SFDA) — تُقرأ يدويًا؛ الماكروز غير منشورة,الرومانسية - لقيمات,Al Romansiah - Luqaimat,الرومانسية,Al Romansiah,Al Romansiah,RESTAURANT,مطاعم,أكل سعودي,,,KSA,KSA,,VERY_HIGH,P1,MISSING,,OFFICIAL_LOCAL_KCAL,Al Romansiah app (SFDA),,,,,,,,,,,,,NONE,HIGH,,,,,,,,,الرومانسية,Al Romansiah,السعرات متاحة رسميًا على قائمة الفرع/التطبيق (إلزام SFDA منذ ١ يوليو ٢٠٢٥). الماكروز غير منشورة — تبقى فارغة.
QGAP-00397,NEEDS_SOURCE,سعرات رسمية على قائمة الفرع/التطبيق (إلزام SFDA) — تُقرأ يدويًا؛ الماكروز غير منشورة,الرومانسية - كنافة,Al Romansiah - Kunafa,الرومانسية,Al Romansiah,Al Romansiah,RESTAURANT,مطاعم,أكل سعودي,,,KSA,KSA,,VERY_HIGH,P1,MISSING,,OFFICIAL_LOCAL_KCAL,Al Romansiah app (SFDA),,,,,,,,,,,,,NONE,HIGH,,,,,,,,,الرومانسية,Al Romansiah,السعرات متاحة رسميًا على قائمة الفرع/التطبيق (إلزام SFDA منذ ١ يوليو ٢٠٢٥). الماكروز غير منشورة — تبقى فارغة.
QGAP-00398,NEEDS_SOURCE,سعرات رسمية على قائمة الفرع/التطبيق (إلزام SFDA) — تُقرأ يدويًا؛ الماكروز غير منشورة,الرومانسية - معصوب,Al Romansiah - Masoub,الرومانسية,Al Romansiah,Al Romansiah,RESTAURANT,مطاعم,أكل سعودي,,,KSA,KSA,,VERY_HIGH,P1,MISSING,,OFFICIAL_LOCAL_KCAL,Al Romansiah app (SFDA),,,,,,,,,,,,,NONE,HIGH,,,,,,,,,الرومانسية,Al Romansiah,السعرات متاحة رسميًا على قائمة الفرع/التطبيق (إلزام SFDA منذ ١ يوليو ٢٠٢٥). الماكروز غير منشورة — تبقى فارغة.
QGAP-00399,NEEDS_SOURCE,سعرات رسمية على قائمة الفرع/التطبيق (إلزام SFDA) — تُقرأ يدويًا؛ الماكروز غير منشورة,الرومانسية - عريكة,Al Romansiah - Areekah,الرومانسية,Al Romansiah,Al Romansiah,RESTAURANT,مطاعم,أكل سعودي,,,KSA,KSA,,VERY_HIGH,P1,MISSING,,OFFICIAL_LOCAL_KCAL,Al Romansiah app (SFDA),,,,,,,,,,,,,NONE,HIGH,,,,,,,,,الرومانسية,Al Romansiah,السعرات متاحة رسميًا على قائمة الفرع/التطبيق (إلزام SFDA منذ ١ يوليو ٢٠٢٥). الماكروز غير منشورة — تبقى فارغة.
QGAP-00400,NEEDS_HUMAN_REVIEW,الأصل العام موجود في قِمّة — يُحسم بشريًا إن كان المتغيّر يستحق صفًّا مستقلًا,الرومانسية - قهوة عربية,Al Romansiah - Arabic coffee,الرومانسية,Al Romansiah,Al Romansiah,RESTAURANT,مطاعم,أكل سعودي,,,KSA,KSA,,VERY_HIGH,P1,EXISTS_GENERIC_ONLY,arabic-coffee · قهوة عربية,OFFICIAL_LOCAL_KCAL,Al Romansiah app (SFDA),,,,,,,,,,,,,NONE,HIGH,,,,,,,,,الرومانسية,Al Romansiah,السعرات متاحة رسميًا على قائمة الفرع/التطبيق (إلزام SFDA منذ ١ يوليو ٢٠٢٥). الماكروز غير منشورة — تبقى فارغة.
QGAP-00401,NEEDS_SOURCE,سعرات رسمية على قائمة الفرع/التطبيق (إلزام SFDA) — تُقرأ يدويًا؛ الماكروز غير منشورة,الرومانسية - تمر,Al Romansiah - Dates,الرومانسية,Al Romansiah,Al Romansiah,RESTAURANT,مطاعم,أكل سعودي,,,KSA,KSA,,VERY_HIGH,P1,MISSING,,OFFICIAL_LOCAL_KCAL,Al Romansiah app (SFDA),,,,,,,,,,,,,NONE,HIGH,,,,,,,,,الرومانسية,Al Romansiah,السعرات متاحة رسميًا على قائمة الفرع/التطبيق (إلزام SFDA منذ ١ يوليو ٢٠٢٥). الماكروز غير منشورة — تبقى فارغة.
QGAP-00402,NEEDS_SOURCE,سعرات رسمية على قائمة الفرع/التطبيق (إلزام SFDA) — تُقرأ يدويًا؛ الماكروز غير منشورة,الرومانسية - مفطح لحم,Al Romansiah - Maftah lamb,الرومانسية,Al Romansiah,Al Romansiah,RESTAURANT,مطاعم,أكل سعودي,,,KSA,KSA,,VERY_HIGH,P1,MISSING,,OFFICIAL_LOCAL_KCAL,Al Romansiah app (SFDA),,,,,,,,,,,,,NONE,HIGH,,,,,,,,,الرومانسية,Al Romansiah,السعرات متاحة رسميًا على قائمة الفرع/التطبيق (إلزام SFDA منذ ١ يوليو ٢٠٢٥). الماكروز غير منشورة — تبقى فارغة.
QGAP-00403,NEEDS_HUMAN_REVIEW,الأصل العام موجود في قِمّة — يُحسم بشريًا إن كان المتغيّر يستحق صفًّا مستقلًا,الرومانسية - رز بخاري باللحم,Al Romansiah - Bukhari rice with lamb,الرومانسية,Al Romansiah,Al Romansiah,RESTAURANT,مطاعم,أكل سعودي,,,KSA,KSA,,VERY_HIGH,P1,EXISTS_GENERIC_ONLY,sfct-11 · رز بخاري باللحم,OFFICIAL_LOCAL_KCAL,Al Romansiah app (SFDA),,,,,,,,,,,,,NONE,HIGH,,,,,,,,,الرومانسية,Al Romansiah,السعرات متاحة رسميًا على قائمة الفرع/التطبيق (إلزام SFDA منذ ١ يوليو ٢٠٢٥). الماكروز غير منشورة — تبقى فارغة.
QGAP-00404,NEEDS_SOURCE,سعرات رسمية على قائمة الفرع/التطبيق (إلزام SFDA) — تُقرأ يدويًا؛ الماكروز غير منشورة,الرومانسية - صحن خضار مشوي,Al Romansiah - Grilled vegetables,الرومانسية,Al Romansiah,Al Romansiah,RESTAURANT,مطاعم,أكل سعودي,,,KSA,KSA,,VERY_HIGH,P1,MISSING,,OFFICIAL_LOCAL_KCAL,Al Romansiah app (SFDA),,,,,,,,,,,,,NONE,HIGH,,,,,,,,,الرومانسية,Al Romansiah,السعرات متاحة رسميًا على قائمة الفرع/التطبيق (إلزام SFDA منذ ١ يوليو ٢٠٢٥). الماكروز غير منشورة — تبقى فارغة.
QGAP-00405,NEEDS_HUMAN_REVIEW,الأصل العام موجود في قِمّة — يُحسم بشريًا إن كان المتغيّر يستحق صفًّا مستقلًا,شاورمر - شاورما دجاج عادي,Shawarmer - Regular chicken shawarma,شاورمر,Shawarmer,Shawarmer,RESTAURANT,مطاعم,شاورما,,,KSA,KSA,,VERY_HIGH,P1,EXISTS_GENERIC_ONLY,shawarma-chicken · شاورما دجاج,OFFICIAL_LOCAL_KCAL,Shawarmer app (SFDA),,,,,,,,,,,,,NONE,HIGH,,,,,,,,,شاورمر,Shawarmer,السعرات متاحة رسميًا على قائمة الفرع/التطبيق (إلزام SFDA منذ ١ يوليو ٢٠٢٥). الماكروز غير منشورة — تبقى فارغة.
QGAP-00406,NEEDS_HUMAN_REVIEW,الأصل العام موجود في قِمّة — يُحسم بشريًا إن كان المتغيّر يستحق صفًّا مستقلًا,شاورمر - شاورما دجاج سبيشال,Shawarmer - Special chicken shawarma,شاورمر,Shawarmer,Shawarmer,RESTAURANT,مطاعم,شاورما,,,KSA,KSA,,VERY_HIGH,P1,EXISTS_GENERIC_ONLY,shawarma-chicken · شاورما دجاج,OFFICIAL_LOCAL_KCAL,Shawarmer app (SFDA),,,,,,,,,,,,,NONE,HIGH,,,,,,,,,شاورمر,Shawarmer,السعرات متاحة رسميًا على قائمة الفرع/التطبيق (إلزام SFDA منذ ١ يوليو ٢٠٢٥). الماكروز غير منشورة — تبقى فارغة.
QGAP-00407,NEEDS_SOURCE,سعرات رسمية على قائمة الفرع/التطبيق (إلزام SFDA) — تُقرأ يدويًا؛ الماكروز غير منشورة,شاورمر - شاورمر ميكس,Shawarmer - Shawarmer mix,شاورمر,Shawarmer,Shawarmer,RESTAURANT,مطاعم,شاورما,,,KSA,KSA,,VERY_HIGH,P1,MISSING,,OFFICIAL_LOCAL_KCAL,Shawarmer app (SFDA),,,,,,,,,,,,,NONE,HIGH,,,,,,,,,شاورمر,Shawarmer,السعرات متاحة رسميًا على قائمة الفرع/التطبيق (إلزام SFDA منذ ١ يوليو ٢٠٢٥). الماكروز غير منشورة — تبقى فارغة.
QGAP-00408,NEEDS_HUMAN_REVIEW,الأصل العام موجود في قِمّة — يُحسم بشريًا إن كان المتغيّر يستحق صفًّا مستقلًا,شاورمر - صحن شاورما دجاج,Shawarmer - Chicken shawarma plate,شاورمر,Shawarmer,Shawarmer,RESTAURANT,مطاعم,شاورما,,,KSA,KSA,,VERY_HIGH,P1,EXISTS_GENERIC_ONLY,r2-eat-015 · صحن شاورما دجاج,OFFICIAL_LOCAL_KCAL,Shawarmer app (SFDA),,,,,,,,,,,,,NONE,HIGH,,,,,,,,,شاورمر,Shawarmer,السعرات متاحة رسميًا على قائمة الفرع/التطبيق (إلزام SFDA منذ ١ يوليو ٢٠٢٥). الماكروز غير منشورة — تبقى فارغة.
QGAP-00409,NEEDS_SOURCE,سعرات رسمية على قائمة الفرع/التطبيق (إلزام SFDA) — تُقرأ يدويًا؛ الماكروز غير منشورة,شاورمر - شاورما صاروخ,Shawarmer - Rocket shawarma,شاورمر,Shawarmer,Shawarmer,RESTAURANT,مطاعم,شاورما,,,KSA,KSA,,VERY_HIGH,P1,MISSING,,OFFICIAL_LOCAL_KCAL,Shawarmer app (SFDA),,,,,,,,,,,,,NONE,HIGH,,,,,,,,,شاورمر,Shawarmer,السعرات متاحة رسميًا على قائمة الفرع/التطبيق (إلزام SFDA منذ ١ يوليو ٢٠٢٥). الماكروز غير منشورة — تبقى فارغة.
QGAP-00410,NEEDS_SOURCE,سعرات رسمية على قائمة الفرع/التطبيق (إلزام SFDA) — تُقرأ يدويًا؛ الماكروز غير منشورة,شاورمر - شاورما بالجبن,Shawarmer - Cheese shawarma,شاورمر,Shawarmer,Shawarmer,RESTAURANT,مطاعم,شاورما,,,KSA,KSA,,VERY_HIGH,P1,MISSING,,OFFICIAL_LOCAL_KCAL,Shawarmer app (SFDA),,,,,,,,,,,,,NONE,HIGH,,,,,,,,,شاورمر,Shawarmer,السعرات متاحة رسميًا على قائمة الفرع/التطبيق (إلزام SFDA منذ ١ يوليو ٢٠٢٥). الماكروز غير منشورة — تبقى فارغة.
QGAP-00411,NEEDS_HUMAN_REVIEW,الأصل العام موجود في قِمّة — يُحسم بشريًا إن كان المتغيّر يستحق صفًّا مستقلًا,شاورمر - ساندويتش فلافل,Shawarmer - Falafel sandwich,شاورمر,Shawarmer,Shawarmer,RESTAURANT,مطاعم,شاورما,,,KSA,KSA,,VERY_HIGH,P1,EXISTS_GENERIC_ONLY,falafel-sandwich · ساندويتش فلافل,OFFICIAL_LOCAL_KCAL,Shawarmer app (SFDA),,,,,,,,,,,,,NONE,HIGH,,,,,,,,,شاورمر,Shawarmer,السعرات متاحة رسميًا على قائمة الفرع/التطبيق (إلزام SFDA منذ ١ يوليو ٢٠٢٥). الماكروز غير منشورة — تبقى فارغة.
QGAP-00412,NEEDS_HUMAN_REVIEW,الأصل العام موجود في قِمّة — يُحسم بشريًا إن كان المتغيّر يستحق صفًّا مستقلًا,شاورمر - حمص بالطحينة,Shawarmer - Hummus with tahini,شاورمر,Shawarmer,Shawarmer,RESTAURANT,مطاعم,شاورما,,,KSA,KSA,,VERY_HIGH,P1,EXISTS_GENERIC_ONLY,gcc-21 · حمّص بالطحينة,OFFICIAL_LOCAL_KCAL,Shawarmer app (SFDA),,,,,,,,,,,,,NONE,HIGH,,,,,,,,,شاورمر,Shawarmer,السعرات متاحة رسميًا على قائمة الفرع/التطبيق (إلزام SFDA منذ ١ يوليو ٢٠٢٥). الماكروز غير منشورة — تبقى فارغة.
QGAP-00413,NEEDS_HUMAN_REVIEW,الأصل العام موجود في قِمّة — يُحسم بشريًا إن كان المتغيّر يستحق صفًّا مستقلًا,شاورمر - فتوش,Shawarmer - Fattoush,شاورمر,Shawarmer,Shawarmer,RESTAURANT,مطاعم,شاورما,,,KSA,KSA,,VERY_HIGH,P1,EXISTS_GENERIC_ONLY,fattoush · فتوش,OFFICIAL_LOCAL_KCAL,Shawarmer app (SFDA),,,,,,,,,,,,,NONE,HIGH,,,,,,,,,شاورمر,Shawarmer,السعرات متاحة رسميًا على قائمة الفرع/التطبيق (إلزام SFDA منذ ١ يوليو ٢٠٢٥). الماكروز غير منشورة — تبقى فارغة.
QGAP-00414,NEEDS_HUMAN_REVIEW,الأصل العام موجود في قِمّة — يُحسم بشريًا إن كان المتغيّر يستحق صفًّا مستقلًا,شاورمر - تبولة,Shawarmer - Tabbouleh,شاورمر,Shawarmer,Shawarmer,RESTAURANT,مطاعم,شاورما,,,KSA,KSA,,VERY_HIGH,P1,EXISTS_GENERIC_ONLY,tabbouleh · تبولة,OFFICIAL_LOCAL_KCAL,Shawarmer app (SFDA),,,,,,,,,,,,,NONE,HIGH,,,,,,,,,شاورمر,Shawarmer,السعرات متاحة رسميًا على قائمة الفرع/التطبيق (إلزام SFDA منذ ١ يوليو ٢٠٢٥). الماكروز غير منشورة — تبقى فارغة.
QGAP-00415,NEEDS_SOURCE,سعرات رسمية على قائمة الفرع/التطبيق (إلزام SFDA) — تُقرأ يدويًا؛ الماكروز غير منشورة,شاورمر - كبة,Shawarmer - Kibbeh,شاورمر,Shawarmer,Shawarmer,RESTAURANT,مطاعم,شاورما,,,KSA,KSA,,VERY_HIGH,P1,MISSING,,OFFICIAL_LOCAL_KCAL,Shawarmer app (SFDA),,,,,,,,,,,,,NONE,HIGH,,,,,,,,,شاورمر,Shawarmer,السعرات متاحة رسميًا على قائمة الفرع/التطبيق (إلزام SFDA منذ ١ يوليو ٢٠٢٥). الماكروز غير منشورة — تبقى فارغة.
QGAP-00416,NEEDS_HUMAN_REVIEW,الأصل العام موجود في قِمّة — يُحسم بشريًا إن كان المتغيّر يستحق صفًّا مستقلًا,شاورمر - سمبوسة,Shawarmer - Samosa,شاورمر,Shawarmer,Shawarmer,RESTAURANT,مطاعم,شاورما,,,KSA,KSA,,VERY_HIGH,P1,EXISTS_GENERIC_ONLY,samosa · سمبوسة,OFFICIAL_LOCAL_KCAL,Shawarmer app (SFDA),,,,,,,,,,,,,NONE,HIGH,,,,,,,,,شاورمر,Shawarmer,السعرات متاحة رسميًا على قائمة الفرع/التطبيق (إلزام SFDA منذ ١ يوليو ٢٠٢٥). الماكروز غير منشورة — تبقى فارغة.
QGAP-00417,NEEDS_HUMAN_REVIEW,الأصل العام موجود في قِمّة — يُحسم بشريًا إن كان المتغيّر يستحق صفًّا مستقلًا,شاورمر - عصير ليمون نعناع,Shawarmer - Lemon mint juice,شاورمر,Shawarmer,Shawarmer,RESTAURANT,مطاعم,شاورما,,,KSA,KSA,,VERY_HIGH,P1,EXISTS_GENERIC_ONLY,lemon-mint · ليمون نعناع,OFFICIAL_LOCAL_KCAL,Shawarmer app (SFDA),,,,,,,,,,,,,NONE,HIGH,,,,,,,,,شاورمر,Shawarmer,السعرات متاحة رسميًا على قائمة الفرع/التطبيق (إلزام SFDA منذ ١ يوليو ٢٠٢٥). الماكروز غير منشورة — تبقى فارغة.
QGAP-00418,NEEDS_SOURCE,سعرات رسمية على قائمة الفرع/التطبيق (إلزام SFDA) — تُقرأ يدويًا؛ الماكروز غير منشورة,شاورمر - شاورما صحي (خبز أسمر),Shawarmer - Healthy brown bread shawarma,شاورمر,Shawarmer,Shawarmer,RESTAURANT,مطاعم,شاورما,,,KSA,KSA,,VERY_HIGH,P1,MISSING,,OFFICIAL_LOCAL_KCAL,Shawarmer app (SFDA),,,,,,,,,,,,,NONE,HIGH,,,,,,,,,شاورمر,Shawarmer,السعرات متاحة رسميًا على قائمة الفرع/التطبيق (إلزام SFDA منذ ١ يوليو ٢٠٢٥). الماكروز غير منشورة — تبقى فارغة.
QGAP-00419,NEEDS_SOURCE,سعرات رسمية على قائمة الفرع/التطبيق (إلزام SFDA) — تُقرأ يدويًا؛ الماكروز غير منشورة,شاورمر - وجبة شاورما عائلية,Shawarmer - Family shawarma meal,شاورمر,Shawarmer,Shawarmer,RESTAURANT,مطاعم,شاورما,,,KSA,KSA,,VERY_HIGH,P1,MISSING,,OFFICIAL_LOCAL_KCAL,Shawarmer app (SFDA),,,,,,,,,,,,,NONE,HIGH,,,,,,,,,شاورمر,Shawarmer,السعرات متاحة رسميًا على قائمة الفرع/التطبيق (إلزام SFDA منذ ١ يوليو ٢٠٢٥). الماكروز غير منشورة — تبقى فارغة.
QGAP-00420,NEEDS_SOURCE,سعرات رسمية على قائمة الفرع/التطبيق (إلزام SFDA) — تُقرأ يدويًا؛ الماكروز غير منشورة,شاورمر - مقبلات مشكلة,Shawarmer - Mixed appetizers,شاورمر,Shawarmer,Shawarmer,RESTAURANT,مطاعم,شاورما,,,KSA,KSA,,VERY_HIGH,P1,MISSING,,OFFICIAL_LOCAL_KCAL,Shawarmer app (SFDA),,,,,,,,,,,,,NONE,HIGH,,,,,,,,,شاورمر,Shawarmer,السعرات متاحة رسميًا على قائمة الفرع/التطبيق (إلزام SFDA منذ ١ يوليو ٢٠٢٥). الماكروز غير منشورة — تبقى فارغة.
QGAP-00421,NEEDS_HUMAN_REVIEW,الأصل العام موجود في قِمّة — يُحسم بشريًا إن كان المتغيّر يستحق صفًّا مستقلًا,شاورمر - شيش طاووق,Shawarmer - Shish tawook,شاورمر,Shawarmer,Shawarmer,RESTAURANT,مطاعم,شاورما,,,KSA,KSA,,VERY_HIGH,P1,EXISTS_GENERIC_ONLY,shish-tawook-meal · شيش طاووق,OFFICIAL_LOCAL_KCAL,Shawarmer app (SFDA),,,,,,,,,,,,,NONE,HIGH,,,,,,,,,شاورمر,Shawarmer,السعرات متاحة رسميًا على قائمة الفرع/التطبيق (إلزام SFDA منذ ١ يوليو ٢٠٢٥). الماكروز غير منشورة — تبقى فارغة.
QGAP-00422,NEEDS_SOURCE,سعرات رسمية على قائمة الفرع/التطبيق (إلزام SFDA) — تُقرأ يدويًا؛ الماكروز غير منشورة,ماما نورة - ساندويتش شاورما عربي,Mama Noura - Arabic shawarma sandwich,ماما نورة,Mama Noura,Mama Noura,RESTAURANT,مطاعم,شاورما,,,KSA,KSA,,VERY_HIGH,P1,MISSING,,OFFICIAL_LOCAL_KCAL,Mama Noura menu (SFDA),,,,,,,,,,,,,NONE,HIGH,,,,,,,,,ماما نورة,Mama Noura,السعرات متاحة رسميًا على قائمة الفرع/التطبيق (إلزام SFDA منذ ١ يوليو ٢٠٢٥). الماكروز غير منشورة — تبقى فارغة.
QGAP-00423,NEEDS_HUMAN_REVIEW,الأصل العام موجود في قِمّة — يُحسم بشريًا إن كان المتغيّر يستحق صفًّا مستقلًا,ماما نورة - صحن شاورما,Mama Noura - Shawarma plate,ماما نورة,Mama Noura,Mama Noura,RESTAURANT,مطاعم,شاورما,,,KSA,KSA,,VERY_HIGH,P1,EXISTS_GENERIC_ONLY,shawarma-plate · شاورما صحن,OFFICIAL_LOCAL_KCAL,Mama Noura menu (SFDA),,,,,,,,,,,,,NONE,HIGH,,,,,,,,,ماما نورة,Mama Noura,السعرات متاحة رسميًا على قائمة الفرع/التطبيق (إلزام SFDA منذ ١ يوليو ٢٠٢٥). الماكروز غير منشورة — تبقى فارغة.
QGAP-00424,NEEDS_SOURCE,سعرات رسمية على قائمة الفرع/التطبيق (إلزام SFDA) — تُقرأ يدويًا؛ الماكروز غير منشورة,ماما نورة - مشاوي مشكلة,Mama Noura - Mixed grill,ماما نورة,Mama Noura,Mama Noura,RESTAURANT,مطاعم,شاورما,,,KSA,KSA,,VERY_HIGH,P1,MISSING,,OFFICIAL_LOCAL_KCAL,Mama Noura menu (SFDA),,,,,,,,,,,,,NONE,HIGH,,,,,,,,,ماما نورة,Mama Noura,السعرات متاحة رسميًا على قائمة الفرع/التطبيق (إلزام SFDA منذ ١ يوليو ٢٠٢٥). الماكروز غير منشورة — تبقى فارغة.
QGAP-00425,NEEDS_SOURCE,سعرات رسمية على قائمة الفرع/التطبيق (إلزام SFDA) — تُقرأ يدويًا؛ الماكروز غير منشورة,ماما نورة - فتة حمص,Mama Noura - Fatteh hummus,ماما نورة,Mama Noura,Mama Noura,RESTAURANT,مطاعم,شاورما,,,KSA,KSA,,VERY_HIGH,P1,MISSING,,OFFICIAL_LOCAL_KCAL,Mama Noura menu (SFDA),,,,,,,,,,,,,NONE,HIGH,,,,,,,,,ماما نورة,Mama Noura,السعرات متاحة رسميًا على قائمة الفرع/التطبيق (إلزام SFDA منذ ١ يوليو ٢٠٢٥). الماكروز غير منشورة — تبقى فارغة.
QGAP-00426,NEEDS_HUMAN_REVIEW,الأصل العام موجود في قِمّة — يُحسم بشريًا إن كان المتغيّر يستحق صفًّا مستقلًا,ماما نورة - متبل باذنجان,Mama Noura - Baba ghanoush,ماما نورة,Mama Noura,Mama Noura,RESTAURANT,مطاعم,شاورما,,,KSA,KSA,,VERY_HIGH,P1,EXISTS_GENERIC_ONLY,gcc-22 · بابا غنوج (متبّل باذنجان),OFFICIAL_LOCAL_KCAL,Mama Noura menu (SFDA),,,,,,,,,,,,,NONE,HIGH,,,,,,,,,ماما نورة,Mama Noura,السعرات متاحة رسميًا على قائمة الفرع/التطبيق (إلزام SFDA منذ ١ يوليو ٢٠٢٥). الماكروز غير منشورة — تبقى فارغة.
QGAP-00427,NEEDS_HUMAN_REVIEW,الأصل العام موجود في قِمّة — يُحسم بشريًا إن كان المتغيّر يستحق صفًّا مستقلًا,ماما نورة - تبولة,Mama Noura - Tabbouleh,ماما نورة,Mama Noura,Mama Noura,RESTAURANT,مطاعم,شاورما,,,KSA,KSA,,VERY_HIGH,P1,EXISTS_GENERIC_ONLY,tabbouleh · تبولة,OFFICIAL_LOCAL_KCAL,Mama Noura menu (SFDA),,,,,,,,,,,,,NONE,HIGH,,,,,,,,,ماما نورة,Mama Noura,السعرات متاحة رسميًا على قائمة الفرع/التطبيق (إلزام SFDA منذ ١ يوليو ٢٠٢٥). الماكروز غير منشورة — تبقى فارغة.
QGAP-00428,NEEDS_HUMAN_REVIEW,الأصل العام موجود في قِمّة — يُحسم بشريًا إن كان المتغيّر يستحق صفًّا مستقلًا,ماما نورة - فتوش,Mama Noura - Fattoush,ماما نورة,Mama Noura,Mama Noura,RESTAURANT,مطاعم,شاورما,,,KSA,KSA,,VERY_HIGH,P1,EXISTS_GENERIC_ONLY,fattoush · فتوش,OFFICIAL_LOCAL_KCAL,Mama Noura menu (SFDA),,,,,,,,,,,,,NONE,HIGH,,,,,,,,,ماما نورة,Mama Noura,السعرات متاحة رسميًا على قائمة الفرع/التطبيق (إلزام SFDA منذ ١ يوليو ٢٠٢٥). الماكروز غير منشورة — تبقى فارغة.
QGAP-00429,NEEDS_HUMAN_REVIEW,الأصل العام موجود في قِمّة — يُحسم بشريًا إن كان المتغيّر يستحق صفًّا مستقلًا,ماما نورة - بطاطس مقلية,Mama Noura - French fries,ماما نورة,Mama Noura,Mama Noura,RESTAURANT,مطاعم,شاورما,,,KSA,KSA,,VERY_HIGH,P1,EXISTS_GENERIC_ONLY,fries · بطاطس مقلية,OFFICIAL_LOCAL_KCAL,Mama Noura menu (SFDA),,,,,,,,,,,,,NONE,HIGH,,,,,,,,,ماما نورة,Mama Noura,السعرات متاحة رسميًا على قائمة الفرع/التطبيق (إلزام SFDA منذ ١ يوليو ٢٠٢٥). الماكروز غير منشورة — تبقى فارغة.
QGAP-00430,NEEDS_SOURCE,سعرات رسمية على قائمة الفرع/التطبيق (إلزام SFDA) — تُقرأ يدويًا؛ الماكروز غير منشورة,ماما نورة - حمص,Mama Noura - Hummus,ماما نورة,Mama Noura,Mama Noura,RESTAURANT,مطاعم,شاورما,,,KSA,KSA,,VERY_HIGH,P1,MISSING,,OFFICIAL_LOCAL_KCAL,Mama Noura menu (SFDA),,,,,,,,,,,,,NONE,HIGH,,,,,,,,,ماما نورة,Mama Noura,السعرات متاحة رسميًا على قائمة الفرع/التطبيق (إلزام SFDA منذ ١ يوليو ٢٠٢٥). الماكروز غير منشورة — تبقى فارغة.
QGAP-00431,NEEDS_HUMAN_REVIEW,الأصل العام موجود في قِمّة — يُحسم بشريًا إن كان المتغيّر يستحق صفًّا مستقلًا,ماما نورة - كبة مقلية,Mama Noura - Fried kibbeh,ماما نورة,Mama Noura,Mama Noura,RESTAURANT,مطاعم,شاورما,,,KSA,KSA,,VERY_HIGH,P1,EXISTS_GENERIC_ONLY,gcc-20 · كبّة مقلية,OFFICIAL_LOCAL_KCAL,Mama Noura menu (SFDA),,,,,,,,,,,,,NONE,HIGH,,,,,,,,,ماما نورة,Mama Noura,السعرات متاحة رسميًا على قائمة الفرع/التطبيق (إلزام SFDA منذ ١ يوليو ٢٠٢٥). الماكروز غير منشورة — تبقى فارغة.
QGAP-00432,NEEDS_HUMAN_REVIEW,الأصل العام موجود في قِمّة — يُحسم بشريًا إن كان المتغيّر يستحق صفًّا مستقلًا,ماما نورة - سمبوسة لحم,Mama Noura - Meat samosa,ماما نورة,Mama Noura,Mama Noura,RESTAURANT,مطاعم,شاورما,,,KSA,KSA,,VERY_HIGH,P1,EXISTS_GENERIC_ONLY,samosa-meat · سمبوسة لحم,OFFICIAL_LOCAL_KCAL,Mama Noura menu (SFDA),,,,,,,,,,,,,NONE,HIGH,,,,,,,,,ماما نورة,Mama Noura,السعرات متاحة رسميًا على قائمة الفرع/التطبيق (إلزام SFDA منذ ١ يوليو ٢٠٢٥). الماكروز غير منشورة — تبقى فارغة.
QGAP-00433,NEEDS_SOURCE,سعرات رسمية على قائمة الفرع/التطبيق (إلزام SFDA) — تُقرأ يدويًا؛ الماكروز غير منشورة,ماما نورة - عصير كوكتيل,Mama Noura - Cocktail juice,ماما نورة,Mama Noura,Mama Noura,RESTAURANT,مطاعم,شاورما,,,KSA,KSA,,VERY_HIGH,P1,MISSING,,OFFICIAL_LOCAL_KCAL,Mama Noura menu (SFDA),,,,,,,,,,,,,NONE,HIGH,,,,,,,,,ماما نورة,Mama Noura,السعرات متاحة رسميًا على قائمة الفرع/التطبيق (إلزام SFDA منذ ١ يوليو ٢٠٢٥). الماكروز غير منشورة — تبقى فارغة.
QGAP-00434,NEEDS_HUMAN_REVIEW,الأصل العام موجود في قِمّة — يُحسم بشريًا إن كان المتغيّر يستحق صفًّا مستقلًا,ماما نورة - أرز بالشعيرية,Mama Noura - Rice with vermicelli,ماما نورة,Mama Noura,Mama Noura,RESTAURANT,مطاعم,شاورما,,,KSA,KSA,,VERY_HIGH,P1,EXISTS_GENERIC_ONLY,rice-vermicelli · رز بشعيرية,OFFICIAL_LOCAL_KCAL,Mama Noura menu (SFDA),,,,,,,,,,,,,NONE,HIGH,,,,,,,,,ماما نورة,Mama Noura,السعرات متاحة رسميًا على قائمة الفرع/التطبيق (إلزام SFDA منذ ١ يوليو ٢٠٢٥). الماكروز غير منشورة — تبقى فارغة.
QGAP-00435,NEEDS_SOURCE,سعرات رسمية على قائمة الفرع/التطبيق (إلزام SFDA) — تُقرأ يدويًا؛ الماكروز غير منشورة,برجرايزر - كلاسيك دبل,Burgerizzr - Classic double,برجرايزر,Burgerizzr,Burgerizzr,RESTAURANT,مطاعم,برجر,,,KSA,KSA,,VERY_HIGH,P1,MISSING,,OFFICIAL_LOCAL_KCAL,Burgerizzr app (SFDA),,,,,,,,,,,,,NONE,HIGH,,,,,,,,,برجرايزر,Burgerizzr,السعرات متاحة رسميًا على قائمة الفرع/التطبيق (إلزام SFDA منذ ١ يوليو ٢٠٢٥). الماكروز غير منشورة — تبقى فارغة.
QGAP-00436,NEEDS_SOURCE,سعرات رسمية على قائمة الفرع/التطبيق (إلزام SFDA) — تُقرأ يدويًا؛ الماكروز غير منشورة,برجرايزر - تشيز برجر,Burgerizzr - Cheeseburger,برجرايزر,Burgerizzr,Burgerizzr,RESTAURANT,مطاعم,برجر,,,KSA,KSA,,VERY_HIGH,P1,MISSING,,OFFICIAL_LOCAL_KCAL,Burgerizzr app (SFDA),,,,,,,,,,,,,NONE,HIGH,,,,,,,,,برجرايزر,Burgerizzr,السعرات متاحة رسميًا على قائمة الفرع/التطبيق (إلزام SFDA منذ ١ يوليو ٢٠٢٥). الماكروز غير منشورة — تبقى فارغة.
QGAP-00437,NEEDS_SOURCE,سعرات رسمية على قائمة الفرع/التطبيق (إلزام SFDA) — تُقرأ يدويًا؛ الماكروز غير منشورة,برجرايزر - مشروم سويس,Burgerizzr - Mushroom Swiss,برجرايزر,Burgerizzr,Burgerizzr,RESTAURANT,مطاعم,برجر,,,KSA,KSA,,VERY_HIGH,P1,MISSING,,OFFICIAL_LOCAL_KCAL,Burgerizzr app (SFDA),,,,,,,,,,,,,NONE,HIGH,,,,,,,,,برجرايزر,Burgerizzr,السعرات متاحة رسميًا على قائمة الفرع/التطبيق (إلزام SFDA منذ ١ يوليو ٢٠٢٥). الماكروز غير منشورة — تبقى فارغة.
QGAP-00438,NEEDS_SOURCE,سعرات رسمية على قائمة الفرع/التطبيق (إلزام SFDA) — تُقرأ يدويًا؛ الماكروز غير منشورة,برجرايزر - برجر حار,Burgerizzr - Spicy burger,برجرايزر,Burgerizzr,Burgerizzr,RESTAURANT,مطاعم,برجر,,,KSA,KSA,,VERY_HIGH,P1,MISSING,,OFFICIAL_LOCAL_KCAL,Burgerizzr app (SFDA),,,,,,,,,,,,,NONE,HIGH,,,,,,,,,برجرايزر,Burgerizzr,السعرات متاحة رسميًا على قائمة الفرع/التطبيق (إلزام SFDA منذ ١ يوليو ٢٠٢٥). الماكروز غير منشورة — تبقى فارغة.
QGAP-00439,NEEDS_SOURCE,سعرات رسمية على قائمة الفرع/التطبيق (إلزام SFDA) — تُقرأ يدويًا؛ الماكروز غير منشورة,برجرايزر - تشيكن ستربس,Burgerizzr - Chicken strips,برجرايزر,Burgerizzr,Burgerizzr,RESTAURANT,مطاعم,برجر,,,KSA,KSA,,VERY_HIGH,P1,MISSING,,OFFICIAL_LOCAL_KCAL,Burgerizzr app (SFDA),,,,,,,,,,,,,NONE,HIGH,,,,,,,,,برجرايزر,Burgerizzr,السعرات متاحة رسميًا على قائمة الفرع/التطبيق (إلزام SFDA منذ ١ يوليو ٢٠٢٥). الماكروز غير منشورة — تبقى فارغة.
QGAP-00440,NEEDS_HUMAN_REVIEW,الأصل العام موجود في قِمّة — يُحسم بشريًا إن كان المتغيّر يستحق صفًّا مستقلًا,برجرايزر - بطاطس بالجبن,Burgerizzr - Cheese fries,برجرايزر,Burgerizzr,Burgerizzr,RESTAURANT,مطاعم,برجر,,,KSA,KSA,,VERY_HIGH,P1,EXISTS_GENERIC_ONLY,loaded-fries · بطاطس بالجبن,OFFICIAL_LOCAL_KCAL,Burgerizzr app (SFDA),,,,,,,,,,,,,NONE,HIGH,,,,,,,,,برجرايزر,Burgerizzr,السعرات متاحة رسميًا على قائمة الفرع/التطبيق (إلزام SFDA منذ ١ يوليو ٢٠٢٥). الماكروز غير منشورة — تبقى فارغة.
QGAP-00441,NEEDS_SOURCE,سعرات رسمية على قائمة الفرع/التطبيق (إلزام SFDA) — تُقرأ يدويًا؛ الماكروز غير منشورة,برجرايزر - بطاطس كبيرة,Burgerizzr - Large fries,برجرايزر,Burgerizzr,Burgerizzr,RESTAURANT,مطاعم,برجر,,,KSA,KSA,,VERY_HIGH,P1,MISSING,,OFFICIAL_LOCAL_KCAL,Burgerizzr app (SFDA),,,,,,,,,,,,,NONE,HIGH,,,,,,,,,برجرايزر,Burgerizzr,السعرات متاحة رسميًا على قائمة الفرع/التطبيق (إلزام SFDA منذ ١ يوليو ٢٠٢٥). الماكروز غير منشورة — تبقى فارغة.
QGAP-00442,NEEDS_HUMAN_REVIEW,الأصل العام موجود في قِمّة — يُحسم بشريًا إن كان المتغيّر يستحق صفًّا مستقلًا,برجرايزر - ميلك شيك,Burgerizzr - Milkshake,برجرايزر,Burgerizzr,Burgerizzr,RESTAURANT,مطاعم,برجر,,,KSA,KSA,,VERY_HIGH,P1,EXISTS_GENERIC_ONLY,milkshake · ميلك شيك,OFFICIAL_LOCAL_KCAL,Burgerizzr app (SFDA),,,,,,,,,,,,,NONE,HIGH,,,,,,,,,برجرايزر,Burgerizzr,السعرات متاحة رسميًا على قائمة الفرع/التطبيق (إلزام SFDA منذ ١ يوليو ٢٠٢٥). الماكروز غير منشورة — تبقى فارغة.
QGAP-00443,NEEDS_HUMAN_REVIEW,الأصل العام موجود في قِمّة — يُحسم بشريًا إن كان المتغيّر يستحق صفًّا مستقلًا,برجرايزر - حلقات بصل,Burgerizzr - Onion rings,برجرايزر,Burgerizzr,Burgerizzr,RESTAURANT,مطاعم,برجر,,,KSA,KSA,,VERY_HIGH,P1,EXISTS_GENERIC_ONLY,onion-rings · حلقات بصل,OFFICIAL_LOCAL_KCAL,Burgerizzr app (SFDA),,,,,,,,,,,,,NONE,HIGH,,,,,,,,,برجرايزر,Burgerizzr,السعرات متاحة رسميًا على قائمة الفرع/التطبيق (إلزام SFDA منذ ١ يوليو ٢٠٢٥). الماكروز غير منشورة — تبقى فارغة.
QGAP-00444,NEEDS_SOURCE,سعرات رسمية على قائمة الفرع/التطبيق (إلزام SFDA) — تُقرأ يدويًا؛ الماكروز غير منشورة,برجرايزر - صوص برجرايزر,Burgerizzr - Burgerizzr sauce,برجرايزر,Burgerizzr,Burgerizzr,RESTAURANT,مطاعم,برجر,,,KSA,KSA,,VERY_HIGH,P1,MISSING,,OFFICIAL_LOCAL_KCAL,Burgerizzr app (SFDA),,,,,,,,,,,,,NONE,HIGH,,,,,,,,,برجرايزر,Burgerizzr,السعرات متاحة رسميًا على قائمة الفرع/التطبيق (إلزام SFDA منذ ١ يوليو ٢٠٢٥). الماكروز غير منشورة — تبقى فارغة.
QGAP-00445,NEEDS_SOURCE,سعرات رسمية على قائمة الفرع/التطبيق (إلزام SFDA) — تُقرأ يدويًا؛ الماكروز غير منشورة,برجرايزر - وجبة كومبو,Burgerizzr - Combo meal,برجرايزر,Burgerizzr,Burgerizzr,RESTAURANT,مطاعم,برجر,,,KSA,KSA,,VERY_HIGH,P1,MISSING,,OFFICIAL_LOCAL_KCAL,Burgerizzr app (SFDA),,,,,,,,,,,,,NONE,HIGH,,,,,,,,,برجرايزر,Burgerizzr,السعرات متاحة رسميًا على قائمة الفرع/التطبيق (إلزام SFDA منذ ١ يوليو ٢٠٢٥). الماكروز غير منشورة — تبقى فارغة.
QGAP-00446,NEEDS_SOURCE,سعرات رسمية على قائمة الفرع/التطبيق (إلزام SFDA) — تُقرأ يدويًا؛ الماكروز غير منشورة,ماسترو بيتزا - بيتزا مارغريتا وسط,Maestro Pizza - Margherita medium,ماسترو بيتزا,Maestro Pizza,Maestro Pizza,RESTAURANT,مطاعم,بيتزا,,,KSA,KSA,,VERY_HIGH,P1,MISSING,,OFFICIAL_LOCAL_KCAL,Maestro Pizza app (SFDA),,,,,,,,,,,,,NONE,HIGH,,,,,,,,,ماسترو بيتزا,Maestro Pizza,السعرات متاحة رسميًا على قائمة الفرع/التطبيق (إلزام SFDA منذ ١ يوليو ٢٠٢٥). الماكروز غير منشورة — تبقى فارغة.
QGAP-00447,NEEDS_SOURCE,سعرات رسمية على قائمة الفرع/التطبيق (إلزام SFDA) — تُقرأ يدويًا؛ الماكروز غير منشورة,ماسترو بيتزا - بيتزا ببروني كبيرة,Maestro Pizza - Pepperoni large,ماسترو بيتزا,Maestro Pizza,Maestro Pizza,RESTAURANT,مطاعم,بيتزا,,,KSA,KSA,,VERY_HIGH,P1,MISSING,,OFFICIAL_LOCAL_KCAL,Maestro Pizza app (SFDA),,,,,,,,,,,,,NONE,HIGH,,,,,,,,,ماسترو بيتزا,Maestro Pizza,السعرات متاحة رسميًا على قائمة الفرع/التطبيق (إلزام SFDA منذ ١ يوليو ٢٠٢٥). الماكروز غير منشورة — تبقى فارغة.
QGAP-00448,NEEDS_SOURCE,سعرات رسمية على قائمة الفرع/التطبيق (إلزام SFDA) — تُقرأ يدويًا؛ الماكروز غير منشورة,ماسترو بيتزا - بيتزا دجاج رانش,Maestro Pizza - Chicken ranch pizza,ماسترو بيتزا,Maestro Pizza,Maestro Pizza,RESTAURANT,مطاعم,بيتزا,,,KSA,KSA,,VERY_HIGH,P1,MISSING,,OFFICIAL_LOCAL_KCAL,Maestro Pizza app (SFDA),,,,,,,,,,,,,NONE,HIGH,,,,,,,,,ماسترو بيتزا,Maestro Pizza,السعرات متاحة رسميًا على قائمة الفرع/التطبيق (إلزام SFDA منذ ١ يوليو ٢٠٢٥). الماكروز غير منشورة — تبقى فارغة.
QGAP-00449,NEEDS_SOURCE,سعرات رسمية على قائمة الفرع/التطبيق (إلزام SFDA) — تُقرأ يدويًا؛ الماكروز غير منشورة,ماسترو بيتزا - بيتزا سوبر سوبريم,Maestro Pizza - Super supreme pizza,ماسترو بيتزا,Maestro Pizza,Maestro Pizza,RESTAURANT,مطاعم,بيتزا,,,KSA,KSA,,VERY_HIGH,P1,MISSING,,OFFICIAL_LOCAL_KCAL,Maestro Pizza app (SFDA),,,,,,,,,,,,,NONE,HIGH,,,,,,,,,ماسترو بيتزا,Maestro Pizza,السعرات متاحة رسميًا على قائمة الفرع/التطبيق (إلزام SFDA منذ ١ يوليو ٢٠٢٥). الماكروز غير منشورة — تبقى فارغة.
QGAP-00450,NEEDS_SOURCE,سعرات رسمية على قائمة الفرع/التطبيق (إلزام SFDA) — تُقرأ يدويًا؛ الماكروز غير منشورة,ماسترو بيتزا - بيتزا خضار,Maestro Pizza - Veggie pizza,ماسترو بيتزا,Maestro Pizza,Maestro Pizza,RESTAURANT,مطاعم,بيتزا,,,KSA,KSA,,VERY_HIGH,P1,MISSING,,OFFICIAL_LOCAL_KCAL,Maestro Pizza app (SFDA),,,,,,,,,,,,,NONE,HIGH,,,,,,,,,ماسترو بيتزا,Maestro Pizza,السعرات متاحة رسميًا على قائمة الفرع/التطبيق (إلزام SFDA منذ ١ يوليو ٢٠٢٥). الماكروز غير منشورة — تبقى فارغة.
QGAP-00451,NEEDS_SOURCE,سعرات رسمية على قائمة الفرع/التطبيق (إلزام SFDA) — تُقرأ يدويًا؛ الماكروز غير منشورة,ماسترو بيتزا - بيتزا باربكيو دجاج,Maestro Pizza - BBQ chicken pizza,ماسترو بيتزا,Maestro Pizza,Maestro Pizza,RESTAURANT,مطاعم,بيتزا,,,KSA,KSA,,VERY_HIGH,P1,MISSING,,OFFICIAL_LOCAL_KCAL,Maestro Pizza app (SFDA),,,,,,,,,,,,,NONE,HIGH,,,,,,,,,ماسترو بيتزا,Maestro Pizza,السعرات متاحة رسميًا على قائمة الفرع/التطبيق (إلزام SFDA منذ ١ يوليو ٢٠٢٥). الماكروز غير منشورة — تبقى فارغة.
QGAP-00452,NEEDS_SOURCE,سعرات رسمية على قائمة الفرع/التطبيق (إلزام SFDA) — تُقرأ يدويًا؛ الماكروز غير منشورة,ماسترو بيتزا - بيتزا فور شيز,Maestro Pizza - Four cheese pizza,ماسترو بيتزا,Maestro Pizza,Maestro Pizza,RESTAURANT,مطاعم,بيتزا,,,KSA,KSA,,VERY_HIGH,P1,MISSING,,OFFICIAL_LOCAL_KCAL,Maestro Pizza app (SFDA),,,,,,,,,,,,,NONE,HIGH,,,,,,,,,ماسترو بيتزا,Maestro Pizza,السعرات متاحة رسميًا على قائمة الفرع/التطبيق (إلزام SFDA منذ ١ يوليو ٢٠٢٥). الماكروز غير منشورة — تبقى فارغة.
QGAP-00453,NEEDS_SOURCE,سعرات رسمية على قائمة الفرع/التطبيق (إلزام SFDA) — تُقرأ يدويًا؛ الماكروز غير منشورة,ماسترو بيتزا - عيدان الجبن,Maestro Pizza - Cheese sticks,ماسترو بيتزا,Maestro Pizza,Maestro Pizza,RESTAURANT,مطاعم,بيتزا,,,KSA,KSA,,VERY_HIGH,P1,MISSING,,OFFICIAL_LOCAL_KCAL,Maestro Pizza app (SFDA),,,,,,,,,,,,,NONE,HIGH,,,,,,,,,ماسترو بيتزا,Maestro Pizza,السعرات متاحة رسميًا على قائمة الفرع/التطبيق (إلزام SFDA منذ ١ يوليو ٢٠٢٥). الماكروز غير منشورة — تبقى فارغة.
QGAP-00454,NEEDS_SOURCE,سعرات رسمية على قائمة الفرع/التطبيق (إلزام SFDA) — تُقرأ يدويًا؛ الماكروز غير منشورة,ماسترو بيتزا - خبز بالثوم,Maestro Pizza - Garlic bread,ماسترو بيتزا,Maestro Pizza,Maestro Pizza,RESTAURANT,مطاعم,بيتزا,,,KSA,KSA,,VERY_HIGH,P1,MISSING,,OFFICIAL_LOCAL_KCAL,Maestro Pizza app (SFDA),,,,,,,,,,,,,NONE,HIGH,,,,,,,,,ماسترو بيتزا,Maestro Pizza,السعرات متاحة رسميًا على قائمة الفرع/التطبيق (إلزام SFDA منذ ١ يوليو ٢٠٢٥). الماكروز غير منشورة — تبقى فارغة.
QGAP-00455,NEEDS_SOURCE,سعرات رسمية على قائمة الفرع/التطبيق (إلزام SFDA) — تُقرأ يدويًا؛ الماكروز غير منشورة,ماسترو بيتزا - أجنحة دجاج حارة,Maestro Pizza - Spicy chicken wings,ماسترو بيتزا,Maestro Pizza,Maestro Pizza,RESTAURANT,مطاعم,بيتزا,,,KSA,KSA,,VERY_HIGH,P1,MISSING,,OFFICIAL_LOCAL_KCAL,Maestro Pizza app (SFDA),,,,,,,,,,,,,NONE,HIGH,,,,,,,,,ماسترو بيتزا,Maestro Pizza,السعرات متاحة رسميًا على قائمة الفرع/التطبيق (إلزام SFDA منذ ١ يوليو ٢٠٢٥). الماكروز غير منشورة — تبقى فارغة.
QGAP-00456,NEEDS_SOURCE,سعرات رسمية على قائمة الفرع/التطبيق (إلزام SFDA) — تُقرأ يدويًا؛ الماكروز غير منشورة,ماسترو بيتزا - بطاطس ودجز,Maestro Pizza - Potato wedges,ماسترو بيتزا,Maestro Pizza,Maestro Pizza,RESTAURANT,مطاعم,بيتزا,,,KSA,KSA,,VERY_HIGH,P1,MISSING,,OFFICIAL_LOCAL_KCAL,Maestro Pizza app (SFDA),,,,,,,,,,,,,NONE,HIGH,,,,,,,,,ماسترو بيتزا,Maestro Pizza,السعرات متاحة رسميًا على قائمة الفرع/التطبيق (إلزام SFDA منذ ١ يوليو ٢٠٢٥). الماكروز غير منشورة — تبقى فارغة.
QGAP-00457,NEEDS_SOURCE,سعرات رسمية على قائمة الفرع/التطبيق (إلزام SFDA) — تُقرأ يدويًا؛ الماكروز غير منشورة,ماسترو بيتزا - سلطة سيزر,Maestro Pizza - Caesar salad,ماسترو بيتزا,Maestro Pizza,Maestro Pizza,RESTAURANT,مطاعم,بيتزا,,,KSA,KSA,,VERY_HIGH,P1,MISSING,,OFFICIAL_LOCAL_KCAL,Maestro Pizza app (SFDA),,,,,,,,,,,,,NONE,HIGH,,,,,,,,,ماسترو بيتزا,Maestro Pizza,السعرات متاحة رسميًا على قائمة الفرع/التطبيق (إلزام SFDA منذ ١ يوليو ٢٠٢٥). الماكروز غير منشورة — تبقى فارغة.
QGAP-00458,NEEDS_SOURCE,سعرات رسمية على قائمة الفرع/التطبيق (إلزام SFDA) — تُقرأ يدويًا؛ الماكروز غير منشورة,ماسترو بيتزا - حلى لافا كيك,Maestro Pizza - Lava cake,ماسترو بيتزا,Maestro Pizza,Maestro Pizza,RESTAURANT,مطاعم,بيتزا,,,KSA,KSA,,VERY_HIGH,P1,MISSING,,OFFICIAL_LOCAL_KCAL,Maestro Pizza app (SFDA),,,,,,,,,,,,,NONE,HIGH,,,,,,,,,ماسترو بيتزا,Maestro Pizza,السعرات متاحة رسميًا على قائمة الفرع/التطبيق (إلزام SFDA منذ ١ يوليو ٢٠٢٥). الماكروز غير منشورة — تبقى فارغة.
QGAP-00459,NEEDS_SOURCE,سعرات رسمية على قائمة الفرع/التطبيق (إلزام SFDA) — تُقرأ يدويًا؛ الماكروز غير منشورة,ماسترو بيتزا - كولا,Maestro Pizza - Cola,ماسترو بيتزا,Maestro Pizza,Maestro Pizza,RESTAURANT,مطاعم,بيتزا,,,KSA,KSA,,VERY_HIGH,P1,MISSING,,OFFICIAL_LOCAL_KCAL,Maestro Pizza app (SFDA),,,,,,,,,,,,,NONE,HIGH,,,,,,,,,ماسترو بيتزا,Maestro Pizza,السعرات متاحة رسميًا على قائمة الفرع/التطبيق (إلزام SFDA منذ ١ يوليو ٢٠٢٥). الماكروز غير منشورة — تبقى فارغة.
QGAP-00460,NEEDS_SOURCE,سعرات رسمية على قائمة الفرع/التطبيق (إلزام SFDA) — تُقرأ يدويًا؛ الماكروز غير منشورة,ماسترو بيتزا - بيتزا كرست محشي,Maestro Pizza - Stuffed crust pizza,ماسترو بيتزا,Maestro Pizza,Maestro Pizza,RESTAURANT,مطاعم,بيتزا,,,KSA,KSA,,VERY_HIGH,P1,MISSING,,OFFICIAL_LOCAL_KCAL,Maestro Pizza app (SFDA),,,,,,,,,,,,,NONE,HIGH,,,,,,,,,ماسترو بيتزا,Maestro Pizza,السعرات متاحة رسميًا على قائمة الفرع/التطبيق (إلزام SFDA منذ ١ يوليو ٢٠٢٥). الماكروز غير منشورة — تبقى فارغة.
QGAP-00461,NEEDS_SOURCE,لم يُعثر على مصدر آلي — يحتاج جلبًا من المصنّع أو كتالوج التجزئة,ماكدونالدز - ماك رويال ديلوكس,McDonald's - McRoyale Deluxe,ماكدونالدز,McDonald's,McDonald's,RESTAURANT,مطاعم,برجر,,,KSA,KSA,,VERY_HIGH,P0,MISSING,,OFFICIAL_LOCAL,McDonald's Arabia nutrition (KSA),https://www.mcdonalds.com/content/dam/sites/ArabiaGWS/english/nfl/html/nutrition-info-jeddah-en-new.pdf,,,,,,,,,,,,NONE,HIGH,,,,,,,,,ماكدونالدز,McDonald's,
QGAP-00462,NEEDS_HUMAN_REVIEW,الأصل العام موجود في قِمّة — يُحسم بشريًا إن كان المتغيّر يستحق صفًّا مستقلًا,ماكدونالدز - دبل تشيز برجر,McDonald's - Double Cheeseburger,ماكدونالدز,McDonald's,McDonald's,RESTAURANT,مطاعم,برجر,,,KSA,KSA,,VERY_HIGH,P0,EXISTS_GENERIC_ONLY,double-cheeseburger · برجر دبل تشيز,OFFICIAL_LOCAL,McDonald's Arabia nutrition (KSA),https://www.mcdonalds.com/content/dam/sites/ArabiaGWS/english/nfl/html/nutrition-info-jeddah-en-new.pdf,,,,,,,,,,,,NONE,HIGH,,,,,,,,,ماكدونالدز,McDonald's,
QGAP-00463,NEEDS_SOURCE,لم يُعثر على مصدر آلي — يحتاج جلبًا من المصنّع أو كتالوج التجزئة,ماكدونالدز - تشيكن ماك دو,McDonald's - Chicken McDo,ماكدونالدز,McDonald's,McDonald's,RESTAURANT,مطاعم,برجر,,,KSA,KSA,,VERY_HIGH,P0,MISSING,,OFFICIAL_LOCAL,McDonald's Arabia nutrition (KSA),https://www.mcdonalds.com/content/dam/sites/ArabiaGWS/english/nfl/html/nutrition-info-jeddah-en-new.pdf,,,,,,,,,,,,NONE,HIGH,,,,,,,,,ماكدونالدز,McDonald's,
QGAP-00464,NEEDS_SOURCE,لم يُعثر على مصدر آلي — يحتاج جلبًا من المصنّع أو كتالوج التجزئة,ماكدونالدز - ماك أرابيا دجاج,McDonald's - McArabia Chicken,ماكدونالدز,McDonald's,McDonald's,RESTAURANT,مطاعم,برجر,,,KSA,KSA,,VERY_HIGH,P0,MISSING,,OFFICIAL_LOCAL,McDonald's Arabia nutrition (KSA),https://www.mcdonalds.com/content/dam/sites/ArabiaGWS/english/nfl/html/nutrition-info-jeddah-en-new.pdf,,,,,,,,,,,,NONE,HIGH,,,,,,,,,ماكدونالدز,McDonald's,
QGAP-00465,NEEDS_SOURCE,لم يُعثر على مصدر آلي — يحتاج جلبًا من المصنّع أو كتالوج التجزئة,ماكدونالدز - ماك أرابيا كفتة,McDonald's - McArabia Kofta,ماكدونالدز,McDonald's,McDonald's,RESTAURANT,مطاعم,برجر,,,KSA,KSA,,VERY_HIGH,P0,MISSING,,OFFICIAL_LOCAL,McDonald's Arabia nutrition (KSA),https://www.mcdonalds.com/content/dam/sites/ArabiaGWS/english/nfl/html/nutrition-info-jeddah-en-new.pdf,,,,,,,,,,,,NONE,HIGH,,,,,,,,,ماكدونالدز,McDonald's,
QGAP-00466,NEEDS_SOURCE,لم يُعثر على مصدر آلي — يحتاج جلبًا من المصنّع أو كتالوج التجزئة,ماكدونالدز - جبن برجر,McDonald's - Cheeseburger,ماكدونالدز,McDonald's,McDonald's,RESTAURANT,مطاعم,برجر,,,KSA,KSA,,VERY_HIGH,P0,MISSING,,OFFICIAL_LOCAL,McDonald's Arabia nutrition (KSA),https://www.mcdonalds.com/content/dam/sites/ArabiaGWS/english/nfl/html/nutrition-info-jeddah-en-new.pdf,,,,,,,,,,,,NONE,HIGH,,,,,,,,,ماكدونالدز,McDonald's,
QGAP-00467,NEEDS_SOURCE,لم يُعثر على مصدر آلي — يحتاج جلبًا من المصنّع أو كتالوج التجزئة,ماكدونالدز - هامبرجر,McDonald's - Hamburger,ماكدونالدز,McDonald's,McDonald's,RESTAURANT,مطاعم,برجر,,,KSA,KSA,,VERY_HIGH,P0,MISSING,,OFFICIAL_LOCAL,McDonald's Arabia nutrition (KSA),https://www.mcdonalds.com/content/dam/sites/ArabiaGWS/english/nfl/html/nutrition-info-jeddah-en-new.pdf,,,,,,,,,,,,NONE,HIGH,,,,,,,,,ماكدونالدز,McDonald's,
QGAP-00468,NEEDS_SOURCE,لم يُعثر على مصدر آلي — يحتاج جلبًا من المصنّع أو كتالوج التجزئة,ماكدونالدز - ناجتس 9 قطع,McDonald's - McNuggets 9 pcs,ماكدونالدز,McDonald's,McDonald's,RESTAURANT,مطاعم,برجر,,,KSA,KSA,,VERY_HIGH,P0,MISSING,,OFFICIAL_LOCAL,McDonald's Arabia nutrition (KSA),https://www.mcdonalds.com/content/dam/sites/ArabiaGWS/english/nfl/html/nutrition-info-jeddah-en-new.pdf,,,,,,,,,,,,NONE,HIGH,,,,,,,,,ماكدونالدز,McDonald's,
QGAP-00469,NEEDS_SOURCE,لم يُعثر على مصدر آلي — يحتاج جلبًا من المصنّع أو كتالوج التجزئة,ماكدونالدز - ناجتس 20 قطعة,McDonald's - McNuggets 20 pcs,ماكدونالدز,McDonald's,McDonald's,RESTAURANT,مطاعم,برجر,,,KSA,KSA,,VERY_HIGH,P0,MISSING,,OFFICIAL_LOCAL,McDonald's Arabia nutrition (KSA),https://www.mcdonalds.com/content/dam/sites/ArabiaGWS/english/nfl/html/nutrition-info-jeddah-en-new.pdf,,,,,,,,,,,,NONE,HIGH,,,,,,,,,ماكدونالدز,McDonald's,
QGAP-00470,NEEDS_SOURCE,لم يُعثر على مصدر آلي — يحتاج جلبًا من المصنّع أو كتالوج التجزئة,ماكدونالدز - ماك فلوري أوريو,McDonald's - McFlurry Oreo,ماكدونالدز,McDonald's,McDonald's,RESTAURANT,مطاعم,برجر,,,KSA,KSA,,VERY_HIGH,P0,MISSING,,OFFICIAL_LOCAL,McDonald's Arabia nutrition (KSA),https://www.mcdonalds.com/content/dam/sites/ArabiaGWS/english/nfl/html/nutrition-info-jeddah-en-new.pdf,,,,,,,,,,,,NONE,HIGH,,,,,,,,,ماكدونالدز,McDonald's,
QGAP-00471,NEEDS_SOURCE,لم يُعثر على مصدر آلي — يحتاج جلبًا من المصنّع أو كتالوج التجزئة,ماكدونالدز - ساندويتش فطور مافن بالبيض,McDonald's - Egg McMuffin,ماكدونالدز,McDonald's,McDonald's,RESTAURANT,مطاعم,برجر,,,KSA,KSA,,VERY_HIGH,P0,MISSING,,OFFICIAL_LOCAL,McDonald's Arabia nutrition (KSA),https://www.mcdonalds.com/content/dam/sites/ArabiaGWS/english/nfl/html/nutrition-info-jeddah-en-new.pdf,,,,,,,,,,,,NONE,HIGH,,,,,,,,,ماكدونالدز,McDonald's,
QGAP-00472,NEEDS_SOURCE,لم يُعثر على مصدر آلي — يحتاج جلبًا من المصنّع أو كتالوج التجزئة,ماكدونالدز - هوت كيك,McDonald's - Hotcakes,ماكدونالدز,McDonald's,McDonald's,RESTAURANT,مطاعم,برجر,,,KSA,KSA,,VERY_HIGH,P0,MISSING,,OFFICIAL_LOCAL,McDonald's Arabia nutrition (KSA),https://www.mcdonalds.com/content/dam/sites/ArabiaGWS/english/nfl/html/nutrition-info-jeddah-en-new.pdf,,,,,,,,,,,,NONE,HIGH,,,,,,,,,ماكدونالدز,McDonald's,
QGAP-00473,NEEDS_SOURCE,لم يُعثر على مصدر آلي — يحتاج جلبًا من المصنّع أو كتالوج التجزئة,ماكدونالدز - هاش براون,McDonald's - Hash brown,ماكدونالدز,McDonald's,McDonald's,RESTAURANT,مطاعم,برجر,,,KSA,KSA,,VERY_HIGH,P0,MISSING,,OFFICIAL_LOCAL,McDonald's Arabia nutrition (KSA),https://www.mcdonalds.com/content/dam/sites/ArabiaGWS/english/nfl/html/nutrition-info-jeddah-en-new.pdf,,,,,,,,,,,,NONE,HIGH,,,,,,,,,ماكدونالدز,McDonald's,
QGAP-00474,NEEDS_SOURCE,لم يُعثر على مصدر آلي — يحتاج جلبًا من المصنّع أو كتالوج التجزئة,ماكدونالدز - ماك شيكن سبايسي,McDonald's - Spicy McChicken,ماكدونالدز,McDonald's,McDonald's,RESTAURANT,مطاعم,برجر,,,KSA,KSA,,VERY_HIGH,P0,MISSING,,OFFICIAL_LOCAL,McDonald's Arabia nutrition (KSA),https://www.mcdonalds.com/content/dam/sites/ArabiaGWS/english/nfl/html/nutrition-info-jeddah-en-new.pdf,,,,,,,,,,,,NONE,HIGH,,,,,,,,,ماكدونالدز,McDonald's,
QGAP-00475,NEEDS_SOURCE,لم يُعثر على مصدر آلي — يحتاج جلبًا من المصنّع أو كتالوج التجزئة,ماكدونالدز - سلطة دجاج مشوي,McDonald's - Grilled chicken salad,ماكدونالدز,McDonald's,McDonald's,RESTAURANT,مطاعم,برجر,,,KSA,KSA,,VERY_HIGH,P0,MISSING,,OFFICIAL_LOCAL,McDonald's Arabia nutrition (KSA),https://www.mcdonalds.com/content/dam/sites/ArabiaGWS/english/nfl/html/nutrition-info-jeddah-en-new.pdf,,,,,,,,,,,,NONE,HIGH,,,,,,,,,ماكدونالدز,McDonald's,
QGAP-00476,NEEDS_SOURCE,لم يُعثر على مصدر آلي — يحتاج جلبًا من المصنّع أو كتالوج التجزئة,ماكدونالدز - آيس كريم كون,McDonald's - Ice cream cone,ماكدونالدز,McDonald's,McDonald's,RESTAURANT,مطاعم,برجر,,,KSA,KSA,,VERY_HIGH,P0,MISSING,,OFFICIAL_LOCAL,McDonald's Arabia nutrition (KSA),https://www.mcdonalds.com/content/dam/sites/ArabiaGWS/english/nfl/html/nutrition-info-jeddah-en-new.pdf,,,,,,,,,,,,NONE,HIGH,,,,,,,,,ماكدونالدز,McDonald's,
QGAP-00477,NEEDS_SOURCE,لم يُعثر على مصدر آلي — يحتاج جلبًا من المصنّع أو كتالوج التجزئة,ماكدونالدز - ميلك شيك فراولة,McDonald's - Strawberry milkshake,ماكدونالدز,McDonald's,McDonald's,RESTAURANT,مطاعم,برجر,,,KSA,KSA,,VERY_HIGH,P0,MISSING,,OFFICIAL_LOCAL,McDonald's Arabia nutrition (KSA),https://www.mcdonalds.com/content/dam/sites/ArabiaGWS/english/nfl/html/nutrition-info-jeddah-en-new.pdf,,,,,,,,,,,,NONE,HIGH,,,,,,,,,ماكدونالدز,McDonald's,
QGAP-00478,NEEDS_SOURCE,لم يُعثر على مصدر آلي — يحتاج جلبًا من المصنّع أو كتالوج التجزئة,ماكدونالدز - قهوة ماك كافيه لاتيه,McDonald's - McCafé Latte,ماكدونالدز,McDonald's,McDonald's,RESTAURANT,مطاعم,برجر,,,KSA,KSA,,VERY_HIGH,P0,MISSING,,OFFICIAL_LOCAL,McDonald's Arabia nutrition (KSA),https://www.mcdonalds.com/content/dam/sites/ArabiaGWS/english/nfl/html/nutrition-info-jeddah-en-new.pdf,,,,,,,,,,,,NONE,HIGH,,,,,,,,,ماكدونالدز,McDonald's,
QGAP-00479,NEEDS_SOURCE,لم يُعثر على مصدر آلي — يحتاج جلبًا من المصنّع أو كتالوج التجزئة,ماكدونالدز - فرابيه كراميل,McDonald's - Caramel Frappé,ماكدونالدز,McDonald's,McDonald's,RESTAURANT,مطاعم,برجر,,,KSA,KSA,,VERY_HIGH,P0,MISSING,,OFFICIAL_LOCAL,McDonald's Arabia nutrition (KSA),https://www.mcdonalds.com/content/dam/sites/ArabiaGWS/english/nfl/html/nutrition-info-jeddah-en-new.pdf,,,,,,,,,,,,NONE,HIGH,,,,,,,,,ماكدونالدز,McDonald's,
QGAP-00480,NEEDS_SOURCE,لم يُعثر على مصدر آلي — يحتاج جلبًا من المصنّع أو كتالوج التجزئة,ماكدونالدز - باي التفاح,McDonald's - Apple pie,ماكدونالدز,McDonald's,McDonald's,RESTAURANT,مطاعم,برجر,,,KSA,KSA,,VERY_HIGH,P0,MISSING,,OFFICIAL_LOCAL,McDonald's Arabia nutrition (KSA),https://www.mcdonalds.com/content/dam/sites/ArabiaGWS/english/nfl/html/nutrition-info-jeddah-en-new.pdf,,,,,,,,,,,,NONE,HIGH,,,,,,,,,ماكدونالدز,McDonald's,
QGAP-00481,NEEDS_SOURCE,لم يُعثر على مصدر آلي — يحتاج جلبًا من المصنّع أو كتالوج التجزئة,ماكدونالدز - وجبة هابي ميل,McDonald's - Happy Meal,ماكدونالدز,McDonald's,McDonald's,RESTAURANT,مطاعم,برجر,,,KSA,KSA,,VERY_HIGH,P0,MISSING,,OFFICIAL_LOCAL,McDonald's Arabia nutrition (KSA),https://www.mcdonalds.com/content/dam/sites/ArabiaGWS/english/nfl/html/nutrition-info-jeddah-en-new.pdf,,,,,,,,,,,,NONE,HIGH,,,,,,,,,ماكدونالدز,McDonald's,
QGAP-00482,NEEDS_SOURCE,لم يُعثر على مصدر آلي — يحتاج جلبًا من المصنّع أو كتالوج التجزئة,ماكدونالدز - ماك ريب,McDonald's - McRib,ماكدونالدز,McDonald's,McDonald's,RESTAURANT,مطاعم,برجر,,,KSA,KSA,,VERY_HIGH,P0,MISSING,,OFFICIAL_LOCAL,McDonald's Arabia nutrition (KSA),https://www.mcdonalds.com/content/dam/sites/ArabiaGWS/english/nfl/html/nutrition-info-jeddah-en-new.pdf,,,,,,,,,,,,NONE,HIGH,,,,,,,,,ماكدونالدز,McDonald's,
QGAP-00483,NEEDS_HUMAN_REVIEW,الأصل العام موجود في قِمّة — يُحسم بشريًا إن كان المتغيّر يستحق صفًّا مستقلًا,ماكدونالدز - دجاج مقرمش ساندويتش,McDonald's - Crispy chicken sandwich,ماكدونالدز,McDonald's,McDonald's,RESTAURANT,مطاعم,برجر,,,KSA,KSA,,VERY_HIGH,P0,EXISTS_GENERIC_ONLY,zinger-sandwich · زنجر دجاج,OFFICIAL_LOCAL,McDonald's Arabia nutrition (KSA),https://www.mcdonalds.com/content/dam/sites/ArabiaGWS/english/nfl/html/nutrition-info-jeddah-en-new.pdf,,,,,,,,,,,,NONE,HIGH,,,,,,,,,ماكدونالدز,McDonald's,
QGAP-00484,NEEDS_HUMAN_REVIEW,الأصل العام موجود في قِمّة — يُحسم بشريًا إن كان المتغيّر يستحق صفًّا مستقلًا,برجر كنج - وابر بالجبن,Burger King - Whopper with cheese,برجر كنج,Burger King,Burger King,RESTAURANT,مطاعم,برجر,,,KSA,KSA,,VERY_HIGH,P1,EXISTS_GENERIC_ONLY,bk-whopper · برجر كنج - وابر,OFFICIAL_LOCAL_KCAL,Burger King KSA menu (SFDA),,,,,,,,,,,,,NONE,HIGH,,,,,,,,,برجر كنج,Burger King,السعرات متاحة رسميًا على قائمة الفرع/التطبيق (إلزام SFDA منذ ١ يوليو ٢٠٢٥). الماكروز غير منشورة — تبقى فارغة.
QGAP-00485,NEEDS_SOURCE,سعرات رسمية على قائمة الفرع/التطبيق (إلزام SFDA) — تُقرأ يدويًا؛ الماكروز غير منشورة,برجر كنج - تشيكن كرسبي,Burger King - Crispy chicken,برجر كنج,Burger King,Burger King,RESTAURANT,مطاعم,برجر,,,KSA,KSA,,VERY_HIGH,P1,MISSING,,OFFICIAL_LOCAL_KCAL,Burger King KSA menu (SFDA),,,,,,,,,,,,,NONE,HIGH,,,,,,,,,برجر كنج,Burger King,السعرات متاحة رسميًا على قائمة الفرع/التطبيق (إلزام SFDA منذ ١ يوليو ٢٠٢٥). الماكروز غير منشورة — تبقى فارغة.
QGAP-00486,NEEDS_SOURCE,سعرات رسمية على قائمة الفرع/التطبيق (إلزام SFDA) — تُقرأ يدويًا؛ الماكروز غير منشورة,برجر كنج - ستيك هاوس برجر,Burger King - Steakhouse burger,برجر كنج,Burger King,Burger King,RESTAURANT,مطاعم,برجر,,,KSA,KSA,,VERY_HIGH,P1,MISSING,,OFFICIAL_LOCAL_KCAL,Burger King KSA menu (SFDA),,,,,,,,,,,,,NONE,HIGH,,,,,,,,,برجر كنج,Burger King,السعرات متاحة رسميًا على قائمة الفرع/التطبيق (إلزام SFDA منذ ١ يوليو ٢٠٢٥). الماكروز غير منشورة — تبقى فارغة.
QGAP-00487,NEEDS_SOURCE,سعرات رسمية على قائمة الفرع/التطبيق (إلزام SFDA) — تُقرأ يدويًا؛ الماكروز غير منشورة,برجر كنج - كينج دبل تشيز,Burger King - King double cheese,برجر كنج,Burger King,Burger King,RESTAURANT,مطاعم,برجر,,,KSA,KSA,,VERY_HIGH,P1,MISSING,,OFFICIAL_LOCAL_KCAL,Burger King KSA menu (SFDA),,,,,,,,,,,,,NONE,HIGH,,,,,,,,,برجر كنج,Burger King,السعرات متاحة رسميًا على قائمة الفرع/التطبيق (إلزام SFDA منذ ١ يوليو ٢٠٢٥). الماكروز غير منشورة — تبقى فارغة.
QGAP-00488,NEEDS_SOURCE,سعرات رسمية على قائمة الفرع/التطبيق (إلزام SFDA) — تُقرأ يدويًا؛ الماكروز غير منشورة,برجر كنج - ناجتس 10 قطع,Burger King - Nuggets 10 pcs,برجر كنج,Burger King,Burger King,RESTAURANT,مطاعم,برجر,,,KSA,KSA,,VERY_HIGH,P1,MISSING,,OFFICIAL_LOCAL_KCAL,Burger King KSA menu (SFDA),,,,,,,,,,,,,NONE,HIGH,,,,,,,,,برجر كنج,Burger King,السعرات متاحة رسميًا على قائمة الفرع/التطبيق (إلزام SFDA منذ ١ يوليو ٢٠٢٥). الماكروز غير منشورة — تبقى فارغة.
QGAP-00489,NEEDS_SOURCE,سعرات رسمية على قائمة الفرع/التطبيق (إلزام SFDA) — تُقرأ يدويًا؛ الماكروز غير منشورة,برجر كنج - بطاطس كبيرة,Burger King - Large fries,برجر كنج,Burger King,Burger King,RESTAURANT,مطاعم,برجر,,,KSA,KSA,,VERY_HIGH,P1,MISSING,,OFFICIAL_LOCAL_KCAL,Burger King KSA menu (SFDA),,,,,,,,,,,,,NONE,HIGH,,,,,,,,,برجر كنج,Burger King,السعرات متاحة رسميًا على قائمة الفرع/التطبيق (إلزام SFDA منذ ١ يوليو ٢٠٢٥). الماكروز غير منشورة — تبقى فارغة.
QGAP-00490,NEEDS_HUMAN_REVIEW,الأصل العام موجود في قِمّة — يُحسم بشريًا إن كان المتغيّر يستحق صفًّا مستقلًا,برجر كنج - حلقات بصل,Burger King - Onion rings,برجر كنج,Burger King,Burger King,RESTAURANT,مطاعم,برجر,,,KSA,KSA,,VERY_HIGH,P1,EXISTS_GENERIC_ONLY,onion-rings · حلقات بصل,OFFICIAL_LOCAL_KCAL,Burger King KSA menu (SFDA),,,,,,,,,,,,,NONE,HIGH,,,,,,,,,برجر كنج,Burger King,السعرات متاحة رسميًا على قائمة الفرع/التطبيق (إلزام SFDA منذ ١ يوليو ٢٠٢٥). الماكروز غير منشورة — تبقى فارغة.
QGAP-00491,NEEDS_SOURCE,سعرات رسمية على قائمة الفرع/التطبيق (إلزام SFDA) — تُقرأ يدويًا؛ الماكروز غير منشورة,برجر كنج - ساندويتش سمك,Burger King - Fish sandwich,برجر كنج,Burger King,Burger King,RESTAURANT,مطاعم,برجر,,,KSA,KSA,,VERY_HIGH,P1,MISSING,,OFFICIAL_LOCAL_KCAL,Burger King KSA menu (SFDA),,,,,,,,,,,,,NONE,HIGH,,,,,,,,,برجر كنج,Burger King,السعرات متاحة رسميًا على قائمة الفرع/التطبيق (إلزام SFDA منذ ١ يوليو ٢٠٢٥). الماكروز غير منشورة — تبقى فارغة.
QGAP-00492,NEEDS_SOURCE,سعرات رسمية على قائمة الفرع/التطبيق (إلزام SFDA) — تُقرأ يدويًا؛ الماكروز غير منشورة,برجر كنج - صنداي شوكولاتة,Burger King - Chocolate sundae,برجر كنج,Burger King,Burger King,RESTAURANT,مطاعم,برجر,,,KSA,KSA,,VERY_HIGH,P1,MISSING,,OFFICIAL_LOCAL_KCAL,Burger King KSA menu (SFDA),,,,,,,,,,,,,NONE,HIGH,,,,,,,,,برجر كنج,Burger King,السعرات متاحة رسميًا على قائمة الفرع/التطبيق (إلزام SFDA منذ ١ يوليو ٢٠٢٥). الماكروز غير منشورة — تبقى فارغة.
QGAP-00493,NEEDS_HUMAN_REVIEW,الأصل العام موجود في قِمّة — يُحسم بشريًا إن كان المتغيّر يستحق صفًّا مستقلًا,برجر كنج - ميلك شيك,Burger King - Milkshake,برجر كنج,Burger King,Burger King,RESTAURANT,مطاعم,برجر,,,KSA,KSA,,VERY_HIGH,P1,EXISTS_GENERIC_ONLY,milkshake · ميلك شيك,OFFICIAL_LOCAL_KCAL,Burger King KSA menu (SFDA),,,,,,,,,,,,,NONE,HIGH,,,,,,,,,برجر كنج,Burger King,السعرات متاحة رسميًا على قائمة الفرع/التطبيق (إلزام SFDA منذ ١ يوليو ٢٠٢٥). الماكروز غير منشورة — تبقى فارغة.
QGAP-00494,NEEDS_SOURCE,سعرات رسمية على قائمة الفرع/التطبيق (إلزام SFDA) — تُقرأ يدويًا؛ الماكروز غير منشورة,برجر كنج - فطور كروسان ويتش,Burger King - Croissan wich breakfast,برجر كنج,Burger King,Burger King,RESTAURANT,مطاعم,برجر,,,KSA,KSA,,VERY_HIGH,P1,MISSING,,OFFICIAL_LOCAL_KCAL,Burger King KSA menu (SFDA),,,,,,,,,,,,,NONE,HIGH,,,,,,,,,برجر كنج,Burger King,السعرات متاحة رسميًا على قائمة الفرع/التطبيق (إلزام SFDA منذ ١ يوليو ٢٠٢٥). الماكروز غير منشورة — تبقى فارغة.
QGAP-00495,NEEDS_SOURCE,سعرات رسمية على قائمة الفرع/التطبيق (إلزام SFDA) — تُقرأ يدويًا؛ الماكروز غير منشورة,برجر كنج - وجبة أطفال,Burger King - Kids meal,برجر كنج,Burger King,Burger King,RESTAURANT,مطاعم,برجر,,,KSA,KSA,,VERY_HIGH,P1,MISSING,,OFFICIAL_LOCAL_KCAL,Burger King KSA menu (SFDA),,,,,,,,,,,,,NONE,HIGH,,,,,,,,,برجر كنج,Burger King,السعرات متاحة رسميًا على قائمة الفرع/التطبيق (إلزام SFDA منذ ١ يوليو ٢٠٢٥). الماكروز غير منشورة — تبقى فارغة.
QGAP-00496,NEEDS_SOURCE,سعرات رسمية على قائمة الفرع/التطبيق (إلزام SFDA) — تُقرأ يدويًا؛ الماكروز غير منشورة,برجر كنج - أجنحة دجاج,Burger King - Chicken wings,برجر كنج,Burger King,Burger King,RESTAURANT,مطاعم,برجر,,,KSA,KSA,,VERY_HIGH,P1,MISSING,,OFFICIAL_LOCAL_KCAL,Burger King KSA menu (SFDA),,,,,,,,,,,,,NONE,HIGH,,,,,,,,,برجر كنج,Burger King,السعرات متاحة رسميًا على قائمة الفرع/التطبيق (إلزام SFDA منذ ١ يوليو ٢٠٢٥). الماكروز غير منشورة — تبقى فارغة.
QGAP-00497,NEEDS_SOURCE,سعرات رسمية على قائمة الفرع/التطبيق (إلزام SFDA) — تُقرأ يدويًا؛ الماكروز غير منشورة,برجر كنج - برجر نباتي,Burger King - Veggie burger,برجر كنج,Burger King,Burger King,RESTAURANT,مطاعم,برجر,,,KSA,KSA,,VERY_HIGH,P1,MISSING,,OFFICIAL_LOCAL_KCAL,Burger King KSA menu (SFDA),,,,,,,,,,,,,NONE,HIGH,,,,,,,,,برجر كنج,Burger King,السعرات متاحة رسميًا على قائمة الفرع/التطبيق (إلزام SFDA منذ ١ يوليو ٢٠٢٥). الماكروز غير منشورة — تبقى فارغة.
QGAP-00498,NEEDS_SOURCE,سعرات رسمية على قائمة الفرع/التطبيق (إلزام SFDA) — تُقرأ يدويًا؛ الماكروز غير منشورة,كنتاكي - دجاج مقرمش 3 قطع,KFC - Crispy chicken 3 pcs,كنتاكي,KFC,KFC,RESTAURANT,مطاعم,دجاج مقلي,,,KSA,KSA,,VERY_HIGH,P0,MISSING,,OFFICIAL_LOCAL_KCAL,KFC Arabia app (SFDA),,,,,,,,,,,,,NONE,HIGH,,,,,,,,,كنتاكي,KFC,السعرات متاحة رسميًا على قائمة الفرع/التطبيق (إلزام SFDA منذ ١ يوليو ٢٠٢٥). الماكروز غير منشورة — تبقى فارغة.
QGAP-00499,NEEDS_SOURCE,سعرات رسمية على قائمة الفرع/التطبيق (إلزام SFDA) — تُقرأ يدويًا؛ الماكروز غير منشورة,كنتاكي - دلو دجاج 8 قطع,KFC - Bucket 8 pcs,كنتاكي,KFC,KFC,RESTAURANT,مطاعم,دجاج مقلي,,,KSA,KSA,,VERY_HIGH,P0,MISSING,,OFFICIAL_LOCAL_KCAL,KFC Arabia app (SFDA),,,,,,,,,,,,,NONE,HIGH,,,,,,,,,كنتاكي,KFC,السعرات متاحة رسميًا على قائمة الفرع/التطبيق (إلزام SFDA منذ ١ يوليو ٢٠٢٥). الماكروز غير منشورة — تبقى فارغة.
QGAP-00500,NEEDS_SOURCE,سعرات رسمية على قائمة الفرع/التطبيق (إلزام SFDA) — تُقرأ يدويًا؛ الماكروز غير منشورة,كنتاكي - دلو دجاج 12 قطعة,KFC - Bucket 12 pcs,كنتاكي,KFC,KFC,RESTAURANT,مطاعم,دجاج مقلي,,,KSA,KSA,,VERY_HIGH,P0,MISSING,,OFFICIAL_LOCAL_KCAL,KFC Arabia app (SFDA),,,,,,,,,,,,,NONE,HIGH,,,,,,,,,كنتاكي,KFC,السعرات متاحة رسميًا على قائمة الفرع/التطبيق (إلزام SFDA منذ ١ يوليو ٢٠٢٥). الماكروز غير منشورة — تبقى فارغة.
QGAP-00501,NEEDS_SOURCE,سعرات رسمية على قائمة الفرع/التطبيق (إلزام SFDA) — تُقرأ يدويًا؛ الماكروز غير منشورة,كنتاكي - زنجر سوبريم,KFC - Zinger Supreme,كنتاكي,KFC,KFC,RESTAURANT,مطاعم,دجاج مقلي,,,KSA,KSA,,VERY_HIGH,P0,MISSING,,OFFICIAL_LOCAL_KCAL,KFC Arabia app (SFDA),,,,,,,,,,,,,NONE,HIGH,,,,,,,,,كنتاكي,KFC,السعرات متاحة رسميًا على قائمة الفرع/التطبيق (إلزام SFDA منذ ١ يوليو ٢٠٢٥). الماكروز غير منشورة — تبقى فارغة.
QGAP-00502,NEEDS_SOURCE,سعرات رسمية على قائمة الفرع/التطبيق (إلزام SFDA) — تُقرأ يدويًا؛ الماكروز غير منشورة,كنتاكي - دبل زنجر,KFC - Double Zinger,كنتاكي,KFC,KFC,RESTAURANT,مطاعم,دجاج مقلي,,,KSA,KSA,,VERY_HIGH,P0,MISSING,,OFFICIAL_LOCAL_KCAL,KFC Arabia app (SFDA),,,,,,,,,,,,,NONE,HIGH,,,,,,,,,كنتاكي,KFC,السعرات متاحة رسميًا على قائمة الفرع/التطبيق (إلزام SFDA منذ ١ يوليو ٢٠٢٥). الماكروز غير منشورة — تبقى فارغة.
QGAP-00503,NEEDS_SOURCE,سعرات رسمية على قائمة الفرع/التطبيق (إلزام SFDA) — تُقرأ يدويًا؛ الماكروز غير منشورة,كنتاكي - رايس بوكس دجاج,KFC - Chicken rice box,كنتاكي,KFC,KFC,RESTAURANT,مطاعم,دجاج مقلي,,,KSA,KSA,,VERY_HIGH,P0,MISSING,,OFFICIAL_LOCAL_KCAL,KFC Arabia app (SFDA),,,,,,,,,,,,,NONE,HIGH,,,,,,,,,كنتاكي,KFC,السعرات متاحة رسميًا على قائمة الفرع/التطبيق (إلزام SFDA منذ ١ يوليو ٢٠٢٥). الماكروز غير منشورة — تبقى فارغة.
QGAP-00504,NEEDS_SOURCE,سعرات رسمية على قائمة الفرع/التطبيق (إلزام SFDA) — تُقرأ يدويًا؛ الماكروز غير منشورة,كنتاكي - فيلي برجر,KFC - Fillet burger,كنتاكي,KFC,KFC,RESTAURANT,مطاعم,دجاج مقلي,,,KSA,KSA,,VERY_HIGH,P0,MISSING,,OFFICIAL_LOCAL_KCAL,KFC Arabia app (SFDA),,,,,,,,,,,,,NONE,HIGH,,,,,,,,,كنتاكي,KFC,السعرات متاحة رسميًا على قائمة الفرع/التطبيق (إلزام SFDA منذ ١ يوليو ٢٠٢٥). الماكروز غير منشورة — تبقى فارغة.
QGAP-00505,NEEDS_SOURCE,سعرات رسمية على قائمة الفرع/التطبيق (إلزام SFDA) — تُقرأ يدويًا؛ الماكروز غير منشورة,كنتاكي - ستربس دجاج 5 قطع,KFC - Chicken strips 5 pcs,كنتاكي,KFC,KFC,RESTAURANT,مطاعم,دجاج مقلي,,,KSA,KSA,,VERY_HIGH,P0,MISSING,,OFFICIAL_LOCAL_KCAL,KFC Arabia app (SFDA),,,,,,,,,,,,,NONE,HIGH,,,,,,,,,كنتاكي,KFC,السعرات متاحة رسميًا على قائمة الفرع/التطبيق (إلزام SFDA منذ ١ يوليو ٢٠٢٥). الماكروز غير منشورة — تبقى فارغة.
QGAP-00506,NEEDS_SOURCE,سعرات رسمية على قائمة الفرع/التطبيق (إلزام SFDA) — تُقرأ يدويًا؛ الماكروز غير منشورة,كنتاكي - بوب كورن دجاج,KFC - Popcorn chicken,كنتاكي,KFC,KFC,RESTAURANT,مطاعم,دجاج مقلي,,,KSA,KSA,,VERY_HIGH,P0,MISSING,,OFFICIAL_LOCAL_KCAL,KFC Arabia app (SFDA),,,,,,,,,,,,,NONE,HIGH,,,,,,,,,كنتاكي,KFC,السعرات متاحة رسميًا على قائمة الفرع/التطبيق (إلزام SFDA منذ ١ يوليو ٢٠٢٥). الماكروز غير منشورة — تبقى فارغة.
QGAP-00507,NEEDS_SOURCE,سعرات رسمية على قائمة الفرع/التطبيق (إلزام SFDA) — تُقرأ يدويًا؛ الماكروز غير منشورة,كنتاكي - بطاطس كبيرة,KFC - Large fries,كنتاكي,KFC,KFC,RESTAURANT,مطاعم,دجاج مقلي,,,KSA,KSA,,VERY_HIGH,P0,MISSING,,OFFICIAL_LOCAL_KCAL,KFC Arabia app (SFDA),,,,,,,,,,,,,NONE,HIGH,,,,,,,,,كنتاكي,KFC,السعرات متاحة رسميًا على قائمة الفرع/التطبيق (إلزام SFDA منذ ١ يوليو ٢٠٢٥). الماكروز غير منشورة — تبقى فارغة.
QGAP-00508,NEEDS_SOURCE,سعرات رسمية على قائمة الفرع/التطبيق (إلزام SFDA) — تُقرأ يدويًا؛ الماكروز غير منشورة,كنتاكي - كول سلو,KFC - Coleslaw,كنتاكي,KFC,KFC,RESTAURANT,مطاعم,دجاج مقلي,,,KSA,KSA,,VERY_HIGH,P0,MISSING,,OFFICIAL_LOCAL_KCAL,KFC Arabia app (SFDA),,,,,,,,,,,,,NONE,HIGH,,,,,,,,,كنتاكي,KFC,السعرات متاحة رسميًا على قائمة الفرع/التطبيق (إلزام SFDA منذ ١ يوليو ٢٠٢٥). الماكروز غير منشورة — تبقى فارغة.
QGAP-00509,NEEDS_SOURCE,سعرات رسمية على قائمة الفرع/التطبيق (إلزام SFDA) — تُقرأ يدويًا؛ الماكروز غير منشورة,كنتاكي - خبز الثوم,KFC - Garlic bread,كنتاكي,KFC,KFC,RESTAURANT,مطاعم,دجاج مقلي,,,KSA,KSA,,VERY_HIGH,P0,MISSING,,OFFICIAL_LOCAL_KCAL,KFC Arabia app (SFDA),,,,,,,,,,,,,NONE,HIGH,,,,,,,,,كنتاكي,KFC,السعرات متاحة رسميًا على قائمة الفرع/التطبيق (إلزام SFDA منذ ١ يوليو ٢٠٢٥). الماكروز غير منشورة — تبقى فارغة.
QGAP-00510,NEEDS_SOURCE,سعرات رسمية على قائمة الفرع/التطبيق (إلزام SFDA) — تُقرأ يدويًا؛ الماكروز غير منشورة,كنتاكي - أجنحة حارة 6 قطع,KFC - Hot wings 6 pcs,كنتاكي,KFC,KFC,RESTAURANT,مطاعم,دجاج مقلي,,,KSA,KSA,,VERY_HIGH,P0,MISSING,,OFFICIAL_LOCAL_KCAL,KFC Arabia app (SFDA),,,,,,,,,,,,,NONE,HIGH,,,,,,,,,كنتاكي,KFC,السعرات متاحة رسميًا على قائمة الفرع/التطبيق (إلزام SFDA منذ ١ يوليو ٢٠٢٥). الماكروز غير منشورة — تبقى فارغة.
QGAP-00511,NEEDS_SOURCE,سعرات رسمية على قائمة الفرع/التطبيق (إلزام SFDA) — تُقرأ يدويًا؛ الماكروز غير منشورة,كنتاكي - سلطة,KFC - Salad,كنتاكي,KFC,KFC,RESTAURANT,مطاعم,دجاج مقلي,,,KSA,KSA,,VERY_HIGH,P0,MISSING,,OFFICIAL_LOCAL_KCAL,KFC Arabia app (SFDA),,,,,,,,,,,,,NONE,HIGH,,,,,,,,,كنتاكي,KFC,السعرات متاحة رسميًا على قائمة الفرع/التطبيق (إلزام SFDA منذ ١ يوليو ٢٠٢٥). الماكروز غير منشورة — تبقى فارغة.
QGAP-00512,NEEDS_SOURCE,سعرات رسمية على قائمة الفرع/التطبيق (إلزام SFDA) — تُقرأ يدويًا؛ الماكروز غير منشورة,كنتاكي - كريمي شيك,KFC - Creamy shake,كنتاكي,KFC,KFC,RESTAURANT,مطاعم,دجاج مقلي,,,KSA,KSA,,VERY_HIGH,P0,MISSING,,OFFICIAL_LOCAL_KCAL,KFC Arabia app (SFDA),,,,,,,,,,,,,NONE,HIGH,,,,,,,,,كنتاكي,KFC,السعرات متاحة رسميًا على قائمة الفرع/التطبيق (إلزام SFDA منذ ١ يوليو ٢٠٢٥). الماكروز غير منشورة — تبقى فارغة.
QGAP-00513,NEEDS_SOURCE,سعرات رسمية على قائمة الفرع/التطبيق (إلزام SFDA) — تُقرأ يدويًا؛ الماكروز غير منشورة,كنتاكي - وجبة دجاج بالرز,KFC - Chicken with rice meal,كنتاكي,KFC,KFC,RESTAURANT,مطاعم,دجاج مقلي,,,KSA,KSA,,VERY_HIGH,P0,MISSING,,OFFICIAL_LOCAL_KCAL,KFC Arabia app (SFDA),,,,,,,,,,,,,NONE,HIGH,,,,,,,,,كنتاكي,KFC,السعرات متاحة رسميًا على قائمة الفرع/التطبيق (إلزام SFDA منذ ١ يوليو ٢٠٢٥). الماكروز غير منشورة — تبقى فارغة.
QGAP-00514,NEEDS_SOURCE,سعرات رسمية على قائمة الفرع/التطبيق (إلزام SFDA) — تُقرأ يدويًا؛ الماكروز غير منشورة,كنتاكي - ميني فيليه,KFC - Mini fillet,كنتاكي,KFC,KFC,RESTAURANT,مطاعم,دجاج مقلي,,,KSA,KSA,,VERY_HIGH,P0,MISSING,,OFFICIAL_LOCAL_KCAL,KFC Arabia app (SFDA),,,,,,,,,,,,,NONE,HIGH,,,,,,,,,كنتاكي,KFC,السعرات متاحة رسميًا على قائمة الفرع/التطبيق (إلزام SFDA منذ ١ يوليو ٢٠٢٥). الماكروز غير منشورة — تبقى فارغة.
QGAP-00515,NEEDS_SOURCE,سعرات رسمية على قائمة الفرع/التطبيق (إلزام SFDA) — تُقرأ يدويًا؛ الماكروز غير منشورة,كنتاكي - دجاج مشوي,KFC - Grilled chicken,كنتاكي,KFC,KFC,RESTAURANT,مطاعم,دجاج مقلي,,,KSA,KSA,,VERY_HIGH,P0,MISSING,,OFFICIAL_LOCAL_KCAL,KFC Arabia app (SFDA),,,,,,,,,,,,,NONE,HIGH,,,,,,,,,كنتاكي,KFC,السعرات متاحة رسميًا على قائمة الفرع/التطبيق (إلزام SFDA منذ ١ يوليو ٢٠٢٥). الماكروز غير منشورة — تبقى فارغة.
QGAP-00516,NEEDS_SOURCE,سعرات رسمية على قائمة الفرع/التطبيق (إلزام SFDA) — تُقرأ يدويًا؛ الماكروز غير منشورة,كنتاكي - صوص,KFC - Sauce,كنتاكي,KFC,KFC,RESTAURANT,مطاعم,دجاج مقلي,,,KSA,KSA,,VERY_HIGH,P0,MISSING,,OFFICIAL_LOCAL_KCAL,KFC Arabia app (SFDA),,,,,,,,,,,,,NONE,HIGH,,,,,,,,,كنتاكي,KFC,السعرات متاحة رسميًا على قائمة الفرع/التطبيق (إلزام SFDA منذ ١ يوليو ٢٠٢٥). الماكروز غير منشورة — تبقى فارغة.
QGAP-00517,NEEDS_SOURCE,سعرات رسمية على قائمة الفرع/التطبيق (إلزام SFDA) — تُقرأ يدويًا؛ الماكروز غير منشورة,هارديز - مشروم أند سويس,Hardee's - Mushroom and Swiss,هارديز,Hardee's,Hardee's,RESTAURANT,مطاعم,برجر,,,KSA,KSA,,VERY_HIGH,P1,MISSING,,OFFICIAL_LOCAL_KCAL,Hardee's Arabia menu (SFDA),,,,,,,,,,,,,NONE,HIGH,,,,,,,,,هارديز,Hardee's,السعرات متاحة رسميًا على قائمة الفرع/التطبيق (إلزام SFDA منذ ١ يوليو ٢٠٢٥). الماكروز غير منشورة — تبقى فارغة.
QGAP-00518,NEEDS_SOURCE,سعرات رسمية على قائمة الفرع/التطبيق (إلزام SFDA) — تُقرأ يدويًا؛ الماكروز غير منشورة,هارديز - سوبر ستار,Hardee's - Super Star,هارديز,Hardee's,Hardee's,RESTAURANT,مطاعم,برجر,,,KSA,KSA,,VERY_HIGH,P1,MISSING,,OFFICIAL_LOCAL_KCAL,Hardee's Arabia menu (SFDA),,,,,,,,,,,,,NONE,HIGH,,,,,,,,,هارديز,Hardee's,السعرات متاحة رسميًا على قائمة الفرع/التطبيق (إلزام SFDA منذ ١ يوليو ٢٠٢٥). الماكروز غير منشورة — تبقى فارغة.
QGAP-00519,NEEDS_SOURCE,سعرات رسمية على قائمة الفرع/التطبيق (إلزام SFDA) — تُقرأ يدويًا؛ الماكروز غير منشورة,هارديز - فرش برجر,Hardee's - Fresh burger,هارديز,Hardee's,Hardee's,RESTAURANT,مطاعم,برجر,,,KSA,KSA,,VERY_HIGH,P1,MISSING,,OFFICIAL_LOCAL_KCAL,Hardee's Arabia menu (SFDA),,,,,,,,,,,,,NONE,HIGH,,,,,,,,,هارديز,Hardee's,السعرات متاحة رسميًا على قائمة الفرع/التطبيق (إلزام SFDA منذ ١ يوليو ٢٠٢٥). الماكروز غير منشورة — تبقى فارغة.
QGAP-00520,NEEDS_SOURCE,سعرات رسمية على قائمة الفرع/التطبيق (إلزام SFDA) — تُقرأ يدويًا؛ الماكروز غير منشورة,هارديز - ساندويتش سمك,Hardee's - Fish sandwich,هارديز,Hardee's,Hardee's,RESTAURANT,مطاعم,برجر,,,KSA,KSA,,VERY_HIGH,P1,MISSING,,OFFICIAL_LOCAL_KCAL,Hardee's Arabia menu (SFDA),,,,,,,,,,,,,NONE,HIGH,,,,,,,,,هارديز,Hardee's,السعرات متاحة رسميًا على قائمة الفرع/التطبيق (إلزام SFDA منذ ١ يوليو ٢٠٢٥). الماكروز غير منشورة — تبقى فارغة.
QGAP-00521,NEEDS_SOURCE,سعرات رسمية على قائمة الفرع/التطبيق (إلزام SFDA) — تُقرأ يدويًا؛ الماكروز غير منشورة,هارديز - بطاطس كيرلي كبيرة,Hardee's - Large curly fries,هارديز,Hardee's,Hardee's,RESTAURANT,مطاعم,برجر,,,KSA,KSA,,VERY_HIGH,P1,MISSING,,OFFICIAL_LOCAL_KCAL,Hardee's Arabia menu (SFDA),,,,,,,,,,,,,NONE,HIGH,,,,,,,,,هارديز,Hardee's,السعرات متاحة رسميًا على قائمة الفرع/التطبيق (إلزام SFDA منذ ١ يوليو ٢٠٢٥). الماكروز غير منشورة — تبقى فارغة.
QGAP-00522,NEEDS_HUMAN_REVIEW,الأصل العام موجود في قِمّة — يُحسم بشريًا إن كان المتغيّر يستحق صفًّا مستقلًا,هارديز - حلقات بصل,Hardee's - Onion rings,هارديز,Hardee's,Hardee's,RESTAURANT,مطاعم,برجر,,,KSA,KSA,,VERY_HIGH,P1,EXISTS_GENERIC_ONLY,onion-rings · حلقات بصل,OFFICIAL_LOCAL_KCAL,Hardee's Arabia menu (SFDA),,,,,,,,,,,,,NONE,HIGH,,,,,,,,,هارديز,Hardee's,السعرات متاحة رسميًا على قائمة الفرع/التطبيق (إلزام SFDA منذ ١ يوليو ٢٠٢٥). الماكروز غير منشورة — تبقى فارغة.
QGAP-00523,NEEDS_SOURCE,سعرات رسمية على قائمة الفرع/التطبيق (إلزام SFDA) — تُقرأ يدويًا؛ الماكروز غير منشورة,هارديز - بسكويت فطور,Hardee's - Breakfast biscuit,هارديز,Hardee's,Hardee's,RESTAURANT,مطاعم,برجر,,,KSA,KSA,,VERY_HIGH,P1,MISSING,,OFFICIAL_LOCAL_KCAL,Hardee's Arabia menu (SFDA),,,,,,,,,,,,,NONE,HIGH,,,,,,,,,هارديز,Hardee's,السعرات متاحة رسميًا على قائمة الفرع/التطبيق (إلزام SFDA منذ ١ يوليو ٢٠٢٥). الماكروز غير منشورة — تبقى فارغة.
QGAP-00524,NEEDS_SOURCE,سعرات رسمية على قائمة الفرع/التطبيق (إلزام SFDA) — تُقرأ يدويًا؛ الماكروز غير منشورة,هارديز - ساندويتش فطور,Hardee's - Breakfast sandwich,هارديز,Hardee's,Hardee's,RESTAURANT,مطاعم,برجر,,,KSA,KSA,,VERY_HIGH,P1,MISSING,,OFFICIAL_LOCAL_KCAL,Hardee's Arabia menu (SFDA),,,,,,,,,,,,,NONE,HIGH,,,,,,,,,هارديز,Hardee's,السعرات متاحة رسميًا على قائمة الفرع/التطبيق (إلزام SFDA منذ ١ يوليو ٢٠٢٥). الماكروز غير منشورة — تبقى فارغة.
QGAP-00525,NEEDS_HUMAN_REVIEW,الأصل العام موجود في قِمّة — يُحسم بشريًا إن كان المتغيّر يستحق صفًّا مستقلًا,هارديز - ميلك شيك,Hardee's - Hand-scooped milkshake,هارديز,Hardee's,Hardee's,RESTAURANT,مطاعم,برجر,,,KSA,KSA,,VERY_HIGH,P1,EXISTS_GENERIC_ONLY,milkshake · ميلك شيك,OFFICIAL_LOCAL_KCAL,Hardee's Arabia menu (SFDA),,,,,,,,,,,,,NONE,HIGH,,,,,,,,,هارديز,Hardee's,السعرات متاحة رسميًا على قائمة الفرع/التطبيق (إلزام SFDA منذ ١ يوليو ٢٠٢٥). الماكروز غير منشورة — تبقى فارغة.
QGAP-00526,NEEDS_SOURCE,سعرات رسمية على قائمة الفرع/التطبيق (إلزام SFDA) — تُقرأ يدويًا؛ الماكروز غير منشورة,هارديز - آيس كريم,Hardee's - Ice cream,هارديز,Hardee's,Hardee's,RESTAURANT,مطاعم,برجر,,,KSA,KSA,,VERY_HIGH,P1,MISSING,,OFFICIAL_LOCAL_KCAL,Hardee's Arabia menu (SFDA),,,,,,,,,,,,,NONE,HIGH,,,,,,,,,هارديز,Hardee's,السعرات متاحة رسميًا على قائمة الفرع/التطبيق (إلزام SFDA منذ ١ يوليو ٢٠٢٥). الماكروز غير منشورة — تبقى فارغة.
QGAP-00527,NEEDS_SOURCE,سعرات رسمية على قائمة الفرع/التطبيق (إلزام SFDA) — تُقرأ يدويًا؛ الماكروز غير منشورة,هارديز - وجبة أطفال,Hardee's - Kids meal,هارديز,Hardee's,Hardee's,RESTAURANT,مطاعم,برجر,,,KSA,KSA,,VERY_HIGH,P1,MISSING,,OFFICIAL_LOCAL_KCAL,Hardee's Arabia menu (SFDA),,,,,,,,,,,,,NONE,HIGH,,,,,,,,,هارديز,Hardee's,السعرات متاحة رسميًا على قائمة الفرع/التطبيق (إلزام SFDA منذ ١ يوليو ٢٠٢٥). الماكروز غير منشورة — تبقى فارغة.
QGAP-00528,NEEDS_SOURCE,سعرات رسمية على قائمة الفرع/التطبيق (إلزام SFDA) — تُقرأ يدويًا؛ الماكروز غير منشورة,هارديز - سلطة,Hardee's - Side salad,هارديز,Hardee's,Hardee's,RESTAURANT,مطاعم,برجر,,,KSA,KSA,,VERY_HIGH,P1,MISSING,,OFFICIAL_LOCAL_KCAL,Hardee's Arabia menu (SFDA),,,,,,,,,,,,,NONE,HIGH,,,,,,,,,هارديز,Hardee's,السعرات متاحة رسميًا على قائمة الفرع/التطبيق (إلزام SFDA منذ ١ يوليو ٢٠٢٥). الماكروز غير منشورة — تبقى فارغة.
QGAP-00529,NEEDS_SOURCE,سعرات رسمية على قائمة الفرع/التطبيق (إلزام SFDA) — تُقرأ يدويًا؛ الماكروز غير منشورة,هارديز - ثيك برجر دبل,Hardee's - Double Thickburger,هارديز,Hardee's,Hardee's,RESTAURANT,مطاعم,برجر,,,KSA,KSA,,VERY_HIGH,P1,MISSING,,OFFICIAL_LOCAL_KCAL,Hardee's Arabia menu (SFDA),,,,,,,,,,,,,NONE,HIGH,,,,,,,,,هارديز,Hardee's,السعرات متاحة رسميًا على قائمة الفرع/التطبيق (إلزام SFDA منذ ١ يوليو ٢٠٢٥). الماكروز غير منشورة — تبقى فارغة.
QGAP-00530,NEEDS_SOURCE,سعرات رسمية على قائمة الفرع/التطبيق (إلزام SFDA) — تُقرأ يدويًا؛ الماكروز غير منشورة,هارديز - برجر جالابينو,Hardee's - Jalapeno burger,هارديز,Hardee's,Hardee's,RESTAURANT,مطاعم,برجر,,,KSA,KSA,,VERY_HIGH,P1,MISSING,,OFFICIAL_LOCAL_KCAL,Hardee's Arabia menu (SFDA),,,,,,,,,,,,,NONE,HIGH,,,,,,,,,هارديز,Hardee's,السعرات متاحة رسميًا على قائمة الفرع/التطبيق (إلزام SFDA منذ ١ يوليو ٢٠٢٥). الماكروز غير منشورة — تبقى فارغة.
QGAP-00531,NEEDS_SOURCE,سعرات رسمية على قائمة الفرع/التطبيق (إلزام SFDA) — تُقرأ يدويًا؛ الماكروز غير منشورة,تكساس تشيكن - دجاج مقرمش حار,Texas Chicken - Spicy crispy chicken,تكساس تشيكن,Texas Chicken,Texas Chicken,RESTAURANT,مطاعم,دجاج مقلي,,,KSA,KSA,,HIGH,P1,MISSING,,OFFICIAL_LOCAL_KCAL,Texas Chicken KSA menu (SFDA),,,,,,,,,,,,,NONE,HIGH,,,,,,,,,تكساس تشيكن,Texas Chicken,السعرات متاحة رسميًا على قائمة الفرع/التطبيق (إلزام SFDA منذ ١ يوليو ٢٠٢٥). الماكروز غير منشورة — تبقى فارغة.
QGAP-00532,NEEDS_SOURCE,سعرات رسمية على قائمة الفرع/التطبيق (إلزام SFDA) — تُقرأ يدويًا؛ الماكروز غير منشورة,تكساس تشيكن - دلو 8 قطع,Texas Chicken - Bucket 8 pcs,تكساس تشيكن,Texas Chicken,Texas Chicken,RESTAURANT,مطاعم,دجاج مقلي,,,KSA,KSA,,HIGH,P1,MISSING,,OFFICIAL_LOCAL_KCAL,Texas Chicken KSA menu (SFDA),,,,,,,,,,,,,NONE,HIGH,,,,,,,,,تكساس تشيكن,Texas Chicken,السعرات متاحة رسميًا على قائمة الفرع/التطبيق (إلزام SFDA منذ ١ يوليو ٢٠٢٥). الماكروز غير منشورة — تبقى فارغة.
QGAP-00533,NEEDS_SOURCE,سعرات رسمية على قائمة الفرع/التطبيق (إلزام SFDA) — تُقرأ يدويًا؛ الماكروز غير منشورة,تكساس تشيكن - تندرز 5 قطع,Texas Chicken - Tenders 5 pcs,تكساس تشيكن,Texas Chicken,Texas Chicken,RESTAURANT,مطاعم,دجاج مقلي,,,KSA,KSA,,HIGH,P1,MISSING,,OFFICIAL_LOCAL_KCAL,Texas Chicken KSA menu (SFDA),,,,,,,,,,,,,NONE,HIGH,,,,,,,,,تكساس تشيكن,Texas Chicken,السعرات متاحة رسميًا على قائمة الفرع/التطبيق (إلزام SFDA منذ ١ يوليو ٢٠٢٥). الماكروز غير منشورة — تبقى فارغة.
QGAP-00534,NEEDS_HUMAN_REVIEW,الأصل العام موجود في قِمّة — يُحسم بشريًا إن كان المتغيّر يستحق صفًّا مستقلًا,تكساس تشيكن - بطاطس مقلية,Texas Chicken - French fries,تكساس تشيكن,Texas Chicken,Texas Chicken,RESTAURANT,مطاعم,دجاج مقلي,,,KSA,KSA,,HIGH,P1,EXISTS_GENERIC_ONLY,fries · بطاطس مقلية,OFFICIAL_LOCAL_KCAL,Texas Chicken KSA menu (SFDA),,,,,,,,,,,,,NONE,HIGH,,,,,,,,,تكساس تشيكن,Texas Chicken,السعرات متاحة رسميًا على قائمة الفرع/التطبيق (إلزام SFDA منذ ١ يوليو ٢٠٢٥). الماكروز غير منشورة — تبقى فارغة.
QGAP-00535,NEEDS_SOURCE,سعرات رسمية على قائمة الفرع/التطبيق (إلزام SFDA) — تُقرأ يدويًا؛ الماكروز غير منشورة,تكساس تشيكن - كول سلو,Texas Chicken - Coleslaw,تكساس تشيكن,Texas Chicken,Texas Chicken,RESTAURANT,مطاعم,دجاج مقلي,,,KSA,KSA,,HIGH,P1,MISSING,,OFFICIAL_LOCAL_KCAL,Texas Chicken KSA menu (SFDA),,,,,,,,,,,,,NONE,HIGH,,,,,,,,,تكساس تشيكن,Texas Chicken,السعرات متاحة رسميًا على قائمة الفرع/التطبيق (إلزام SFDA منذ ١ يوليو ٢٠٢٥). الماكروز غير منشورة — تبقى فارغة.
QGAP-00536,NEEDS_SOURCE,سعرات رسمية على قائمة الفرع/التطبيق (إلزام SFDA) — تُقرأ يدويًا؛ الماكروز غير منشورة,تكساس تشيكن - ماش بوتيتو,Texas Chicken - Mashed potato,تكساس تشيكن,Texas Chicken,Texas Chicken,RESTAURANT,مطاعم,دجاج مقلي,,,KSA,KSA,,HIGH,P1,MISSING,,OFFICIAL_LOCAL_KCAL,Texas Chicken KSA menu (SFDA),,,,,,,,,,,,,NONE,HIGH,,,,,,,,,تكساس تشيكن,Texas Chicken,السعرات متاحة رسميًا على قائمة الفرع/التطبيق (إلزام SFDA منذ ١ يوليو ٢٠٢٥). الماكروز غير منشورة — تبقى فارغة.
QGAP-00537,NEEDS_SOURCE,سعرات رسمية على قائمة الفرع/التطبيق (إلزام SFDA) — تُقرأ يدويًا؛ الماكروز غير منشورة,تكساس تشيكن - ذرة,Texas Chicken - Corn on the cob,تكساس تشيكن,Texas Chicken,Texas Chicken,RESTAURANT,مطاعم,دجاج مقلي,,,KSA,KSA,,HIGH,P1,MISSING,,OFFICIAL_LOCAL_KCAL,Texas Chicken KSA menu (SFDA),,,,,,,,,,,,,NONE,HIGH,,,,,,,,,تكساس تشيكن,Texas Chicken,السعرات متاحة رسميًا على قائمة الفرع/التطبيق (إلزام SFDA منذ ١ يوليو ٢٠٢٥). الماكروز غير منشورة — تبقى فارغة.
QGAP-00538,NEEDS_SOURCE,سعرات رسمية على قائمة الفرع/التطبيق (إلزام SFDA) — تُقرأ يدويًا؛ الماكروز غير منشورة,تكساس تشيكن - ساندويتش سمك,Texas Chicken - Fish sandwich,تكساس تشيكن,Texas Chicken,Texas Chicken,RESTAURANT,مطاعم,دجاج مقلي,,,KSA,KSA,,HIGH,P1,MISSING,,OFFICIAL_LOCAL_KCAL,Texas Chicken KSA menu (SFDA),,,,,,,,,,,,,NONE,HIGH,,,,,,,,,تكساس تشيكن,Texas Chicken,السعرات متاحة رسميًا على قائمة الفرع/التطبيق (إلزام SFDA منذ ١ يوليو ٢٠٢٥). الماكروز غير منشورة — تبقى فارغة.
QGAP-00539,NEEDS_SOURCE,سعرات رسمية على قائمة الفرع/التطبيق (إلزام SFDA) — تُقرأ يدويًا؛ الماكروز غير منشورة,بوبايز - ساندويتش دجاج كلاسيك,Popeyes - Classic chicken sandwich,بوبايز,Popeyes,Popeyes,RESTAURANT,مطاعم,دجاج مقلي,,,KSA,KSA,,HIGH,P1,MISSING,,OFFICIAL_LOCAL_KCAL,Popeyes KSA menu (SFDA),,,,,,,,,,,,,NONE,HIGH,,,,,,,,,بوبايز,Popeyes,السعرات متاحة رسميًا على قائمة الفرع/التطبيق (إلزام SFDA منذ ١ يوليو ٢٠٢٥). الماكروز غير منشورة — تبقى فارغة.
QGAP-00540,NEEDS_SOURCE,سعرات رسمية على قائمة الفرع/التطبيق (إلزام SFDA) — تُقرأ يدويًا؛ الماكروز غير منشورة,بوبايز - ساندويتش دجاج حار,Popeyes - Spicy chicken sandwich,بوبايز,Popeyes,Popeyes,RESTAURANT,مطاعم,دجاج مقلي,,,KSA,KSA,,HIGH,P1,MISSING,,OFFICIAL_LOCAL_KCAL,Popeyes KSA menu (SFDA),,,,,,,,,,,,,NONE,HIGH,,,,,,,,,بوبايز,Popeyes,السعرات متاحة رسميًا على قائمة الفرع/التطبيق (إلزام SFDA منذ ١ يوليو ٢٠٢٥). الماكروز غير منشورة — تبقى فارغة.
QGAP-00541,NEEDS_SOURCE,سعرات رسمية على قائمة الفرع/التطبيق (إلزام SFDA) — تُقرأ يدويًا؛ الماكروز غير منشورة,بوبايز - دجاج مقرمش 3 قطع,Popeyes - Crispy chicken 3 pcs,بوبايز,Popeyes,Popeyes,RESTAURANT,مطاعم,دجاج مقلي,,,KSA,KSA,,HIGH,P1,MISSING,,OFFICIAL_LOCAL_KCAL,Popeyes KSA menu (SFDA),,,,,,,,,,,,,NONE,HIGH,,,,,,,,,بوبايز,Popeyes,السعرات متاحة رسميًا على قائمة الفرع/التطبيق (إلزام SFDA منذ ١ يوليو ٢٠٢٥). الماكروز غير منشورة — تبقى فارغة.
QGAP-00542,NEEDS_SOURCE,سعرات رسمية على قائمة الفرع/التطبيق (إلزام SFDA) — تُقرأ يدويًا؛ الماكروز غير منشورة,بوبايز - تندرز 4 قطع,Popeyes - Tenders 4 pcs,بوبايز,Popeyes,Popeyes,RESTAURANT,مطاعم,دجاج مقلي,,,KSA,KSA,,HIGH,P1,MISSING,,OFFICIAL_LOCAL_KCAL,Popeyes KSA menu (SFDA),,,,,,,,,,,,,NONE,HIGH,,,,,,,,,بوبايز,Popeyes,السعرات متاحة رسميًا على قائمة الفرع/التطبيق (إلزام SFDA منذ ١ يوليو ٢٠٢٥). الماكروز غير منشورة — تبقى فارغة.
QGAP-00543,NEEDS_SOURCE,سعرات رسمية على قائمة الفرع/التطبيق (إلزام SFDA) — تُقرأ يدويًا؛ الماكروز غير منشورة,بوبايز - بطاطس كاجون,Popeyes - Cajun fries,بوبايز,Popeyes,Popeyes,RESTAURANT,مطاعم,دجاج مقلي,,,KSA,KSA,,HIGH,P1,MISSING,,OFFICIAL_LOCAL_KCAL,Popeyes KSA menu (SFDA),,,,,,,,,,,,,NONE,HIGH,,,,,,,,,بوبايز,Popeyes,السعرات متاحة رسميًا على قائمة الفرع/التطبيق (إلزام SFDA منذ ١ يوليو ٢٠٢٥). الماكروز غير منشورة — تبقى فارغة.
QGAP-00544,NEEDS_SOURCE,سعرات رسمية على قائمة الفرع/التطبيق (إلزام SFDA) — تُقرأ يدويًا؛ الماكروز غير منشورة,بوبايز - بيسكويت,Popeyes - Biscuit,بوبايز,Popeyes,Popeyes,RESTAURANT,مطاعم,دجاج مقلي,,,KSA,KSA,,HIGH,P1,MISSING,,OFFICIAL_LOCAL_KCAL,Popeyes KSA menu (SFDA),,,,,,,,,,,,,NONE,HIGH,,,,,,,,,بوبايز,Popeyes,السعرات متاحة رسميًا على قائمة الفرع/التطبيق (إلزام SFDA منذ ١ يوليو ٢٠٢٥). الماكروز غير منشورة — تبقى فارغة.
QGAP-00545,NEEDS_SOURCE,سعرات رسمية على قائمة الفرع/التطبيق (إلزام SFDA) — تُقرأ يدويًا؛ الماكروز غير منشورة,بوبايز - كول سلو,Popeyes - Coleslaw,بوبايز,Popeyes,Popeyes,RESTAURANT,مطاعم,دجاج مقلي,,,KSA,KSA,,HIGH,P1,MISSING,,OFFICIAL_LOCAL_KCAL,Popeyes KSA menu (SFDA),,,,,,,,,,,,,NONE,HIGH,,,,,,,,,بوبايز,Popeyes,السعرات متاحة رسميًا على قائمة الفرع/التطبيق (إلزام SFDA منذ ١ يوليو ٢٠٢٥). الماكروز غير منشورة — تبقى فارغة.
QGAP-00546,NEEDS_SOURCE,سعرات رسمية على قائمة الفرع/التطبيق (إلزام SFDA) — تُقرأ يدويًا؛ الماكروز غير منشورة,بوبايز - رز كاجون,Popeyes - Cajun rice,بوبايز,Popeyes,Popeyes,RESTAURANT,مطاعم,دجاج مقلي,,,KSA,KSA,,HIGH,P1,MISSING,,OFFICIAL_LOCAL_KCAL,Popeyes KSA menu (SFDA),,,,,,,,,,,,,NONE,HIGH,,,,,,,,,بوبايز,Popeyes,السعرات متاحة رسميًا على قائمة الفرع/التطبيق (إلزام SFDA منذ ١ يوليو ٢٠٢٥). الماكروز غير منشورة — تبقى فارغة.
QGAP-00547,NEEDS_SOURCE,سعرات رسمية على قائمة الفرع/التطبيق (إلزام SFDA) — تُقرأ يدويًا؛ الماكروز غير منشورة,بوبايز - أجنحة,Popeyes - Wings,بوبايز,Popeyes,Popeyes,RESTAURANT,مطاعم,دجاج مقلي,,,KSA,KSA,,HIGH,P1,MISSING,,OFFICIAL_LOCAL_KCAL,Popeyes KSA menu (SFDA),,,,,,,,,,,,,NONE,HIGH,,,,,,,,,بوبايز,Popeyes,السعرات متاحة رسميًا على قائمة الفرع/التطبيق (إلزام SFDA منذ ١ يوليو ٢٠٢٥). الماكروز غير منشورة — تبقى فارغة.
QGAP-00548,NEEDS_SOURCE,سعرات رسمية على قائمة الفرع/التطبيق (إلزام SFDA) — تُقرأ يدويًا؛ الماكروز غير منشورة,بوبايز - ماك أند تشيز,Popeyes - Mac and cheese,بوبايز,Popeyes,Popeyes,RESTAURANT,مطاعم,دجاج مقلي,,,KSA,KSA,,HIGH,P1,MISSING,,OFFICIAL_LOCAL_KCAL,Popeyes KSA menu (SFDA),,,,,,,,,,,,,NONE,HIGH,,,,,,,,,بوبايز,Popeyes,السعرات متاحة رسميًا على قائمة الفرع/التطبيق (إلزام SFDA منذ ١ يوليو ٢٠٢٥). الماكروز غير منشورة — تبقى فارغة.
QGAP-00549,NEEDS_SOURCE,لم يُعثر على مصدر آلي — يحتاج جلبًا من المصنّع أو كتالوج التجزئة,صب واي - ساندويتش لحم بقري (30سم),Subway - Beef sub footlong,صب واي,Subway,Subway,RESTAURANT,مطاعم,ساندويتش,,,KSA,FOREIGN,,VERY_HIGH,P1,MISSING,,OFFICIAL_FOREIGN_MARKET,Subway corporate nutrition (US/UK),,,,,,,,,,,,,NONE,HIGH,,,,,,,,,صب واي,Subway,بيانات السوق الأجنبي فقط — تُوسم صراحةً ولا تُقدَّم كقيم سعودية.
QGAP-00550,NEEDS_SOURCE,لم يُعثر على مصدر آلي — يحتاج جلبًا من المصنّع أو كتالوج التجزئة,صب واي - ساندويتش تشيكن تريّاكي,Subway - Chicken teriyaki sub,صب واي,Subway,Subway,RESTAURANT,مطاعم,ساندويتش,,,KSA,FOREIGN,,VERY_HIGH,P1,MISSING,,OFFICIAL_FOREIGN_MARKET,Subway corporate nutrition (US/UK),,,,,,,,,,,,,NONE,HIGH,,,,,,,,,صب واي,Subway,بيانات السوق الأجنبي فقط — تُوسم صراحةً ولا تُقدَّم كقيم سعودية.
QGAP-00551,NEEDS_SOURCE,لم يُعثر على مصدر آلي — يحتاج جلبًا من المصنّع أو كتالوج التجزئة,صب واي - ساندويتش ستيك وجبن,Subway - Steak and cheese sub,صب واي,Subway,Subway,RESTAURANT,مطاعم,ساندويتش,,,KSA,FOREIGN,,VERY_HIGH,P1,MISSING,,OFFICIAL_FOREIGN_MARKET,Subway corporate nutrition (US/UK),,,,,,,,,,,,,NONE,HIGH,,,,,,,,,صب واي,Subway,بيانات السوق الأجنبي فقط — تُوسم صراحةً ولا تُقدَّم كقيم سعودية.
QGAP-00552,NEEDS_SOURCE,لم يُعثر على مصدر آلي — يحتاج جلبًا من المصنّع أو كتالوج التجزئة,صب واي - ساندويتش إيطالي,Subway - Italian BMT sub,صب واي,Subway,Subway,RESTAURANT,مطاعم,ساندويتش,,,KSA,FOREIGN,,VERY_HIGH,P1,MISSING,,OFFICIAL_FOREIGN_MARKET,Subway corporate nutrition (US/UK),,,,,,,,,,,,,NONE,HIGH,,,,,,,,,صب واي,Subway,بيانات السوق الأجنبي فقط — تُوسم صراحةً ولا تُقدَّم كقيم سعودية.
QGAP-00553,NEEDS_SOURCE,لم يُعثر على مصدر آلي — يحتاج جلبًا من المصنّع أو كتالوج التجزئة,صب واي - ساندويتش خضار,Subway - Veggie delite sub,صب واي,Subway,Subway,RESTAURANT,مطاعم,ساندويتش,,,KSA,FOREIGN,,VERY_HIGH,P1,MISSING,,OFFICIAL_FOREIGN_MARKET,Subway corporate nutrition (US/UK),,,,,,,,,,,,,NONE,HIGH,,,,,,,,,صب واي,Subway,بيانات السوق الأجنبي فقط — تُوسم صراحةً ولا تُقدَّم كقيم سعودية.
QGAP-00554,NEEDS_SOURCE,لم يُعثر على مصدر آلي — يحتاج جلبًا من المصنّع أو كتالوج التجزئة,صب واي - سلطة دجاج مشوي,Subway - Grilled chicken salad,صب واي,Subway,Subway,RESTAURANT,مطاعم,ساندويتش,,,KSA,FOREIGN,,VERY_HIGH,P1,MISSING,,OFFICIAL_FOREIGN_MARKET,Subway corporate nutrition (US/UK),,,,,,,,,,,,,NONE,HIGH,,,,,,,,,صب واي,Subway,بيانات السوق الأجنبي فقط — تُوسم صراحةً ولا تُقدَّم كقيم سعودية.
QGAP-00555,NEEDS_SOURCE,لم يُعثر على مصدر آلي — يحتاج جلبًا من المصنّع أو كتالوج التجزئة,صب واي - ساندويتش تشيكن بارميزان,Subway - Chicken parmesan sub,صب واي,Subway,Subway,RESTAURANT,مطاعم,ساندويتش,,,KSA,FOREIGN,,VERY_HIGH,P1,MISSING,,OFFICIAL_FOREIGN_MARKET,Subway corporate nutrition (US/UK),,,,,,,,,,,,,NONE,HIGH,,,,,,,,,صب واي,Subway,بيانات السوق الأجنبي فقط — تُوسم صراحةً ولا تُقدَّم كقيم سعودية.
QGAP-00556,NEEDS_SOURCE,لم يُعثر على مصدر آلي — يحتاج جلبًا من المصنّع أو كتالوج التجزئة,صب واي - ساندويتش فطور بيض وجبن,Subway - Egg and cheese breakfast sub,صب واي,Subway,Subway,RESTAURANT,مطاعم,ساندويتش,,,KSA,FOREIGN,,VERY_HIGH,P1,MISSING,,OFFICIAL_FOREIGN_MARKET,Subway corporate nutrition (US/UK),,,,,,,,,,,,,NONE,HIGH,,,,,,,,,صب واي,Subway,بيانات السوق الأجنبي فقط — تُوسم صراحةً ولا تُقدَّم كقيم سعودية.
QGAP-00557,NEEDS_SOURCE,لم يُعثر على مصدر آلي — يحتاج جلبًا من المصنّع أو كتالوج التجزئة,صب واي - رابس دجاج,Subway - Chicken wrap,صب واي,Subway,Subway,RESTAURANT,مطاعم,ساندويتش,,,KSA,FOREIGN,,VERY_HIGH,P1,MISSING,,OFFICIAL_FOREIGN_MARKET,Subway corporate nutrition (US/UK),,,,,,,,,,,,,NONE,HIGH,,,,,,,,,صب واي,Subway,بيانات السوق الأجنبي فقط — تُوسم صراحةً ولا تُقدَّم كقيم سعودية.
QGAP-00558,NEEDS_SOURCE,لم يُعثر على مصدر آلي — يحتاج جلبًا من المصنّع أو كتالوج التجزئة,صب واي - شوربة اليوم,Subway - Soup of the day,صب واي,Subway,Subway,RESTAURANT,مطاعم,ساندويتش,,,KSA,FOREIGN,,VERY_HIGH,P1,MISSING,,OFFICIAL_FOREIGN_MARKET,Subway corporate nutrition (US/UK),,,,,,,,,,,,,NONE,HIGH,,,,,,,,,صب واي,Subway,بيانات السوق الأجنبي فقط — تُوسم صراحةً ولا تُقدَّم كقيم سعودية.
QGAP-00559,NEEDS_SOURCE,لم يُعثر على مصدر آلي — يحتاج جلبًا من المصنّع أو كتالوج التجزئة,صب واي - كوكيز شوكولاتة,Subway - Chocolate chip cookie,صب واي,Subway,Subway,RESTAURANT,مطاعم,ساندويتش,,,KSA,FOREIGN,,VERY_HIGH,P1,MISSING,,OFFICIAL_FOREIGN_MARKET,Subway corporate nutrition (US/UK),,,,,,,,,,,,,NONE,HIGH,,,,,,,,,صب واي,Subway,بيانات السوق الأجنبي فقط — تُوسم صراحةً ولا تُقدَّم كقيم سعودية.
QGAP-00560,NEEDS_SOURCE,لم يُعثر على مصدر آلي — يحتاج جلبًا من المصنّع أو كتالوج التجزئة,صب واي - بطاطس شيبس,Subway - Chips,صب واي,Subway,Subway,RESTAURANT,مطاعم,ساندويتش,,,KSA,FOREIGN,,VERY_HIGH,P1,MISSING,,OFFICIAL_FOREIGN_MARKET,Subway corporate nutrition (US/UK),,,,,,,,,,,,,NONE,HIGH,,,,,,,,,صب واي,Subway,بيانات السوق الأجنبي فقط — تُوسم صراحةً ولا تُقدَّم كقيم سعودية.
QGAP-00561,NEEDS_SOURCE,لم يُعثر على مصدر آلي — يحتاج جلبًا من المصنّع أو كتالوج التجزئة,دومينوز - بيتزا بيبروني وسط,Domino's - Pepperoni medium pizza,دومينوز,Domino's,Domino's,RESTAURANT,مطاعم,بيتزا,,,KSA,FOREIGN,,VERY_HIGH,P1,MISSING,,OFFICIAL_FOREIGN_MARKET,Domino's corporate nutrition,,,,,,,,,,,,,NONE,HIGH,,,,,,,,,دومينوز,Domino's,بيانات السوق الأجنبي فقط — تُوسم صراحةً ولا تُقدَّم كقيم سعودية.
QGAP-00562,NEEDS_SOURCE,لم يُعثر على مصدر آلي — يحتاج جلبًا من المصنّع أو كتالوج التجزئة,دومينوز - بيتزا سوبريم كبيرة,Domino's - Supreme large pizza,دومينوز,Domino's,Domino's,RESTAURANT,مطاعم,بيتزا,,,KSA,FOREIGN,,VERY_HIGH,P1,MISSING,,OFFICIAL_FOREIGN_MARKET,Domino's corporate nutrition,,,,,,,,,,,,,NONE,HIGH,,,,,,,,,دومينوز,Domino's,بيانات السوق الأجنبي فقط — تُوسم صراحةً ولا تُقدَّم كقيم سعودية.
QGAP-00563,NEEDS_SOURCE,لم يُعثر على مصدر آلي — يحتاج جلبًا من المصنّع أو كتالوج التجزئة,دومينوز - بيتزا دجاج باربكيو,Domino's - BBQ chicken pizza,دومينوز,Domino's,Domino's,RESTAURANT,مطاعم,بيتزا,,,KSA,FOREIGN,,VERY_HIGH,P1,MISSING,,OFFICIAL_FOREIGN_MARKET,Domino's corporate nutrition,,,,,,,,,,,,,NONE,HIGH,,,,,,,,,دومينوز,Domino's,بيانات السوق الأجنبي فقط — تُوسم صراحةً ولا تُقدَّم كقيم سعودية.
QGAP-00564,NEEDS_SOURCE,لم يُعثر على مصدر آلي — يحتاج جلبًا من المصنّع أو كتالوج التجزئة,دومينوز - بيتزا مارغريتا,Domino's - Margherita pizza,دومينوز,Domino's,Domino's,RESTAURANT,مطاعم,بيتزا,,,KSA,FOREIGN,,VERY_HIGH,P1,MISSING,,OFFICIAL_FOREIGN_MARKET,Domino's corporate nutrition,,,,,,,,,,,,,NONE,HIGH,,,,,,,,,دومينوز,Domino's,بيانات السوق الأجنبي فقط — تُوسم صراحةً ولا تُقدَّم كقيم سعودية.
QGAP-00565,NEEDS_SOURCE,لم يُعثر على مصدر آلي — يحتاج جلبًا من المصنّع أو كتالوج التجزئة,دومينوز - بيتزا لحم مشكل,Domino's - Meat lovers pizza,دومينوز,Domino's,Domino's,RESTAURANT,مطاعم,بيتزا,,,KSA,FOREIGN,,VERY_HIGH,P1,MISSING,,OFFICIAL_FOREIGN_MARKET,Domino's corporate nutrition,,,,,,,,,,,,,NONE,HIGH,,,,,,,,,دومينوز,Domino's,بيانات السوق الأجنبي فقط — تُوسم صراحةً ولا تُقدَّم كقيم سعودية.
QGAP-00566,NEEDS_SOURCE,لم يُعثر على مصدر آلي — يحتاج جلبًا من المصنّع أو كتالوج التجزئة,دومينوز - باستا الفريدو,Domino's - Alfredo pasta,دومينوز,Domino's,Domino's,RESTAURANT,مطاعم,بيتزا,,,KSA,FOREIGN,,VERY_HIGH,P1,MISSING,,OFFICIAL_FOREIGN_MARKET,Domino's corporate nutrition,,,,,,,,,,,,,NONE,HIGH,,,,,,,,,دومينوز,Domino's,بيانات السوق الأجنبي فقط — تُوسم صراحةً ولا تُقدَّم كقيم سعودية.
QGAP-00567,NEEDS_SOURCE,لم يُعثر على مصدر آلي — يحتاج جلبًا من المصنّع أو كتالوج التجزئة,دومينوز - ساندويتش دجاج,Domino's - Chicken sandwich,دومينوز,Domino's,Domino's,RESTAURANT,مطاعم,بيتزا,,,KSA,FOREIGN,,VERY_HIGH,P1,MISSING,,OFFICIAL_FOREIGN_MARKET,Domino's corporate nutrition,,,,,,,,,,,,,NONE,HIGH,,,,,,,,,دومينوز,Domino's,بيانات السوق الأجنبي فقط — تُوسم صراحةً ولا تُقدَّم كقيم سعودية.
QGAP-00568,NEEDS_SOURCE,لم يُعثر على مصدر آلي — يحتاج جلبًا من المصنّع أو كتالوج التجزئة,دومينوز - عيدان الجبن,Domino's - Cheesy bread,دومينوز,Domino's,Domino's,RESTAURANT,مطاعم,بيتزا,,,KSA,FOREIGN,,VERY_HIGH,P1,MISSING,,OFFICIAL_FOREIGN_MARKET,Domino's corporate nutrition,,,,,,,,,,,,,NONE,HIGH,,,,,,,,,دومينوز,Domino's,بيانات السوق الأجنبي فقط — تُوسم صراحةً ولا تُقدَّم كقيم سعودية.
QGAP-00569,NEEDS_SOURCE,لم يُعثر على مصدر آلي — يحتاج جلبًا من المصنّع أو كتالوج التجزئة,دومينوز - أجنحة باربكيو,Domino's - BBQ wings,دومينوز,Domino's,Domino's,RESTAURANT,مطاعم,بيتزا,,,KSA,FOREIGN,,VERY_HIGH,P1,MISSING,,OFFICIAL_FOREIGN_MARKET,Domino's corporate nutrition,,,,,,,,,,,,,NONE,HIGH,,,,,,,,,دومينوز,Domino's,بيانات السوق الأجنبي فقط — تُوسم صراحةً ولا تُقدَّم كقيم سعودية.
QGAP-00570,NEEDS_SOURCE,لم يُعثر على مصدر آلي — يحتاج جلبًا من المصنّع أو كتالوج التجزئة,دومينوز - لافا كيك,Domino's - Chocolate lava cake,دومينوز,Domino's,Domino's,RESTAURANT,مطاعم,بيتزا,,,KSA,FOREIGN,,VERY_HIGH,P1,MISSING,,OFFICIAL_FOREIGN_MARKET,Domino's corporate nutrition,,,,,,,,,,,,,NONE,HIGH,,,,,,,,,دومينوز,Domino's,بيانات السوق الأجنبي فقط — تُوسم صراحةً ولا تُقدَّم كقيم سعودية.
QGAP-00571,NEEDS_SOURCE,لم يُعثر على مصدر آلي — يحتاج جلبًا من المصنّع أو كتالوج التجزئة,دومينوز - بطاطس ودجز,Domino's - Potato wedges,دومينوز,Domino's,Domino's,RESTAURANT,مطاعم,بيتزا,,,KSA,FOREIGN,,VERY_HIGH,P1,MISSING,,OFFICIAL_FOREIGN_MARKET,Domino's corporate nutrition,,,,,,,,,,,,,NONE,HIGH,,,,,,,,,دومينوز,Domino's,بيانات السوق الأجنبي فقط — تُوسم صراحةً ولا تُقدَّم كقيم سعودية.
QGAP-00572,NEEDS_SOURCE,لم يُعثر على مصدر آلي — يحتاج جلبًا من المصنّع أو كتالوج التجزئة,دومينوز - سلطة,Domino's - Garden salad,دومينوز,Domino's,Domino's,RESTAURANT,مطاعم,بيتزا,,,KSA,FOREIGN,,VERY_HIGH,P1,MISSING,,OFFICIAL_FOREIGN_MARKET,Domino's corporate nutrition,,,,,,,,,,,,,NONE,HIGH,,,,,,,,,دومينوز,Domino's,بيانات السوق الأجنبي فقط — تُوسم صراحةً ولا تُقدَّم كقيم سعودية.
QGAP-00573,NEEDS_SOURCE,لم يُعثر على مصدر آلي — يحتاج جلبًا من المصنّع أو كتالوج التجزئة,بيتزا هت - بيتزا بان ببروني وسط,Pizza Hut - Pan pepperoni medium,بيتزا هت,Pizza Hut,Pizza Hut,RESTAURANT,مطاعم,بيتزا,,,KSA,FOREIGN,,VERY_HIGH,P1,MISSING,,OFFICIAL_FOREIGN_MARKET,Pizza Hut corporate nutrition,,,,,,,,,,,,,NONE,HIGH,,,,,,,,,بيتزا هت,Pizza Hut,بيانات السوق الأجنبي فقط — تُوسم صراحةً ولا تُقدَّم كقيم سعودية.
QGAP-00574,NEEDS_SOURCE,لم يُعثر على مصدر آلي — يحتاج جلبًا من المصنّع أو كتالوج التجزئة,بيتزا هت - بيتزا ستفد كرست,Pizza Hut - Stuffed crust pizza,بيتزا هت,Pizza Hut,Pizza Hut,RESTAURANT,مطاعم,بيتزا,,,KSA,FOREIGN,,VERY_HIGH,P1,MISSING,,OFFICIAL_FOREIGN_MARKET,Pizza Hut corporate nutrition,,,,,,,,,,,,,NONE,HIGH,,,,,,,,,بيتزا هت,Pizza Hut,بيانات السوق الأجنبي فقط — تُوسم صراحةً ولا تُقدَّم كقيم سعودية.
QGAP-00575,NEEDS_SOURCE,لم يُعثر على مصدر آلي — يحتاج جلبًا من المصنّع أو كتالوج التجزئة,بيتزا هت - بيتزا دجاج رانش,Pizza Hut - Chicken ranch pizza,بيتزا هت,Pizza Hut,Pizza Hut,RESTAURANT,مطاعم,بيتزا,,,KSA,FOREIGN,,VERY_HIGH,P1,MISSING,,OFFICIAL_FOREIGN_MARKET,Pizza Hut corporate nutrition,,,,,,,,,,,,,NONE,HIGH,,,,,,,,,بيتزا هت,Pizza Hut,بيانات السوق الأجنبي فقط — تُوسم صراحةً ولا تُقدَّم كقيم سعودية.
QGAP-00576,NEEDS_SOURCE,لم يُعثر على مصدر آلي — يحتاج جلبًا من المصنّع أو كتالوج التجزئة,بيتزا هت - بيتزا سي فود,Pizza Hut - Seafood pizza,بيتزا هت,Pizza Hut,Pizza Hut,RESTAURANT,مطاعم,بيتزا,,,KSA,FOREIGN,,VERY_HIGH,P1,MISSING,,OFFICIAL_FOREIGN_MARKET,Pizza Hut corporate nutrition,,,,,,,,,,,,,NONE,HIGH,,,,,,,,,بيتزا هت,Pizza Hut,بيانات السوق الأجنبي فقط — تُوسم صراحةً ولا تُقدَّم كقيم سعودية.
QGAP-00577,NEEDS_SOURCE,لم يُعثر على مصدر آلي — يحتاج جلبًا من المصنّع أو كتالوج التجزئة,بيتزا هت - بيتزا خضار,Pizza Hut - Veggie pizza,بيتزا هت,Pizza Hut,Pizza Hut,RESTAURANT,مطاعم,بيتزا,,,KSA,FOREIGN,,VERY_HIGH,P1,MISSING,,OFFICIAL_FOREIGN_MARKET,Pizza Hut corporate nutrition,,,,,,,,,,,,,NONE,HIGH,,,,,,,,,بيتزا هت,Pizza Hut,بيانات السوق الأجنبي فقط — تُوسم صراحةً ولا تُقدَّم كقيم سعودية.
QGAP-00578,NEEDS_SOURCE,لم يُعثر على مصدر آلي — يحتاج جلبًا من المصنّع أو كتالوج التجزئة,بيتزا هت - باستا,Pizza Hut - Pasta,بيتزا هت,Pizza Hut,Pizza Hut,RESTAURANT,مطاعم,بيتزا,,,KSA,FOREIGN,,VERY_HIGH,P1,MISSING,,OFFICIAL_FOREIGN_MARKET,Pizza Hut corporate nutrition,,,,,,,,,,,,,NONE,HIGH,,,,,,,,,بيتزا هت,Pizza Hut,بيانات السوق الأجنبي فقط — تُوسم صراحةً ولا تُقدَّم كقيم سعودية.
QGAP-00579,NEEDS_HUMAN_REVIEW,الأصل العام موجود في قِمّة — يُحسم بشريًا إن كان المتغيّر يستحق صفًّا مستقلًا,بيتزا هت - سلطة,Pizza Hut - Salad,بيتزا هت,Pizza Hut,Pizza Hut,RESTAURANT,مطاعم,بيتزا,,,KSA,FOREIGN,,VERY_HIGH,P1,EXISTS_GENERIC_ONLY,pizza-slice · بيتزا,OFFICIAL_FOREIGN_MARKET,Pizza Hut corporate nutrition,,,,,,,,,,,,,NONE,HIGH,,,,,,,,,بيتزا هت,Pizza Hut,بيانات السوق الأجنبي فقط — تُوسم صراحةً ولا تُقدَّم كقيم سعودية.
QGAP-00580,NEEDS_SOURCE,لم يُعثر على مصدر آلي — يحتاج جلبًا من المصنّع أو كتالوج التجزئة,بيتزا هت - حلى شوكولاتة,Pizza Hut - Chocolate dessert,بيتزا هت,Pizza Hut,Pizza Hut,RESTAURANT,مطاعم,بيتزا,,,KSA,FOREIGN,,VERY_HIGH,P1,MISSING,,OFFICIAL_FOREIGN_MARKET,Pizza Hut corporate nutrition,,,,,,,,,,,,,NONE,HIGH,,,,,,,,,بيتزا هت,Pizza Hut,بيانات السوق الأجنبي فقط — تُوسم صراحةً ولا تُقدَّم كقيم سعودية.
QGAP-00581,NEEDS_SOURCE,لم يُعثر على مصدر آلي — يحتاج جلبًا من المصنّع أو كتالوج التجزئة,بيتزا هت - بيتزا شخصية,Pizza Hut - Personal pan pizza,بيتزا هت,Pizza Hut,Pizza Hut,RESTAURANT,مطاعم,بيتزا,,,KSA,FOREIGN,,VERY_HIGH,P1,MISSING,,OFFICIAL_FOREIGN_MARKET,Pizza Hut corporate nutrition,,,,,,,,,,,,,NONE,HIGH,,,,,,,,,بيتزا هت,Pizza Hut,بيانات السوق الأجنبي فقط — تُوسم صراحةً ولا تُقدَّم كقيم سعودية.
QGAP-00582,NEEDS_SOURCE,لم يُعثر على مصدر آلي — يحتاج جلبًا من المصنّع أو كتالوج التجزئة,بيتزا هت - كرسبي بايتس,Pizza Hut - Crispy bites,بيتزا هت,Pizza Hut,Pizza Hut,RESTAURANT,مطاعم,بيتزا,,,KSA,FOREIGN,,VERY_HIGH,P1,MISSING,,OFFICIAL_FOREIGN_MARKET,Pizza Hut corporate nutrition,,,,,,,,,,,,,NONE,HIGH,,,,,,,,,بيتزا هت,Pizza Hut,بيانات السوق الأجنبي فقط — تُوسم صراحةً ولا تُقدَّم كقيم سعودية.
QGAP-00583,NEEDS_SOURCE,لم يُعثر على مصدر آلي — يحتاج جلبًا من المصنّع أو كتالوج التجزئة,بابا جونز - بيتزا ببروني,Papa John's - Pepperoni pizza,بابا جونز,Papa John's,Papa John's,RESTAURANT,مطاعم,بيتزا,,,KSA,FOREIGN,,HIGH,P1,MISSING,,OFFICIAL_FOREIGN_MARKET,Papa John's corporate nutrition,,,,,,,,,,,,,NONE,HIGH,,,,,,,,,بابا جونز,Papa John's,بيانات السوق الأجنبي فقط — تُوسم صراحةً ولا تُقدَّم كقيم سعودية.
QGAP-00584,NEEDS_SOURCE,لم يُعثر على مصدر آلي — يحتاج جلبًا من المصنّع أو كتالوج التجزئة,بابا جونز - بيتزا سوبريم,Papa John's - The Works pizza,بابا جونز,Papa John's,Papa John's,RESTAURANT,مطاعم,بيتزا,,,KSA,FOREIGN,,HIGH,P1,MISSING,,OFFICIAL_FOREIGN_MARKET,Papa John's corporate nutrition,,,,,,,,,,,,,NONE,HIGH,,,,,,,,,بابا جونز,Papa John's,بيانات السوق الأجنبي فقط — تُوسم صراحةً ولا تُقدَّم كقيم سعودية.
QGAP-00585,NEEDS_SOURCE,لم يُعثر على مصدر آلي — يحتاج جلبًا من المصنّع أو كتالوج التجزئة,بابا جونز - بيتزا دجاج باربكيو,Papa John's - BBQ chicken pizza,بابا جونز,Papa John's,Papa John's,RESTAURANT,مطاعم,بيتزا,,,KSA,FOREIGN,,HIGH,P1,MISSING,,OFFICIAL_FOREIGN_MARKET,Papa John's corporate nutrition,,,,,,,,,,,,,NONE,HIGH,,,,,,,,,بابا جونز,Papa John's,بيانات السوق الأجنبي فقط — تُوسم صراحةً ولا تُقدَّم كقيم سعودية.
QGAP-00586,NEEDS_SOURCE,لم يُعثر على مصدر آلي — يحتاج جلبًا من المصنّع أو كتالوج التجزئة,بابا جونز - خبز بالثوم,Papa John's - Garlic knots,بابا جونز,Papa John's,Papa John's,RESTAURANT,مطاعم,بيتزا,,,KSA,FOREIGN,,HIGH,P1,MISSING,,OFFICIAL_FOREIGN_MARKET,Papa John's corporate nutrition,,,,,,,,,,,,,NONE,HIGH,,,,,,,,,بابا جونز,Papa John's,بيانات السوق الأجنبي فقط — تُوسم صراحةً ولا تُقدَّم كقيم سعودية.
QGAP-00587,NEEDS_SOURCE,لم يُعثر على مصدر آلي — يحتاج جلبًا من المصنّع أو كتالوج التجزئة,بابا جونز - أجنحة,Papa John's - Wings,بابا جونز,Papa John's,Papa John's,RESTAURANT,مطاعم,بيتزا,,,KSA,FOREIGN,,HIGH,P1,MISSING,,OFFICIAL_FOREIGN_MARKET,Papa John's corporate nutrition,,,,,,,,,,,,,NONE,HIGH,,,,,,,,,بابا جونز,Papa John's,بيانات السوق الأجنبي فقط — تُوسم صراحةً ولا تُقدَّم كقيم سعودية.
QGAP-00588,NEEDS_SOURCE,لم يُعثر على مصدر آلي — يحتاج جلبًا من المصنّع أو كتالوج التجزئة,بابا جونز - حلى براوني,Papa John's - Brownie,بابا جونز,Papa John's,Papa John's,RESTAURANT,مطاعم,بيتزا,,,KSA,FOREIGN,,HIGH,P1,MISSING,,OFFICIAL_FOREIGN_MARKET,Papa John's corporate nutrition,,,,,,,,,,,,,NONE,HIGH,,,,,,,,,بابا جونز,Papa John's,بيانات السوق الأجنبي فقط — تُوسم صراحةً ولا تُقدَّم كقيم سعودية.
QGAP-00589,NEEDS_SOURCE,لم يُعثر على مصدر آلي — يحتاج جلبًا من المصنّع أو كتالوج التجزئة,بابا جونز - سلطة,Papa John's - Salad,بابا جونز,Papa John's,Papa John's,RESTAURANT,مطاعم,بيتزا,,,KSA,FOREIGN,,HIGH,P1,MISSING,,OFFICIAL_FOREIGN_MARKET,Papa John's corporate nutrition,,,,,,,,,,,,,NONE,HIGH,,,,,,,,,بابا جونز,Papa John's,بيانات السوق الأجنبي فقط — تُوسم صراحةً ولا تُقدَّم كقيم سعودية.
QGAP-00590,NEEDS_SOURCE,لم يُعثر على مصدر آلي — يحتاج جلبًا من المصنّع أو كتالوج التجزئة,ليتل سيزرز - بيتزا ببروني كلاسيك,Little Caesars - Classic pepperoni pizza,ليتل سيزرز,Little Caesars,Little Caesars,RESTAURANT,مطاعم,بيتزا,,,KSA,FOREIGN,,HIGH,P1,MISSING,,OFFICIAL_FOREIGN_MARKET,Little Caesars nutrition,,,,,,,,,,,,,NONE,HIGH,,,,,,,,,ليتل سيزرز,Little Caesars,بيانات السوق الأجنبي فقط — تُوسم صراحةً ولا تُقدَّم كقيم سعودية.
QGAP-00591,NEEDS_SOURCE,لم يُعثر على مصدر آلي — يحتاج جلبًا من المصنّع أو كتالوج التجزئة,ليتل سيزرز - بيتزا جبن,Little Caesars - Cheese pizza,ليتل سيزرز,Little Caesars,Little Caesars,RESTAURANT,مطاعم,بيتزا,,,KSA,FOREIGN,,HIGH,P1,MISSING,,OFFICIAL_FOREIGN_MARKET,Little Caesars nutrition,,,,,,,,,,,,,NONE,HIGH,,,,,,,,,ليتل سيزرز,Little Caesars,بيانات السوق الأجنبي فقط — تُوسم صراحةً ولا تُقدَّم كقيم سعودية.
QGAP-00592,NEEDS_SOURCE,لم يُعثر على مصدر آلي — يحتاج جلبًا من المصنّع أو كتالوج التجزئة,ليتل سيزرز - بيتزا إكسترا موست بستيد,Little Caesars - ExtraMostBestest pizza,ليتل سيزرز,Little Caesars,Little Caesars,RESTAURANT,مطاعم,بيتزا,,,KSA,FOREIGN,,HIGH,P1,MISSING,,OFFICIAL_FOREIGN_MARKET,Little Caesars nutrition,,,,,,,,,,,,,NONE,HIGH,,,,,,,,,ليتل سيزرز,Little Caesars,بيانات السوق الأجنبي فقط — تُوسم صراحةً ولا تُقدَّم كقيم سعودية.
QGAP-00593,NEEDS_SOURCE,لم يُعثر على مصدر آلي — يحتاج جلبًا من المصنّع أو كتالوج التجزئة,ليتل سيزرز - عيدان خبز بالجبن,Little Caesars - Crazy bread,ليتل سيزرز,Little Caesars,Little Caesars,RESTAURANT,مطاعم,بيتزا,,,KSA,FOREIGN,,HIGH,P1,MISSING,,OFFICIAL_FOREIGN_MARKET,Little Caesars nutrition,,,,,,,,,,,,,NONE,HIGH,,,,,,,,,ليتل سيزرز,Little Caesars,بيانات السوق الأجنبي فقط — تُوسم صراحةً ولا تُقدَّم كقيم سعودية.
QGAP-00594,NEEDS_SOURCE,لم يُعثر على مصدر آلي — يحتاج جلبًا من المصنّع أو كتالوج التجزئة,ليتل سيزرز - أجنحة,Little Caesars - Caesar wings,ليتل سيزرز,Little Caesars,Little Caesars,RESTAURANT,مطاعم,بيتزا,,,KSA,FOREIGN,,HIGH,P1,MISSING,,OFFICIAL_FOREIGN_MARKET,Little Caesars nutrition,,,,,,,,,,,,,NONE,HIGH,,,,,,,,,ليتل سيزرز,Little Caesars,بيانات السوق الأجنبي فقط — تُوسم صراحةً ولا تُقدَّم كقيم سعودية.
QGAP-00595,NEEDS_SOURCE,لم يُعثر على مصدر آلي — يحتاج جلبًا من المصنّع أو كتالوج التجزئة,ليتل سيزرز - صوص مارينارا,Little Caesars - Marinara sauce,ليتل سيزرز,Little Caesars,Little Caesars,RESTAURANT,مطاعم,بيتزا,,,KSA,FOREIGN,,HIGH,P1,MISSING,,OFFICIAL_FOREIGN_MARKET,Little Caesars nutrition,,,,,,,,,,,,,NONE,HIGH,,,,,,,,,ليتل سيزرز,Little Caesars,بيانات السوق الأجنبي فقط — تُوسم صراحةً ولا تُقدَّم كقيم سعودية.
QGAP-00596,NEEDS_SOURCE,لم يُعثر على مصدر آلي — يحتاج جلبًا من المصنّع أو كتالوج التجزئة,فايف غايز - بيكون تشيز برجر,Five Guys - Bacon cheeseburger,فايف غايز,Five Guys,Five Guys,RESTAURANT,مطاعم,برجر,,,KSA,FOREIGN,,MEDIUM,P1,MISSING,,OFFICIAL_FOREIGN_MARKET,Five Guys nutrition,,,,,,,,,,,,,NONE,HIGH,,,,,,,,,فايف غايز,Five Guys,بيانات السوق الأجنبي فقط — تُوسم صراحةً ولا تُقدَّم كقيم سعودية.
QGAP-00597,NEEDS_SOURCE,لم يُعثر على مصدر آلي — يحتاج جلبًا من المصنّع أو كتالوج التجزئة,فايف غايز - هامبرجر عادي,Five Guys - Regular hamburger,فايف غايز,Five Guys,Five Guys,RESTAURANT,مطاعم,برجر,,,KSA,FOREIGN,,MEDIUM,P1,MISSING,,OFFICIAL_FOREIGN_MARKET,Five Guys nutrition,,,,,,,,,,,,,NONE,HIGH,,,,,,,,,فايف غايز,Five Guys,بيانات السوق الأجنبي فقط — تُوسم صراحةً ولا تُقدَّم كقيم سعودية.
QGAP-00598,NEEDS_SOURCE,لم يُعثر على مصدر آلي — يحتاج جلبًا من المصنّع أو كتالوج التجزئة,فايف غايز - ليتل تشيز برجر,Five Guys - Little cheeseburger,فايف غايز,Five Guys,Five Guys,RESTAURANT,مطاعم,برجر,,,KSA,FOREIGN,,MEDIUM,P1,MISSING,,OFFICIAL_FOREIGN_MARKET,Five Guys nutrition,,,,,,,,,,,,,NONE,HIGH,,,,,,,,,فايف غايز,Five Guys,بيانات السوق الأجنبي فقط — تُوسم صراحةً ولا تُقدَّم كقيم سعودية.
QGAP-00599,NEEDS_SOURCE,لم يُعثر على مصدر آلي — يحتاج جلبًا من المصنّع أو كتالوج التجزئة,فايف غايز - بطاطس كاجون,Five Guys - Cajun fries,فايف غايز,Five Guys,Five Guys,RESTAURANT,مطاعم,برجر,,,KSA,FOREIGN,,MEDIUM,P1,MISSING,,OFFICIAL_FOREIGN_MARKET,Five Guys nutrition,,,,,,,,,,,,,NONE,HIGH,,,,,,,,,فايف غايز,Five Guys,بيانات السوق الأجنبي فقط — تُوسم صراحةً ولا تُقدَّم كقيم سعودية.
QGAP-00600,NEEDS_HUMAN_REVIEW,الأصل العام موجود في قِمّة — يُحسم بشريًا إن كان المتغيّر يستحق صفًّا مستقلًا,فايف غايز - ميلك شيك,Five Guys - Milkshake,فايف غايز,Five Guys,Five Guys,RESTAURANT,مطاعم,برجر,,,KSA,FOREIGN,,MEDIUM,P1,EXISTS_GENERIC_ONLY,milkshake · ميلك شيك,OFFICIAL_FOREIGN_MARKET,Five Guys nutrition,,,,,,,,,,,,,NONE,HIGH,,,,,,,,,فايف غايز,Five Guys,بيانات السوق الأجنبي فقط — تُوسم صراحةً ولا تُقدَّم كقيم سعودية.
QGAP-00601,NEEDS_SOURCE,لم يُعثر على مصدر آلي — يحتاج جلبًا من المصنّع أو كتالوج التجزئة,فايف غايز - ساندويتش خضار,Five Guys - Veggie sandwich,فايف غايز,Five Guys,Five Guys,RESTAURANT,مطاعم,برجر,,,KSA,FOREIGN,,MEDIUM,P1,MISSING,,OFFICIAL_FOREIGN_MARKET,Five Guys nutrition,,,,,,,,,,,,,NONE,HIGH,,,,,,,,,فايف غايز,Five Guys,بيانات السوق الأجنبي فقط — تُوسم صراحةً ولا تُقدَّم كقيم سعودية.
QGAP-00602,NEEDS_HUMAN_REVIEW,الأصل العام موجود في قِمّة — يُحسم بشريًا إن كان المتغيّر يستحق صفًّا مستقلًا,فايف غايز - هوت دوج بالجبن,Five Guys - Cheese dog,فايف غايز,Five Guys,Five Guys,RESTAURANT,مطاعم,برجر,,,KSA,FOREIGN,,MEDIUM,P1,EXISTS_GENERIC_ONLY,fiveguys-hotdog · فايف غايز - هوت دوج,OFFICIAL_FOREIGN_MARKET,Five Guys nutrition,,,,,,,,,,,,,NONE,HIGH,,,,,,,,,فايف غايز,Five Guys,بيانات السوق الأجنبي فقط — تُوسم صراحةً ولا تُقدَّم كقيم سعودية.
QGAP-00603,NEEDS_SOURCE,لم يُعثر على مصدر آلي — يحتاج جلبًا من المصنّع أو كتالوج التجزئة,شيك شاك - سموك شاك,Shake Shack - SmokeShack,شيك شاك,Shake Shack,Shake Shack,RESTAURANT,مطاعم,برجر,,,KSA,FOREIGN,,MEDIUM,P1,MISSING,,OFFICIAL_FOREIGN_MARKET,Shake Shack nutrition,,,,,,,,,,,,,NONE,HIGH,,,,,,,,,شيك شاك,Shake Shack,بيانات السوق الأجنبي فقط — تُوسم صراحةً ولا تُقدَّم كقيم سعودية.
QGAP-00604,NEEDS_SOURCE,لم يُعثر على مصدر آلي — يحتاج جلبًا من المصنّع أو كتالوج التجزئة,شيك شاك - شروم برجر,Shake Shack - Shroom burger,شيك شاك,Shake Shack,Shake Shack,RESTAURANT,مطاعم,برجر,,,KSA,FOREIGN,,MEDIUM,P1,MISSING,,OFFICIAL_FOREIGN_MARKET,Shake Shack nutrition,,,,,,,,,,,,,NONE,HIGH,,,,,,,,,شيك شاك,Shake Shack,بيانات السوق الأجنبي فقط — تُوسم صراحةً ولا تُقدَّم كقيم سعودية.
QGAP-00605,NEEDS_SOURCE,لم يُعثر على مصدر آلي — يحتاج جلبًا من المصنّع أو كتالوج التجزئة,شيك شاك - تشيكن شاك,Shake Shack - Chicken Shack,شيك شاك,Shake Shack,Shake Shack,RESTAURANT,مطاعم,برجر,,,KSA,FOREIGN,,MEDIUM,P1,MISSING,,OFFICIAL_FOREIGN_MARKET,Shake Shack nutrition,,,,,,,,,,,,,NONE,HIGH,,,,,,,,,شيك شاك,Shake Shack,بيانات السوق الأجنبي فقط — تُوسم صراحةً ولا تُقدَّم كقيم سعودية.
QGAP-00606,NEEDS_SOURCE,لم يُعثر على مصدر آلي — يحتاج جلبًا من المصنّع أو كتالوج التجزئة,شيك شاك - كرينكل فرايز,Shake Shack - Crinkle cut fries,شيك شاك,Shake Shack,Shake Shack,RESTAURANT,مطاعم,برجر,,,KSA,FOREIGN,,MEDIUM,P1,MISSING,,OFFICIAL_FOREIGN_MARKET,Shake Shack nutrition,,,,,,,,,,,,,NONE,HIGH,,,,,,,,,شيك شاك,Shake Shack,بيانات السوق الأجنبي فقط — تُوسم صراحةً ولا تُقدَّم كقيم سعودية.
QGAP-00607,NEEDS_HUMAN_REVIEW,الأصل العام موجود في قِمّة — يُحسم بشريًا إن كان المتغيّر يستحق صفًّا مستقلًا,شيك شاك - بطاطس بالجبن,Shake Shack - Cheese fries,شيك شاك,Shake Shack,Shake Shack,RESTAURANT,مطاعم,برجر,,,KSA,FOREIGN,,MEDIUM,P1,EXISTS_GENERIC_ONLY,loaded-fries · بطاطس بالجبن,OFFICIAL_FOREIGN_MARKET,Shake Shack nutrition,,,,,,,,,,,,,NONE,HIGH,,,,,,,,,شيك شاك,Shake Shack,بيانات السوق الأجنبي فقط — تُوسم صراحةً ولا تُقدَّم كقيم سعودية.
QGAP-00608,NEEDS_SOURCE,لم يُعثر على مصدر آلي — يحتاج جلبًا من المصنّع أو كتالوج التجزئة,شيك شاك - كونكريت,Shake Shack - Concrete,شيك شاك,Shake Shack,Shake Shack,RESTAURANT,مطاعم,برجر,,,KSA,FOREIGN,,MEDIUM,P1,MISSING,,OFFICIAL_FOREIGN_MARKET,Shake Shack nutrition,,,,,,,,,,,,,NONE,HIGH,,,,,,,,,شيك شاك,Shake Shack,بيانات السوق الأجنبي فقط — تُوسم صراحةً ولا تُقدَّم كقيم سعودية.
QGAP-00609,NEEDS_HUMAN_REVIEW,الأصل العام موجود في قِمّة — يُحسم بشريًا إن كان المتغيّر يستحق صفًّا مستقلًا,شيك شاك - هوت دوج,Shake Shack - Hot dog,شيك شاك,Shake Shack,Shake Shack,RESTAURANT,مطاعم,برجر,,,KSA,FOREIGN,,MEDIUM,P1,EXISTS_GENERIC_ONLY,hotdog · هوت دوج,OFFICIAL_FOREIGN_MARKET,Shake Shack nutrition,,,,,,,,,,,,,NONE,HIGH,,,,,,,,,شيك شاك,Shake Shack,بيانات السوق الأجنبي فقط — تُوسم صراحةً ولا تُقدَّم كقيم سعودية.
QGAP-00610,NEEDS_SOURCE,لم يُعثر على مصدر آلي — يحتاج جلبًا من المصنّع أو كتالوج التجزئة,شيك شاك - ليموناضة,Shake Shack - Lemonade,شيك شاك,Shake Shack,Shake Shack,RESTAURANT,مطاعم,برجر,,,KSA,FOREIGN,,MEDIUM,P1,MISSING,,OFFICIAL_FOREIGN_MARKET,Shake Shack nutrition,,,,,,,,,,,,,NONE,HIGH,,,,,,,,,شيك شاك,Shake Shack,بيانات السوق الأجنبي فقط — تُوسم صراحةً ولا تُقدَّم كقيم سعودية.
QGAP-00611,NEEDS_SOURCE,لم يُعثر على مصدر آلي — يحتاج جلبًا من المصنّع أو كتالوج التجزئة,رايزنق كينز - وجبة 3 أصابع دجاج,Raising Cane's - Box combo 3 tenders,رايزنق كينز,Raising Cane's,Raising Cane's,RESTAURANT,مطاعم,دجاج مقلي,,,KSA,FOREIGN,,HIGH,P1,MISSING,,OFFICIAL_FOREIGN_MARKET,Raising Cane's nutrition,,,,,,,,,,,,,NONE,HIGH,,,,,,,,,رايزنق كينز,Raising Cane's,بيانات السوق الأجنبي فقط — تُوسم صراحةً ولا تُقدَّم كقيم سعودية.
QGAP-00612,NEEDS_SOURCE,لم يُعثر على مصدر آلي — يحتاج جلبًا من المصنّع أو كتالوج التجزئة,رايزنق كينز - وجبة كاني كومبو,Raising Cane's - Caniac combo,رايزنق كينز,Raising Cane's,Raising Cane's,RESTAURANT,مطاعم,دجاج مقلي,,,KSA,FOREIGN,,HIGH,P1,MISSING,,OFFICIAL_FOREIGN_MARKET,Raising Cane's nutrition,,,,,,,,,,,,,NONE,HIGH,,,,,,,,,رايزنق كينز,Raising Cane's,بيانات السوق الأجنبي فقط — تُوسم صراحةً ولا تُقدَّم كقيم سعودية.
QGAP-00613,NEEDS_SOURCE,لم يُعثر على مصدر آلي — يحتاج جلبًا من المصنّع أو كتالوج التجزئة,رايزنق كينز - ساندويتش دجاج,Raising Cane's - Chicken sandwich,رايزنق كينز,Raising Cane's,Raising Cane's,RESTAURANT,مطاعم,دجاج مقلي,,,KSA,FOREIGN,,HIGH,P1,MISSING,,OFFICIAL_FOREIGN_MARKET,Raising Cane's nutrition,,,,,,,,,,,,,NONE,HIGH,,,,,,,,,رايزنق كينز,Raising Cane's,بيانات السوق الأجنبي فقط — تُوسم صراحةً ولا تُقدَّم كقيم سعودية.
QGAP-00614,NEEDS_SOURCE,لم يُعثر على مصدر آلي — يحتاج جلبًا من المصنّع أو كتالوج التجزئة,رايزنق كينز - كرينكل فرايز,Raising Cane's - Crinkle-cut fries,رايزنق كينز,Raising Cane's,Raising Cane's,RESTAURANT,مطاعم,دجاج مقلي,,,KSA,FOREIGN,,HIGH,P1,MISSING,,OFFICIAL_FOREIGN_MARKET,Raising Cane's nutrition,,,,,,,,,,,,,NONE,HIGH,,,,,,,,,رايزنق كينز,Raising Cane's,بيانات السوق الأجنبي فقط — تُوسم صراحةً ولا تُقدَّم كقيم سعودية.
QGAP-00615,NEEDS_SOURCE,لم يُعثر على مصدر آلي — يحتاج جلبًا من المصنّع أو كتالوج التجزئة,رايزنق كينز - خبز تكساس,Raising Cane's - Texas toast,رايزنق كينز,Raising Cane's,Raising Cane's,RESTAURANT,مطاعم,دجاج مقلي,,,KSA,FOREIGN,,HIGH,P1,MISSING,,OFFICIAL_FOREIGN_MARKET,Raising Cane's nutrition,,,,,,,,,,,,,NONE,HIGH,,,,,,,,,رايزنق كينز,Raising Cane's,بيانات السوق الأجنبي فقط — تُوسم صراحةً ولا تُقدَّم كقيم سعودية.
QGAP-00616,NEEDS_SOURCE,لم يُعثر على مصدر آلي — يحتاج جلبًا من المصنّع أو كتالوج التجزئة,رايزنق كينز - كول سلو,Raising Cane's - Coleslaw,رايزنق كينز,Raising Cane's,Raising Cane's,RESTAURANT,مطاعم,دجاج مقلي,,,KSA,FOREIGN,,HIGH,P1,MISSING,,OFFICIAL_FOREIGN_MARKET,Raising Cane's nutrition,,,,,,,,,,,,,NONE,HIGH,,,,,,,,,رايزنق كينز,Raising Cane's,بيانات السوق الأجنبي فقط — تُوسم صراحةً ولا تُقدَّم كقيم سعودية.
QGAP-00617,NEEDS_SOURCE,لم يُعثر على مصدر آلي — يحتاج جلبًا من المصنّع أو كتالوج التجزئة,رايزنق كينز - صوص كينز,Raising Cane's - Cane's sauce,رايزنق كينز,Raising Cane's,Raising Cane's,RESTAURANT,مطاعم,دجاج مقلي,,,KSA,FOREIGN,,HIGH,P1,MISSING,,OFFICIAL_FOREIGN_MARKET,Raising Cane's nutrition,,,,,,,,,,,,,NONE,HIGH,,,,,,,,,رايزنق كينز,Raising Cane's,بيانات السوق الأجنبي فقط — تُوسم صراحةً ولا تُقدَّم كقيم سعودية.
QGAP-00618,NEEDS_SOURCE,لم يُعثر على مصدر آلي — يحتاج جلبًا من المصنّع أو كتالوج التجزئة,رايزنق كينز - شاي مثلج,Raising Cane's - Sweet tea,رايزنق كينز,Raising Cane's,Raising Cane's,RESTAURANT,مطاعم,دجاج مقلي,,,KSA,FOREIGN,,HIGH,P1,MISSING,,OFFICIAL_FOREIGN_MARKET,Raising Cane's nutrition,,,,,,,,,,,,,NONE,HIGH,,,,,,,,,رايزنق كينز,Raising Cane's,بيانات السوق الأجنبي فقط — تُوسم صراحةً ولا تُقدَّم كقيم سعودية.
QGAP-00619,NEEDS_SOURCE,سعرات رسمية على قائمة الفرع/التطبيق (إلزام SFDA) — تُقرأ يدويًا؛ الماكروز غير منشورة,ستاربكس - فلات وايت,Starbucks - Flat White,ستاربكس,Starbucks,Starbucks,RESTAURANT,مطاعم,قهوة,,,KSA,KSA,,VERY_HIGH,P0,MISSING,,OFFICIAL_LOCAL_KCAL,Starbucks KSA menu (SFDA) — وصفات MENA تختلف عن أمريكا,,,,,,,,,,,,,NONE,HIGH,,,,,,,,,ستاربكس,Starbucks,السعرات متاحة رسميًا على قائمة الفرع/التطبيق (إلزام SFDA منذ ١ يوليو ٢٠٢٥). الماكروز غير منشورة — تبقى فارغة.
QGAP-00620,NEEDS_SOURCE,سعرات رسمية على قائمة الفرع/التطبيق (إلزام SFDA) — تُقرأ يدويًا؛ الماكروز غير منشورة,ستاربكس - كورتادو,Starbucks - Cortado,ستاربكس,Starbucks,Starbucks,RESTAURANT,مطاعم,قهوة,,,KSA,KSA,,VERY_HIGH,P0,MISSING,,OFFICIAL_LOCAL_KCAL,Starbucks KSA menu (SFDA) — وصفات MENA تختلف عن أمريكا,,,,,,,,,,,,,NONE,HIGH,,,,,,,,,ستاربكس,Starbucks,السعرات متاحة رسميًا على قائمة الفرع/التطبيق (إلزام SFDA منذ ١ يوليو ٢٠٢٥). الماكروز غير منشورة — تبقى فارغة.
QGAP-00621,NEEDS_SOURCE,سعرات رسمية على قائمة الفرع/التطبيق (إلزام SFDA) — تُقرأ يدويًا؛ الماكروز غير منشورة,ستاربكس - كولد برو,Starbucks - Cold Brew,ستاربكس,Starbucks,Starbucks,RESTAURANT,مطاعم,قهوة,,,KSA,KSA,,VERY_HIGH,P0,MISSING,,OFFICIAL_LOCAL_KCAL,Starbucks KSA menu (SFDA) — وصفات MENA تختلف عن أمريكا,,,,,,,,,,,,,NONE,HIGH,,,,,,,,,ستاربكس,Starbucks,السعرات متاحة رسميًا على قائمة الفرع/التطبيق (إلزام SFDA منذ ١ يوليو ٢٠٢٥). الماكروز غير منشورة — تبقى فارغة.
QGAP-00622,NEEDS_HUMAN_REVIEW,الأصل العام موجود في قِمّة — يُحسم بشريًا إن كان المتغيّر يستحق صفًّا مستقلًا,ستاربكس - آيس سبانيش لاتيه,Starbucks - Iced Spanish Latte,ستاربكس,Starbucks,Starbucks,RESTAURANT,مطاعم,قهوة,,,KSA,KSA,,VERY_HIGH,P0,EXISTS_GENERIC_ONLY,spanish-latte · سبانش لاتيه,OFFICIAL_LOCAL_KCAL,Starbucks KSA menu (SFDA) — وصفات MENA تختلف عن أمريكا,,,,,,,,,,,,,NONE,HIGH,,,,,,,,,ستاربكس,Starbucks,السعرات متاحة رسميًا على قائمة الفرع/التطبيق (إلزام SFDA منذ ١ يوليو ٢٠٢٥). الماكروز غير منشورة — تبقى فارغة.
QGAP-00623,NEEDS_SOURCE,سعرات رسمية على قائمة الفرع/التطبيق (إلزام SFDA) — تُقرأ يدويًا؛ الماكروز غير منشورة,ستاربكس - بينك درينك,Starbucks - Pink Drink,ستاربكس,Starbucks,Starbucks,RESTAURANT,مطاعم,قهوة,,,KSA,KSA,,VERY_HIGH,P0,MISSING,,OFFICIAL_LOCAL_KCAL,Starbucks KSA menu (SFDA) — وصفات MENA تختلف عن أمريكا,,,,,,,,,,,,,NONE,HIGH,,,,,,,,,ستاربكس,Starbucks,السعرات متاحة رسميًا على قائمة الفرع/التطبيق (إلزام SFDA منذ ١ يوليو ٢٠٢٥). الماكروز غير منشورة — تبقى فارغة.
QGAP-00624,NEEDS_SOURCE,سعرات رسمية على قائمة الفرع/التطبيق (إلزام SFDA) — تُقرأ يدويًا؛ الماكروز غير منشورة,ستاربكس - ماتشا لاتيه,Starbucks - Matcha Latte,ستاربكس,Starbucks,Starbucks,RESTAURANT,مطاعم,قهوة,,,KSA,KSA,,VERY_HIGH,P0,MISSING,,OFFICIAL_LOCAL_KCAL,Starbucks KSA menu (SFDA) — وصفات MENA تختلف عن أمريكا,,,,,,,,,,,,,NONE,HIGH,,,,,,,,,ستاربكس,Starbucks,السعرات متاحة رسميًا على قائمة الفرع/التطبيق (إلزام SFDA منذ ١ يوليو ٢٠٢٥). الماكروز غير منشورة — تبقى فارغة.
QGAP-00625,NEEDS_SOURCE,سعرات رسمية على قائمة الفرع/التطبيق (إلزام SFDA) — تُقرأ يدويًا؛ الماكروز غير منشورة,ستاربكس - شاي تشاي لاتيه,Starbucks - Chai Tea Latte,ستاربكس,Starbucks,Starbucks,RESTAURANT,مطاعم,قهوة,,,KSA,KSA,,VERY_HIGH,P0,MISSING,,OFFICIAL_LOCAL_KCAL,Starbucks KSA menu (SFDA) — وصفات MENA تختلف عن أمريكا,,,,,,,,,,,,,NONE,HIGH,,,,,,,,,ستاربكس,Starbucks,السعرات متاحة رسميًا على قائمة الفرع/التطبيق (إلزام SFDA منذ ١ يوليو ٢٠٢٥). الماكروز غير منشورة — تبقى فارغة.
QGAP-00626,NEEDS_SOURCE,سعرات رسمية على قائمة الفرع/التطبيق (إلزام SFDA) — تُقرأ يدويًا؛ الماكروز غير منشورة,ستاربكس - وايت موكا,Starbucks - White Chocolate Mocha,ستاربكس,Starbucks,Starbucks,RESTAURANT,مطاعم,قهوة,,,KSA,KSA,,VERY_HIGH,P0,MISSING,,OFFICIAL_LOCAL_KCAL,Starbucks KSA menu (SFDA) — وصفات MENA تختلف عن أمريكا,,,,,,,,,,,,,NONE,HIGH,,,,,,,,,ستاربكس,Starbucks,السعرات متاحة رسميًا على قائمة الفرع/التطبيق (إلزام SFDA منذ ١ يوليو ٢٠٢٥). الماكروز غير منشورة — تبقى فارغة.
QGAP-00627,NEEDS_SOURCE,سعرات رسمية على قائمة الفرع/التطبيق (إلزام SFDA) — تُقرأ يدويًا؛ الماكروز غير منشورة,ستاربكس - فرابتشينو موكا,Starbucks - Mocha Frappuccino,ستاربكس,Starbucks,Starbucks,RESTAURANT,مطاعم,قهوة,,,KSA,KSA,,VERY_HIGH,P0,MISSING,,OFFICIAL_LOCAL_KCAL,Starbucks KSA menu (SFDA) — وصفات MENA تختلف عن أمريكا,,,,,,,,,,,,,NONE,HIGH,,,,,,,,,ستاربكس,Starbucks,السعرات متاحة رسميًا على قائمة الفرع/التطبيق (إلزام SFDA منذ ١ يوليو ٢٠٢٥). الماكروز غير منشورة — تبقى فارغة.
QGAP-00628,NEEDS_SOURCE,سعرات رسمية على قائمة الفرع/التطبيق (إلزام SFDA) — تُقرأ يدويًا؛ الماكروز غير منشورة,ستاربكس - فرابتشينو جافا تشيب,Starbucks - Java Chip Frappuccino,ستاربكس,Starbucks,Starbucks,RESTAURANT,مطاعم,قهوة,,,KSA,KSA,,VERY_HIGH,P0,MISSING,,OFFICIAL_LOCAL_KCAL,Starbucks KSA menu (SFDA) — وصفات MENA تختلف عن أمريكا,,,,,,,,,,,,,NONE,HIGH,,,,,,,,,ستاربكس,Starbucks,السعرات متاحة رسميًا على قائمة الفرع/التطبيق (إلزام SFDA منذ ١ يوليو ٢٠٢٥). الماكروز غير منشورة — تبقى فارغة.
QGAP-00629,NEEDS_SOURCE,سعرات رسمية على قائمة الفرع/التطبيق (إلزام SFDA) — تُقرأ يدويًا؛ الماكروز غير منشورة,ستاربكس - هوت شوكليت,Starbucks - Hot Chocolate,ستاربكس,Starbucks,Starbucks,RESTAURANT,مطاعم,قهوة,,,KSA,KSA,,VERY_HIGH,P0,MISSING,,OFFICIAL_LOCAL_KCAL,Starbucks KSA menu (SFDA) — وصفات MENA تختلف عن أمريكا,,,,,,,,,,,,,NONE,HIGH,,,,,,,,,ستاربكس,Starbucks,السعرات متاحة رسميًا على قائمة الفرع/التطبيق (إلزام SFDA منذ ١ يوليو ٢٠٢٥). الماكروز غير منشورة — تبقى فارغة.
QGAP-00630,NEEDS_SOURCE,سعرات رسمية على قائمة الفرع/التطبيق (إلزام SFDA) — تُقرأ يدويًا؛ الماكروز غير منشورة,ستاربكس - إسبريسو دبل,Starbucks - Double Espresso,ستاربكس,Starbucks,Starbucks,RESTAURANT,مطاعم,قهوة,,,KSA,KSA,,VERY_HIGH,P0,MISSING,,OFFICIAL_LOCAL_KCAL,Starbucks KSA menu (SFDA) — وصفات MENA تختلف عن أمريكا,,,,,,,,,,,,,NONE,HIGH,,,,,,,,,ستاربكس,Starbucks,السعرات متاحة رسميًا على قائمة الفرع/التطبيق (إلزام SFDA منذ ١ يوليو ٢٠٢٥). الماكروز غير منشورة — تبقى فارغة.
QGAP-00631,NEEDS_SOURCE,سعرات رسمية على قائمة الفرع/التطبيق (إلزام SFDA) — تُقرأ يدويًا؛ الماكروز غير منشورة,ستاربكس - كيك بوب,Starbucks - Cake pop,ستاربكس,Starbucks,Starbucks,RESTAURANT,مطاعم,قهوة,,,KSA,KSA,,VERY_HIGH,P0,MISSING,,OFFICIAL_LOCAL_KCAL,Starbucks KSA menu (SFDA) — وصفات MENA تختلف عن أمريكا,,,,,,,,,,,,,NONE,HIGH,,,,,,,,,ستاربكس,Starbucks,السعرات متاحة رسميًا على قائمة الفرع/التطبيق (إلزام SFDA منذ ١ يوليو ٢٠٢٥). الماكروز غير منشورة — تبقى فارغة.
QGAP-00632,NEEDS_SOURCE,سعرات رسمية على قائمة الفرع/التطبيق (إلزام SFDA) — تُقرأ يدويًا؛ الماكروز غير منشورة,ستاربكس - تشيز كيك,Starbucks - Cheesecake,ستاربكس,Starbucks,Starbucks,RESTAURANT,مطاعم,قهوة,,,KSA,KSA,,VERY_HIGH,P0,MISSING,,OFFICIAL_LOCAL_KCAL,Starbucks KSA menu (SFDA) — وصفات MENA تختلف عن أمريكا,,,,,,,,,,,,,NONE,HIGH,,,,,,,,,ستاربكس,Starbucks,السعرات متاحة رسميًا على قائمة الفرع/التطبيق (إلزام SFDA منذ ١ يوليو ٢٠٢٥). الماكروز غير منشورة — تبقى فارغة.
QGAP-00633,NEEDS_SOURCE,سعرات رسمية على قائمة الفرع/التطبيق (إلزام SFDA) — تُقرأ يدويًا؛ الماكروز غير منشورة,ستاربكس - كرواسون بالزبدة,Starbucks - Butter croissant,ستاربكس,Starbucks,Starbucks,RESTAURANT,مطاعم,قهوة,,,KSA,KSA,,VERY_HIGH,P0,MISSING,,OFFICIAL_LOCAL_KCAL,Starbucks KSA menu (SFDA) — وصفات MENA تختلف عن أمريكا,,,,,,,,,,,,,NONE,HIGH,,,,,,,,,ستاربكس,Starbucks,السعرات متاحة رسميًا على قائمة الفرع/التطبيق (إلزام SFDA منذ ١ يوليو ٢٠٢٥). الماكروز غير منشورة — تبقى فارغة.
QGAP-00634,NEEDS_SOURCE,سعرات رسمية على قائمة الفرع/التطبيق (إلزام SFDA) — تُقرأ يدويًا؛ الماكروز غير منشورة,ستاربكس - ساندويتش تيركي,Starbucks - Turkey sandwich,ستاربكس,Starbucks,Starbucks,RESTAURANT,مطاعم,قهوة,,,KSA,KSA,,VERY_HIGH,P0,MISSING,,OFFICIAL_LOCAL_KCAL,Starbucks KSA menu (SFDA) — وصفات MENA تختلف عن أمريكا,,,,,,,,,,,,,NONE,HIGH,,,,,,,,,ستاربكس,Starbucks,السعرات متاحة رسميًا على قائمة الفرع/التطبيق (إلزام SFDA منذ ١ يوليو ٢٠٢٥). الماكروز غير منشورة — تبقى فارغة.
QGAP-00635,NEEDS_SOURCE,سعرات رسمية على قائمة الفرع/التطبيق (إلزام SFDA) — تُقرأ يدويًا؛ الماكروز غير منشورة,ستاربكس - مافن بلوبيري,Starbucks - Blueberry muffin,ستاربكس,Starbucks,Starbucks,RESTAURANT,مطاعم,قهوة,,,KSA,KSA,,VERY_HIGH,P0,MISSING,,OFFICIAL_LOCAL_KCAL,Starbucks KSA menu (SFDA) — وصفات MENA تختلف عن أمريكا,,,,,,,,,,,,,NONE,HIGH,,,,,,,,,ستاربكس,Starbucks,السعرات متاحة رسميًا على قائمة الفرع/التطبيق (إلزام SFDA منذ ١ يوليو ٢٠٢٥). الماكروز غير منشورة — تبقى فارغة.
QGAP-00636,NEEDS_SOURCE,سعرات رسمية على قائمة الفرع/التطبيق (إلزام SFDA) — تُقرأ يدويًا؛ الماكروز غير منشورة,ستاربكس - براوني,Starbucks - Brownie,ستاربكس,Starbucks,Starbucks,RESTAURANT,مطاعم,قهوة,,,KSA,KSA,,VERY_HIGH,P0,MISSING,,OFFICIAL_LOCAL_KCAL,Starbucks KSA menu (SFDA) — وصفات MENA تختلف عن أمريكا,,,,,,,,,,,,,NONE,HIGH,,,,,,,,,ستاربكس,Starbucks,السعرات متاحة رسميًا على قائمة الفرع/التطبيق (إلزام SFDA منذ ١ يوليو ٢٠٢٥). الماكروز غير منشورة — تبقى فارغة.
QGAP-00637,NEEDS_SOURCE,سعرات رسمية على قائمة الفرع/التطبيق (إلزام SFDA) — تُقرأ يدويًا؛ الماكروز غير منشورة,ستاربكس - بانانا بريد,Starbucks - Banana bread,ستاربكس,Starbucks,Starbucks,RESTAURANT,مطاعم,قهوة,,,KSA,KSA,,VERY_HIGH,P0,MISSING,,OFFICIAL_LOCAL_KCAL,Starbucks KSA menu (SFDA) — وصفات MENA تختلف عن أمريكا,,,,,,,,,,,,,NONE,HIGH,,,,,,,,,ستاربكس,Starbucks,السعرات متاحة رسميًا على قائمة الفرع/التطبيق (إلزام SFDA منذ ١ يوليو ٢٠٢٥). الماكروز غير منشورة — تبقى فارغة.
QGAP-00638,NEEDS_SOURCE,سعرات رسمية على قائمة الفرع/التطبيق (إلزام SFDA) — تُقرأ يدويًا؛ الماكروز غير منشورة,ستاربكس - أوت ميل,Starbucks - Oatmeal,ستاربكس,Starbucks,Starbucks,RESTAURANT,مطاعم,قهوة,,,KSA,KSA,,VERY_HIGH,P0,MISSING,,OFFICIAL_LOCAL_KCAL,Starbucks KSA menu (SFDA) — وصفات MENA تختلف عن أمريكا,,,,,,,,,,,,,NONE,HIGH,,,,,,,,,ستاربكس,Starbucks,السعرات متاحة رسميًا على قائمة الفرع/التطبيق (إلزام SFDA منذ ١ يوليو ٢٠٢٥). الماكروز غير منشورة — تبقى فارغة.
QGAP-00639,NEEDS_SOURCE,سعرات رسمية على قائمة الفرع/التطبيق (إلزام SFDA) — تُقرأ يدويًا؛ الماكروز غير منشورة,ستاربكس - كوكيز,Starbucks - Cookie,ستاربكس,Starbucks,Starbucks,RESTAURANT,مطاعم,قهوة,,,KSA,KSA,,VERY_HIGH,P0,MISSING,,OFFICIAL_LOCAL_KCAL,Starbucks KSA menu (SFDA) — وصفات MENA تختلف عن أمريكا,,,,,,,,,,,,,NONE,HIGH,,,,,,,,,ستاربكس,Starbucks,السعرات متاحة رسميًا على قائمة الفرع/التطبيق (إلزام SFDA منذ ١ يوليو ٢٠٢٥). الماكروز غير منشورة — تبقى فارغة.
QGAP-00640,NEEDS_SOURCE,سعرات رسمية على قائمة الفرع/التطبيق (إلزام SFDA) — تُقرأ يدويًا؛ الماكروز غير منشورة,ستاربكس - لاتيه بحليب الشوفان,Starbucks - Oat milk latte,ستاربكس,Starbucks,Starbucks,RESTAURANT,مطاعم,قهوة,,,KSA,KSA,,VERY_HIGH,P0,MISSING,,OFFICIAL_LOCAL_KCAL,Starbucks KSA menu (SFDA) — وصفات MENA تختلف عن أمريكا,,,,,,,,,,,,,NONE,HIGH,,,,,,,,,ستاربكس,Starbucks,السعرات متاحة رسميًا على قائمة الفرع/التطبيق (إلزام SFDA منذ ١ يوليو ٢٠٢٥). الماكروز غير منشورة — تبقى فارغة.
QGAP-00641,NEEDS_SOURCE,سعرات رسمية على قائمة الفرع/التطبيق (إلزام SFDA) — تُقرأ يدويًا؛ الماكروز غير منشورة,ستاربكس - شاي مثلج بالخوخ,Starbucks - Iced peach tea,ستاربكس,Starbucks,Starbucks,RESTAURANT,مطاعم,قهوة,,,KSA,KSA,,VERY_HIGH,P0,MISSING,,OFFICIAL_LOCAL_KCAL,Starbucks KSA menu (SFDA) — وصفات MENA تختلف عن أمريكا,,,,,,,,,,,,,NONE,HIGH,,,,,,,,,ستاربكس,Starbucks,السعرات متاحة رسميًا على قائمة الفرع/التطبيق (إلزام SFDA منذ ١ يوليو ٢٠٢٥). الماكروز غير منشورة — تبقى فارغة.
QGAP-00642,NEEDS_SOURCE,سعرات رسمية على قائمة الفرع/التطبيق (إلزام SFDA) — تُقرأ يدويًا؛ الماكروز غير منشورة,ستاربكس - ريفرشر مانجو,Starbucks - Mango refresher,ستاربكس,Starbucks,Starbucks,RESTAURANT,مطاعم,قهوة,,,KSA,KSA,,VERY_HIGH,P0,MISSING,,OFFICIAL_LOCAL_KCAL,Starbucks KSA menu (SFDA) — وصفات MENA تختلف عن أمريكا,,,,,,,,,,,,,NONE,HIGH,,,,,,,,,ستاربكس,Starbucks,السعرات متاحة رسميًا على قائمة الفرع/التطبيق (إلزام SFDA منذ ١ يوليو ٢٠٢٥). الماكروز غير منشورة — تبقى فارغة.
QGAP-00643,NEEDS_SOURCE,سعرات رسمية على قائمة الفرع/التطبيق (إلزام SFDA) — تُقرأ يدويًا؛ الماكروز غير منشورة,دانكن - دونات بوسطن كريم,Dunkin' - Boston Kreme donut,دانكن,Dunkin',Dunkin',RESTAURANT,مطاعم,قهوة وحلويات,,,KSA,KSA,,VERY_HIGH,P1,MISSING,,OFFICIAL_LOCAL_KCAL,Dunkin KSA menu (SFDA),,,,,,,,,,,,,NONE,HIGH,,,,,,,,,دانكن,Dunkin',السعرات متاحة رسميًا على قائمة الفرع/التطبيق (إلزام SFDA منذ ١ يوليو ٢٠٢٥). الماكروز غير منشورة — تبقى فارغة.
QGAP-00644,NEEDS_SOURCE,سعرات رسمية على قائمة الفرع/التطبيق (إلزام SFDA) — تُقرأ يدويًا؛ الماكروز غير منشورة,دانكن - دونات سبرينكل,Dunkin' - Sprinkled donut,دانكن,Dunkin',Dunkin',RESTAURANT,مطاعم,قهوة وحلويات,,,KSA,KSA,,VERY_HIGH,P1,MISSING,,OFFICIAL_LOCAL_KCAL,Dunkin KSA menu (SFDA),,,,,,,,,,,,,NONE,HIGH,,,,,,,,,دانكن,Dunkin',السعرات متاحة رسميًا على قائمة الفرع/التطبيق (إلزام SFDA منذ ١ يوليو ٢٠٢٥). الماكروز غير منشورة — تبقى فارغة.
QGAP-00645,NEEDS_SOURCE,سعرات رسمية على قائمة الفرع/التطبيق (إلزام SFDA) — تُقرأ يدويًا؛ الماكروز غير منشورة,دانكن - دونات كراميل,Dunkin' - Caramel donut,دانكن,Dunkin',Dunkin',RESTAURANT,مطاعم,قهوة وحلويات,,,KSA,KSA,,VERY_HIGH,P1,MISSING,,OFFICIAL_LOCAL_KCAL,Dunkin KSA menu (SFDA),,,,,,,,,,,,,NONE,HIGH,,,,,,,,,دانكن,Dunkin',السعرات متاحة رسميًا على قائمة الفرع/التطبيق (إلزام SFDA منذ ١ يوليو ٢٠٢٥). الماكروز غير منشورة — تبقى فارغة.
QGAP-00646,NEEDS_SOURCE,سعرات رسمية على قائمة الفرع/التطبيق (إلزام SFDA) — تُقرأ يدويًا؛ الماكروز غير منشورة,دانكن - دونات جبن,Dunkin' - Cheese donut,دانكن,Dunkin',Dunkin',RESTAURANT,مطاعم,قهوة وحلويات,,,KSA,KSA,,VERY_HIGH,P1,MISSING,,OFFICIAL_LOCAL_KCAL,Dunkin KSA menu (SFDA),,,,,,,,,,,,,NONE,HIGH,,,,,,,,,دانكن,Dunkin',السعرات متاحة رسميًا على قائمة الفرع/التطبيق (إلزام SFDA منذ ١ يوليو ٢٠٢٥). الماكروز غير منشورة — تبقى فارغة.
QGAP-00647,NEEDS_HUMAN_REVIEW,الأصل العام موجود في قِمّة — يُحسم بشريًا إن كان المتغيّر يستحق صفًّا مستقلًا,دانكن - كرواسون,Dunkin' - Croissant,دانكن,Dunkin',Dunkin',RESTAURANT,مطاعم,قهوة وحلويات,,,KSA,KSA,,VERY_HIGH,P1,EXISTS_GENERIC_ONLY,croissant · كرواسون,OFFICIAL_LOCAL_KCAL,Dunkin KSA menu (SFDA),,,,,,,,,,,,,NONE,HIGH,,,,,,,,,دانكن,Dunkin',السعرات متاحة رسميًا على قائمة الفرع/التطبيق (إلزام SFDA منذ ١ يوليو ٢٠٢٥). الماكروز غير منشورة — تبقى فارغة.
QGAP-00648,NEEDS_SOURCE,سعرات رسمية على قائمة الفرع/التطبيق (إلزام SFDA) — تُقرأ يدويًا؛ الماكروز غير منشورة,دانكن - آيس لاتيه,Dunkin' - Iced latte,دانكن,Dunkin',Dunkin',RESTAURANT,مطاعم,قهوة وحلويات,,,KSA,KSA,,VERY_HIGH,P1,MISSING,,OFFICIAL_LOCAL_KCAL,Dunkin KSA menu (SFDA),,,,,,,,,,,,,NONE,HIGH,,,,,,,,,دانكن,Dunkin',السعرات متاحة رسميًا على قائمة الفرع/التطبيق (إلزام SFDA منذ ١ يوليو ٢٠٢٥). الماكروز غير منشورة — تبقى فارغة.
QGAP-00649,NEEDS_SOURCE,سعرات رسمية على قائمة الفرع/التطبيق (إلزام SFDA) — تُقرأ يدويًا؛ الماكروز غير منشورة,دانكن - كولد برو,Dunkin' - Cold brew,دانكن,Dunkin',Dunkin',RESTAURANT,مطاعم,قهوة وحلويات,,,KSA,KSA,,VERY_HIGH,P1,MISSING,,OFFICIAL_LOCAL_KCAL,Dunkin KSA menu (SFDA),,,,,,,,,,,,,NONE,HIGH,,,,,,,,,دانكن,Dunkin',السعرات متاحة رسميًا على قائمة الفرع/التطبيق (إلزام SFDA منذ ١ يوليو ٢٠٢٥). الماكروز غير منشورة — تبقى فارغة.
QGAP-00650,NEEDS_HUMAN_REVIEW,الأصل العام موجود في قِمّة — يُحسم بشريًا إن كان المتغيّر يستحق صفًّا مستقلًا,دانكن - كابتشينو,Dunkin' - Cappuccino,دانكن,Dunkin',Dunkin',RESTAURANT,مطاعم,قهوة وحلويات,,,KSA,KSA,,VERY_HIGH,P1,EXISTS_GENERIC_ONLY,cappuccino · كابتشينو,OFFICIAL_LOCAL_KCAL,Dunkin KSA menu (SFDA),,,,,,,,,,,,,NONE,HIGH,,,,,,,,,دانكن,Dunkin',السعرات متاحة رسميًا على قائمة الفرع/التطبيق (إلزام SFDA منذ ١ يوليو ٢٠٢٥). الماكروز غير منشورة — تبقى فارغة.
QGAP-00651,NEEDS_SOURCE,سعرات رسمية على قائمة الفرع/التطبيق (إلزام SFDA) — تُقرأ يدويًا؛ الماكروز غير منشورة,دانكن - هوت شوكليت,Dunkin' - Hot chocolate,دانكن,Dunkin',Dunkin',RESTAURANT,مطاعم,قهوة وحلويات,,,KSA,KSA,,VERY_HIGH,P1,MISSING,,OFFICIAL_LOCAL_KCAL,Dunkin KSA menu (SFDA),,,,,,,,,,,,,NONE,HIGH,,,,,,,,,دانكن,Dunkin',السعرات متاحة رسميًا على قائمة الفرع/التطبيق (إلزام SFDA منذ ١ يوليو ٢٠٢٥). الماكروز غير منشورة — تبقى فارغة.
QGAP-00652,NEEDS_SOURCE,سعرات رسمية على قائمة الفرع/التطبيق (إلزام SFDA) — تُقرأ يدويًا؛ الماكروز غير منشورة,دانكن - ساندويتش فطور,Dunkin' - Breakfast sandwich,دانكن,Dunkin',Dunkin',RESTAURANT,مطاعم,قهوة وحلويات,,,KSA,KSA,,VERY_HIGH,P1,MISSING,,OFFICIAL_LOCAL_KCAL,Dunkin KSA menu (SFDA),,,,,,,,,,,,,NONE,HIGH,,,,,,,,,دانكن,Dunkin',السعرات متاحة رسميًا على قائمة الفرع/التطبيق (إلزام SFDA منذ ١ يوليو ٢٠٢٥). الماكروز غير منشورة — تبقى فارغة.
QGAP-00653,NEEDS_SOURCE,سعرات رسمية على قائمة الفرع/التطبيق (إلزام SFDA) — تُقرأ يدويًا؛ الماكروز غير منشورة,دانكن - مانشكينز 10 حبات,Dunkin' - Munchkins 10 pcs,دانكن,Dunkin',Dunkin',RESTAURANT,مطاعم,قهوة وحلويات,,,KSA,KSA,,VERY_HIGH,P1,MISSING,,OFFICIAL_LOCAL_KCAL,Dunkin KSA menu (SFDA),,,,,,,,,,,,,NONE,HIGH,,,,,,,,,دانكن,Dunkin',السعرات متاحة رسميًا على قائمة الفرع/التطبيق (إلزام SFDA منذ ١ يوليو ٢٠٢٥). الماكروز غير منشورة — تبقى فارغة.
QGAP-00654,NEEDS_SOURCE,سعرات رسمية على قائمة الفرع/التطبيق (إلزام SFDA) — تُقرأ يدويًا؛ الماكروز غير منشورة,دانكن - فرابي,Dunkin' - Frozen coffee,دانكن,Dunkin',Dunkin',RESTAURANT,مطاعم,قهوة وحلويات,,,KSA,KSA,,VERY_HIGH,P1,MISSING,,OFFICIAL_LOCAL_KCAL,Dunkin KSA menu (SFDA),,,,,,,,,,,,,NONE,HIGH,,,,,,,,,دانكن,Dunkin',السعرات متاحة رسميًا على قائمة الفرع/التطبيق (إلزام SFDA منذ ١ يوليو ٢٠٢٥). الماكروز غير منشورة — تبقى فارغة.
QGAP-00655,NEEDS_SOURCE,سعرات رسمية على قائمة الفرع/التطبيق (إلزام SFDA) — تُقرأ يدويًا؛ الماكروز غير منشورة,دانكن - شاي مثلج,Dunkin' - Iced tea,دانكن,Dunkin',Dunkin',RESTAURANT,مطاعم,قهوة وحلويات,,,KSA,KSA,,VERY_HIGH,P1,MISSING,,OFFICIAL_LOCAL_KCAL,Dunkin KSA menu (SFDA),,,,,,,,,,,,,NONE,HIGH,,,,,,,,,دانكن,Dunkin',السعرات متاحة رسميًا على قائمة الفرع/التطبيق (إلزام SFDA منذ ١ يوليو ٢٠٢٥). الماكروز غير منشورة — تبقى فارغة.
QGAP-00656,NEEDS_SOURCE,سعرات رسمية على قائمة الفرع/التطبيق (إلزام SFDA) — تُقرأ يدويًا؛ الماكروز غير منشورة,دانكن - بيجل,Dunkin' - Bagel,دانكن,Dunkin',Dunkin',RESTAURANT,مطاعم,قهوة وحلويات,,,KSA,KSA,,VERY_HIGH,P1,MISSING,,OFFICIAL_LOCAL_KCAL,Dunkin KSA menu (SFDA),,,,,,,,,,,,,NONE,HIGH,,,,,,,,,دانكن,Dunkin',السعرات متاحة رسميًا على قائمة الفرع/التطبيق (إلزام SFDA منذ ١ يوليو ٢٠٢٥). الماكروز غير منشورة — تبقى فارغة.
QGAP-00657,NEEDS_SOURCE,سعرات رسمية على قائمة الفرع/التطبيق (إلزام SFDA) — تُقرأ يدويًا؛ الماكروز غير منشورة,دانكن - مافن,Dunkin' - Muffin,دانكن,Dunkin',Dunkin',RESTAURANT,مطاعم,قهوة وحلويات,,,KSA,KSA,,VERY_HIGH,P1,MISSING,,OFFICIAL_LOCAL_KCAL,Dunkin KSA menu (SFDA),,,,,,,,,,,,,NONE,HIGH,,,,,,,,,دانكن,Dunkin',السعرات متاحة رسميًا على قائمة الفرع/التطبيق (إلزام SFDA منذ ١ يوليو ٢٠٢٥). الماكروز غير منشورة — تبقى فارغة.
QGAP-00658,NEEDS_SOURCE,سعرات رسمية على قائمة الفرع/التطبيق (إلزام SFDA) — تُقرأ يدويًا؛ الماكروز غير منشورة,تيم هورتنز - قهوة أصلية,Tim Hortons - Original blend coffee,تيم هورتنز,Tim Hortons,Tim Hortons,RESTAURANT,مطاعم,قهوة,,,KSA,KSA,,VERY_HIGH,P1,MISSING,,OFFICIAL_LOCAL_KCAL,Tim Hortons KSA menu (SFDA),,,,,,,,,,,,,NONE,HIGH,,,,,,,,,تيم هورتنز,Tim Hortons,السعرات متاحة رسميًا على قائمة الفرع/التطبيق (إلزام SFDA منذ ١ يوليو ٢٠٢٥). الماكروز غير منشورة — تبقى فارغة.
QGAP-00659,NEEDS_SOURCE,سعرات رسمية على قائمة الفرع/التطبيق (إلزام SFDA) — تُقرأ يدويًا؛ الماكروز غير منشورة,تيم هورتنز - دبل دبل,Tim Hortons - Double Double,تيم هورتنز,Tim Hortons,Tim Hortons,RESTAURANT,مطاعم,قهوة,,,KSA,KSA,,VERY_HIGH,P1,MISSING,,OFFICIAL_LOCAL_KCAL,Tim Hortons KSA menu (SFDA),,,,,,,,,,,,,NONE,HIGH,,,,,,,,,تيم هورتنز,Tim Hortons,السعرات متاحة رسميًا على قائمة الفرع/التطبيق (إلزام SFDA منذ ١ يوليو ٢٠٢٥). الماكروز غير منشورة — تبقى فارغة.
QGAP-00660,NEEDS_SOURCE,سعرات رسمية على قائمة الفرع/التطبيق (إلزام SFDA) — تُقرأ يدويًا؛ الماكروز غير منشورة,تيم هورتنز - آيس كابتشينو,Tim Hortons - Iced Capp,تيم هورتنز,Tim Hortons,Tim Hortons,RESTAURANT,مطاعم,قهوة,,,KSA,KSA,,VERY_HIGH,P1,MISSING,,OFFICIAL_LOCAL_KCAL,Tim Hortons KSA menu (SFDA),,,,,,,,,,,,,NONE,HIGH,,,,,,,,,تيم هورتنز,Tim Hortons,السعرات متاحة رسميًا على قائمة الفرع/التطبيق (إلزام SFDA منذ ١ يوليو ٢٠٢٥). الماكروز غير منشورة — تبقى فارغة.
QGAP-00661,NEEDS_SOURCE,سعرات رسمية على قائمة الفرع/التطبيق (إلزام SFDA) — تُقرأ يدويًا؛ الماكروز غير منشورة,تيم هورتنز - لاتيه فانيلا,Tim Hortons - French vanilla latte,تيم هورتنز,Tim Hortons,Tim Hortons,RESTAURANT,مطاعم,قهوة,,,KSA,KSA,,VERY_HIGH,P1,MISSING,,OFFICIAL_LOCAL_KCAL,Tim Hortons KSA menu (SFDA),,,,,,,,,,,,,NONE,HIGH,,,,,,,,,تيم هورتنز,Tim Hortons,السعرات متاحة رسميًا على قائمة الفرع/التطبيق (إلزام SFDA منذ ١ يوليو ٢٠٢٥). الماكروز غير منشورة — تبقى فارغة.
QGAP-00662,NEEDS_SOURCE,سعرات رسمية على قائمة الفرع/التطبيق (إلزام SFDA) — تُقرأ يدويًا؛ الماكروز غير منشورة,تيم هورتنز - تيمبيتس,Tim Hortons - Timbits,تيم هورتنز,Tim Hortons,Tim Hortons,RESTAURANT,مطاعم,قهوة,,,KSA,KSA,,VERY_HIGH,P1,MISSING,,OFFICIAL_LOCAL_KCAL,Tim Hortons KSA menu (SFDA),,,,,,,,,,,,,NONE,HIGH,,,,,,,,,تيم هورتنز,Tim Hortons,السعرات متاحة رسميًا على قائمة الفرع/التطبيق (إلزام SFDA منذ ١ يوليو ٢٠٢٥). الماكروز غير منشورة — تبقى فارغة.
QGAP-00663,NEEDS_SOURCE,سعرات رسمية على قائمة الفرع/التطبيق (إلزام SFDA) — تُقرأ يدويًا؛ الماكروز غير منشورة,تيم هورتنز - دونات محلاة,Tim Hortons - Glazed donut,تيم هورتنز,Tim Hortons,Tim Hortons,RESTAURANT,مطاعم,قهوة,,,KSA,KSA,,VERY_HIGH,P1,MISSING,,OFFICIAL_LOCAL_KCAL,Tim Hortons KSA menu (SFDA),,,,,,,,,,,,,NONE,HIGH,,,,,,,,,تيم هورتنز,Tim Hortons,السعرات متاحة رسميًا على قائمة الفرع/التطبيق (إلزام SFDA منذ ١ يوليو ٢٠٢٥). الماكروز غير منشورة — تبقى فارغة.
QGAP-00664,NEEDS_SOURCE,سعرات رسمية على قائمة الفرع/التطبيق (إلزام SFDA) — تُقرأ يدويًا؛ الماكروز غير منشورة,تيم هورتنز - ساندويتش فطور,Tim Hortons - Breakfast sandwich,تيم هورتنز,Tim Hortons,Tim Hortons,RESTAURANT,مطاعم,قهوة,,,KSA,KSA,,VERY_HIGH,P1,MISSING,,OFFICIAL_LOCAL_KCAL,Tim Hortons KSA menu (SFDA),,,,,,,,,,,,,NONE,HIGH,,,,,,,,,تيم هورتنز,Tim Hortons,السعرات متاحة رسميًا على قائمة الفرع/التطبيق (إلزام SFDA منذ ١ يوليو ٢٠٢٥). الماكروز غير منشورة — تبقى فارغة.
QGAP-00665,NEEDS_SOURCE,سعرات رسمية على قائمة الفرع/التطبيق (إلزام SFDA) — تُقرأ يدويًا؛ الماكروز غير منشورة,تيم هورتنز - كرواسون بالجبن,Tim Hortons - Cheese croissant,تيم هورتنز,Tim Hortons,Tim Hortons,RESTAURANT,مطاعم,قهوة,,,KSA,KSA,,VERY_HIGH,P1,MISSING,,OFFICIAL_LOCAL_KCAL,Tim Hortons KSA menu (SFDA),,,,,,,,,,,,,NONE,HIGH,,,,,,,,,تيم هورتنز,Tim Hortons,السعرات متاحة رسميًا على قائمة الفرع/التطبيق (إلزام SFDA منذ ١ يوليو ٢٠٢٥). الماكروز غير منشورة — تبقى فارغة.
QGAP-00666,NEEDS_SOURCE,سعرات رسمية على قائمة الفرع/التطبيق (إلزام SFDA) — تُقرأ يدويًا؛ الماكروز غير منشورة,تيم هورتنز - مافن,Tim Hortons - Muffin,تيم هورتنز,Tim Hortons,Tim Hortons,RESTAURANT,مطاعم,قهوة,,,KSA,KSA,,VERY_HIGH,P1,MISSING,,OFFICIAL_LOCAL_KCAL,Tim Hortons KSA menu (SFDA),,,,,,,,,,,,,NONE,HIGH,,,,,,,,,تيم هورتنز,Tim Hortons,السعرات متاحة رسميًا على قائمة الفرع/التطبيق (إلزام SFDA منذ ١ يوليو ٢٠٢٥). الماكروز غير منشورة — تبقى فارغة.
QGAP-00667,NEEDS_SOURCE,سعرات رسمية على قائمة الفرع/التطبيق (إلزام SFDA) — تُقرأ يدويًا؛ الماكروز غير منشورة,تيم هورتنز - بيجل بالجبن,Tim Hortons - Bagel with cream cheese,تيم هورتنز,Tim Hortons,Tim Hortons,RESTAURANT,مطاعم,قهوة,,,KSA,KSA,,VERY_HIGH,P1,MISSING,,OFFICIAL_LOCAL_KCAL,Tim Hortons KSA menu (SFDA),,,,,,,,,,,,,NONE,HIGH,,,,,,,,,تيم هورتنز,Tim Hortons,السعرات متاحة رسميًا على قائمة الفرع/التطبيق (إلزام SFDA منذ ١ يوليو ٢٠٢٥). الماكروز غير منشورة — تبقى فارغة.
QGAP-00668,NEEDS_SOURCE,لم يُعثر على مصدر آلي — يحتاج جلبًا من المصنّع أو كتالوج التجزئة,كوستا - فلات وايت,Costa Coffee - Flat White,كوستا,Costa Coffee,Costa Coffee,RESTAURANT,مطاعم,قهوة,,,KSA,FOREIGN,,VERY_HIGH,P1,MISSING,,OFFICIAL_FOREIGN_MARKET,Costa UK nutrition,,,,,,,,,,,,,NONE,HIGH,,,,,,,,,كوستا,Costa Coffee,بيانات السوق الأجنبي فقط — تُوسم صراحةً ولا تُقدَّم كقيم سعودية.
QGAP-00669,NEEDS_HUMAN_REVIEW,الأصل العام موجود في قِمّة — يُحسم بشريًا إن كان المتغيّر يستحق صفًّا مستقلًا,كوستا - لاتيه,Costa Coffee - Latte,كوستا,Costa Coffee,Costa Coffee,RESTAURANT,مطاعم,قهوة,,,KSA,FOREIGN,,VERY_HIGH,P1,EXISTS_GENERIC_ONLY,latte-plain · لاتيه,OFFICIAL_FOREIGN_MARKET,Costa UK nutrition,,,,,,,,,,,,,NONE,HIGH,,,,,,,,,كوستا,Costa Coffee,بيانات السوق الأجنبي فقط — تُوسم صراحةً ولا تُقدَّم كقيم سعودية.
QGAP-00670,NEEDS_HUMAN_REVIEW,الأصل العام موجود في قِمّة — يُحسم بشريًا إن كان المتغيّر يستحق صفًّا مستقلًا,كوستا - كابتشينو,Costa Coffee - Cappuccino,كوستا,Costa Coffee,Costa Coffee,RESTAURANT,مطاعم,قهوة,,,KSA,FOREIGN,,VERY_HIGH,P1,EXISTS_GENERIC_ONLY,cappuccino · كابتشينو,OFFICIAL_FOREIGN_MARKET,Costa UK nutrition,,,,,,,,,,,,,NONE,HIGH,,,,,,,,,كوستا,Costa Coffee,بيانات السوق الأجنبي فقط — تُوسم صراحةً ولا تُقدَّم كقيم سعودية.
QGAP-00671,NEEDS_SOURCE,لم يُعثر على مصدر آلي — يحتاج جلبًا من المصنّع أو كتالوج التجزئة,كوستا - موكا,Costa Coffee - Mocha,كوستا,Costa Coffee,Costa Coffee,RESTAURANT,مطاعم,قهوة,,,KSA,FOREIGN,,VERY_HIGH,P1,MISSING,,OFFICIAL_FOREIGN_MARKET,Costa UK nutrition,,,,,,,,,,,,,NONE,HIGH,,,,,,,,,كوستا,Costa Coffee,بيانات السوق الأجنبي فقط — تُوسم صراحةً ولا تُقدَّم كقيم سعودية.
QGAP-00672,NEEDS_SOURCE,لم يُعثر على مصدر آلي — يحتاج جلبًا من المصنّع أو كتالوج التجزئة,كوستا - كورتادو,Costa Coffee - Cortado,كوستا,Costa Coffee,Costa Coffee,RESTAURANT,مطاعم,قهوة,,,KSA,FOREIGN,,VERY_HIGH,P1,MISSING,,OFFICIAL_FOREIGN_MARKET,Costa UK nutrition,,,,,,,,,,,,,NONE,HIGH,,,,,,,,,كوستا,Costa Coffee,بيانات السوق الأجنبي فقط — تُوسم صراحةً ولا تُقدَّم كقيم سعودية.
QGAP-00673,NEEDS_SOURCE,لم يُعثر على مصدر آلي — يحتاج جلبًا من المصنّع أو كتالوج التجزئة,كوستا - فرابيه كراميل,Costa Coffee - Caramel Frostino,كوستا,Costa Coffee,Costa Coffee,RESTAURANT,مطاعم,قهوة,,,KSA,FOREIGN,,VERY_HIGH,P1,MISSING,,OFFICIAL_FOREIGN_MARKET,Costa UK nutrition,,,,,,,,,,,,,NONE,HIGH,,,,,,,,,كوستا,Costa Coffee,بيانات السوق الأجنبي فقط — تُوسم صراحةً ولا تُقدَّم كقيم سعودية.
QGAP-00674,NEEDS_SOURCE,لم يُعثر على مصدر آلي — يحتاج جلبًا من المصنّع أو كتالوج التجزئة,كوستا - شاي إنجليزي,Costa Coffee - English tea,كوستا,Costa Coffee,Costa Coffee,RESTAURANT,مطاعم,قهوة,,,KSA,FOREIGN,,VERY_HIGH,P1,MISSING,,OFFICIAL_FOREIGN_MARKET,Costa UK nutrition,,,,,,,,,,,,,NONE,HIGH,,,,,,,,,كوستا,Costa Coffee,بيانات السوق الأجنبي فقط — تُوسم صراحةً ولا تُقدَّم كقيم سعودية.
QGAP-00675,NEEDS_HUMAN_REVIEW,الأصل العام موجود في قِمّة — يُحسم بشريًا إن كان المتغيّر يستحق صفًّا مستقلًا,كوستا - كرواسون,Costa Coffee - Croissant,كوستا,Costa Coffee,Costa Coffee,RESTAURANT,مطاعم,قهوة,,,KSA,FOREIGN,,VERY_HIGH,P1,EXISTS_GENERIC_ONLY,croissant · كرواسون,OFFICIAL_FOREIGN_MARKET,Costa UK nutrition,,,,,,,,,,,,,NONE,HIGH,,,,,,,,,كوستا,Costa Coffee,بيانات السوق الأجنبي فقط — تُوسم صراحةً ولا تُقدَّم كقيم سعودية.
QGAP-00676,NEEDS_SOURCE,لم يُعثر على مصدر آلي — يحتاج جلبًا من المصنّع أو كتالوج التجزئة,كوستا - ساندويتش,Costa Coffee - Sandwich,كوستا,Costa Coffee,Costa Coffee,RESTAURANT,مطاعم,قهوة,,,KSA,FOREIGN,,VERY_HIGH,P1,MISSING,,OFFICIAL_FOREIGN_MARKET,Costa UK nutrition,,,,,,,,,,,,,NONE,HIGH,,,,,,,,,كوستا,Costa Coffee,بيانات السوق الأجنبي فقط — تُوسم صراحةً ولا تُقدَّم كقيم سعودية.
QGAP-00677,NEEDS_SOURCE,لم يُعثر على مصدر آلي — يحتاج جلبًا من المصنّع أو كتالوج التجزئة,كوستا - كيك جزر,Costa Coffee - Carrot cake,كوستا,Costa Coffee,Costa Coffee,RESTAURANT,مطاعم,قهوة,,,KSA,FOREIGN,,VERY_HIGH,P1,MISSING,,OFFICIAL_FOREIGN_MARKET,Costa UK nutrition,,,,,,,,,,,,,NONE,HIGH,,,,,,,,,كوستا,Costa Coffee,بيانات السوق الأجنبي فقط — تُوسم صراحةً ولا تُقدَّم كقيم سعودية.
QGAP-00678,NEEDS_SOURCE,لم يُعثر على مصدر آلي — يحتاج جلبًا من المصنّع أو كتالوج التجزئة,كوستا - براوني,Costa Coffee - Brownie,كوستا,Costa Coffee,Costa Coffee,RESTAURANT,مطاعم,قهوة,,,KSA,FOREIGN,,VERY_HIGH,P1,MISSING,,OFFICIAL_FOREIGN_MARKET,Costa UK nutrition,,,,,,,,,,,,,NONE,HIGH,,,,,,,,,كوستا,Costa Coffee,بيانات السوق الأجنبي فقط — تُوسم صراحةً ولا تُقدَّم كقيم سعودية.
QGAP-00679,NEEDS_SOURCE,لم يُعثر على مصدر آلي — يحتاج جلبًا من المصنّع أو كتالوج التجزئة,كوستا - مافن,Costa Coffee - Muffin,كوستا,Costa Coffee,Costa Coffee,RESTAURANT,مطاعم,قهوة,,,KSA,FOREIGN,,VERY_HIGH,P1,MISSING,,OFFICIAL_FOREIGN_MARKET,Costa UK nutrition,,,,,,,,,,,,,NONE,HIGH,,,,,,,,,كوستا,Costa Coffee,بيانات السوق الأجنبي فقط — تُوسم صراحةً ولا تُقدَّم كقيم سعودية.
QGAP-00680,NEEDS_SOURCE,سعرات رسمية على قائمة الفرع/التطبيق (إلزام SFDA) — تُقرأ يدويًا؛ الماكروز غير منشورة,كاريبو - كولد برو,Caribou Coffee - Cold brew,كاريبو,Caribou Coffee,Caribou Coffee,RESTAURANT,مطاعم,قهوة,,,KSA,KSA,,HIGH,P1,MISSING,,OFFICIAL_LOCAL_KCAL,Caribou KSA menu (SFDA),,,,,,,,,,,,,NONE,HIGH,,,,,,,,,كاريبو,Caribou Coffee,السعرات متاحة رسميًا على قائمة الفرع/التطبيق (إلزام SFDA منذ ١ يوليو ٢٠٢٥). الماكروز غير منشورة — تبقى فارغة.
QGAP-00681,NEEDS_SOURCE,سعرات رسمية على قائمة الفرع/التطبيق (إلزام SFDA) — تُقرأ يدويًا؛ الماكروز غير منشورة,كاريبو - تيرتل موكا,Caribou Coffee - Turtle Mocha,كاريبو,Caribou Coffee,Caribou Coffee,RESTAURANT,مطاعم,قهوة,,,KSA,KSA,,HIGH,P1,MISSING,,OFFICIAL_LOCAL_KCAL,Caribou KSA menu (SFDA),,,,,,,,,,,,,NONE,HIGH,,,,,,,,,كاريبو,Caribou Coffee,السعرات متاحة رسميًا على قائمة الفرع/التطبيق (إلزام SFDA منذ ١ يوليو ٢٠٢٥). الماكروز غير منشورة — تبقى فارغة.
QGAP-00682,NEEDS_SOURCE,سعرات رسمية على قائمة الفرع/التطبيق (إلزام SFDA) — تُقرأ يدويًا؛ الماكروز غير منشورة,كاريبو - كامبل شيك,Caribou Coffee - Campfire mocha,كاريبو,Caribou Coffee,Caribou Coffee,RESTAURANT,مطاعم,قهوة,,,KSA,KSA,,HIGH,P1,MISSING,,OFFICIAL_LOCAL_KCAL,Caribou KSA menu (SFDA),,,,,,,,,,,,,NONE,HIGH,,,,,,,,,كاريبو,Caribou Coffee,السعرات متاحة رسميًا على قائمة الفرع/التطبيق (إلزام SFDA منذ ١ يوليو ٢٠٢٥). الماكروز غير منشورة — تبقى فارغة.
QGAP-00683,NEEDS_SOURCE,سعرات رسمية على قائمة الفرع/التطبيق (إلزام SFDA) — تُقرأ يدويًا؛ الماكروز غير منشورة,كاريبو - لاتيه فانيلا,Caribou Coffee - Vanilla latte,كاريبو,Caribou Coffee,Caribou Coffee,RESTAURANT,مطاعم,قهوة,,,KSA,KSA,,HIGH,P1,MISSING,,OFFICIAL_LOCAL_KCAL,Caribou KSA menu (SFDA),,,,,,,,,,,,,NONE,HIGH,,,,,,,,,كاريبو,Caribou Coffee,السعرات متاحة رسميًا على قائمة الفرع/التطبيق (إلزام SFDA منذ ١ يوليو ٢٠٢٥). الماكروز غير منشورة — تبقى فارغة.
QGAP-00684,NEEDS_SOURCE,سعرات رسمية على قائمة الفرع/التطبيق (إلزام SFDA) — تُقرأ يدويًا؛ الماكروز غير منشورة,كاريبو - شاي تشاي,Caribou Coffee - Chai tea,كاريبو,Caribou Coffee,Caribou Coffee,RESTAURANT,مطاعم,قهوة,,,KSA,KSA,,HIGH,P1,MISSING,,OFFICIAL_LOCAL_KCAL,Caribou KSA menu (SFDA),,,,,,,,,,,,,NONE,HIGH,,,,,,,,,كاريبو,Caribou Coffee,السعرات متاحة رسميًا على قائمة الفرع/التطبيق (إلزام SFDA منذ ١ يوليو ٢٠٢٥). الماكروز غير منشورة — تبقى فارغة.
QGAP-00685,NEEDS_SOURCE,سعرات رسمية على قائمة الفرع/التطبيق (إلزام SFDA) — تُقرأ يدويًا؛ الماكروز غير منشورة,كاريبو - سموذي,Caribou Coffee - Smoothie,كاريبو,Caribou Coffee,Caribou Coffee,RESTAURANT,مطاعم,قهوة,,,KSA,KSA,,HIGH,P1,MISSING,,OFFICIAL_LOCAL_KCAL,Caribou KSA menu (SFDA),,,,,,,,,,,,,NONE,HIGH,,,,,,,,,كاريبو,Caribou Coffee,السعرات متاحة رسميًا على قائمة الفرع/التطبيق (إلزام SFDA منذ ١ يوليو ٢٠٢٥). الماكروز غير منشورة — تبقى فارغة.
QGAP-00686,NEEDS_SOURCE,سعرات رسمية على قائمة الفرع/التطبيق (إلزام SFDA) — تُقرأ يدويًا؛ الماكروز غير منشورة,كاريبو - كوكيز,Caribou Coffee - Cookie,كاريبو,Caribou Coffee,Caribou Coffee,RESTAURANT,مطاعم,قهوة,,,KSA,KSA,,HIGH,P1,MISSING,,OFFICIAL_LOCAL_KCAL,Caribou KSA menu (SFDA),,,,,,,,,,,,,NONE,HIGH,,,,,,,,,كاريبو,Caribou Coffee,السعرات متاحة رسميًا على قائمة الفرع/التطبيق (إلزام SFDA منذ ١ يوليو ٢٠٢٥). الماكروز غير منشورة — تبقى فارغة.
QGAP-00687,NEEDS_SOURCE,سعرات رسمية على قائمة الفرع/التطبيق (إلزام SFDA) — تُقرأ يدويًا؛ الماكروز غير منشورة,كاريبو - مافن,Caribou Coffee - Muffin,كاريبو,Caribou Coffee,Caribou Coffee,RESTAURANT,مطاعم,قهوة,,,KSA,KSA,,HIGH,P1,MISSING,,OFFICIAL_LOCAL_KCAL,Caribou KSA menu (SFDA),,,,,,,,,,,,,NONE,HIGH,,,,,,,,,كاريبو,Caribou Coffee,السعرات متاحة رسميًا على قائمة الفرع/التطبيق (إلزام SFDA منذ ١ يوليو ٢٠٢٥). الماكروز غير منشورة — تبقى فارغة.
QGAP-00688,NEEDS_HUMAN_REVIEW,الأصل العام موجود في قِمّة — يُحسم بشريًا إن كان المتغيّر يستحق صفًّا مستقلًا,دكتور كافيه - قهوة عربية,Dr.CAFE - Arabic coffee,دكتور كافيه,Dr.CAFE,Dr.CAFE,RESTAURANT,مطاعم,قهوة,,,KSA,KSA,,VERY_HIGH,P1,EXISTS_GENERIC_ONLY,arabic-coffee · قهوة عربية,OFFICIAL_LOCAL_KCAL,Dr.CAFE menu (SFDA),,,,,,,,,,,,,NONE,HIGH,,,,,,,,,دكتور كافيه,Dr.CAFE,السعرات متاحة رسميًا على قائمة الفرع/التطبيق (إلزام SFDA منذ ١ يوليو ٢٠٢٥). الماكروز غير منشورة — تبقى فارغة.
QGAP-00689,NEEDS_HUMAN_REVIEW,الأصل العام موجود في قِمّة — يُحسم بشريًا إن كان المتغيّر يستحق صفًّا مستقلًا,دكتور كافيه - لاتيه,Dr.CAFE - Latte,دكتور كافيه,Dr.CAFE,Dr.CAFE,RESTAURANT,مطاعم,قهوة,,,KSA,KSA,,VERY_HIGH,P1,EXISTS_GENERIC_ONLY,latte-plain · لاتيه,OFFICIAL_LOCAL_KCAL,Dr.CAFE menu (SFDA),,,,,,,,,,,,,NONE,HIGH,,,,,,,,,دكتور كافيه,Dr.CAFE,السعرات متاحة رسميًا على قائمة الفرع/التطبيق (إلزام SFDA منذ ١ يوليو ٢٠٢٥). الماكروز غير منشورة — تبقى فارغة.
QGAP-00690,NEEDS_HUMAN_REVIEW,الأصل العام موجود في قِمّة — يُحسم بشريًا إن كان المتغيّر يستحق صفًّا مستقلًا,دكتور كافيه - سبانش لاتيه,Dr.CAFE - Spanish latte,دكتور كافيه,Dr.CAFE,Dr.CAFE,RESTAURANT,مطاعم,قهوة,,,KSA,KSA,,VERY_HIGH,P1,EXISTS_GENERIC_ONLY,spanish-latte · سبانش لاتيه,OFFICIAL_LOCAL_KCAL,Dr.CAFE menu (SFDA),,,,,,,,,,,,,NONE,HIGH,,,,,,,,,دكتور كافيه,Dr.CAFE,السعرات متاحة رسميًا على قائمة الفرع/التطبيق (إلزام SFDA منذ ١ يوليو ٢٠٢٥). الماكروز غير منشورة — تبقى فارغة.
QGAP-00691,NEEDS_HUMAN_REVIEW,الأصل العام موجود في قِمّة — يُحسم بشريًا إن كان المتغيّر يستحق صفًّا مستقلًا,دكتور كافيه - كابتشينو,Dr.CAFE - Cappuccino,دكتور كافيه,Dr.CAFE,Dr.CAFE,RESTAURANT,مطاعم,قهوة,,,KSA,KSA,,VERY_HIGH,P1,EXISTS_GENERIC_ONLY,cappuccino · كابتشينو,OFFICIAL_LOCAL_KCAL,Dr.CAFE menu (SFDA),,,,,,,,,,,,,NONE,HIGH,,,,,,,,,دكتور كافيه,Dr.CAFE,السعرات متاحة رسميًا على قائمة الفرع/التطبيق (إلزام SFDA منذ ١ يوليو ٢٠٢٥). الماكروز غير منشورة — تبقى فارغة.
QGAP-00692,NEEDS_SOURCE,سعرات رسمية على قائمة الفرع/التطبيق (إلزام SFDA) — تُقرأ يدويًا؛ الماكروز غير منشورة,دكتور كافيه - موكا,Dr.CAFE - Mocha,دكتور كافيه,Dr.CAFE,Dr.CAFE,RESTAURANT,مطاعم,قهوة,,,KSA,KSA,,VERY_HIGH,P1,MISSING,,OFFICIAL_LOCAL_KCAL,Dr.CAFE menu (SFDA),,,,,,,,,,,,,NONE,HIGH,,,,,,,,,دكتور كافيه,Dr.CAFE,السعرات متاحة رسميًا على قائمة الفرع/التطبيق (إلزام SFDA منذ ١ يوليو ٢٠٢٥). الماكروز غير منشورة — تبقى فارغة.
QGAP-00693,NEEDS_HUMAN_REVIEW,الأصل العام موجود في قِمّة — يُحسم بشريًا إن كان المتغيّر يستحق صفًّا مستقلًا,دكتور كافيه - أمريكانو,Dr.CAFE - Americano,دكتور كافيه,Dr.CAFE,Dr.CAFE,RESTAURANT,مطاعم,قهوة,,,KSA,KSA,,VERY_HIGH,P1,EXISTS_GENERIC_ONLY,americano · أمريكانو,OFFICIAL_LOCAL_KCAL,Dr.CAFE menu (SFDA),,,,,,,,,,,,,NONE,HIGH,,,,,,,,,دكتور كافيه,Dr.CAFE,السعرات متاحة رسميًا على قائمة الفرع/التطبيق (إلزام SFDA منذ ١ يوليو ٢٠٢٥). الماكروز غير منشورة — تبقى فارغة.
QGAP-00694,NEEDS_SOURCE,سعرات رسمية على قائمة الفرع/التطبيق (إلزام SFDA) — تُقرأ يدويًا؛ الماكروز غير منشورة,دكتور كافيه - شاي كرك,Dr.CAFE - Karak tea,دكتور كافيه,Dr.CAFE,Dr.CAFE,RESTAURANT,مطاعم,قهوة,,,KSA,KSA,,VERY_HIGH,P1,MISSING,,OFFICIAL_LOCAL_KCAL,Dr.CAFE menu (SFDA),,,,,,,,,,,,,NONE,HIGH,,,,,,,,,دكتور كافيه,Dr.CAFE,السعرات متاحة رسميًا على قائمة الفرع/التطبيق (إلزام SFDA منذ ١ يوليو ٢٠٢٥). الماكروز غير منشورة — تبقى فارغة.
QGAP-00695,NEEDS_SOURCE,سعرات رسمية على قائمة الفرع/التطبيق (إلزام SFDA) — تُقرأ يدويًا؛ الماكروز غير منشورة,دكتور كافيه - فرابتشينو,Dr.CAFE - Frappuccino,دكتور كافيه,Dr.CAFE,Dr.CAFE,RESTAURANT,مطاعم,قهوة,,,KSA,KSA,,VERY_HIGH,P1,MISSING,,OFFICIAL_LOCAL_KCAL,Dr.CAFE menu (SFDA),,,,,,,,,,,,,NONE,HIGH,,,,,,,,,دكتور كافيه,Dr.CAFE,السعرات متاحة رسميًا على قائمة الفرع/التطبيق (إلزام SFDA منذ ١ يوليو ٢٠٢٥). الماكروز غير منشورة — تبقى فارغة.
QGAP-00696,NEEDS_SOURCE,سعرات رسمية على قائمة الفرع/التطبيق (إلزام SFDA) — تُقرأ يدويًا؛ الماكروز غير منشورة,دكتور كافيه - هوت شوكليت,Dr.CAFE - Hot chocolate,دكتور كافيه,Dr.CAFE,Dr.CAFE,RESTAURANT,مطاعم,قهوة,,,KSA,KSA,,VERY_HIGH,P1,MISSING,,OFFICIAL_LOCAL_KCAL,Dr.CAFE menu (SFDA),,,,,,,,,,,,,NONE,HIGH,,,,,,,,,دكتور كافيه,Dr.CAFE,السعرات متاحة رسميًا على قائمة الفرع/التطبيق (إلزام SFDA منذ ١ يوليو ٢٠٢٥). الماكروز غير منشورة — تبقى فارغة.
QGAP-00697,NEEDS_HUMAN_REVIEW,الأصل العام موجود في قِمّة — يُحسم بشريًا إن كان المتغيّر يستحق صفًّا مستقلًا,دكتور كافيه - كرواسون,Dr.CAFE - Croissant,دكتور كافيه,Dr.CAFE,Dr.CAFE,RESTAURANT,مطاعم,قهوة,,,KSA,KSA,,VERY_HIGH,P1,EXISTS_GENERIC_ONLY,croissant · كرواسون,OFFICIAL_LOCAL_KCAL,Dr.CAFE menu (SFDA),,,,,,,,,,,,,NONE,HIGH,,,,,,,,,دكتور كافيه,Dr.CAFE,السعرات متاحة رسميًا على قائمة الفرع/التطبيق (إلزام SFDA منذ ١ يوليو ٢٠٢٥). الماكروز غير منشورة — تبقى فارغة.
QGAP-00698,NEEDS_SOURCE,سعرات رسمية على قائمة الفرع/التطبيق (إلزام SFDA) — تُقرأ يدويًا؛ الماكروز غير منشورة,دكتور كافيه - ساندويتش تيركي,Dr.CAFE - Turkey sandwich,دكتور كافيه,Dr.CAFE,Dr.CAFE,RESTAURANT,مطاعم,قهوة,,,KSA,KSA,,VERY_HIGH,P1,MISSING,,OFFICIAL_LOCAL_KCAL,Dr.CAFE menu (SFDA),,,,,,,,,,,,,NONE,HIGH,,,,,,,,,دكتور كافيه,Dr.CAFE,السعرات متاحة رسميًا على قائمة الفرع/التطبيق (إلزام SFDA منذ ١ يوليو ٢٠٢٥). الماكروز غير منشورة — تبقى فارغة.
QGAP-00699,NEEDS_SOURCE,سعرات رسمية على قائمة الفرع/التطبيق (إلزام SFDA) — تُقرأ يدويًا؛ الماكروز غير منشورة,دكتور كافيه - كيك,Dr.CAFE - Cake slice,دكتور كافيه,Dr.CAFE,Dr.CAFE,RESTAURANT,مطاعم,قهوة,,,KSA,KSA,,VERY_HIGH,P1,MISSING,,OFFICIAL_LOCAL_KCAL,Dr.CAFE menu (SFDA),,,,,,,,,,,,,NONE,HIGH,,,,,,,,,دكتور كافيه,Dr.CAFE,السعرات متاحة رسميًا على قائمة الفرع/التطبيق (إلزام SFDA منذ ١ يوليو ٢٠٢٥). الماكروز غير منشورة — تبقى فارغة.
QGAP-00700,NEEDS_SOURCE,سعرات رسمية على قائمة الفرع/التطبيق (إلزام SFDA) — تُقرأ يدويًا؛ الماكروز غير منشورة,دكتور كافيه - كوكيز,Dr.CAFE - Cookie,دكتور كافيه,Dr.CAFE,Dr.CAFE,RESTAURANT,مطاعم,قهوة,,,KSA,KSA,,VERY_HIGH,P1,MISSING,,OFFICIAL_LOCAL_KCAL,Dr.CAFE menu (SFDA),,,,,,,,,,,,,NONE,HIGH,,,,,,,,,دكتور كافيه,Dr.CAFE,السعرات متاحة رسميًا على قائمة الفرع/التطبيق (إلزام SFDA منذ ١ يوليو ٢٠٢٥). الماكروز غير منشورة — تبقى فارغة.
QGAP-00701,NEEDS_SOURCE,سعرات رسمية على قائمة الفرع/التطبيق (إلزام SFDA) — تُقرأ يدويًا؛ الماكروز غير منشورة,دكتور كافيه - مافن,Dr.CAFE - Muffin,دكتور كافيه,Dr.CAFE,Dr.CAFE,RESTAURANT,مطاعم,قهوة,,,KSA,KSA,,VERY_HIGH,P1,MISSING,,OFFICIAL_LOCAL_KCAL,Dr.CAFE menu (SFDA),,,,,,,,,,,,,NONE,HIGH,,,,,,,,,دكتور كافيه,Dr.CAFE,السعرات متاحة رسميًا على قائمة الفرع/التطبيق (إلزام SFDA منذ ١ يوليو ٢٠٢٥). الماكروز غير منشورة — تبقى فارغة.
QGAP-00702,NEEDS_SOURCE,سعرات رسمية على قائمة الفرع/التطبيق (إلزام SFDA) — تُقرأ يدويًا؛ الماكروز غير منشورة,دكتور كافيه - عصير طازج,Dr.CAFE - Fresh juice,دكتور كافيه,Dr.CAFE,Dr.CAFE,RESTAURANT,مطاعم,قهوة,,,KSA,KSA,,VERY_HIGH,P1,MISSING,,OFFICIAL_LOCAL_KCAL,Dr.CAFE menu (SFDA),,,,,,,,,,,,,NONE,HIGH,,,,,,,,,دكتور كافيه,Dr.CAFE,السعرات متاحة رسميًا على قائمة الفرع/التطبيق (إلزام SFDA منذ ١ يوليو ٢٠٢٥). الماكروز غير منشورة — تبقى فارغة.
QGAP-00703,NEEDS_HUMAN_REVIEW,الأصل العام موجود في قِمّة — يُحسم بشريًا إن كان المتغيّر يستحق صفًّا مستقلًا,بارنز - سبانش لاتيه,Barn's - Spanish latte,بارنز,Barn's,Barn's,RESTAURANT,مطاعم,قهوة,,,KSA,KSA,,VERY_HIGH,P1,EXISTS_GENERIC_ONLY,spanish-latte · سبانش لاتيه,OFFICIAL_LOCAL_KCAL,Barn's app (SFDA),,,,,,,,,,,,,NONE,HIGH,,,,,,,,,بارنز,Barn's,السعرات متاحة رسميًا على قائمة الفرع/التطبيق (إلزام SFDA منذ ١ يوليو ٢٠٢٥). الماكروز غير منشورة — تبقى فارغة.
QGAP-00704,NEEDS_HUMAN_REVIEW,الأصل العام موجود في قِمّة — يُحسم بشريًا إن كان المتغيّر يستحق صفًّا مستقلًا,بارنز - لاتيه,Barn's - Latte,بارنز,Barn's,Barn's,RESTAURANT,مطاعم,قهوة,,,KSA,KSA,,VERY_HIGH,P1,EXISTS_GENERIC_ONLY,latte-plain · لاتيه,OFFICIAL_LOCAL_KCAL,Barn's app (SFDA),,,,,,,,,,,,,NONE,HIGH,,,,,,,,,بارنز,Barn's,السعرات متاحة رسميًا على قائمة الفرع/التطبيق (إلزام SFDA منذ ١ يوليو ٢٠٢٥). الماكروز غير منشورة — تبقى فارغة.
QGAP-00705,NEEDS_HUMAN_REVIEW,الأصل العام موجود في قِمّة — يُحسم بشريًا إن كان المتغيّر يستحق صفًّا مستقلًا,بارنز - أمريكانو,Barn's - Americano,بارنز,Barn's,Barn's,RESTAURANT,مطاعم,قهوة,,,KSA,KSA,,VERY_HIGH,P1,EXISTS_GENERIC_ONLY,americano · أمريكانو,OFFICIAL_LOCAL_KCAL,Barn's app (SFDA),,,,,,,,,,,,,NONE,HIGH,,,,,,,,,بارنز,Barn's,السعرات متاحة رسميًا على قائمة الفرع/التطبيق (إلزام SFDA منذ ١ يوليو ٢٠٢٥). الماكروز غير منشورة — تبقى فارغة.
QGAP-00706,NEEDS_HUMAN_REVIEW,الأصل العام موجود في قِمّة — يُحسم بشريًا إن كان المتغيّر يستحق صفًّا مستقلًا,بارنز - كابتشينو,Barn's - Cappuccino,بارنز,Barn's,Barn's,RESTAURANT,مطاعم,قهوة,,,KSA,KSA,,VERY_HIGH,P1,EXISTS_GENERIC_ONLY,cappuccino · كابتشينو,OFFICIAL_LOCAL_KCAL,Barn's app (SFDA),,,,,,,,,,,,,NONE,HIGH,,,,,,,,,بارنز,Barn's,السعرات متاحة رسميًا على قائمة الفرع/التطبيق (إلزام SFDA منذ ١ يوليو ٢٠٢٥). الماكروز غير منشورة — تبقى فارغة.
QGAP-00707,NEEDS_SOURCE,سعرات رسمية على قائمة الفرع/التطبيق (إلزام SFDA) — تُقرأ يدويًا؛ الماكروز غير منشورة,بارنز - موكا بيضاء,Barn's - White mocha,بارنز,Barn's,Barn's,RESTAURANT,مطاعم,قهوة,,,KSA,KSA,,VERY_HIGH,P1,MISSING,,OFFICIAL_LOCAL_KCAL,Barn's app (SFDA),,,,,,,,,,,,,NONE,HIGH,,,,,,,,,بارنز,Barn's,السعرات متاحة رسميًا على قائمة الفرع/التطبيق (إلزام SFDA منذ ١ يوليو ٢٠٢٥). الماكروز غير منشورة — تبقى فارغة.
QGAP-00708,NEEDS_HUMAN_REVIEW,الأصل العام موجود في قِمّة — يُحسم بشريًا إن كان المتغيّر يستحق صفًّا مستقلًا,بارنز - آيس سبانش لاتيه,Barn's - Iced Spanish latte,بارنز,Barn's,Barn's,RESTAURANT,مطاعم,قهوة,,,KSA,KSA,,VERY_HIGH,P1,EXISTS_GENERIC_ONLY,spanish-latte · سبانش لاتيه,OFFICIAL_LOCAL_KCAL,Barn's app (SFDA),,,,,,,,,,,,,NONE,HIGH,,,,,,,,,بارنز,Barn's,السعرات متاحة رسميًا على قائمة الفرع/التطبيق (إلزام SFDA منذ ١ يوليو ٢٠٢٥). الماكروز غير منشورة — تبقى فارغة.
QGAP-00709,NEEDS_SOURCE,سعرات رسمية على قائمة الفرع/التطبيق (إلزام SFDA) — تُقرأ يدويًا؛ الماكروز غير منشورة,بارنز - شاي كرك,Barn's - Karak tea,بارنز,Barn's,Barn's,RESTAURANT,مطاعم,قهوة,,,KSA,KSA,,VERY_HIGH,P1,MISSING,,OFFICIAL_LOCAL_KCAL,Barn's app (SFDA),,,,,,,,,,,,,NONE,HIGH,,,,,,,,,بارنز,Barn's,السعرات متاحة رسميًا على قائمة الفرع/التطبيق (إلزام SFDA منذ ١ يوليو ٢٠٢٥). الماكروز غير منشورة — تبقى فارغة.
QGAP-00710,NEEDS_SOURCE,سعرات رسمية على قائمة الفرع/التطبيق (إلزام SFDA) — تُقرأ يدويًا؛ الماكروز غير منشورة,بارنز - هوت شوكليت,Barn's - Hot chocolate,بارنز,Barn's,Barn's,RESTAURANT,مطاعم,قهوة,,,KSA,KSA,,VERY_HIGH,P1,MISSING,,OFFICIAL_LOCAL_KCAL,Barn's app (SFDA),,,,,,,,,,,,,NONE,HIGH,,,,,,,,,بارنز,Barn's,السعرات متاحة رسميًا على قائمة الفرع/التطبيق (إلزام SFDA منذ ١ يوليو ٢٠٢٥). الماكروز غير منشورة — تبقى فارغة.
QGAP-00711,NEEDS_SOURCE,سعرات رسمية على قائمة الفرع/التطبيق (إلزام SFDA) — تُقرأ يدويًا؛ الماكروز غير منشورة,بارنز - فرابيه,Barn's - Frappe,بارنز,Barn's,Barn's,RESTAURANT,مطاعم,قهوة,,,KSA,KSA,,VERY_HIGH,P1,MISSING,,OFFICIAL_LOCAL_KCAL,Barn's app (SFDA),,,,,,,,,,,,,NONE,HIGH,,,,,,,,,بارنز,Barn's,السعرات متاحة رسميًا على قائمة الفرع/التطبيق (إلزام SFDA منذ ١ يوليو ٢٠٢٥). الماكروز غير منشورة — تبقى فارغة.
QGAP-00712,NEEDS_HUMAN_REVIEW,الأصل العام موجود في قِمّة — يُحسم بشريًا إن كان المتغيّر يستحق صفًّا مستقلًا,بارنز - كرواسون,Barn's - Croissant,بارنز,Barn's,Barn's,RESTAURANT,مطاعم,قهوة,,,KSA,KSA,,VERY_HIGH,P1,EXISTS_GENERIC_ONLY,croissant · كرواسون,OFFICIAL_LOCAL_KCAL,Barn's app (SFDA),,,,,,,,,,,,,NONE,HIGH,,,,,,,,,بارنز,Barn's,السعرات متاحة رسميًا على قائمة الفرع/التطبيق (إلزام SFDA منذ ١ يوليو ٢٠٢٥). الماكروز غير منشورة — تبقى فارغة.
QGAP-00713,NEEDS_SOURCE,سعرات رسمية على قائمة الفرع/التطبيق (إلزام SFDA) — تُقرأ يدويًا؛ الماكروز غير منشورة,بارنز - دونات,Barn's - Donut,بارنز,Barn's,Barn's,RESTAURANT,مطاعم,قهوة,,,KSA,KSA,,VERY_HIGH,P1,MISSING,,OFFICIAL_LOCAL_KCAL,Barn's app (SFDA),,,,,,,,,,,,,NONE,HIGH,,,,,,,,,بارنز,Barn's,السعرات متاحة رسميًا على قائمة الفرع/التطبيق (إلزام SFDA منذ ١ يوليو ٢٠٢٥). الماكروز غير منشورة — تبقى فارغة.
QGAP-00714,NEEDS_SOURCE,سعرات رسمية على قائمة الفرع/التطبيق (إلزام SFDA) — تُقرأ يدويًا؛ الماكروز غير منشورة,بارنز - كيك,Barn's - Cake,بارنز,Barn's,Barn's,RESTAURANT,مطاعم,قهوة,,,KSA,KSA,,VERY_HIGH,P1,MISSING,,OFFICIAL_LOCAL_KCAL,Barn's app (SFDA),,,,,,,,,,,,,NONE,HIGH,,,,,,,,,بارنز,Barn's,السعرات متاحة رسميًا على قائمة الفرع/التطبيق (إلزام SFDA منذ ١ يوليو ٢٠٢٥). الماكروز غير منشورة — تبقى فارغة.
QGAP-00715,NEEDS_SOURCE,سعرات رسمية على قائمة الفرع/التطبيق (إلزام SFDA) — تُقرأ يدويًا؛ الماكروز غير منشورة,بارنز - كوكيز,Barn's - Cookie,بارنز,Barn's,Barn's,RESTAURANT,مطاعم,قهوة,,,KSA,KSA,,VERY_HIGH,P1,MISSING,,OFFICIAL_LOCAL_KCAL,Barn's app (SFDA),,,,,,,,,,,,,NONE,HIGH,,,,,,,,,بارنز,Barn's,السعرات متاحة رسميًا على قائمة الفرع/التطبيق (إلزام SFDA منذ ١ يوليو ٢٠٢٥). الماكروز غير منشورة — تبقى فارغة.
QGAP-00716,NEEDS_SOURCE,سعرات رسمية على قائمة الفرع/التطبيق (إلزام SFDA) — تُقرأ يدويًا؛ الماكروز غير منشورة,بارنز - ساندويتش,Barn's - Sandwich,بارنز,Barn's,Barn's,RESTAURANT,مطاعم,قهوة,,,KSA,KSA,,VERY_HIGH,P1,MISSING,,OFFICIAL_LOCAL_KCAL,Barn's app (SFDA),,,,,,,,,,,,,NONE,HIGH,,,,,,,,,بارنز,Barn's,السعرات متاحة رسميًا على قائمة الفرع/التطبيق (إلزام SFDA منذ ١ يوليو ٢٠٢٥). الماكروز غير منشورة — تبقى فارغة.
QGAP-00717,NEEDS_HUMAN_REVIEW,الأصل العام موجود في قِمّة — يُحسم بشريًا إن كان المتغيّر يستحق صفًّا مستقلًا,هاف مليون - سبانش لاتيه,Half Million - Spanish latte,هاف مليون,Half Million,Half Million,RESTAURANT,مطاعم,قهوة,,,KSA,KSA,,VERY_HIGH,P1,EXISTS_GENERIC_ONLY,spanish-latte · سبانش لاتيه,OFFICIAL_LOCAL_KCAL,Half Million app (SFDA),,,,,,,,,,,,,NONE,HIGH,,,,,,,,,هاف مليون,Half Million,السعرات متاحة رسميًا على قائمة الفرع/التطبيق (إلزام SFDA منذ ١ يوليو ٢٠٢٥). الماكروز غير منشورة — تبقى فارغة.
QGAP-00718,NEEDS_SOURCE,سعرات رسمية على قائمة الفرع/التطبيق (إلزام SFDA) — تُقرأ يدويًا؛ الماكروز غير منشورة,هاف مليون - آيس لاتيه,Half Million - Iced latte,هاف مليون,Half Million,Half Million,RESTAURANT,مطاعم,قهوة,,,KSA,KSA,,VERY_HIGH,P1,MISSING,,OFFICIAL_LOCAL_KCAL,Half Million app (SFDA),,,,,,,,,,,,,NONE,HIGH,,,,,,,,,هاف مليون,Half Million,السعرات متاحة رسميًا على قائمة الفرع/التطبيق (إلزام SFDA منذ ١ يوليو ٢٠٢٥). الماكروز غير منشورة — تبقى فارغة.
QGAP-00719,NEEDS_SOURCE,سعرات رسمية على قائمة الفرع/التطبيق (إلزام SFDA) — تُقرأ يدويًا؛ الماكروز غير منشورة,هاف مليون - V60,Half Million - V60 pour over,هاف مليون,Half Million,Half Million,RESTAURANT,مطاعم,قهوة,,,KSA,KSA,,VERY_HIGH,P1,MISSING,,OFFICIAL_LOCAL_KCAL,Half Million app (SFDA),,,,,,,,,,,,,NONE,HIGH,,,,,,,,,هاف مليون,Half Million,السعرات متاحة رسميًا على قائمة الفرع/التطبيق (إلزام SFDA منذ ١ يوليو ٢٠٢٥). الماكروز غير منشورة — تبقى فارغة.
QGAP-00720,NEEDS_SOURCE,سعرات رسمية على قائمة الفرع/التطبيق (إلزام SFDA) — تُقرأ يدويًا؛ الماكروز غير منشورة,هاف مليون - كولد برو,Half Million - Cold brew,هاف مليون,Half Million,Half Million,RESTAURANT,مطاعم,قهوة,,,KSA,KSA,,VERY_HIGH,P1,MISSING,,OFFICIAL_LOCAL_KCAL,Half Million app (SFDA),,,,,,,,,,,,,NONE,HIGH,,,,,,,,,هاف مليون,Half Million,السعرات متاحة رسميًا على قائمة الفرع/التطبيق (إلزام SFDA منذ ١ يوليو ٢٠٢٥). الماكروز غير منشورة — تبقى فارغة.
QGAP-00721,NEEDS_SOURCE,سعرات رسمية على قائمة الفرع/التطبيق (إلزام SFDA) — تُقرأ يدويًا؛ الماكروز غير منشورة,هاف مليون - فلات وايت,Half Million - Flat white,هاف مليون,Half Million,Half Million,RESTAURANT,مطاعم,قهوة,,,KSA,KSA,,VERY_HIGH,P1,MISSING,,OFFICIAL_LOCAL_KCAL,Half Million app (SFDA),,,,,,,,,,,,,NONE,HIGH,,,,,,,,,هاف مليون,Half Million,السعرات متاحة رسميًا على قائمة الفرع/التطبيق (إلزام SFDA منذ ١ يوليو ٢٠٢٥). الماكروز غير منشورة — تبقى فارغة.
QGAP-00722,NEEDS_SOURCE,سعرات رسمية على قائمة الفرع/التطبيق (إلزام SFDA) — تُقرأ يدويًا؛ الماكروز غير منشورة,هاف مليون - موكا,Half Million - Mocha,هاف مليون,Half Million,Half Million,RESTAURANT,مطاعم,قهوة,,,KSA,KSA,,VERY_HIGH,P1,MISSING,,OFFICIAL_LOCAL_KCAL,Half Million app (SFDA),,,,,,,,,,,,,NONE,HIGH,,,,,,,,,هاف مليون,Half Million,السعرات متاحة رسميًا على قائمة الفرع/التطبيق (إلزام SFDA منذ ١ يوليو ٢٠٢٥). الماكروز غير منشورة — تبقى فارغة.
QGAP-00723,NEEDS_SOURCE,سعرات رسمية على قائمة الفرع/التطبيق (إلزام SFDA) — تُقرأ يدويًا؛ الماكروز غير منشورة,هاف مليون - ماتشا,Half Million - Matcha latte,هاف مليون,Half Million,Half Million,RESTAURANT,مطاعم,قهوة,,,KSA,KSA,,VERY_HIGH,P1,MISSING,,OFFICIAL_LOCAL_KCAL,Half Million app (SFDA),,,,,,,,,,,,,NONE,HIGH,,,,,,,,,هاف مليون,Half Million,السعرات متاحة رسميًا على قائمة الفرع/التطبيق (إلزام SFDA منذ ١ يوليو ٢٠٢٥). الماكروز غير منشورة — تبقى فارغة.
QGAP-00724,NEEDS_HUMAN_REVIEW,الأصل العام موجود في قِمّة — يُحسم بشريًا إن كان المتغيّر يستحق صفًّا مستقلًا,هاف مليون - كرواسون,Half Million - Croissant,هاف مليون,Half Million,Half Million,RESTAURANT,مطاعم,قهوة,,,KSA,KSA,,VERY_HIGH,P1,EXISTS_GENERIC_ONLY,croissant · كرواسون,OFFICIAL_LOCAL_KCAL,Half Million app (SFDA),,,,,,,,,,,,,NONE,HIGH,,,,,,,,,هاف مليون,Half Million,السعرات متاحة رسميًا على قائمة الفرع/التطبيق (إلزام SFDA منذ ١ يوليو ٢٠٢٥). الماكروز غير منشورة — تبقى فارغة.
QGAP-00725,NEEDS_SOURCE,سعرات رسمية على قائمة الفرع/التطبيق (إلزام SFDA) — تُقرأ يدويًا؛ الماكروز غير منشورة,هاف مليون - كوكيز,Half Million - Cookie,هاف مليون,Half Million,Half Million,RESTAURANT,مطاعم,قهوة,,,KSA,KSA,,VERY_HIGH,P1,MISSING,,OFFICIAL_LOCAL_KCAL,Half Million app (SFDA),,,,,,,,,,,,,NONE,HIGH,,,,,,,,,هاف مليون,Half Million,السعرات متاحة رسميًا على قائمة الفرع/التطبيق (إلزام SFDA منذ ١ يوليو ٢٠٢٥). الماكروز غير منشورة — تبقى فارغة.
QGAP-00726,NEEDS_SOURCE,سعرات رسمية على قائمة الفرع/التطبيق (إلزام SFDA) — تُقرأ يدويًا؛ الماكروز غير منشورة,هاف مليون - تشيز كيك,Half Million - Cheesecake,هاف مليون,Half Million,Half Million,RESTAURANT,مطاعم,قهوة,,,KSA,KSA,,VERY_HIGH,P1,MISSING,,OFFICIAL_LOCAL_KCAL,Half Million app (SFDA),,,,,,,,,,,,,NONE,HIGH,,,,,,,,,هاف مليون,Half Million,السعرات متاحة رسميًا على قائمة الفرع/التطبيق (إلزام SFDA منذ ١ يوليو ٢٠٢٥). الماكروز غير منشورة — تبقى فارغة.
QGAP-00727,NEEDS_SOURCE,سعرات رسمية على قائمة الفرع/التطبيق (إلزام SFDA) — تُقرأ يدويًا؛ الماكروز غير منشورة,خطوة جمل - V60,Camel Step - V60,خطوة جمل,Camel Step,Camel Step,RESTAURANT,مطاعم,قهوة,,,KSA,KSA,,HIGH,P1,MISSING,,OFFICIAL_LOCAL_KCAL,Camel Step menu (SFDA),,,,,,,,,,,,,NONE,HIGH,,,,,,,,,خطوة جمل,Camel Step,السعرات متاحة رسميًا على قائمة الفرع/التطبيق (إلزام SFDA منذ ١ يوليو ٢٠٢٥). الماكروز غير منشورة — تبقى فارغة.
QGAP-00728,NEEDS_SOURCE,سعرات رسمية على قائمة الفرع/التطبيق (إلزام SFDA) — تُقرأ يدويًا؛ الماكروز غير منشورة,خطوة جمل - كولد برو,Camel Step - Cold brew,خطوة جمل,Camel Step,Camel Step,RESTAURANT,مطاعم,قهوة,,,KSA,KSA,,HIGH,P1,MISSING,,OFFICIAL_LOCAL_KCAL,Camel Step menu (SFDA),,,,,,,,,,,,,NONE,HIGH,,,,,,,,,خطوة جمل,Camel Step,السعرات متاحة رسميًا على قائمة الفرع/التطبيق (إلزام SFDA منذ ١ يوليو ٢٠٢٥). الماكروز غير منشورة — تبقى فارغة.
QGAP-00729,NEEDS_SOURCE,سعرات رسمية على قائمة الفرع/التطبيق (إلزام SFDA) — تُقرأ يدويًا؛ الماكروز غير منشورة,خطوة جمل - لاتيه,Camel Step - Latte,خطوة جمل,Camel Step,Camel Step,RESTAURANT,مطاعم,قهوة,,,KSA,KSA,,HIGH,P1,MISSING,,OFFICIAL_LOCAL_KCAL,Camel Step menu (SFDA),,,,,,,,,,,,,NONE,HIGH,,,,,,,,,خطوة جمل,Camel Step,السعرات متاحة رسميًا على قائمة الفرع/التطبيق (إلزام SFDA منذ ١ يوليو ٢٠٢٥). الماكروز غير منشورة — تبقى فارغة.
QGAP-00730,NEEDS_SOURCE,سعرات رسمية على قائمة الفرع/التطبيق (إلزام SFDA) — تُقرأ يدويًا؛ الماكروز غير منشورة,خطوة جمل - إسبريسو,Camel Step - Espresso,خطوة جمل,Camel Step,Camel Step,RESTAURANT,مطاعم,قهوة,,,KSA,KSA,,HIGH,P1,MISSING,,OFFICIAL_LOCAL_KCAL,Camel Step menu (SFDA),,,,,,,,,,,,,NONE,HIGH,,,,,,,,,خطوة جمل,Camel Step,السعرات متاحة رسميًا على قائمة الفرع/التطبيق (إلزام SFDA منذ ١ يوليو ٢٠٢٥). الماكروز غير منشورة — تبقى فارغة.
QGAP-00731,NEEDS_SOURCE,سعرات رسمية على قائمة الفرع/التطبيق (إلزام SFDA) — تُقرأ يدويًا؛ الماكروز غير منشورة,خطوة جمل - فلات وايت,Camel Step - Flat white,خطوة جمل,Camel Step,Camel Step,RESTAURANT,مطاعم,قهوة,,,KSA,KSA,,HIGH,P1,MISSING,,OFFICIAL_LOCAL_KCAL,Camel Step menu (SFDA),,,,,,,,,,,,,NONE,HIGH,,,,,,,,,خطوة جمل,Camel Step,السعرات متاحة رسميًا على قائمة الفرع/التطبيق (إلزام SFDA منذ ١ يوليو ٢٠٢٥). الماكروز غير منشورة — تبقى فارغة.
QGAP-00732,NEEDS_SOURCE,سعرات رسمية على قائمة الفرع/التطبيق (إلزام SFDA) — تُقرأ يدويًا؛ الماكروز غير منشورة,خطوة جمل - آيس أمريكانو,Camel Step - Iced americano,خطوة جمل,Camel Step,Camel Step,RESTAURANT,مطاعم,قهوة,,,KSA,KSA,,HIGH,P1,MISSING,,OFFICIAL_LOCAL_KCAL,Camel Step menu (SFDA),,,,,,,,,,,,,NONE,HIGH,,,,,,,,,خطوة جمل,Camel Step,السعرات متاحة رسميًا على قائمة الفرع/التطبيق (إلزام SFDA منذ ١ يوليو ٢٠٢٥). الماكروز غير منشورة — تبقى فارغة.
QGAP-00733,NEEDS_HUMAN_REVIEW,الأصل العام موجود في قِمّة — يُحسم بشريًا إن كان المتغيّر يستحق صفًّا مستقلًا,اوفردوز - سبانش لاتيه,Overdose Coffee - Spanish latte,اوفردوز,Overdose Coffee,Overdose Coffee,RESTAURANT,مطاعم,قهوة,,,KSA,KSA,,HIGH,P1,EXISTS_GENERIC_ONLY,spanish-latte · سبانش لاتيه,OFFICIAL_LOCAL_KCAL,Overdose menu (SFDA),,,,,,,,,,,,,NONE,HIGH,,,,,,,,,اوفردوز,Overdose Coffee,السعرات متاحة رسميًا على قائمة الفرع/التطبيق (إلزام SFDA منذ ١ يوليو ٢٠٢٥). الماكروز غير منشورة — تبقى فارغة.
QGAP-00734,NEEDS_SOURCE,سعرات رسمية على قائمة الفرع/التطبيق (إلزام SFDA) — تُقرأ يدويًا؛ الماكروز غير منشورة,اوفردوز - لاتيه,Overdose Coffee - Latte,اوفردوز,Overdose Coffee,Overdose Coffee,RESTAURANT,مطاعم,قهوة,,,KSA,KSA,,HIGH,P1,MISSING,,OFFICIAL_LOCAL_KCAL,Overdose menu (SFDA),,,,,,,,,,,,,NONE,HIGH,,,,,,,,,اوفردوز,Overdose Coffee,السعرات متاحة رسميًا على قائمة الفرع/التطبيق (إلزام SFDA منذ ١ يوليو ٢٠٢٥). الماكروز غير منشورة — تبقى فارغة.
QGAP-00735,NEEDS_SOURCE,سعرات رسمية على قائمة الفرع/التطبيق (إلزام SFDA) — تُقرأ يدويًا؛ الماكروز غير منشورة,اوفردوز - كولد برو,Overdose Coffee - Cold brew,اوفردوز,Overdose Coffee,Overdose Coffee,RESTAURANT,مطاعم,قهوة,,,KSA,KSA,,HIGH,P1,MISSING,,OFFICIAL_LOCAL_KCAL,Overdose menu (SFDA),,,,,,,,,,,,,NONE,HIGH,,,,,,,,,اوفردوز,Overdose Coffee,السعرات متاحة رسميًا على قائمة الفرع/التطبيق (إلزام SFDA منذ ١ يوليو ٢٠٢٥). الماكروز غير منشورة — تبقى فارغة.
QGAP-00736,NEEDS_SOURCE,سعرات رسمية على قائمة الفرع/التطبيق (إلزام SFDA) — تُقرأ يدويًا؛ الماكروز غير منشورة,اوفردوز - موكا,Overdose Coffee - Mocha,اوفردوز,Overdose Coffee,Overdose Coffee,RESTAURANT,مطاعم,قهوة,,,KSA,KSA,,HIGH,P1,MISSING,,OFFICIAL_LOCAL_KCAL,Overdose menu (SFDA),,,,,,,,,,,,,NONE,HIGH,,,,,,,,,اوفردوز,Overdose Coffee,السعرات متاحة رسميًا على قائمة الفرع/التطبيق (إلزام SFDA منذ ١ يوليو ٢٠٢٥). الماكروز غير منشورة — تبقى فارغة.
QGAP-00737,NEEDS_SOURCE,سعرات رسمية على قائمة الفرع/التطبيق (إلزام SFDA) — تُقرأ يدويًا؛ الماكروز غير منشورة,اوفردوز - ماتشا,Overdose Coffee - Matcha,اوفردوز,Overdose Coffee,Overdose Coffee,RESTAURANT,مطاعم,قهوة,,,KSA,KSA,,HIGH,P1,MISSING,,OFFICIAL_LOCAL_KCAL,Overdose menu (SFDA),,,,,,,,,,,,,NONE,HIGH,,,,,,,,,اوفردوز,Overdose Coffee,السعرات متاحة رسميًا على قائمة الفرع/التطبيق (إلزام SFDA منذ ١ يوليو ٢٠٢٥). الماكروز غير منشورة — تبقى فارغة.
QGAP-00738,NEEDS_HUMAN_REVIEW,الأصل العام موجود في قِمّة — يُحسم بشريًا إن كان المتغيّر يستحق صفًّا مستقلًا,اوفردوز - كرواسون,Overdose Coffee - Croissant,اوفردوز,Overdose Coffee,Overdose Coffee,RESTAURANT,مطاعم,قهوة,,,KSA,KSA,,HIGH,P1,EXISTS_GENERIC_ONLY,croissant · كرواسون,OFFICIAL_LOCAL_KCAL,Overdose menu (SFDA),,,,,,,,,,,,,NONE,HIGH,,,,,,,,,اوفردوز,Overdose Coffee,السعرات متاحة رسميًا على قائمة الفرع/التطبيق (إلزام SFDA منذ ١ يوليو ٢٠٢٥). الماكروز غير منشورة — تبقى فارغة.
QGAP-00739,NEEDS_SOURCE,سعرات رسمية على قائمة الفرع/التطبيق (إلزام SFDA) — تُقرأ يدويًا؛ الماكروز غير منشورة,كرسبي كريم - دونات شوكولاتة سبرينكل,Krispy Kreme - Chocolate sprinkle donut,كرسبي كريم,Krispy Kreme,Krispy Kreme,RESTAURANT,مطاعم,حلويات,,,KSA,KSA,,VERY_HIGH,P1,MISSING,,OFFICIAL_LOCAL_KCAL,Krispy Kreme KSA menu (SFDA),,,,,,,,,,,,,NONE,HIGH,,,,,,,,,كرسبي كريم,Krispy Kreme,السعرات متاحة رسميًا على قائمة الفرع/التطبيق (إلزام SFDA منذ ١ يوليو ٢٠٢٥). الماكروز غير منشورة — تبقى فارغة.
QGAP-00740,NEEDS_SOURCE,سعرات رسمية على قائمة الفرع/التطبيق (إلزام SFDA) — تُقرأ يدويًا؛ الماكروز غير منشورة,كرسبي كريم - دونات كريمة,Krispy Kreme - Kreme filled donut,كرسبي كريم,Krispy Kreme,Krispy Kreme,RESTAURANT,مطاعم,حلويات,,,KSA,KSA,,VERY_HIGH,P1,MISSING,,OFFICIAL_LOCAL_KCAL,Krispy Kreme KSA menu (SFDA),,,,,,,,,,,,,NONE,HIGH,,,,,,,,,كرسبي كريم,Krispy Kreme,السعرات متاحة رسميًا على قائمة الفرع/التطبيق (إلزام SFDA منذ ١ يوليو ٢٠٢٥). الماكروز غير منشورة — تبقى فارغة.
QGAP-00741,NEEDS_SOURCE,سعرات رسمية على قائمة الفرع/التطبيق (إلزام SFDA) — تُقرأ يدويًا؛ الماكروز غير منشورة,كرسبي كريم - دونات فراولة,Krispy Kreme - Strawberry donut,كرسبي كريم,Krispy Kreme,Krispy Kreme,RESTAURANT,مطاعم,حلويات,,,KSA,KSA,,VERY_HIGH,P1,MISSING,,OFFICIAL_LOCAL_KCAL,Krispy Kreme KSA menu (SFDA),,,,,,,,,,,,,NONE,HIGH,,,,,,,,,كرسبي كريم,Krispy Kreme,السعرات متاحة رسميًا على قائمة الفرع/التطبيق (إلزام SFDA منذ ١ يوليو ٢٠٢٥). الماكروز غير منشورة — تبقى فارغة.
QGAP-00742,NEEDS_SOURCE,سعرات رسمية على قائمة الفرع/التطبيق (إلزام SFDA) — تُقرأ يدويًا؛ الماكروز غير منشورة,كرسبي كريم - دونات كاسترد,Krispy Kreme - Custard donut,كرسبي كريم,Krispy Kreme,Krispy Kreme,RESTAURANT,مطاعم,حلويات,,,KSA,KSA,,VERY_HIGH,P1,MISSING,,OFFICIAL_LOCAL_KCAL,Krispy Kreme KSA menu (SFDA),,,,,,,,,,,,,NONE,HIGH,,,,,,,,,كرسبي كريم,Krispy Kreme,السعرات متاحة رسميًا على قائمة الفرع/التطبيق (إلزام SFDA منذ ١ يوليو ٢٠٢٥). الماكروز غير منشورة — تبقى فارغة.
QGAP-00743,NEEDS_SOURCE,سعرات رسمية على قائمة الفرع/التطبيق (إلزام SFDA) — تُقرأ يدويًا؛ الماكروز غير منشورة,كرسبي كريم - دونات لوتس,Krispy Kreme - Lotus donut,كرسبي كريم,Krispy Kreme,Krispy Kreme,RESTAURANT,مطاعم,حلويات,,,KSA,KSA,,VERY_HIGH,P1,MISSING,,OFFICIAL_LOCAL_KCAL,Krispy Kreme KSA menu (SFDA),,,,,,,,,,,,,NONE,HIGH,,,,,,,,,كرسبي كريم,Krispy Kreme,السعرات متاحة رسميًا على قائمة الفرع/التطبيق (إلزام SFDA منذ ١ يوليو ٢٠٢٥). الماكروز غير منشورة — تبقى فارغة.
QGAP-00744,NEEDS_SOURCE,سعرات رسمية على قائمة الفرع/التطبيق (إلزام SFDA) — تُقرأ يدويًا؛ الماكروز غير منشورة,كرسبي كريم - دستة دونات,Krispy Kreme - Dozen donuts,كرسبي كريم,Krispy Kreme,Krispy Kreme,RESTAURANT,مطاعم,حلويات,,,KSA,KSA,,VERY_HIGH,P1,MISSING,,OFFICIAL_LOCAL_KCAL,Krispy Kreme KSA menu (SFDA),,,,,,,,,,,,,NONE,HIGH,,,,,,,,,كرسبي كريم,Krispy Kreme,السعرات متاحة رسميًا على قائمة الفرع/التطبيق (إلزام SFDA منذ ١ يوليو ٢٠٢٥). الماكروز غير منشورة — تبقى فارغة.
QGAP-00745,NEEDS_SOURCE,سعرات رسمية على قائمة الفرع/التطبيق (إلزام SFDA) — تُقرأ يدويًا؛ الماكروز غير منشورة,كرسبي كريم - قهوة,Krispy Kreme - Coffee,كرسبي كريم,Krispy Kreme,Krispy Kreme,RESTAURANT,مطاعم,حلويات,,,KSA,KSA,,VERY_HIGH,P1,MISSING,,OFFICIAL_LOCAL_KCAL,Krispy Kreme KSA menu (SFDA),,,,,,,,,,,,,NONE,HIGH,,,,,,,,,كرسبي كريم,Krispy Kreme,السعرات متاحة رسميًا على قائمة الفرع/التطبيق (إلزام SFDA منذ ١ يوليو ٢٠٢٥). الماكروز غير منشورة — تبقى فارغة.
QGAP-00746,NEEDS_HUMAN_REVIEW,الأصل العام موجود في قِمّة — يُحسم بشريًا إن كان المتغيّر يستحق صفًّا مستقلًا,كرسبي كريم - ميلك شيك,Krispy Kreme - Milkshake,كرسبي كريم,Krispy Kreme,Krispy Kreme,RESTAURANT,مطاعم,حلويات,,,KSA,KSA,,VERY_HIGH,P1,EXISTS_GENERIC_ONLY,milkshake · ميلك شيك,OFFICIAL_LOCAL_KCAL,Krispy Kreme KSA menu (SFDA),,,,,,,,,,,,,NONE,HIGH,,,,,,,,,كرسبي كريم,Krispy Kreme,السعرات متاحة رسميًا على قائمة الفرع/التطبيق (إلزام SFDA منذ ١ يوليو ٢٠٢٥). الماكروز غير منشورة — تبقى فارغة.
QGAP-00747,NEEDS_SOURCE,لم يُعثر على مصدر آلي — يحتاج جلبًا من المصنّع أو كتالوج التجزئة,سينابون - كلاسيك رول,Cinnabon - Classic cinnamon roll,سينابون,Cinnabon,Cinnabon,RESTAURANT,مطاعم,حلويات,,,KSA,FOREIGN,,HIGH,P1,MISSING,,OFFICIAL_FOREIGN_MARKET,Cinnabon nutrition,,,,,,,,,,,,,NONE,HIGH,,,,,,,,,سينابون,Cinnabon,بيانات السوق الأجنبي فقط — تُوسم صراحةً ولا تُقدَّم كقيم سعودية.
QGAP-00748,NEEDS_SOURCE,لم يُعثر على مصدر آلي — يحتاج جلبًا من المصنّع أو كتالوج التجزئة,سينابون - ميني بون,Cinnabon - MiniBon,سينابون,Cinnabon,Cinnabon,RESTAURANT,مطاعم,حلويات,,,KSA,FOREIGN,,HIGH,P1,MISSING,,OFFICIAL_FOREIGN_MARKET,Cinnabon nutrition,,,,,,,,,,,,,NONE,HIGH,,,,,,,,,سينابون,Cinnabon,بيانات السوق الأجنبي فقط — تُوسم صراحةً ولا تُقدَّم كقيم سعودية.
QGAP-00749,NEEDS_SOURCE,لم يُعثر على مصدر آلي — يحتاج جلبًا من المصنّع أو كتالوج التجزئة,سينابون - بون بايتس,Cinnabon - BonBites,سينابون,Cinnabon,Cinnabon,RESTAURANT,مطاعم,حلويات,,,KSA,FOREIGN,,HIGH,P1,MISSING,,OFFICIAL_FOREIGN_MARKET,Cinnabon nutrition,,,,,,,,,,,,,NONE,HIGH,,,,,,,,,سينابون,Cinnabon,بيانات السوق الأجنبي فقط — تُوسم صراحةً ولا تُقدَّم كقيم سعودية.
QGAP-00750,NEEDS_SOURCE,لم يُعثر على مصدر آلي — يحتاج جلبًا من المصنّع أو كتالوج التجزئة,سينابون - كارميل بيكان بون,Cinnabon - Caramel Pecan Bon,سينابون,Cinnabon,Cinnabon,RESTAURANT,مطاعم,حلويات,,,KSA,FOREIGN,,HIGH,P1,MISSING,,OFFICIAL_FOREIGN_MARKET,Cinnabon nutrition,,,,,,,,,,,,,NONE,HIGH,,,,,,,,,سينابون,Cinnabon,بيانات السوق الأجنبي فقط — تُوسم صراحةً ولا تُقدَّم كقيم سعودية.
QGAP-00751,NEEDS_SOURCE,لم يُعثر على مصدر آلي — يحتاج جلبًا من المصنّع أو كتالوج التجزئة,سينابون - تشيلاتا,Cinnabon - Chillatta,سينابون,Cinnabon,Cinnabon,RESTAURANT,مطاعم,حلويات,,,KSA,FOREIGN,,HIGH,P1,MISSING,,OFFICIAL_FOREIGN_MARKET,Cinnabon nutrition,,,,,,,,,,,,,NONE,HIGH,,,,,,,,,سينابون,Cinnabon,بيانات السوق الأجنبي فقط — تُوسم صراحةً ولا تُقدَّم كقيم سعودية.
QGAP-00752,NEEDS_SOURCE,لم يُعثر على مصدر آلي — يحتاج جلبًا من المصنّع أو كتالوج التجزئة,سينابون - قهوة,Cinnabon - Coffee,سينابون,Cinnabon,Cinnabon,RESTAURANT,مطاعم,حلويات,,,KSA,FOREIGN,,HIGH,P1,MISSING,,OFFICIAL_FOREIGN_MARKET,Cinnabon nutrition,,,,,,,,,,,,,NONE,HIGH,,,,,,,,,سينابون,Cinnabon,بيانات السوق الأجنبي فقط — تُوسم صراحةً ولا تُقدَّم كقيم سعودية.
QGAP-00753,NEEDS_SOURCE,لم يُعثر على مصدر آلي — يحتاج جلبًا من المصنّع أو كتالوج التجزئة,باسكن روبنز - آيس كريم 3 سكوب,Baskin Robbins - Triple scoop,باسكن روبنز,Baskin Robbins,Baskin Robbins,RESTAURANT,مطاعم,حلويات,,,KSA,FOREIGN,,VERY_HIGH,P1,MISSING,,OFFICIAL_FOREIGN_MARKET,Baskin Robbins nutrition,,,,,,,,,,,,,NONE,HIGH,,,,,,,,,باسكن روبنز,Baskin Robbins,بيانات السوق الأجنبي فقط — تُوسم صراحةً ولا تُقدَّم كقيم سعودية.
QGAP-00754,NEEDS_HUMAN_REVIEW,الأصل العام موجود في قِمّة — يُحسم بشريًا إن كان المتغيّر يستحق صفًّا مستقلًا,باسكن روبنز - ميلك شيك شوكولاتة,Baskin Robbins - Chocolate milkshake,باسكن روبنز,Baskin Robbins,Baskin Robbins,RESTAURANT,مطاعم,حلويات,,,KSA,FOREIGN,,VERY_HIGH,P1,EXISTS_GENERIC_ONLY,baskin-milkshake · باسكن روبنز - ميلك شيك,OFFICIAL_FOREIGN_MARKET,Baskin Robbins nutrition,,,,,,,,,,,,,NONE,HIGH,,,,,,,,,باسكن روبنز,Baskin Robbins,بيانات السوق الأجنبي فقط — تُوسم صراحةً ولا تُقدَّم كقيم سعودية.
QGAP-00755,NEEDS_SOURCE,لم يُعثر على مصدر آلي — يحتاج جلبًا من المصنّع أو كتالوج التجزئة,باسكن روبنز - كيك آيس كريم,Baskin Robbins - Ice cream cake,باسكن روبنز,Baskin Robbins,Baskin Robbins,RESTAURANT,مطاعم,حلويات,,,KSA,FOREIGN,,VERY_HIGH,P1,MISSING,,OFFICIAL_FOREIGN_MARKET,Baskin Robbins nutrition,,,,,,,,,,,,,NONE,HIGH,,,,,,,,,باسكن روبنز,Baskin Robbins,بيانات السوق الأجنبي فقط — تُوسم صراحةً ولا تُقدَّم كقيم سعودية.
QGAP-00756,NEEDS_SOURCE,لم يُعثر على مصدر آلي — يحتاج جلبًا من المصنّع أو كتالوج التجزئة,باسكن روبنز - بانانا سبليت,Baskin Robbins - Banana split,باسكن روبنز,Baskin Robbins,Baskin Robbins,RESTAURANT,مطاعم,حلويات,,,KSA,FOREIGN,,VERY_HIGH,P1,MISSING,,OFFICIAL_FOREIGN_MARKET,Baskin Robbins nutrition,,,,,,,,,,,,,NONE,HIGH,,,,,,,,,باسكن روبنز,Baskin Robbins,بيانات السوق الأجنبي فقط — تُوسم صراحةً ولا تُقدَّم كقيم سعودية.
QGAP-00757,NEEDS_SOURCE,لم يُعثر على مصدر آلي — يحتاج جلبًا من المصنّع أو كتالوج التجزئة,باسكن روبنز - واجن كون,Baskin Robbins - Waffle cone,باسكن روبنز,Baskin Robbins,Baskin Robbins,RESTAURANT,مطاعم,حلويات,,,KSA,FOREIGN,,VERY_HIGH,P1,MISSING,,OFFICIAL_FOREIGN_MARKET,Baskin Robbins nutrition,,,,,,,,,,,,,NONE,HIGH,,,,,,,,,باسكن روبنز,Baskin Robbins,بيانات السوق الأجنبي فقط — تُوسم صراحةً ولا تُقدَّم كقيم سعودية.
QGAP-00758,NEEDS_SOURCE,لم يُعثر على مصدر آلي — يحتاج جلبًا من المصنّع أو كتالوج التجزئة,باسكن روبنز - بلاست,Baskin Robbins - Blast,باسكن روبنز,Baskin Robbins,Baskin Robbins,RESTAURANT,مطاعم,حلويات,,,KSA,FOREIGN,,VERY_HIGH,P1,MISSING,,OFFICIAL_FOREIGN_MARKET,Baskin Robbins nutrition,,,,,,,,,,,,,NONE,HIGH,,,,,,,,,باسكن روبنز,Baskin Robbins,بيانات السوق الأجنبي فقط — تُوسم صراحةً ولا تُقدَّم كقيم سعودية.
QGAP-00759,NEEDS_SOURCE,سعرات رسمية على قائمة الفرع/التطبيق (إلزام SFDA) — تُقرأ يدويًا؛ الماكروز غير منشورة,سعد الدين - كنافة نابلسية,Saadeddin - Nabulsi kunafa,سعد الدين,Saadeddin,Saadeddin,RESTAURANT,مطاعم,حلويات,,,KSA,KSA,,HIGH,P1,MISSING,,OFFICIAL_LOCAL_KCAL,Saadeddin menu (SFDA),,,,,,,,,,,,,NONE,HIGH,,,,,,,,,سعد الدين,Saadeddin,السعرات متاحة رسميًا على قائمة الفرع/التطبيق (إلزام SFDA منذ ١ يوليو ٢٠٢٥). الماكروز غير منشورة — تبقى فارغة.
QGAP-00760,NEEDS_SOURCE,سعرات رسمية على قائمة الفرع/التطبيق (إلزام SFDA) — تُقرأ يدويًا؛ الماكروز غير منشورة,سعد الدين - بقلاوة مشكلة,Saadeddin - Mixed baklava,سعد الدين,Saadeddin,Saadeddin,RESTAURANT,مطاعم,حلويات,,,KSA,KSA,,HIGH,P1,MISSING,,OFFICIAL_LOCAL_KCAL,Saadeddin menu (SFDA),,,,,,,,,,,,,NONE,HIGH,,,,,,,,,سعد الدين,Saadeddin,السعرات متاحة رسميًا على قائمة الفرع/التطبيق (إلزام SFDA منذ ١ يوليو ٢٠٢٥). الماكروز غير منشورة — تبقى فارغة.
QGAP-00761,NEEDS_HUMAN_REVIEW,الأصل العام موجود في قِمّة — يُحسم بشريًا إن كان المتغيّر يستحق صفًّا مستقلًا,سعد الدين - معمول تمر,Saadeddin - Date maamoul,سعد الدين,Saadeddin,Saadeddin,RESTAURANT,مطاعم,حلويات,,,KSA,KSA,,HIGH,P1,EXISTS_GENERIC_ONLY,maamoul-dates · معمول تمر,OFFICIAL_LOCAL_KCAL,Saadeddin menu (SFDA),,,,,,,,,,,,,NONE,HIGH,,,,,,,,,سعد الدين,Saadeddin,السعرات متاحة رسميًا على قائمة الفرع/التطبيق (إلزام SFDA منذ ١ يوليو ٢٠٢٥). الماكروز غير منشورة — تبقى فارغة.
QGAP-00762,NEEDS_HUMAN_REVIEW,الأصل العام موجود في قِمّة — يُحسم بشريًا إن كان المتغيّر يستحق صفًّا مستقلًا,سعد الدين - بسبوسة,Saadeddin - Basbousa,سعد الدين,Saadeddin,Saadeddin,RESTAURANT,مطاعم,حلويات,,,KSA,KSA,,HIGH,P1,EXISTS_GENERIC_ONLY,basbousa · بسبوسة,OFFICIAL_LOCAL_KCAL,Saadeddin menu (SFDA),,,,,,,,,,,,,NONE,HIGH,,,,,,,,,سعد الدين,Saadeddin,السعرات متاحة رسميًا على قائمة الفرع/التطبيق (إلزام SFDA منذ ١ يوليو ٢٠٢٥). الماكروز غير منشورة — تبقى فارغة.
QGAP-00763,NEEDS_SOURCE,سعرات رسمية على قائمة الفرع/التطبيق (إلزام SFDA) — تُقرأ يدويًا؛ الماكروز غير منشورة,سعد الدين - شوكولاتة سعد الدين,Saadeddin - Saadeddin chocolate,سعد الدين,Saadeddin,Saadeddin,RESTAURANT,مطاعم,حلويات,,,KSA,KSA,,HIGH,P1,MISSING,,OFFICIAL_LOCAL_KCAL,Saadeddin menu (SFDA),,,,,,,,,,,,,NONE,HIGH,,,,,,,,,سعد الدين,Saadeddin,السعرات متاحة رسميًا على قائمة الفرع/التطبيق (إلزام SFDA منذ ١ يوليو ٢٠٢٥). الماكروز غير منشورة — تبقى فارغة.
QGAP-00764,NEEDS_SOURCE,سعرات رسمية على قائمة الفرع/التطبيق (إلزام SFDA) — تُقرأ يدويًا؛ الماكروز غير منشورة,سعد الدين - كيك,Saadeddin - Cake,سعد الدين,Saadeddin,Saadeddin,RESTAURANT,مطاعم,حلويات,,,KSA,KSA,,HIGH,P1,MISSING,,OFFICIAL_LOCAL_KCAL,Saadeddin menu (SFDA),,,,,,,,,,,,,NONE,HIGH,,,,,,,,,سعد الدين,Saadeddin,السعرات متاحة رسميًا على قائمة الفرع/التطبيق (إلزام SFDA منذ ١ يوليو ٢٠٢٥). الماكروز غير منشورة — تبقى فارغة.
QGAP-00765,NEEDS_SOURCE,سعرات رسمية على قائمة الفرع/التطبيق (إلزام SFDA) — تُقرأ يدويًا؛ الماكروز غير منشورة,سعد الدين - حلاوة الجبن,Saadeddin - Cheese halawa,سعد الدين,Saadeddin,Saadeddin,RESTAURANT,مطاعم,حلويات,,,KSA,KSA,,HIGH,P1,MISSING,,OFFICIAL_LOCAL_KCAL,Saadeddin menu (SFDA),,,,,,,,,,,,,NONE,HIGH,,,,,,,,,سعد الدين,Saadeddin,السعرات متاحة رسميًا على قائمة الفرع/التطبيق (إلزام SFDA منذ ١ يوليو ٢٠٢٥). الماكروز غير منشورة — تبقى فارغة.
QGAP-00766,NEEDS_SOURCE,سعرات رسمية على قائمة الفرع/التطبيق (إلزام SFDA) — تُقرأ يدويًا؛ الماكروز غير منشورة,سعد الدين - غريبة,Saadeddin - Ghraybah,سعد الدين,Saadeddin,Saadeddin,RESTAURANT,مطاعم,حلويات,,,KSA,KSA,,HIGH,P1,MISSING,,OFFICIAL_LOCAL_KCAL,Saadeddin menu (SFDA),,,,,,,,,,,,,NONE,HIGH,,,,,,,,,سعد الدين,Saadeddin,السعرات متاحة رسميًا على قائمة الفرع/التطبيق (إلزام SFDA منذ ١ يوليو ٢٠٢٥). الماكروز غير منشورة — تبقى فارغة.
QGAP-00767,NEEDS_HUMAN_REVIEW,الأصل العام موجود في قِمّة — يُحسم بشريًا إن كان المتغيّر يستحق صفًّا مستقلًا,تشيليز - فاهيتا دجاج,Chili's - Chicken fajitas,تشيليز,Chili's,Chili's,RESTAURANT,مطاعم,مطاعم عائلية,,,KSA,FOREIGN,,MEDIUM,P2,EXISTS_GENERIC_ONLY,fajita-chicken · فاهيتا دجاج,OFFICIAL_FOREIGN_MARKET,Chili's US nutrition,,,,,,,,,,,,,NONE,HIGH,,,,,,,,,تشيليز,Chili's,بيانات السوق الأجنبي فقط — تُوسم صراحةً ولا تُقدَّم كقيم سعودية.
QGAP-00768,NEEDS_SOURCE,لم يُعثر على مصدر آلي — يحتاج جلبًا من المصنّع أو كتالوج التجزئة,تشيليز - برجر أولد تايمر,Chili's - Oldtimer burger,تشيليز,Chili's,Chili's,RESTAURANT,مطاعم,مطاعم عائلية,,,KSA,FOREIGN,,MEDIUM,P2,MISSING,,OFFICIAL_FOREIGN_MARKET,Chili's US nutrition,,,,,,,,,,,,,NONE,HIGH,,,,,,,,,تشيليز,Chili's,بيانات السوق الأجنبي فقط — تُوسم صراحةً ولا تُقدَّم كقيم سعودية.
QGAP-00769,NEEDS_SOURCE,لم يُعثر على مصدر آلي — يحتاج جلبًا من المصنّع أو كتالوج التجزئة,تشيليز - أضلاع باربكيو,Chili's - BBQ ribs,تشيليز,Chili's,Chili's,RESTAURANT,مطاعم,مطاعم عائلية,,,KSA,FOREIGN,,MEDIUM,P2,MISSING,,OFFICIAL_FOREIGN_MARKET,Chili's US nutrition,,,,,,,,,,,,,NONE,HIGH,,,,,,,,,تشيليز,Chili's,بيانات السوق الأجنبي فقط — تُوسم صراحةً ولا تُقدَّم كقيم سعودية.
QGAP-00770,NEEDS_SOURCE,لم يُعثر على مصدر آلي — يحتاج جلبًا من المصنّع أو كتالوج التجزئة,تشيليز - تشيكن كرسبرز,Chili's - Chicken crispers,تشيليز,Chili's,Chili's,RESTAURANT,مطاعم,مطاعم عائلية,,,KSA,FOREIGN,,MEDIUM,P2,MISSING,,OFFICIAL_FOREIGN_MARKET,Chili's US nutrition,,,,,,,,,,,,,NONE,HIGH,,,,,,,,,تشيليز,Chili's,بيانات السوق الأجنبي فقط — تُوسم صراحةً ولا تُقدَّم كقيم سعودية.
QGAP-00771,NEEDS_SOURCE,لم يُعثر على مصدر آلي — يحتاج جلبًا من المصنّع أو كتالوج التجزئة,تشيليز - ناتشوز,Chili's - Nachos,تشيليز,Chili's,Chili's,RESTAURANT,مطاعم,مطاعم عائلية,,,KSA,FOREIGN,,MEDIUM,P2,MISSING,,OFFICIAL_FOREIGN_MARKET,Chili's US nutrition,,,,,,,,,,,,,NONE,HIGH,,,,,,,,,تشيليز,Chili's,بيانات السوق الأجنبي فقط — تُوسم صراحةً ولا تُقدَّم كقيم سعودية.
QGAP-00772,NEEDS_SOURCE,لم يُعثر على مصدر آلي — يحتاج جلبًا من المصنّع أو كتالوج التجزئة,تشيليز - مولتن كيك,Chili's - Molten chocolate cake,تشيليز,Chili's,Chili's,RESTAURANT,مطاعم,مطاعم عائلية,,,KSA,FOREIGN,,MEDIUM,P2,MISSING,,OFFICIAL_FOREIGN_MARKET,Chili's US nutrition,,,,,,,,,,,,,NONE,HIGH,,,,,,,,,تشيليز,Chili's,بيانات السوق الأجنبي فقط — تُوسم صراحةً ولا تُقدَّم كقيم سعودية.
QGAP-00773,NEEDS_SOURCE,لم يُعثر على مصدر آلي — يحتاج جلبًا من المصنّع أو كتالوج التجزئة,تشيليز - سلطة,Chili's - Salad,تشيليز,Chili's,Chili's,RESTAURANT,مطاعم,مطاعم عائلية,,,KSA,FOREIGN,,MEDIUM,P2,MISSING,,OFFICIAL_FOREIGN_MARKET,Chili's US nutrition,,,,,,,,,,,,,NONE,HIGH,,,,,,,,,تشيليز,Chili's,بيانات السوق الأجنبي فقط — تُوسم صراحةً ولا تُقدَّم كقيم سعودية.
QGAP-00774,NEEDS_SOURCE,لم يُعثر على مصدر آلي — يحتاج جلبًا من المصنّع أو كتالوج التجزئة,تشيليز - كيساديا,Chili's - Quesadilla,تشيليز,Chili's,Chili's,RESTAURANT,مطاعم,مطاعم عائلية,,,KSA,FOREIGN,,MEDIUM,P2,MISSING,,OFFICIAL_FOREIGN_MARKET,Chili's US nutrition,,,,,,,,,,,,,NONE,HIGH,,,,,,,,,تشيليز,Chili's,بيانات السوق الأجنبي فقط — تُوسم صراحةً ولا تُقدَّم كقيم سعودية.
QGAP-00775,NEEDS_SOURCE,لم يُعثر على مصدر آلي — يحتاج جلبًا من المصنّع أو كتالوج التجزئة,آبل بيز - ريب آي ستيك,Applebee's - Ribeye steak,آبل بيز,Applebee's,Applebee's,RESTAURANT,مطاعم,مطاعم عائلية,,,KSA,FOREIGN,,MEDIUM,P2,MISSING,,OFFICIAL_FOREIGN_MARKET,Applebee's nutrition,,,,,,,,,,,,,NONE,HIGH,,,,,,,,,آبل بيز,Applebee's,بيانات السوق الأجنبي فقط — تُوسم صراحةً ولا تُقدَّم كقيم سعودية.
QGAP-00776,NEEDS_SOURCE,لم يُعثر على مصدر آلي — يحتاج جلبًا من المصنّع أو كتالوج التجزئة,آبل بيز - برجر كلاسيك,Applebee's - Classic burger,آبل بيز,Applebee's,Applebee's,RESTAURANT,مطاعم,مطاعم عائلية,,,KSA,FOREIGN,,MEDIUM,P2,MISSING,,OFFICIAL_FOREIGN_MARKET,Applebee's nutrition,,,,,,,,,,,,,NONE,HIGH,,,,,,,,,آبل بيز,Applebee's,بيانات السوق الأجنبي فقط — تُوسم صراحةً ولا تُقدَّم كقيم سعودية.
QGAP-00777,NEEDS_SOURCE,لم يُعثر على مصدر آلي — يحتاج جلبًا من المصنّع أو كتالوج التجزئة,آبل بيز - أجنحة بافلو,Applebee's - Boneless wings,آبل بيز,Applebee's,Applebee's,RESTAURANT,مطاعم,مطاعم عائلية,,,KSA,FOREIGN,,MEDIUM,P2,MISSING,,OFFICIAL_FOREIGN_MARKET,Applebee's nutrition,,,,,,,,,,,,,NONE,HIGH,,,,,,,,,آبل بيز,Applebee's,بيانات السوق الأجنبي فقط — تُوسم صراحةً ولا تُقدَّم كقيم سعودية.
QGAP-00778,NEEDS_SOURCE,لم يُعثر على مصدر آلي — يحتاج جلبًا من المصنّع أو كتالوج التجزئة,آبل بيز - فاهيتا,Applebee's - Fajitas,آبل بيز,Applebee's,Applebee's,RESTAURANT,مطاعم,مطاعم عائلية,,,KSA,FOREIGN,,MEDIUM,P2,MISSING,,OFFICIAL_FOREIGN_MARKET,Applebee's nutrition,,,,,,,,,,,,,NONE,HIGH,,,,,,,,,آبل بيز,Applebee's,بيانات السوق الأجنبي فقط — تُوسم صراحةً ولا تُقدَّم كقيم سعودية.
QGAP-00779,NEEDS_SOURCE,لم يُعثر على مصدر آلي — يحتاج جلبًا من المصنّع أو كتالوج التجزئة,آبل بيز - سلطة سيزر بالدجاج,Applebee's - Chicken Caesar salad,آبل بيز,Applebee's,Applebee's,RESTAURANT,مطاعم,مطاعم عائلية,,,KSA,FOREIGN,,MEDIUM,P2,MISSING,,OFFICIAL_FOREIGN_MARKET,Applebee's nutrition,,,,,,,,,,,,,NONE,HIGH,,,,,,,,,آبل بيز,Applebee's,بيانات السوق الأجنبي فقط — تُوسم صراحةً ولا تُقدَّم كقيم سعودية.
QGAP-00780,NEEDS_SOURCE,لم يُعثر على مصدر آلي — يحتاج جلبًا من المصنّع أو كتالوج التجزئة,آبل بيز - براوني صنداي,Applebee's - Brownie sundae,آبل بيز,Applebee's,Applebee's,RESTAURANT,مطاعم,مطاعم عائلية,,,KSA,FOREIGN,,MEDIUM,P2,MISSING,,OFFICIAL_FOREIGN_MARKET,Applebee's nutrition,,,,,,,,,,,,,NONE,HIGH,,,,,,,,,آبل بيز,Applebee's,بيانات السوق الأجنبي فقط — تُوسم صراحةً ولا تُقدَّم كقيم سعودية.
QGAP-00781,NEEDS_SOURCE,لم يُعثر على مصدر آلي — يحتاج جلبًا من المصنّع أو كتالوج التجزئة,تكساس رودهاوس - ستيك سيرلوين,Texas Roadhouse - Sirloin steak,تكساس رودهاوس,Texas Roadhouse,Texas Roadhouse,RESTAURANT,مطاعم,ستيك,,,KSA,FOREIGN,,MEDIUM,P2,MISSING,,OFFICIAL_FOREIGN_MARKET,Texas Roadhouse nutrition,,,,,,,,,,,,,NONE,HIGH,,,,,,,,,تكساس رودهاوس,Texas Roadhouse,بيانات السوق الأجنبي فقط — تُوسم صراحةً ولا تُقدَّم كقيم سعودية.
QGAP-00782,NEEDS_SOURCE,لم يُعثر على مصدر آلي — يحتاج جلبًا من المصنّع أو كتالوج التجزئة,تكساس رودهاوس - أضلاع,Texas Roadhouse - Ribs,تكساس رودهاوس,Texas Roadhouse,Texas Roadhouse,RESTAURANT,مطاعم,ستيك,,,KSA,FOREIGN,,MEDIUM,P2,MISSING,,OFFICIAL_FOREIGN_MARKET,Texas Roadhouse nutrition,,,,,,,,,,,,,NONE,HIGH,,,,,,,,,تكساس رودهاوس,Texas Roadhouse,بيانات السوق الأجنبي فقط — تُوسم صراحةً ولا تُقدَّم كقيم سعودية.
QGAP-00783,NEEDS_SOURCE,لم يُعثر على مصدر آلي — يحتاج جلبًا من المصنّع أو كتالوج التجزئة,تكساس رودهاوس - خبز بالزبدة,Texas Roadhouse - Buttered roll,تكساس رودهاوس,Texas Roadhouse,Texas Roadhouse,RESTAURANT,مطاعم,ستيك,,,KSA,FOREIGN,,MEDIUM,P2,MISSING,,OFFICIAL_FOREIGN_MARKET,Texas Roadhouse nutrition,,,,,,,,,,,,,NONE,HIGH,,,,,,,,,تكساس رودهاوس,Texas Roadhouse,بيانات السوق الأجنبي فقط — تُوسم صراحةً ولا تُقدَّم كقيم سعودية.
QGAP-00784,NEEDS_SOURCE,لم يُعثر على مصدر آلي — يحتاج جلبًا من المصنّع أو كتالوج التجزئة,تكساس رودهاوس - بطاطس مهروسة,Texas Roadhouse - Mashed potatoes,تكساس رودهاوس,Texas Roadhouse,Texas Roadhouse,RESTAURANT,مطاعم,ستيك,,,KSA,FOREIGN,,MEDIUM,P2,MISSING,,OFFICIAL_FOREIGN_MARKET,Texas Roadhouse nutrition,,,,,,,,,,,,,NONE,HIGH,,,,,,,,,تكساس رودهاوس,Texas Roadhouse,بيانات السوق الأجنبي فقط — تُوسم صراحةً ولا تُقدَّم كقيم سعودية.
QGAP-00785,NEEDS_SOURCE,لم يُعثر على مصدر آلي — يحتاج جلبًا من المصنّع أو كتالوج التجزئة,تكساس رودهاوس - سلطة هاوس,Texas Roadhouse - House salad,تكساس رودهاوس,Texas Roadhouse,Texas Roadhouse,RESTAURANT,مطاعم,ستيك,,,KSA,FOREIGN,,MEDIUM,P2,MISSING,,OFFICIAL_FOREIGN_MARKET,Texas Roadhouse nutrition,,,,,,,,,,,,,NONE,HIGH,,,,,,,,,تكساس رودهاوس,Texas Roadhouse,بيانات السوق الأجنبي فقط — تُوسم صراحةً ولا تُقدَّم كقيم سعودية.
QGAP-00786,NEEDS_SOURCE,لم يُعثر على مصدر آلي — يحتاج جلبًا من المصنّع أو كتالوج التجزئة,تكساس رودهاوس - ستيك فيليه,Texas Roadhouse - Filet steak,تكساس رودهاوس,Texas Roadhouse,Texas Roadhouse,RESTAURANT,مطاعم,ستيك,,,KSA,FOREIGN,,MEDIUM,P2,MISSING,,OFFICIAL_FOREIGN_MARKET,Texas Roadhouse nutrition,,,,,,,,,,,,,NONE,HIGH,,,,,,,,,تكساس رودهاوس,Texas Roadhouse,بيانات السوق الأجنبي فقط — تُوسم صراحةً ولا تُقدَّم كقيم سعودية.
QGAP-00787,NEEDS_SOURCE,لم يُعثر على مصدر آلي — يحتاج جلبًا من المصنّع أو كتالوج التجزئة,نandوز - ربع دجاج بيري بيري,Nando's - Quarter chicken peri-peri,نandوز,Nando's,Nando's,RESTAURANT,مطاعم,دجاج مشوي,,,KSA,FOREIGN,,HIGH,P1,MISSING,,OFFICIAL_FOREIGN_MARKET,Nando's UK nutrition,,,,,,,,,,,,,NONE,HIGH,,,,,,,,,نandوز,Nando's,بيانات السوق الأجنبي فقط — تُوسم صراحةً ولا تُقدَّم كقيم سعودية.
QGAP-00788,NEEDS_SOURCE,لم يُعثر على مصدر آلي — يحتاج جلبًا من المصنّع أو كتالوج التجزئة,نandوز - نصف دجاج,Nando's - Half chicken,نandوز,Nando's,Nando's,RESTAURANT,مطاعم,دجاج مشوي,,,KSA,FOREIGN,,HIGH,P1,MISSING,,OFFICIAL_FOREIGN_MARKET,Nando's UK nutrition,,,,,,,,,,,,,NONE,HIGH,,,,,,,,,نandوز,Nando's,بيانات السوق الأجنبي فقط — تُوسم صراحةً ولا تُقدَّم كقيم سعودية.
QGAP-00789,NEEDS_HUMAN_REVIEW,الأصل العام موجود في قِمّة — يُحسم بشريًا إن كان المتغيّر يستحق صفًّا مستقلًا,نandوز - برجر دجاج,Nando's - Chicken burger,نandوز,Nando's,Nando's,RESTAURANT,مطاعم,دجاج مشوي,,,KSA,FOREIGN,,HIGH,P1,EXISTS_GENERIC_ONLY,chicken-burger · برجر دجاج,OFFICIAL_FOREIGN_MARKET,Nando's UK nutrition,,,,,,,,,,,,,NONE,HIGH,,,,,,,,,نandوز,Nando's,بيانات السوق الأجنبي فقط — تُوسم صراحةً ولا تُقدَّم كقيم سعودية.
QGAP-00790,NEEDS_SOURCE,لم يُعثر على مصدر آلي — يحتاج جلبًا من المصنّع أو كتالوج التجزئة,نandوز - رابس,Nando's - Wrap,نandوز,Nando's,Nando's,RESTAURANT,مطاعم,دجاج مشوي,,,KSA,FOREIGN,,HIGH,P1,MISSING,,OFFICIAL_FOREIGN_MARKET,Nando's UK nutrition,,,,,,,,,,,,,NONE,HIGH,,,,,,,,,نandوز,Nando's,بيانات السوق الأجنبي فقط — تُوسم صراحةً ولا تُقدَّم كقيم سعودية.
QGAP-00791,NEEDS_SOURCE,لم يُعثر على مصدر آلي — يحتاج جلبًا من المصنّع أو كتالوج التجزئة,نandوز - أرز سباسي,Nando's - Spicy rice,نandوز,Nando's,Nando's,RESTAURANT,مطاعم,دجاج مشوي,,,KSA,FOREIGN,,HIGH,P1,MISSING,,OFFICIAL_FOREIGN_MARKET,Nando's UK nutrition,,,,,,,,,,,,,NONE,HIGH,,,,,,,,,نandوز,Nando's,بيانات السوق الأجنبي فقط — تُوسم صراحةً ولا تُقدَّم كقيم سعودية.
QGAP-00792,NEEDS_SOURCE,لم يُعثر على مصدر آلي — يحتاج جلبًا من المصنّع أو كتالوج التجزئة,نandوز - ماك أند تشيز,Nando's - Macho peas / mac,نandوز,Nando's,Nando's,RESTAURANT,مطاعم,دجاج مشوي,,,KSA,FOREIGN,,HIGH,P1,MISSING,,OFFICIAL_FOREIGN_MARKET,Nando's UK nutrition,,,,,,,,,,,,,NONE,HIGH,,,,,,,,,نandوز,Nando's,بيانات السوق الأجنبي فقط — تُوسم صراحةً ولا تُقدَّم كقيم سعودية.
QGAP-00793,NEEDS_SOURCE,لم يُعثر على مصدر آلي — يحتاج جلبًا من المصنّع أو كتالوج التجزئة,نandوز - بطاطس بيري بيري,Nando's - Peri-peri chips,نandوز,Nando's,Nando's,RESTAURANT,مطاعم,دجاج مشوي,,,KSA,FOREIGN,,HIGH,P1,MISSING,,OFFICIAL_FOREIGN_MARKET,Nando's UK nutrition,,,,,,,,,,,,,NONE,HIGH,,,,,,,,,نandوز,Nando's,بيانات السوق الأجنبي فقط — تُوسم صراحةً ولا تُقدَّم كقيم سعودية.
QGAP-00794,NEEDS_SOURCE,لم يُعثر على مصدر آلي — يحتاج جلبًا من المصنّع أو كتالوج التجزئة,نandوز - سلطة,Nando's - Salad,نandوز,Nando's,Nando's,RESTAURANT,مطاعم,دجاج مشوي,,,KSA,FOREIGN,,HIGH,P1,MISSING,,OFFICIAL_FOREIGN_MARKET,Nando's UK nutrition,,,,,,,,,,,,,NONE,HIGH,,,,,,,,,نandوز,Nando's,بيانات السوق الأجنبي فقط — تُوسم صراحةً ولا تُقدَّم كقيم سعودية.
QGAP-00795,NEEDS_HUMAN_REVIEW,الأصل العام موجود في قِمّة — يُحسم بشريًا إن كان المتغيّر يستحق صفًّا مستقلًا,كبابجي - شيش طاووق,Kababji - Shish tawook,كبابجي,Kababji,Kababji,RESTAURANT,مطاعم,مشاوي,,,KSA,KSA,,HIGH,P1,EXISTS_GENERIC_ONLY,shish-tawook-meal · شيش طاووق,OFFICIAL_LOCAL_KCAL,Kababji menu (SFDA),,,,,,,,,,,,,NONE,HIGH,,,,,,,,,كبابجي,Kababji,السعرات متاحة رسميًا على قائمة الفرع/التطبيق (إلزام SFDA منذ ١ يوليو ٢٠٢٥). الماكروز غير منشورة — تبقى فارغة.
QGAP-00796,NEEDS_HUMAN_REVIEW,الأصل العام موجود في قِمّة — يُحسم بشريًا إن كان المتغيّر يستحق صفًّا مستقلًا,كبابجي - كباب لحم,Kababji - Lamb kebab,كبابجي,Kababji,Kababji,RESTAURANT,مطاعم,مشاوي,,,KSA,KSA,,HIGH,P1,EXISTS_GENERIC_ONLY,kabab · كباب لحم,OFFICIAL_LOCAL_KCAL,Kababji menu (SFDA),,,,,,,,,,,,,NONE,HIGH,,,,,,,,,كبابجي,Kababji,السعرات متاحة رسميًا على قائمة الفرع/التطبيق (إلزام SFDA منذ ١ يوليو ٢٠٢٥). الماكروز غير منشورة — تبقى فارغة.
QGAP-00797,NEEDS_SOURCE,سعرات رسمية على قائمة الفرع/التطبيق (إلزام SFDA) — تُقرأ يدويًا؛ الماكروز غير منشورة,كبابجي - مشاوي مشكلة,Kababji - Mixed grill,كبابجي,Kababji,Kababji,RESTAURANT,مطاعم,مشاوي,,,KSA,KSA,,HIGH,P1,MISSING,,OFFICIAL_LOCAL_KCAL,Kababji menu (SFDA),,,,,,,,,,,,,NONE,HIGH,,,,,,,,,كبابجي,Kababji,السعرات متاحة رسميًا على قائمة الفرع/التطبيق (إلزام SFDA منذ ١ يوليو ٢٠٢٥). الماكروز غير منشورة — تبقى فارغة.
QGAP-00798,NEEDS_HUMAN_REVIEW,الأصل العام موجود في قِمّة — يُحسم بشريًا إن كان المتغيّر يستحق صفًّا مستقلًا,كبابجي - حمص,Kababji - Hummus,كبابجي,Kababji,Kababji,RESTAURANT,مطاعم,مشاوي,,,KSA,KSA,,HIGH,P1,EXISTS_GENERIC_ONLY,gcc-21 · حمّص بالطحينة,OFFICIAL_LOCAL_KCAL,Kababji menu (SFDA),,,,,,,,,,,,,NONE,HIGH,,,,,,,,,كبابجي,Kababji,السعرات متاحة رسميًا على قائمة الفرع/التطبيق (إلزام SFDA منذ ١ يوليو ٢٠٢٥). الماكروز غير منشورة — تبقى فارغة.
QGAP-00799,NEEDS_SOURCE,سعرات رسمية على قائمة الفرع/التطبيق (إلزام SFDA) — تُقرأ يدويًا؛ الماكروز غير منشورة,كبابجي - متبل,Kababji - Moutabbal,كبابجي,Kababji,Kababji,RESTAURANT,مطاعم,مشاوي,,,KSA,KSA,,HIGH,P1,MISSING,,OFFICIAL_LOCAL_KCAL,Kababji menu (SFDA),,,,,,,,,,,,,NONE,HIGH,,,,,,,,,كبابجي,Kababji,السعرات متاحة رسميًا على قائمة الفرع/التطبيق (إلزام SFDA منذ ١ يوليو ٢٠٢٥). الماكروز غير منشورة — تبقى فارغة.
QGAP-00800,NEEDS_HUMAN_REVIEW,الأصل العام موجود في قِمّة — يُحسم بشريًا إن كان المتغيّر يستحق صفًّا مستقلًا,كبابجي - تبولة,Kababji - Tabbouleh,كبابجي,Kababji,Kababji,RESTAURANT,مطاعم,مشاوي,,,KSA,KSA,,HIGH,P1,EXISTS_GENERIC_ONLY,tabbouleh · تبولة,OFFICIAL_LOCAL_KCAL,Kababji menu (SFDA),,,,,,,,,,,,,NONE,HIGH,,,,,,,,,كبابجي,Kababji,السعرات متاحة رسميًا على قائمة الفرع/التطبيق (إلزام SFDA منذ ١ يوليو ٢٠٢٥). الماكروز غير منشورة — تبقى فارغة.
QGAP-00801,NEEDS_HUMAN_REVIEW,الأصل العام موجود في قِمّة — يُحسم بشريًا إن كان المتغيّر يستحق صفًّا مستقلًا,كبابجي - فتوش,Kababji - Fattoush,كبابجي,Kababji,Kababji,RESTAURANT,مطاعم,مشاوي,,,KSA,KSA,,HIGH,P1,EXISTS_GENERIC_ONLY,fattoush · فتوش,OFFICIAL_LOCAL_KCAL,Kababji menu (SFDA),,,,,,,,,,,,,NONE,HIGH,,,,,,,,,كبابجي,Kababji,السعرات متاحة رسميًا على قائمة الفرع/التطبيق (إلزام SFDA منذ ١ يوليو ٢٠٢٥). الماكروز غير منشورة — تبقى فارغة.
QGAP-00802,NEEDS_SOURCE,سعرات رسمية على قائمة الفرع/التطبيق (إلزام SFDA) — تُقرأ يدويًا؛ الماكروز غير منشورة,كبابجي - كبة,Kababji - Kibbeh,كبابجي,Kababji,Kababji,RESTAURANT,مطاعم,مشاوي,,,KSA,KSA,,HIGH,P1,MISSING,,OFFICIAL_LOCAL_KCAL,Kababji menu (SFDA),,,,,,,,,,,,,NONE,HIGH,,,,,,,,,كبابجي,Kababji,السعرات متاحة رسميًا على قائمة الفرع/التطبيق (إلزام SFDA منذ ١ يوليو ٢٠٢٥). الماكروز غير منشورة — تبقى فارغة.
QGAP-00803,NEEDS_SOURCE,سعرات رسمية على قائمة الفرع/التطبيق (إلزام SFDA) — تُقرأ يدويًا؛ الماكروز غير منشورة,كبابجي - شاورما,Kababji - Shawarma,كبابجي,Kababji,Kababji,RESTAURANT,مطاعم,مشاوي,,,KSA,KSA,,HIGH,P1,MISSING,,OFFICIAL_LOCAL_KCAL,Kababji menu (SFDA),,,,,,,,,,,,,NONE,HIGH,,,,,,,,,كبابجي,Kababji,السعرات متاحة رسميًا على قائمة الفرع/التطبيق (إلزام SFDA منذ ١ يوليو ٢٠٢٥). الماكروز غير منشورة — تبقى فارغة.
QGAP-00804,NEEDS_SOURCE,سعرات رسمية على قائمة الفرع/التطبيق (إلزام SFDA) — تُقرأ يدويًا؛ الماكروز غير منشورة,كبابجي - بطاطس حارة,Kababji - Spicy potato,كبابجي,Kababji,Kababji,RESTAURANT,مطاعم,مشاوي,,,KSA,KSA,,HIGH,P1,MISSING,,OFFICIAL_LOCAL_KCAL,Kababji menu (SFDA),,,,,,,,,,,,,NONE,HIGH,,,,,,,,,كبابجي,Kababji,السعرات متاحة رسميًا على قائمة الفرع/التطبيق (إلزام SFDA منذ ١ يوليو ٢٠٢٥). الماكروز غير منشورة — تبقى فارغة.
QGAP-00805,NEEDS_HUMAN_REVIEW,الأصل العام موجود في قِمّة — يُحسم بشريًا إن كان المتغيّر يستحق صفًّا مستقلًا,زعتر وزيت - مناقيش زعتر,Zaatar w Zeit - Zaatar manakish,زعتر وزيت,Zaatar w Zeit,Zaatar w Zeit,RESTAURANT,مطاعم,فطور,,,KSA,KSA,,HIGH,P1,EXISTS_GENERIC_ONLY,manakish-zaatar · مناقيش زعتر,OFFICIAL_LOCAL_KCAL,Zaatar w Zeit menu (SFDA),,,,,,,,,,,,,NONE,HIGH,,,,,,,,,زعتر وزيت,Zaatar w Zeit,السعرات متاحة رسميًا على قائمة الفرع/التطبيق (إلزام SFDA منذ ١ يوليو ٢٠٢٥). الماكروز غير منشورة — تبقى فارغة.
QGAP-00806,NEEDS_HUMAN_REVIEW,الأصل العام موجود في قِمّة — يُحسم بشريًا إن كان المتغيّر يستحق صفًّا مستقلًا,زعتر وزيت - مناقيش جبن,Zaatar w Zeit - Cheese manakish,زعتر وزيت,Zaatar w Zeit,Zaatar w Zeit,RESTAURANT,مطاعم,فطور,,,KSA,KSA,,HIGH,P1,EXISTS_GENERIC_ONLY,manakish-cheese · مناقيش جبن,OFFICIAL_LOCAL_KCAL,Zaatar w Zeit menu (SFDA),,,,,,,,,,,,,NONE,HIGH,,,,,,,,,زعتر وزيت,Zaatar w Zeit,السعرات متاحة رسميًا على قائمة الفرع/التطبيق (إلزام SFDA منذ ١ يوليو ٢٠٢٥). الماكروز غير منشورة — تبقى فارغة.
QGAP-00807,NEEDS_SOURCE,سعرات رسمية على قائمة الفرع/التطبيق (إلزام SFDA) — تُقرأ يدويًا؛ الماكروز غير منشورة,زعتر وزيت - لحم بعجين,Zaatar w Zeit - Lahm bi ajeen,زعتر وزيت,Zaatar w Zeit,Zaatar w Zeit,RESTAURANT,مطاعم,فطور,,,KSA,KSA,,HIGH,P1,MISSING,,OFFICIAL_LOCAL_KCAL,Zaatar w Zeit menu (SFDA),,,,,,,,,,,,,NONE,HIGH,,,,,,,,,زعتر وزيت,Zaatar w Zeit,السعرات متاحة رسميًا على قائمة الفرع/التطبيق (إلزام SFDA منذ ١ يوليو ٢٠٢٥). الماكروز غير منشورة — تبقى فارغة.
QGAP-00808,NEEDS_SOURCE,سعرات رسمية على قائمة الفرع/التطبيق (إلزام SFDA) — تُقرأ يدويًا؛ الماكروز غير منشورة,زعتر وزيت - فطة حمص,Zaatar w Zeit - Fatteh,زعتر وزيت,Zaatar w Zeit,Zaatar w Zeit,RESTAURANT,مطاعم,فطور,,,KSA,KSA,,HIGH,P1,MISSING,,OFFICIAL_LOCAL_KCAL,Zaatar w Zeit menu (SFDA),,,,,,,,,,,,,NONE,HIGH,,,,,,,,,زعتر وزيت,Zaatar w Zeit,السعرات متاحة رسميًا على قائمة الفرع/التطبيق (إلزام SFDA منذ ١ يوليو ٢٠٢٥). الماكروز غير منشورة — تبقى فارغة.
QGAP-00809,NEEDS_HUMAN_REVIEW,الأصل العام موجود في قِمّة — يُحسم بشريًا إن كان المتغيّر يستحق صفًّا مستقلًا,زعتر وزيت - شكشوكة,Zaatar w Zeit - Shakshouka,زعتر وزيت,Zaatar w Zeit,Zaatar w Zeit,RESTAURANT,مطاعم,فطور,,,KSA,KSA,,HIGH,P1,EXISTS_GENERIC_ONLY,shakshouka · شكشوكة,OFFICIAL_LOCAL_KCAL,Zaatar w Zeit menu (SFDA),,,,,,,,,,,,,NONE,HIGH,,,,,,,,,زعتر وزيت,Zaatar w Zeit,السعرات متاحة رسميًا على قائمة الفرع/التطبيق (إلزام SFDA منذ ١ يوليو ٢٠٢٥). الماكروز غير منشورة — تبقى فارغة.
QGAP-00810,NEEDS_SOURCE,سعرات رسمية على قائمة الفرع/التطبيق (إلزام SFDA) — تُقرأ يدويًا؛ الماكروز غير منشورة,زعتر وزيت - عجة,Zaatar w Zeit - Ejjeh omelette,زعتر وزيت,Zaatar w Zeit,Zaatar w Zeit,RESTAURANT,مطاعم,فطور,,,KSA,KSA,,HIGH,P1,MISSING,,OFFICIAL_LOCAL_KCAL,Zaatar w Zeit menu (SFDA),,,,,,,,,,,,,NONE,HIGH,,,,,,,,,زعتر وزيت,Zaatar w Zeit,السعرات متاحة رسميًا على قائمة الفرع/التطبيق (إلزام SFDA منذ ١ يوليو ٢٠٢٥). الماكروز غير منشورة — تبقى فارغة.
QGAP-00811,NEEDS_SOURCE,سعرات رسمية على قائمة الفرع/التطبيق (إلزام SFDA) — تُقرأ يدويًا؛ الماكروز غير منشورة,زعتر وزيت - ساندويتش حلوم,Zaatar w Zeit - Halloumi sandwich,زعتر وزيت,Zaatar w Zeit,Zaatar w Zeit,RESTAURANT,مطاعم,فطور,,,KSA,KSA,,HIGH,P1,MISSING,,OFFICIAL_LOCAL_KCAL,Zaatar w Zeit menu (SFDA),,,,,,,,,,,,,NONE,HIGH,,,,,,,,,زعتر وزيت,Zaatar w Zeit,السعرات متاحة رسميًا على قائمة الفرع/التطبيق (إلزام SFDA منذ ١ يوليو ٢٠٢٥). الماكروز غير منشورة — تبقى فارغة.
QGAP-00812,NEEDS_SOURCE,سعرات رسمية على قائمة الفرع/التطبيق (إلزام SFDA) — تُقرأ يدويًا؛ الماكروز غير منشورة,زعتر وزيت - لبنة وزعتر,Zaatar w Zeit - Labneh and zaatar,زعتر وزيت,Zaatar w Zeit,Zaatar w Zeit,RESTAURANT,مطاعم,فطور,,,KSA,KSA,,HIGH,P1,MISSING,,OFFICIAL_LOCAL_KCAL,Zaatar w Zeit menu (SFDA),,,,,,,,,,,,,NONE,HIGH,,,,,,,,,زعتر وزيت,Zaatar w Zeit,السعرات متاحة رسميًا على قائمة الفرع/التطبيق (إلزام SFDA منذ ١ يوليو ٢٠٢٥). الماكروز غير منشورة — تبقى فارغة.
QGAP-00813,NEEDS_SOURCE,سعرات رسمية على قائمة الفرع/التطبيق (إلزام SFDA) — تُقرأ يدويًا؛ الماكروز غير منشورة,زعتر وزيت - فول,Zaatar w Zeit - Foul,زعتر وزيت,Zaatar w Zeit,Zaatar w Zeit,RESTAURANT,مطاعم,فطور,,,KSA,KSA,,HIGH,P1,MISSING,,OFFICIAL_LOCAL_KCAL,Zaatar w Zeit menu (SFDA),,,,,,,,,,,,,NONE,HIGH,,,,,,,,,زعتر وزيت,Zaatar w Zeit,السعرات متاحة رسميًا على قائمة الفرع/التطبيق (إلزام SFDA منذ ١ يوليو ٢٠٢٥). الماكروز غير منشورة — تبقى فارغة.
QGAP-00814,NEEDS_HUMAN_REVIEW,الأصل العام موجود في قِمّة — يُحسم بشريًا إن كان المتغيّر يستحق صفًّا مستقلًا,زعتر وزيت - عصير ليمون نعناع,Zaatar w Zeit - Lemonade with mint,زعتر وزيت,Zaatar w Zeit,Zaatar w Zeit,RESTAURANT,مطاعم,فطور,,,KSA,KSA,,HIGH,P1,EXISTS_GENERIC_ONLY,lemon-mint · ليمون نعناع,OFFICIAL_LOCAL_KCAL,Zaatar w Zeit menu (SFDA),,,,,,,,,,,,,NONE,HIGH,,,,,,,,,زعتر وزيت,Zaatar w Zeit,السعرات متاحة رسميًا على قائمة الفرع/التطبيق (إلزام SFDA منذ ١ يوليو ٢٠٢٥). الماكروز غير منشورة — تبقى فارغة.
QGAP-00815,NEEDS_HUMAN_REVIEW,الأصل العام موجود في قِمّة — يُحسم بشريًا إن كان المتغيّر يستحق صفًّا مستقلًا,بول - كرواسون بالزبدة,Paul - Butter croissant,بول,Paul,Paul,RESTAURANT,مطاعم,مخبوزات,,,KSA,KSA,,MEDIUM,P2,EXISTS_GENERIC_ONLY,croissant · كرواسون,OFFICIAL_LOCAL_KCAL,Paul KSA menu (SFDA),,,,,,,,,,,,,NONE,HIGH,,,,,,,,,بول,Paul,السعرات متاحة رسميًا على قائمة الفرع/التطبيق (إلزام SFDA منذ ١ يوليو ٢٠٢٥). الماكروز غير منشورة — تبقى فارغة.
QGAP-00816,NEEDS_SOURCE,سعرات رسمية على قائمة الفرع/التطبيق (إلزام SFDA) — تُقرأ يدويًا؛ الماكروز غير منشورة,بول - بان أو شوكولا,Paul - Pain au chocolat,بول,Paul,Paul,RESTAURANT,مطاعم,مخبوزات,,,KSA,KSA,,MEDIUM,P2,MISSING,,OFFICIAL_LOCAL_KCAL,Paul KSA menu (SFDA),,,,,,,,,,,,,NONE,HIGH,,,,,,,,,بول,Paul,السعرات متاحة رسميًا على قائمة الفرع/التطبيق (إلزام SFDA منذ ١ يوليو ٢٠٢٥). الماكروز غير منشورة — تبقى فارغة.
QGAP-00817,NEEDS_SOURCE,سعرات رسمية على قائمة الفرع/التطبيق (إلزام SFDA) — تُقرأ يدويًا؛ الماكروز غير منشورة,بول - كيش لورين,Paul - Quiche Lorraine,بول,Paul,Paul,RESTAURANT,مطاعم,مخبوزات,,,KSA,KSA,,MEDIUM,P2,MISSING,,OFFICIAL_LOCAL_KCAL,Paul KSA menu (SFDA),,,,,,,,,,,,,NONE,HIGH,,,,,,,,,بول,Paul,السعرات متاحة رسميًا على قائمة الفرع/التطبيق (إلزام SFDA منذ ١ يوليو ٢٠٢٥). الماكروز غير منشورة — تبقى فارغة.
QGAP-00818,NEEDS_SOURCE,سعرات رسمية على قائمة الفرع/التطبيق (إلزام SFDA) — تُقرأ يدويًا؛ الماكروز غير منشورة,بول - ساندويتش بولي,Paul - Poulet sandwich,بول,Paul,Paul,RESTAURANT,مطاعم,مخبوزات,,,KSA,KSA,,MEDIUM,P2,MISSING,,OFFICIAL_LOCAL_KCAL,Paul KSA menu (SFDA),,,,,,,,,,,,,NONE,HIGH,,,,,,,,,بول,Paul,السعرات متاحة رسميًا على قائمة الفرع/التطبيق (إلزام SFDA منذ ١ يوليو ٢٠٢٥). الماكروز غير منشورة — تبقى فارغة.
QGAP-00819,NEEDS_SOURCE,سعرات رسمية على قائمة الفرع/التطبيق (إلزام SFDA) — تُقرأ يدويًا؛ الماكروز غير منشورة,بول - إكلير,Paul - Eclair,بول,Paul,Paul,RESTAURANT,مطاعم,مخبوزات,,,KSA,KSA,,MEDIUM,P2,MISSING,,OFFICIAL_LOCAL_KCAL,Paul KSA menu (SFDA),,,,,,,,,,,,,NONE,HIGH,,,,,,,,,بول,Paul,السعرات متاحة رسميًا على قائمة الفرع/التطبيق (إلزام SFDA منذ ١ يوليو ٢٠٢٥). الماكروز غير منشورة — تبقى فارغة.
QGAP-00820,NEEDS_SOURCE,سعرات رسمية على قائمة الفرع/التطبيق (إلزام SFDA) — تُقرأ يدويًا؛ الماكروز غير منشورة,بول - ماكارون,Paul - Macaron,بول,Paul,Paul,RESTAURANT,مطاعم,مخبوزات,,,KSA,KSA,,MEDIUM,P2,MISSING,,OFFICIAL_LOCAL_KCAL,Paul KSA menu (SFDA),,,,,,,,,,,,,NONE,HIGH,,,,,,,,,بول,Paul,السعرات متاحة رسميًا على قائمة الفرع/التطبيق (إلزام SFDA منذ ١ يوليو ٢٠٢٥). الماكروز غير منشورة — تبقى فارغة.
QGAP-00821,NEEDS_SOURCE,سعرات رسمية على قائمة الفرع/التطبيق (إلزام SFDA) — تُقرأ يدويًا؛ الماكروز غير منشورة,بول - تارت فواكه,Paul - Fruit tart,بول,Paul,Paul,RESTAURANT,مطاعم,مخبوزات,,,KSA,KSA,,MEDIUM,P2,MISSING,,OFFICIAL_LOCAL_KCAL,Paul KSA menu (SFDA),,,,,,,,,,,,,NONE,HIGH,,,,,,,,,بول,Paul,السعرات متاحة رسميًا على قائمة الفرع/التطبيق (إلزام SFDA منذ ١ يوليو ٢٠٢٥). الماكروز غير منشورة — تبقى فارغة.
QGAP-00822,NEEDS_SOURCE,سعرات رسمية على قائمة الفرع/التطبيق (إلزام SFDA) — تُقرأ يدويًا؛ الماكروز غير منشورة,بول - باغيت,Paul - Baguette,بول,Paul,Paul,RESTAURANT,مطاعم,مخبوزات,,,KSA,KSA,,MEDIUM,P2,MISSING,,OFFICIAL_LOCAL_KCAL,Paul KSA menu (SFDA),,,,,,,,,,,,,NONE,HIGH,,,,,,,,,بول,Paul,السعرات متاحة رسميًا على قائمة الفرع/التطبيق (إلزام SFDA منذ ١ يوليو ٢٠٢٥). الماكروز غير منشورة — تبقى فارغة.
QGAP-00823,NEEDS_SOURCE,سعرات رسمية على قائمة الفرع/التطبيق (إلزام SFDA) — تُقرأ يدويًا؛ الماكروز غير منشورة,سومو سوشي - رول كاليفورنيا,Sumo Sushi - California roll,سومو سوشي,Sumo Sushi,Sumo Sushi,RESTAURANT,مطاعم,آسيوي,,,KSA,KSA,,MEDIUM,P2,MISSING,,OFFICIAL_LOCAL_KCAL,Sumo Sushi menu (SFDA),,,,,,,,,,,,,NONE,HIGH,,,,,,,,,سومو سوشي,Sumo Sushi,السعرات متاحة رسميًا على قائمة الفرع/التطبيق (إلزام SFDA منذ ١ يوليو ٢٠٢٥). الماكروز غير منشورة — تبقى فارغة.
QGAP-00824,NEEDS_SOURCE,سعرات رسمية على قائمة الفرع/التطبيق (إلزام SFDA) — تُقرأ يدويًا؛ الماكروز غير منشورة,سومو سوشي - رول سالمون,Sumo Sushi - Salmon roll,سومو سوشي,Sumo Sushi,Sumo Sushi,RESTAURANT,مطاعم,آسيوي,,,KSA,KSA,,MEDIUM,P2,MISSING,,OFFICIAL_LOCAL_KCAL,Sumo Sushi menu (SFDA),,,,,,,,,,,,,NONE,HIGH,,,,,,,,,سومو سوشي,Sumo Sushi,السعرات متاحة رسميًا على قائمة الفرع/التطبيق (إلزام SFDA منذ ١ يوليو ٢٠٢٥). الماكروز غير منشورة — تبقى فارغة.
QGAP-00825,NEEDS_SOURCE,سعرات رسمية على قائمة الفرع/التطبيق (إلزام SFDA) — تُقرأ يدويًا؛ الماكروز غير منشورة,سومو سوشي - ساشيمي,Sumo Sushi - Sashimi,سومو سوشي,Sumo Sushi,Sumo Sushi,RESTAURANT,مطاعم,آسيوي,,,KSA,KSA,,MEDIUM,P2,MISSING,,OFFICIAL_LOCAL_KCAL,Sumo Sushi menu (SFDA),,,,,,,,,,,,,NONE,HIGH,,,,,,,,,سومو سوشي,Sumo Sushi,السعرات متاحة رسميًا على قائمة الفرع/التطبيق (إلزام SFDA منذ ١ يوليو ٢٠٢٥). الماكروز غير منشورة — تبقى فارغة.
QGAP-00826,NEEDS_SOURCE,سعرات رسمية على قائمة الفرع/التطبيق (إلزام SFDA) — تُقرأ يدويًا؛ الماكروز غير منشورة,سومو سوشي - تمبورا روبيان,Sumo Sushi - Shrimp tempura,سومو سوشي,Sumo Sushi,Sumo Sushi,RESTAURANT,مطاعم,آسيوي,,,KSA,KSA,,MEDIUM,P2,MISSING,,OFFICIAL_LOCAL_KCAL,Sumo Sushi menu (SFDA),,,,,,,,,,,,,NONE,HIGH,,,,,,,,,سومو سوشي,Sumo Sushi,السعرات متاحة رسميًا على قائمة الفرع/التطبيق (إلزام SFDA منذ ١ يوليو ٢٠٢٥). الماكروز غير منشورة — تبقى فارغة.
QGAP-00827,NEEDS_SOURCE,سعرات رسمية على قائمة الفرع/التطبيق (إلزام SFDA) — تُقرأ يدويًا؛ الماكروز غير منشورة,سومو سوشي - رامن,Sumo Sushi - Ramen,سومو سوشي,Sumo Sushi,Sumo Sushi,RESTAURANT,مطاعم,آسيوي,,,KSA,KSA,,MEDIUM,P2,MISSING,,OFFICIAL_LOCAL_KCAL,Sumo Sushi menu (SFDA),,,,,,,,,,,,,NONE,HIGH,,,,,,,,,سومو سوشي,Sumo Sushi,السعرات متاحة رسميًا على قائمة الفرع/التطبيق (إلزام SFDA منذ ١ يوليو ٢٠٢٥). الماكروز غير منشورة — تبقى فارغة.
QGAP-00828,NEEDS_SOURCE,سعرات رسمية على قائمة الفرع/التطبيق (إلزام SFDA) — تُقرأ يدويًا؛ الماكروز غير منشورة,سومو سوشي - ياكي نودلز,Sumo Sushi - Yaki noodles,سومو سوشي,Sumo Sushi,Sumo Sushi,RESTAURANT,مطاعم,آسيوي,,,KSA,KSA,,MEDIUM,P2,MISSING,,OFFICIAL_LOCAL_KCAL,Sumo Sushi menu (SFDA),,,,,,,,,,,,,NONE,HIGH,,,,,,,,,سومو سوشي,Sumo Sushi,السعرات متاحة رسميًا على قائمة الفرع/التطبيق (إلزام SFDA منذ ١ يوليو ٢٠٢٥). الماكروز غير منشورة — تبقى فارغة.
QGAP-00829,NEEDS_SOURCE,سعرات رسمية على قائمة الفرع/التطبيق (إلزام SFDA) — تُقرأ يدويًا؛ الماكروز غير منشورة,سومو سوشي - ميسو سوب,Sumo Sushi - Miso soup,سومو سوشي,Sumo Sushi,Sumo Sushi,RESTAURANT,مطاعم,آسيوي,,,KSA,KSA,,MEDIUM,P2,MISSING,,OFFICIAL_LOCAL_KCAL,Sumo Sushi menu (SFDA),,,,,,,,,,,,,NONE,HIGH,,,,,,,,,سومو سوشي,Sumo Sushi,السعرات متاحة رسميًا على قائمة الفرع/التطبيق (إلزام SFDA منذ ١ يوليو ٢٠٢٥). الماكروز غير منشورة — تبقى فارغة.
QGAP-00830,NEEDS_SOURCE,سعرات رسمية على قائمة الفرع/التطبيق (إلزام SFDA) — تُقرأ يدويًا؛ الماكروز غير منشورة,سومو سوشي - إيدامامي,Sumo Sushi - Edamame,سومو سوشي,Sumo Sushi,Sumo Sushi,RESTAURANT,مطاعم,آسيوي,,,KSA,KSA,,MEDIUM,P2,MISSING,,OFFICIAL_LOCAL_KCAL,Sumo Sushi menu (SFDA),,,,,,,,,,,,,NONE,HIGH,,,,,,,,,سومو سوشي,Sumo Sushi,السعرات متاحة رسميًا على قائمة الفرع/التطبيق (إلزام SFDA منذ ١ يوليو ٢٠٢٥). الماكروز غير منشورة — تبقى فارغة.
QGAP-00831,NEEDS_SOURCE,لم يُعثر على مصدر آلي — يحتاج جلبًا من المصنّع أو كتالوج التجزئة,كالو - وجبة دجاج مشوي مع أرز بني,Calo - Grilled chicken with brown rice,كالو,Calo,Calo,RESTAURANT,مطاعم,وجبات صحية,,,KSA,KSA,,VERY_HIGH,P0,MISSING,,OFFICIAL_LOCAL,Calo app — ينشر ماكروز كاملة لكل وجبة,,,,,,,,,,,,,NONE,HIGH,,,,,,,,,كالو,Calo,
QGAP-00832,NEEDS_SOURCE,لم يُعثر على مصدر آلي — يحتاج جلبًا من المصنّع أو كتالوج التجزئة,كالو - وجبة سلمون,Calo - Salmon meal,كالو,Calo,Calo,RESTAURANT,مطاعم,وجبات صحية,,,KSA,KSA,,VERY_HIGH,P0,MISSING,,OFFICIAL_LOCAL,Calo app — ينشر ماكروز كاملة لكل وجبة,,,,,,,,,,,,,NONE,HIGH,,,,,,,,,كالو,Calo,
QGAP-00833,NEEDS_HUMAN_REVIEW,الأصل العام موجود في قِمّة — يُحسم بشريًا إن كان المتغيّر يستحق صفًّا مستقلًا,كالو - وجبة لحم مع بطاطا,Calo - Beef with sweet potato,كالو,Calo,Calo,RESTAURANT,مطاعم,وجبات صحية,,,KSA,KSA,,VERY_HIGH,P0,EXISTS_GENERIC_ONLY,sweet-potato · بطاطا حلوة,OFFICIAL_LOCAL,Calo app — ينشر ماكروز كاملة لكل وجبة,,,,,,,,,,,,,NONE,HIGH,,,,,,,,,كالو,Calo,
QGAP-00834,NEEDS_SOURCE,لم يُعثر على مصدر آلي — يحتاج جلبًا من المصنّع أو كتالوج التجزئة,كالو - فطور بروتين,Calo - Protein breakfast,كالو,Calo,Calo,RESTAURANT,مطاعم,وجبات صحية,,,KSA,KSA,,VERY_HIGH,P0,MISSING,,OFFICIAL_LOCAL,Calo app — ينشر ماكروز كاملة لكل وجبة,,,,,,,,,,,,,NONE,HIGH,,,,,,,,,كالو,Calo,
QGAP-00835,NEEDS_SOURCE,لم يُعثر على مصدر آلي — يحتاج جلبًا من المصنّع أو كتالوج التجزئة,كالو - سلطة دجاج سيزر,Calo - Chicken Caesar salad,كالو,Calo,Calo,RESTAURANT,مطاعم,وجبات صحية,,,KSA,KSA,,VERY_HIGH,P0,MISSING,,OFFICIAL_LOCAL,Calo app — ينشر ماكروز كاملة لكل وجبة,,,,,,,,,,,,,NONE,HIGH,,,,,,,,,كالو,Calo,
QGAP-00836,NEEDS_SOURCE,لم يُعثر على مصدر آلي — يحتاج جلبًا من المصنّع أو كتالوج التجزئة,كالو - وجبة باستا دجاج,Calo - Chicken pasta meal,كالو,Calo,Calo,RESTAURANT,مطاعم,وجبات صحية,,,KSA,KSA,,VERY_HIGH,P0,MISSING,,OFFICIAL_LOCAL,Calo app — ينشر ماكروز كاملة لكل وجبة,,,,,,,,,,,,,NONE,HIGH,,,,,,,,,كالو,Calo,
QGAP-00837,NEEDS_SOURCE,لم يُعثر على مصدر آلي — يحتاج جلبًا من المصنّع أو كتالوج التجزئة,كالو - سناك بروتين,Calo - Protein snack,كالو,Calo,Calo,RESTAURANT,مطاعم,وجبات صحية,,,KSA,KSA,,VERY_HIGH,P0,MISSING,,OFFICIAL_LOCAL,Calo app — ينشر ماكروز كاملة لكل وجبة,,,,,,,,,,,,,NONE,HIGH,,,,,,,,,كالو,Calo,
QGAP-00838,NEEDS_SOURCE,لم يُعثر على مصدر آلي — يحتاج جلبًا من المصنّع أو كتالوج التجزئة,كالو - أوفر نايت أوتس,Calo - Overnight oats,كالو,Calo,Calo,RESTAURANT,مطاعم,وجبات صحية,,,KSA,KSA,,VERY_HIGH,P0,MISSING,,OFFICIAL_LOCAL,Calo app — ينشر ماكروز كاملة لكل وجبة,,,,,,,,,,,,,NONE,HIGH,,,,,,,,,كالو,Calo,
QGAP-00839,NEEDS_SOURCE,لم يُعثر على مصدر آلي — يحتاج جلبًا من المصنّع أو كتالوج التجزئة,كالو - وجبة نباتية,Calo - Vegetarian meal,كالو,Calo,Calo,RESTAURANT,مطاعم,وجبات صحية,,,KSA,KSA,,VERY_HIGH,P0,MISSING,,OFFICIAL_LOCAL,Calo app — ينشر ماكروز كاملة لكل وجبة,,,,,,,,,,,,,NONE,HIGH,,,,,,,,,كالو,Calo,
QGAP-00840,NEEDS_SOURCE,لم يُعثر على مصدر آلي — يحتاج جلبًا من المصنّع أو كتالوج التجزئة,كالو - وجبة كبسة صحية,Calo - Healthy kabsa meal,كالو,Calo,Calo,RESTAURANT,مطاعم,وجبات صحية,,,KSA,KSA,,VERY_HIGH,P0,MISSING,,OFFICIAL_LOCAL,Calo app — ينشر ماكروز كاملة لكل وجبة,,,,,,,,,,,,,NONE,HIGH,,,,,,,,,كالو,Calo,
QGAP-00841,NEEDS_HUMAN_REVIEW,الأصل العام موجود في قِمّة — يُحسم بشريًا إن كان المتغيّر يستحق صفًّا مستقلًا,رايت بايت - وجبة دجاج مشوي,Right Bite - Grilled chicken meal,رايت بايت,Right Bite,Right Bite,RESTAURANT,مطاعم,وجبات صحية,,,KSA,KSA,,HIGH,P1,EXISTS_GENERIC_ONLY,grilled-chicken-meal · دجاج مشوي وجبة مطعم,OFFICIAL_LOCAL,Right Bite — ماكروز كاملة,,,,,,,,,,,,,NONE,HIGH,,,,,,,,,رايت بايت,Right Bite,
QGAP-00842,NEEDS_SOURCE,لم يُعثر على مصدر آلي — يحتاج جلبًا من المصنّع أو كتالوج التجزئة,رايت بايت - سلطة كينوا,Right Bite - Quinoa salad,رايت بايت,Right Bite,Right Bite,RESTAURANT,مطاعم,وجبات صحية,,,KSA,KSA,,HIGH,P1,MISSING,,OFFICIAL_LOCAL,Right Bite — ماكروز كاملة,,,,,,,,,,,,,NONE,HIGH,,,,,,,,,رايت بايت,Right Bite,
QGAP-00843,NEEDS_SOURCE,لم يُعثر على مصدر آلي — يحتاج جلبًا من المصنّع أو كتالوج التجزئة,رايت بايت - وجبة سمك,Right Bite - Fish meal,رايت بايت,Right Bite,Right Bite,RESTAURANT,مطاعم,وجبات صحية,,,KSA,KSA,,HIGH,P1,MISSING,,OFFICIAL_LOCAL,Right Bite — ماكروز كاملة,,,,,,,,,,,,,NONE,HIGH,,,,,,,,,رايت بايت,Right Bite,
QGAP-00844,NEEDS_SOURCE,لم يُعثر على مصدر آلي — يحتاج جلبًا من المصنّع أو كتالوج التجزئة,رايت بايت - فطور صحي,Right Bite - Healthy breakfast,رايت بايت,Right Bite,Right Bite,RESTAURANT,مطاعم,وجبات صحية,,,KSA,KSA,,HIGH,P1,MISSING,,OFFICIAL_LOCAL,Right Bite — ماكروز كاملة,,,,,,,,,,,,,NONE,HIGH,,,,,,,,,رايت بايت,Right Bite,
QGAP-00845,NEEDS_SOURCE,لم يُعثر على مصدر آلي — يحتاج جلبًا من المصنّع أو كتالوج التجزئة,رايت بايت - سناك,Right Bite - Snack box,رايت بايت,Right Bite,Right Bite,RESTAURANT,مطاعم,وجبات صحية,,,KSA,KSA,,HIGH,P1,MISSING,,OFFICIAL_LOCAL,Right Bite — ماكروز كاملة,,,,,,,,,,,,,NONE,HIGH,,,,,,,,,رايت بايت,Right Bite,
QGAP-00846,NEEDS_SOURCE,لم يُعثر على مصدر آلي — يحتاج جلبًا من المصنّع أو كتالوج التجزئة,رايت بايت - سموذي بروتين,Right Bite - Protein smoothie,رايت بايت,Right Bite,Right Bite,RESTAURANT,مطاعم,وجبات صحية,,,KSA,KSA,,HIGH,P1,MISSING,,OFFICIAL_LOCAL,Right Bite — ماكروز كاملة,,,,,,,,,,,,,NONE,HIGH,,,,,,,,,رايت بايت,Right Bite,
QGAP-00847,NEEDS_SOURCE,لم يُعثر على مصدر آلي — يحتاج جلبًا من المصنّع أو كتالوج التجزئة,دايت سنتر - وجبة دجاج,Diet Center - Chicken meal,دايت سنتر,Diet Center,Diet Center,RESTAURANT,مطاعم,وجبات صحية,,,KSA,KSA,,HIGH,P1,MISSING,,OFFICIAL_LOCAL,Diet Center — ماكروز كاملة,,,,,,,,,,,,,NONE,HIGH,,,,,,,,,دايت سنتر,Diet Center,
QGAP-00848,NEEDS_SOURCE,لم يُعثر على مصدر آلي — يحتاج جلبًا من المصنّع أو كتالوج التجزئة,دايت سنتر - وجبة لحم,Diet Center - Beef meal,دايت سنتر,Diet Center,Diet Center,RESTAURANT,مطاعم,وجبات صحية,,,KSA,KSA,,HIGH,P1,MISSING,,OFFICIAL_LOCAL,Diet Center — ماكروز كاملة,,,,,,,,,,,,,NONE,HIGH,,,,,,,,,دايت سنتر,Diet Center,
QGAP-00849,NEEDS_SOURCE,لم يُعثر على مصدر آلي — يحتاج جلبًا من المصنّع أو كتالوج التجزئة,دايت سنتر - فطور,Diet Center - Breakfast,دايت سنتر,Diet Center,Diet Center,RESTAURANT,مطاعم,وجبات صحية,,,KSA,KSA,,HIGH,P1,MISSING,,OFFICIAL_LOCAL,Diet Center — ماكروز كاملة,,,,,,,,,,,,,NONE,HIGH,,,,,,,,,دايت سنتر,Diet Center,
QGAP-00850,NEEDS_SOURCE,لم يُعثر على مصدر آلي — يحتاج جلبًا من المصنّع أو كتالوج التجزئة,دايت سنتر - سلطة,Diet Center - Salad,دايت سنتر,Diet Center,Diet Center,RESTAURANT,مطاعم,وجبات صحية,,,KSA,KSA,,HIGH,P1,MISSING,,OFFICIAL_LOCAL,Diet Center — ماكروز كاملة,,,,,,,,,,,,,NONE,HIGH,,,,,,,,,دايت سنتر,Diet Center,
QGAP-00851,NEEDS_SOURCE,لم يُعثر على مصدر آلي — يحتاج جلبًا من المصنّع أو كتالوج التجزئة,دايت سنتر - حلى دايت,Diet Center - Diet dessert,دايت سنتر,Diet Center,Diet Center,RESTAURANT,مطاعم,وجبات صحية,,,KSA,KSA,,HIGH,P1,MISSING,,OFFICIAL_LOCAL,Diet Center — ماكروز كاملة,,,,,,,,,,,,,NONE,HIGH,,,,,,,,,دايت سنتر,Diet Center,
QGAP-00852,NEEDS_SOURCE,لم يُعثر على مصدر آلي — يحتاج جلبًا من المصنّع أو كتالوج التجزئة,كيلو كال - وجبة دجاج,Kcal - Chicken meal,كيلو كال,Kcal,Kcal,RESTAURANT,مطاعم,وجبات صحية,,,KSA,KSA,,MEDIUM,P2,MISSING,,OFFICIAL_LOCAL,Kcal — ماكروز كاملة,,,,,,,,,,,,,NONE,HIGH,,,,,,,,,كيلو كال,Kcal,
QGAP-00853,NEEDS_SOURCE,لم يُعثر على مصدر آلي — يحتاج جلبًا من المصنّع أو كتالوج التجزئة,كيلو كال - وجبة سمك,Kcal - Fish meal,كيلو كال,Kcal,Kcal,RESTAURANT,مطاعم,وجبات صحية,,,KSA,KSA,,MEDIUM,P2,MISSING,,OFFICIAL_LOCAL,Kcal — ماكروز كاملة,,,,,,,,,,,,,NONE,HIGH,,,,,,,,,كيلو كال,Kcal,
QGAP-00854,NEEDS_SOURCE,لم يُعثر على مصدر آلي — يحتاج جلبًا من المصنّع أو كتالوج التجزئة,كيلو كال - برجر صحي,Kcal - Healthy burger,كيلو كال,Kcal,Kcal,RESTAURANT,مطاعم,وجبات صحية,,,KSA,KSA,,MEDIUM,P2,MISSING,,OFFICIAL_LOCAL,Kcal — ماكروز كاملة,,,,,,,,,,,,,NONE,HIGH,,,,,,,,,كيلو كال,Kcal,
QGAP-00855,NEEDS_SOURCE,لم يُعثر على مصدر آلي — يحتاج جلبًا من المصنّع أو كتالوج التجزئة,كيلو كال - سلطة,Kcal - Salad,كيلو كال,Kcal,Kcal,RESTAURANT,مطاعم,وجبات صحية,,,KSA,KSA,,MEDIUM,P2,MISSING,,OFFICIAL_LOCAL,Kcal — ماكروز كاملة,,,,,,,,,,,,,NONE,HIGH,,,,,,,,,كيلو كال,Kcal,
QGAP-00856,NEEDS_SOURCE,سعرات رسمية على قائمة الفرع/التطبيق (إلزام SFDA) — تُقرأ يدويًا؛ الماكروز غير منشورة,بيت الشاورما - نصف دجاج مشوي,Shawaya House - Half grilled chicken,بيت الشاورما,Shawaya House,Shawaya House,RESTAURANT,مطاعم,مشاوي,,,KSA,KSA,,HIGH,P1,MISSING,,OFFICIAL_LOCAL_KCAL,Shawaya House menu (SFDA),,,,,,,,,,,,,NONE,HIGH,,,,,,,,,بيت الشاورما,Shawaya House,السعرات متاحة رسميًا على قائمة الفرع/التطبيق (إلزام SFDA منذ ١ يوليو ٢٠٢٥). الماكروز غير منشورة — تبقى فارغة.
QGAP-00857,NEEDS_HUMAN_REVIEW,الأصل العام موجود في قِمّة — يُحسم بشريًا إن كان المتغيّر يستحق صفًّا مستقلًا,بيت الشاورما - شاورما دجاج,Shawaya House - Chicken shawarma,بيت الشاورما,Shawaya House,Shawaya House,RESTAURANT,مطاعم,مشاوي,,,KSA,KSA,,HIGH,P1,EXISTS_GENERIC_ONLY,shawarma-chicken · شاورما دجاج,OFFICIAL_LOCAL_KCAL,Shawaya House menu (SFDA),,,,,,,,,,,,,NONE,HIGH,,,,,,,,,بيت الشاورما,Shawaya House,السعرات متاحة رسميًا على قائمة الفرع/التطبيق (إلزام SFDA منذ ١ يوليو ٢٠٢٥). الماكروز غير منشورة — تبقى فارغة.
QGAP-00858,NEEDS_SOURCE,سعرات رسمية على قائمة الفرع/التطبيق (إلزام SFDA) — تُقرأ يدويًا؛ الماكروز غير منشورة,بيت الشاورما - مشاوي مشكلة,Shawaya House - Mixed grill,بيت الشاورما,Shawaya House,Shawaya House,RESTAURANT,مطاعم,مشاوي,,,KSA,KSA,,HIGH,P1,MISSING,,OFFICIAL_LOCAL_KCAL,Shawaya House menu (SFDA),,,,,,,,,,,,,NONE,HIGH,,,,,,,,,بيت الشاورما,Shawaya House,السعرات متاحة رسميًا على قائمة الفرع/التطبيق (إلزام SFDA منذ ١ يوليو ٢٠٢٥). الماكروز غير منشورة — تبقى فارغة.
QGAP-00859,NEEDS_SOURCE,سعرات رسمية على قائمة الفرع/التطبيق (إلزام SFDA) — تُقرأ يدويًا؛ الماكروز غير منشورة,بيت الشاورما - كبدة,Shawaya House - Liver,بيت الشاورما,Shawaya House,Shawaya House,RESTAURANT,مطاعم,مشاوي,,,KSA,KSA,,HIGH,P1,MISSING,,OFFICIAL_LOCAL_KCAL,Shawaya House menu (SFDA),,,,,,,,,,,,,NONE,HIGH,,,,,,,,,بيت الشاورما,Shawaya House,السعرات متاحة رسميًا على قائمة الفرع/التطبيق (إلزام SFDA منذ ١ يوليو ٢٠٢٥). الماكروز غير منشورة — تبقى فارغة.
QGAP-00860,NEEDS_SOURCE,سعرات رسمية على قائمة الفرع/التطبيق (إلزام SFDA) — تُقرأ يدويًا؛ الماكروز غير منشورة,بيت الشاورما - أرز,Shawaya House - Rice,بيت الشاورما,Shawaya House,Shawaya House,RESTAURANT,مطاعم,مشاوي,,,KSA,KSA,,HIGH,P1,MISSING,,OFFICIAL_LOCAL_KCAL,Shawaya House menu (SFDA),,,,,,,,,,,,,NONE,HIGH,,,,,,,,,بيت الشاورما,Shawaya House,السعرات متاحة رسميًا على قائمة الفرع/التطبيق (إلزام SFDA منذ ١ يوليو ٢٠٢٥). الماكروز غير منشورة — تبقى فارغة.
QGAP-00861,NEEDS_SOURCE,سعرات رسمية على قائمة الفرع/التطبيق (إلزام SFDA) — تُقرأ يدويًا؛ الماكروز غير منشورة,بيت الشاورما - سلطة,Shawaya House - Salad,بيت الشاورما,Shawaya House,Shawaya House,RESTAURANT,مطاعم,مشاوي,,,KSA,KSA,,HIGH,P1,MISSING,,OFFICIAL_LOCAL_KCAL,Shawaya House menu (SFDA),,,,,,,,,,,,,NONE,HIGH,,,,,,,,,بيت الشاورما,Shawaya House,السعرات متاحة رسميًا على قائمة الفرع/التطبيق (إلزام SFDA منذ ١ يوليو ٢٠٢٥). الماكروز غير منشورة — تبقى فارغة.
QGAP-00862,NEEDS_SOURCE,سعرات رسمية على قائمة الفرع/التطبيق (إلزام SFDA) — تُقرأ يدويًا؛ الماكروز غير منشورة,بيت الشاورما - حمص,Shawaya House - Hummus,بيت الشاورما,Shawaya House,Shawaya House,RESTAURANT,مطاعم,مشاوي,,,KSA,KSA,,HIGH,P1,MISSING,,OFFICIAL_LOCAL_KCAL,Shawaya House menu (SFDA),,,,,,,,,,,,,NONE,HIGH,,,,,,,,,بيت الشاورما,Shawaya House,السعرات متاحة رسميًا على قائمة الفرع/التطبيق (إلزام SFDA منذ ١ يوليو ٢٠٢٥). الماكروز غير منشورة — تبقى فارغة.
QGAP-00863,NEEDS_SOURCE,سعرات رسمية على قائمة الفرع/التطبيق (إلزام SFDA) — تُقرأ يدويًا؛ الماكروز غير منشورة,بيت الشاورما - خبز,Shawaya House - Bread,بيت الشاورما,Shawaya House,Shawaya House,RESTAURANT,مطاعم,مشاوي,,,KSA,KSA,,HIGH,P1,MISSING,,OFFICIAL_LOCAL_KCAL,Shawaya House menu (SFDA),,,,,,,,,,,,,NONE,HIGH,,,,,,,,,بيت الشاورما,Shawaya House,السعرات متاحة رسميًا على قائمة الفرع/التطبيق (إلزام SFDA منذ ١ يوليو ٢٠٢٥). الماكروز غير منشورة — تبقى فارغة.
QGAP-00864,NEEDS_HUMAN_REVIEW,الأصل العام موجود في قِمّة — يُحسم بشريًا إن كان المتغيّر يستحق صفًّا مستقلًا,الإيوان - كبسة دجاج,Al Ewwan - Chicken kabsa,الإيوان,Al Ewwan,Al Ewwan,RESTAURANT,مطاعم,أكل سعودي,,,KSA,KSA,,HIGH,P1,EXISTS_GENERIC_ONLY,kabsa-chicken · كبسة دجاج,OFFICIAL_LOCAL_KCAL,Al Ewwan menu (SFDA),,,,,,,,,,,,,NONE,HIGH,,,,,,,,,الإيوان,Al Ewwan,السعرات متاحة رسميًا على قائمة الفرع/التطبيق (إلزام SFDA منذ ١ يوليو ٢٠٢٥). الماكروز غير منشورة — تبقى فارغة.
QGAP-00865,NEEDS_HUMAN_REVIEW,الأصل العام موجود في قِمّة — يُحسم بشريًا إن كان المتغيّر يستحق صفًّا مستقلًا,الإيوان - مندي لحم,Al Ewwan - Lamb mandi,الإيوان,Al Ewwan,Al Ewwan,RESTAURANT,مطاعم,أكل سعودي,,,KSA,KSA,,HIGH,P1,EXISTS_GENERIC_ONLY,mandi-lamb · مندي لحم,OFFICIAL_LOCAL_KCAL,Al Ewwan menu (SFDA),,,,,,,,,,,,,NONE,HIGH,,,,,,,,,الإيوان,Al Ewwan,السعرات متاحة رسميًا على قائمة الفرع/التطبيق (إلزام SFDA منذ ١ يوليو ٢٠٢٥). الماكروز غير منشورة — تبقى فارغة.
QGAP-00866,NEEDS_SOURCE,سعرات رسمية على قائمة الفرع/التطبيق (إلزام SFDA) — تُقرأ يدويًا؛ الماكروز غير منشورة,الإيوان - مظبي,Al Ewwan - Madhbi,الإيوان,Al Ewwan,Al Ewwan,RESTAURANT,مطاعم,أكل سعودي,,,KSA,KSA,,HIGH,P1,MISSING,,OFFICIAL_LOCAL_KCAL,Al Ewwan menu (SFDA),,,,,,,,,,,,,NONE,HIGH,,,,,,,,,الإيوان,Al Ewwan,السعرات متاحة رسميًا على قائمة الفرع/التطبيق (إلزام SFDA منذ ١ يوليو ٢٠٢٥). الماكروز غير منشورة — تبقى فارغة.
QGAP-00867,NEEDS_SOURCE,سعرات رسمية على قائمة الفرع/التطبيق (إلزام SFDA) — تُقرأ يدويًا؛ الماكروز غير منشورة,الإيوان - برياني,Al Ewwan - Biryani,الإيوان,Al Ewwan,Al Ewwan,RESTAURANT,مطاعم,أكل سعودي,,,KSA,KSA,,HIGH,P1,MISSING,,OFFICIAL_LOCAL_KCAL,Al Ewwan menu (SFDA),,,,,,,,,,,,,NONE,HIGH,,,,,,,,,الإيوان,Al Ewwan,السعرات متاحة رسميًا على قائمة الفرع/التطبيق (إلزام SFDA منذ ١ يوليو ٢٠٢٥). الماكروز غير منشورة — تبقى فارغة.
QGAP-00868,NEEDS_HUMAN_REVIEW,الأصل العام موجود في قِمّة — يُحسم بشريًا إن كان المتغيّر يستحق صفًّا مستقلًا,الإيوان - جريش,Al Ewwan - Jareesh,الإيوان,Al Ewwan,Al Ewwan,RESTAURANT,مطاعم,أكل سعودي,,,KSA,KSA,,HIGH,P1,EXISTS_GENERIC_ONLY,jareesh · جريش,OFFICIAL_LOCAL_KCAL,Al Ewwan menu (SFDA),,,,,,,,,,,,,NONE,HIGH,,,,,,,,,الإيوان,Al Ewwan,السعرات متاحة رسميًا على قائمة الفرع/التطبيق (إلزام SFDA منذ ١ يوليو ٢٠٢٥). الماكروز غير منشورة — تبقى فارغة.
QGAP-00869,NEEDS_HUMAN_REVIEW,الأصل العام موجود في قِمّة — يُحسم بشريًا إن كان المتغيّر يستحق صفًّا مستقلًا,الإيوان - سمبوسة,Al Ewwan - Samosa,الإيوان,Al Ewwan,Al Ewwan,RESTAURANT,مطاعم,أكل سعودي,,,KSA,KSA,,HIGH,P1,EXISTS_GENERIC_ONLY,samosa · سمبوسة,OFFICIAL_LOCAL_KCAL,Al Ewwan menu (SFDA),,,,,,,,,,,,,NONE,HIGH,,,,,,,,,الإيوان,Al Ewwan,السعرات متاحة رسميًا على قائمة الفرع/التطبيق (إلزام SFDA منذ ١ يوليو ٢٠٢٥). الماكروز غير منشورة — تبقى فارغة.
QGAP-00870,NEEDS_HUMAN_REVIEW,الأصل العام موجود في قِمّة — يُحسم بشريًا إن كان المتغيّر يستحق صفًّا مستقلًا,الإيوان - لقيمات,Al Ewwan - Luqaimat,الإيوان,Al Ewwan,Al Ewwan,RESTAURANT,مطاعم,أكل سعودي,,,KSA,KSA,,HIGH,P1,EXISTS_GENERIC_ONLY,luqaimat · لقيمات,OFFICIAL_LOCAL_KCAL,Al Ewwan menu (SFDA),,,,,,,,,,,,,NONE,HIGH,,,,,,,,,الإيوان,Al Ewwan,السعرات متاحة رسميًا على قائمة الفرع/التطبيق (إلزام SFDA منذ ١ يوليو ٢٠٢٥). الماكروز غير منشورة — تبقى فارغة.
QGAP-00871,NEEDS_SOURCE,سعرات رسمية على قائمة الفرع/التطبيق (إلزام SFDA) — تُقرأ يدويًا؛ الماكروز غير منشورة,الإيوان - سلطة,Al Ewwan - Salad,الإيوان,Al Ewwan,Al Ewwan,RESTAURANT,مطاعم,أكل سعودي,,,KSA,KSA,,HIGH,P1,MISSING,,OFFICIAL_LOCAL_KCAL,Al Ewwan menu (SFDA),,,,,,,,,,,,,NONE,HIGH,,,,,,,,,الإيوان,Al Ewwan,السعرات متاحة رسميًا على قائمة الفرع/التطبيق (إلزام SFDA منذ ١ يوليو ٢٠٢٥). الماكروز غير منشورة — تبقى فارغة.
QGAP-00872,NEEDS_HUMAN_REVIEW,الأصل العام موجود في قِمّة — يُحسم بشريًا إن كان المتغيّر يستحق صفًّا مستقلًا,بيت المندي - مندي دجاج,Bait Al Mandi - Chicken mandi,بيت المندي,Bait Al Mandi,Bait Al Mandi,RESTAURANT,مطاعم,أكل سعودي,,,KSA,KSA,,VERY_HIGH,P1,EXISTS_GENERIC_ONLY,mandi-chicken · مندي دجاج,OFFICIAL_LOCAL_KCAL,Bait Al Mandi menu (SFDA),,,,,,,,,,,,,NONE,HIGH,,,,,,,,,بيت المندي,Bait Al Mandi,السعرات متاحة رسميًا على قائمة الفرع/التطبيق (إلزام SFDA منذ ١ يوليو ٢٠٢٥). الماكروز غير منشورة — تبقى فارغة.
QGAP-00873,NEEDS_HUMAN_REVIEW,الأصل العام موجود في قِمّة — يُحسم بشريًا إن كان المتغيّر يستحق صفًّا مستقلًا,بيت المندي - مندي لحم,Bait Al Mandi - Lamb mandi,بيت المندي,Bait Al Mandi,Bait Al Mandi,RESTAURANT,مطاعم,أكل سعودي,,,KSA,KSA,,VERY_HIGH,P1,EXISTS_GENERIC_ONLY,mandi-lamb · مندي لحم,OFFICIAL_LOCAL_KCAL,Bait Al Mandi menu (SFDA),,,,,,,,,,,,,NONE,HIGH,,,,,,,,,بيت المندي,Bait Al Mandi,السعرات متاحة رسميًا على قائمة الفرع/التطبيق (إلزام SFDA منذ ١ يوليو ٢٠٢٥). الماكروز غير منشورة — تبقى فارغة.
QGAP-00874,NEEDS_HUMAN_REVIEW,الأصل العام موجود في قِمّة — يُحسم بشريًا إن كان المتغيّر يستحق صفًّا مستقلًا,بيت المندي - مضغوط دجاج,Bait Al Mandi - Chicken madghoot,بيت المندي,Bait Al Mandi,Bait Al Mandi,RESTAURANT,مطاعم,أكل سعودي,,,KSA,KSA,,VERY_HIGH,P1,EXISTS_GENERIC_ONLY,madghoot-chicken · مضغوط دجاج,OFFICIAL_LOCAL_KCAL,Bait Al Mandi menu (SFDA),,,,,,,,,,,,,NONE,HIGH,,,,,,,,,بيت المندي,Bait Al Mandi,السعرات متاحة رسميًا على قائمة الفرع/التطبيق (إلزام SFDA منذ ١ يوليو ٢٠٢٥). الماكروز غير منشورة — تبقى فارغة.
QGAP-00875,NEEDS_SOURCE,سعرات رسمية على قائمة الفرع/التطبيق (إلزام SFDA) — تُقرأ يدويًا؛ الماكروز غير منشورة,بيت المندي - حنيذ,Bait Al Mandi - Haneeth,بيت المندي,Bait Al Mandi,Bait Al Mandi,RESTAURANT,مطاعم,أكل سعودي,,,KSA,KSA,,VERY_HIGH,P1,MISSING,,OFFICIAL_LOCAL_KCAL,Bait Al Mandi menu (SFDA),,,,,,,,,,,,,NONE,HIGH,,,,,,,,,بيت المندي,Bait Al Mandi,السعرات متاحة رسميًا على قائمة الفرع/التطبيق (إلزام SFDA منذ ١ يوليو ٢٠٢٥). الماكروز غير منشورة — تبقى فارغة.
QGAP-00876,NEEDS_SOURCE,سعرات رسمية على قائمة الفرع/التطبيق (إلزام SFDA) — تُقرأ يدويًا؛ الماكروز غير منشورة,بيت المندي - كبسة,Bait Al Mandi - Kabsa,بيت المندي,Bait Al Mandi,Bait Al Mandi,RESTAURANT,مطاعم,أكل سعودي,,,KSA,KSA,,VERY_HIGH,P1,MISSING,,OFFICIAL_LOCAL_KCAL,Bait Al Mandi menu (SFDA),,,,,,,,,,,,,NONE,HIGH,,,,,,,,,بيت المندي,Bait Al Mandi,السعرات متاحة رسميًا على قائمة الفرع/التطبيق (إلزام SFDA منذ ١ يوليو ٢٠٢٥). الماكروز غير منشورة — تبقى فارغة.
QGAP-00877,NEEDS_SOURCE,سعرات رسمية على قائمة الفرع/التطبيق (إلزام SFDA) — تُقرأ يدويًا؛ الماكروز غير منشورة,بيت المندي - أرز مندي,Bait Al Mandi - Mandi rice,بيت المندي,Bait Al Mandi,Bait Al Mandi,RESTAURANT,مطاعم,أكل سعودي,,,KSA,KSA,,VERY_HIGH,P1,MISSING,,OFFICIAL_LOCAL_KCAL,Bait Al Mandi menu (SFDA),,,,,,,,,,,,,NONE,HIGH,,,,,,,,,بيت المندي,Bait Al Mandi,السعرات متاحة رسميًا على قائمة الفرع/التطبيق (إلزام SFDA منذ ١ يوليو ٢٠٢٥). الماكروز غير منشورة — تبقى فارغة.
QGAP-00878,NEEDS_SOURCE,سعرات رسمية على قائمة الفرع/التطبيق (إلزام SFDA) — تُقرأ يدويًا؛ الماكروز غير منشورة,بيت المندي - شوربة,Bait Al Mandi - Soup,بيت المندي,Bait Al Mandi,Bait Al Mandi,RESTAURANT,مطاعم,أكل سعودي,,,KSA,KSA,,VERY_HIGH,P1,MISSING,,OFFICIAL_LOCAL_KCAL,Bait Al Mandi menu (SFDA),,,,,,,,,,,,,NONE,HIGH,,,,,,,,,بيت المندي,Bait Al Mandi,السعرات متاحة رسميًا على قائمة الفرع/التطبيق (إلزام SFDA منذ ١ يوليو ٢٠٢٥). الماكروز غير منشورة — تبقى فارغة.
QGAP-00879,NEEDS_SOURCE,سعرات رسمية على قائمة الفرع/التطبيق (إلزام SFDA) — تُقرأ يدويًا؛ الماكروز غير منشورة,بيت المندي - سلطة داقوس,Bait Al Mandi - Daqoos salad,بيت المندي,Bait Al Mandi,Bait Al Mandi,RESTAURANT,مطاعم,أكل سعودي,,,KSA,KSA,,VERY_HIGH,P1,MISSING,,OFFICIAL_LOCAL_KCAL,Bait Al Mandi menu (SFDA),,,,,,,,,,,,,NONE,HIGH,,,,,,,,,بيت المندي,Bait Al Mandi,السعرات متاحة رسميًا على قائمة الفرع/التطبيق (إلزام SFDA منذ ١ يوليو ٢٠٢٥). الماكروز غير منشورة — تبقى فارغة.
QGAP-00880,NEEDS_SOURCE,سعرات رسمية على قائمة الفرع/التطبيق (إلزام SFDA) — تُقرأ يدويًا؛ الماكروز غير منشورة,قرية نجد - كبسة نجدية,Najd Village - Najdi kabsa,قرية نجد,Najd Village,Najd Village,RESTAURANT,مطاعم,أكل سعودي,,,KSA,KSA,,HIGH,P1,MISSING,,OFFICIAL_LOCAL_KCAL,Najd Village menu (SFDA),,,,,,,,,,,,,NONE,HIGH,,,,,,,,,قرية نجد,Najd Village,السعرات متاحة رسميًا على قائمة الفرع/التطبيق (إلزام SFDA منذ ١ يوليو ٢٠٢٥). الماكروز غير منشورة — تبقى فارغة.
QGAP-00881,NEEDS_SOURCE,سعرات رسمية على قائمة الفرع/التطبيق (إلزام SFDA) — تُقرأ يدويًا؛ الماكروز غير منشورة,قرية نجد - جريش,Najd Village - Jareesh,قرية نجد,Najd Village,Najd Village,RESTAURANT,مطاعم,أكل سعودي,,,KSA,KSA,,HIGH,P1,MISSING,,OFFICIAL_LOCAL_KCAL,Najd Village menu (SFDA),,,,,,,,,,,,,NONE,HIGH,,,,,,,,,قرية نجد,Najd Village,السعرات متاحة رسميًا على قائمة الفرع/التطبيق (إلزام SFDA منذ ١ يوليو ٢٠٢٥). الماكروز غير منشورة — تبقى فارغة.
QGAP-00882,NEEDS_SOURCE,سعرات رسمية على قائمة الفرع/التطبيق (إلزام SFDA) — تُقرأ يدويًا؛ الماكروز غير منشورة,قرية نجد - قرصان,Najd Village - Qursan,قرية نجد,Najd Village,Najd Village,RESTAURANT,مطاعم,أكل سعودي,,,KSA,KSA,,HIGH,P1,MISSING,,OFFICIAL_LOCAL_KCAL,Najd Village menu (SFDA),,,,,,,,,,,,,NONE,HIGH,,,,,,,,,قرية نجد,Najd Village,السعرات متاحة رسميًا على قائمة الفرع/التطبيق (إلزام SFDA منذ ١ يوليو ٢٠٢٥). الماكروز غير منشورة — تبقى فارغة.
QGAP-00883,NEEDS_SOURCE,سعرات رسمية على قائمة الفرع/التطبيق (إلزام SFDA) — تُقرأ يدويًا؛ الماكروز غير منشورة,قرية نجد - مرقوق,Najd Village - Marqouq,قرية نجد,Najd Village,Najd Village,RESTAURANT,مطاعم,أكل سعودي,,,KSA,KSA,,HIGH,P1,MISSING,,OFFICIAL_LOCAL_KCAL,Najd Village menu (SFDA),,,,,,,,,,,,,NONE,HIGH,,,,,,,,,قرية نجد,Najd Village,السعرات متاحة رسميًا على قائمة الفرع/التطبيق (إلزام SFDA منذ ١ يوليو ٢٠٢٥). الماكروز غير منشورة — تبقى فارغة.
QGAP-00884,NEEDS_HUMAN_REVIEW,الأصل العام موجود في قِمّة — يُحسم بشريًا إن كان المتغيّر يستحق صفًّا مستقلًا,قرية نجد - مطازيز,Najd Village - Matazeez,قرية نجد,Najd Village,Najd Village,RESTAURANT,مطاعم,أكل سعودي,,,KSA,KSA,,HIGH,P1,EXISTS_GENERIC_ONLY,matazeez · مطازيز,OFFICIAL_LOCAL_KCAL,Najd Village menu (SFDA),,,,,,,,,,,,,NONE,HIGH,,,,,,,,,قرية نجد,Najd Village,السعرات متاحة رسميًا على قائمة الفرع/التطبيق (إلزام SFDA منذ ١ يوليو ٢٠٢٥). الماكروز غير منشورة — تبقى فارغة.
QGAP-00885,NEEDS_SOURCE,سعرات رسمية على قائمة الفرع/التطبيق (إلزام SFDA) — تُقرأ يدويًا؛ الماكروز غير منشورة,قرية نجد - مفطح,Najd Village - Mafateeh,قرية نجد,Najd Village,Najd Village,RESTAURANT,مطاعم,أكل سعودي,,,KSA,KSA,,HIGH,P1,MISSING,,OFFICIAL_LOCAL_KCAL,Najd Village menu (SFDA),,,,,,,,,,,,,NONE,HIGH,,,,,,,,,قرية نجد,Najd Village,السعرات متاحة رسميًا على قائمة الفرع/التطبيق (إلزام SFDA منذ ١ يوليو ٢٠٢٥). الماكروز غير منشورة — تبقى فارغة.
QGAP-00886,NEEDS_HUMAN_REVIEW,الأصل العام موجود في قِمّة — يُحسم بشريًا إن كان المتغيّر يستحق صفًّا مستقلًا,قرية نجد - قهوة عربية وتمر,Najd Village - Arabic coffee and dates,قرية نجد,Najd Village,Najd Village,RESTAURANT,مطاعم,أكل سعودي,,,KSA,KSA,,HIGH,P1,EXISTS_GENERIC_ONLY,arabic-coffee · قهوة عربية,OFFICIAL_LOCAL_KCAL,Najd Village menu (SFDA),,,,,,,,,,,,,NONE,HIGH,,,,,,,,,قرية نجد,Najd Village,السعرات متاحة رسميًا على قائمة الفرع/التطبيق (إلزام SFDA منذ ١ يوليو ٢٠٢٥). الماكروز غير منشورة — تبقى فارغة.
QGAP-00887,NEEDS_SOURCE,سعرات رسمية على قائمة الفرع/التطبيق (إلزام SFDA) — تُقرأ يدويًا؛ الماكروز غير منشورة,قرية نجد - هريس,Najd Village - Harees,قرية نجد,Najd Village,Najd Village,RESTAURANT,مطاعم,أكل سعودي,,,KSA,KSA,,HIGH,P1,MISSING,,OFFICIAL_LOCAL_KCAL,Najd Village menu (SFDA),,,,,,,,,,,,,NONE,HIGH,,,,,,,,,قرية نجد,Najd Village,السعرات متاحة رسميًا على قائمة الفرع/التطبيق (إلزام SFDA منذ ١ يوليو ٢٠٢٥). الماكروز غير منشورة — تبقى فارغة.
QGAP-00888,NEEDS_SOURCE,سعرات رسمية على قائمة الفرع/التطبيق (إلزام SFDA) — تُقرأ يدويًا؛ الماكروز غير منشورة,همبرجري - برجر كلاسيك,Hamburgini - Classic burger,همبرجري,Hamburgini,Hamburgini,RESTAURANT,مطاعم,برجر,,,KSA,KSA,,HIGH,P1,MISSING,,OFFICIAL_LOCAL_KCAL,Hamburgini menu (SFDA),,,,,,,,,,,,,NONE,HIGH,,,,,,,,,همبرجري,Hamburgini,السعرات متاحة رسميًا على قائمة الفرع/التطبيق (إلزام SFDA منذ ١ يوليو ٢٠٢٥). الماكروز غير منشورة — تبقى فارغة.
QGAP-00889,NEEDS_SOURCE,سعرات رسمية على قائمة الفرع/التطبيق (إلزام SFDA) — تُقرأ يدويًا؛ الماكروز غير منشورة,همبرجري - دبل برجر,Hamburgini - Double burger,همبرجري,Hamburgini,Hamburgini,RESTAURANT,مطاعم,برجر,,,KSA,KSA,,HIGH,P1,MISSING,,OFFICIAL_LOCAL_KCAL,Hamburgini menu (SFDA),,,,,,,,,,,,,NONE,HIGH,,,,,,,,,همبرجري,Hamburgini,السعرات متاحة رسميًا على قائمة الفرع/التطبيق (إلزام SFDA منذ ١ يوليو ٢٠٢٥). الماكروز غير منشورة — تبقى فارغة.
QGAP-00890,NEEDS_HUMAN_REVIEW,الأصل العام موجود في قِمّة — يُحسم بشريًا إن كان المتغيّر يستحق صفًّا مستقلًا,همبرجري - برجر دجاج,Hamburgini - Chicken burger,همبرجري,Hamburgini,Hamburgini,RESTAURANT,مطاعم,برجر,,,KSA,KSA,,HIGH,P1,EXISTS_GENERIC_ONLY,chicken-burger · برجر دجاج,OFFICIAL_LOCAL_KCAL,Hamburgini menu (SFDA),,,,,,,,,,,,,NONE,HIGH,,,,,,,,,همبرجري,Hamburgini,السعرات متاحة رسميًا على قائمة الفرع/التطبيق (إلزام SFDA منذ ١ يوليو ٢٠٢٥). الماكروز غير منشورة — تبقى فارغة.
QGAP-00891,NEEDS_SOURCE,سعرات رسمية على قائمة الفرع/التطبيق (إلزام SFDA) — تُقرأ يدويًا؛ الماكروز غير منشورة,همبرجري - بطاطس,Hamburgini - Fries,همبرجري,Hamburgini,Hamburgini,RESTAURANT,مطاعم,برجر,,,KSA,KSA,,HIGH,P1,MISSING,,OFFICIAL_LOCAL_KCAL,Hamburgini menu (SFDA),,,,,,,,,,,,,NONE,HIGH,,,,,,,,,همبرجري,Hamburgini,السعرات متاحة رسميًا على قائمة الفرع/التطبيق (إلزام SFDA منذ ١ يوليو ٢٠٢٥). الماكروز غير منشورة — تبقى فارغة.
QGAP-00892,NEEDS_HUMAN_REVIEW,الأصل العام موجود في قِمّة — يُحسم بشريًا إن كان المتغيّر يستحق صفًّا مستقلًا,همبرجري - ميلك شيك,Hamburgini - Milkshake,همبرجري,Hamburgini,Hamburgini,RESTAURANT,مطاعم,برجر,,,KSA,KSA,,HIGH,P1,EXISTS_GENERIC_ONLY,milkshake · ميلك شيك,OFFICIAL_LOCAL_KCAL,Hamburgini menu (SFDA),,,,,,,,,,,,,NONE,HIGH,,,,,,,,,همبرجري,Hamburgini,السعرات متاحة رسميًا على قائمة الفرع/التطبيق (إلزام SFDA منذ ١ يوليو ٢٠٢٥). الماكروز غير منشورة — تبقى فارغة.
QGAP-00893,NEEDS_SOURCE,سعرات رسمية على قائمة الفرع/التطبيق (إلزام SFDA) — تُقرأ يدويًا؛ الماكروز غير منشورة,جان برجر - جان برجر كلاسيك,Jan Burger - Jan classic burger,جان برجر,Jan Burger,Jan Burger,RESTAURANT,مطاعم,برجر,,,KSA,KSA,,HIGH,P1,MISSING,,OFFICIAL_LOCAL_KCAL,Jan Burger menu (SFDA),,,,,,,,,,,,,NONE,HIGH,,,,,,,,,جان برجر,Jan Burger,السعرات متاحة رسميًا على قائمة الفرع/التطبيق (إلزام SFDA منذ ١ يوليو ٢٠٢٥). الماكروز غير منشورة — تبقى فارغة.
QGAP-00894,NEEDS_HUMAN_REVIEW,الأصل العام موجود في قِمّة — يُحسم بشريًا إن كان المتغيّر يستحق صفًّا مستقلًا,جان برجر - برجر دجاج,Jan Burger - Chicken burger,جان برجر,Jan Burger,Jan Burger,RESTAURANT,مطاعم,برجر,,,KSA,KSA,,HIGH,P1,EXISTS_GENERIC_ONLY,chicken-burger · برجر دجاج,OFFICIAL_LOCAL_KCAL,Jan Burger menu (SFDA),,,,,,,,,,,,,NONE,HIGH,,,,,,,,,جان برجر,Jan Burger,السعرات متاحة رسميًا على قائمة الفرع/التطبيق (إلزام SFDA منذ ١ يوليو ٢٠٢٥). الماكروز غير منشورة — تبقى فارغة.
QGAP-00895,NEEDS_SOURCE,سعرات رسمية على قائمة الفرع/التطبيق (إلزام SFDA) — تُقرأ يدويًا؛ الماكروز غير منشورة,جان برجر - بطاطس,Jan Burger - Fries,جان برجر,Jan Burger,Jan Burger,RESTAURANT,مطاعم,برجر,,,KSA,KSA,,HIGH,P1,MISSING,,OFFICIAL_LOCAL_KCAL,Jan Burger menu (SFDA),,,,,,,,,,,,,NONE,HIGH,,,,,,,,,جان برجر,Jan Burger,السعرات متاحة رسميًا على قائمة الفرع/التطبيق (إلزام SFDA منذ ١ يوليو ٢٠٢٥). الماكروز غير منشورة — تبقى فارغة.
QGAP-00896,NEEDS_SOURCE,سعرات رسمية على قائمة الفرع/التطبيق (إلزام SFDA) — تُقرأ يدويًا؛ الماكروز غير منشورة,سكشن بي - سكشن برجر,Section B - Section burger,سكشن بي,Section B,Section B,RESTAURANT,مطاعم,برجر,,,KSA,KSA,,HIGH,P1,MISSING,,OFFICIAL_LOCAL_KCAL,Section B menu (SFDA),,,,,,,,,,,,,NONE,HIGH,,,,,,,,,سكشن بي,Section B,السعرات متاحة رسميًا على قائمة الفرع/التطبيق (إلزام SFDA منذ ١ يوليو ٢٠٢٥). الماكروز غير منشورة — تبقى فارغة.
QGAP-00897,NEEDS_SOURCE,سعرات رسمية على قائمة الفرع/التطبيق (إلزام SFDA) — تُقرأ يدويًا؛ الماكروز غير منشورة,سكشن بي - دبل برجر,Section B - Double burger,سكشن بي,Section B,Section B,RESTAURANT,مطاعم,برجر,,,KSA,KSA,,HIGH,P1,MISSING,,OFFICIAL_LOCAL_KCAL,Section B menu (SFDA),,,,,,,,,,,,,NONE,HIGH,,,,,,,,,سكشن بي,Section B,السعرات متاحة رسميًا على قائمة الفرع/التطبيق (إلزام SFDA منذ ١ يوليو ٢٠٢٥). الماكروز غير منشورة — تبقى فارغة.
QGAP-00898,NEEDS_SOURCE,سعرات رسمية على قائمة الفرع/التطبيق (إلزام SFDA) — تُقرأ يدويًا؛ الماكروز غير منشورة,سكشن بي - تشيكن ساندويتش,Section B - Chicken sandwich,سكشن بي,Section B,Section B,RESTAURANT,مطاعم,برجر,,,KSA,KSA,,HIGH,P1,MISSING,,OFFICIAL_LOCAL_KCAL,Section B menu (SFDA),,,,,,,,,,,,,NONE,HIGH,,,,,,,,,سكشن بي,Section B,السعرات متاحة رسميًا على قائمة الفرع/التطبيق (إلزام SFDA منذ ١ يوليو ٢٠٢٥). الماكروز غير منشورة — تبقى فارغة.
QGAP-00899,NEEDS_SOURCE,سعرات رسمية على قائمة الفرع/التطبيق (إلزام SFDA) — تُقرأ يدويًا؛ الماكروز غير منشورة,سكشن بي - بطاطس,Section B - Fries,سكشن بي,Section B,Section B,RESTAURANT,مطاعم,برجر,,,KSA,KSA,,HIGH,P1,MISSING,,OFFICIAL_LOCAL_KCAL,Section B menu (SFDA),,,,,,,,,,,,,NONE,HIGH,,,,,,,,,سكشن بي,Section B,السعرات متاحة رسميًا على قائمة الفرع/التطبيق (إلزام SFDA منذ ١ يوليو ٢٠٢٥). الماكروز غير منشورة — تبقى فارغة.
QGAP-00900,NEEDS_HUMAN_REVIEW,الأصل العام موجود في قِمّة — يُحسم بشريًا إن كان المتغيّر يستحق صفًّا مستقلًا,كيفا - عصير مانجو طازج,Kaifa Juice - Fresh mango juice,كيفا,Kaifa Juice,Kaifa Juice,RESTAURANT,مطاعم,عصائر,,,KSA,KSA,,HIGH,P1,EXISTS_GENERIC_ONLY,mango-juice · عصير مانجو,OFFICIAL_LOCAL_KCAL,Kaifa menu (SFDA),,,,,,,,,,,,,NONE,HIGH,,,,,,,,,كيفا,Kaifa Juice,السعرات متاحة رسميًا على قائمة الفرع/التطبيق (إلزام SFDA منذ ١ يوليو ٢٠٢٥). الماكروز غير منشورة — تبقى فارغة.
QGAP-00901,NEEDS_HUMAN_REVIEW,الأصل العام موجود في قِمّة — يُحسم بشريًا إن كان المتغيّر يستحق صفًّا مستقلًا,كيفا - عصير أفوكادو,Kaifa Juice - Avocado juice,كيفا,Kaifa Juice,Kaifa Juice,RESTAURANT,مطاعم,عصائر,,,KSA,KSA,,HIGH,P1,EXISTS_GENERIC_ONLY,avocado · أفوكادو,OFFICIAL_LOCAL_KCAL,Kaifa menu (SFDA),,,,,,,,,,,,,NONE,HIGH,,,,,,,,,كيفا,Kaifa Juice,السعرات متاحة رسميًا على قائمة الفرع/التطبيق (إلزام SFDA منذ ١ يوليو ٢٠٢٥). الماكروز غير منشورة — تبقى فارغة.
QGAP-00902,NEEDS_SOURCE,سعرات رسمية على قائمة الفرع/التطبيق (إلزام SFDA) — تُقرأ يدويًا؛ الماكروز غير منشورة,كيفا - كوكتيل فواكه,Kaifa Juice - Fruit cocktail,كيفا,Kaifa Juice,Kaifa Juice,RESTAURANT,مطاعم,عصائر,,,KSA,KSA,,HIGH,P1,MISSING,,OFFICIAL_LOCAL_KCAL,Kaifa menu (SFDA),,,,,,,,,,,,,NONE,HIGH,,,,,,,,,كيفا,Kaifa Juice,السعرات متاحة رسميًا على قائمة الفرع/التطبيق (إلزام SFDA منذ ١ يوليو ٢٠٢٥). الماكروز غير منشورة — تبقى فارغة.
QGAP-00903,NEEDS_HUMAN_REVIEW,الأصل العام موجود في قِمّة — يُحسم بشريًا إن كان المتغيّر يستحق صفًّا مستقلًا,كيفا - عصير برتقال طازج,Kaifa Juice - Fresh orange juice,كيفا,Kaifa Juice,Kaifa Juice,RESTAURANT,مطاعم,عصائر,,,KSA,KSA,,HIGH,P1,EXISTS_GENERIC_ONLY,orange-juice · عصير برتقال,OFFICIAL_LOCAL_KCAL,Kaifa menu (SFDA),,,,,,,,,,,,,NONE,HIGH,,,,,,,,,كيفا,Kaifa Juice,السعرات متاحة رسميًا على قائمة الفرع/التطبيق (إلزام SFDA منذ ١ يوليو ٢٠٢٥). الماكروز غير منشورة — تبقى فارغة.
QGAP-00904,NEEDS_SOURCE,سعرات رسمية على قائمة الفرع/التطبيق (إلزام SFDA) — تُقرأ يدويًا؛ الماكروز غير منشورة,كيفا - سموذي فراولة,Kaifa Juice - Strawberry smoothie,كيفا,Kaifa Juice,Kaifa Juice,RESTAURANT,مطاعم,عصائر,,,KSA,KSA,,HIGH,P1,MISSING,,OFFICIAL_LOCAL_KCAL,Kaifa menu (SFDA),,,,,,,,,,,,,NONE,HIGH,,,,,,,,,كيفا,Kaifa Juice,السعرات متاحة رسميًا على قائمة الفرع/التطبيق (إلزام SFDA منذ ١ يوليو ٢٠٢٥). الماكروز غير منشورة — تبقى فارغة.
QGAP-00905,NEEDS_HUMAN_REVIEW,الأصل العام موجود في قِمّة — يُحسم بشريًا إن كان المتغيّر يستحق صفًّا مستقلًا,كيفا - عصير رمان,Kaifa Juice - Pomegranate juice,كيفا,Kaifa Juice,Kaifa Juice,RESTAURANT,مطاعم,عصائر,,,KSA,KSA,,HIGH,P1,EXISTS_GENERIC_ONLY,pomegranate-juice · عصير رمان,OFFICIAL_LOCAL_KCAL,Kaifa menu (SFDA),,,,,,,,,,,,,NONE,HIGH,,,,,,,,,كيفا,Kaifa Juice,السعرات متاحة رسميًا على قائمة الفرع/التطبيق (إلزام SFDA منذ ١ يوليو ٢٠٢٥). الماكروز غير منشورة — تبقى فارغة.
QGAP-00906,NEEDS_SOURCE,سعرات رسمية على قائمة الفرع/التطبيق (إلزام SFDA) — تُقرأ يدويًا؛ الماكروز غير منشورة,تميس البخاري - تميس سادة,Tamees Al Bukhari - Plain tameez,تميس البخاري,Tamees Al Bukhari,Tamees Al Bukhari,RESTAURANT,مطاعم,فطور,,,KSA,KSA,,HIGH,P0,MISSING,,OFFICIAL_LOCAL_KCAL,Tameez shops menu (SFDA),,,,,,,,,,,,,NONE,HIGH,,,,,,,,,تميس البخاري,Tamees Al Bukhari,السعرات متاحة رسميًا على قائمة الفرع/التطبيق (إلزام SFDA منذ ١ يوليو ٢٠٢٥). الماكروز غير منشورة — تبقى فارغة.
QGAP-00907,NEEDS_HUMAN_REVIEW,الأصل العام موجود في قِمّة — يُحسم بشريًا إن كان المتغيّر يستحق صفًّا مستقلًا,تميس البخاري - تميس بالجبن,Tamees Al Bukhari - Cheese tameez,تميس البخاري,Tamees Al Bukhari,Tamees Al Bukhari,RESTAURANT,مطاعم,فطور,,,KSA,KSA,,HIGH,P0,EXISTS_GENERIC_ONLY,tameez-cheese · تميس بالجبن,OFFICIAL_LOCAL_KCAL,Tameez shops menu (SFDA),,,,,,,,,,,,,NONE,HIGH,,,,,,,,,تميس البخاري,Tamees Al Bukhari,السعرات متاحة رسميًا على قائمة الفرع/التطبيق (إلزام SFDA منذ ١ يوليو ٢٠٢٥). الماكروز غير منشورة — تبقى فارغة.
QGAP-00908,NEEDS_SOURCE,سعرات رسمية على قائمة الفرع/التطبيق (إلزام SFDA) — تُقرأ يدويًا؛ الماكروز غير منشورة,تميس البخاري - تميس بالعسل,Tamees Al Bukhari - Honey tameez,تميس البخاري,Tamees Al Bukhari,Tamees Al Bukhari,RESTAURANT,مطاعم,فطور,,,KSA,KSA,,HIGH,P0,MISSING,,OFFICIAL_LOCAL_KCAL,Tameez shops menu (SFDA),,,,,,,,,,,,,NONE,HIGH,,,,,,,,,تميس البخاري,Tamees Al Bukhari,السعرات متاحة رسميًا على قائمة الفرع/التطبيق (إلزام SFDA منذ ١ يوليو ٢٠٢٥). الماكروز غير منشورة — تبقى فارغة.
QGAP-00909,NEEDS_SOURCE,سعرات رسمية على قائمة الفرع/التطبيق (إلزام SFDA) — تُقرأ يدويًا؛ الماكروز غير منشورة,تميس البخاري - فول بالزيت,Tamees Al Bukhari - Foul with oil,تميس البخاري,Tamees Al Bukhari,Tamees Al Bukhari,RESTAURANT,مطاعم,فطور,,,KSA,KSA,,HIGH,P0,MISSING,,OFFICIAL_LOCAL_KCAL,Tameez shops menu (SFDA),,,,,,,,,,,,,NONE,HIGH,,,,,,,,,تميس البخاري,Tamees Al Bukhari,السعرات متاحة رسميًا على قائمة الفرع/التطبيق (إلزام SFDA منذ ١ يوليو ٢٠٢٥). الماكروز غير منشورة — تبقى فارغة.
QGAP-00910,NEEDS_SOURCE,سعرات رسمية على قائمة الفرع/التطبيق (إلزام SFDA) — تُقرأ يدويًا؛ الماكروز غير منشورة,تميس البخاري - فول بالجبن,Tamees Al Bukhari - Foul with cheese,تميس البخاري,Tamees Al Bukhari,Tamees Al Bukhari,RESTAURANT,مطاعم,فطور,,,KSA,KSA,,HIGH,P0,MISSING,,OFFICIAL_LOCAL_KCAL,Tameez shops menu (SFDA),,,,,,,,,,,,,NONE,HIGH,,,,,,,,,تميس البخاري,Tamees Al Bukhari,السعرات متاحة رسميًا على قائمة الفرع/التطبيق (إلزام SFDA منذ ١ يوليو ٢٠٢٥). الماكروز غير منشورة — تبقى فارغة.
QGAP-00911,NEEDS_SOURCE,سعرات رسمية على قائمة الفرع/التطبيق (إلزام SFDA) — تُقرأ يدويًا؛ الماكروز غير منشورة,تميس البخاري - شكشوكة,Tamees Al Bukhari - Shakshouka,تميس البخاري,Tamees Al Bukhari,Tamees Al Bukhari,RESTAURANT,مطاعم,فطور,,,KSA,KSA,,HIGH,P0,MISSING,,OFFICIAL_LOCAL_KCAL,Tameez shops menu (SFDA),,,,,,,,,,,,,NONE,HIGH,,,,,,,,,تميس البخاري,Tamees Al Bukhari,السعرات متاحة رسميًا على قائمة الفرع/التطبيق (إلزام SFDA منذ ١ يوليو ٢٠٢٥). الماكروز غير منشورة — تبقى فارغة.
QGAP-00912,NEEDS_HUMAN_REVIEW,الأصل العام موجود في قِمّة — يُحسم بشريًا إن كان المتغيّر يستحق صفًّا مستقلًا,تميس البخاري - بيض بالطماط,Tamees Al Bukhari - Eggs with tomato,تميس البخاري,Tamees Al Bukhari,Tamees Al Bukhari,RESTAURANT,مطاعم,فطور,,,KSA,KSA,,HIGH,P0,EXISTS_GENERIC_ONLY,shyola-egg · بيض بالطماط (شيشة),OFFICIAL_LOCAL_KCAL,Tameez shops menu (SFDA),,,,,,,,,,,,,NONE,HIGH,,,,,,,,,تميس البخاري,Tamees Al Bukhari,السعرات متاحة رسميًا على قائمة الفرع/التطبيق (إلزام SFDA منذ ١ يوليو ٢٠٢٥). الماكروز غير منشورة — تبقى فارغة.
QGAP-00913,NEEDS_SOURCE,سعرات رسمية على قائمة الفرع/التطبيق (إلزام SFDA) — تُقرأ يدويًا؛ الماكروز غير منشورة,تميس البخاري - شاي كرك,Tamees Al Bukhari - Karak tea,تميس البخاري,Tamees Al Bukhari,Tamees Al Bukhari,RESTAURANT,مطاعم,فطور,,,KSA,KSA,,HIGH,P0,MISSING,,OFFICIAL_LOCAL_KCAL,Tameez shops menu (SFDA),,,,,,,,,,,,,NONE,HIGH,,,,,,,,,تميس البخاري,Tamees Al Bukhari,السعرات متاحة رسميًا على قائمة الفرع/التطبيق (إلزام SFDA منذ ١ يوليو ٢٠٢٥). الماكروز غير منشورة — تبقى فارغة.
QGAP-00914,NEEDS_SOURCE,سعرات رسمية على قائمة الفرع/التطبيق (إلزام SFDA) — تُقرأ يدويًا؛ الماكروز غير منشورة,تميس البخاري - فطة فول,Tamees Al Bukhari - Foul fatteh,تميس البخاري,Tamees Al Bukhari,Tamees Al Bukhari,RESTAURANT,مطاعم,فطور,,,KSA,KSA,,HIGH,P0,MISSING,,OFFICIAL_LOCAL_KCAL,Tameez shops menu (SFDA),,,,,,,,,,,,,NONE,HIGH,,,,,,,,,تميس البخاري,Tamees Al Bukhari,السعرات متاحة رسميًا على قائمة الفرع/التطبيق (إلزام SFDA منذ ١ يوليو ٢٠٢٥). الماكروز غير منشورة — تبقى فارغة.
QGAP-00915,NEEDS_SOURCE,سعرات رسمية على قائمة الفرع/التطبيق (إلزام SFDA) — تُقرأ يدويًا؛ الماكروز غير منشورة,تميس البخاري - تميس بالنوتيلا,Tamees Al Bukhari - Nutella tameez,تميس البخاري,Tamees Al Bukhari,Tamees Al Bukhari,RESTAURANT,مطاعم,فطور,,,KSA,KSA,,HIGH,P0,MISSING,,OFFICIAL_LOCAL_KCAL,Tameez shops menu (SFDA),,,,,,,,,,,,,NONE,HIGH,,,,,,,,,تميس البخاري,Tamees Al Bukhari,السعرات متاحة رسميًا على قائمة الفرع/التطبيق (إلزام SFDA منذ ١ يوليو ٢٠٢٥). الماكروز غير منشورة — تبقى فارغة.
QGAP-00916,NEEDS_SOURCE,لم يُعثر على مصدر آلي — يحتاج جلبًا من المصنّع أو كتالوج التجزئة,المراعي حليب خالي الدسم,Almarai skimmed milk,المراعي,Almarai,Almarai,PACKAGED,ألبان,حليب,skimmed milk,,KSA,UNSPECIFIED,,VERY_HIGH,P0,MISSING,,OFFICIAL_MANUFACTURER,Almarai official product page,,,,,,,,,,,,,NONE,HIGH,,,,,,,,,المراعي,Almarai,تغطية OpenFoodFacts للسوق السعودي ضحلة (١٦٤٩٢ منتجًا إجماليًا، وعمق كل علامة عشرات مقابل مئات فعلية) — تُستخدم للتقاطع بالباركود لا كمصدر أول. المصدر المفضّل: كتالوج المصنّع أو كتالوج التجزئة السعودي.
QGAP-00917,READY_FULL,,المراعي حليب طويل الأجل كامل الدسم,Almarai UHT full-fat milk,المراعي,Almarai,Almarai,PACKAGED,ألبان,حليب,UHT full-fat milk,,KSA,KSA,YES,VERY_HIGH,P0,MISSING,,OPENFOODFACTS_VERIFIED,Open Food Facts — Almarai milk full fat,https://world.openfoodfacts.org/product/6281007032261,6281007032261,1L,1 serving (250 ml),100,62.0,3.04,5.12,3.28,,5.08,50.0,FULL,MEDIUM,,,,Almarai milk full fat,حليب مراعي كامل الدسم,1.019,,,المراعي,Almarai,تغطية OpenFoodFacts للسوق السعودي ضحلة (١٦٤٩٢ منتجًا إجماليًا، وعمق كل علامة عشرات مقابل مئات فعلية) — تُستخدم للتقاطع بالباركود لا كمصدر أول. المصدر المفضّل: كتالوج المصنّع أو كتالوج التجزئة السعودي.
QGAP-00918,NEEDS_HUMAN_REVIEW,الأصل العام موجود في قِمّة — يُحسم بشريًا إن كان المتغيّر يستحق صفًّا مستقلًا,المراعي حليب طويل الأجل قليل الدسم,Almarai UHT low-fat milk,المراعي,Almarai,Almarai,PACKAGED,ألبان,حليب,UHT low-fat milk,,KSA,KSA,YES,VERY_HIGH,P0,EXISTS_GENERIC_ONLY,milk-low-fat · حليب قليل الدسم,OPENFOODFACTS_VERIFIED,Open Food Facts — Almarai milk low fat,https://world.openfoodfacts.org/product/6281007032278,6281007032278,1 litre,1 serving (250 g),100,43.6,3.2,4.8,1.2,,4.8,4.8,NONE,MEDIUM,,,,Almarai milk low fat,حليب مراعي قليل الدسم,1.019,,,المراعي,Almarai,تغطية OpenFoodFacts للسوق السعودي ضحلة (١٦٤٩٢ منتجًا إجماليًا، وعمق كل علامة عشرات مقابل مئات فعلية) — تُستخدم للتقاطع بالباركود لا كمصدر أول. المصدر المفضّل: كتالوج المصنّع أو كتالوج التجزئة السعودي.
QGAP-00919,NEEDS_SOURCE,لم يُعثر على مصدر آلي — يحتاج جلبًا من المصنّع أو كتالوج التجزئة,المراعي حليب بالفيتامين,Almarai vitamin-fortified milk,المراعي,Almarai,Almarai,PACKAGED,ألبان,حليب,vitamin-fortified milk,,KSA,UNSPECIFIED,,VERY_HIGH,P0,MISSING,,OFFICIAL_MANUFACTURER,Almarai official product page,,,,,,,,,,,,,NONE,HIGH,,,,,,,,,المراعي,Almarai,تغطية OpenFoodFacts للسوق السعودي ضحلة (١٦٤٩٢ منتجًا إجماليًا، وعمق كل علامة عشرات مقابل مئات فعلية) — تُستخدم للتقاطع بالباركود لا كمصدر أول. المصدر المفضّل: كتالوج المصنّع أو كتالوج التجزئة السعودي.
QGAP-00920,NEEDS_HUMAN_REVIEW,مطابقة آلية بدرجة 0.724 دون حدّ القبول — تحتاج تأكيدًا,المراعي حليب خالي اللاكتوز,Almarai lactose-free milk,المراعي,Almarai,Almarai,PACKAGED,ألبان,حليب,lactose-free milk,,KSA,KSA,YES,VERY_HIGH,P0,MISSING,,OPENFOODFACTS_VERIFIED,Open Food Facts — Almarai milk fat free,https://world.openfoodfacts.org/product/6281007032285,6281007032285,1لیتر,1 Serving Size (250 ml),100,34.0,3.2,4.96,0.0,,4.96,0.05,NONE,HIGH,,,,Almarai milk fat free,حليب مراعي خالي من دسم,0.724,,,المراعي,Almarai,تغطية OpenFoodFacts للسوق السعودي ضحلة (١٦٤٩٢ منتجًا إجماليًا، وعمق كل علامة عشرات مقابل مئات فعلية) — تُستخدم للتقاطع بالباركود لا كمصدر أول. المصدر المفضّل: كتالوج المصنّع أو كتالوج التجزئة السعودي.
QGAP-00921,NEEDS_HUMAN_REVIEW,مطابقة آلية بدرجة 0.745 دون حدّ القبول — تحتاج تأكيدًا,المراعي حليب بروتين عالي,Almarai high-protein milk,المراعي,Almarai,Almarai,PACKAGED,ألبان,حليب,high-protein milk,,KSA,KSA,YES,VERY_HIGH,P0,MISSING,,OPENFOODFACTS_VERIFIED,Open Food Facts — Chocolate Protein Milk,https://world.openfoodfacts.org/product/6281007061261,6281007061261,400 ml,1 serving (200 ml),100,82.5,8.5,11.0,0.4,0.3,10.5,114.5,NONE,HIGH,,,,Chocolate Protein Milk,,0.745,,,المراعي,Almarai,تغطية OpenFoodFacts للسوق السعودي ضحلة (١٦٤٩٢ منتجًا إجماليًا، وعمق كل علامة عشرات مقابل مئات فعلية) — تُستخدم للتقاطع بالباركود لا كمصدر أول. المصدر المفضّل: كتالوج المصنّع أو كتالوج التجزئة السعودي.
QGAP-00922,NEEDS_HUMAN_REVIEW,الأصل العام موجود في قِمّة — يُحسم بشريًا إن كان المتغيّر يستحق صفًّا مستقلًا,المراعي حليب بالشوكولاتة,Almarai chocolate milk,المراعي,Almarai,Almarai,PACKAGED,ألبان,حليب,chocolate milk,,KSA,KSA,YES,VERY_HIGH,P0,EXISTS_GENERIC_ONLY,chocolate-milk · حليب بالشوكولاتة,OPENFOODFACTS_VERIFIED,Open Food Facts — Almarai double chocolate milk,https://world.openfoodfacts.org/product/6281007030410,6281007030410,200 ml,360 ml (360 ml),100,88.33,3.36,13.06,2.39,0.42,12.22,60.0,NONE,MEDIUM,,,,Almarai double chocolate milk,Almarai double chocolate milk,0.954,,,المراعي,Almarai,تغطية OpenFoodFacts للسوق السعودي ضحلة (١٦٤٩٢ منتجًا إجماليًا، وعمق كل علامة عشرات مقابل مئات فعلية) — تُستخدم للتقاطع بالباركود لا كمصدر أول. المصدر المفضّل: كتالوج المصنّع أو كتالوج التجزئة السعودي.
QGAP-00923,NEEDS_SOURCE,لم يُعثر على مصدر آلي — يحتاج جلبًا من المصنّع أو كتالوج التجزئة,المراعي حليب بالفراولة,Almarai strawberry milk,المراعي,Almarai,Almarai,PACKAGED,ألبان,حليب,strawberry milk,,KSA,UNSPECIFIED,,VERY_HIGH,P0,MISSING,,OFFICIAL_MANUFACTURER,Almarai official product page,,,,,,,,,,,,,NONE,HIGH,,,,,,,,,المراعي,Almarai,تغطية OpenFoodFacts للسوق السعودي ضحلة (١٦٤٩٢ منتجًا إجماليًا، وعمق كل علامة عشرات مقابل مئات فعلية) — تُستخدم للتقاطع بالباركود لا كمصدر أول. المصدر المفضّل: كتالوج المصنّع أو كتالوج التجزئة السعودي.
QGAP-00924,READY_FULL,,المراعي حليب موز,Almarai banana milk,المراعي,Almarai,Almarai,PACKAGED,ألبان,حليب,banana milk,,KSA,KSA,YES,VERY_HIGH,P0,MISSING,,OPENFOODFACTS_VERIFIED,Open Food Facts — Al marai Banana Milk,https://world.openfoodfacts.org/product/6281007038980,6281007038980,150ml,150 ml,100,72.0,3.4,11.33,1.33,0.0,11.33,52.0,FULL,MEDIUM,,,,Al marai Banana Milk,,0.934,,,المراعي,Almarai,تغطية OpenFoodFacts للسوق السعودي ضحلة (١٦٤٩٢ منتجًا إجماليًا، وعمق كل علامة عشرات مقابل مئات فعلية) — تُستخدم للتقاطع بالباركود لا كمصدر أول. المصدر المفضّل: كتالوج المصنّع أو كتالوج التجزئة السعودي.
QGAP-00925,READY_FULL,,المراعي حليب مبخر,Almarai evaporated milk,المراعي,Almarai,Almarai,PACKAGED,ألبان,حليب,evaporated milk,,KSA,KSA,YES,VERY_HIGH,P0,MISSING,,OPENFOODFACTS_VERIFIED,Open Food Facts — Evaporated milk,https://world.openfoodfacts.org/product/6281007035187,6281007035187,170 g,لكل 100غ,100,150.0,6.67,10.0,10.0,0.0,10.0,0.11,FULL,MEDIUM,,,,Evaporated milk,,1.158,,,المراعي,Almarai,تغطية OpenFoodFacts للسوق السعودي ضحلة (١٦٤٩٢ منتجًا إجماليًا، وعمق كل علامة عشرات مقابل مئات فعلية) — تُستخدم للتقاطع بالباركود لا كمصدر أول. المصدر المفضّل: كتالوج المصنّع أو كتالوج التجزئة السعودي.
QGAP-00926,NEEDS_SOURCE,لم يُعثر على مصدر آلي — يحتاج جلبًا من المصنّع أو كتالوج التجزئة,المراعي حليب بودرة,Almarai milk powder,المراعي,Almarai,Almarai,PACKAGED,ألبان,حليب,milk powder,,KSA,UNSPECIFIED,,VERY_HIGH,P0,MISSING,,OFFICIAL_MANUFACTURER,Almarai official product page,,,,,,,,,,,,,NONE,HIGH,,,,,,,,,المراعي,Almarai,تغطية OpenFoodFacts للسوق السعودي ضحلة (١٦٤٩٢ منتجًا إجماليًا، وعمق كل علامة عشرات مقابل مئات فعلية) — تُستخدم للتقاطع بالباركود لا كمصدر أول. المصدر المفضّل: كتالوج المصنّع أو كتالوج التجزئة السعودي.
QGAP-00927,NEEDS_SOURCE,لم يُعثر على مصدر آلي — يحتاج جلبًا من المصنّع أو كتالوج التجزئة,المراعي حليب إبل,Almarai camel milk,المراعي,Almarai,Almarai,PACKAGED,ألبان,حليب,camel milk,,KSA,UNSPECIFIED,,VERY_HIGH,P0,MISSING,,OFFICIAL_MANUFACTURER,Almarai official product page,,,,,,,,,,,,,NONE,HIGH,,,,,,,,,المراعي,Almarai,تغطية OpenFoodFacts للسوق السعودي ضحلة (١٦٤٩٢ منتجًا إجماليًا، وعمق كل علامة عشرات مقابل مئات فعلية) — تُستخدم للتقاطع بالباركود لا كمصدر أول. المصدر المفضّل: كتالوج المصنّع أو كتالوج التجزئة السعودي.
QGAP-00928,NEEDS_HUMAN_REVIEW,الأصل العام موجود في قِمّة — يُحسم بشريًا إن كان المتغيّر يستحق صفًّا مستقلًا,المراعي زبادي يوناني سادة,Almarai Greek yogurt plain,المراعي,Almarai,Almarai,PACKAGED,ألبان,زبادي ولبن,Greek yogurt plain,,KSA,UNSPECIFIED,,VERY_HIGH,P0,EXISTS_GENERIC_ONLY,greek-yogurt · زبادي يوناني,OFFICIAL_MANUFACTURER,Almarai official product page,,,,,,,,,,,,,NONE,MEDIUM,,,,,,,,,المراعي,Almarai,تغطية OpenFoodFacts للسوق السعودي ضحلة (١٦٤٩٢ منتجًا إجماليًا، وعمق كل علامة عشرات مقابل مئات فعلية) — تُستخدم للتقاطع بالباركود لا كمصدر أول. المصدر المفضّل: كتالوج المصنّع أو كتالوج التجزئة السعودي.
QGAP-00929,NEEDS_HUMAN_REVIEW,الأصل العام موجود في قِمّة — يُحسم بشريًا إن كان المتغيّر يستحق صفًّا مستقلًا,المراعي زبادي يوناني بالفواكه,Almarai Greek yogurt fruit,المراعي,Almarai,Almarai,PACKAGED,ألبان,زبادي ولبن,Greek yogurt fruit,,KSA,UNSPECIFIED,,VERY_HIGH,P0,EXISTS_GENERIC_ONLY,greek-yogurt · زبادي يوناني,OFFICIAL_MANUFACTURER,Almarai official product page,,,,,,,,,,,,,NONE,MEDIUM,,,,,,,,,المراعي,Almarai,تغطية OpenFoodFacts للسوق السعودي ضحلة (١٦٤٩٢ منتجًا إجماليًا، وعمق كل علامة عشرات مقابل مئات فعلية) — تُستخدم للتقاطع بالباركود لا كمصدر أول. المصدر المفضّل: كتالوج المصنّع أو كتالوج التجزئة السعودي.
QGAP-00930,READY_FULL,,المراعي زبادي قليل الدسم,Almarai low-fat yogurt,المراعي,Almarai,Almarai,PACKAGED,ألبان,زبادي ولبن,low-fat yogurt,,KSA,KSA,YES,VERY_HIGH,P0,MISSING,,OPENFOODFACTS_VERIFIED,Open Food Facts — Fresh Yogurt Low Fat,https://world.openfoodfacts.org/product/6281007024020,6281007024020,,1 serving (170 g),100,57.65,4.76,6.41,1.12,0.06,6.41,70.0,FULL,MEDIUM,,,,Fresh Yogurt Low Fat,,0.945,,,المراعي,Almarai,تغطية OpenFoodFacts للسوق السعودي ضحلة (١٦٤٩٢ منتجًا إجماليًا، وعمق كل علامة عشرات مقابل مئات فعلية) — تُستخدم للتقاطع بالباركود لا كمصدر أول. المصدر المفضّل: كتالوج المصنّع أو كتالوج التجزئة السعودي.
QGAP-00931,NEEDS_SOURCE,لم يُعثر على مصدر آلي — يحتاج جلبًا من المصنّع أو كتالوج التجزئة,المراعي زبادي بالفواكه,Almarai fruit yogurt,المراعي,Almarai,Almarai,PACKAGED,ألبان,زبادي ولبن,fruit yogurt,,KSA,UNSPECIFIED,,VERY_HIGH,P0,MISSING,,OFFICIAL_MANUFACTURER,Almarai official product page,,,,,,,,,,,,,NONE,HIGH,,,,,,,,,المراعي,Almarai,تغطية OpenFoodFacts للسوق السعودي ضحلة (١٦٤٩٢ منتجًا إجماليًا، وعمق كل علامة عشرات مقابل مئات فعلية) — تُستخدم للتقاطع بالباركود لا كمصدر أول. المصدر المفضّل: كتالوج المصنّع أو كتالوج التجزئة السعودي.
QGAP-00932,NEEDS_SOURCE,لم يُعثر على مصدر آلي — يحتاج جلبًا من المصنّع أو كتالوج التجزئة,المراعي لبن خالي الدسم,Almarai skimmed laban,المراعي,Almarai,Almarai,PACKAGED,ألبان,زبادي ولبن,skimmed laban,,KSA,UNSPECIFIED,,VERY_HIGH,P0,MISSING,,OFFICIAL_MANUFACTURER,Almarai official product page,,,,,,,,,,,,,NONE,HIGH,,,,,,,,,المراعي,Almarai,تغطية OpenFoodFacts للسوق السعودي ضحلة (١٦٤٩٢ منتجًا إجماليًا، وعمق كل علامة عشرات مقابل مئات فعلية) — تُستخدم للتقاطع بالباركود لا كمصدر أول. المصدر المفضّل: كتالوج المصنّع أو كتالوج التجزئة السعودي.
QGAP-00933,NEEDS_SOURCE,لم يُعثر على مصدر آلي — يحتاج جلبًا من المصنّع أو كتالوج التجزئة,المراعي لبن بالنعناع,Almarai mint laban,المراعي,Almarai,Almarai,PACKAGED,ألبان,زبادي ولبن,mint laban,,KSA,UNSPECIFIED,,VERY_HIGH,P0,MISSING,,OFFICIAL_MANUFACTURER,Almarai official product page,,,,,,,,,,,,,NONE,HIGH,,,,,,,,,المراعي,Almarai,تغطية OpenFoodFacts للسوق السعودي ضحلة (١٦٤٩٢ منتجًا إجماليًا، وعمق كل علامة عشرات مقابل مئات فعلية) — تُستخدم للتقاطع بالباركود لا كمصدر أول. المصدر المفضّل: كتالوج المصنّع أو كتالوج التجزئة السعودي.
QGAP-00934,READY_FULL,,المراعي لبن زبادي كامل الدسم,Almarai full-fat laban,المراعي,Almarai,Almarai,PACKAGED,ألبان,زبادي ولبن,full-fat laban,,KSA,KSA,YES,VERY_HIGH,P0,MISSING,,OPENFOODFACTS_VERIFIED,Open Food Facts — Almarai fresh laban full fat,https://world.openfoodfacts.org/product/6281007023122,6281007023122,180,180 g,100,62.22,3.16,4.61,3.44,,4.61,53.89,FULL,MEDIUM,,,,Almarai fresh laban full fat,لبن المراعي صغير,0.966,,,المراعي,Almarai,تغطية OpenFoodFacts للسوق السعودي ضحلة (١٦٤٩٢ منتجًا إجماليًا، وعمق كل علامة عشرات مقابل مئات فعلية) — تُستخدم للتقاطع بالباركود لا كمصدر أول. المصدر المفضّل: كتالوج المصنّع أو كتالوج التجزئة السعودي.
QGAP-00935,NEEDS_SOURCE,لم يُعثر على مصدر آلي — يحتاج جلبًا من المصنّع أو كتالوج التجزئة,المراعي رايب,Almarai rayeb,المراعي,Almarai,Almarai,PACKAGED,ألبان,زبادي ولبن,rayeb,,KSA,UNSPECIFIED,,VERY_HIGH,P0,MISSING,,OFFICIAL_MANUFACTURER,Almarai official product page,,,,,,,,,,,,,NONE,HIGH,,,,,,,,,المراعي,Almarai,تغطية OpenFoodFacts للسوق السعودي ضحلة (١٦٤٩٢ منتجًا إجماليًا، وعمق كل علامة عشرات مقابل مئات فعلية) — تُستخدم للتقاطع بالباركود لا كمصدر أول. المصدر المفضّل: كتالوج المصنّع أو كتالوج التجزئة السعودي.
QGAP-00936,NEEDS_SOURCE,لم يُعثر على مصدر آلي — يحتاج جلبًا من المصنّع أو كتالوج التجزئة,المراعي زبادي أطفال,Almarai kids yogurt,المراعي,Almarai,Almarai,PACKAGED,ألبان,زبادي ولبن,kids yogurt,,KSA,UNSPECIFIED,,VERY_HIGH,P0,MISSING,,OFFICIAL_MANUFACTURER,Almarai official product page,,,,,,,,,,,,,NONE,HIGH,,,,,,,,,المراعي,Almarai,تغطية OpenFoodFacts للسوق السعودي ضحلة (١٦٤٩٢ منتجًا إجماليًا، وعمق كل علامة عشرات مقابل مئات فعلية) — تُستخدم للتقاطع بالباركود لا كمصدر أول. المصدر المفضّل: كتالوج المصنّع أو كتالوج التجزئة السعودي.
QGAP-00937,NEEDS_HUMAN_REVIEW,الأصل العام موجود في قِمّة — يُحسم بشريًا إن كان المتغيّر يستحق صفًّا مستقلًا,المراعي جبن كريمي,Almarai cream cheese,المراعي,Almarai,Almarai,PACKAGED,ألبان,أجبان وقشطة,cream cheese,,KSA,KSA,YES,VERY_HIGH,P0,EXISTS_GENERIC_ONLY,cream-cheese · جبن كريمي,OPENFOODFACTS_VERIFIED,Open Food Facts — Almarai Cream Cheese,https://world.openfoodfacts.org/product/6281007023955,6281007023955,108g - 6 portions,100g,100,100.0,2.0,1.0,10.0,,1.0,127.0,NONE,MEDIUM,,,,Almarai Cream Cheese,جبن مراعي مربعات,1.189,,,المراعي,Almarai,تغطية OpenFoodFacts للسوق السعودي ضحلة (١٦٤٩٢ منتجًا إجماليًا، وعمق كل علامة عشرات مقابل مئات فعلية) — تُستخدم للتقاطع بالباركود لا كمصدر أول. المصدر المفضّل: كتالوج المصنّع أو كتالوج التجزئة السعودي.
QGAP-00938,NEEDS_SOURCE,لم يُعثر على مصدر آلي — يحتاج جلبًا من المصنّع أو كتالوج التجزئة,المراعي جبن مثلثات,Almarai cheese triangles,المراعي,Almarai,Almarai,PACKAGED,ألبان,أجبان وقشطة,cheese triangles,,KSA,UNSPECIFIED,,VERY_HIGH,P0,MISSING,,OFFICIAL_MANUFACTURER,Almarai official product page,,,,,,,,,,,,,NONE,HIGH,,,,,,,,,المراعي,Almarai,تغطية OpenFoodFacts للسوق السعودي ضحلة (١٦٤٩٢ منتجًا إجماليًا، وعمق كل علامة عشرات مقابل مئات فعلية) — تُستخدم للتقاطع بالباركود لا كمصدر أول. المصدر المفضّل: كتالوج المصنّع أو كتالوج التجزئة السعودي.
QGAP-00939,NEEDS_SOURCE,لم يُعثر على مصدر آلي — يحتاج جلبًا من المصنّع أو كتالوج التجزئة,المراعي جبن شرائح موزاريلا,Almarai mozzarella slices,المراعي,Almarai,Almarai,PACKAGED,ألبان,أجبان وقشطة,mozzarella slices,,KSA,UNSPECIFIED,,VERY_HIGH,P0,MISSING,,OFFICIAL_MANUFACTURER,Almarai official product page,,,,,,,,,,,,,NONE,HIGH,,,,,,,,,المراعي,Almarai,تغطية OpenFoodFacts للسوق السعودي ضحلة (١٦٤٩٢ منتجًا إجماليًا، وعمق كل علامة عشرات مقابل مئات فعلية) — تُستخدم للتقاطع بالباركود لا كمصدر أول. المصدر المفضّل: كتالوج المصنّع أو كتالوج التجزئة السعودي.
QGAP-00940,NEEDS_HUMAN_REVIEW,الأصل العام موجود في قِمّة — يُحسم بشريًا إن كان المتغيّر يستحق صفًّا مستقلًا,المراعي جبن فيتا,Almarai feta cheese,المراعي,Almarai,Almarai,PACKAGED,ألبان,أجبان وقشطة,feta cheese,,KSA,KSA,YES,VERY_HIGH,P0,EXISTS_GENERIC_ONLY,feta-cheese · جبن فيتا,OPENFOODFACTS_VERIFIED,Open Food Facts — Feta Cheese,https://world.openfoodfacts.org/product/6281007031240,6281007031240,,30 g,100,186.67,14.5,5.3,11.6,0.0,5.3,480.0,NONE,MEDIUM,,,,Feta Cheese,جبن فيتا لايت,1.149,,,المراعي,Almarai,تغطية OpenFoodFacts للسوق السعودي ضحلة (١٦٤٩٢ منتجًا إجماليًا، وعمق كل علامة عشرات مقابل مئات فعلية) — تُستخدم للتقاطع بالباركود لا كمصدر أول. المصدر المفضّل: كتالوج المصنّع أو كتالوج التجزئة السعودي.
QGAP-00941,NEEDS_HUMAN_REVIEW,الأصل العام موجود في قِمّة — يُحسم بشريًا إن كان المتغيّر يستحق صفًّا مستقلًا,المراعي جبن حلوم,Almarai halloumi,المراعي,Almarai,Almarai,PACKAGED,ألبان,أجبان وقشطة,halloumi,,KSA,UNSPECIFIED,,VERY_HIGH,P0,EXISTS_GENERIC_ONLY,halloumi · جبن حلوم,OFFICIAL_MANUFACTURER,Almarai official product page,,,,,,,,,,,,,NONE,MEDIUM,,,,,,,,,المراعي,Almarai,تغطية OpenFoodFacts للسوق السعودي ضحلة (١٦٤٩٢ منتجًا إجماليًا، وعمق كل علامة عشرات مقابل مئات فعلية) — تُستخدم للتقاطع بالباركود لا كمصدر أول. المصدر المفضّل: كتالوج المصنّع أو كتالوج التجزئة السعودي.
QGAP-00942,NEEDS_HUMAN_REVIEW,الأصل العام موجود في قِمّة — يُحسم بشريًا إن كان المتغيّر يستحق صفًّا مستقلًا,المراعي لبنة,Almarai labneh,المراعي,Almarai,Almarai,PACKAGED,ألبان,أجبان وقشطة,labneh,,KSA,KSA,YES,VERY_HIGH,P0,EXISTS_GENERIC_ONLY,labneh · لبنة,OPENFOODFACTS_VERIFIED,Open Food Facts — Labneh,https://world.openfoodfacts.org/product/6281007026017,6281007026017,400 gm,1 serving (55 g),100,198.18,6.18,4.54,18.18,,0.0,0.0,NONE,MEDIUM,,,,Labneh,,1.166,,,المراعي,Almarai,تغطية OpenFoodFacts للسوق السعودي ضحلة (١٦٤٩٢ منتجًا إجماليًا، وعمق كل علامة عشرات مقابل مئات فعلية) — تُستخدم للتقاطع بالباركود لا كمصدر أول. المصدر المفضّل: كتالوج المصنّع أو كتالوج التجزئة السعودي.
QGAP-00943,NEEDS_SOURCE,لم يُعثر على مصدر آلي — يحتاج جلبًا من المصنّع أو كتالوج التجزئة,المراعي لبنة لايت,Almarai light labneh,المراعي,Almarai,Almarai,PACKAGED,ألبان,أجبان وقشطة,light labneh,,KSA,UNSPECIFIED,,VERY_HIGH,P0,MISSING,,OFFICIAL_MANUFACTURER,Almarai official product page,,,,,,,,,,,,,NONE,HIGH,,,,,,,,,المراعي,Almarai,تغطية OpenFoodFacts للسوق السعودي ضحلة (١٦٤٩٢ منتجًا إجماليًا، وعمق كل علامة عشرات مقابل مئات فعلية) — تُستخدم للتقاطع بالباركود لا كمصدر أول. المصدر المفضّل: كتالوج المصنّع أو كتالوج التجزئة السعودي.
QGAP-00944,NEEDS_SOURCE,لم يُعثر على مصدر آلي — يحتاج جلبًا من المصنّع أو كتالوج التجزئة,المراعي جبن شيدر مبشور,Almarai shredded cheddar,المراعي,Almarai,Almarai,PACKAGED,ألبان,أجبان وقشطة,shredded cheddar,,KSA,UNSPECIFIED,,VERY_HIGH,P0,MISSING,,OFFICIAL_MANUFACTURER,Almarai official product page,,,,,,,,,,,,,NONE,HIGH,,,,,,,,,المراعي,Almarai,تغطية OpenFoodFacts للسوق السعودي ضحلة (١٦٤٩٢ منتجًا إجماليًا، وعمق كل علامة عشرات مقابل مئات فعلية) — تُستخدم للتقاطع بالباركود لا كمصدر أول. المصدر المفضّل: كتالوج المصنّع أو كتالوج التجزئة السعودي.
QGAP-00945,READY_FULL,,المراعي قشطة طبخ,Almarai cooking cream,المراعي,Almarai,Almarai,PACKAGED,ألبان,أجبان وقشطة,cooking cream,,KSA,KSA,YES,VERY_HIGH,P0,MISSING,,OPENFOODFACTS_VERIFIED,Open Food Facts — cooking cream,https://world.openfoodfacts.org/product/6281007031202,6281007031202,500ml,30 ml,100,263.33,3.0,3.67,26.67,,0.69,60.0,FULL,MEDIUM,,,,cooking cream,,1.167,,,المراعي,Almarai,تغطية OpenFoodFacts للسوق السعودي ضحلة (١٦٤٩٢ منتجًا إجماليًا، وعمق كل علامة عشرات مقابل مئات فعلية) — تُستخدم للتقاطع بالباركود لا كمصدر أول. المصدر المفضّل: كتالوج المصنّع أو كتالوج التجزئة السعودي.
QGAP-00946,NEEDS_HUMAN_REVIEW,الأصل العام موجود في قِمّة — يُحسم بشريًا إن كان المتغيّر يستحق صفًّا مستقلًا,المراعي زبدة,Almarai butter,المراعي,Almarai,Almarai,PACKAGED,ألبان,أجبان وقشطة,butter,,KSA,KSA,YES,VERY_HIGH,P0,EXISTS_GENERIC_ONLY,butter · زبدة,OPENFOODFACTS_VERIFIED,Open Food Facts — Butter Croissant,https://world.openfoodfacts.org/product/6281007041980,6281007041980,,85g,100,421.18,11.06,41.18,23.53,,10.12,291.76,NONE,MEDIUM,,,,Butter Croissant,تصبيرة كرواسان الزبدة,0.894,,,المراعي,Almarai,تغطية OpenFoodFacts للسوق السعودي ضحلة (١٦٤٩٢ منتجًا إجماليًا، وعمق كل علامة عشرات مقابل مئات فعلية) — تُستخدم للتقاطع بالباركود لا كمصدر أول. المصدر المفضّل: كتالوج المصنّع أو كتالوج التجزئة السعودي.
QGAP-00947,NEEDS_SOURCE,لم يُعثر على مصدر آلي — يحتاج جلبًا من المصنّع أو كتالوج التجزئة,المراعي سمن,Almarai ghee,المراعي,Almarai,Almarai,PACKAGED,ألبان,أجبان وقشطة,ghee,,KSA,UNSPECIFIED,,VERY_HIGH,P0,MISSING,,OFFICIAL_MANUFACTURER,Almarai official product page,,,,,,,,,,,,,NONE,HIGH,,,,,,,,,المراعي,Almarai,تغطية OpenFoodFacts للسوق السعودي ضحلة (١٦٤٩٢ منتجًا إجماليًا، وعمق كل علامة عشرات مقابل مئات فعلية) — تُستخدم للتقاطع بالباركود لا كمصدر أول. المصدر المفضّل: كتالوج المصنّع أو كتالوج التجزئة السعودي.
QGAP-00948,NEEDS_HUMAN_REVIEW,الأصل العام موجود في قِمّة — يُحسم بشريًا إن كان المتغيّر يستحق صفًّا مستقلًا,المراعي عصير برتقال,Almarai orange juice,المراعي,Almarai,Almarai,PACKAGED,مشروبات,عصائر,orange juice,,KSA,KSA,YES,VERY_HIGH,P1,EXISTS_GENERIC_ONLY,orange-juice · عصير برتقال,OPENFOODFACTS_VERIFIED,Open Food Facts — Orange Juice,https://world.openfoodfacts.org/product/6281007070737,6281007070737,,1 portion (200 ml),100,46.0,0.5,11.0,0.0,0.2,10.5,4.3,NONE,MEDIUM,,,,Orange Juice,,1.149,,,المراعي,Almarai,تغطية OpenFoodFacts للسوق السعودي ضحلة (١٦٤٩٢ منتجًا إجماليًا، وعمق كل علامة عشرات مقابل مئات فعلية) — تُستخدم للتقاطع بالباركود لا كمصدر أول. المصدر المفضّل: كتالوج المصنّع أو كتالوج التجزئة السعودي.
QGAP-00949,NEEDS_HUMAN_REVIEW,الأصل العام موجود في قِمّة — يُحسم بشريًا إن كان المتغيّر يستحق صفًّا مستقلًا,المراعي عصير تفاح,Almarai apple juice,المراعي,Almarai,Almarai,PACKAGED,مشروبات,عصائر,apple juice,,KSA,KSA,YES,VERY_HIGH,P1,EXISTS_GENERIC_ONLY,apple-juice · عصير تفاح,OPENFOODFACTS_VERIFIED,Open Food Facts — Apple Juice المراعي,https://world.openfoodfacts.org/product/6281007055376,6281007055376,,لكل 100غ,100,46.0,0.33,11.0,0.0,0.23,11.0,,NONE,MEDIUM,,,,Apple Juice المراعي,,1.148,,,المراعي,Almarai,تغطية OpenFoodFacts للسوق السعودي ضحلة (١٦٤٩٢ منتجًا إجماليًا، وعمق كل علامة عشرات مقابل مئات فعلية) — تُستخدم للتقاطع بالباركود لا كمصدر أول. المصدر المفضّل: كتالوج المصنّع أو كتالوج التجزئة السعودي.
QGAP-00950,NEEDS_HUMAN_REVIEW,الأصل العام موجود في قِمّة — يُحسم بشريًا إن كان المتغيّر يستحق صفًّا مستقلًا,المراعي عصير مانجو,Almarai mango juice,المراعي,Almarai,Almarai,PACKAGED,مشروبات,عصائر,mango juice,,KSA,UNSPECIFIED,,VERY_HIGH,P1,EXISTS_GENERIC_ONLY,mango-juice · عصير مانجو,OFFICIAL_MANUFACTURER,Almarai official product page,,,,,,,,,,,,,NONE,MEDIUM,,,,,,,,,المراعي,Almarai,تغطية OpenFoodFacts للسوق السعودي ضحلة (١٦٤٩٢ منتجًا إجماليًا، وعمق كل علامة عشرات مقابل مئات فعلية) — تُستخدم للتقاطع بالباركود لا كمصدر أول. المصدر المفضّل: كتالوج المصنّع أو كتالوج التجزئة السعودي.
QGAP-00951,NEEDS_SOURCE,لم يُعثر على مصدر آلي — يحتاج جلبًا من المصنّع أو كتالوج التجزئة,المراعي عصير فراولة موز,Almarai strawberry banana juice,المراعي,Almarai,Almarai,PACKAGED,مشروبات,عصائر,strawberry banana juice,,KSA,UNSPECIFIED,,VERY_HIGH,P1,MISSING,,OFFICIAL_MANUFACTURER,Almarai official product page,,,,,,,,,,,,,NONE,HIGH,,,,,,,,,المراعي,Almarai,تغطية OpenFoodFacts للسوق السعودي ضحلة (١٦٤٩٢ منتجًا إجماليًا، وعمق كل علامة عشرات مقابل مئات فعلية) — تُستخدم للتقاطع بالباركود لا كمصدر أول. المصدر المفضّل: كتالوج المصنّع أو كتالوج التجزئة السعودي.
QGAP-00952,NEEDS_SOURCE,لم يُعثر على مصدر آلي — يحتاج جلبًا من المصنّع أو كتالوج التجزئة,المراعي عصير كوكتيل,Almarai cocktail juice,المراعي,Almarai,Almarai,PACKAGED,مشروبات,عصائر,cocktail juice,,KSA,UNSPECIFIED,,VERY_HIGH,P1,MISSING,,OFFICIAL_MANUFACTURER,Almarai official product page,,,,,,,,,,,,,NONE,HIGH,,,,,,,,,المراعي,Almarai,تغطية OpenFoodFacts للسوق السعودي ضحلة (١٦٤٩٢ منتجًا إجماليًا، وعمق كل علامة عشرات مقابل مئات فعلية) — تُستخدم للتقاطع بالباركود لا كمصدر أول. المصدر المفضّل: كتالوج المصنّع أو كتالوج التجزئة السعودي.
QGAP-00953,NEEDS_HUMAN_REVIEW,الأصل العام موجود في قِمّة — يُحسم بشريًا إن كان المتغيّر يستحق صفًّا مستقلًا,المراعي عصير رمان,Almarai pomegranate juice,المراعي,Almarai,Almarai,PACKAGED,مشروبات,عصائر,pomegranate juice,,KSA,KSA,YES,VERY_HIGH,P1,EXISTS_GENERIC_ONLY,pomegranate-juice · عصير رمان,OPENFOODFACTS_VERIFIED,Open Food Facts — Pomegranate Juice No Added Sugar,https://world.openfoodfacts.org/product/6281007070843,6281007070843,,1 portion (200 ml),100,47.5,0.0,11.5,0.0,0.25,11.0,0.0,NONE,MEDIUM,,,,Pomegranate Juice No Added Sugar,المراعي شراب رمان كبير,0.731,,,المراعي,Almarai,تغطية OpenFoodFacts للسوق السعودي ضحلة (١٦٤٩٢ منتجًا إجماليًا، وعمق كل علامة عشرات مقابل مئات فعلية) — تُستخدم للتقاطع بالباركود لا كمصدر أول. المصدر المفضّل: كتالوج المصنّع أو كتالوج التجزئة السعودي.
QGAP-00954,NEEDS_HUMAN_REVIEW,الأصل العام موجود في قِمّة — يُحسم بشريًا إن كان المتغيّر يستحق صفًّا مستقلًا,المراعي عصير ليمون نعناع,Almarai lemon mint juice,المراعي,Almarai,Almarai,PACKAGED,مشروبات,عصائر,lemon mint juice,,KSA,UNSPECIFIED,,VERY_HIGH,P1,EXISTS_GENERIC_ONLY,lemon-mint · ليمون نعناع,OFFICIAL_MANUFACTURER,Almarai official product page,,,,,,,,,,,,,NONE,MEDIUM,,,,,,,,,المراعي,Almarai,تغطية OpenFoodFacts للسوق السعودي ضحلة (١٦٤٩٢ منتجًا إجماليًا، وعمق كل علامة عشرات مقابل مئات فعلية) — تُستخدم للتقاطع بالباركود لا كمصدر أول. المصدر المفضّل: كتالوج المصنّع أو كتالوج التجزئة السعودي.
QGAP-00955,NEEDS_HUMAN_REVIEW,الأصل العام موجود في قِمّة — يُحسم بشريًا إن كان المتغيّر يستحق صفًّا مستقلًا,المراعي عصير أناناس,Almarai pineapple juice,المراعي,Almarai,Almarai,PACKAGED,مشروبات,عصائر,pineapple juice,,KSA,UNSPECIFIED,,VERY_HIGH,P1,EXISTS_GENERIC_ONLY,apple-juice · عصير تفاح,OFFICIAL_MANUFACTURER,Almarai official product page,,,,,,,,,,,,,NONE,MEDIUM,,,,,,,,,المراعي,Almarai,تغطية OpenFoodFacts للسوق السعودي ضحلة (١٦٤٩٢ منتجًا إجماليًا، وعمق كل علامة عشرات مقابل مئات فعلية) — تُستخدم للتقاطع بالباركود لا كمصدر أول. المصدر المفضّل: كتالوج المصنّع أو كتالوج التجزئة السعودي.
QGAP-00956,NEEDS_SOURCE,لم يُعثر على مصدر آلي — يحتاج جلبًا من المصنّع أو كتالوج التجزئة,المراعي عصير جوافة,Almarai guava juice,المراعي,Almarai,Almarai,PACKAGED,مشروبات,عصائر,guava juice,,KSA,UNSPECIFIED,,VERY_HIGH,P1,MISSING,,OFFICIAL_MANUFACTURER,Almarai official product page,,,,,,,,,,,,,NONE,HIGH,,,,,,,,,المراعي,Almarai,تغطية OpenFoodFacts للسوق السعودي ضحلة (١٦٤٩٢ منتجًا إجماليًا، وعمق كل علامة عشرات مقابل مئات فعلية) — تُستخدم للتقاطع بالباركود لا كمصدر أول. المصدر المفضّل: كتالوج المصنّع أو كتالوج التجزئة السعودي.
QGAP-00957,NEEDS_SOURCE,لم يُعثر على مصدر آلي — يحتاج جلبًا من المصنّع أو كتالوج التجزئة,المراعي عصير قليل السكر,Almarai low-sugar juice,المراعي,Almarai,Almarai,PACKAGED,مشروبات,عصائر,low-sugar juice,,KSA,UNSPECIFIED,,VERY_HIGH,P1,MISSING,,OFFICIAL_MANUFACTURER,Almarai official product page,,,,,,,,,,,,,NONE,HIGH,,,,,,,,,المراعي,Almarai,تغطية OpenFoodFacts للسوق السعودي ضحلة (١٦٤٩٢ منتجًا إجماليًا، وعمق كل علامة عشرات مقابل مئات فعلية) — تُستخدم للتقاطع بالباركود لا كمصدر أول. المصدر المفضّل: كتالوج المصنّع أو كتالوج التجزئة السعودي.
QGAP-00958,NEEDS_SOURCE,لم يُعثر على مصدر آلي — يحتاج جلبًا من المصنّع أو كتالوج التجزئة,المراعي كيك مارتينيلا,Almarai Martinella cake,المراعي,Almarai,Almarai,PACKAGED,فطور,مخبوزات وحلويات,Martinella cake,,KSA,UNSPECIFIED,,HIGH,P1,MISSING,,OFFICIAL_MANUFACTURER,Almarai official product page,,,,,,,,,,,,,NONE,HIGH,,,,,,,,,المراعي,Almarai,تغطية OpenFoodFacts للسوق السعودي ضحلة (١٦٤٩٢ منتجًا إجماليًا، وعمق كل علامة عشرات مقابل مئات فعلية) — تُستخدم للتقاطع بالباركود لا كمصدر أول. المصدر المفضّل: كتالوج المصنّع أو كتالوج التجزئة السعودي.
QGAP-00959,NEEDS_HUMAN_REVIEW,الأصل العام موجود في قِمّة — يُحسم بشريًا إن كان المتغيّر يستحق صفًّا مستقلًا,المراعي كرواسون,Almarai croissant,المراعي,Almarai,Almarai,PACKAGED,فطور,مخبوزات وحلويات,croissant,,KSA,KSA,YES,HIGH,P1,EXISTS_GENERIC_ONLY,croissant · كرواسون,OPENFOODFACTS_VERIFIED,Open Food Facts — Croissant,https://world.openfoodfacts.org/product/6281007041584,6281007041584,100 g,1 serving (100 g),100,486.0,8.0,43.0,31.0,2.0,15.0,126.0,NONE,MEDIUM,,,,Croissant,,1.169,,,المراعي,Almarai,تغطية OpenFoodFacts للسوق السعودي ضحلة (١٦٤٩٢ منتجًا إجماليًا، وعمق كل علامة عشرات مقابل مئات فعلية) — تُستخدم للتقاطع بالباركود لا كمصدر أول. المصدر المفضّل: كتالوج المصنّع أو كتالوج التجزئة السعودي.
QGAP-00960,NEEDS_SOURCE,لم يُعثر على مصدر آلي — يحتاج جلبًا من المصنّع أو كتالوج التجزئة,المراعي آيس كريم,Almarai ice cream,المراعي,Almarai,Almarai,PACKAGED,فطور,مخبوزات وحلويات,ice cream,,KSA,UNSPECIFIED,,HIGH,P1,MISSING,,OFFICIAL_MANUFACTURER,Almarai official product page,,,,,,,,,,,,,NONE,HIGH,,,,,,,,,المراعي,Almarai,تغطية OpenFoodFacts للسوق السعودي ضحلة (١٦٤٩٢ منتجًا إجماليًا، وعمق كل علامة عشرات مقابل مئات فعلية) — تُستخدم للتقاطع بالباركود لا كمصدر أول. المصدر المفضّل: كتالوج المصنّع أو كتالوج التجزئة السعودي.
QGAP-00961,NEEDS_SOURCE,لم يُعثر على مصدر آلي — يحتاج جلبًا من المصنّع أو كتالوج التجزئة,المراعي قشطة,Almarai qishta cream,المراعي,Almarai,Almarai,PACKAGED,فطور,مخبوزات وحلويات,qishta cream,,KSA,UNSPECIFIED,,HIGH,P1,MISSING,,OFFICIAL_MANUFACTURER,Almarai official product page,,,,,,,,,,,,,NONE,HIGH,,,,,,,,,المراعي,Almarai,تغطية OpenFoodFacts للسوق السعودي ضحلة (١٦٤٩٢ منتجًا إجماليًا، وعمق كل علامة عشرات مقابل مئات فعلية) — تُستخدم للتقاطع بالباركود لا كمصدر أول. المصدر المفضّل: كتالوج المصنّع أو كتالوج التجزئة السعودي.
QGAP-00962,NEEDS_HUMAN_REVIEW,الأصل العام موجود في قِمّة — يُحسم بشريًا إن كان المتغيّر يستحق صفًّا مستقلًا,المراعي كاسترد,Almarai custard,المراعي,Almarai,Almarai,PACKAGED,فطور,مخبوزات وحلويات,custard,,KSA,KSA,YES,HIGH,P1,EXISTS_GENERIC_ONLY,gcc-38 · كاسترد,OPENFOODFACTS_VERIFIED,Open Food Facts — Vanilla dessert CUSTARD,https://world.openfoodfacts.org/product/6281007046046,6281007046046,85غم,85g,100,151.76,3.53,22.35,5.88,0.0,17.65,70.59,NONE,MEDIUM,,,,Vanilla dessert CUSTARD,حلى فانيلا المراعي,0.72,,,المراعي,Almarai,تغطية OpenFoodFacts للسوق السعودي ضحلة (١٦٤٩٢ منتجًا إجماليًا، وعمق كل علامة عشرات مقابل مئات فعلية) — تُستخدم للتقاطع بالباركود لا كمصدر أول. المصدر المفضّل: كتالوج المصنّع أو كتالوج التجزئة السعودي.
QGAP-00963,NEEDS_SOURCE,لم يُعثر على مصدر آلي — يحتاج جلبًا من المصنّع أو كتالوج التجزئة,نادك حليب خالي الدسم,NADEC skimmed milk,نادك,NADEC,NADEC,PACKAGED,ألبان,حليب وألبان,skimmed milk,,KSA,UNSPECIFIED,,VERY_HIGH,P0,MISSING,,OFFICIAL_MANUFACTURER,NADEC official product page,,,,,,,,,,,,,NONE,HIGH,,,,,,,,,نادك,NADEC,تغطية OpenFoodFacts للسوق السعودي ضحلة (١٦٤٩٢ منتجًا إجماليًا، وعمق كل علامة عشرات مقابل مئات فعلية) — تُستخدم للتقاطع بالباركود لا كمصدر أول. المصدر المفضّل: كتالوج المصنّع أو كتالوج التجزئة السعودي.
QGAP-00964,NEEDS_HUMAN_REVIEW,مطابقة آلية بدرجة 0.835 دون حدّ القبول — تحتاج تأكيدًا,نادك لبن,NADEC laban,نادك,NADEC,NADEC,PACKAGED,ألبان,حليب وألبان,laban,,KSA,KSA,YES,VERY_HIGH,P0,MISSING,,OPENFOODFACTS_VERIFIED,Open Food Facts — Strawberry Laban,https://world.openfoodfacts.org/product/6281057005420,6281057005420,,لكل 100غ,100,77.0,2.9,13.8,1.1,0.0,9.3,,NONE,HIGH,,,,Strawberry Laban,,0.835,,,نادك,NADEC,تغطية OpenFoodFacts للسوق السعودي ضحلة (١٦٤٩٢ منتجًا إجماليًا، وعمق كل علامة عشرات مقابل مئات فعلية) — تُستخدم للتقاطع بالباركود لا كمصدر أول. المصدر المفضّل: كتالوج المصنّع أو كتالوج التجزئة السعودي.
QGAP-00965,NEEDS_SOURCE,لم يُعثر على مصدر آلي — يحتاج جلبًا من المصنّع أو كتالوج التجزئة,نادك زبادي,NADEC yogurt,نادك,NADEC,NADEC,PACKAGED,ألبان,حليب وألبان,yogurt,,KSA,UNSPECIFIED,,VERY_HIGH,P0,MISSING,,OFFICIAL_MANUFACTURER,NADEC official product page,,,,,,,,,,,,,NONE,HIGH,,,,,,,,,نادك,NADEC,تغطية OpenFoodFacts للسوق السعودي ضحلة (١٦٤٩٢ منتجًا إجماليًا، وعمق كل علامة عشرات مقابل مئات فعلية) — تُستخدم للتقاطع بالباركود لا كمصدر أول. المصدر المفضّل: كتالوج المصنّع أو كتالوج التجزئة السعودي.
QGAP-00966,NEEDS_HUMAN_REVIEW,الأصل العام موجود في قِمّة — يُحسم بشريًا إن كان المتغيّر يستحق صفًّا مستقلًا,نادك جبن قشطة,NADEC cream cheese,نادك,NADEC,NADEC,PACKAGED,ألبان,حليب وألبان,cream cheese,,KSA,UNSPECIFIED,,VERY_HIGH,P0,EXISTS_GENERIC_ONLY,cream-cheese · جبن كريمي,OFFICIAL_MANUFACTURER,NADEC official product page,,,,,,,,,,,,,NONE,MEDIUM,,,,,,,,,نادك,NADEC,تغطية OpenFoodFacts للسوق السعودي ضحلة (١٦٤٩٢ منتجًا إجماليًا، وعمق كل علامة عشرات مقابل مئات فعلية) — تُستخدم للتقاطع بالباركود لا كمصدر أول. المصدر المفضّل: كتالوج المصنّع أو كتالوج التجزئة السعودي.
QGAP-00967,NEEDS_HUMAN_REVIEW,الأصل العام موجود في قِمّة — يُحسم بشريًا إن كان المتغيّر يستحق صفًّا مستقلًا,نادك لبنة,NADEC labneh,نادك,NADEC,NADEC,PACKAGED,ألبان,حليب وألبان,labneh,,KSA,UNSPECIFIED,,VERY_HIGH,P0,EXISTS_GENERIC_ONLY,labneh · لبنة,OFFICIAL_MANUFACTURER,NADEC official product page,,,,,,,,,,,,,NONE,MEDIUM,,,,,,,,,نادك,NADEC,تغطية OpenFoodFacts للسوق السعودي ضحلة (١٦٤٩٢ منتجًا إجماليًا، وعمق كل علامة عشرات مقابل مئات فعلية) — تُستخدم للتقاطع بالباركود لا كمصدر أول. المصدر المفضّل: كتالوج المصنّع أو كتالوج التجزئة السعودي.
QGAP-00968,NEEDS_HUMAN_REVIEW,الأصل العام موجود في قِمّة — يُحسم بشريًا إن كان المتغيّر يستحق صفًّا مستقلًا,نادك قشطة,NADEC cream,نادك,NADEC,NADEC,PACKAGED,ألبان,حليب وألبان,cream,,KSA,UNSPECIFIED,,VERY_HIGH,P0,EXISTS_GENERIC_ONLY,nadec-cream-qishta · قشطة نادك,OFFICIAL_MANUFACTURER,NADEC official product page,,,,,,,,,,,,,NONE,MEDIUM,,,,,,,,,نادك,NADEC,تغطية OpenFoodFacts للسوق السعودي ضحلة (١٦٤٩٢ منتجًا إجماليًا، وعمق كل علامة عشرات مقابل مئات فعلية) — تُستخدم للتقاطع بالباركود لا كمصدر أول. المصدر المفضّل: كتالوج المصنّع أو كتالوج التجزئة السعودي.
QGAP-00969,NEEDS_SOURCE,لم يُعثر على مصدر آلي — يحتاج جلبًا من المصنّع أو كتالوج التجزئة,نادك حليب إبل,NADEC camel milk,نادك,NADEC,NADEC,PACKAGED,ألبان,حليب وألبان,camel milk,,KSA,UNSPECIFIED,,VERY_HIGH,P0,MISSING,,OFFICIAL_MANUFACTURER,NADEC official product page,,,,,,,,,,,,,NONE,HIGH,,,,,,,,,نادك,NADEC,تغطية OpenFoodFacts للسوق السعودي ضحلة (١٦٤٩٢ منتجًا إجماليًا، وعمق كل علامة عشرات مقابل مئات فعلية) — تُستخدم للتقاطع بالباركود لا كمصدر أول. المصدر المفضّل: كتالوج المصنّع أو كتالوج التجزئة السعودي.
QGAP-00970,NEEDS_HUMAN_REVIEW,الأصل العام موجود في قِمّة — يُحسم بشريًا إن كان المتغيّر يستحق صفًّا مستقلًا,نادك عصير برتقال,NADEC orange juice,نادك,NADEC,NADEC,PACKAGED,مشروبات,عصائر,orange juice,,KSA,UNSPECIFIED,,HIGH,P1,EXISTS_GENERIC_ONLY,orange-juice · عصير برتقال,OFFICIAL_MANUFACTURER,NADEC official product page,,,,,,,,,,,,,NONE,MEDIUM,,,,,,,,,نادك,NADEC,تغطية OpenFoodFacts للسوق السعودي ضحلة (١٦٤٩٢ منتجًا إجماليًا، وعمق كل علامة عشرات مقابل مئات فعلية) — تُستخدم للتقاطع بالباركود لا كمصدر أول. المصدر المفضّل: كتالوج المصنّع أو كتالوج التجزئة السعودي.
QGAP-00971,NEEDS_HUMAN_REVIEW,الأصل العام موجود في قِمّة — يُحسم بشريًا إن كان المتغيّر يستحق صفًّا مستقلًا,نادك عصير مانجو,NADEC mango juice,نادك,NADEC,NADEC,PACKAGED,مشروبات,عصائر,mango juice,,KSA,UNSPECIFIED,,HIGH,P1,EXISTS_GENERIC_ONLY,mango-juice · عصير مانجو,OFFICIAL_MANUFACTURER,NADEC official product page,,,,,,,,,,,,,NONE,MEDIUM,,,,,,,,,نادك,NADEC,تغطية OpenFoodFacts للسوق السعودي ضحلة (١٦٤٩٢ منتجًا إجماليًا، وعمق كل علامة عشرات مقابل مئات فعلية) — تُستخدم للتقاطع بالباركود لا كمصدر أول. المصدر المفضّل: كتالوج المصنّع أو كتالوج التجزئة السعودي.
QGAP-00972,NEEDS_HUMAN_REVIEW,الأصل العام موجود في قِمّة — يُحسم بشريًا إن كان المتغيّر يستحق صفًّا مستقلًا,نادك عصير تفاح,NADEC apple juice,نادك,NADEC,NADEC,PACKAGED,مشروبات,عصائر,apple juice,,KSA,UNSPECIFIED,,HIGH,P1,EXISTS_GENERIC_ONLY,apple-juice · عصير تفاح,OFFICIAL_MANUFACTURER,NADEC official product page,,,,,,,,,,,,,NONE,MEDIUM,,,,,,,,,نادك,NADEC,تغطية OpenFoodFacts للسوق السعودي ضحلة (١٦٤٩٢ منتجًا إجماليًا، وعمق كل علامة عشرات مقابل مئات فعلية) — تُستخدم للتقاطع بالباركود لا كمصدر أول. المصدر المفضّل: كتالوج المصنّع أو كتالوج التجزئة السعودي.
QGAP-00973,NEEDS_SOURCE,لم يُعثر على مصدر آلي — يحتاج جلبًا من المصنّع أو كتالوج التجزئة,نادك عصير كوكتيل,NADEC mixed juice,نادك,NADEC,NADEC,PACKAGED,مشروبات,عصائر,mixed juice,,KSA,UNSPECIFIED,,HIGH,P1,MISSING,,OFFICIAL_MANUFACTURER,NADEC official product page,,,,,,,,,,,,,NONE,HIGH,,,,,,,,,نادك,NADEC,تغطية OpenFoodFacts للسوق السعودي ضحلة (١٦٤٩٢ منتجًا إجماليًا، وعمق كل علامة عشرات مقابل مئات فعلية) — تُستخدم للتقاطع بالباركود لا كمصدر أول. المصدر المفضّل: كتالوج المصنّع أو كتالوج التجزئة السعودي.
QGAP-00974,NEEDS_SOURCE,لم يُعثر على مصدر آلي — يحتاج جلبًا من المصنّع أو كتالوج التجزئة,ندى لبن,Nada laban,ندى,Nada,Nada,PACKAGED,ألبان,حليب وألبان,laban,,KSA,UNSPECIFIED,,VERY_HIGH,P1,MISSING,,OFFICIAL_MANUFACTURER,Nada official product page,,,,,,,,,,,,,NONE,HIGH,,,,,,,,,ندى,Nada,تغطية OpenFoodFacts للسوق السعودي ضحلة (١٦٤٩٢ منتجًا إجماليًا، وعمق كل علامة عشرات مقابل مئات فعلية) — تُستخدم للتقاطع بالباركود لا كمصدر أول. المصدر المفضّل: كتالوج المصنّع أو كتالوج التجزئة السعودي.
QGAP-00975,NEEDS_SOURCE,لم يُعثر على مصدر آلي — يحتاج جلبًا من المصنّع أو كتالوج التجزئة,ندى زبادي,Nada yogurt,ندى,Nada,Nada,PACKAGED,ألبان,حليب وألبان,yogurt,,KSA,UNSPECIFIED,,VERY_HIGH,P1,MISSING,,OFFICIAL_MANUFACTURER,Nada official product page,,,,,,,,,,,,,NONE,HIGH,,,,,,,,,ندى,Nada,تغطية OpenFoodFacts للسوق السعودي ضحلة (١٦٤٩٢ منتجًا إجماليًا، وعمق كل علامة عشرات مقابل مئات فعلية) — تُستخدم للتقاطع بالباركود لا كمصدر أول. المصدر المفضّل: كتالوج المصنّع أو كتالوج التجزئة السعودي.
QGAP-00976,NEEDS_HUMAN_REVIEW,الأصل العام موجود في قِمّة — يُحسم بشريًا إن كان المتغيّر يستحق صفًّا مستقلًا,ندى لبنة,Nada labneh,ندى,Nada,Nada,PACKAGED,ألبان,حليب وألبان,labneh,,KSA,UNSPECIFIED,,VERY_HIGH,P1,EXISTS_GENERIC_ONLY,labneh · لبنة,OFFICIAL_MANUFACTURER,Nada official product page,,,,,,,,,,,,,NONE,MEDIUM,,,,,,,,,ندى,Nada,تغطية OpenFoodFacts للسوق السعودي ضحلة (١٦٤٩٢ منتجًا إجماليًا، وعمق كل علامة عشرات مقابل مئات فعلية) — تُستخدم للتقاطع بالباركود لا كمصدر أول. المصدر المفضّل: كتالوج المصنّع أو كتالوج التجزئة السعودي.
QGAP-00977,NEEDS_SOURCE,لم يُعثر على مصدر آلي — يحتاج جلبًا من المصنّع أو كتالوج التجزئة,ندى قشطة,Nada cream,ندى,Nada,Nada,PACKAGED,ألبان,حليب وألبان,cream,,KSA,UNSPECIFIED,,VERY_HIGH,P1,MISSING,,OFFICIAL_MANUFACTURER,Nada official product page,,,,,,,,,,,,,NONE,HIGH,,,,,,,,,ندى,Nada,تغطية OpenFoodFacts للسوق السعودي ضحلة (١٦٤٩٢ منتجًا إجماليًا، وعمق كل علامة عشرات مقابل مئات فعلية) — تُستخدم للتقاطع بالباركود لا كمصدر أول. المصدر المفضّل: كتالوج المصنّع أو كتالوج التجزئة السعودي.
QGAP-00978,NEEDS_SOURCE,لم يُعثر على مصدر آلي — يحتاج جلبًا من المصنّع أو كتالوج التجزئة,السعودية حليب طويل الأجل كامل الدسم,Saudia (SADAFCO) UHT full-fat milk,السعودية,Saudia (SADAFCO),Saudia (SADAFCO),PACKAGED,ألبان,حليب وآيس كريم,UHT full-fat milk,,KSA,UNSPECIFIED,,HIGH,P1,MISSING,,OFFICIAL_MANUFACTURER,Saudia (SADAFCO) official product page,,,,,,,,,,,,,NONE,HIGH,,,,,,,,,السعودية,Saudia (SADAFCO),تغطية OpenFoodFacts للسوق السعودي ضحلة (١٦٤٩٢ منتجًا إجماليًا، وعمق كل علامة عشرات مقابل مئات فعلية) — تُستخدم للتقاطع بالباركود لا كمصدر أول. المصدر المفضّل: كتالوج المصنّع أو كتالوج التجزئة السعودي.
QGAP-00979,NEEDS_HUMAN_REVIEW,الأصل العام موجود في قِمّة — يُحسم بشريًا إن كان المتغيّر يستحق صفًّا مستقلًا,السعودية حليب قليل الدسم,Saudia (SADAFCO) low-fat milk,السعودية,Saudia (SADAFCO),Saudia (SADAFCO),PACKAGED,ألبان,حليب وآيس كريم,low-fat milk,,KSA,UNSPECIFIED,,HIGH,P1,EXISTS_GENERIC_ONLY,milk-low-fat · حليب قليل الدسم,OFFICIAL_MANUFACTURER,Saudia (SADAFCO) official product page,,,,,,,,,,,,,NONE,MEDIUM,,,,,,,,,السعودية,Saudia (SADAFCO),تغطية OpenFoodFacts للسوق السعودي ضحلة (١٦٤٩٢ منتجًا إجماليًا، وعمق كل علامة عشرات مقابل مئات فعلية) — تُستخدم للتقاطع بالباركود لا كمصدر أول. المصدر المفضّل: كتالوج المصنّع أو كتالوج التجزئة السعودي.
QGAP-00980,NEEDS_HUMAN_REVIEW,الأصل العام موجود في قِمّة — يُحسم بشريًا إن كان المتغيّر يستحق صفًّا مستقلًا,السعودية حليب بالشوكولاتة,Saudia (SADAFCO) chocolate milk,السعودية,Saudia (SADAFCO),Saudia (SADAFCO),PACKAGED,ألبان,حليب وآيس كريم,chocolate milk,,KSA,UNSPECIFIED,,HIGH,P1,EXISTS_GENERIC_ONLY,chocolate-milk · حليب بالشوكولاتة,OFFICIAL_MANUFACTURER,Saudia (SADAFCO) official product page,,,,,,,,,,,,,NONE,MEDIUM,,,,,,,,,السعودية,Saudia (SADAFCO),تغطية OpenFoodFacts للسوق السعودي ضحلة (١٦٤٩٢ منتجًا إجماليًا، وعمق كل علامة عشرات مقابل مئات فعلية) — تُستخدم للتقاطع بالباركود لا كمصدر أول. المصدر المفضّل: كتالوج المصنّع أو كتالوج التجزئة السعودي.
QGAP-00981,NEEDS_SOURCE,لم يُعثر على مصدر آلي — يحتاج جلبًا من المصنّع أو كتالوج التجزئة,السعودية آيس كريم فانيلا,Saudia (SADAFCO) vanilla ice cream,السعودية,Saudia (SADAFCO),Saudia (SADAFCO),PACKAGED,ألبان,حليب وآيس كريم,vanilla ice cream,,KSA,UNSPECIFIED,,HIGH,P1,MISSING,,OFFICIAL_MANUFACTURER,Saudia (SADAFCO) official product page,,,,,,,,,,,,,NONE,HIGH,,,,,,,,,السعودية,Saudia (SADAFCO),تغطية OpenFoodFacts للسوق السعودي ضحلة (١٦٤٩٢ منتجًا إجماليًا، وعمق كل علامة عشرات مقابل مئات فعلية) — تُستخدم للتقاطع بالباركود لا كمصدر أول. المصدر المفضّل: كتالوج المصنّع أو كتالوج التجزئة السعودي.
QGAP-00982,NEEDS_SOURCE,لم يُعثر على مصدر آلي — يحتاج جلبًا من المصنّع أو كتالوج التجزئة,السعودية آيس كريم شوكولاتة,Saudia (SADAFCO) chocolate ice cream,السعودية,Saudia (SADAFCO),Saudia (SADAFCO),PACKAGED,ألبان,حليب وآيس كريم,chocolate ice cream,,KSA,UNSPECIFIED,,HIGH,P1,MISSING,,OFFICIAL_MANUFACTURER,Saudia (SADAFCO) official product page,,,,,,,,,,,,,NONE,HIGH,,,,,,,,,السعودية,Saudia (SADAFCO),تغطية OpenFoodFacts للسوق السعودي ضحلة (١٦٤٩٢ منتجًا إجماليًا، وعمق كل علامة عشرات مقابل مئات فعلية) — تُستخدم للتقاطع بالباركود لا كمصدر أول. المصدر المفضّل: كتالوج المصنّع أو كتالوج التجزئة السعودي.
QGAP-00983,NEEDS_SOURCE,لم يُعثر على مصدر آلي — يحتاج جلبًا من المصنّع أو كتالوج التجزئة,السعودية آيس كريم كون,Saudia (SADAFCO) ice cream cone,السعودية,Saudia (SADAFCO),Saudia (SADAFCO),PACKAGED,ألبان,حليب وآيس كريم,ice cream cone,,KSA,UNSPECIFIED,,HIGH,P1,MISSING,,OFFICIAL_MANUFACTURER,Saudia (SADAFCO) official product page,,,,,,,,,,,,,NONE,HIGH,,,,,,,,,السعودية,Saudia (SADAFCO),تغطية OpenFoodFacts للسوق السعودي ضحلة (١٦٤٩٢ منتجًا إجماليًا، وعمق كل علامة عشرات مقابل مئات فعلية) — تُستخدم للتقاطع بالباركود لا كمصدر أول. المصدر المفضّل: كتالوج المصنّع أو كتالوج التجزئة السعودي.
QGAP-00984,NEEDS_SOURCE,لم يُعثر على مصدر آلي — يحتاج جلبًا من المصنّع أو كتالوج التجزئة,السعودية قشطة,Saudia (SADAFCO) cream,السعودية,Saudia (SADAFCO),Saudia (SADAFCO),PACKAGED,ألبان,حليب وآيس كريم,cream,,KSA,UNSPECIFIED,,HIGH,P1,MISSING,,OFFICIAL_MANUFACTURER,Saudia (SADAFCO) official product page,,,,,,,,,,,,,NONE,HIGH,,,,,,,,,السعودية,Saudia (SADAFCO),تغطية OpenFoodFacts للسوق السعودي ضحلة (١٦٤٩٢ منتجًا إجماليًا، وعمق كل علامة عشرات مقابل مئات فعلية) — تُستخدم للتقاطع بالباركود لا كمصدر أول. المصدر المفضّل: كتالوج المصنّع أو كتالوج التجزئة السعودي.
QGAP-00985,NEEDS_SOURCE,لم يُعثر على مصدر آلي — يحتاج جلبًا من المصنّع أو كتالوج التجزئة,السعودية طماطم معلبة,Saudia (SADAFCO) canned tomato,السعودية,Saudia (SADAFCO),Saudia (SADAFCO),PACKAGED,ألبان,حليب وآيس كريم,canned tomato,,KSA,UNSPECIFIED,,HIGH,P1,MISSING,,OFFICIAL_MANUFACTURER,Saudia (SADAFCO) official product page,,,,,,,,,,,,,NONE,HIGH,,,,,,,,,السعودية,Saudia (SADAFCO),تغطية OpenFoodFacts للسوق السعودي ضحلة (١٦٤٩٢ منتجًا إجماليًا، وعمق كل علامة عشرات مقابل مئات فعلية) — تُستخدم للتقاطع بالباركود لا كمصدر أول. المصدر المفضّل: كتالوج المصنّع أو كتالوج التجزئة السعودي.
QGAP-00986,NEEDS_HUMAN_REVIEW,الأصل العام موجود في قِمّة — يُحسم بشريًا إن كان المتغيّر يستحق صفًّا مستقلًا,الصافي دانون حليب كامل الدسم,Al Safi Danone full-fat milk,الصافي دانون,Al Safi Danone,Al Safi Danone,PACKAGED,ألبان,ألبان,full-fat milk,,KSA,UNSPECIFIED,,HIGH,P1,EXISTS_GENERIC_ONLY,milk-full · حليب كامل الدسم,OFFICIAL_MANUFACTURER,Al Safi Danone official product page,,,,,,,,,,,,,NONE,MEDIUM,,,,,,,,,الصافي دانون,Al Safi Danone,تغطية OpenFoodFacts للسوق السعودي ضحلة (١٦٤٩٢ منتجًا إجماليًا، وعمق كل علامة عشرات مقابل مئات فعلية) — تُستخدم للتقاطع بالباركود لا كمصدر أول. المصدر المفضّل: كتالوج المصنّع أو كتالوج التجزئة السعودي.
QGAP-00987,NEEDS_SOURCE,لم يُعثر على مصدر آلي — يحتاج جلبًا من المصنّع أو كتالوج التجزئة,الصافي دانون لبن,Al Safi Danone laban,الصافي دانون,Al Safi Danone,Al Safi Danone,PACKAGED,ألبان,ألبان,laban,,KSA,UNSPECIFIED,,HIGH,P1,MISSING,,OFFICIAL_MANUFACTURER,Al Safi Danone official product page,,,,,,,,,,,,,NONE,HIGH,,,,,,,,,الصافي دانون,Al Safi Danone,تغطية OpenFoodFacts للسوق السعودي ضحلة (١٦٤٩٢ منتجًا إجماليًا، وعمق كل علامة عشرات مقابل مئات فعلية) — تُستخدم للتقاطع بالباركود لا كمصدر أول. المصدر المفضّل: كتالوج المصنّع أو كتالوج التجزئة السعودي.
QGAP-00988,NEEDS_SOURCE,لم يُعثر على مصدر آلي — يحتاج جلبًا من المصنّع أو كتالوج التجزئة,الصافي دانون زبادي,Al Safi Danone yogurt,الصافي دانون,Al Safi Danone,Al Safi Danone,PACKAGED,ألبان,ألبان,yogurt,,KSA,UNSPECIFIED,,HIGH,P1,MISSING,,OFFICIAL_MANUFACTURER,Al Safi Danone official product page,,,,,,,,,,,,,NONE,HIGH,,,,,,,,,الصافي دانون,Al Safi Danone,تغطية OpenFoodFacts للسوق السعودي ضحلة (١٦٤٩٢ منتجًا إجماليًا، وعمق كل علامة عشرات مقابل مئات فعلية) — تُستخدم للتقاطع بالباركود لا كمصدر أول. المصدر المفضّل: كتالوج المصنّع أو كتالوج التجزئة السعودي.
QGAP-00989,NEEDS_HUMAN_REVIEW,الأصل العام موجود في قِمّة — يُحسم بشريًا إن كان المتغيّر يستحق صفًّا مستقلًا,الصافي دانون زبادي يوناني,Al Safi Danone Greek yogurt,الصافي دانون,Al Safi Danone,Al Safi Danone,PACKAGED,ألبان,ألبان,Greek yogurt,,KSA,UNSPECIFIED,,HIGH,P1,EXISTS_GENERIC_ONLY,greek-yogurt · زبادي يوناني,OFFICIAL_MANUFACTURER,Al Safi Danone official product page,,,,,,,,,,,,,NONE,MEDIUM,,,,,,,,,الصافي دانون,Al Safi Danone,تغطية OpenFoodFacts للسوق السعودي ضحلة (١٦٤٩٢ منتجًا إجماليًا، وعمق كل علامة عشرات مقابل مئات فعلية) — تُستخدم للتقاطع بالباركود لا كمصدر أول. المصدر المفضّل: كتالوج المصنّع أو كتالوج التجزئة السعودي.
QGAP-00990,NEEDS_SOURCE,لم يُعثر على مصدر آلي — يحتاج جلبًا من المصنّع أو كتالوج التجزئة,الصافي دانون لبن عالي البروتين,Al Safi Danone high-protein laban,الصافي دانون,Al Safi Danone,Al Safi Danone,PACKAGED,ألبان,ألبان,high-protein laban,,KSA,UNSPECIFIED,,HIGH,P1,MISSING,,OFFICIAL_MANUFACTURER,Al Safi Danone official product page,,,,,,,,,,,,,NONE,HIGH,,,,,,,,,الصافي دانون,Al Safi Danone,تغطية OpenFoodFacts للسوق السعودي ضحلة (١٦٤٩٢ منتجًا إجماليًا، وعمق كل علامة عشرات مقابل مئات فعلية) — تُستخدم للتقاطع بالباركود لا كمصدر أول. المصدر المفضّل: كتالوج المصنّع أو كتالوج التجزئة السعودي.
QGAP-00991,NEEDS_SOURCE,لم يُعثر على مصدر آلي — يحتاج جلبًا من المصنّع أو كتالوج التجزئة,الصافي دانون أكتيفيا,Al Safi Danone Activia,الصافي دانون,Al Safi Danone,Al Safi Danone,PACKAGED,ألبان,ألبان,Activia,,KSA,UNSPECIFIED,,HIGH,P1,MISSING,,OFFICIAL_MANUFACTURER,Al Safi Danone official product page,,,,,,,,,,,,,NONE,HIGH,,,,,,,,,الصافي دانون,Al Safi Danone,تغطية OpenFoodFacts للسوق السعودي ضحلة (١٦٤٩٢ منتجًا إجماليًا، وعمق كل علامة عشرات مقابل مئات فعلية) — تُستخدم للتقاطع بالباركود لا كمصدر أول. المصدر المفضّل: كتالوج المصنّع أو كتالوج التجزئة السعودي.
QGAP-00992,NEEDS_SOURCE,لم يُعثر على مصدر آلي — يحتاج جلبًا من المصنّع أو كتالوج التجزئة,الصافي دانون دانيت,Al Safi Danone Danette dessert,الصافي دانون,Al Safi Danone,Al Safi Danone,PACKAGED,ألبان,ألبان,Danette dessert,,KSA,UNSPECIFIED,,HIGH,P1,MISSING,,OFFICIAL_MANUFACTURER,Al Safi Danone official product page,,,,,,,,,,,,,NONE,HIGH,,,,,,,,,الصافي دانون,Al Safi Danone,تغطية OpenFoodFacts للسوق السعودي ضحلة (١٦٤٩٢ منتجًا إجماليًا، وعمق كل علامة عشرات مقابل مئات فعلية) — تُستخدم للتقاطع بالباركود لا كمصدر أول. المصدر المفضّل: كتالوج المصنّع أو كتالوج التجزئة السعودي.
QGAP-00993,NEEDS_HUMAN_REVIEW,الأصل العام موجود في قِمّة — يُحسم بشريًا إن كان المتغيّر يستحق صفًّا مستقلًا,الربيع عصير برتقال,Al Rabie orange juice,الربيع,Al Rabie,Al Rabie,PACKAGED,مشروبات,عصائر,orange juice,,KSA,UNSPECIFIED,,HIGH,P1,EXISTS_GENERIC_ONLY,orange-juice · عصير برتقال,OFFICIAL_MANUFACTURER,Al Rabie official product page,,,,,,,,,,,,,NONE,MEDIUM,,,,,,,,,الربيع,Al Rabie,تغطية OpenFoodFacts للسوق السعودي ضحلة (١٦٤٩٢ منتجًا إجماليًا، وعمق كل علامة عشرات مقابل مئات فعلية) — تُستخدم للتقاطع بالباركود لا كمصدر أول. المصدر المفضّل: كتالوج المصنّع أو كتالوج التجزئة السعودي.
QGAP-00994,NEEDS_HUMAN_REVIEW,الأصل العام موجود في قِمّة — يُحسم بشريًا إن كان المتغيّر يستحق صفًّا مستقلًا,الربيع عصير مانجو,Al Rabie mango juice,الربيع,Al Rabie,Al Rabie,PACKAGED,مشروبات,عصائر,mango juice,,KSA,UNSPECIFIED,,HIGH,P1,EXISTS_GENERIC_ONLY,mango-juice · عصير مانجو,OFFICIAL_MANUFACTURER,Al Rabie official product page,,,,,,,,,,,,,NONE,MEDIUM,,,,,,,,,الربيع,Al Rabie,تغطية OpenFoodFacts للسوق السعودي ضحلة (١٦٤٩٢ منتجًا إجماليًا، وعمق كل علامة عشرات مقابل مئات فعلية) — تُستخدم للتقاطع بالباركود لا كمصدر أول. المصدر المفضّل: كتالوج المصنّع أو كتالوج التجزئة السعودي.
QGAP-00995,NEEDS_HUMAN_REVIEW,الأصل العام موجود في قِمّة — يُحسم بشريًا إن كان المتغيّر يستحق صفًّا مستقلًا,الربيع عصير تفاح,Al Rabie apple juice,الربيع,Al Rabie,Al Rabie,PACKAGED,مشروبات,عصائر,apple juice,,KSA,KSA,YES,HIGH,P1,EXISTS_GENERIC_ONLY,apple-juice · عصير تفاح,OPENFOODFACTS_VERIFIED,Open Food Facts — Apple Juice 100% JUICE,https://world.openfoodfacts.org/product/6281026305209,6281026305209,1L,100ml,100,48.0,0.0,12.0,0.0,0.0,12.0,10.0,NONE,MEDIUM,,,,Apple Juice 100% JUICE,,0.934,,,الربيع,Al Rabie,تغطية OpenFoodFacts للسوق السعودي ضحلة (١٦٤٩٢ منتجًا إجماليًا، وعمق كل علامة عشرات مقابل مئات فعلية) — تُستخدم للتقاطع بالباركود لا كمصدر أول. المصدر المفضّل: كتالوج المصنّع أو كتالوج التجزئة السعودي.
QGAP-00996,NEEDS_SOURCE,لم يُعثر على مصدر آلي — يحتاج جلبًا من المصنّع أو كتالوج التجزئة,الربيع عصير جوافة,Al Rabie guava juice,الربيع,Al Rabie,Al Rabie,PACKAGED,مشروبات,عصائر,guava juice,,KSA,UNSPECIFIED,,HIGH,P1,MISSING,,OFFICIAL_MANUFACTURER,Al Rabie official product page,,,,,,,,,,,,,NONE,HIGH,,,,,,,,,الربيع,Al Rabie,تغطية OpenFoodFacts للسوق السعودي ضحلة (١٦٤٩٢ منتجًا إجماليًا، وعمق كل علامة عشرات مقابل مئات فعلية) — تُستخدم للتقاطع بالباركود لا كمصدر أول. المصدر المفضّل: كتالوج المصنّع أو كتالوج التجزئة السعودي.
QGAP-00997,NEEDS_SOURCE,لم يُعثر على مصدر آلي — يحتاج جلبًا من المصنّع أو كتالوج التجزئة,الربيع عصير كوكتيل,Al Rabie cocktail juice,الربيع,Al Rabie,Al Rabie,PACKAGED,مشروبات,عصائر,cocktail juice,,KSA,UNSPECIFIED,,HIGH,P1,MISSING,,OFFICIAL_MANUFACTURER,Al Rabie official product page,,,,,,,,,,,,,NONE,HIGH,,,,,,,,,الربيع,Al Rabie,تغطية OpenFoodFacts للسوق السعودي ضحلة (١٦٤٩٢ منتجًا إجماليًا، وعمق كل علامة عشرات مقابل مئات فعلية) — تُستخدم للتقاطع بالباركود لا كمصدر أول. المصدر المفضّل: كتالوج المصنّع أو كتالوج التجزئة السعودي.
QGAP-00998,NEEDS_SOURCE,لم يُعثر على مصدر آلي — يحتاج جلبًا من المصنّع أو كتالوج التجزئة,الربيع عصير ليمون,Al Rabie lemon juice,الربيع,Al Rabie,Al Rabie,PACKAGED,مشروبات,عصائر,lemon juice,,KSA,UNSPECIFIED,,HIGH,P1,MISSING,,OFFICIAL_MANUFACTURER,Al Rabie official product page,,,,,,,,,,,,,NONE,HIGH,,,,,,,,,الربيع,Al Rabie,تغطية OpenFoodFacts للسوق السعودي ضحلة (١٦٤٩٢ منتجًا إجماليًا، وعمق كل علامة عشرات مقابل مئات فعلية) — تُستخدم للتقاطع بالباركود لا كمصدر أول. المصدر المفضّل: كتالوج المصنّع أو كتالوج التجزئة السعودي.
QGAP-00999,NEEDS_HUMAN_REVIEW,الأصل العام موجود في قِمّة — يُحسم بشريًا إن كان المتغيّر يستحق صفًّا مستقلًا,الربيع حليب بالشوكولاتة,Al Rabie chocolate milk,الربيع,Al Rabie,Al Rabie,PACKAGED,مشروبات,عصائر,chocolate milk,,KSA,UNSPECIFIED,,HIGH,P1,EXISTS_GENERIC_ONLY,chocolate-milk · حليب بالشوكولاتة,OFFICIAL_MANUFACTURER,Al Rabie official product page,,,,,,,,,,,,,NONE,MEDIUM,,,,,,,,,الربيع,Al Rabie,تغطية OpenFoodFacts للسوق السعودي ضحلة (١٦٤٩٢ منتجًا إجماليًا، وعمق كل علامة عشرات مقابل مئات فعلية) — تُستخدم للتقاطع بالباركود لا كمصدر أول. المصدر المفضّل: كتالوج المصنّع أو كتالوج التجزئة السعودي.
QGAP-01000,NEEDS_HUMAN_REVIEW,الأصل العام موجود في قِمّة — يُحسم بشريًا إن كان المتغيّر يستحق صفًّا مستقلًا,بوك جبن كريمي لايت,Puck light cream cheese,بوك,Puck,Puck,PACKAGED,ألبان,أجبان,light cream cheese,,KSA,UNSPECIFIED,,VERY_HIGH,P1,EXISTS_GENERIC_ONLY,cream-cheese · جبن كريمي,OFFICIAL_MANUFACTURER,Puck official product page,,,,,,,,,,,,,NONE,MEDIUM,,,,,,,,,بوك,Puck,تغطية OpenFoodFacts للسوق السعودي ضحلة (١٦٤٩٢ منتجًا إجماليًا، وعمق كل علامة عشرات مقابل مئات فعلية) — تُستخدم للتقاطع بالباركود لا كمصدر أول. المصدر المفضّل: كتالوج المصنّع أو كتالوج التجزئة السعودي.
QGAP-01001,READY_FULL,,بوك جبن مثلثات,Puck cheese triangles,بوك,Puck,Puck,PACKAGED,ألبان,أجبان,cheese triangles,,KSA,KSA,YES,VERY_HIGH,P1,MISSING,,OPENFOODFACTS_VERIFIED,Open Food Facts — Processed Cheese Triangles,https://world.openfoodfacts.org/product/6281048106990,6281048106990,24 portions,لكل 100غ,100,270.0,8.92,3.85,24.76,,0.0,436.0,FULL,MEDIUM,,,,Processed Cheese Triangles,,0.877,,,بوك,Puck,تغطية OpenFoodFacts للسوق السعودي ضحلة (١٦٤٩٢ منتجًا إجماليًا، وعمق كل علامة عشرات مقابل مئات فعلية) — تُستخدم للتقاطع بالباركود لا كمصدر أول. المصدر المفضّل: كتالوج المصنّع أو كتالوج التجزئة السعودي.
QGAP-01002,NEEDS_HUMAN_REVIEW,مطابقة آلية بدرجة 0.835 دون حدّ القبول — تحتاج تأكيدًا,بوك قشطة,Puck cream,بوك,Puck,Puck,PACKAGED,ألبان,أجبان,cream,,KSA,KSA,YES,VERY_HIGH,P1,MISSING,,OPENFOODFACTS_VERIFIED,Open Food Facts — Cooking Cream 1L,https://world.openfoodfacts.org/product/5711953001406,5711953001406,,لكل 100غ,100,268.0,2.5,3.7,27.0,,3.7,12.0,NONE,HIGH,,,,Cooking Cream 1L,,0.835,,,بوك,Puck,تغطية OpenFoodFacts للسوق السعودي ضحلة (١٦٤٩٢ منتجًا إجماليًا، وعمق كل علامة عشرات مقابل مئات فعلية) — تُستخدم للتقاطع بالباركود لا كمصدر أول. المصدر المفضّل: كتالوج المصنّع أو كتالوج التجزئة السعودي.
QGAP-01003,NEEDS_HUMAN_REVIEW,الأصل العام موجود في قِمّة — يُحسم بشريًا إن كان المتغيّر يستحق صفًّا مستقلًا,بوك جبن قابل للدهن بالأعشاب,Puck herb cream cheese,بوك,Puck,Puck,PACKAGED,ألبان,أجبان,herb cream cheese,,KSA,UNSPECIFIED,,VERY_HIGH,P1,EXISTS_GENERIC_ONLY,cream-cheese · جبن كريمي,OFFICIAL_MANUFACTURER,Puck official product page,,,,,,,,,,,,,NONE,MEDIUM,,,,,,,,,بوك,Puck,تغطية OpenFoodFacts للسوق السعودي ضحلة (١٦٤٩٢ منتجًا إجماليًا، وعمق كل علامة عشرات مقابل مئات فعلية) — تُستخدم للتقاطع بالباركود لا كمصدر أول. المصدر المفضّل: كتالوج المصنّع أو كتالوج التجزئة السعودي.
QGAP-01004,NEEDS_SOURCE,لم يُعثر على مصدر آلي — يحتاج جلبًا من المصنّع أو كتالوج التجزئة,بوك جبن شيدر قابل للدهن,Puck cheddar spread,بوك,Puck,Puck,PACKAGED,ألبان,أجبان,cheddar spread,,KSA,UNSPECIFIED,,VERY_HIGH,P1,MISSING,,OFFICIAL_MANUFACTURER,Puck official product page,,,,,,,,,,,,,NONE,HIGH,,,,,,,,,بوك,Puck,تغطية OpenFoodFacts للسوق السعودي ضحلة (١٦٤٩٢ منتجًا إجماليًا، وعمق كل علامة عشرات مقابل مئات فعلية) — تُستخدم للتقاطع بالباركود لا كمصدر أول. المصدر المفضّل: كتالوج المصنّع أو كتالوج التجزئة السعودي.
QGAP-01005,NEEDS_HUMAN_REVIEW,الأصل العام موجود في قِمّة — يُحسم بشريًا إن كان المتغيّر يستحق صفًّا مستقلًا,كيري جبن مكعبات,Kiri cheese cubes,كيري,Kiri,Kiri,PACKAGED,ألبان,أجبان,cheese cubes,,KSA,UNSPECIFIED,,HIGH,P2,EXISTS_GENERIC_ONLY,kiri-cheese · جبن كيري,OFFICIAL_MANUFACTURER,Kiri official product page,,,,,,,,,,,,,NONE,MEDIUM,,,,,,,,,كيري,Kiri,تغطية OpenFoodFacts للسوق السعودي ضحلة (١٦٤٩٢ منتجًا إجماليًا، وعمق كل علامة عشرات مقابل مئات فعلية) — تُستخدم للتقاطع بالباركود لا كمصدر أول. المصدر المفضّل: كتالوج المصنّع أو كتالوج التجزئة السعودي.
QGAP-01006,READY_FULL,,كيري جبن قابل للدهن,Kiri spreadable cheese,كيري,Kiri,Kiri,PACKAGED,ألبان,أجبان,spreadable cheese,,KSA,KSA,YES,HIGH,P2,MISSING,,OPENFOODFACTS_VERIFIED,Open Food Facts — Spreadable Cream Cheese,https://world.openfoodfacts.org/product/3073781190960,3073781190960,,1 portion (16.66 g),100,306.12,9.6,2.4,28.81,,,,FULL,MEDIUM,,,,Spreadable Cream Cheese,,0.924,,,كيري,Kiri,تغطية OpenFoodFacts للسوق السعودي ضحلة (١٦٤٩٢ منتجًا إجماليًا، وعمق كل علامة عشرات مقابل مئات فعلية) — تُستخدم للتقاطع بالباركود لا كمصدر أول. المصدر المفضّل: كتالوج المصنّع أو كتالوج التجزئة السعودي.
QGAP-01007,READY_FULL,بيانات سوق غير سعودي — تُوسم صراحةً ولا تُقدَّم كقيم سعودية,بريزيدون جبن كممبير,President Camembert,بريزيدون,President,President,PACKAGED,ألبان,أجبان,Camembert,,NON_KSA,FOREIGN,NO,HIGH,P2,MISSING,,OPENFOODFACTS_VERIFIED,Open Food Facts — Camembert,https://world.openfoodfacts.org/product/30087040,30087040,20 g,1.0 serving (100.0 g),100,269.0,20.0,0.0,21.0,,,0.56,FULL,MEDIUM,,,,Camembert,,0.94,,,بريزيدون,President,تغطية OpenFoodFacts للسوق السعودي ضحلة (١٦٤٩٢ منتجًا إجماليًا، وعمق كل علامة عشرات مقابل مئات فعلية) — تُستخدم للتقاطع بالباركود لا كمصدر أول. المصدر المفضّل: كتالوج المصنّع أو كتالوج التجزئة السعودي.
QGAP-01008,NEEDS_SOURCE,لم يُعثر على مصدر آلي — يحتاج جلبًا من المصنّع أو كتالوج التجزئة,بريزيدون جبن بري,President Brie,بريزيدون,President,President,PACKAGED,ألبان,أجبان,Brie,,KSA,UNSPECIFIED,,HIGH,P2,MISSING,,OFFICIAL_MANUFACTURER,President official product page,,,,,,,,,,,,,NONE,HIGH,,,,,,,,,بريزيدون,President,تغطية OpenFoodFacts للسوق السعودي ضحلة (١٦٤٩٢ منتجًا إجماليًا، وعمق كل علامة عشرات مقابل مئات فعلية) — تُستخدم للتقاطع بالباركود لا كمصدر أول. المصدر المفضّل: كتالوج المصنّع أو كتالوج التجزئة السعودي.
QGAP-01009,NEEDS_SOURCE,لم يُعثر على مصدر آلي — يحتاج جلبًا من المصنّع أو كتالوج التجزئة,بريزيدون جبن موزاريلا,President mozzarella,بريزيدون,President,President,PACKAGED,ألبان,أجبان,mozzarella,,KSA,UNSPECIFIED,,HIGH,P2,MISSING,,OFFICIAL_MANUFACTURER,President official product page,,,,,,,,,,,,,NONE,HIGH,,,,,,,,,بريزيدون,President,تغطية OpenFoodFacts للسوق السعودي ضحلة (١٦٤٩٢ منتجًا إجماليًا، وعمق كل علامة عشرات مقابل مئات فعلية) — تُستخدم للتقاطع بالباركود لا كمصدر أول. المصدر المفضّل: كتالوج المصنّع أو كتالوج التجزئة السعودي.
QGAP-01010,NEEDS_HUMAN_REVIEW,مطابقة آلية بدرجة 0.722 دون حدّ القبول — تحتاج تأكيدًا,بريزيدون زبدة,President butter,بريزيدون,President,President,PACKAGED,ألبان,أجبان,butter,,KSA,KSA,YES,HIGH,P2,MISSING,,OPENFOODFACTS_VERIFIED,Open Food Facts — Fresh Butter Unsalted,https://world.openfoodfacts.org/product/3228022970195,3228022970195,400g,لكل 100غ,100,745.0,0.7,1.0,82.0,0.0,1.0,12.0,NONE,HIGH,,,,Fresh Butter Unsalted,,0.722,,,بريزيدون,President,تغطية OpenFoodFacts للسوق السعودي ضحلة (١٦٤٩٢ منتجًا إجماليًا، وعمق كل علامة عشرات مقابل مئات فعلية) — تُستخدم للتقاطع بالباركود لا كمصدر أول. المصدر المفضّل: كتالوج المصنّع أو كتالوج التجزئة السعودي.
QGAP-01011,NEEDS_HUMAN_REVIEW,الأصل العام موجود في قِمّة — يُحسم بشريًا إن كان المتغيّر يستحق صفًّا مستقلًا,بريزيدون جبن فيتا,President feta,بريزيدون,President,President,PACKAGED,ألبان,أجبان,feta,,KSA,UNSPECIFIED,,HIGH,P2,EXISTS_GENERIC_ONLY,feta-cheese · جبن فيتا,OFFICIAL_MANUFACTURER,President official product page,,,,,,,,,,,,,NONE,MEDIUM,,,,,,,,,بريزيدون,President,تغطية OpenFoodFacts للسوق السعودي ضحلة (١٦٤٩٢ منتجًا إجماليًا، وعمق كل علامة عشرات مقابل مئات فعلية) — تُستخدم للتقاطع بالباركود لا كمصدر أول. المصدر المفضّل: كتالوج المصنّع أو كتالوج التجزئة السعودي.
QGAP-01012,NEEDS_SOURCE,لم يُعثر على مصدر آلي — يحتاج جلبًا من المصنّع أو كتالوج التجزئة,بريزيدون جبن شيدر شرائح,President cheddar slices,بريزيدون,President,President,PACKAGED,ألبان,أجبان,cheddar slices,,KSA,UNSPECIFIED,,HIGH,P2,MISSING,,OFFICIAL_MANUFACTURER,President official product page,,,,,,,,,,,,,NONE,HIGH,,,,,,,,,بريزيدون,President,تغطية OpenFoodFacts للسوق السعودي ضحلة (١٦٤٩٢ منتجًا إجماليًا، وعمق كل علامة عشرات مقابل مئات فعلية) — تُستخدم للتقاطع بالباركود لا كمصدر أول. المصدر المفضّل: كتالوج المصنّع أو كتالوج التجزئة السعودي.
QGAP-01013,NEEDS_SOURCE,لم يُعثر على مصدر آلي — يحتاج جلبًا من المصنّع أو كتالوج التجزئة,لورباك زبدة مملحة,Lurpak salted butter,لورباك,Lurpak,Lurpak,PACKAGED,ألبان,زبدة,salted butter,,KSA,UNSPECIFIED,,HIGH,P2,MISSING,,OFFICIAL_MANUFACTURER,Lurpak official product page,,,,,,,,,,,,,NONE,HIGH,,,,,,,,,لورباك,Lurpak,تغطية OpenFoodFacts للسوق السعودي ضحلة (١٦٤٩٢ منتجًا إجماليًا، وعمق كل علامة عشرات مقابل مئات فعلية) — تُستخدم للتقاطع بالباركود لا كمصدر أول. المصدر المفضّل: كتالوج المصنّع أو كتالوج التجزئة السعودي.
QGAP-01014,READY_FULL,بيانات سوق غير سعودي — تُوسم صراحةً ولا تُقدَّم كقيم سعودية,لورباك زبدة غير مملحة,Lurpak unsalted butter,لورباك,Lurpak,Lurpak,PACKAGED,ألبان,زبدة,unsalted butter,,NON_KSA,FOREIGN,NO,HIGH,P2,MISSING,,OPENFOODFACTS_VERIFIED,Open Food Facts — Unsalted Butter,https://world.openfoodfacts.org/product/5740000400008,5740000400008,,لكل 100غ,100,748.0,0.6,0.72,84.0,,0.72,0.0,FULL,MEDIUM,,,,Unsalted Butter,,0.85,,,لورباك,Lurpak,تغطية OpenFoodFacts للسوق السعودي ضحلة (١٦٤٩٢ منتجًا إجماليًا، وعمق كل علامة عشرات مقابل مئات فعلية) — تُستخدم للتقاطع بالباركود لا كمصدر أول. المصدر المفضّل: كتالوج المصنّع أو كتالوج التجزئة السعودي.
QGAP-01015,READY_FULL,بيانات سوق غير سعودي — تُوسم صراحةً ولا تُقدَّم كقيم سعودية,لورباك زبدة قابلة للدهن,Lurpak spreadable butter,لورباك,Lurpak,Lurpak,PACKAGED,ألبان,زبدة,spreadable butter,,NON_KSA,FOREIGN,NO,HIGH,P2,MISSING,,OPENFOODFACTS_VERIFIED,Open Food Facts — Butter spreadable,https://world.openfoodfacts.org/product/5740900103726,5740900103726,,لكل 100غ,100,710.0,0.5,0.6,78.0,,0.6,0.0,FULL,MEDIUM,,,,Butter spreadable,,0.85,,,لورباك,Lurpak,تغطية OpenFoodFacts للسوق السعودي ضحلة (١٦٤٩٢ منتجًا إجماليًا، وعمق كل علامة عشرات مقابل مئات فعلية) — تُستخدم للتقاطع بالباركود لا كمصدر أول. المصدر المفضّل: كتالوج المصنّع أو كتالوج التجزئة السعودي.
QGAP-01016,NEEDS_HUMAN_REVIEW,الأصل العام موجود في قِمّة — يُحسم بشريًا إن كان المتغيّر يستحق صفًّا مستقلًا · بيانات سوق غير سعودي — تُوسم صراحةً ولا تُقدَّم كقيم سعودية,أنكور زبدة,Anchor butter,أنكور,Anchor,Anchor,PACKAGED,ألبان,ألبان,butter,,NON_KSA,FOREIGN,NO,MEDIUM,P2,EXISTS_GENERIC_ONLY,butter · زبدة,OPENFOODFACTS_VERIFIED,Open Food Facts — Butter,https://world.openfoodfacts.org/product/5010137015001,5010137015001,,لكل 100غ,100,744.0,0.6,0.6,82.0,,0.6,680.0,NONE,MEDIUM,,,,Butter,,0.85,,,أنكور,Anchor,تغطية OpenFoodFacts للسوق السعودي ضحلة (١٦٤٩٢ منتجًا إجماليًا، وعمق كل علامة عشرات مقابل مئات فعلية) — تُستخدم للتقاطع بالباركود لا كمصدر أول. المصدر المفضّل: كتالوج المصنّع أو كتالوج التجزئة السعودي.
QGAP-01017,NEEDS_SOURCE,لم يُعثر على مصدر آلي — يحتاج جلبًا من المصنّع أو كتالوج التجزئة,أنكور حليب بودرة,Anchor milk powder,أنكور,Anchor,Anchor,PACKAGED,ألبان,ألبان,milk powder,,KSA,UNSPECIFIED,,MEDIUM,P2,MISSING,,OFFICIAL_MANUFACTURER,Anchor official product page,,,,,,,,,,,,,NONE,HIGH,,,,,,,,,أنكور,Anchor,تغطية OpenFoodFacts للسوق السعودي ضحلة (١٦٤٩٢ منتجًا إجماليًا، وعمق كل علامة عشرات مقابل مئات فعلية) — تُستخدم للتقاطع بالباركود لا كمصدر أول. المصدر المفضّل: كتالوج المصنّع أو كتالوج التجزئة السعودي.
QGAP-01018,NEEDS_SOURCE,لم يُعثر على مصدر آلي — يحتاج جلبًا من المصنّع أو كتالوج التجزئة,أنكور قشطة,Anchor cream,أنكور,Anchor,Anchor,PACKAGED,ألبان,ألبان,cream,,KSA,UNSPECIFIED,,MEDIUM,P2,MISSING,,OFFICIAL_MANUFACTURER,Anchor official product page,,,,,,,,,,,,,NONE,HIGH,,,,,,,,,أنكور,Anchor,تغطية OpenFoodFacts للسوق السعودي ضحلة (١٦٤٩٢ منتجًا إجماليًا، وعمق كل علامة عشرات مقابل مئات فعلية) — تُستخدم للتقاطع بالباركود لا كمصدر أول. المصدر المفضّل: كتالوج المصنّع أو كتالوج التجزئة السعودي.
QGAP-01019,NEEDS_SOURCE,لم يُعثر على مصدر آلي — يحتاج جلبًا من المصنّع أو كتالوج التجزئة,راني فلوت برتقال,Rani Float orange,راني,Rani,Rani,PACKAGED,مشروبات,عصائر,Float orange,,KSA,UNSPECIFIED,,VERY_HIGH,P1,MISSING,,OFFICIAL_MANUFACTURER,Rani official product page,,,,,,,,,,,,,NONE,HIGH,,,,,,,,,راني,Rani,تغطية OpenFoodFacts للسوق السعودي ضحلة (١٦٤٩٢ منتجًا إجماليًا، وعمق كل علامة عشرات مقابل مئات فعلية) — تُستخدم للتقاطع بالباركود لا كمصدر أول. المصدر المفضّل: كتالوج المصنّع أو كتالوج التجزئة السعودي.
QGAP-01020,NEEDS_SOURCE,لم يُعثر على مصدر آلي — يحتاج جلبًا من المصنّع أو كتالوج التجزئة,راني فلوت مانجو,Rani Float mango,راني,Rani,Rani,PACKAGED,مشروبات,عصائر,Float mango,,KSA,UNSPECIFIED,,VERY_HIGH,P1,MISSING,,OFFICIAL_MANUFACTURER,Rani official product page,,,,,,,,,,,,,NONE,HIGH,,,,,,,,,راني,Rani,تغطية OpenFoodFacts للسوق السعودي ضحلة (١٦٤٩٢ منتجًا إجماليًا، وعمق كل علامة عشرات مقابل مئات فعلية) — تُستخدم للتقاطع بالباركود لا كمصدر أول. المصدر المفضّل: كتالوج المصنّع أو كتالوج التجزئة السعودي.
QGAP-01021,NEEDS_SOURCE,لم يُعثر على مصدر آلي — يحتاج جلبًا من المصنّع أو كتالوج التجزئة,راني فلوت فراولة,Rani Float strawberry,راني,Rani,Rani,PACKAGED,مشروبات,عصائر,Float strawberry,,KSA,UNSPECIFIED,,VERY_HIGH,P1,MISSING,,OFFICIAL_MANUFACTURER,Rani official product page,,,,,,,,,,,,,NONE,HIGH,,,,,,,,,راني,Rani,تغطية OpenFoodFacts للسوق السعودي ضحلة (١٦٤٩٢ منتجًا إجماليًا، وعمق كل علامة عشرات مقابل مئات فعلية) — تُستخدم للتقاطع بالباركود لا كمصدر أول. المصدر المفضّل: كتالوج المصنّع أو كتالوج التجزئة السعودي.
QGAP-01022,NEEDS_HUMAN_REVIEW,الأصل العام موجود في قِمّة — يُحسم بشريًا إن كان المتغيّر يستحق صفًّا مستقلًا,راني فلوت أناناس,Rani Float pineapple,راني,Rani,Rani,PACKAGED,مشروبات,عصائر,Float pineapple,,KSA,UNSPECIFIED,,VERY_HIGH,P1,EXISTS_GENERIC_ONLY,pineapple · أناناس,OFFICIAL_MANUFACTURER,Rani official product page,,,,,,,,,,,,,NONE,MEDIUM,,,,,,,,,راني,Rani,تغطية OpenFoodFacts للسوق السعودي ضحلة (١٦٤٩٢ منتجًا إجماليًا، وعمق كل علامة عشرات مقابل مئات فعلية) — تُستخدم للتقاطع بالباركود لا كمصدر أول. المصدر المفضّل: كتالوج المصنّع أو كتالوج التجزئة السعودي.
QGAP-01023,NEEDS_SOURCE,لم يُعثر على مصدر آلي — يحتاج جلبًا من المصنّع أو كتالوج التجزئة,راني فلوت تفاح,Rani Float apple,راني,Rani,Rani,PACKAGED,مشروبات,عصائر,Float apple,,KSA,UNSPECIFIED,,VERY_HIGH,P1,MISSING,,OFFICIAL_MANUFACTURER,Rani official product page,,,,,,,,,,,,,NONE,HIGH,,,,,,,,,راني,Rani,تغطية OpenFoodFacts للسوق السعودي ضحلة (١٦٤٩٢ منتجًا إجماليًا، وعمق كل علامة عشرات مقابل مئات فعلية) — تُستخدم للتقاطع بالباركود لا كمصدر أول. المصدر المفضّل: كتالوج المصنّع أو كتالوج التجزئة السعودي.
QGAP-01024,NEEDS_SOURCE,لم يُعثر على مصدر آلي — يحتاج جلبًا من المصنّع أو كتالوج التجزئة,راني فلوت كوكتيل,Rani Float cocktail,راني,Rani,Rani,PACKAGED,مشروبات,عصائر,Float cocktail,,KSA,UNSPECIFIED,,VERY_HIGH,P1,MISSING,,OFFICIAL_MANUFACTURER,Rani official product page,,,,,,,,,,,,,NONE,HIGH,,,,,,,,,راني,Rani,تغطية OpenFoodFacts للسوق السعودي ضحلة (١٦٤٩٢ منتجًا إجماليًا، وعمق كل علامة عشرات مقابل مئات فعلية) — تُستخدم للتقاطع بالباركود لا كمصدر أول. المصدر المفضّل: كتالوج المصنّع أو كتالوج التجزئة السعودي.
QGAP-01025,NEEDS_HUMAN_REVIEW,الأصل العام موجود في قِمّة — يُحسم بشريًا إن كان المتغيّر يستحق صفًّا مستقلًا · بيانات سوق غير سعودي — تُوسم صراحةً ولا تُقدَّم كقيم سعودية,صن توب برتقال,Suntop orange,صن توب,Suntop,Suntop,PACKAGED,مشروبات,عصائر,orange,,NON_KSA,FOREIGN,NO,HIGH,P1,EXISTS_GENERIC_ONLY,orange · برتقال,OPENFOODFACTS_VERIFIED,Open Food Facts — Suntop orange,https://world.openfoodfacts.org/product/6224001167423,6224001167423,250 ml,250,100,58.0,3.2,14.0,0.0,,0.0,24000.0,NONE,MEDIUM,,,,Suntop orange,,0.939,,,صن توب,Suntop,تغطية OpenFoodFacts للسوق السعودي ضحلة (١٦٤٩٢ منتجًا إجماليًا، وعمق كل علامة عشرات مقابل مئات فعلية) — تُستخدم للتقاطع بالباركود لا كمصدر أول. المصدر المفضّل: كتالوج المصنّع أو كتالوج التجزئة السعودي.
QGAP-01026,NEEDS_HUMAN_REVIEW,الأصل العام موجود في قِمّة — يُحسم بشريًا إن كان المتغيّر يستحق صفًّا مستقلًا,صن توب مانجو,Suntop mango,صن توب,Suntop,Suntop,PACKAGED,مشروبات,عصائر,mango,,KSA,UNSPECIFIED,,HIGH,P1,EXISTS_GENERIC_ONLY,mango · مانجو,OFFICIAL_MANUFACTURER,Suntop official product page,,,,,,,,,,,,,NONE,MEDIUM,,,,,,,,,صن توب,Suntop,تغطية OpenFoodFacts للسوق السعودي ضحلة (١٦٤٩٢ منتجًا إجماليًا، وعمق كل علامة عشرات مقابل مئات فعلية) — تُستخدم للتقاطع بالباركود لا كمصدر أول. المصدر المفضّل: كتالوج المصنّع أو كتالوج التجزئة السعودي.
QGAP-01027,NEEDS_HUMAN_REVIEW,الأصل العام موجود في قِمّة — يُحسم بشريًا إن كان المتغيّر يستحق صفًّا مستقلًا,صن توب تفاح,Suntop apple,صن توب,Suntop,Suntop,PACKAGED,مشروبات,عصائر,apple,,KSA,UNSPECIFIED,,HIGH,P1,EXISTS_GENERIC_ONLY,apple · تفاح,OFFICIAL_MANUFACTURER,Suntop official product page,,,,,,,,,,,,,NONE,MEDIUM,,,,,,,,,صن توب,Suntop,تغطية OpenFoodFacts للسوق السعودي ضحلة (١٦٤٩٢ منتجًا إجماليًا، وعمق كل علامة عشرات مقابل مئات فعلية) — تُستخدم للتقاطع بالباركود لا كمصدر أول. المصدر المفضّل: كتالوج المصنّع أو كتالوج التجزئة السعودي.
QGAP-01028,NEEDS_SOURCE,لم يُعثر على مصدر آلي — يحتاج جلبًا من المصنّع أو كتالوج التجزئة,صن توب كوكتيل,Suntop cocktail,صن توب,Suntop,Suntop,PACKAGED,مشروبات,عصائر,cocktail,,KSA,UNSPECIFIED,,HIGH,P1,MISSING,,OFFICIAL_MANUFACTURER,Suntop official product page,,,,,,,,,,,,,NONE,HIGH,,,,,,,,,صن توب,Suntop,تغطية OpenFoodFacts للسوق السعودي ضحلة (١٦٤٩٢ منتجًا إجماليًا، وعمق كل علامة عشرات مقابل مئات فعلية) — تُستخدم للتقاطع بالباركود لا كمصدر أول. المصدر المفضّل: كتالوج المصنّع أو كتالوج التجزئة السعودي.
QGAP-01029,NEEDS_HUMAN_REVIEW,الأصل العام موجود في قِمّة — يُحسم بشريًا إن كان المتغيّر يستحق صفًّا مستقلًا,صن توب فراولة,Suntop strawberry,صن توب,Suntop,Suntop,PACKAGED,مشروبات,عصائر,strawberry,,KSA,UNSPECIFIED,,HIGH,P1,EXISTS_GENERIC_ONLY,strawberry · فراولة,OFFICIAL_MANUFACTURER,Suntop official product page,,,,,,,,,,,,,NONE,MEDIUM,,,,,,,,,صن توب,Suntop,تغطية OpenFoodFacts للسوق السعودي ضحلة (١٦٤٩٢ منتجًا إجماليًا، وعمق كل علامة عشرات مقابل مئات فعلية) — تُستخدم للتقاطع بالباركود لا كمصدر أول. المصدر المفضّل: كتالوج المصنّع أو كتالوج التجزئة السعودي.
QGAP-01030,NEEDS_HUMAN_REVIEW,الأصل العام موجود في قِمّة — يُحسم بشريًا إن كان المتغيّر يستحق صفًّا مستقلًا,لوزين خبز توست أبيض,L'usine white toast bread,لوزين,L'usine,L'usine,PACKAGED,فطور,مخبوزات,white toast bread,,KSA,KSA,YES,VERY_HIGH,P0,EXISTS_GENERIC_ONLY,white-toast · خبز توست أبيض,OPENFOODFACTS_VERIFIED,Open Food Facts — Sliced Bread white,https://world.openfoodfacts.org/product/6281007044417,6281007044417,,1 portion (30 g),100,263.33,10.0,50.0,3.33,,,,NONE,MEDIUM,,,,Sliced Bread white,,0.735,,,لوزين,L'usine,تغطية OpenFoodFacts للسوق السعودي ضحلة (١٦٤٩٢ منتجًا إجماليًا، وعمق كل علامة عشرات مقابل مئات فعلية) — تُستخدم للتقاطع بالباركود لا كمصدر أول. المصدر المفضّل: كتالوج المصنّع أو كتالوج التجزئة السعودي.
QGAP-01031,READY_FULL,,لوزين خبز توست بر,L'usine brown toast bread,لوزين,L'usine,L'usine,PACKAGED,فطور,مخبوزات,brown toast bread,,KSA,KSA,YES,VERY_HIGH,P0,MISSING,,OPENFOODFACTS_VERIFIED,Open Food Facts — L’usine brown Bread,https://world.openfoodfacts.org/product/6281007050159,6281007050159,275g,1 portion (30 g),100,256.67,10.0,46.67,3.33,5.67,3.33,306.67,FULL,MEDIUM,,,,L’usine brown Bread,,0.959,,,لوزين,L'usine,تغطية OpenFoodFacts للسوق السعودي ضحلة (١٦٤٩٢ منتجًا إجماليًا، وعمق كل علامة عشرات مقابل مئات فعلية) — تُستخدم للتقاطع بالباركود لا كمصدر أول. المصدر المفضّل: كتالوج المصنّع أو كتالوج التجزئة السعودي.
QGAP-01032,READY_FULL,,لوزين خبز برجر,L'usine burger buns,لوزين,L'usine,L'usine,PACKAGED,فطور,مخبوزات,burger buns,,KSA,KSA,YES,VERY_HIGH,P0,MISSING,,OPENFOODFACTS_VERIFIED,Open Food Facts — BURGER BUNS BRIOCHE,https://world.openfoodfacts.org/product/6281007060226,6281007060226,,67 g,100,320.9,10.45,47.76,8.96,1.34,10.45,343.28,FULL,MEDIUM,,,,BURGER BUNS BRIOCHE,Brioche,0.935,,,لوزين,L'usine,تغطية OpenFoodFacts للسوق السعودي ضحلة (١٦٤٩٢ منتجًا إجماليًا، وعمق كل علامة عشرات مقابل مئات فعلية) — تُستخدم للتقاطع بالباركود لا كمصدر أول. المصدر المفضّل: كتالوج المصنّع أو كتالوج التجزئة السعودي.
QGAP-01033,NEEDS_SOURCE,لم يُعثر على مصدر آلي — يحتاج جلبًا من المصنّع أو كتالوج التجزئة,لوزين خبز هوت دوج,L'usine hot dog buns,لوزين,L'usine,L'usine,PACKAGED,فطور,مخبوزات,hot dog buns,,KSA,KSA,,VERY_HIGH,P0,MISSING,,OFFICIAL_LOCAL,Saudi retailer catalogue (Panda/Othaim/Tamimi/Nana) + barcode,,,,,,,,,,,,,NONE,HIGH,,,,,,,,,لوزين,L'usine,تغطية OpenFoodFacts للسوق السعودي ضحلة (١٦٤٩٢ منتجًا إجماليًا، وعمق كل علامة عشرات مقابل مئات فعلية) — تُستخدم للتقاطع بالباركود لا كمصدر أول. المصدر المفضّل: كتالوج المصنّع أو كتالوج التجزئة السعودي.
QGAP-01034,NEEDS_SOURCE,لم يُعثر على مصدر آلي — يحتاج جلبًا من المصنّع أو كتالوج التجزئة,لوزين كرواسون بالزبدة,L'usine butter croissant,لوزين,L'usine,L'usine,PACKAGED,فطور,مخبوزات,butter croissant,,KSA,KSA,,VERY_HIGH,P0,MISSING,,OFFICIAL_LOCAL,Saudi retailer catalogue (Panda/Othaim/Tamimi/Nana) + barcode,,,,,,,,,,,,,NONE,HIGH,,,,,,,,,لوزين,L'usine,تغطية OpenFoodFacts للسوق السعودي ضحلة (١٦٤٩٢ منتجًا إجماليًا، وعمق كل علامة عشرات مقابل مئات فعلية) — تُستخدم للتقاطع بالباركود لا كمصدر أول. المصدر المفضّل: كتالوج المصنّع أو كتالوج التجزئة السعودي.
QGAP-01035,NEEDS_SOURCE,لم يُعثر على مصدر آلي — يحتاج جلبًا من المصنّع أو كتالوج التجزئة,لوزين كرواسون بالشوكولاتة,L'usine chocolate croissant,لوزين,L'usine,L'usine,PACKAGED,فطور,مخبوزات,chocolate croissant,,KSA,KSA,,VERY_HIGH,P0,MISSING,,OFFICIAL_LOCAL,Saudi retailer catalogue (Panda/Othaim/Tamimi/Nana) + barcode,,,,,,,,,,,,,NONE,HIGH,,,,,,,,,لوزين,L'usine,تغطية OpenFoodFacts للسوق السعودي ضحلة (١٦٤٩٢ منتجًا إجماليًا، وعمق كل علامة عشرات مقابل مئات فعلية) — تُستخدم للتقاطع بالباركود لا كمصدر أول. المصدر المفضّل: كتالوج المصنّع أو كتالوج التجزئة السعودي.
QGAP-01036,READY_FULL,,لوزين كرواسون بالجبن,L'usine cheese croissant,لوزين,L'usine,L'usine,PACKAGED,فطور,مخبوزات,cheese croissant,,KSA,KSA,YES,VERY_HIGH,P0,MISSING,,OPENFOODFACTS_VERIFIED,Open Food Facts — Cheese croissant,https://world.openfoodfacts.org/product/6281100084044,6281100084044,60 g,1 serving (60 g),100,240.0,7.0,24.0,13.0,0.6,7.0,243.0,FULL,MEDIUM,,,,Cheese croissant,,1.159,,,لوزين,L'usine,تغطية OpenFoodFacts للسوق السعودي ضحلة (١٦٤٩٢ منتجًا إجماليًا، وعمق كل علامة عشرات مقابل مئات فعلية) — تُستخدم للتقاطع بالباركود لا كمصدر أول. المصدر المفضّل: كتالوج المصنّع أو كتالوج التجزئة السعودي.
QGAP-01037,NEEDS_SOURCE,لم يُعثر على مصدر آلي — يحتاج جلبًا من المصنّع أو كتالوج التجزئة,لوزين كيك بالشوكولاتة,L'usine chocolate cake,لوزين,L'usine,L'usine,PACKAGED,فطور,مخبوزات,chocolate cake,,KSA,KSA,,VERY_HIGH,P0,MISSING,,OFFICIAL_LOCAL,Saudi retailer catalogue (Panda/Othaim/Tamimi/Nana) + barcode,,,,,,,,,,,,,NONE,HIGH,,,,,,,,,لوزين,L'usine,تغطية OpenFoodFacts للسوق السعودي ضحلة (١٦٤٩٢ منتجًا إجماليًا، وعمق كل علامة عشرات مقابل مئات فعلية) — تُستخدم للتقاطع بالباركود لا كمصدر أول. المصدر المفضّل: كتالوج المصنّع أو كتالوج التجزئة السعودي.
QGAP-01038,NEEDS_SOURCE,لم يُعثر على مصدر آلي — يحتاج جلبًا من المصنّع أو كتالوج التجزئة,لوزين مافن,L'usine muffin,لوزين,L'usine,L'usine,PACKAGED,فطور,مخبوزات,muffin,,KSA,KSA,,VERY_HIGH,P0,MISSING,,OFFICIAL_LOCAL,Saudi retailer catalogue (Panda/Othaim/Tamimi/Nana) + barcode,,,,,,,,,,,,,NONE,HIGH,,,,,,,,,لوزين,L'usine,تغطية OpenFoodFacts للسوق السعودي ضحلة (١٦٤٩٢ منتجًا إجماليًا، وعمق كل علامة عشرات مقابل مئات فعلية) — تُستخدم للتقاطع بالباركود لا كمصدر أول. المصدر المفضّل: كتالوج المصنّع أو كتالوج التجزئة السعودي.
QGAP-01039,NEEDS_SOURCE,لم يُعثر على مصدر آلي — يحتاج جلبًا من المصنّع أو كتالوج التجزئة,لوزين دونات,L'usine donut,لوزين,L'usine,L'usine,PACKAGED,فطور,مخبوزات,donut,,KSA,KSA,,VERY_HIGH,P0,MISSING,,OFFICIAL_LOCAL,Saudi retailer catalogue (Panda/Othaim/Tamimi/Nana) + barcode,,,,,,,,,,,,,NONE,HIGH,,,,,,,,,لوزين,L'usine,تغطية OpenFoodFacts للسوق السعودي ضحلة (١٦٤٩٢ منتجًا إجماليًا، وعمق كل علامة عشرات مقابل مئات فعلية) — تُستخدم للتقاطع بالباركود لا كمصدر أول. المصدر المفضّل: كتالوج المصنّع أو كتالوج التجزئة السعودي.
QGAP-01040,NEEDS_SOURCE,لم يُعثر على مصدر آلي — يحتاج جلبًا من المصنّع أو كتالوج التجزئة,لوزين باي التفاح,L'usine apple pie,لوزين,L'usine,L'usine,PACKAGED,فطور,مخبوزات,apple pie,,KSA,KSA,,VERY_HIGH,P0,MISSING,,OFFICIAL_LOCAL,Saudi retailer catalogue (Panda/Othaim/Tamimi/Nana) + barcode,,,,,,,,,,,,,NONE,HIGH,,,,,,,,,لوزين,L'usine,تغطية OpenFoodFacts للسوق السعودي ضحلة (١٦٤٩٢ منتجًا إجماليًا، وعمق كل علامة عشرات مقابل مئات فعلية) — تُستخدم للتقاطع بالباركود لا كمصدر أول. المصدر المفضّل: كتالوج المصنّع أو كتالوج التجزئة السعودي.
QGAP-01041,NEEDS_HUMAN_REVIEW,الأصل العام موجود في قِمّة — يُحسم بشريًا إن كان المتغيّر يستحق صفًّا مستقلًا,لوزين صمولي,L'usine samoli bread,لوزين,L'usine,L'usine,PACKAGED,فطور,مخبوزات,samoli bread,,KSA,KSA,,VERY_HIGH,P0,EXISTS_GENERIC_ONLY,gcc-31 · صمولي,OFFICIAL_LOCAL,Saudi retailer catalogue (Panda/Othaim/Tamimi/Nana) + barcode,,,,,,,,,,,,,NONE,MEDIUM,,,,,,,,,لوزين,L'usine,تغطية OpenFoodFacts للسوق السعودي ضحلة (١٦٤٩٢ منتجًا إجماليًا، وعمق كل علامة عشرات مقابل مئات فعلية) — تُستخدم للتقاطع بالباركود لا كمصدر أول. المصدر المفضّل: كتالوج المصنّع أو كتالوج التجزئة السعودي.
QGAP-01042,NEEDS_SOURCE,لم يُعثر على مصدر آلي — يحتاج جلبًا من المصنّع أو كتالوج التجزئة,لوزين خبز عربي,L'usine Arabic bread,لوزين,L'usine,L'usine,PACKAGED,فطور,مخبوزات,Arabic bread,,KSA,KSA,,VERY_HIGH,P0,MISSING,,OFFICIAL_LOCAL,Saudi retailer catalogue (Panda/Othaim/Tamimi/Nana) + barcode,,,,,,,,,,,,,NONE,HIGH,,,,,,,,,لوزين,L'usine,تغطية OpenFoodFacts للسوق السعودي ضحلة (١٦٤٩٢ منتجًا إجماليًا، وعمق كل علامة عشرات مقابل مئات فعلية) — تُستخدم للتقاطع بالباركود لا كمصدر أول. المصدر المفضّل: كتالوج المصنّع أو كتالوج التجزئة السعودي.
QGAP-01043,NEEDS_HUMAN_REVIEW,الأصل العام موجود في قِمّة — يُحسم بشريًا إن كان المتغيّر يستحق صفًّا مستقلًا,لوزين بان كيك,L'usine pancakes,لوزين,L'usine,L'usine,PACKAGED,فطور,مخبوزات,pancakes,,KSA,KSA,,VERY_HIGH,P0,EXISTS_GENERIC_ONLY,pancakes · بان كيك,OFFICIAL_LOCAL,Saudi retailer catalogue (Panda/Othaim/Tamimi/Nana) + barcode,,,,,,,,,,,,,NONE,MEDIUM,,,,,,,,,لوزين,L'usine,تغطية OpenFoodFacts للسوق السعودي ضحلة (١٦٤٩٢ منتجًا إجماليًا، وعمق كل علامة عشرات مقابل مئات فعلية) — تُستخدم للتقاطع بالباركود لا كمصدر أول. المصدر المفضّل: كتالوج المصنّع أو كتالوج التجزئة السعودي.
QGAP-01044,NEEDS_SOURCE,لم يُعثر على مصدر آلي — يحتاج جلبًا من المصنّع أو كتالوج التجزئة,لوزين رول بالقرفة,L'usine cinnamon roll,لوزين,L'usine,L'usine,PACKAGED,فطور,مخبوزات,cinnamon roll,,KSA,KSA,,VERY_HIGH,P0,MISSING,,OFFICIAL_LOCAL,Saudi retailer catalogue (Panda/Othaim/Tamimi/Nana) + barcode,,,,,,,,,,,,,NONE,HIGH,,,,,,,,,لوزين,L'usine,تغطية OpenFoodFacts للسوق السعودي ضحلة (١٦٤٩٢ منتجًا إجماليًا، وعمق كل علامة عشرات مقابل مئات فعلية) — تُستخدم للتقاطع بالباركود لا كمصدر أول. المصدر المفضّل: كتالوج المصنّع أو كتالوج التجزئة السعودي.
QGAP-01045,NEEDS_HUMAN_REVIEW,الأصل العام موجود في قِمّة — يُحسم بشريًا إن كان المتغيّر يستحق صفًّا مستقلًا,قودي زبدة فول سوداني بالقطع,Goody crunchy peanut butter,قودي,Goody,Goody,PACKAGED,أطعمة معلبة,معلبات ومربى,crunchy peanut butter,,KSA,KSA,YES,HIGH,P1,EXISTS_GENERIC_ONLY,peanut-butter · زبدة فول سوداني,OPENFOODFACTS_VERIFIED,Open Food Facts — Peanut butter,https://world.openfoodfacts.org/product/6281014110020,6281014110020,,لكل 100غ,100,562.0,21.9,25.0,46.9,6.25,12.5,375.0,NONE,MEDIUM,,,,Peanut butter,,0.9,,,قودي,Goody,تغطية OpenFoodFacts للسوق السعودي ضحلة (١٦٤٩٢ منتجًا إجماليًا، وعمق كل علامة عشرات مقابل مئات فعلية) — تُستخدم للتقاطع بالباركود لا كمصدر أول. المصدر المفضّل: كتالوج المصنّع أو كتالوج التجزئة السعودي.
QGAP-01046,NEEDS_SOURCE,لم يُعثر على مصدر آلي — يحتاج جلبًا من المصنّع أو كتالوج التجزئة,قودي مربى فراولة,Goody strawberry jam,قودي,Goody,Goody,PACKAGED,أطعمة معلبة,معلبات ومربى,strawberry jam,,KSA,KSA,,HIGH,P1,MISSING,,OFFICIAL_LOCAL,Saudi retailer catalogue (Panda/Othaim/Tamimi/Nana) + barcode,,,,,,,,,,,,,NONE,HIGH,,,,,,,,,قودي,Goody,تغطية OpenFoodFacts للسوق السعودي ضحلة (١٦٤٩٢ منتجًا إجماليًا، وعمق كل علامة عشرات مقابل مئات فعلية) — تُستخدم للتقاطع بالباركود لا كمصدر أول. المصدر المفضّل: كتالوج المصنّع أو كتالوج التجزئة السعودي.
QGAP-01047,NEEDS_SOURCE,لم يُعثر على مصدر آلي — يحتاج جلبًا من المصنّع أو كتالوج التجزئة,قودي مربى مشمش,Goody apricot jam,قودي,Goody,Goody,PACKAGED,أطعمة معلبة,معلبات ومربى,apricot jam,,KSA,KSA,,HIGH,P1,MISSING,,OFFICIAL_LOCAL,Saudi retailer catalogue (Panda/Othaim/Tamimi/Nana) + barcode,,,,,,,,,,,,,NONE,HIGH,,,,,,,,,قودي,Goody,تغطية OpenFoodFacts للسوق السعودي ضحلة (١٦٤٩٢ منتجًا إجماليًا، وعمق كل علامة عشرات مقابل مئات فعلية) — تُستخدم للتقاطع بالباركود لا كمصدر أول. المصدر المفضّل: كتالوج المصنّع أو كتالوج التجزئة السعودي.
QGAP-01048,NEEDS_SOURCE,لم يُعثر على مصدر آلي — يحتاج جلبًا من المصنّع أو كتالوج التجزئة,قودي عسل,Goody honey,قودي,Goody,Goody,PACKAGED,أطعمة معلبة,معلبات ومربى,honey,,KSA,KSA,,HIGH,P1,MISSING,,OFFICIAL_LOCAL,Saudi retailer catalogue (Panda/Othaim/Tamimi/Nana) + barcode,,,,,,,,,,,,,NONE,HIGH,,,,,,,,,قودي,Goody,تغطية OpenFoodFacts للسوق السعودي ضحلة (١٦٤٩٢ منتجًا إجماليًا، وعمق كل علامة عشرات مقابل مئات فعلية) — تُستخدم للتقاطع بالباركود لا كمصدر أول. المصدر المفضّل: كتالوج المصنّع أو كتالوج التجزئة السعودي.
QGAP-01049,NEEDS_HUMAN_REVIEW,الأصل العام موجود في قِمّة — يُحسم بشريًا إن كان المتغيّر يستحق صفًّا مستقلًا,قودي تونة بالزيت,Goody tuna in oil,قودي,Goody,Goody,PACKAGED,أطعمة معلبة,معلبات ومربى,tuna in oil,,KSA,KSA,,HIGH,P1,EXISTS_GENERIC_ONLY,tuna-oil · تونة بالزيت,OFFICIAL_LOCAL,Saudi retailer catalogue (Panda/Othaim/Tamimi/Nana) + barcode,,,,,,,,,,,,,NONE,MEDIUM,,,,,,,,,قودي,Goody,تغطية OpenFoodFacts للسوق السعودي ضحلة (١٦٤٩٢ منتجًا إجماليًا، وعمق كل علامة عشرات مقابل مئات فعلية) — تُستخدم للتقاطع بالباركود لا كمصدر أول. المصدر المفضّل: كتالوج المصنّع أو كتالوج التجزئة السعودي.
QGAP-01050,NEEDS_SOURCE,لم يُعثر على مصدر آلي — يحتاج جلبًا من المصنّع أو كتالوج التجزئة,قودي تونة بالماء,Goody tuna in water,قودي,Goody,Goody,PACKAGED,أطعمة معلبة,معلبات ومربى,tuna in water,,KSA,KSA,,HIGH,P1,MISSING,,OFFICIAL_LOCAL,Saudi retailer catalogue (Panda/Othaim/Tamimi/Nana) + barcode,,,,,,,,,,,,,NONE,HIGH,,,,,,,,,قودي,Goody,تغطية OpenFoodFacts للسوق السعودي ضحلة (١٦٤٩٢ منتجًا إجماليًا، وعمق كل علامة عشرات مقابل مئات فعلية) — تُستخدم للتقاطع بالباركود لا كمصدر أول. المصدر المفضّل: كتالوج المصنّع أو كتالوج التجزئة السعودي.
QGAP-01051,NEEDS_SOURCE,لم يُعثر على مصدر آلي — يحتاج جلبًا من المصنّع أو كتالوج التجزئة,قودي ذرة معلبة,Goody canned corn,قودي,Goody,Goody,PACKAGED,أطعمة معلبة,معلبات ومربى,canned corn,,KSA,KSA,,HIGH,P1,MISSING,,OFFICIAL_LOCAL,Saudi retailer catalogue (Panda/Othaim/Tamimi/Nana) + barcode,,,,,,,,,,,,,NONE,HIGH,,,,,,,,,قودي,Goody,تغطية OpenFoodFacts للسوق السعودي ضحلة (١٦٤٩٢ منتجًا إجماليًا، وعمق كل علامة عشرات مقابل مئات فعلية) — تُستخدم للتقاطع بالباركود لا كمصدر أول. المصدر المفضّل: كتالوج المصنّع أو كتالوج التجزئة السعودي.
QGAP-01052,NEEDS_HUMAN_REVIEW,الأصل العام موجود في قِمّة — يُحسم بشريًا إن كان المتغيّر يستحق صفًّا مستقلًا,قودي فول مدمس معلب,Goody canned foul,قودي,Goody,Goody,PACKAGED,أطعمة معلبة,معلبات ومربى,canned foul,,KSA,KSA,,HIGH,P1,EXISTS_GENERIC_ONLY,foul-mudammas · فول مدمس,OFFICIAL_LOCAL,Saudi retailer catalogue (Panda/Othaim/Tamimi/Nana) + barcode,,,,,,,,,,,,,NONE,MEDIUM,,,,,,,,,قودي,Goody,تغطية OpenFoodFacts للسوق السعودي ضحلة (١٦٤٩٢ منتجًا إجماليًا، وعمق كل علامة عشرات مقابل مئات فعلية) — تُستخدم للتقاطع بالباركود لا كمصدر أول. المصدر المفضّل: كتالوج المصنّع أو كتالوج التجزئة السعودي.
QGAP-01053,NEEDS_SOURCE,لم يُعثر على مصدر آلي — يحتاج جلبًا من المصنّع أو كتالوج التجزئة,قودي حمص معلب,Goody canned chickpeas,قودي,Goody,Goody,PACKAGED,أطعمة معلبة,معلبات ومربى,canned chickpeas,,KSA,KSA,,HIGH,P1,MISSING,,OFFICIAL_LOCAL,Saudi retailer catalogue (Panda/Othaim/Tamimi/Nana) + barcode,,,,,,,,,,,,,NONE,HIGH,,,,,,,,,قودي,Goody,تغطية OpenFoodFacts للسوق السعودي ضحلة (١٦٤٩٢ منتجًا إجماليًا، وعمق كل علامة عشرات مقابل مئات فعلية) — تُستخدم للتقاطع بالباركود لا كمصدر أول. المصدر المفضّل: كتالوج المصنّع أو كتالوج التجزئة السعودي.
QGAP-01054,READY_FULL,,قودي صلصة معكرونة,Goody pasta sauce,قودي,Goody,Goody,PACKAGED,أطعمة معلبة,معلبات ومربى,pasta sauce,,KSA,KSA,YES,HIGH,P1,MISSING,,OPENFOODFACTS_VERIFIED,Open Food Facts — Rosée Pasta Sauce,https://world.openfoodfacts.org/product/6281014302593,6281014302593,,لكل 100غ,100,156.0,3.1,13.7,9.3,2.3,8.0,276.0,FULL,MEDIUM,,,,Rosée Pasta Sauce,,0.877,,,قودي,Goody,تغطية OpenFoodFacts للسوق السعودي ضحلة (١٦٤٩٢ منتجًا إجماليًا، وعمق كل علامة عشرات مقابل مئات فعلية) — تُستخدم للتقاطع بالباركود لا كمصدر أول. المصدر المفضّل: كتالوج المصنّع أو كتالوج التجزئة السعودي.
QGAP-01055,NEEDS_HUMAN_REVIEW,مطابقة آلية بدرجة 0.835 دون حدّ القبول — تحتاج تأكيدًا,قودي مايونيز,Goody mayonnaise,قودي,Goody,Goody,PACKAGED,أطعمة معلبة,معلبات ومربى,mayonnaise,,KSA,KSA,YES,HIGH,P1,MISSING,,OPENFOODFACTS_VERIFIED,Open Food Facts — Mayonnaise light,https://world.openfoodfacts.org/product/6281014111119,6281014111119,473ml,لكل 100غ,100,267.0,0.0,6.67,26.7,,,,NONE,HIGH,,,,Mayonnaise light,,0.835,,,قودي,Goody,تغطية OpenFoodFacts للسوق السعودي ضحلة (١٦٤٩٢ منتجًا إجماليًا، وعمق كل علامة عشرات مقابل مئات فعلية) — تُستخدم للتقاطع بالباركود لا كمصدر أول. المصدر المفضّل: كتالوج المصنّع أو كتالوج التجزئة السعودي.
QGAP-01056,NEEDS_HUMAN_REVIEW,مطابقة آلية بدرجة 0.835 دون حدّ القبول — تحتاج تأكيدًا,قودي كاتشب,Goody ketchup,قودي,Goody,Goody,PACKAGED,أطعمة معلبة,معلبات ومربى,ketchup,,KSA,KSA,YES,HIGH,P1,MISSING,,OPENFOODFACTS_VERIFIED,Open Food Facts — Tomato Ketchup,https://world.openfoodfacts.org/product/6281014303644,6281014303644,980 grammes,لكل 100غ,100,17.0,0.2,3.9,0.0,,3.7,129.0,NONE,HIGH,,,,Tomato Ketchup,,0.835,,,قودي,Goody,تغطية OpenFoodFacts للسوق السعودي ضحلة (١٦٤٩٢ منتجًا إجماليًا، وعمق كل علامة عشرات مقابل مئات فعلية) — تُستخدم للتقاطع بالباركود لا كمصدر أول. المصدر المفضّل: كتالوج المصنّع أو كتالوج التجزئة السعودي.
QGAP-01057,NEEDS_SOURCE,لم يُعثر على مصدر آلي — يحتاج جلبًا من المصنّع أو كتالوج التجزئة,حلواني إخوان حلاوة طحينية سادة,Halwani Bros plain tahini halawa,حلواني إخوان,Halwani Bros,Halwani Bros,PACKAGED,حلويات,حلويات ومعجنات,plain tahini halawa,,KSA,KSA,,HIGH,P1,MISSING,,OFFICIAL_LOCAL,Saudi retailer catalogue (Panda/Othaim/Tamimi/Nana) + barcode,,,,,,,,,,,,,NONE,HIGH,,,,,,,,,حلواني إخوان,Halwani Bros,تغطية OpenFoodFacts للسوق السعودي ضحلة (١٦٤٩٢ منتجًا إجماليًا، وعمق كل علامة عشرات مقابل مئات فعلية) — تُستخدم للتقاطع بالباركود لا كمصدر أول. المصدر المفضّل: كتالوج المصنّع أو كتالوج التجزئة السعودي.
QGAP-01058,NEEDS_SOURCE,لم يُعثر على مصدر آلي — يحتاج جلبًا من المصنّع أو كتالوج التجزئة,حلواني إخوان حلاوة طحينية بالفستق,Halwani Bros pistachio halawa,حلواني إخوان,Halwani Bros,Halwani Bros,PACKAGED,حلويات,حلويات ومعجنات,pistachio halawa,,KSA,KSA,,HIGH,P1,MISSING,,OFFICIAL_LOCAL,Saudi retailer catalogue (Panda/Othaim/Tamimi/Nana) + barcode,,,,,,,,,,,,,NONE,HIGH,,,,,,,,,حلواني إخوان,Halwani Bros,تغطية OpenFoodFacts للسوق السعودي ضحلة (١٦٤٩٢ منتجًا إجماليًا، وعمق كل علامة عشرات مقابل مئات فعلية) — تُستخدم للتقاطع بالباركود لا كمصدر أول. المصدر المفضّل: كتالوج المصنّع أو كتالوج التجزئة السعودي.
QGAP-01059,NEEDS_SOURCE,لم يُعثر على مصدر آلي — يحتاج جلبًا من المصنّع أو كتالوج التجزئة,حلواني إخوان معمول تمر,Halwani Bros date maamoul,حلواني إخوان,Halwani Bros,Halwani Bros,PACKAGED,حلويات,حلويات ومعجنات,date maamoul,,KSA,KSA,,HIGH,P1,MISSING,,OFFICIAL_LOCAL,Saudi retailer catalogue (Panda/Othaim/Tamimi/Nana) + barcode,,,,,,,,,,,,,NONE,HIGH,,,,,,,,,حلواني إخوان,Halwani Bros,تغطية OpenFoodFacts للسوق السعودي ضحلة (١٦٤٩٢ منتجًا إجماليًا، وعمق كل علامة عشرات مقابل مئات فعلية) — تُستخدم للتقاطع بالباركود لا كمصدر أول. المصدر المفضّل: كتالوج المصنّع أو كتالوج التجزئة السعودي.
QGAP-01060,NEEDS_SOURCE,لم يُعثر على مصدر آلي — يحتاج جلبًا من المصنّع أو كتالوج التجزئة,حلواني إخوان بسكويت التمر,Halwani Bros date biscuit,حلواني إخوان,Halwani Bros,Halwani Bros,PACKAGED,حلويات,حلويات ومعجنات,date biscuit,,KSA,KSA,,HIGH,P1,MISSING,,OFFICIAL_LOCAL,Saudi retailer catalogue (Panda/Othaim/Tamimi/Nana) + barcode,,,,,,,,,,,,,NONE,HIGH,,,,,,,,,حلواني إخوان,Halwani Bros,تغطية OpenFoodFacts للسوق السعودي ضحلة (١٦٤٩٢ منتجًا إجماليًا، وعمق كل علامة عشرات مقابل مئات فعلية) — تُستخدم للتقاطع بالباركود لا كمصدر أول. المصدر المفضّل: كتالوج المصنّع أو كتالوج التجزئة السعودي.
QGAP-01061,NEEDS_SOURCE,لم يُعثر على مصدر آلي — يحتاج جلبًا من المصنّع أو كتالوج التجزئة,حلواني إخوان كيك,Halwani Bros cake,حلواني إخوان,Halwani Bros,Halwani Bros,PACKAGED,حلويات,حلويات ومعجنات,cake,,KSA,KSA,,HIGH,P1,MISSING,,OFFICIAL_LOCAL,Saudi retailer catalogue (Panda/Othaim/Tamimi/Nana) + barcode,,,,,,,,,,,,,NONE,HIGH,,,,,,,,,حلواني إخوان,Halwani Bros,تغطية OpenFoodFacts للسوق السعودي ضحلة (١٦٤٩٢ منتجًا إجماليًا، وعمق كل علامة عشرات مقابل مئات فعلية) — تُستخدم للتقاطع بالباركود لا كمصدر أول. المصدر المفضّل: كتالوج المصنّع أو كتالوج التجزئة السعودي.
QGAP-01062,NEEDS_SOURCE,لم يُعثر على مصدر آلي — يحتاج جلبًا من المصنّع أو كتالوج التجزئة,حلواني إخوان طحينة,Halwani Bros tahini,حلواني إخوان,Halwani Bros,Halwani Bros,PACKAGED,حلويات,حلويات ومعجنات,tahini,,KSA,KSA,,HIGH,P1,MISSING,,OFFICIAL_LOCAL,Saudi retailer catalogue (Panda/Othaim/Tamimi/Nana) + barcode,,,,,,,,,,,,,NONE,HIGH,,,,,,,,,حلواني إخوان,Halwani Bros,تغطية OpenFoodFacts للسوق السعودي ضحلة (١٦٤٩٢ منتجًا إجماليًا، وعمق كل علامة عشرات مقابل مئات فعلية) — تُستخدم للتقاطع بالباركود لا كمصدر أول. المصدر المفضّل: كتالوج المصنّع أو كتالوج التجزئة السعودي.
QGAP-01063,NEEDS_SOURCE,لم يُعثر على مصدر آلي — يحتاج جلبًا من المصنّع أو كتالوج التجزئة,حلواني إخوان بسبوسة,Halwani Bros basbousa,حلواني إخوان,Halwani Bros,Halwani Bros,PACKAGED,حلويات,حلويات ومعجنات,basbousa,,KSA,KSA,,HIGH,P1,MISSING,,OFFICIAL_LOCAL,Saudi retailer catalogue (Panda/Othaim/Tamimi/Nana) + barcode,,,,,,,,,,,,,NONE,HIGH,,,,,,,,,حلواني إخوان,Halwani Bros,تغطية OpenFoodFacts للسوق السعودي ضحلة (١٦٤٩٢ منتجًا إجماليًا، وعمق كل علامة عشرات مقابل مئات فعلية) — تُستخدم للتقاطع بالباركود لا كمصدر أول. المصدر المفضّل: كتالوج المصنّع أو كتالوج التجزئة السعودي.
QGAP-01064,READY_FULL,,حلواني إخوان مربى,Halwani Bros jam,حلواني إخوان,Halwani Bros,Halwani Bros,PACKAGED,حلويات,حلويات ومعجنات,jam,,KSA,KSA,YES,HIGH,P1,MISSING,,OPENFOODFACTS_VERIFIED,Open Food Facts — Strawberry Jam,https://world.openfoodfacts.org/product/6281041231118,6281041231118,400g,30g,100,266.67,0.0,66.67,0.0,0.0,40.0,0.0,FULL,MEDIUM,,,,Strawberry Jam,,0.911,,,حلواني إخوان,Halwani Bros,تغطية OpenFoodFacts للسوق السعودي ضحلة (١٦٤٩٢ منتجًا إجماليًا، وعمق كل علامة عشرات مقابل مئات فعلية) — تُستخدم للتقاطع بالباركود لا كمصدر أول. المصدر المفضّل: كتالوج المصنّع أو كتالوج التجزئة السعودي.
QGAP-01065,NEEDS_SOURCE,لم يُعثر على مصدر آلي — يحتاج جلبًا من المصنّع أو كتالوج التجزئة,حلواني إخوان لحم مفروم مجمد,Halwani Bros frozen minced meat,حلواني إخوان,Halwani Bros,Halwani Bros,PACKAGED,حلويات,حلويات ومعجنات,frozen minced meat,,KSA,KSA,,HIGH,P1,MISSING,,OFFICIAL_LOCAL,Saudi retailer catalogue (Panda/Othaim/Tamimi/Nana) + barcode,,,,,,,,,,,,,NONE,HIGH,,,,,,,,,حلواني إخوان,Halwani Bros,تغطية OpenFoodFacts للسوق السعودي ضحلة (١٦٤٩٢ منتجًا إجماليًا، وعمق كل علامة عشرات مقابل مئات فعلية) — تُستخدم للتقاطع بالباركود لا كمصدر أول. المصدر المفضّل: كتالوج المصنّع أو كتالوج التجزئة السعودي.
QGAP-01066,NEEDS_SOURCE,لم يُعثر على مصدر آلي — يحتاج جلبًا من المصنّع أو كتالوج التجزئة,ديمة بسكويت شاي,Deemah tea biscuit,ديمة,Deemah,Deemah,PACKAGED,حلويات,بسكويت,tea biscuit,,KSA,KSA,,HIGH,P1,MISSING,,OFFICIAL_LOCAL,Saudi retailer catalogue (Panda/Othaim/Tamimi/Nana) + barcode,,,,,,,,,,,,,NONE,HIGH,,,,,,,,,ديمة,Deemah,تغطية OpenFoodFacts للسوق السعودي ضحلة (١٦٤٩٢ منتجًا إجماليًا، وعمق كل علامة عشرات مقابل مئات فعلية) — تُستخدم للتقاطع بالباركود لا كمصدر أول. المصدر المفضّل: كتالوج المصنّع أو كتالوج التجزئة السعودي.
QGAP-01067,NEEDS_SOURCE,لم يُعثر على مصدر آلي — يحتاج جلبًا من المصنّع أو كتالوج التجزئة,ديمة بسكويت بالشوكولاتة,Deemah chocolate biscuit,ديمة,Deemah,Deemah,PACKAGED,حلويات,بسكويت,chocolate biscuit,,KSA,KSA,,HIGH,P1,MISSING,,OFFICIAL_LOCAL,Saudi retailer catalogue (Panda/Othaim/Tamimi/Nana) + barcode,,,,,,,,,,,,,NONE,HIGH,,,,,,,,,ديمة,Deemah,تغطية OpenFoodFacts للسوق السعودي ضحلة (١٦٤٩٢ منتجًا إجماليًا، وعمق كل علامة عشرات مقابل مئات فعلية) — تُستخدم للتقاطع بالباركود لا كمصدر أول. المصدر المفضّل: كتالوج المصنّع أو كتالوج التجزئة السعودي.
QGAP-01068,NEEDS_SOURCE,لم يُعثر على مصدر آلي — يحتاج جلبًا من المصنّع أو كتالوج التجزئة,ديمة ويفر,Deemah wafer,ديمة,Deemah,Deemah,PACKAGED,حلويات,بسكويت,wafer,,KSA,KSA,,HIGH,P1,MISSING,,OFFICIAL_LOCAL,Saudi retailer catalogue (Panda/Othaim/Tamimi/Nana) + barcode,,,,,,,,,,,,,NONE,HIGH,,,,,,,,,ديمة,Deemah,تغطية OpenFoodFacts للسوق السعودي ضحلة (١٦٤٩٢ منتجًا إجماليًا، وعمق كل علامة عشرات مقابل مئات فعلية) — تُستخدم للتقاطع بالباركود لا كمصدر أول. المصدر المفضّل: كتالوج المصنّع أو كتالوج التجزئة السعودي.
QGAP-01069,NEEDS_SOURCE,لم يُعثر على مصدر آلي — يحتاج جلبًا من المصنّع أو كتالوج التجزئة,ديمة بسكويت محشي بالكريمة,Deemah cream-filled biscuit,ديمة,Deemah,Deemah,PACKAGED,حلويات,بسكويت,cream-filled biscuit,,KSA,KSA,,HIGH,P1,MISSING,,OFFICIAL_LOCAL,Saudi retailer catalogue (Panda/Othaim/Tamimi/Nana) + barcode,,,,,,,,,,,,,NONE,HIGH,,,,,,,,,ديمة,Deemah,تغطية OpenFoodFacts للسوق السعودي ضحلة (١٦٤٩٢ منتجًا إجماليًا، وعمق كل علامة عشرات مقابل مئات فعلية) — تُستخدم للتقاطع بالباركود لا كمصدر أول. المصدر المفضّل: كتالوج المصنّع أو كتالوج التجزئة السعودي.
QGAP-01070,NEEDS_SOURCE,لم يُعثر على مصدر آلي — يحتاج جلبًا من المصنّع أو كتالوج التجزئة,ديمة كوكيز,Deemah cookies,ديمة,Deemah,Deemah,PACKAGED,حلويات,بسكويت,cookies,,KSA,KSA,,HIGH,P1,MISSING,,OFFICIAL_LOCAL,Saudi retailer catalogue (Panda/Othaim/Tamimi/Nana) + barcode,,,,,,,,,,,,,NONE,HIGH,,,,,,,,,ديمة,Deemah,تغطية OpenFoodFacts للسوق السعودي ضحلة (١٦٤٩٢ منتجًا إجماليًا، وعمق كل علامة عشرات مقابل مئات فعلية) — تُستخدم للتقاطع بالباركود لا كمصدر أول. المصدر المفضّل: كتالوج المصنّع أو كتالوج التجزئة السعودي.
QGAP-01071,NEEDS_SOURCE,لم يُعثر على مصدر آلي — يحتاج جلبًا من المصنّع أو كتالوج التجزئة,ديمة بسكويت مالح,Deemah crackers,ديمة,Deemah,Deemah,PACKAGED,حلويات,بسكويت,crackers,,KSA,KSA,,HIGH,P1,MISSING,,OFFICIAL_LOCAL,Saudi retailer catalogue (Panda/Othaim/Tamimi/Nana) + barcode,,,,,,,,,,,,,NONE,HIGH,,,,,,,,,ديمة,Deemah,تغطية OpenFoodFacts للسوق السعودي ضحلة (١٦٤٩٢ منتجًا إجماليًا، وعمق كل علامة عشرات مقابل مئات فعلية) — تُستخدم للتقاطع بالباركود لا كمصدر أول. المصدر المفضّل: كتالوج المصنّع أو كتالوج التجزئة السعودي.
QGAP-01072,NEEDS_SOURCE,لم يُعثر على مصدر آلي — يحتاج جلبًا من المصنّع أو كتالوج التجزئة,تيفاني ويفر,Tiffany wafer,تيفاني,Tiffany,Tiffany,PACKAGED,حلويات,بسكويت وويفر,wafer,,KSA,KSA,,MEDIUM,P2,MISSING,,OFFICIAL_LOCAL,Saudi retailer catalogue (Panda/Othaim/Tamimi/Nana) + barcode,,,,,,,,,,,,,NONE,HIGH,,,,,,,,,تيفاني,Tiffany,تغطية OpenFoodFacts للسوق السعودي ضحلة (١٦٤٩٢ منتجًا إجماليًا، وعمق كل علامة عشرات مقابل مئات فعلية) — تُستخدم للتقاطع بالباركود لا كمصدر أول. المصدر المفضّل: كتالوج المصنّع أو كتالوج التجزئة السعودي.
QGAP-01073,READY_FULL,بيانات سوق غير سعودي — تُوسم صراحةً ولا تُقدَّم كقيم سعودية,تيفاني بسكويت,Tiffany biscuit,تيفاني,Tiffany,Tiffany,PACKAGED,حلويات,بسكويت وويفر,biscuit,,NON_KSA,FOREIGN,NO,MEDIUM,P2,MISSING,,OPENFOODFACTS_VERIFIED,Open Food Facts — Tiffany biscuit,https://world.openfoodfacts.org/product/6291003000768,6291003000768,,لكل 100غ,100,520.0,20.0,17.0,25.0,,10.0,,FULL,MEDIUM,,,,Tiffany biscuit,,0.887,,,تيفاني,Tiffany,تغطية OpenFoodFacts للسوق السعودي ضحلة (١٦٤٩٢ منتجًا إجماليًا، وعمق كل علامة عشرات مقابل مئات فعلية) — تُستخدم للتقاطع بالباركود لا كمصدر أول. المصدر المفضّل: كتالوج المصنّع أو كتالوج التجزئة السعودي.
QGAP-01074,NEEDS_SOURCE,لم يُعثر على مصدر آلي — يحتاج جلبًا من المصنّع أو كتالوج التجزئة,تيفاني كوكيز,Tiffany cookies,تيفاني,Tiffany,Tiffany,PACKAGED,حلويات,بسكويت وويفر,cookies,,KSA,KSA,,MEDIUM,P2,MISSING,,OFFICIAL_LOCAL,Saudi retailer catalogue (Panda/Othaim/Tamimi/Nana) + barcode,,,,,,,,,,,,,NONE,HIGH,,,,,,,,,تيفاني,Tiffany,تغطية OpenFoodFacts للسوق السعودي ضحلة (١٦٤٩٢ منتجًا إجماليًا، وعمق كل علامة عشرات مقابل مئات فعلية) — تُستخدم للتقاطع بالباركود لا كمصدر أول. المصدر المفضّل: كتالوج المصنّع أو كتالوج التجزئة السعودي.
QGAP-01075,NEEDS_SOURCE,لم يُعثر على مصدر آلي — يحتاج جلبًا من المصنّع أو كتالوج التجزئة,تيفاني رقائق,Tiffany crisps,تيفاني,Tiffany,Tiffany,PACKAGED,حلويات,بسكويت وويفر,crisps,,KSA,KSA,,MEDIUM,P2,MISSING,,OFFICIAL_LOCAL,Saudi retailer catalogue (Panda/Othaim/Tamimi/Nana) + barcode,,,,,,,,,,,,,NONE,HIGH,,,,,,,,,تيفاني,Tiffany,تغطية OpenFoodFacts للسوق السعودي ضحلة (١٦٤٩٢ منتجًا إجماليًا، وعمق كل علامة عشرات مقابل مئات فعلية) — تُستخدم للتقاطع بالباركود لا كمصدر أول. المصدر المفضّل: كتالوج المصنّع أو كتالوج التجزئة السعودي.
QGAP-01076,READY_PARTIAL,قيم جزئية من مصدر موثوق — الباقي يبقى فارغًا · بيانات سوق غير سعودي — تُوسم صراحةً ولا تُقدَّم كقيم سعودية,أوريو أصلي,Oreo original,أوريو,Oreo,Oreo,PACKAGED,حلويات,بسكويت,original,,NON_KSA,FOREIGN,NO,HIGH,P1,MISSING,,OPENFOODFACTS_VERIFIED,Open Food Facts — Oreo Original,https://world.openfoodfacts.org/product/7590011251100,7590011251100,36 g,36 g,100,480.56,4.17,,19.44,2.78,38.89,444.44,PARTIAL,MEDIUM,,,,Oreo Original,,0.95,,,أوريو,Oreo,تغطية OpenFoodFacts للسوق السعودي ضحلة (١٦٤٩٢ منتجًا إجماليًا، وعمق كل علامة عشرات مقابل مئات فعلية) — تُستخدم للتقاطع بالباركود لا كمصدر أول. المصدر المفضّل: كتالوج المصنّع أو كتالوج التجزئة السعودي.
QGAP-01077,READY_FULL,بيانات سوق غير سعودي — تُوسم صراحةً ولا تُقدَّم كقيم سعودية,أوريو بالشوكولاتة,Oreo chocolate,أوريو,Oreo,Oreo,PACKAGED,حلويات,بسكويت,chocolate,,NON_KSA,FOREIGN,NO,HIGH,P1,MISSING,,OPENFOODFACTS_VERIFIED,Open Food Facts — Oreo chocolate,https://world.openfoodfacts.org/product/4892642101926,4892642101926,248.4g,27.6g,100,483.0,4.4,69.0,21.0,2.7,37.6,455.0,FULL,MEDIUM,,,,Oreo chocolate,,0.929,,,أوريو,Oreo,تغطية OpenFoodFacts للسوق السعودي ضحلة (١٦٤٩٢ منتجًا إجماليًا، وعمق كل علامة عشرات مقابل مئات فعلية) — تُستخدم للتقاطع بالباركود لا كمصدر أول. المصدر المفضّل: كتالوج المصنّع أو كتالوج التجزئة السعودي.
QGAP-01078,READY_FULL,بيانات سوق غير سعودي — تُوسم صراحةً ولا تُقدَّم كقيم سعودية,أوريو فانيلا,Oreo vanilla,أوريو,Oreo,Oreo,PACKAGED,حلويات,بسكويت,vanilla,,NON_KSA,FOREIGN,NO,HIGH,P1,MISSING,,OPENFOODFACTS_VERIFIED,Open Food Facts — oreo (w) vanilla 27.6g,https://world.openfoodfacts.org/product/8992760121014,8992760121014,27g,27.6 g,100,481.88,4.7,69.3,20.6,2.0,38.2,0.0,FULL,MEDIUM,,,,oreo (w) vanilla 27.6g,,0.919,,,أوريو,Oreo,تغطية OpenFoodFacts للسوق السعودي ضحلة (١٦٤٩٢ منتجًا إجماليًا، وعمق كل علامة عشرات مقابل مئات فعلية) — تُستخدم للتقاطع بالباركود لا كمصدر أول. المصدر المفضّل: كتالوج المصنّع أو كتالوج التجزئة السعودي.
QGAP-01079,READY_FULL,بيانات سوق غير سعودي — تُوسم صراحةً ولا تُقدَّم كقيم سعودية,أوريو ميني,Oreo mini,أوريو,Oreo,Oreo,PACKAGED,حلويات,بسكويت,mini,,NON_KSA,FOREIGN,NO,HIGH,P1,MISSING,,OPENFOODFACTS_VERIFIED,Open Food Facts — Mini Oreo,https://world.openfoodfacts.org/product/7622201802028,7622201802028,6 x 19 g,19g,100,473.68,5.1,68.0,20.0,3.0,37.0,292.0,FULL,MEDIUM,,,,Mini Oreo,,0.93,,,أوريو,Oreo,تغطية OpenFoodFacts للسوق السعودي ضحلة (١٦٤٩٢ منتجًا إجماليًا، وعمق كل علامة عشرات مقابل مئات فعلية) — تُستخدم للتقاطع بالباركود لا كمصدر أول. المصدر المفضّل: كتالوج المصنّع أو كتالوج التجزئة السعودي.
QGAP-01080,NEEDS_SOURCE,لم يُعثر على مصدر آلي — يحتاج جلبًا من المصنّع أو كتالوج التجزئة,أوريو ويفر,Oreo wafer,أوريو,Oreo,Oreo,PACKAGED,حلويات,بسكويت,wafer,,KSA,UNSPECIFIED,,HIGH,P1,MISSING,,OFFICIAL_MANUFACTURER,Oreo official product page,,,,,,,,,,,,,NONE,HIGH,,,,,,,,,أوريو,Oreo,تغطية OpenFoodFacts للسوق السعودي ضحلة (١٦٤٩٢ منتجًا إجماليًا، وعمق كل علامة عشرات مقابل مئات فعلية) — تُستخدم للتقاطع بالباركود لا كمصدر أول. المصدر المفضّل: كتالوج المصنّع أو كتالوج التجزئة السعودي.
QGAP-01081,READY_FULL,بيانات سوق غير سعودي — تُوسم صراحةً ولا تُقدَّم كقيم سعودية,ماكفيتيز دايجستيف,McVitie's digestive,ماكفيتيز,McVitie's,McVitie's,PACKAGED,حلويات,بسكويت,digestive,,NON_KSA,FOREIGN,NO,MEDIUM,P2,MISSING,,OPENFOODFACTS_VERIFIED,Open Food Facts — Digestive,https://world.openfoodfacts.org/product/6666666682130,6666666682130,200 g,لكل 100غ,100,496.0,6.0,61.1,24.3,,26.6,300.0,FULL,MEDIUM,,,,Digestive,,0.85,,,ماكفيتيز,McVitie's,تغطية OpenFoodFacts للسوق السعودي ضحلة (١٦٤٩٢ منتجًا إجماليًا، وعمق كل علامة عشرات مقابل مئات فعلية) — تُستخدم للتقاطع بالباركود لا كمصدر أول. المصدر المفضّل: كتالوج المصنّع أو كتالوج التجزئة السعودي.
QGAP-01082,NEEDS_SOURCE,لم يُعثر على مصدر آلي — يحتاج جلبًا من المصنّع أو كتالوج التجزئة,ماكفيتيز دايجستيف بالشوكولاتة,McVitie's chocolate digestive,ماكفيتيز,McVitie's,McVitie's,PACKAGED,حلويات,بسكويت,chocolate digestive,,KSA,UNSPECIFIED,,MEDIUM,P2,MISSING,,OFFICIAL_MANUFACTURER,McVitie's official product page,,,,,,,,,,,,,NONE,HIGH,,,,,,,,,ماكفيتيز,McVitie's,تغطية OpenFoodFacts للسوق السعودي ضحلة (١٦٤٩٢ منتجًا إجماليًا، وعمق كل علامة عشرات مقابل مئات فعلية) — تُستخدم للتقاطع بالباركود لا كمصدر أول. المصدر المفضّل: كتالوج المصنّع أو كتالوج التجزئة السعودي.
QGAP-01083,READY_FULL,بيانات سوق غير سعودي — تُوسم صراحةً ولا تُقدَّم كقيم سعودية,ماكفيتيز هوب نوبس,McVitie's hobnobs,ماكفيتيز,McVitie's,McVitie's,PACKAGED,حلويات,بسكويت,hobnobs,,NON_KSA,FOREIGN,NO,MEDIUM,P2,MISSING,,OPENFOODFACTS_VERIFIED,Open Food Facts — Hobnobs,https://world.openfoodfacts.org/product/5000168197746,5000168197746,180 g (6 x 30g),لكل 100غ,100,419.0,6.3,68.0,13.1,4.8,28.7,340.0,FULL,MEDIUM,,,,Hobnobs,,0.85,,,ماكفيتيز,McVitie's,تغطية OpenFoodFacts للسوق السعودي ضحلة (١٦٤٩٢ منتجًا إجماليًا، وعمق كل علامة عشرات مقابل مئات فعلية) — تُستخدم للتقاطع بالباركود لا كمصدر أول. المصدر المفضّل: كتالوج المصنّع أو كتالوج التجزئة السعودي.
QGAP-01084,NEEDS_SOURCE,لم يُعثر على مصدر آلي — يحتاج جلبًا من المصنّع أو كتالوج التجزئة,أولكر ألبيني,Ülker Albeni,أولكر,Ülker,Ülker,PACKAGED,حلويات,بسكويت وشوكولاتة,Albeni,,KSA,UNSPECIFIED,,MEDIUM,P2,MISSING,,OFFICIAL_MANUFACTURER,Ülker official product page,,,,,,,,,,,,,NONE,HIGH,,,,,,,,,أولكر,Ülker,تغطية OpenFoodFacts للسوق السعودي ضحلة (١٦٤٩٢ منتجًا إجماليًا، وعمق كل علامة عشرات مقابل مئات فعلية) — تُستخدم للتقاطع بالباركود لا كمصدر أول. المصدر المفضّل: كتالوج المصنّع أو كتالوج التجزئة السعودي.
QGAP-01085,NEEDS_SOURCE,لم يُعثر على مصدر آلي — يحتاج جلبًا من المصنّع أو كتالوج التجزئة,أولكر شوكوكريم,Ülker Cokokrem,أولكر,Ülker,Ülker,PACKAGED,حلويات,بسكويت وشوكولاتة,Cokokrem,,KSA,UNSPECIFIED,,MEDIUM,P2,MISSING,,OFFICIAL_MANUFACTURER,Ülker official product page,,,,,,,,,,,,,NONE,HIGH,,,,,,,,,أولكر,Ülker,تغطية OpenFoodFacts للسوق السعودي ضحلة (١٦٤٩٢ منتجًا إجماليًا، وعمق كل علامة عشرات مقابل مئات فعلية) — تُستخدم للتقاطع بالباركود لا كمصدر أول. المصدر المفضّل: كتالوج المصنّع أو كتالوج التجزئة السعودي.
QGAP-01086,NEEDS_SOURCE,لم يُعثر على مصدر آلي — يحتاج جلبًا من المصنّع أو كتالوج التجزئة,أولكر ويفر,Ülker wafer,أولكر,Ülker,Ülker,PACKAGED,حلويات,بسكويت وشوكولاتة,wafer,,KSA,UNSPECIFIED,,MEDIUM,P2,MISSING,,OFFICIAL_MANUFACTURER,Ülker official product page,,,,,,,,,,,,,NONE,HIGH,,,,,,,,,أولكر,Ülker,تغطية OpenFoodFacts للسوق السعودي ضحلة (١٦٤٩٢ منتجًا إجماليًا، وعمق كل علامة عشرات مقابل مئات فعلية) — تُستخدم للتقاطع بالباركود لا كمصدر أول. المصدر المفضّل: كتالوج المصنّع أو كتالوج التجزئة السعودي.
QGAP-01087,NEEDS_SOURCE,لم يُعثر على مصدر آلي — يحتاج جلبًا من المصنّع أو كتالوج التجزئة,أولكر بسكويت,Ülker biscuit,أولكر,Ülker,Ülker,PACKAGED,حلويات,بسكويت وشوكولاتة,biscuit,,KSA,UNSPECIFIED,,MEDIUM,P2,MISSING,,OFFICIAL_MANUFACTURER,Ülker official product page,,,,,,,,,,,,,NONE,HIGH,,,,,,,,,أولكر,Ülker,تغطية OpenFoodFacts للسوق السعودي ضحلة (١٦٤٩٢ منتجًا إجماليًا، وعمق كل علامة عشرات مقابل مئات فعلية) — تُستخدم للتقاطع بالباركود لا كمصدر أول. المصدر المفضّل: كتالوج المصنّع أو كتالوج التجزئة السعودي.
QGAP-01088,NEEDS_SOURCE,لم يُعثر على مصدر آلي — يحتاج جلبًا من المصنّع أو كتالوج التجزئة,لواكر ويفر بندق,Loacker hazelnut wafer,لواكر,Loacker,Loacker,PACKAGED,حلويات,ويفر,hazelnut wafer,,KSA,UNSPECIFIED,,MEDIUM,P2,MISSING,,OFFICIAL_MANUFACTURER,Loacker official product page,,,,,,,,,,,,,NONE,HIGH,,,,,,,,,لواكر,Loacker,تغطية OpenFoodFacts للسوق السعودي ضحلة (١٦٤٩٢ منتجًا إجماليًا، وعمق كل علامة عشرات مقابل مئات فعلية) — تُستخدم للتقاطع بالباركود لا كمصدر أول. المصدر المفضّل: كتالوج المصنّع أو كتالوج التجزئة السعودي.
QGAP-01089,NEEDS_SOURCE,لم يُعثر على مصدر آلي — يحتاج جلبًا من المصنّع أو كتالوج التجزئة,لواكر ويفر فانيلا,Loacker vanilla wafer,لواكر,Loacker,Loacker,PACKAGED,حلويات,ويفر,vanilla wafer,,KSA,UNSPECIFIED,,MEDIUM,P2,MISSING,,OFFICIAL_MANUFACTURER,Loacker official product page,,,,,,,,,,,,,NONE,HIGH,,,,,,,,,لواكر,Loacker,تغطية OpenFoodFacts للسوق السعودي ضحلة (١٦٤٩٢ منتجًا إجماليًا، وعمق كل علامة عشرات مقابل مئات فعلية) — تُستخدم للتقاطع بالباركود لا كمصدر أول. المصدر المفضّل: كتالوج المصنّع أو كتالوج التجزئة السعودي.
QGAP-01090,READY_FULL,بيانات سوق غير سعودي — تُوسم صراحةً ولا تُقدَّم كقيم سعودية,لواكر كوارتيني,Loacker Quadratini,لواكر,Loacker,Loacker,PACKAGED,حلويات,ويفر,Quadratini,,NON_KSA,FOREIGN,NO,MEDIUM,P2,MISSING,,OPENFOODFACTS_VERIFIED,Open Food Facts — Quadratini,https://world.openfoodfacts.org/product/8000380205400,8000380205400,250 g,لكل 100غ,100,516.0,14.0,53.0,27.0,,22.0,164.0,FULL,MEDIUM,,,,Quadratini,,0.929,,,لواكر,Loacker,تغطية OpenFoodFacts للسوق السعودي ضحلة (١٦٤٩٢ منتجًا إجماليًا، وعمق كل علامة عشرات مقابل مئات فعلية) — تُستخدم للتقاطع بالباركود لا كمصدر أول. المصدر المفضّل: كتالوج المصنّع أو كتالوج التجزئة السعودي.
QGAP-01091,NEEDS_SOURCE,لم يُعثر على مصدر آلي — يحتاج جلبًا من المصنّع أو كتالوج التجزئة,ليز ملح,Lay's salted,ليز,Lay's,Lay's,PACKAGED,حلويات,شيبس,salted,,KSA,KSA,,VERY_HIGH,P0,MISSING,,OFFICIAL_LOCAL,Saudi retailer catalogue (Panda/Othaim/Tamimi/Nana) + barcode,,,,,,,,,,,,,NONE,HIGH,,,,,,,,,ليز,Lay's,تغطية OpenFoodFacts للسوق السعودي ضحلة (١٦٤٩٢ منتجًا إجماليًا، وعمق كل علامة عشرات مقابل مئات فعلية) — تُستخدم للتقاطع بالباركود لا كمصدر أول. المصدر المفضّل: كتالوج المصنّع أو كتالوج التجزئة السعودي.
QGAP-01092,NEEDS_SOURCE,لم يُعثر على مصدر آلي — يحتاج جلبًا من المصنّع أو كتالوج التجزئة,ليز كاتشب,Lay's ketchup,ليز,Lay's,Lay's,PACKAGED,حلويات,شيبس,ketchup,,KSA,KSA,,VERY_HIGH,P0,MISSING,,OFFICIAL_LOCAL,Saudi retailer catalogue (Panda/Othaim/Tamimi/Nana) + barcode,,,,,,,,,,,,,NONE,HIGH,,,,,,,,,ليز,Lay's,تغطية OpenFoodFacts للسوق السعودي ضحلة (١٦٤٩٢ منتجًا إجماليًا، وعمق كل علامة عشرات مقابل مئات فعلية) — تُستخدم للتقاطع بالباركود لا كمصدر أول. المصدر المفضّل: كتالوج المصنّع أو كتالوج التجزئة السعودي.
QGAP-01093,NEEDS_SOURCE,لم يُعثر على مصدر آلي — يحتاج جلبًا من المصنّع أو كتالوج التجزئة,ليز تشيلي,Lay's chili,ليز,Lay's,Lay's,PACKAGED,حلويات,شيبس,chili,,KSA,KSA,,VERY_HIGH,P0,MISSING,,OFFICIAL_LOCAL,Saudi retailer catalogue (Panda/Othaim/Tamimi/Nana) + barcode,,,,,,,,,,,,,NONE,HIGH,,,,,,,,,ليز,Lay's,تغطية OpenFoodFacts للسوق السعودي ضحلة (١٦٤٩٢ منتجًا إجماليًا، وعمق كل علامة عشرات مقابل مئات فعلية) — تُستخدم للتقاطع بالباركود لا كمصدر أول. المصدر المفضّل: كتالوج المصنّع أو كتالوج التجزئة السعودي.
QGAP-01094,READY_FULL,بيانات سوق غير سعودي — تُوسم صراحةً ولا تُقدَّم كقيم سعودية,ليز جبن,Lay's cheese,ليز,Lay's,Lay's,PACKAGED,حلويات,شيبس,cheese,,NON_KSA,FOREIGN,NO,VERY_HIGH,P0,MISSING,,OPENFOODFACTS_VERIFIED,Open Food Facts — Lay's cheese flavor,https://world.openfoodfacts.org/product/6221031497926,6221031497926,,لكل 100غ,100,495.0,8.1,51.3,29.0,5.3,0.6,548.0,FULL,MEDIUM,,,,Lay's cheese flavor,,0.909,,,ليز,Lay's,تغطية OpenFoodFacts للسوق السعودي ضحلة (١٦٤٩٢ منتجًا إجماليًا، وعمق كل علامة عشرات مقابل مئات فعلية) — تُستخدم للتقاطع بالباركود لا كمصدر أول. المصدر المفضّل: كتالوج المصنّع أو كتالوج التجزئة السعودي.
QGAP-01095,NEEDS_SOURCE,لم يُعثر على مصدر آلي — يحتاج جلبًا من المصنّع أو كتالوج التجزئة,ليز باربكيو,Lay's BBQ,ليز,Lay's,Lay's,PACKAGED,حلويات,شيبس,BBQ,,KSA,KSA,,VERY_HIGH,P0,MISSING,,OFFICIAL_LOCAL,Saudi retailer catalogue (Panda/Othaim/Tamimi/Nana) + barcode,,,,,,,,,,,,,NONE,HIGH,,,,,,,,,ليز,Lay's,تغطية OpenFoodFacts للسوق السعودي ضحلة (١٦٤٩٢ منتجًا إجماليًا، وعمق كل علامة عشرات مقابل مئات فعلية) — تُستخدم للتقاطع بالباركود لا كمصدر أول. المصدر المفضّل: كتالوج المصنّع أو كتالوج التجزئة السعودي.
QGAP-01096,NEEDS_SOURCE,لم يُعثر على مصدر آلي — يحتاج جلبًا من المصنّع أو كتالوج التجزئة,ليز فرنش تشيز,Lay's French cheese,ليز,Lay's,Lay's,PACKAGED,حلويات,شيبس,French cheese,,KSA,KSA,,VERY_HIGH,P0,MISSING,,OFFICIAL_LOCAL,Saudi retailer catalogue (Panda/Othaim/Tamimi/Nana) + barcode,,,,,,,,,,,,,NONE,HIGH,,,,,,,,,ليز,Lay's,تغطية OpenFoodFacts للسوق السعودي ضحلة (١٦٤٩٢ منتجًا إجماليًا، وعمق كل علامة عشرات مقابل مئات فعلية) — تُستخدم للتقاطع بالباركود لا كمصدر أول. المصدر المفضّل: كتالوج المصنّع أو كتالوج التجزئة السعودي.
QGAP-01097,READY_FULL,بيانات سوق غير سعودي — تُوسم صراحةً ولا تُقدَّم كقيم سعودية,ليز أوريجينال,Lay's original,ليز,Lay's,Lay's,PACKAGED,حلويات,شيبس,original,,NON_KSA,FOREIGN,NO,VERY_HIGH,P0,MISSING,,OPENFOODFACTS_VERIFIED,Open Food Facts — Lay’s Original,https://world.openfoodfacts.org/product/5601363012690,5601363012690,,لكل 100غ,100,510.0,6.3,52.8,29.3,,0.7,400.0,FULL,MEDIUM,,,,Lay’s Original,,0.909,,,ليز,Lay's,تغطية OpenFoodFacts للسوق السعودي ضحلة (١٦٤٩٢ منتجًا إجماليًا، وعمق كل علامة عشرات مقابل مئات فعلية) — تُستخدم للتقاطع بالباركود لا كمصدر أول. المصدر المفضّل: كتالوج المصنّع أو كتالوج التجزئة السعودي.
QGAP-01098,NEEDS_SOURCE,لم يُعثر على مصدر آلي — يحتاج جلبًا من المصنّع أو كتالوج التجزئة,ليز ماكس,Lay's Max ridged,ليز,Lay's,Lay's,PACKAGED,حلويات,شيبس,Max ridged,,KSA,KSA,,VERY_HIGH,P0,MISSING,,OFFICIAL_LOCAL,Saudi retailer catalogue (Panda/Othaim/Tamimi/Nana) + barcode,,,,,,,,,,,,,NONE,HIGH,,,,,,,,,ليز,Lay's,تغطية OpenFoodFacts للسوق السعودي ضحلة (١٦٤٩٢ منتجًا إجماليًا، وعمق كل علامة عشرات مقابل مئات فعلية) — تُستخدم للتقاطع بالباركود لا كمصدر أول. المصدر المفضّل: كتالوج المصنّع أو كتالوج التجزئة السعودي.
QGAP-01099,NEEDS_SOURCE,لم يُعثر على مصدر آلي — يحتاج جلبًا من المصنّع أو كتالوج التجزئة,تسالي ملح,Tasali salted,تسالي,Tasali,Tasali,PACKAGED,حلويات,شيبس,salted,,KSA,KSA,,VERY_HIGH,P1,MISSING,,OFFICIAL_LOCAL,Saudi retailer catalogue (Panda/Othaim/Tamimi/Nana) + barcode,,,,,,,,,,,,,NONE,HIGH,,,,,,,,,تسالي,Tasali,تغطية OpenFoodFacts للسوق السعودي ضحلة (١٦٤٩٢ منتجًا إجماليًا، وعمق كل علامة عشرات مقابل مئات فعلية) — تُستخدم للتقاطع بالباركود لا كمصدر أول. المصدر المفضّل: كتالوج المصنّع أو كتالوج التجزئة السعودي.
QGAP-01100,NEEDS_SOURCE,لم يُعثر على مصدر آلي — يحتاج جلبًا من المصنّع أو كتالوج التجزئة,تسالي شطة,Tasali chili,تسالي,Tasali,Tasali,PACKAGED,حلويات,شيبس,chili,,KSA,KSA,,VERY_HIGH,P1,MISSING,,OFFICIAL_LOCAL,Saudi retailer catalogue (Panda/Othaim/Tamimi/Nana) + barcode,,,,,,,,,,,,,NONE,HIGH,,,,,,,,,تسالي,Tasali,تغطية OpenFoodFacts للسوق السعودي ضحلة (١٦٤٩٢ منتجًا إجماليًا، وعمق كل علامة عشرات مقابل مئات فعلية) — تُستخدم للتقاطع بالباركود لا كمصدر أول. المصدر المفضّل: كتالوج المصنّع أو كتالوج التجزئة السعودي.
QGAP-01101,NEEDS_SOURCE,لم يُعثر على مصدر آلي — يحتاج جلبًا من المصنّع أو كتالوج التجزئة,تسالي جبن,Tasali cheese,تسالي,Tasali,Tasali,PACKAGED,حلويات,شيبس,cheese,,KSA,KSA,,VERY_HIGH,P1,MISSING,,OFFICIAL_LOCAL,Saudi retailer catalogue (Panda/Othaim/Tamimi/Nana) + barcode,,,,,,,,,,,,,NONE,HIGH,,,,,,,,,تسالي,Tasali,تغطية OpenFoodFacts للسوق السعودي ضحلة (١٦٤٩٢ منتجًا إجماليًا، وعمق كل علامة عشرات مقابل مئات فعلية) — تُستخدم للتقاطع بالباركود لا كمصدر أول. المصدر المفضّل: كتالوج المصنّع أو كتالوج التجزئة السعودي.
QGAP-01102,READY_FULL,,تسالي كاتشب,Tasali ketchup,تسالي,Tasali,Tasali,PACKAGED,حلويات,شيبس,ketchup,,KSA,KSA,YES,VERY_HIGH,P1,MISSING,,OPENFOODFACTS_VERIFIED,Open Food Facts — Tasali ketchup,https://world.openfoodfacts.org/product/6281036177155,6281036177155,155g,لكل 100غ,100,520.0,6.8,48.0,32.0,,2.8,496.0,FULL,MEDIUM,,,,Tasali ketchup,,1.159,,,تسالي,Tasali,تغطية OpenFoodFacts للسوق السعودي ضحلة (١٦٤٩٢ منتجًا إجماليًا، وعمق كل علامة عشرات مقابل مئات فعلية) — تُستخدم للتقاطع بالباركود لا كمصدر أول. المصدر المفضّل: كتالوج المصنّع أو كتالوج التجزئة السعودي.
QGAP-01103,NEEDS_SOURCE,لم يُعثر على مصدر آلي — يحتاج جلبًا من المصنّع أو كتالوج التجزئة,تسالي بهارات,Tasali spiced,تسالي,Tasali,Tasali,PACKAGED,حلويات,شيبس,spiced,,KSA,KSA,,VERY_HIGH,P1,MISSING,,OFFICIAL_LOCAL,Saudi retailer catalogue (Panda/Othaim/Tamimi/Nana) + barcode,,,,,,,,,,,,,NONE,HIGH,,,,,,,,,تسالي,Tasali,تغطية OpenFoodFacts للسوق السعودي ضحلة (١٦٤٩٢ منتجًا إجماليًا، وعمق كل علامة عشرات مقابل مئات فعلية) — تُستخدم للتقاطع بالباركود لا كمصدر أول. المصدر المفضّل: كتالوج المصنّع أو كتالوج التجزئة السعودي.
QGAP-01104,READY_FULL,بيانات سوق غير سعودي — تُوسم صراحةً ولا تُقدَّم كقيم سعودية,شيتوس جبن,Cheetos cheese,شيتوس,Cheetos,Cheetos,PACKAGED,حلويات,شيبس,cheese,,NON_KSA,FOREIGN,NO,HIGH,P1,MISSING,,OPENFOODFACTS_VERIFIED,Open Food Facts — Cheetos Cheese,https://world.openfoodfacts.org/product/5900259068002,5900259068002,165gr.,30g,100,480.0,6.1,62.0,23.0,,7.5,1280.0,FULL,MEDIUM,,,,Cheetos Cheese,,0.92,,,شيتوس,Cheetos,تغطية OpenFoodFacts للسوق السعودي ضحلة (١٦٤٩٢ منتجًا إجماليًا، وعمق كل علامة عشرات مقابل مئات فعلية) — تُستخدم للتقاطع بالباركود لا كمصدر أول. المصدر المفضّل: كتالوج المصنّع أو كتالوج التجزئة السعودي.
QGAP-01105,READY_FULL,بيانات سوق غير سعودي — تُوسم صراحةً ولا تُقدَّم كقيم سعودية,شيتوس حار,Cheetos flamin hot,شيتوس,Cheetos,Cheetos,PACKAGED,حلويات,شيبس,flamin hot,,NON_KSA,FOREIGN,NO,HIGH,P1,MISSING,,OPENFOODFACTS_VERIFIED,Open Food Facts — Flamin' Hot,https://world.openfoodfacts.org/product/8410199025586,8410199025586,80g,30g,100,476.0,6.2,68.0,19.0,2.6,3.7,440.0,FULL,MEDIUM,,,,Flamin' Hot,,0.92,,,شيتوس,Cheetos,تغطية OpenFoodFacts للسوق السعودي ضحلة (١٦٤٩٢ منتجًا إجماليًا، وعمق كل علامة عشرات مقابل مئات فعلية) — تُستخدم للتقاطع بالباركود لا كمصدر أول. المصدر المفضّل: كتالوج المصنّع أو كتالوج التجزئة السعودي.
QGAP-01106,READY_FULL,بيانات سوق غير سعودي — تُوسم صراحةً ولا تُقدَّم كقيم سعودية,شيتوس كرات,Cheetos puffs,شيتوس,Cheetos,Cheetos,PACKAGED,حلويات,شيبس,puffs,,NON_KSA,FOREIGN,NO,HIGH,P1,MISSING,,OPENFOODFACTS_VERIFIED,Open Food Facts — Cheetos Puffs,https://world.openfoodfacts.org/product/0028400002561,0028400002561,7/8 oz (24.8g),"24,8 g",100,564.52,8.06,56.45,36.29,4.03,4.03,725.81,FULL,MEDIUM,,,,Cheetos Puffs,,0.919,,,شيتوس,Cheetos,تغطية OpenFoodFacts للسوق السعودي ضحلة (١٦٤٩٢ منتجًا إجماليًا، وعمق كل علامة عشرات مقابل مئات فعلية) — تُستخدم للتقاطع بالباركود لا كمصدر أول. المصدر المفضّل: كتالوج المصنّع أو كتالوج التجزئة السعودي.
QGAP-01107,READY_FULL,,شيتوس تويستد,Cheetos twisted,شيتوس,Cheetos,Cheetos,PACKAGED,حلويات,شيبس,twisted,,KSA,KSA,YES,HIGH,P1,MISSING,,OPENFOODFACTS_VERIFIED,Open Food Facts — Cheetos twisted small,https://world.openfoodfacts.org/product/6281036241504,6281036241504,,لكل 100غ,100,130.0,1.4,14.7,7.3,,0.8,92.4,FULL,MEDIUM,,,,Cheetos twisted small,,0.872,,,شيتوس,Cheetos,تغطية OpenFoodFacts للسوق السعودي ضحلة (١٦٤٩٢ منتجًا إجماليًا، وعمق كل علامة عشرات مقابل مئات فعلية) — تُستخدم للتقاطع بالباركود لا كمصدر أول. المصدر المفضّل: كتالوج المصنّع أو كتالوج التجزئة السعودي.
QGAP-01108,READY_FULL,,دوريتوس ناتشو تشيز,Doritos nacho cheese,دوريتوس,Doritos,Doritos,PACKAGED,حلويات,شيبس,nacho cheese,,KSA,KSA,YES,HIGH,P1,MISSING,,OPENFOODFACTS_VERIFIED,Open Food Facts — Doritos Nacho Cheese,https://world.openfoodfacts.org/product/6281036564108,6281036564108,48g,30g,100,513.33,8.0,60.0,27.0,5.67,2.33,0.0,FULL,MEDIUM,,,,Doritos Nacho Cheese,,1.179,,,دوريتوس,Doritos,تغطية OpenFoodFacts للسوق السعودي ضحلة (١٦٤٩٢ منتجًا إجماليًا، وعمق كل علامة عشرات مقابل مئات فعلية) — تُستخدم للتقاطع بالباركود لا كمصدر أول. المصدر المفضّل: كتالوج المصنّع أو كتالوج التجزئة السعودي.
QGAP-01109,READY_FULL,بيانات سوق غير سعودي — تُوسم صراحةً ولا تُقدَّم كقيم سعودية,دوريتوس كول رانش,Doritos cool ranch,دوريتوس,Doritos,Doritos,PACKAGED,حلويات,شيبس,cool ranch,,NON_KSA,FOREIGN,NO,HIGH,P1,MISSING,,OPENFOODFACTS_VERIFIED,Open Food Facts — Cool Ranch Flavor Doritos,https://world.openfoodfacts.org/product/0028400517775,0028400517775,250g,1 serving (100 g),100,535.71,7.14,64.29,28.57,1.0,3.57,678.57,FULL,MEDIUM,,,,Cool Ranch Flavor Doritos,,0.929,,,دوريتوس,Doritos,تغطية OpenFoodFacts للسوق السعودي ضحلة (١٦٤٩٢ منتجًا إجماليًا، وعمق كل علامة عشرات مقابل مئات فعلية) — تُستخدم للتقاطع بالباركود لا كمصدر أول. المصدر المفضّل: كتالوج المصنّع أو كتالوج التجزئة السعودي.
QGAP-01110,NEEDS_SOURCE,لم يُعثر على مصدر آلي — يحتاج جلبًا من المصنّع أو كتالوج التجزئة,دوريتوس حار,Doritos spicy,دوريتوس,Doritos,Doritos,PACKAGED,حلويات,شيبس,spicy,,KSA,KSA,,HIGH,P1,MISSING,,OFFICIAL_LOCAL,Saudi retailer catalogue (Panda/Othaim/Tamimi/Nana) + barcode,,,,,,,,,,,,,NONE,HIGH,,,,,,,,,دوريتوس,Doritos,تغطية OpenFoodFacts للسوق السعودي ضحلة (١٦٤٩٢ منتجًا إجماليًا، وعمق كل علامة عشرات مقابل مئات فعلية) — تُستخدم للتقاطع بالباركود لا كمصدر أول. المصدر المفضّل: كتالوج المصنّع أو كتالوج التجزئة السعودي.
QGAP-01111,READY_FULL,بيانات سوق غير سعودي — تُوسم صراحةً ولا تُقدَّم كقيم سعودية,برينجلز أصلي,Pringles original,برينجلز,Pringles,Pringles,PACKAGED,حلويات,شيبس,original,,NON_KSA,FOREIGN,NO,HIGH,P1,MISSING,,OPENFOODFACTS_VERIFIED,Open Food Facts — Pringles original,https://world.openfoodfacts.org/product/8886467100352,8886467100352,110 g,لكل 100غ,100,546.0,5.2,60.0,31.6,,0.4,320.0,FULL,MEDIUM,,,,Pringles original,,0.85,,,برينجلز,Pringles,تغطية OpenFoodFacts للسوق السعودي ضحلة (١٦٤٩٢ منتجًا إجماليًا، وعمق كل علامة عشرات مقابل مئات فعلية) — تُستخدم للتقاطع بالباركود لا كمصدر أول. المصدر المفضّل: كتالوج المصنّع أو كتالوج التجزئة السعودي.
QGAP-01112,NEEDS_SOURCE,لم يُعثر على مصدر آلي — يحتاج جلبًا من المصنّع أو كتالوج التجزئة,برينجلز جبن,Pringles cheese,برينجلز,Pringles,Pringles,PACKAGED,حلويات,شيبس,cheese,,KSA,UNSPECIFIED,,HIGH,P1,MISSING,,OFFICIAL_MANUFACTURER,Pringles official product page,,,,,,,,,,,,,NONE,HIGH,,,,,,,,,برينجلز,Pringles,تغطية OpenFoodFacts للسوق السعودي ضحلة (١٦٤٩٢ منتجًا إجماليًا، وعمق كل علامة عشرات مقابل مئات فعلية) — تُستخدم للتقاطع بالباركود لا كمصدر أول. المصدر المفضّل: كتالوج المصنّع أو كتالوج التجزئة السعودي.
QGAP-01113,READY_FULL,بيانات سوق غير سعودي — تُوسم صراحةً ولا تُقدَّم كقيم سعودية,برينجلز حار,Pringles hot and spicy,برينجلز,Pringles,Pringles,PACKAGED,حلويات,شيبس,hot and spicy,,NON_KSA,FOREIGN,NO,HIGH,P1,MISSING,,OPENFOODFACTS_VERIFIED,Open Food Facts — Pringles hot & spicy,https://world.openfoodfacts.org/product/5053990897292,5053990897292,,لكل 100غ,100,504.0,4.4,51.0,31.0,,3.0,640.0,FULL,MEDIUM,,,,Pringles hot & spicy,,0.85,,,برينجلز,Pringles,تغطية OpenFoodFacts للسوق السعودي ضحلة (١٦٤٩٢ منتجًا إجماليًا، وعمق كل علامة عشرات مقابل مئات فعلية) — تُستخدم للتقاطع بالباركود لا كمصدر أول. المصدر المفضّل: كتالوج المصنّع أو كتالوج التجزئة السعودي.
QGAP-01114,READY_FULL,بيانات سوق غير سعودي — تُوسم صراحةً ولا تُقدَّم كقيم سعودية,برينجلز قشطة وبصل,Pringles sour cream and onion,برينجلز,Pringles,Pringles,PACKAGED,حلويات,شيبس,sour cream and onion,,NON_KSA,FOREIGN,NO,HIGH,P1,MISSING,,OPENFOODFACTS_VERIFIED,Open Food Facts — Pringles sour cream & onion,https://world.openfoodfacts.org/product/5053990107377,5053990107377,,لكل 100غ,100,509.0,3.9,52.0,32.0,,3.1,600.0,FULL,MEDIUM,,,,Pringles sour cream & onion,,0.85,,,برينجلز,Pringles,تغطية OpenFoodFacts للسوق السعودي ضحلة (١٦٤٩٢ منتجًا إجماليًا، وعمق كل علامة عشرات مقابل مئات فعلية) — تُستخدم للتقاطع بالباركود لا كمصدر أول. المصدر المفضّل: كتالوج المصنّع أو كتالوج التجزئة السعودي.
QGAP-01115,READY_FULL,بيانات سوق غير سعودي — تُوسم صراحةً ولا تُقدَّم كقيم سعودية,برينجلز باربكيو,Pringles BBQ,برينجلز,Pringles,Pringles,PACKAGED,حلويات,شيبس,BBQ,,NON_KSA,FOREIGN,NO,HIGH,P1,MISSING,,OPENFOODFACTS_VERIFIED,Open Food Facts — Pringles BBQ,https://world.openfoodfacts.org/product/0064100119352,0064100119352,68g,لكل 100غ,100,529.41,4.41,57.35,30.88,,4.41,485.29,FULL,MEDIUM,,,,Pringles BBQ,,0.85,,,برينجلز,Pringles,تغطية OpenFoodFacts للسوق السعودي ضحلة (١٦٤٩٢ منتجًا إجماليًا، وعمق كل علامة عشرات مقابل مئات فعلية) — تُستخدم للتقاطع بالباركود لا كمصدر أول. المصدر المفضّل: كتالوج المصنّع أو كتالوج التجزئة السعودي.
QGAP-01116,NEEDS_SOURCE,لم يُعثر على مصدر آلي — يحتاج جلبًا من المصنّع أو كتالوج التجزئة,البطل شيبس,Al Batal chips,البطل,Al Batal,Al Batal,PACKAGED,حلويات,سناكس,chips,,KSA,KSA,,HIGH,P2,MISSING,,OFFICIAL_LOCAL,Saudi retailer catalogue (Panda/Othaim/Tamimi/Nana) + barcode,,,,,,,,,,,,,NONE,HIGH,,,,,,,,,البطل,Al Batal,تغطية OpenFoodFacts للسوق السعودي ضحلة (١٦٤٩٢ منتجًا إجماليًا، وعمق كل علامة عشرات مقابل مئات فعلية) — تُستخدم للتقاطع بالباركود لا كمصدر أول. المصدر المفضّل: كتالوج المصنّع أو كتالوج التجزئة السعودي.
QGAP-01117,NEEDS_SOURCE,لم يُعثر على مصدر آلي — يحتاج جلبًا من المصنّع أو كتالوج التجزئة,البطل ذرة,Al Batal corn snack,البطل,Al Batal,Al Batal,PACKAGED,حلويات,سناكس,corn snack,,KSA,KSA,,HIGH,P2,MISSING,,OFFICIAL_LOCAL,Saudi retailer catalogue (Panda/Othaim/Tamimi/Nana) + barcode,,,,,,,,,,,,,NONE,HIGH,,,,,,,,,البطل,Al Batal,تغطية OpenFoodFacts للسوق السعودي ضحلة (١٦٤٩٢ منتجًا إجماليًا، وعمق كل علامة عشرات مقابل مئات فعلية) — تُستخدم للتقاطع بالباركود لا كمصدر أول. المصدر المفضّل: كتالوج المصنّع أو كتالوج التجزئة السعودي.
QGAP-01118,NEEDS_SOURCE,لم يُعثر على مصدر آلي — يحتاج جلبًا من المصنّع أو كتالوج التجزئة,البطل مقرمشات,Al Batal crisps,البطل,Al Batal,Al Batal,PACKAGED,حلويات,سناكس,crisps,,KSA,KSA,,HIGH,P2,MISSING,,OFFICIAL_LOCAL,Saudi retailer catalogue (Panda/Othaim/Tamimi/Nana) + barcode,,,,,,,,,,,,,NONE,HIGH,,,,,,,,,البطل,Al Batal,تغطية OpenFoodFacts للسوق السعودي ضحلة (١٦٤٩٢ منتجًا إجماليًا، وعمق كل علامة عشرات مقابل مئات فعلية) — تُستخدم للتقاطع بالباركود لا كمصدر أول. المصدر المفضّل: كتالوج المصنّع أو كتالوج التجزئة السعودي.
QGAP-01119,NEEDS_SOURCE,لم يُعثر على مصدر آلي — يحتاج جلبًا من المصنّع أو كتالوج التجزئة,كيتكو شيبس,Kitco chips,كيتكو,Kitco,Kitco,PACKAGED,حلويات,سناكس,chips,,KSA,KSA,,MEDIUM,P2,MISSING,,OFFICIAL_LOCAL,Saudi retailer catalogue (Panda/Othaim/Tamimi/Nana) + barcode,,,,,,,,,,,,,NONE,HIGH,,,,,,,,,كيتكو,Kitco,تغطية OpenFoodFacts للسوق السعودي ضحلة (١٦٤٩٢ منتجًا إجماليًا، وعمق كل علامة عشرات مقابل مئات فعلية) — تُستخدم للتقاطع بالباركود لا كمصدر أول. المصدر المفضّل: كتالوج المصنّع أو كتالوج التجزئة السعودي.
QGAP-01120,NEEDS_SOURCE,لم يُعثر على مصدر آلي — يحتاج جلبًا من المصنّع أو كتالوج التجزئة,كيتكو نتز مكسرات,Kitco nuts,كيتكو,Kitco,Kitco,PACKAGED,حلويات,سناكس,nuts,,KSA,KSA,,MEDIUM,P2,MISSING,,OFFICIAL_LOCAL,Saudi retailer catalogue (Panda/Othaim/Tamimi/Nana) + barcode,,,,,,,,,,,,,NONE,HIGH,,,,,,,,,كيتكو,Kitco,تغطية OpenFoodFacts للسوق السعودي ضحلة (١٦٤٩٢ منتجًا إجماليًا، وعمق كل علامة عشرات مقابل مئات فعلية) — تُستخدم للتقاطع بالباركود لا كمصدر أول. المصدر المفضّل: كتالوج المصنّع أو كتالوج التجزئة السعودي.
QGAP-01121,NEEDS_SOURCE,لم يُعثر على مصدر آلي — يحتاج جلبًا من المصنّع أو كتالوج التجزئة,كيتكو بوب كورن,Kitco popcorn,كيتكو,Kitco,Kitco,PACKAGED,حلويات,سناكس,popcorn,,KSA,KSA,,MEDIUM,P2,MISSING,,OFFICIAL_LOCAL,Saudi retailer catalogue (Panda/Othaim/Tamimi/Nana) + barcode,,,,,,,,,,,,,NONE,HIGH,,,,,,,,,كيتكو,Kitco,تغطية OpenFoodFacts للسوق السعودي ضحلة (١٦٤٩٢ منتجًا إجماليًا، وعمق كل علامة عشرات مقابل مئات فعلية) — تُستخدم للتقاطع بالباركود لا كمصدر أول. المصدر المفضّل: كتالوج المصنّع أو كتالوج التجزئة السعودي.
QGAP-01122,NEEDS_SOURCE,لم يُعثر على مصدر آلي — يحتاج جلبًا من المصنّع أو كتالوج التجزئة,مستر شيبس ملح,Mr Chips salted,مستر شيبس,Mr Chips,Mr Chips,PACKAGED,حلويات,شيبس,salted,,KSA,KSA,,MEDIUM,P2,MISSING,,OFFICIAL_LOCAL,Saudi retailer catalogue (Panda/Othaim/Tamimi/Nana) + barcode,,,,,,,,,,,,,NONE,HIGH,,,,,,,,,مستر شيبس,Mr Chips,تغطية OpenFoodFacts للسوق السعودي ضحلة (١٦٤٩٢ منتجًا إجماليًا، وعمق كل علامة عشرات مقابل مئات فعلية) — تُستخدم للتقاطع بالباركود لا كمصدر أول. المصدر المفضّل: كتالوج المصنّع أو كتالوج التجزئة السعودي.
QGAP-01123,NEEDS_SOURCE,لم يُعثر على مصدر آلي — يحتاج جلبًا من المصنّع أو كتالوج التجزئة,مستر شيبس جبن,Mr Chips cheese,مستر شيبس,Mr Chips,Mr Chips,PACKAGED,حلويات,شيبس,cheese,,KSA,KSA,,MEDIUM,P2,MISSING,,OFFICIAL_LOCAL,Saudi retailer catalogue (Panda/Othaim/Tamimi/Nana) + barcode,,,,,,,,,,,,,NONE,HIGH,,,,,,,,,مستر شيبس,Mr Chips,تغطية OpenFoodFacts للسوق السعودي ضحلة (١٦٤٩٢ منتجًا إجماليًا، وعمق كل علامة عشرات مقابل مئات فعلية) — تُستخدم للتقاطع بالباركود لا كمصدر أول. المصدر المفضّل: كتالوج المصنّع أو كتالوج التجزئة السعودي.
QGAP-01124,NEEDS_SOURCE,لم يُعثر على مصدر آلي — يحتاج جلبًا من المصنّع أو كتالوج التجزئة,مستر شيبس حار,Mr Chips spicy,مستر شيبس,Mr Chips,Mr Chips,PACKAGED,حلويات,شيبس,spicy,,KSA,KSA,,MEDIUM,P2,MISSING,,OFFICIAL_LOCAL,Saudi retailer catalogue (Panda/Othaim/Tamimi/Nana) + barcode,,,,,,,,,,,,,NONE,HIGH,,,,,,,,,مستر شيبس,Mr Chips,تغطية OpenFoodFacts للسوق السعودي ضحلة (١٦٤٩٢ منتجًا إجماليًا، وعمق كل علامة عشرات مقابل مئات فعلية) — تُستخدم للتقاطع بالباركود لا كمصدر أول. المصدر المفضّل: كتالوج المصنّع أو كتالوج التجزئة السعودي.
QGAP-01125,NEEDS_SOURCE,لم يُعثر على مصدر آلي — يحتاج جلبًا من المصنّع أو كتالوج التجزئة,جالاكسي حليب,Galaxy milk chocolate,جالاكسي,Galaxy,Galaxy,PACKAGED,حلويات,شوكولاتة,milk chocolate,,KSA,UNSPECIFIED,,VERY_HIGH,P0,MISSING,,OFFICIAL_MANUFACTURER,Galaxy official product page,,,,,,,,,,,,,NONE,HIGH,,,,,,,,,جالاكسي,Galaxy,تغطية OpenFoodFacts للسوق السعودي ضحلة (١٦٤٩٢ منتجًا إجماليًا، وعمق كل علامة عشرات مقابل مئات فعلية) — تُستخدم للتقاطع بالباركود لا كمصدر أول. المصدر المفضّل: كتالوج المصنّع أو كتالوج التجزئة السعودي.
QGAP-01126,NEEDS_SOURCE,لم يُعثر على مصدر آلي — يحتاج جلبًا من المصنّع أو كتالوج التجزئة,جالاكسي بندق,Galaxy hazelnut,جالاكسي,Galaxy,Galaxy,PACKAGED,حلويات,شوكولاتة,hazelnut,,KSA,UNSPECIFIED,,VERY_HIGH,P0,MISSING,,OFFICIAL_MANUFACTURER,Galaxy official product page,,,,,,,,,,,,,NONE,HIGH,,,,,,,,,جالاكسي,Galaxy,تغطية OpenFoodFacts للسوق السعودي ضحلة (١٦٤٩٢ منتجًا إجماليًا، وعمق كل علامة عشرات مقابل مئات فعلية) — تُستخدم للتقاطع بالباركود لا كمصدر أول. المصدر المفضّل: كتالوج المصنّع أو كتالوج التجزئة السعودي.
QGAP-01127,NEEDS_SOURCE,لم يُعثر على مصدر آلي — يحتاج جلبًا من المصنّع أو كتالوج التجزئة,جالاكسي كراميل,Galaxy caramel,جالاكسي,Galaxy,Galaxy,PACKAGED,حلويات,شوكولاتة,caramel,,KSA,UNSPECIFIED,,VERY_HIGH,P0,MISSING,,OFFICIAL_MANUFACTURER,Galaxy official product page,,,,,,,,,,,,,NONE,HIGH,,,,,,,,,جالاكسي,Galaxy,تغطية OpenFoodFacts للسوق السعودي ضحلة (١٦٤٩٢ منتجًا إجماليًا، وعمق كل علامة عشرات مقابل مئات فعلية) — تُستخدم للتقاطع بالباركود لا كمصدر أول. المصدر المفضّل: كتالوج المصنّع أو كتالوج التجزئة السعودي.
QGAP-01128,NEEDS_SOURCE,لم يُعثر على مصدر آلي — يحتاج جلبًا من المصنّع أو كتالوج التجزئة,جالاكسي جوزيات,Galaxy nut crunch,جالاكسي,Galaxy,Galaxy,PACKAGED,حلويات,شوكولاتة,nut crunch,,KSA,UNSPECIFIED,,VERY_HIGH,P0,MISSING,,OFFICIAL_MANUFACTURER,Galaxy official product page,,,,,,,,,,,,,NONE,HIGH,,,,,,,,,جالاكسي,Galaxy,تغطية OpenFoodFacts للسوق السعودي ضحلة (١٦٤٩٢ منتجًا إجماليًا، وعمق كل علامة عشرات مقابل مئات فعلية) — تُستخدم للتقاطع بالباركود لا كمصدر أول. المصدر المفضّل: كتالوج المصنّع أو كتالوج التجزئة السعودي.
QGAP-01129,NEEDS_SOURCE,لم يُعثر على مصدر آلي — يحتاج جلبًا من المصنّع أو كتالوج التجزئة,جالاكسي رايز,Galaxy Ripple,جالاكسي,Galaxy,Galaxy,PACKAGED,حلويات,شوكولاتة,Ripple,,KSA,UNSPECIFIED,,VERY_HIGH,P0,MISSING,,OFFICIAL_MANUFACTURER,Galaxy official product page,,,,,,,,,,,,,NONE,HIGH,,,,,,,,,جالاكسي,Galaxy,تغطية OpenFoodFacts للسوق السعودي ضحلة (١٦٤٩٢ منتجًا إجماليًا، وعمق كل علامة عشرات مقابل مئات فعلية) — تُستخدم للتقاطع بالباركود لا كمصدر أول. المصدر المفضّل: كتالوج المصنّع أو كتالوج التجزئة السعودي.
QGAP-01130,NEEDS_SOURCE,لم يُعثر على مصدر آلي — يحتاج جلبًا من المصنّع أو كتالوج التجزئة,جالاكسي ميني,Galaxy minis,جالاكسي,Galaxy,Galaxy,PACKAGED,حلويات,شوكولاتة,minis,,KSA,UNSPECIFIED,,VERY_HIGH,P0,MISSING,,OFFICIAL_MANUFACTURER,Galaxy official product page,,,,,,,,,,,,,NONE,HIGH,,,,,,,,,جالاكسي,Galaxy,تغطية OpenFoodFacts للسوق السعودي ضحلة (١٦٤٩٢ منتجًا إجماليًا، وعمق كل علامة عشرات مقابل مئات فعلية) — تُستخدم للتقاطع بالباركود لا كمصدر أول. المصدر المفضّل: كتالوج المصنّع أو كتالوج التجزئة السعودي.
QGAP-01131,NEEDS_SOURCE,لم يُعثر على مصدر آلي — يحتاج جلبًا من المصنّع أو كتالوج التجزئة,جالاكسي شوكولاتة داكنة,Galaxy dark chocolate,جالاكسي,Galaxy,Galaxy,PACKAGED,حلويات,شوكولاتة,dark chocolate,,KSA,UNSPECIFIED,,VERY_HIGH,P0,MISSING,,OFFICIAL_MANUFACTURER,Galaxy official product page,,,,,,,,,,,,,NONE,HIGH,,,,,,,,,جالاكسي,Galaxy,تغطية OpenFoodFacts للسوق السعودي ضحلة (١٦٤٩٢ منتجًا إجماليًا، وعمق كل علامة عشرات مقابل مئات فعلية) — تُستخدم للتقاطع بالباركود لا كمصدر أول. المصدر المفضّل: كتالوج المصنّع أو كتالوج التجزئة السعودي.
QGAP-01132,NEEDS_SOURCE,لم يُعثر على مصدر آلي — يحتاج جلبًا من المصنّع أو كتالوج التجزئة,جالاكسي بابلز,Galaxy Bubbles,جالاكسي,Galaxy,Galaxy,PACKAGED,حلويات,شوكولاتة,Bubbles,,KSA,UNSPECIFIED,,VERY_HIGH,P0,MISSING,,OFFICIAL_MANUFACTURER,Galaxy official product page,,,,,,,,,,,,,NONE,HIGH,,,,,,,,,جالاكسي,Galaxy,تغطية OpenFoodFacts للسوق السعودي ضحلة (١٦٤٩٢ منتجًا إجماليًا، وعمق كل علامة عشرات مقابل مئات فعلية) — تُستخدم للتقاطع بالباركود لا كمصدر أول. المصدر المفضّل: كتالوج المصنّع أو كتالوج التجزئة السعودي.
QGAP-01133,NEEDS_SOURCE,لم يُعثر على مصدر آلي — يحتاج جلبًا من المصنّع أو كتالوج التجزئة,كت كات أصلي 4 أصابع,KitKat 4 finger,كت كات,KitKat,KitKat,PACKAGED,حلويات,شوكولاتة,4 finger,,KSA,UNSPECIFIED,,VERY_HIGH,P0,MISSING,,OFFICIAL_MANUFACTURER,KitKat official product page,,,,,,,,,,,,,NONE,HIGH,,,,,,,,,كت كات,KitKat,تغطية OpenFoodFacts للسوق السعودي ضحلة (١٦٤٩٢ منتجًا إجماليًا، وعمق كل علامة عشرات مقابل مئات فعلية) — تُستخدم للتقاطع بالباركود لا كمصدر أول. المصدر المفضّل: كتالوج المصنّع أو كتالوج التجزئة السعودي.
QGAP-01134,NEEDS_SOURCE,لم يُعثر على مصدر آلي — يحتاج جلبًا من المصنّع أو كتالوج التجزئة,كت كات إصبعان,KitKat 2 finger,كت كات,KitKat,KitKat,PACKAGED,حلويات,شوكولاتة,2 finger,,KSA,UNSPECIFIED,,VERY_HIGH,P0,MISSING,,OFFICIAL_MANUFACTURER,KitKat official product page,,,,,,,,,,,,,NONE,HIGH,,,,,,,,,كت كات,KitKat,تغطية OpenFoodFacts للسوق السعودي ضحلة (١٦٤٩٢ منتجًا إجماليًا، وعمق كل علامة عشرات مقابل مئات فعلية) — تُستخدم للتقاطع بالباركود لا كمصدر أول. المصدر المفضّل: كتالوج المصنّع أو كتالوج التجزئة السعودي.
QGAP-01135,READY_FULL,بيانات سوق غير سعودي — تُوسم صراحةً ولا تُقدَّم كقيم سعودية,كت كات تشنكي,KitKat Chunky,كت كات,KitKat,KitKat,PACKAGED,حلويات,شوكولاتة,Chunky,,NON_KSA,FOREIGN,NO,VERY_HIGH,P0,MISSING,,OPENFOODFACTS_VERIFIED,Open Food Facts — Kitkat chunky,https://world.openfoodfacts.org/product/3800020410745,3800020410745,,لكل 100غ,100,525.0,5.9,62.3,27.7,,52.1,96.0,FULL,MEDIUM,,,,Kitkat chunky,,0.85,,,كت كات,KitKat,تغطية OpenFoodFacts للسوق السعودي ضحلة (١٦٤٩٢ منتجًا إجماليًا، وعمق كل علامة عشرات مقابل مئات فعلية) — تُستخدم للتقاطع بالباركود لا كمصدر أول. المصدر المفضّل: كتالوج المصنّع أو كتالوج التجزئة السعودي.
QGAP-01136,NEEDS_SOURCE,لم يُعثر على مصدر آلي — يحتاج جلبًا من المصنّع أو كتالوج التجزئة,كت كات وايت,KitKat white,كت كات,KitKat,KitKat,PACKAGED,حلويات,شوكولاتة,white,,KSA,UNSPECIFIED,,VERY_HIGH,P0,MISSING,,OFFICIAL_MANUFACTURER,KitKat official product page,,,,,,,,,,,,,NONE,HIGH,,,,,,,,,كت كات,KitKat,تغطية OpenFoodFacts للسوق السعودي ضحلة (١٦٤٩٢ منتجًا إجماليًا، وعمق كل علامة عشرات مقابل مئات فعلية) — تُستخدم للتقاطع بالباركود لا كمصدر أول. المصدر المفضّل: كتالوج المصنّع أو كتالوج التجزئة السعودي.
QGAP-01137,NEEDS_SOURCE,لم يُعثر على مصدر آلي — يحتاج جلبًا من المصنّع أو كتالوج التجزئة,كت كات داكن,KitKat dark,كت كات,KitKat,KitKat,PACKAGED,حلويات,شوكولاتة,dark,,KSA,UNSPECIFIED,,VERY_HIGH,P0,MISSING,,OFFICIAL_MANUFACTURER,KitKat official product page,,,,,,,,,,,,,NONE,HIGH,,,,,,,,,كت كات,KitKat,تغطية OpenFoodFacts للسوق السعودي ضحلة (١٦٤٩٢ منتجًا إجماليًا، وعمق كل علامة عشرات مقابل مئات فعلية) — تُستخدم للتقاطع بالباركود لا كمصدر أول. المصدر المفضّل: كتالوج المصنّع أو كتالوج التجزئة السعودي.
QGAP-01138,NEEDS_SOURCE,لم يُعثر على مصدر آلي — يحتاج جلبًا من المصنّع أو كتالوج التجزئة,سنيكرز عادي,Snickers original,سنيكرز,Snickers,Snickers,PACKAGED,حلويات,شوكولاتة,original,,KSA,UNSPECIFIED,,VERY_HIGH,P0,MISSING,,OFFICIAL_MANUFACTURER,Snickers official product page,,,,,,,,,,,,,NONE,HIGH,,,,,,,,,سنيكرز,Snickers,تغطية OpenFoodFacts للسوق السعودي ضحلة (١٦٤٩٢ منتجًا إجماليًا، وعمق كل علامة عشرات مقابل مئات فعلية) — تُستخدم للتقاطع بالباركود لا كمصدر أول. المصدر المفضّل: كتالوج المصنّع أو كتالوج التجزئة السعودي.
QGAP-01139,READY_FULL,بيانات سوق غير سعودي — تُوسم صراحةً ولا تُقدَّم كقيم سعودية,سنيكرز ميني,Snickers minis,سنيكرز,Snickers,Snickers,PACKAGED,حلويات,شوكولاتة,minis,,NON_KSA,FOREIGN,NO,VERY_HIGH,P0,MISSING,,OPENFOODFACTS_VERIFIED,Open Food Facts — Snickers Minis,https://world.openfoodfacts.org/product/50166084,50166084,18g,لكل 100غ,100,490.0,8.7,60.0,23.0,,51.0,208.0,FULL,MEDIUM,,,,Snickers Minis,,0.919,,,سنيكرز,Snickers,تغطية OpenFoodFacts للسوق السعودي ضحلة (١٦٤٩٢ منتجًا إجماليًا، وعمق كل علامة عشرات مقابل مئات فعلية) — تُستخدم للتقاطع بالباركود لا كمصدر أول. المصدر المفضّل: كتالوج المصنّع أو كتالوج التجزئة السعودي.
QGAP-01140,READY_FULL,بيانات سوق غير سعودي — تُوسم صراحةً ولا تُقدَّم كقيم سعودية,سنيكرز آيس كريم,Snickers ice cream bar,سنيكرز,Snickers,Snickers,PACKAGED,حلويات,شوكولاتة,ice cream bar,,NON_KSA,FOREIGN,NO,VERY_HIGH,P0,MISSING,,OPENFOODFACTS_VERIFIED,Open Food Facts — ICE CREAM BAR,https://world.openfoodfacts.org/product/0047677482487,0047677482487,,1 bar (63 g),100,380.95,6.35,38.1,23.81,1.59,31.75,111.11,FULL,MEDIUM,,,,ICE CREAM BAR,,0.907,,,سنيكرز,Snickers,تغطية OpenFoodFacts للسوق السعودي ضحلة (١٦٤٩٢ منتجًا إجماليًا، وعمق كل علامة عشرات مقابل مئات فعلية) — تُستخدم للتقاطع بالباركود لا كمصدر أول. المصدر المفضّل: كتالوج المصنّع أو كتالوج التجزئة السعودي.
QGAP-01141,NEEDS_HUMAN_REVIEW,الأصل العام موجود في قِمّة — يُحسم بشريًا إن كان المتغيّر يستحق صفًّا مستقلًا · بيانات سوق غير سعودي — تُوسم صراحةً ولا تُقدَّم كقيم سعودية,سنيكرز بروتين بار,Snickers protein bar,سنيكرز,Snickers,Snickers,PACKAGED,حلويات,شوكولاتة,protein bar,,NON_KSA,FOREIGN,NO,VERY_HIGH,P0,EXISTS_GENERIC_ONLY,protein-bar · بار بروتين,OPENFOODFACTS_VERIFIED,Open Food Facts — Snickers Hi Protein Bar,https://world.openfoodfacts.org/product/5060402908248,5060402908248,55 g,1.0 serving (55.0 g),100,387.27,36.36,36.36,13.09,,17.09,0.4,NONE,MEDIUM,,,,Snickers Hi Protein Bar,,0.919,,,سنيكرز,Snickers,تغطية OpenFoodFacts للسوق السعودي ضحلة (١٦٤٩٢ منتجًا إجماليًا، وعمق كل علامة عشرات مقابل مئات فعلية) — تُستخدم للتقاطع بالباركود لا كمصدر أول. المصدر المفضّل: كتالوج المصنّع أو كتالوج التجزئة السعودي.
QGAP-01142,NEEDS_SOURCE,لم يُعثر على مصدر آلي — يحتاج جلبًا من المصنّع أو كتالوج التجزئة,تويكس عادي,Twix original,تويكس,Twix,Twix,PACKAGED,حلويات,شوكولاتة,original,,KSA,UNSPECIFIED,,HIGH,P1,MISSING,,OFFICIAL_MANUFACTURER,Twix official product page,,,,,,,,,,,,,NONE,HIGH,,,,,,,,,تويكس,Twix,تغطية OpenFoodFacts للسوق السعودي ضحلة (١٦٤٩٢ منتجًا إجماليًا، وعمق كل علامة عشرات مقابل مئات فعلية) — تُستخدم للتقاطع بالباركود لا كمصدر أول. المصدر المفضّل: كتالوج المصنّع أو كتالوج التجزئة السعودي.
QGAP-01143,READY_FULL,بيانات سوق غير سعودي — تُوسم صراحةً ولا تُقدَّم كقيم سعودية,تويكس وايت,Twix white,تويكس,Twix,Twix,PACKAGED,حلويات,شوكولاتة,white,,NON_KSA,FOREIGN,NO,HIGH,P1,MISSING,,OPENFOODFACTS_VERIFIED,Open Food Facts — Twix white,https://world.openfoodfacts.org/product/0040000532095,0040000532095,,لكل 100غ,100,503.0,4.9,63.7,25.2,,48.1,176.0,FULL,MEDIUM,,,,Twix white,,0.85,,,تويكس,Twix,تغطية OpenFoodFacts للسوق السعودي ضحلة (١٦٤٩٢ منتجًا إجماليًا، وعمق كل علامة عشرات مقابل مئات فعلية) — تُستخدم للتقاطع بالباركود لا كمصدر أول. المصدر المفضّل: كتالوج المصنّع أو كتالوج التجزئة السعودي.
QGAP-01144,READY_FULL,بيانات سوق غير سعودي — تُوسم صراحةً ولا تُقدَّم كقيم سعودية,تويكس ميني,Twix minis,تويكس,Twix,Twix,PACKAGED,حلويات,شوكولاتة,minis,,NON_KSA,FOREIGN,NO,HIGH,P1,MISSING,,OPENFOODFACTS_VERIFIED,Open Food Facts — Twix minis,https://world.openfoodfacts.org/product/5000159495622,5000159495622,,لكل 100غ,100,493.0,4.4,64.9,23.7,0.0,49.1,164.0,FULL,MEDIUM,,,,Twix minis,,0.85,,,تويكس,Twix,تغطية OpenFoodFacts للسوق السعودي ضحلة (١٦٤٩٢ منتجًا إجماليًا، وعمق كل علامة عشرات مقابل مئات فعلية) — تُستخدم للتقاطع بالباركود لا كمصدر أول. المصدر المفضّل: كتالوج المصنّع أو كتالوج التجزئة السعودي.
QGAP-01145,NEEDS_SOURCE,لم يُعثر على مصدر آلي — يحتاج جلبًا من المصنّع أو كتالوج التجزئة,مارس عادي,Mars original,مارس,Mars,Mars,PACKAGED,حلويات,شوكولاتة,original,,KSA,UNSPECIFIED,,HIGH,P1,MISSING,,OFFICIAL_MANUFACTURER,Mars official product page,,,,,,,,,,,,,NONE,HIGH,,,,,,,,,مارس,Mars,تغطية OpenFoodFacts للسوق السعودي ضحلة (١٦٤٩٢ منتجًا إجماليًا، وعمق كل علامة عشرات مقابل مئات فعلية) — تُستخدم للتقاطع بالباركود لا كمصدر أول. المصدر المفضّل: كتالوج المصنّع أو كتالوج التجزئة السعودي.
QGAP-01146,NEEDS_SOURCE,لم يُعثر على مصدر آلي — يحتاج جلبًا من المصنّع أو كتالوج التجزئة,مارس ميني,Mars minis,مارس,Mars,Mars,PACKAGED,حلويات,شوكولاتة,minis,,KSA,UNSPECIFIED,,HIGH,P1,MISSING,,OFFICIAL_MANUFACTURER,Mars official product page,,,,,,,,,,,,,NONE,HIGH,,,,,,,,,مارس,Mars,تغطية OpenFoodFacts للسوق السعودي ضحلة (١٦٤٩٢ منتجًا إجماليًا، وعمق كل علامة عشرات مقابل مئات فعلية) — تُستخدم للتقاطع بالباركود لا كمصدر أول. المصدر المفضّل: كتالوج المصنّع أو كتالوج التجزئة السعودي.
QGAP-01147,NEEDS_SOURCE,لم يُعثر على مصدر آلي — يحتاج جلبًا من المصنّع أو كتالوج التجزئة,باونتي حليب,Bounty milk,باونتي,Bounty,Bounty,PACKAGED,حلويات,شوكولاتة,milk,,KSA,UNSPECIFIED,,HIGH,P1,MISSING,,OFFICIAL_MANUFACTURER,Bounty official product page,,,,,,,,,,,,,NONE,HIGH,,,,,,,,,باونتي,Bounty,تغطية OpenFoodFacts للسوق السعودي ضحلة (١٦٤٩٢ منتجًا إجماليًا، وعمق كل علامة عشرات مقابل مئات فعلية) — تُستخدم للتقاطع بالباركود لا كمصدر أول. المصدر المفضّل: كتالوج المصنّع أو كتالوج التجزئة السعودي.
QGAP-01148,NEEDS_SOURCE,لم يُعثر على مصدر آلي — يحتاج جلبًا من المصنّع أو كتالوج التجزئة,باونتي داكن,Bounty dark,باونتي,Bounty,Bounty,PACKAGED,حلويات,شوكولاتة,dark,,KSA,UNSPECIFIED,,HIGH,P1,MISSING,,OFFICIAL_MANUFACTURER,Bounty official product page,,,,,,,,,,,,,NONE,HIGH,,,,,,,,,باونتي,Bounty,تغطية OpenFoodFacts للسوق السعودي ضحلة (١٦٤٩٢ منتجًا إجماليًا، وعمق كل علامة عشرات مقابل مئات فعلية) — تُستخدم للتقاطع بالباركود لا كمصدر أول. المصدر المفضّل: كتالوج المصنّع أو كتالوج التجزئة السعودي.
QGAP-01149,READY_PARTIAL,قيم جزئية من مصدر موثوق — الباقي يبقى فارغًا · بيانات سوق غير سعودي — تُوسم صراحةً ولا تُقدَّم كقيم سعودية,مالتيزرز كيس,Maltesers pouch,مالتيزرز,Maltesers,Maltesers,PACKAGED,حلويات,شوكولاتة,pouch,,NON_KSA,FOREIGN,NO,MEDIUM,P2,MISSING,,OPENFOODFACTS_VERIFIED,Open Food Facts — Maltesers Pouch,https://world.openfoodfacts.org/product/5000159491587,5000159491587,,لكل 100غ,100,504.0,8.2,,,0.0,51.7,180.0,PARTIAL,MEDIUM,,,,Maltesers Pouch,,0.88,,,مالتيزرز,Maltesers,تغطية OpenFoodFacts للسوق السعودي ضحلة (١٦٤٩٢ منتجًا إجماليًا، وعمق كل علامة عشرات مقابل مئات فعلية) — تُستخدم للتقاطع بالباركود لا كمصدر أول. المصدر المفضّل: كتالوج المصنّع أو كتالوج التجزئة السعودي.
QGAP-01150,READY_FULL,بيانات سوق غير سعودي — تُوسم صراحةً ولا تُقدَّم كقيم سعودية,مالتيزرز تيزرز,Maltesers Teasers,مالتيزرز,Maltesers,Maltesers,PACKAGED,حلويات,شوكولاتة,Teasers,,NON_KSA,FOREIGN,NO,MEDIUM,P2,MISSING,,OPENFOODFACTS_VERIFIED,Open Food Facts — Maltesers Teasers,https://world.openfoodfacts.org/product/5000159462129,5000159462129,35 g,35 gram,100,531.43,7.71,57.14,28.57,,54.29,,FULL,MEDIUM,,,,Maltesers Teasers,,0.939,,,مالتيزرز,Maltesers,تغطية OpenFoodFacts للسوق السعودي ضحلة (١٦٤٩٢ منتجًا إجماليًا، وعمق كل علامة عشرات مقابل مئات فعلية) — تُستخدم للتقاطع بالباركود لا كمصدر أول. المصدر المفضّل: كتالوج المصنّع أو كتالوج التجزئة السعودي.
QGAP-01151,READY_FULL,بيانات سوق غير سعودي — تُوسم صراحةً ولا تُقدَّم كقيم سعودية,كادبوري ديري ميلك,Cadbury Dairy Milk,كادبوري,Cadbury,Cadbury,PACKAGED,حلويات,شوكولاتة,Dairy Milk,,NON_KSA,FOREIGN,NO,HIGH,P1,MISSING,,OPENFOODFACTS_VERIFIED,Open Food Facts — Dairy milk,https://world.openfoodfacts.org/product/6001065601069,6001065601069,,لكل 100غ,100,521.0,7.7,59.0,27.5,2.5,58.5,,FULL,MEDIUM,,,,Dairy milk,,0.85,,,كادبوري,Cadbury,تغطية OpenFoodFacts للسوق السعودي ضحلة (١٦٤٩٢ منتجًا إجماليًا، وعمق كل علامة عشرات مقابل مئات فعلية) — تُستخدم للتقاطع بالباركود لا كمصدر أول. المصدر المفضّل: كتالوج المصنّع أو كتالوج التجزئة السعودي.
QGAP-01152,NEEDS_SOURCE,لم يُعثر على مصدر آلي — يحتاج جلبًا من المصنّع أو كتالوج التجزئة,كادبوري فروت آند نت,Cadbury Fruit and Nut,كادبوري,Cadbury,Cadbury,PACKAGED,حلويات,شوكولاتة,Fruit and Nut,,KSA,UNSPECIFIED,,HIGH,P1,MISSING,,OFFICIAL_MANUFACTURER,Cadbury official product page,,,,,,,,,,,,,NONE,HIGH,,,,,,,,,كادبوري,Cadbury,تغطية OpenFoodFacts للسوق السعودي ضحلة (١٦٤٩٢ منتجًا إجماليًا، وعمق كل علامة عشرات مقابل مئات فعلية) — تُستخدم للتقاطع بالباركود لا كمصدر أول. المصدر المفضّل: كتالوج المصنّع أو كتالوج التجزئة السعودي.
QGAP-01153,READY_FULL,بيانات سوق غير سعودي — تُوسم صراحةً ولا تُقدَّم كقيم سعودية,كادبوري أوريو,Cadbury Dairy Milk Oreo,كادبوري,Cadbury,Cadbury,PACKAGED,حلويات,شوكولاتة,Dairy Milk Oreo,,NON_KSA,FOREIGN,NO,HIGH,P1,MISSING,,OPENFOODFACTS_VERIFIED,Open Food Facts — Dairy Milk Oreo,https://world.openfoodfacts.org/product/7622210589941,7622210589941,,لكل 100غ,100,523.0,6.7,59.0,28.0,,48.0,200.0,FULL,MEDIUM,,,,Dairy Milk Oreo,,0.85,,,كادبوري,Cadbury,تغطية OpenFoodFacts للسوق السعودي ضحلة (١٦٤٩٢ منتجًا إجماليًا، وعمق كل علامة عشرات مقابل مئات فعلية) — تُستخدم للتقاطع بالباركود لا كمصدر أول. المصدر المفضّل: كتالوج المصنّع أو كتالوج التجزئة السعودي.
QGAP-01154,NEEDS_SOURCE,لم يُعثر على مصدر آلي — يحتاج جلبًا من المصنّع أو كتالوج التجزئة,كادبوري بابلي,Cadbury Bubbly,كادبوري,Cadbury,Cadbury,PACKAGED,حلويات,شوكولاتة,Bubbly,,KSA,UNSPECIFIED,,HIGH,P1,MISSING,,OFFICIAL_MANUFACTURER,Cadbury official product page,,,,,,,,,,,,,NONE,HIGH,,,,,,,,,كادبوري,Cadbury,تغطية OpenFoodFacts للسوق السعودي ضحلة (١٦٤٩٢ منتجًا إجماليًا، وعمق كل علامة عشرات مقابل مئات فعلية) — تُستخدم للتقاطع بالباركود لا كمصدر أول. المصدر المفضّل: كتالوج المصنّع أو كتالوج التجزئة السعودي.
QGAP-01155,READY_FULL,بيانات سوق غير سعودي — تُوسم صراحةً ولا تُقدَّم كقيم سعودية,كيندر بوينو,Kinder Bueno,كيندر,Kinder,Kinder,PACKAGED,حلويات,شوكولاتة,Bueno,,NON_KSA,FOREIGN,NO,HIGH,P1,MISSING,,OPENFOODFACTS_VERIFIED,Open Food Facts — Bueno,https://world.openfoodfacts.org/product/4008400320328,4008400320328,129g,1 portion (21.5 g),100,572.0,8.6,49.5,37.3,,41.2,109.0,FULL,MEDIUM,,,,Bueno,,0.948,,,كيندر,Kinder,تغطية OpenFoodFacts للسوق السعودي ضحلة (١٦٤٩٢ منتجًا إجماليًا، وعمق كل علامة عشرات مقابل مئات فعلية) — تُستخدم للتقاطع بالباركود لا كمصدر أول. المصدر المفضّل: كتالوج المصنّع أو كتالوج التجزئة السعودي.
QGAP-01156,NEEDS_SOURCE,لم يُعثر على مصدر آلي — يحتاج جلبًا من المصنّع أو كتالوج التجزئة,كيندر شوكولاتة,Kinder chocolate bar,كيندر,Kinder,Kinder,PACKAGED,حلويات,شوكولاتة,chocolate bar,,KSA,UNSPECIFIED,,HIGH,P1,MISSING,,OFFICIAL_MANUFACTURER,Kinder official product page,,,,,,,,,,,,,NONE,HIGH,,,,,,,,,كيندر,Kinder,تغطية OpenFoodFacts للسوق السعودي ضحلة (١٦٤٩٢ منتجًا إجماليًا، وعمق كل علامة عشرات مقابل مئات فعلية) — تُستخدم للتقاطع بالباركود لا كمصدر أول. المصدر المفضّل: كتالوج المصنّع أو كتالوج التجزئة السعودي.
QGAP-01157,READY_FULL,بيانات سوق غير سعودي — تُوسم صراحةً ولا تُقدَّم كقيم سعودية,كيندر سربرايز,Kinder Surprise,كيندر,Kinder,Kinder,PACKAGED,حلويات,شوكولاتة,Surprise,,NON_KSA,FOREIGN,NO,HIGH,P1,MISSING,,OPENFOODFACTS_VERIFIED,Open Food Facts — Kinder Surprise,https://world.openfoodfacts.org/product/8000500035184,8000500035184,80 g,20 g (Portion),100,561.0,8.4,52.6,34.9,,52.3,129.2,FULL,MEDIUM,,,,Kinder Surprise,,0.927,,,كيندر,Kinder,تغطية OpenFoodFacts للسوق السعودي ضحلة (١٦٤٩٢ منتجًا إجماليًا، وعمق كل علامة عشرات مقابل مئات فعلية) — تُستخدم للتقاطع بالباركود لا كمصدر أول. المصدر المفضّل: كتالوج المصنّع أو كتالوج التجزئة السعودي.
QGAP-01158,READY_FULL,بيانات سوق غير سعودي — تُوسم صراحةً ولا تُقدَّم كقيم سعودية,كيندر ديلس,Kinder Delice,كيندر,Kinder,Kinder,PACKAGED,حلويات,شوكولاتة,Delice,,NON_KSA,FOREIGN,NO,HIGH,P1,MISSING,,OPENFOODFACTS_VERIFIED,Open Food Facts — Kinder Delice,https://world.openfoodfacts.org/product/8000500264379,8000500264379,156,1 serving (39 g),100,451.28,5.38,58.21,22.82,,43.08,125.64,FULL,MEDIUM,,,,Kinder Delice,,0.938,,,كيندر,Kinder,تغطية OpenFoodFacts للسوق السعودي ضحلة (١٦٤٩٢ منتجًا إجماليًا، وعمق كل علامة عشرات مقابل مئات فعلية) — تُستخدم للتقاطع بالباركود لا كمصدر أول. المصدر المفضّل: كتالوج المصنّع أو كتالوج التجزئة السعودي.
QGAP-01159,NEEDS_HUMAN_REVIEW,مطابقة آلية بدرجة 0.725 دون حدّ القبول — تحتاج تأكيدًا · بيانات سوق غير سعودي — تُوسم صراحةً ولا تُقدَّم كقيم سعودية,نوتيلا سبريد,Nutella hazelnut spread,نوتيلا,Nutella,Nutella,PACKAGED,حلويات,سبريد,hazelnut spread,,NON_KSA,FOREIGN,NO,HIGH,P1,MISSING,,OPENFOODFACTS_VERIFIED,Open Food Facts — NUTELLA HAZELNUT SPREAD PAIL,https://world.openfoodfacts.org/product/8000500131329,8000500131329,3000 g,100g,100,539.0,6.3,57.5,30.9,,56.3,42.8,NONE,HIGH,,,,NUTELLA HAZELNUT SPREAD PAIL,,0.725,,,نوتيلا,Nutella,تغطية OpenFoodFacts للسوق السعودي ضحلة (١٦٤٩٢ منتجًا إجماليًا، وعمق كل علامة عشرات مقابل مئات فعلية) — تُستخدم للتقاطع بالباركود لا كمصدر أول. المصدر المفضّل: كتالوج المصنّع أو كتالوج التجزئة السعودي.
QGAP-01160,NEEDS_SOURCE,لم يُعثر على مصدر آلي — يحتاج جلبًا من المصنّع أو كتالوج التجزئة,نوتيلا آند جو,Nutella and Go,نوتيلا,Nutella,Nutella,PACKAGED,حلويات,سبريد,and Go,,KSA,UNSPECIFIED,,HIGH,P1,MISSING,,OFFICIAL_MANUFACTURER,Nutella official product page,,,,,,,,,,,,,NONE,HIGH,,,,,,,,,نوتيلا,Nutella,تغطية OpenFoodFacts للسوق السعودي ضحلة (١٦٤٩٢ منتجًا إجماليًا، وعمق كل علامة عشرات مقابل مئات فعلية) — تُستخدم للتقاطع بالباركود لا كمصدر أول. المصدر المفضّل: كتالوج المصنّع أو كتالوج التجزئة السعودي.
QGAP-01161,NEEDS_SOURCE,لم يُعثر على مصدر آلي — يحتاج جلبًا من المصنّع أو كتالوج التجزئة,فيريرو روشيه علبة,Ferrero Rocher box,فيريرو روشيه,Ferrero Rocher,Ferrero Rocher,PACKAGED,حلويات,شوكولاتة,box,,KSA,UNSPECIFIED,,MEDIUM,P2,MISSING,,OFFICIAL_MANUFACTURER,Ferrero Rocher official product page,,,,,,,,,,,,,NONE,HIGH,,,,,,,,,فيريرو روشيه,Ferrero Rocher,تغطية OpenFoodFacts للسوق السعودي ضحلة (١٦٤٩٢ منتجًا إجماليًا، وعمق كل علامة عشرات مقابل مئات فعلية) — تُستخدم للتقاطع بالباركود لا كمصدر أول. المصدر المفضّل: كتالوج المصنّع أو كتالوج التجزئة السعودي.
QGAP-01162,NEEDS_SOURCE,لم يُعثر على مصدر آلي — يحتاج جلبًا من المصنّع أو كتالوج التجزئة,باتشي شوكولاتة مشكلة,Patchi assorted chocolate,باتشي,Patchi,Patchi,PACKAGED,حلويات,شوكولاتة,assorted chocolate,,KSA,KSA,,MEDIUM,P2,MISSING,,OFFICIAL_LOCAL,Saudi retailer catalogue (Panda/Othaim/Tamimi/Nana) + barcode,,,,,,,,,,,,,NONE,HIGH,,,,,,,,,باتشي,Patchi,تغطية OpenFoodFacts للسوق السعودي ضحلة (١٦٤٩٢ منتجًا إجماليًا، وعمق كل علامة عشرات مقابل مئات فعلية) — تُستخدم للتقاطع بالباركود لا كمصدر أول. المصدر المفضّل: كتالوج المصنّع أو كتالوج التجزئة السعودي.
QGAP-01163,NEEDS_SOURCE,لم يُعثر على مصدر آلي — يحتاج جلبًا من المصنّع أو كتالوج التجزئة,باتشي شوكولاتة بالفستق,Patchi pistachio chocolate,باتشي,Patchi,Patchi,PACKAGED,حلويات,شوكولاتة,pistachio chocolate,,KSA,KSA,,MEDIUM,P2,MISSING,,OFFICIAL_LOCAL,Saudi retailer catalogue (Panda/Othaim/Tamimi/Nana) + barcode,,,,,,,,,,,,,NONE,HIGH,,,,,,,,,باتشي,Patchi,تغطية OpenFoodFacts للسوق السعودي ضحلة (١٦٤٩٢ منتجًا إجماليًا، وعمق كل علامة عشرات مقابل مئات فعلية) — تُستخدم للتقاطع بالباركود لا كمصدر أول. المصدر المفضّل: كتالوج المصنّع أو كتالوج التجزئة السعودي.
QGAP-01164,READY_FULL,بيانات سوق غير سعودي — تُوسم صراحةً ولا تُقدَّم كقيم سعودية,كوكا كولا أصلي,Coca-Cola original,كوكا كولا,Coca-Cola,Coca-Cola,PACKAGED,مشروبات,غازية,original,,NON_KSA,FOREIGN,NO,VERY_HIGH,P0,MISSING,,OPENFOODFACTS_VERIFIED,Open Food Facts — Coca-Cola goût original,https://world.openfoodfacts.org/product/5449000267412,5449000267412,"1,25 L",250ml,100,42.0,0.0,10.6,0.0,0.0,10.6,0.0,FULL,MEDIUM,,,,Coca-Cola goût original,,0.95,,,كوكا كولا,Coca-Cola,تغطية OpenFoodFacts للسوق السعودي ضحلة (١٦٤٩٢ منتجًا إجماليًا، وعمق كل علامة عشرات مقابل مئات فعلية) — تُستخدم للتقاطع بالباركود لا كمصدر أول. المصدر المفضّل: كتالوج المصنّع أو كتالوج التجزئة السعودي.
QGAP-01165,READY_FULL,بيانات سوق غير سعودي — تُوسم صراحةً ولا تُقدَّم كقيم سعودية,كوكا كولا زيرو,Coca-Cola Zero Sugar,كوكا كولا,Coca-Cola,Coca-Cola,PACKAGED,مشروبات,غازية,Zero Sugar,,NON_KSA,FOREIGN,NO,VERY_HIGH,P0,MISSING,,OPENFOODFACTS_VERIFIED,Open Food Facts — Coca-Cola Zero Sugar,https://world.openfoodfacts.org/product/5000112637939,5000112637939,330 ml,330ml,100,0.3,0.0,0.0,0.0,,0.0,8.0,FULL,MEDIUM,,,,Coca-Cola Zero Sugar,,0.949,,,كوكا كولا,Coca-Cola,تغطية OpenFoodFacts للسوق السعودي ضحلة (١٦٤٩٢ منتجًا إجماليًا، وعمق كل علامة عشرات مقابل مئات فعلية) — تُستخدم للتقاطع بالباركود لا كمصدر أول. المصدر المفضّل: كتالوج المصنّع أو كتالوج التجزئة السعودي.
QGAP-01166,NEEDS_SOURCE,لم يُعثر على مصدر آلي — يحتاج جلبًا من المصنّع أو كتالوج التجزئة,كوكا كولا دايت,Coca-Cola Diet,كوكا كولا,Coca-Cola,Coca-Cola,PACKAGED,مشروبات,غازية,Diet,,KSA,UNSPECIFIED,,VERY_HIGH,P0,MISSING,,OFFICIAL_MANUFACTURER,Coca-Cola official product page,,,,,,,,,,,,,NONE,HIGH,,,,,,,,,كوكا كولا,Coca-Cola,تغطية OpenFoodFacts للسوق السعودي ضحلة (١٦٤٩٢ منتجًا إجماليًا، وعمق كل علامة عشرات مقابل مئات فعلية) — تُستخدم للتقاطع بالباركود لا كمصدر أول. المصدر المفضّل: كتالوج المصنّع أو كتالوج التجزئة السعودي.
QGAP-01167,NEEDS_SOURCE,لم يُعثر على مصدر آلي — يحتاج جلبًا من المصنّع أو كتالوج التجزئة,كوكا كولا فانيلا,Coca-Cola vanilla,كوكا كولا,Coca-Cola,Coca-Cola,PACKAGED,مشروبات,غازية,vanilla,,KSA,UNSPECIFIED,,VERY_HIGH,P0,MISSING,,OFFICIAL_MANUFACTURER,Coca-Cola official product page,,,,,,,,,,,,,NONE,HIGH,,,,,,,,,كوكا كولا,Coca-Cola,تغطية OpenFoodFacts للسوق السعودي ضحلة (١٦٤٩٢ منتجًا إجماليًا، وعمق كل علامة عشرات مقابل مئات فعلية) — تُستخدم للتقاطع بالباركود لا كمصدر أول. المصدر المفضّل: كتالوج المصنّع أو كتالوج التجزئة السعودي.
QGAP-01168,NEEDS_SOURCE,لم يُعثر على مصدر آلي — يحتاج جلبًا من المصنّع أو كتالوج التجزئة,بيبسي أصلي,Pepsi original,بيبسي,Pepsi,Pepsi,PACKAGED,مشروبات,غازية,original,,KSA,UNSPECIFIED,,VERY_HIGH,P0,MISSING,,OFFICIAL_MANUFACTURER,Pepsi official product page,,,,,,,,,,,,,NONE,HIGH,,,,,,,,,بيبسي,Pepsi,تغطية OpenFoodFacts للسوق السعودي ضحلة (١٦٤٩٢ منتجًا إجماليًا، وعمق كل علامة عشرات مقابل مئات فعلية) — تُستخدم للتقاطع بالباركود لا كمصدر أول. المصدر المفضّل: كتالوج المصنّع أو كتالوج التجزئة السعودي.
QGAP-01169,READY_FULL,بيانات سوق غير سعودي — تُوسم صراحةً ولا تُقدَّم كقيم سعودية,بيبسي دايت,Pepsi Diet,بيبسي,Pepsi,Pepsi,PACKAGED,مشروبات,غازية,Diet,,NON_KSA,FOREIGN,NO,VERY_HIGH,P0,MISSING,,OPENFOODFACTS_VERIFIED,Open Food Facts — DIET PEPSI,https://world.openfoodfacts.org/product/0069000019832,0069000019832,591 mL,1 bottle (591 ml),100,0.0,0.0,0.0,0.0,,,10.15,FULL,MEDIUM,,,,DIET PEPSI,,0.949,,,بيبسي,Pepsi,تغطية OpenFoodFacts للسوق السعودي ضحلة (١٦٤٩٢ منتجًا إجماليًا، وعمق كل علامة عشرات مقابل مئات فعلية) — تُستخدم للتقاطع بالباركود لا كمصدر أول. المصدر المفضّل: كتالوج المصنّع أو كتالوج التجزئة السعودي.
QGAP-01170,NEEDS_SOURCE,لم يُعثر على مصدر آلي — يحتاج جلبًا من المصنّع أو كتالوج التجزئة,بيبسي ماكس / بلاك,Pepsi Max / Black,بيبسي,Pepsi,Pepsi,PACKAGED,مشروبات,غازية,Max / Black,,KSA,UNSPECIFIED,,VERY_HIGH,P0,MISSING,,OFFICIAL_MANUFACTURER,Pepsi official product page,,,,,,,,,,,,,NONE,HIGH,,,,,,,,,بيبسي,Pepsi,تغطية OpenFoodFacts للسوق السعودي ضحلة (١٦٤٩٢ منتجًا إجماليًا، وعمق كل علامة عشرات مقابل مئات فعلية) — تُستخدم للتقاطع بالباركود لا كمصدر أول. المصدر المفضّل: كتالوج المصنّع أو كتالوج التجزئة السعودي.
QGAP-01171,NEEDS_SOURCE,لم يُعثر على مصدر آلي — يحتاج جلبًا من المصنّع أو كتالوج التجزئة,سفن أب أصلي,7UP original,سفن أب,7UP,7UP,PACKAGED,مشروبات,غازية,original,,KSA,UNSPECIFIED,,VERY_HIGH,P0,MISSING,,OFFICIAL_MANUFACTURER,7UP official product page,,,,,,,,,,,,,NONE,HIGH,,,,,,,,,سفن أب,7UP,تغطية OpenFoodFacts للسوق السعودي ضحلة (١٦٤٩٢ منتجًا إجماليًا، وعمق كل علامة عشرات مقابل مئات فعلية) — تُستخدم للتقاطع بالباركود لا كمصدر أول. المصدر المفضّل: كتالوج المصنّع أو كتالوج التجزئة السعودي.
QGAP-01172,NEEDS_SOURCE,لم يُعثر على مصدر آلي — يحتاج جلبًا من المصنّع أو كتالوج التجزئة,سفن أب فري / دايت,7UP Free / Diet,سفن أب,7UP,7UP,PACKAGED,مشروبات,غازية,Free / Diet,,KSA,UNSPECIFIED,,VERY_HIGH,P0,MISSING,,OFFICIAL_MANUFACTURER,7UP official product page,,,,,,,,,,,,,NONE,HIGH,,,,,,,,,سفن أب,7UP,تغطية OpenFoodFacts للسوق السعودي ضحلة (١٦٤٩٢ منتجًا إجماليًا، وعمق كل علامة عشرات مقابل مئات فعلية) — تُستخدم للتقاطع بالباركود لا كمصدر أول. المصدر المفضّل: كتالوج المصنّع أو كتالوج التجزئة السعودي.
QGAP-01173,NEEDS_HUMAN_REVIEW,الأصل العام موجود في قِمّة — يُحسم بشريًا إن كان المتغيّر يستحق صفًّا مستقلًا · بيانات سوق غير سعودي — تُوسم صراحةً ولا تُقدَّم كقيم سعودية,ميرندا برتقال,Mirinda orange,ميرندا,Mirinda,Mirinda,PACKAGED,مشروبات,غازية,orange,,NON_KSA,FOREIGN,NO,HIGH,P1,EXISTS_GENERIC_ONLY,orange · برتقال,OPENFOODFACTS_VERIFIED,Open Food Facts — Mirinda orange,https://world.openfoodfacts.org/product/0012000800160,0012000800160,,لكل 100غ,100,53.0,0.0,14.0,0.0,,14.0,0.0,NONE,MEDIUM,,,,Mirinda orange,,0.85,,,ميرندا,Mirinda,تغطية OpenFoodFacts للسوق السعودي ضحلة (١٦٤٩٢ منتجًا إجماليًا، وعمق كل علامة عشرات مقابل مئات فعلية) — تُستخدم للتقاطع بالباركود لا كمصدر أول. المصدر المفضّل: كتالوج المصنّع أو كتالوج التجزئة السعودي.
QGAP-01174,NEEDS_HUMAN_REVIEW,الأصل العام موجود في قِمّة — يُحسم بشريًا إن كان المتغيّر يستحق صفًّا مستقلًا · بيانات سوق غير سعودي — تُوسم صراحةً ولا تُقدَّم كقيم سعودية,ميرندا فراولة,Mirinda strawberry,ميرندا,Mirinda,Mirinda,PACKAGED,مشروبات,غازية,strawberry,,NON_KSA,FOREIGN,NO,HIGH,P1,EXISTS_GENERIC_ONLY,strawberry · فراولة,OPENFOODFACTS_VERIFIED,Open Food Facts — Mirinda strawberry,https://world.openfoodfacts.org/product/0012000057403,0012000057403,,لكل 100غ,100,48.0,,,,,25.0,,NONE,MEDIUM,,,,Mirinda strawberry,,0.85,,,ميرندا,Mirinda,تغطية OpenFoodFacts للسوق السعودي ضحلة (١٦٤٩٢ منتجًا إجماليًا، وعمق كل علامة عشرات مقابل مئات فعلية) — تُستخدم للتقاطع بالباركود لا كمصدر أول. المصدر المفضّل: كتالوج المصنّع أو كتالوج التجزئة السعودي.
QGAP-01175,NEEDS_SOURCE,لم يُعثر على مصدر آلي — يحتاج جلبًا من المصنّع أو كتالوج التجزئة,ميرندا تفاح,Mirinda apple,ميرندا,Mirinda,Mirinda,PACKAGED,مشروبات,غازية,apple,,KSA,UNSPECIFIED,,HIGH,P1,MISSING,,OFFICIAL_MANUFACTURER,Mirinda official product page,,,,,,,,,,,,,NONE,HIGH,,,,,,,,,ميرندا,Mirinda,تغطية OpenFoodFacts للسوق السعودي ضحلة (١٦٤٩٢ منتجًا إجماليًا، وعمق كل علامة عشرات مقابل مئات فعلية) — تُستخدم للتقاطع بالباركود لا كمصدر أول. المصدر المفضّل: كتالوج المصنّع أو كتالوج التجزئة السعودي.
QGAP-01176,NEEDS_SOURCE,لم يُعثر على مصدر آلي — يحتاج جلبًا من المصنّع أو كتالوج التجزئة,ميرندا عنب,Mirinda grape,ميرندا,Mirinda,Mirinda,PACKAGED,مشروبات,غازية,grape,,KSA,UNSPECIFIED,,HIGH,P1,MISSING,,OFFICIAL_MANUFACTURER,Mirinda official product page,,,,,,,,,,,,,NONE,HIGH,,,,,,,,,ميرندا,Mirinda,تغطية OpenFoodFacts للسوق السعودي ضحلة (١٦٤٩٢ منتجًا إجماليًا، وعمق كل علامة عشرات مقابل مئات فعلية) — تُستخدم للتقاطع بالباركود لا كمصدر أول. المصدر المفضّل: كتالوج المصنّع أو كتالوج التجزئة السعودي.
QGAP-01177,READY_FULL,بيانات سوق غير سعودي — تُوسم صراحةً ولا تُقدَّم كقيم سعودية,سبرايت أصلي,Sprite original,سبرايت,Sprite,Sprite,PACKAGED,مشروبات,غازية,original,,NON_KSA,FOREIGN,NO,HIGH,P1,MISSING,,OPENFOODFACTS_VERIFIED,Open Food Facts — Sprite Goût Original,https://world.openfoodfacts.org/product/5449000286291,5449000286291,33 cl,330ml,100,33.0,0.0,7.9,0.0,,7.9,12.0,FULL,MEDIUM,,,,Sprite Goût Original,,0.94,,,سبرايت,Sprite,تغطية OpenFoodFacts للسوق السعودي ضحلة (١٦٤٩٢ منتجًا إجماليًا، وعمق كل علامة عشرات مقابل مئات فعلية) — تُستخدم للتقاطع بالباركود لا كمصدر أول. المصدر المفضّل: كتالوج المصنّع أو كتالوج التجزئة السعودي.
QGAP-01178,READY_FULL,بيانات سوق غير سعودي — تُوسم صراحةً ولا تُقدَّم كقيم سعودية,سبرايت زيرو,Sprite Zero,سبرايت,Sprite,Sprite,PACKAGED,مشروبات,غازية,Zero,,NON_KSA,FOREIGN,NO,HIGH,P1,MISSING,,OPENFOODFACTS_VERIFIED,Open Food Facts — Sprite zero,https://world.openfoodfacts.org/product/0088009940633,0088009940633,,لكل 100غ,100,1.0,0.05,0.1,0.0,,0.0,4.0,FULL,MEDIUM,,,,Sprite zero,,0.887,,,سبرايت,Sprite,تغطية OpenFoodFacts للسوق السعودي ضحلة (١٦٤٩٢ منتجًا إجماليًا، وعمق كل علامة عشرات مقابل مئات فعلية) — تُستخدم للتقاطع بالباركود لا كمصدر أول. المصدر المفضّل: كتالوج المصنّع أو كتالوج التجزئة السعودي.
QGAP-01179,NEEDS_HUMAN_REVIEW,الأصل العام موجود في قِمّة — يُحسم بشريًا إن كان المتغيّر يستحق صفًّا مستقلًا · بيانات سوق غير سعودي — تُوسم صراحةً ولا تُقدَّم كقيم سعودية,فانتا برتقال,Fanta orange,فانتا,Fanta,Fanta,PACKAGED,مشروبات,غازية,orange,,NON_KSA,FOREIGN,NO,HIGH,P1,EXISTS_GENERIC_ONLY,orange · برتقال,OPENFOODFACTS_VERIFIED,Open Food Facts — Fanta Orange,https://world.openfoodfacts.org/product/87126860,87126860,0.33ml,330 ml,100,32.0,0.0,7.7,0.0,,7.6,8.0,NONE,MEDIUM,,,,Fanta Orange,,0.94,,,فانتا,Fanta,تغطية OpenFoodFacts للسوق السعودي ضحلة (١٦٤٩٢ منتجًا إجماليًا، وعمق كل علامة عشرات مقابل مئات فعلية) — تُستخدم للتقاطع بالباركود لا كمصدر أول. المصدر المفضّل: كتالوج المصنّع أو كتالوج التجزئة السعودي.
QGAP-01180,NEEDS_HUMAN_REVIEW,الأصل العام موجود في قِمّة — يُحسم بشريًا إن كان المتغيّر يستحق صفًّا مستقلًا · بيانات سوق غير سعودي — تُوسم صراحةً ولا تُقدَّم كقيم سعودية,فانتا فراولة,Fanta strawberry,فانتا,Fanta,Fanta,PACKAGED,مشروبات,غازية,strawberry,,NON_KSA,FOREIGN,NO,HIGH,P1,EXISTS_GENERIC_ONLY,strawberry · فراولة,OPENFOODFACTS_VERIFIED,Open Food Facts — Fanta Strawberry,https://world.openfoodfacts.org/product/0049000014266,0049000014266,355ml,لكل 100غ,100,51.0,0.0,13.5,0.0,,13.5,40.0,NONE,MEDIUM,,,,Fanta Strawberry,,0.917,,,فانتا,Fanta,تغطية OpenFoodFacts للسوق السعودي ضحلة (١٦٤٩٢ منتجًا إجماليًا، وعمق كل علامة عشرات مقابل مئات فعلية) — تُستخدم للتقاطع بالباركود لا كمصدر أول. المصدر المفضّل: كتالوج المصنّع أو كتالوج التجزئة السعودي.
QGAP-01181,READY_FULL,بيانات سوق غير سعودي — تُوسم صراحةً ولا تُقدَّم كقيم سعودية,فانتا عنب,Fanta grape,فانتا,Fanta,Fanta,PACKAGED,مشروبات,غازية,grape,,NON_KSA,FOREIGN,NO,HIGH,P1,MISSING,,OPENFOODFACTS_VERIFIED,Open Food Facts — Fanta grape,https://world.openfoodfacts.org/product/0049000014242,0049000014242,355ml,355ml,100,47.88,0.0,12.39,0.0,,12.39,11.27,FULL,MEDIUM,,,,Fanta grape,,0.919,,,فانتا,Fanta,تغطية OpenFoodFacts للسوق السعودي ضحلة (١٦٤٩٢ منتجًا إجماليًا، وعمق كل علامة عشرات مقابل مئات فعلية) — تُستخدم للتقاطع بالباركود لا كمصدر أول. المصدر المفضّل: كتالوج المصنّع أو كتالوج التجزئة السعودي.
QGAP-01182,NEEDS_SOURCE,لم يُعثر على مصدر آلي — يحتاج جلبًا من المصنّع أو كتالوج التجزئة,ماونتن ديو أصلي,Mountain Dew original,ماونتن ديو,Mountain Dew,Mountain Dew,PACKAGED,مشروبات,غازية,original,,KSA,UNSPECIFIED,,MEDIUM,P2,MISSING,,OFFICIAL_MANUFACTURER,Mountain Dew official product page,,,,,,,,,,,,,NONE,HIGH,,,,,,,,,ماونتن ديو,Mountain Dew,تغطية OpenFoodFacts للسوق السعودي ضحلة (١٦٤٩٢ منتجًا إجماليًا، وعمق كل علامة عشرات مقابل مئات فعلية) — تُستخدم للتقاطع بالباركود لا كمصدر أول. المصدر المفضّل: كتالوج المصنّع أو كتالوج التجزئة السعودي.
QGAP-01183,NEEDS_SOURCE,لم يُعثر على مصدر آلي — يحتاج جلبًا من المصنّع أو كتالوج التجزئة,باربيكان سادة,Barbican plain malt,باربيكان,Barbican,Barbican,PACKAGED,مشروبات,شعير,plain malt,,KSA,UNSPECIFIED,,VERY_HIGH,P0,MISSING,,OFFICIAL_MANUFACTURER,Barbican official product page,,,,,,,,,,,,,NONE,HIGH,,,,,,,,,باربيكان,Barbican,تغطية OpenFoodFacts للسوق السعودي ضحلة (١٦٤٩٢ منتجًا إجماليًا، وعمق كل علامة عشرات مقابل مئات فعلية) — تُستخدم للتقاطع بالباركود لا كمصدر أول. المصدر المفضّل: كتالوج المصنّع أو كتالوج التجزئة السعودي.
QGAP-01184,NEEDS_SOURCE,لم يُعثر على مصدر آلي — يحتاج جلبًا من المصنّع أو كتالوج التجزئة,باربيكان تفاح,Barbican apple,باربيكان,Barbican,Barbican,PACKAGED,مشروبات,شعير,apple,,KSA,UNSPECIFIED,,VERY_HIGH,P0,MISSING,,OFFICIAL_MANUFACTURER,Barbican official product page,,,,,,,,,,,,,NONE,HIGH,,,,,,,,,باربيكان,Barbican,تغطية OpenFoodFacts للسوق السعودي ضحلة (١٦٤٩٢ منتجًا إجماليًا، وعمق كل علامة عشرات مقابل مئات فعلية) — تُستخدم للتقاطع بالباركود لا كمصدر أول. المصدر المفضّل: كتالوج المصنّع أو كتالوج التجزئة السعودي.
QGAP-01185,NEEDS_SOURCE,لم يُعثر على مصدر آلي — يحتاج جلبًا من المصنّع أو كتالوج التجزئة,باربيكان فراولة,Barbican strawberry,باربيكان,Barbican,Barbican,PACKAGED,مشروبات,شعير,strawberry,,KSA,UNSPECIFIED,,VERY_HIGH,P0,MISSING,,OFFICIAL_MANUFACTURER,Barbican official product page,,,,,,,,,,,,,NONE,HIGH,,,,,,,,,باربيكان,Barbican,تغطية OpenFoodFacts للسوق السعودي ضحلة (١٦٤٩٢ منتجًا إجماليًا، وعمق كل علامة عشرات مقابل مئات فعلية) — تُستخدم للتقاطع بالباركود لا كمصدر أول. المصدر المفضّل: كتالوج المصنّع أو كتالوج التجزئة السعودي.
QGAP-01186,NEEDS_HUMAN_REVIEW,الأصل العام موجود في قِمّة — يُحسم بشريًا إن كان المتغيّر يستحق صفًّا مستقلًا,باربيكان رمان,Barbican pomegranate,باربيكان,Barbican,Barbican,PACKAGED,مشروبات,شعير,pomegranate,,KSA,UNSPECIFIED,,VERY_HIGH,P0,EXISTS_GENERIC_ONLY,pomegranate · رمان,OFFICIAL_MANUFACTURER,Barbican official product page,,,,,,,,,,,,,NONE,MEDIUM,,,,,,,,,باربيكان,Barbican,تغطية OpenFoodFacts للسوق السعودي ضحلة (١٦٤٩٢ منتجًا إجماليًا، وعمق كل علامة عشرات مقابل مئات فعلية) — تُستخدم للتقاطع بالباركود لا كمصدر أول. المصدر المفضّل: كتالوج المصنّع أو كتالوج التجزئة السعودي.
QGAP-01187,NEEDS_SOURCE,لم يُعثر على مصدر آلي — يحتاج جلبًا من المصنّع أو كتالوج التجزئة,باربيكان خوخ,Barbican peach,باربيكان,Barbican,Barbican,PACKAGED,مشروبات,شعير,peach,,KSA,UNSPECIFIED,,VERY_HIGH,P0,MISSING,,OFFICIAL_MANUFACTURER,Barbican official product page,,,,,,,,,,,,,NONE,HIGH,,,,,,,,,باربيكان,Barbican,تغطية OpenFoodFacts للسوق السعودي ضحلة (١٦٤٩٢ منتجًا إجماليًا، وعمق كل علامة عشرات مقابل مئات فعلية) — تُستخدم للتقاطع بالباركود لا كمصدر أول. المصدر المفضّل: كتالوج المصنّع أو كتالوج التجزئة السعودي.
QGAP-01188,NEEDS_HUMAN_REVIEW,الأصل العام موجود في قِمّة — يُحسم بشريًا إن كان المتغيّر يستحق صفًّا مستقلًا,باربيكان أناناس,Barbican pineapple,باربيكان,Barbican,Barbican,PACKAGED,مشروبات,شعير,pineapple,,KSA,UNSPECIFIED,,VERY_HIGH,P0,EXISTS_GENERIC_ONLY,pineapple · أناناس,OFFICIAL_MANUFACTURER,Barbican official product page,,,,,,,,,,,,,NONE,MEDIUM,,,,,,,,,باربيكان,Barbican,تغطية OpenFoodFacts للسوق السعودي ضحلة (١٦٤٩٢ منتجًا إجماليًا، وعمق كل علامة عشرات مقابل مئات فعلية) — تُستخدم للتقاطع بالباركود لا كمصدر أول. المصدر المفضّل: كتالوج المصنّع أو كتالوج التجزئة السعودي.
QGAP-01189,NEEDS_SOURCE,لم يُعثر على مصدر آلي — يحتاج جلبًا من المصنّع أو كتالوج التجزئة,باربيكان ليمون,Barbican lemon,باربيكان,Barbican,Barbican,PACKAGED,مشروبات,شعير,lemon,,KSA,UNSPECIFIED,,VERY_HIGH,P0,MISSING,,OFFICIAL_MANUFACTURER,Barbican official product page,,,,,,,,,,,,,NONE,HIGH,,,,,,,,,باربيكان,Barbican,تغطية OpenFoodFacts للسوق السعودي ضحلة (١٦٤٩٢ منتجًا إجماليًا، وعمق كل علامة عشرات مقابل مئات فعلية) — تُستخدم للتقاطع بالباركود لا كمصدر أول. المصدر المفضّل: كتالوج المصنّع أو كتالوج التجزئة السعودي.
QGAP-01190,NEEDS_SOURCE,لم يُعثر على مصدر آلي — يحتاج جلبًا من المصنّع أو كتالوج التجزئة,باربيكان عنب,Barbican grape,باربيكان,Barbican,Barbican,PACKAGED,مشروبات,شعير,grape,,KSA,UNSPECIFIED,,VERY_HIGH,P0,MISSING,,OFFICIAL_MANUFACTURER,Barbican official product page,,,,,,,,,,,,,NONE,HIGH,,,,,,,,,باربيكان,Barbican,تغطية OpenFoodFacts للسوق السعودي ضحلة (١٦٤٩٢ منتجًا إجماليًا، وعمق كل علامة عشرات مقابل مئات فعلية) — تُستخدم للتقاطع بالباركود لا كمصدر أول. المصدر المفضّل: كتالوج المصنّع أو كتالوج التجزئة السعودي.
QGAP-01191,NEEDS_SOURCE,لم يُعثر على مصدر آلي — يحتاج جلبًا من المصنّع أو كتالوج التجزئة,موسي سادة,Moussy plain,موسي,Moussy,Moussy,PACKAGED,مشروبات,شعير,plain,,KSA,UNSPECIFIED,,HIGH,P1,MISSING,,OFFICIAL_MANUFACTURER,Moussy official product page,,,,,,,,,,,,,NONE,HIGH,,,,,,,,,موسي,Moussy,تغطية OpenFoodFacts للسوق السعودي ضحلة (١٦٤٩٢ منتجًا إجماليًا، وعمق كل علامة عشرات مقابل مئات فعلية) — تُستخدم للتقاطع بالباركود لا كمصدر أول. المصدر المفضّل: كتالوج المصنّع أو كتالوج التجزئة السعودي.
QGAP-01192,NEEDS_HUMAN_REVIEW,الأصل العام موجود في قِمّة — يُحسم بشريًا إن كان المتغيّر يستحق صفًّا مستقلًا,موسي تفاح,Moussy apple,موسي,Moussy,Moussy,PACKAGED,مشروبات,شعير,apple,,KSA,UNSPECIFIED,,HIGH,P1,EXISTS_GENERIC_ONLY,apple · تفاح,OFFICIAL_MANUFACTURER,Moussy official product page,,,,,,,,,,,,,NONE,MEDIUM,,,,,,,,,موسي,Moussy,تغطية OpenFoodFacts للسوق السعودي ضحلة (١٦٤٩٢ منتجًا إجماليًا، وعمق كل علامة عشرات مقابل مئات فعلية) — تُستخدم للتقاطع بالباركود لا كمصدر أول. المصدر المفضّل: كتالوج المصنّع أو كتالوج التجزئة السعودي.
QGAP-01193,NEEDS_SOURCE,لم يُعثر على مصدر آلي — يحتاج جلبًا من المصنّع أو كتالوج التجزئة,موسي خوخ,Moussy peach,موسي,Moussy,Moussy,PACKAGED,مشروبات,شعير,peach,,KSA,UNSPECIFIED,,HIGH,P1,MISSING,,OFFICIAL_MANUFACTURER,Moussy official product page,,,,,,,,,,,,,NONE,HIGH,,,,,,,,,موسي,Moussy,تغطية OpenFoodFacts للسوق السعودي ضحلة (١٦٤٩٢ منتجًا إجماليًا، وعمق كل علامة عشرات مقابل مئات فعلية) — تُستخدم للتقاطع بالباركود لا كمصدر أول. المصدر المفضّل: كتالوج المصنّع أو كتالوج التجزئة السعودي.
QGAP-01194,NEEDS_SOURCE,لم يُعثر على مصدر آلي — يحتاج جلبًا من المصنّع أو كتالوج التجزئة,موسي ليمون,Moussy lemon,موسي,Moussy,Moussy,PACKAGED,مشروبات,شعير,lemon,,KSA,UNSPECIFIED,,HIGH,P1,MISSING,,OFFICIAL_MANUFACTURER,Moussy official product page,,,,,,,,,,,,,NONE,HIGH,,,,,,,,,موسي,Moussy,تغطية OpenFoodFacts للسوق السعودي ضحلة (١٦٤٩٢ منتجًا إجماليًا، وعمق كل علامة عشرات مقابل مئات فعلية) — تُستخدم للتقاطع بالباركود لا كمصدر أول. المصدر المفضّل: كتالوج المصنّع أو كتالوج التجزئة السعودي.
QGAP-01195,NEEDS_SOURCE,لم يُعثر على مصدر آلي — يحتاج جلبًا من المصنّع أو كتالوج التجزئة,فيمتو شراب مركّز,Vimto cordial concentrate,فيمتو,Vimto,Vimto,PACKAGED,مشروبات,شراب,cordial concentrate,,KSA,UNSPECIFIED,,VERY_HIGH,P1,MISSING,,OFFICIAL_MANUFACTURER,Vimto official product page,,,,,,,,,,,,,NONE,HIGH,,,,,,,,,فيمتو,Vimto,تغطية OpenFoodFacts للسوق السعودي ضحلة (١٦٤٩٢ منتجًا إجماليًا، وعمق كل علامة عشرات مقابل مئات فعلية) — تُستخدم للتقاطع بالباركود لا كمصدر أول. المصدر المفضّل: كتالوج المصنّع أو كتالوج التجزئة السعودي.
QGAP-01196,NEEDS_SOURCE,لم يُعثر على مصدر آلي — يحتاج جلبًا من المصنّع أو كتالوج التجزئة,فيمتو جاهز للشرب,Vimto ready to drink,فيمتو,Vimto,Vimto,PACKAGED,مشروبات,شراب,ready to drink,,KSA,UNSPECIFIED,,VERY_HIGH,P1,MISSING,,OFFICIAL_MANUFACTURER,Vimto official product page,,,,,,,,,,,,,NONE,HIGH,,,,,,,,,فيمتو,Vimto,تغطية OpenFoodFacts للسوق السعودي ضحلة (١٦٤٩٢ منتجًا إجماليًا، وعمق كل علامة عشرات مقابل مئات فعلية) — تُستخدم للتقاطع بالباركود لا كمصدر أول. المصدر المفضّل: كتالوج المصنّع أو كتالوج التجزئة السعودي.
QGAP-01197,NEEDS_HUMAN_REVIEW,الأصل العام موجود في قِمّة — يُحسم بشريًا إن كان المتغيّر يستحق صفًّا مستقلًا,فيمتو فوّار,Vimto sparkling,فيمتو,Vimto,Vimto,PACKAGED,مشروبات,شراب,sparkling,,KSA,KSA,YES,VERY_HIGH,P1,EXISTS_GENERIC_ONLY,vimto · فيمتو,OPENFOODFACTS_VERIFIED,Open Food Facts — Fizzy Vimto sparkling fruit,https://world.openfoodfacts.org/product/6281034001018,6281034001018,250 ml,250 ml,100,20.4,0.0,5.08,0.0,0.0,5.08,8.0,NONE,MEDIUM,,,,Fizzy Vimto sparkling fruit,,0.721,,,فيمتو,Vimto,تغطية OpenFoodFacts للسوق السعودي ضحلة (١٦٤٩٢ منتجًا إجماليًا، وعمق كل علامة عشرات مقابل مئات فعلية) — تُستخدم للتقاطع بالباركود لا كمصدر أول. المصدر المفضّل: كتالوج المصنّع أو كتالوج التجزئة السعودي.
QGAP-01198,NEEDS_SOURCE,لم يُعثر على مصدر آلي — يحتاج جلبًا من المصنّع أو كتالوج التجزئة,ريد بول أصلي,Red Bull original,ريد بول,Red Bull,Red Bull,PACKAGED,مشروبات,طاقة,original,,KSA,UNSPECIFIED,,HIGH,P1,MISSING,,OFFICIAL_MANUFACTURER,Red Bull official product page,,,,,,,,,,,,,NONE,HIGH,,,,,,,,,ريد بول,Red Bull,تغطية OpenFoodFacts للسوق السعودي ضحلة (١٦٤٩٢ منتجًا إجماليًا، وعمق كل علامة عشرات مقابل مئات فعلية) — تُستخدم للتقاطع بالباركود لا كمصدر أول. المصدر المفضّل: كتالوج المصنّع أو كتالوج التجزئة السعودي.
QGAP-01199,READY_PARTIAL,قيم جزئية من مصدر موثوق — الباقي يبقى فارغًا · بيانات سوق غير سعودي — تُوسم صراحةً ولا تُقدَّم كقيم سعودية,ريد بول شوجر فري,Red Bull sugar free,ريد بول,Red Bull,Red Bull,PACKAGED,مشروبات,طاقة,sugar free,,NON_KSA,FOREIGN,NO,HIGH,P1,MISSING,,OPENFOODFACTS_VERIFIED,Open Food Facts — Sugar Free Red Bull,https://world.openfoodfacts.org/product/0611269000443,0611269000443,,لكل 100غ,100,10.0,,2.0,,,,,PARTIAL,MEDIUM,,,,Sugar Free Red Bull,,0.85,,,ريد بول,Red Bull,تغطية OpenFoodFacts للسوق السعودي ضحلة (١٦٤٩٢ منتجًا إجماليًا، وعمق كل علامة عشرات مقابل مئات فعلية) — تُستخدم للتقاطع بالباركود لا كمصدر أول. المصدر المفضّل: كتالوج المصنّع أو كتالوج التجزئة السعودي.
QGAP-01200,NEEDS_SOURCE,لم يُعثر على مصدر آلي — يحتاج جلبًا من المصنّع أو كتالوج التجزئة,ريد بول إصدار النكهات,Red Bull editions,ريد بول,Red Bull,Red Bull,PACKAGED,مشروبات,طاقة,editions,,KSA,UNSPECIFIED,,HIGH,P1,MISSING,,OFFICIAL_MANUFACTURER,Red Bull official product page,,,,,,,,,,,,,NONE,HIGH,,,,,,,,,ريد بول,Red Bull,تغطية OpenFoodFacts للسوق السعودي ضحلة (١٦٤٩٢ منتجًا إجماليًا، وعمق كل علامة عشرات مقابل مئات فعلية) — تُستخدم للتقاطع بالباركود لا كمصدر أول. المصدر المفضّل: كتالوج المصنّع أو كتالوج التجزئة السعودي.
QGAP-01201,NEEDS_SOURCE,لم يُعثر على مصدر آلي — يحتاج جلبًا من المصنّع أو كتالوج التجزئة,كود ريد أصلي,Code Red original,كود ريد,Code Red,Code Red,PACKAGED,مشروبات,طاقة,original,,KSA,KSA,,HIGH,P2,MISSING,,OFFICIAL_LOCAL,Saudi retailer catalogue (Panda/Othaim/Tamimi/Nana) + barcode,,,,,,,,,,,,,NONE,HIGH,,,,,,,,,كود ريد,Code Red,تغطية OpenFoodFacts للسوق السعودي ضحلة (١٦٤٩٢ منتجًا إجماليًا، وعمق كل علامة عشرات مقابل مئات فعلية) — تُستخدم للتقاطع بالباركود لا كمصدر أول. المصدر المفضّل: كتالوج المصنّع أو كتالوج التجزئة السعودي.
QGAP-01202,NEEDS_SOURCE,لم يُعثر على مصدر آلي — يحتاج جلبًا من المصنّع أو كتالوج التجزئة,كود ريد خالي السكر,Code Red sugar free,كود ريد,Code Red,Code Red,PACKAGED,مشروبات,طاقة,sugar free,,KSA,KSA,,HIGH,P2,MISSING,,OFFICIAL_LOCAL,Saudi retailer catalogue (Panda/Othaim/Tamimi/Nana) + barcode,,,,,,,,,,,,,NONE,HIGH,,,,,,,,,كود ريد,Code Red,تغطية OpenFoodFacts للسوق السعودي ضحلة (١٦٤٩٢ منتجًا إجماليًا، وعمق كل علامة عشرات مقابل مئات فعلية) — تُستخدم للتقاطع بالباركود لا كمصدر أول. المصدر المفضّل: كتالوج المصنّع أو كتالوج التجزئة السعودي.
QGAP-01203,NEEDS_SOURCE,لم يُعثر على مصدر آلي — يحتاج جلبًا من المصنّع أو كتالوج التجزئة,بايسون أصلي,Bison original,بايسون,Bison,Bison,PACKAGED,مشروبات,طاقة,original,,KSA,KSA,,HIGH,P2,MISSING,,OFFICIAL_LOCAL,Saudi retailer catalogue (Panda/Othaim/Tamimi/Nana) + barcode,,,,,,,,,,,,,NONE,HIGH,,,,,,,,,بايسون,Bison,تغطية OpenFoodFacts للسوق السعودي ضحلة (١٦٤٩٢ منتجًا إجماليًا، وعمق كل علامة عشرات مقابل مئات فعلية) — تُستخدم للتقاطع بالباركود لا كمصدر أول. المصدر المفضّل: كتالوج المصنّع أو كتالوج التجزئة السعودي.
QGAP-01204,NEEDS_SOURCE,لم يُعثر على مصدر آلي — يحتاج جلبًا من المصنّع أو كتالوج التجزئة,بايسون مالت,Bison malt,بايسون,Bison,Bison,PACKAGED,مشروبات,طاقة,malt,,KSA,KSA,,HIGH,P2,MISSING,,OFFICIAL_LOCAL,Saudi retailer catalogue (Panda/Othaim/Tamimi/Nana) + barcode,,,,,,,,,,,,,NONE,HIGH,,,,,,,,,بايسون,Bison,تغطية OpenFoodFacts للسوق السعودي ضحلة (١٦٤٩٢ منتجًا إجماليًا، وعمق كل علامة عشرات مقابل مئات فعلية) — تُستخدم للتقاطع بالباركود لا كمصدر أول. المصدر المفضّل: كتالوج المصنّع أو كتالوج التجزئة السعودي.
QGAP-01205,NEEDS_SOURCE,لم يُعثر على مصدر آلي — يحتاج جلبًا من المصنّع أو كتالوج التجزئة,باور هورس أصلي,Power Horse original,باور هورس,Power Horse,Power Horse,PACKAGED,مشروبات,طاقة,original,,KSA,UNSPECIFIED,,MEDIUM,P2,MISSING,,OFFICIAL_MANUFACTURER,Power Horse official product page,,,,,,,,,,,,,NONE,HIGH,,,,,,,,,باور هورس,Power Horse,تغطية OpenFoodFacts للسوق السعودي ضحلة (١٦٤٩٢ منتجًا إجماليًا، وعمق كل علامة عشرات مقابل مئات فعلية) — تُستخدم للتقاطع بالباركود لا كمصدر أول. المصدر المفضّل: كتالوج المصنّع أو كتالوج التجزئة السعودي.
QGAP-01206,REJECT,مياه معبّأة — القيم صفر ومتطابقة لكل العلامات؛ صفّ عام واحد «مياه شرب» يكفي والعلامة تُربط بالباركود,نوفا مياه شرب,Nova drinking water,نوفا,Nova,Nova,PACKAGED,مشروبات,مياه,drinking water,,KSA,KSA,,HIGH,P2,MISSING,,OFFICIAL_LOCAL,Saudi retailer catalogue (Panda/Othaim/Tamimi/Nana) + barcode,,,,,,,,,,,,,NONE,HIGH,,,,,,,,,نوفا,Nova,مياه — صفر سعرات؛ القيمة في الأملاح المعدنية على الملصق.
QGAP-01207,REJECT,مياه معبّأة — القيم صفر ومتطابقة لكل العلامات؛ صفّ عام واحد «مياه شرب» يكفي والعلامة تُربط بالباركود,صفا مياه شرب,Safa drinking water,صفا,Safa,Safa,PACKAGED,مشروبات,مياه,drinking water,,KSA,KSA,,HIGH,P2,MISSING,,OFFICIAL_LOCAL,Saudi retailer catalogue (Panda/Othaim/Tamimi/Nana) + barcode,,,,,,,,,,,,,NONE,HIGH,,,,,,,,,صفا,Safa,مياه — صفر سعرات.
QGAP-01208,REJECT,مياه معبّأة — القيم صفر ومتطابقة لكل العلامات؛ صفّ عام واحد «مياه شرب» يكفي والعلامة تُربط بالباركود,هنا مياه شرب,Hana drinking water,هنا,Hana,Hana,PACKAGED,مشروبات,مياه,drinking water,,KSA,KSA,,HIGH,P2,MISSING,,OFFICIAL_LOCAL,Saudi retailer catalogue (Panda/Othaim/Tamimi/Nana) + barcode,,,,,,,,,,,,,NONE,HIGH,,,,,,,,,هنا,Hana,مياه — صفر سعرات.
QGAP-01209,REJECT,مياه معبّأة — القيم صفر ومتطابقة لكل العلامات؛ صفّ عام واحد «مياه شرب» يكفي والعلامة تُربط بالباركود,بيرين مياه شرب,Berain drinking water,بيرين,Berain,Berain,PACKAGED,مشروبات,مياه,drinking water,,KSA,KSA,,HIGH,P2,MISSING,,OFFICIAL_LOCAL,Saudi retailer catalogue (Panda/Othaim/Tamimi/Nana) + barcode,,,,,,,,,,,,,NONE,HIGH,,,,,,,,,بيرين,Berain,مياه — صفر سعرات.
QGAP-01210,REJECT,مياه معبّأة — القيم صفر ومتطابقة لكل العلامات؛ صفّ عام واحد «مياه شرب» يكفي والعلامة تُربط بالباركود,أكوافينا مياه شرب,Aquafina drinking water,أكوافينا,Aquafina,Aquafina,PACKAGED,مشروبات,مياه,drinking water,,KSA,UNSPECIFIED,,HIGH,P2,MISSING,,OFFICIAL_MANUFACTURER,Aquafina official product page,,,,,,,,,,,,,NONE,HIGH,,,,,,,,,أكوافينا,Aquafina,مياه — صفر سعرات.
QGAP-01211,NEEDS_SOURCE,لم يُعثر على مصدر آلي — يحتاج جلبًا من المصنّع أو كتالوج التجزئة,سنبلة سمبوسة جاهزة,Sunbulah samosa pastry,سنبلة,Sunbulah,Sunbulah,PACKAGED,مجمدات,معجنات ومجمدات,samosa pastry,,KSA,KSA,,VERY_HIGH,P0,MISSING,,OFFICIAL_LOCAL,Saudi retailer catalogue (Panda/Othaim/Tamimi/Nana) + barcode,,,,,,,,,,,,,NONE,HIGH,,,,,,,,,سنبلة,Sunbulah,تغطية OpenFoodFacts للسوق السعودي ضحلة (١٦٤٩٢ منتجًا إجماليًا، وعمق كل علامة عشرات مقابل مئات فعلية) — تُستخدم للتقاطع بالباركود لا كمصدر أول. المصدر المفضّل: كتالوج المصنّع أو كتالوج التجزئة السعودي.
QGAP-01212,NEEDS_SOURCE,لم يُعثر على مصدر آلي — يحتاج جلبًا من المصنّع أو كتالوج التجزئة,سنبلة عجينة سمبوسة,Sunbulah samosa sheets,سنبلة,Sunbulah,Sunbulah,PACKAGED,مجمدات,معجنات ومجمدات,samosa sheets,,KSA,KSA,,VERY_HIGH,P0,MISSING,,OFFICIAL_LOCAL,Saudi retailer catalogue (Panda/Othaim/Tamimi/Nana) + barcode,,,,,,,,,,,,,NONE,HIGH,,,,,,,,,سنبلة,Sunbulah,تغطية OpenFoodFacts للسوق السعودي ضحلة (١٦٤٩٢ منتجًا إجماليًا، وعمق كل علامة عشرات مقابل مئات فعلية) — تُستخدم للتقاطع بالباركود لا كمصدر أول. المصدر المفضّل: كتالوج المصنّع أو كتالوج التجزئة السعودي.
QGAP-01213,NEEDS_SOURCE,لم يُعثر على مصدر آلي — يحتاج جلبًا من المصنّع أو كتالوج التجزئة,سنبلة عجينة بف باستري,Sunbulah puff pastry,سنبلة,Sunbulah,Sunbulah,PACKAGED,مجمدات,معجنات ومجمدات,puff pastry,,KSA,KSA,,VERY_HIGH,P0,MISSING,,OFFICIAL_LOCAL,Saudi retailer catalogue (Panda/Othaim/Tamimi/Nana) + barcode,,,,,,,,,,,,,NONE,HIGH,,,,,,,,,سنبلة,Sunbulah,تغطية OpenFoodFacts للسوق السعودي ضحلة (١٦٤٩٢ منتجًا إجماليًا، وعمق كل علامة عشرات مقابل مئات فعلية) — تُستخدم للتقاطع بالباركود لا كمصدر أول. المصدر المفضّل: كتالوج المصنّع أو كتالوج التجزئة السعودي.
QGAP-01214,NEEDS_SOURCE,لم يُعثر على مصدر آلي — يحتاج جلبًا من المصنّع أو كتالوج التجزئة,سنبلة كبة مجمدة,Sunbulah frozen kibbeh,سنبلة,Sunbulah,Sunbulah,PACKAGED,مجمدات,معجنات ومجمدات,frozen kibbeh,,KSA,KSA,,VERY_HIGH,P0,MISSING,,OFFICIAL_LOCAL,Saudi retailer catalogue (Panda/Othaim/Tamimi/Nana) + barcode,,,,,,,,,,,,,NONE,HIGH,,,,,,,,,سنبلة,Sunbulah,تغطية OpenFoodFacts للسوق السعودي ضحلة (١٦٤٩٢ منتجًا إجماليًا، وعمق كل علامة عشرات مقابل مئات فعلية) — تُستخدم للتقاطع بالباركود لا كمصدر أول. المصدر المفضّل: كتالوج المصنّع أو كتالوج التجزئة السعودي.
QGAP-01215,NEEDS_HUMAN_REVIEW,الأصل العام موجود في قِمّة — يُحسم بشريًا إن كان المتغيّر يستحق صفًّا مستقلًا,سنبلة بطاطس مقلية مجمدة,Sunbulah frozen french fries,سنبلة,Sunbulah,Sunbulah,PACKAGED,مجمدات,معجنات ومجمدات,frozen french fries,,KSA,KSA,,VERY_HIGH,P0,EXISTS_GENERIC_ONLY,fries · بطاطس مقلية,OFFICIAL_LOCAL,Saudi retailer catalogue (Panda/Othaim/Tamimi/Nana) + barcode,,,,,,,,,,,,,NONE,MEDIUM,,,,,,,,,سنبلة,Sunbulah,تغطية OpenFoodFacts للسوق السعودي ضحلة (١٦٤٩٢ منتجًا إجماليًا، وعمق كل علامة عشرات مقابل مئات فعلية) — تُستخدم للتقاطع بالباركود لا كمصدر أول. المصدر المفضّل: كتالوج المصنّع أو كتالوج التجزئة السعودي.
QGAP-01216,NEEDS_HUMAN_REVIEW,الأصل العام موجود في قِمّة — يُحسم بشريًا إن كان المتغيّر يستحق صفًّا مستقلًا,سنبلة خضار مشكلة مجمدة,Sunbulah frozen mixed vegetables,سنبلة,Sunbulah,Sunbulah,PACKAGED,مجمدات,معجنات ومجمدات,frozen mixed vegetables,,KSA,KSA,YES,VERY_HIGH,P0,EXISTS_GENERIC_ONLY,mixed-vegetables · خضار مشكلة,OPENFOODFACTS_VERIFIED,Open Food Facts — Mixed vegetables,https://world.openfoodfacts.org/product/6281073150180,6281073150180,,لكل 100غ,100,56.0,3.0,9.0,0.3,4.0,5.0,18.0,NONE,MEDIUM,,,,Mixed vegetables,,0.9,,,سنبلة,Sunbulah,تغطية OpenFoodFacts للسوق السعودي ضحلة (١٦٤٩٢ منتجًا إجماليًا، وعمق كل علامة عشرات مقابل مئات فعلية) — تُستخدم للتقاطع بالباركود لا كمصدر أول. المصدر المفضّل: كتالوج المصنّع أو كتالوج التجزئة السعودي.
QGAP-01217,NEEDS_SOURCE,لم يُعثر على مصدر آلي — يحتاج جلبًا من المصنّع أو كتالوج التجزئة,سنبلة بازلاء مجمدة,Sunbulah frozen peas,سنبلة,Sunbulah,Sunbulah,PACKAGED,مجمدات,معجنات ومجمدات,frozen peas,,KSA,KSA,,VERY_HIGH,P0,MISSING,,OFFICIAL_LOCAL,Saudi retailer catalogue (Panda/Othaim/Tamimi/Nana) + barcode,,,,,,,,,,,,,NONE,HIGH,,,,,,,,,سنبلة,Sunbulah,تغطية OpenFoodFacts للسوق السعودي ضحلة (١٦٤٩٢ منتجًا إجماليًا، وعمق كل علامة عشرات مقابل مئات فعلية) — تُستخدم للتقاطع بالباركود لا كمصدر أول. المصدر المفضّل: كتالوج المصنّع أو كتالوج التجزئة السعودي.
QGAP-01218,NEEDS_SOURCE,لم يُعثر على مصدر آلي — يحتاج جلبًا من المصنّع أو كتالوج التجزئة,سنبلة بامية مجمدة,Sunbulah frozen okra,سنبلة,Sunbulah,Sunbulah,PACKAGED,مجمدات,معجنات ومجمدات,frozen okra,,KSA,KSA,,VERY_HIGH,P0,MISSING,,OFFICIAL_LOCAL,Saudi retailer catalogue (Panda/Othaim/Tamimi/Nana) + barcode,,,,,,,,,,,,,NONE,HIGH,,,,,,,,,سنبلة,Sunbulah,تغطية OpenFoodFacts للسوق السعودي ضحلة (١٦٤٩٢ منتجًا إجماليًا، وعمق كل علامة عشرات مقابل مئات فعلية) — تُستخدم للتقاطع بالباركود لا كمصدر أول. المصدر المفضّل: كتالوج المصنّع أو كتالوج التجزئة السعودي.
QGAP-01219,NEEDS_SOURCE,لم يُعثر على مصدر آلي — يحتاج جلبًا من المصنّع أو كتالوج التجزئة,سنبلة فطائر مجمدة,Sunbulah frozen pastries,سنبلة,Sunbulah,Sunbulah,PACKAGED,مجمدات,معجنات ومجمدات,frozen pastries,,KSA,KSA,,VERY_HIGH,P0,MISSING,,OFFICIAL_LOCAL,Saudi retailer catalogue (Panda/Othaim/Tamimi/Nana) + barcode,,,,,,,,,,,,,NONE,HIGH,,,,,,,,,سنبلة,Sunbulah,تغطية OpenFoodFacts للسوق السعودي ضحلة (١٦٤٩٢ منتجًا إجماليًا، وعمق كل علامة عشرات مقابل مئات فعلية) — تُستخدم للتقاطع بالباركود لا كمصدر أول. المصدر المفضّل: كتالوج المصنّع أو كتالوج التجزئة السعودي.
QGAP-01220,READY_FULL,,سنبلة دجاج مجمد,Sunbulah frozen chicken,سنبلة,Sunbulah,Sunbulah,PACKAGED,مجمدات,معجنات ومجمدات,frozen chicken,,KSA,KSA,YES,VERY_HIGH,P0,MISSING,,OPENFOODFACTS_VERIFIED,Open Food Facts — Frozen Chicken Bites,https://world.openfoodfacts.org/product/6281073130694,6281073130694,,لكل 100غ,100,192.0,16.0,14.4,7.7,0.1,1.7,397.0,FULL,MEDIUM,,,,Frozen Chicken Bites,,0.877,,,سنبلة,Sunbulah,تغطية OpenFoodFacts للسوق السعودي ضحلة (١٦٤٩٢ منتجًا إجماليًا، وعمق كل علامة عشرات مقابل مئات فعلية) — تُستخدم للتقاطع بالباركود لا كمصدر أول. المصدر المفضّل: كتالوج المصنّع أو كتالوج التجزئة السعودي.
QGAP-01221,NEEDS_SOURCE,لم يُعثر على مصدر آلي — يحتاج جلبًا من المصنّع أو كتالوج التجزئة,سنبلة برجر لحم مجمد,Sunbulah frozen beef burger,سنبلة,Sunbulah,Sunbulah,PACKAGED,مجمدات,معجنات ومجمدات,frozen beef burger,,KSA,KSA,,VERY_HIGH,P0,MISSING,,OFFICIAL_LOCAL,Saudi retailer catalogue (Panda/Othaim/Tamimi/Nana) + barcode,,,,,,,,,,,,,NONE,HIGH,,,,,,,,,سنبلة,Sunbulah,تغطية OpenFoodFacts للسوق السعودي ضحلة (١٦٤٩٢ منتجًا إجماليًا، وعمق كل علامة عشرات مقابل مئات فعلية) — تُستخدم للتقاطع بالباركود لا كمصدر أول. المصدر المفضّل: كتالوج المصنّع أو كتالوج التجزئة السعودي.
QGAP-01222,NEEDS_HUMAN_REVIEW,الأصل العام موجود في قِمّة — يُحسم بشريًا إن كان المتغيّر يستحق صفًّا مستقلًا,سنبلة نجت دجاج,Sunbulah chicken nuggets,سنبلة,Sunbulah,Sunbulah,PACKAGED,مجمدات,معجنات ومجمدات,chicken nuggets,,KSA,KSA,,VERY_HIGH,P0,EXISTS_GENERIC_ONLY,chicken-nuggets · ناجتس دجاج,OFFICIAL_LOCAL,Saudi retailer catalogue (Panda/Othaim/Tamimi/Nana) + barcode,,,,,,,,,,,,,NONE,MEDIUM,,,,,,,,,سنبلة,Sunbulah,تغطية OpenFoodFacts للسوق السعودي ضحلة (١٦٤٩٢ منتجًا إجماليًا، وعمق كل علامة عشرات مقابل مئات فعلية) — تُستخدم للتقاطع بالباركود لا كمصدر أول. المصدر المفضّل: كتالوج المصنّع أو كتالوج التجزئة السعودي.
QGAP-01223,NEEDS_SOURCE,لم يُعثر على مصدر آلي — يحتاج جلبًا من المصنّع أو كتالوج التجزئة,سنبلة معجنات جبن,Sunbulah cheese pastries,سنبلة,Sunbulah,Sunbulah,PACKAGED,مجمدات,معجنات ومجمدات,cheese pastries,,KSA,KSA,,VERY_HIGH,P0,MISSING,,OFFICIAL_LOCAL,Saudi retailer catalogue (Panda/Othaim/Tamimi/Nana) + barcode,,,,,,,,,,,,,NONE,HIGH,,,,,,,,,سنبلة,Sunbulah,تغطية OpenFoodFacts للسوق السعودي ضحلة (١٦٤٩٢ منتجًا إجماليًا، وعمق كل علامة عشرات مقابل مئات فعلية) — تُستخدم للتقاطع بالباركود لا كمصدر أول. المصدر المفضّل: كتالوج المصنّع أو كتالوج التجزئة السعودي.
QGAP-01224,NEEDS_SOURCE,لم يُعثر على مصدر آلي — يحتاج جلبًا من المصنّع أو كتالوج التجزئة,سنبلة مسحب,Sunbulah chicken strips,سنبلة,Sunbulah,Sunbulah,PACKAGED,مجمدات,معجنات ومجمدات,chicken strips,,KSA,KSA,,VERY_HIGH,P0,MISSING,,OFFICIAL_LOCAL,Saudi retailer catalogue (Panda/Othaim/Tamimi/Nana) + barcode,,,,,,,,,,,,,NONE,HIGH,,,,,,,,,سنبلة,Sunbulah,تغطية OpenFoodFacts للسوق السعودي ضحلة (١٦٤٩٢ منتجًا إجماليًا، وعمق كل علامة عشرات مقابل مئات فعلية) — تُستخدم للتقاطع بالباركود لا كمصدر أول. المصدر المفضّل: كتالوج المصنّع أو كتالوج التجزئة السعودي.
QGAP-01225,NEEDS_SOURCE,لم يُعثر على مصدر آلي — يحتاج جلبًا من المصنّع أو كتالوج التجزئة,الكبير كبة,Al Kabeer kibbeh,الكبير,Al Kabeer,Al Kabeer,PACKAGED,مجمدات,مجمدات,kibbeh,,KSA,KSA,,VERY_HIGH,P0,MISSING,,OFFICIAL_LOCAL,Saudi retailer catalogue (Panda/Othaim/Tamimi/Nana) + barcode,,,,,,,,,,,,,NONE,HIGH,,,,,,,,,الكبير,Al Kabeer,تغطية OpenFoodFacts للسوق السعودي ضحلة (١٦٤٩٢ منتجًا إجماليًا، وعمق كل علامة عشرات مقابل مئات فعلية) — تُستخدم للتقاطع بالباركود لا كمصدر أول. المصدر المفضّل: كتالوج المصنّع أو كتالوج التجزئة السعودي.
QGAP-01226,NEEDS_HUMAN_REVIEW,الأصل العام موجود في قِمّة — يُحسم بشريًا إن كان المتغيّر يستحق صفًّا مستقلًا,الكبير سمبوسة لحم,Al Kabeer meat samosa,الكبير,Al Kabeer,Al Kabeer,PACKAGED,مجمدات,مجمدات,meat samosa,,KSA,KSA,,VERY_HIGH,P0,EXISTS_GENERIC_ONLY,samosa-meat · سمبوسة لحم,OFFICIAL_LOCAL,Saudi retailer catalogue (Panda/Othaim/Tamimi/Nana) + barcode,,,,,,,,,,,,,NONE,MEDIUM,,,,,,,,,الكبير,Al Kabeer,تغطية OpenFoodFacts للسوق السعودي ضحلة (١٦٤٩٢ منتجًا إجماليًا، وعمق كل علامة عشرات مقابل مئات فعلية) — تُستخدم للتقاطع بالباركود لا كمصدر أول. المصدر المفضّل: كتالوج المصنّع أو كتالوج التجزئة السعودي.
QGAP-01227,NEEDS_SOURCE,لم يُعثر على مصدر آلي — يحتاج جلبًا من المصنّع أو كتالوج التجزئة,الكبير سمبوسة خضار,Al Kabeer vegetable samosa,الكبير,Al Kabeer,Al Kabeer,PACKAGED,مجمدات,مجمدات,vegetable samosa,,KSA,KSA,,VERY_HIGH,P0,MISSING,,OFFICIAL_LOCAL,Saudi retailer catalogue (Panda/Othaim/Tamimi/Nana) + barcode,,,,,,,,,,,,,NONE,HIGH,,,,,,,,,الكبير,Al Kabeer,تغطية OpenFoodFacts للسوق السعودي ضحلة (١٦٤٩٢ منتجًا إجماليًا، وعمق كل علامة عشرات مقابل مئات فعلية) — تُستخدم للتقاطع بالباركود لا كمصدر أول. المصدر المفضّل: كتالوج المصنّع أو كتالوج التجزئة السعودي.
QGAP-01228,NEEDS_HUMAN_REVIEW,الأصل العام موجود في قِمّة — يُحسم بشريًا إن كان المتغيّر يستحق صفًّا مستقلًا · بيانات سوق غير سعودي — تُوسم صراحةً ولا تُقدَّم كقيم سعودية,الكبير برجر لحم,Al Kabeer beef burger,الكبير,Al Kabeer,Al Kabeer,PACKAGED,مجمدات,مجمدات,beef burger,,NON_KSA,FOREIGN,NO,VERY_HIGH,P0,EXISTS_GENERIC_ONLY,beef-burger · برجر لحم,OPENFOODFACTS_VERIFIED,Open Food Facts — Beef Burger,https://world.openfoodfacts.org/product/5033712410053,5033712410053,,100 g,100,176.0,18.0,8.7,7.7,0.0,0.4,509.0,NONE,MEDIUM,,,,Beef Burger,Beef Burger,0.88,,,الكبير,Al Kabeer,تغطية OpenFoodFacts للسوق السعودي ضحلة (١٦٤٩٢ منتجًا إجماليًا، وعمق كل علامة عشرات مقابل مئات فعلية) — تُستخدم للتقاطع بالباركود لا كمصدر أول. المصدر المفضّل: كتالوج المصنّع أو كتالوج التجزئة السعودي.
QGAP-01229,NEEDS_HUMAN_REVIEW,الأصل العام موجود في قِمّة — يُحسم بشريًا إن كان المتغيّر يستحق صفًّا مستقلًا,الكبير برجر دجاج,Al Kabeer chicken burger,الكبير,Al Kabeer,Al Kabeer,PACKAGED,مجمدات,مجمدات,chicken burger,,KSA,KSA,YES,VERY_HIGH,P0,EXISTS_GENERIC_ONLY,chicken-burger · برجر دجاج,OPENFOODFACTS_VERIFIED,Open Food Facts — Chicken Burger's,https://world.openfoodfacts.org/product/5033712160033,5033712160033,,100 g,100,185.0,16.0,7.6,10.0,,,,NONE,MEDIUM,,,,Chicken Burger's,,1.148,,,الكبير,Al Kabeer,تغطية OpenFoodFacts للسوق السعودي ضحلة (١٦٤٩٢ منتجًا إجماليًا، وعمق كل علامة عشرات مقابل مئات فعلية) — تُستخدم للتقاطع بالباركود لا كمصدر أول. المصدر المفضّل: كتالوج المصنّع أو كتالوج التجزئة السعودي.
QGAP-01230,NEEDS_HUMAN_REVIEW,الأصل العام موجود في قِمّة — يُحسم بشريًا إن كان المتغيّر يستحق صفًّا مستقلًا,الكبير نجت دجاج,Al Kabeer chicken nuggets,الكبير,Al Kabeer,Al Kabeer,PACKAGED,مجمدات,مجمدات,chicken nuggets,,KSA,KSA,YES,VERY_HIGH,P0,EXISTS_GENERIC_ONLY,chicken-nuggets · ناجتس دجاج,OPENFOODFACTS_VERIFIED,Open Food Facts — Chicken nuggets,https://world.openfoodfacts.org/product/5033712162334,5033712162334,400g,100 g,100,148.0,14.0,18.0,2.0,3.0,4.0,592.0,NONE,MEDIUM,,,,Chicken nuggets,,1.146,,,الكبير,Al Kabeer,تغطية OpenFoodFacts للسوق السعودي ضحلة (١٦٤٩٢ منتجًا إجماليًا، وعمق كل علامة عشرات مقابل مئات فعلية) — تُستخدم للتقاطع بالباركود لا كمصدر أول. المصدر المفضّل: كتالوج المصنّع أو كتالوج التجزئة السعودي.
QGAP-01231,NEEDS_SOURCE,لم يُعثر على مصدر آلي — يحتاج جلبًا من المصنّع أو كتالوج التجزئة,الكبير أصابع سمك,Al Kabeer fish fingers,الكبير,Al Kabeer,Al Kabeer,PACKAGED,مجمدات,مجمدات,fish fingers,,KSA,KSA,,VERY_HIGH,P0,MISSING,,OFFICIAL_LOCAL,Saudi retailer catalogue (Panda/Othaim/Tamimi/Nana) + barcode,,,,,,,,,,,,,NONE,HIGH,,,,,,,,,الكبير,Al Kabeer,تغطية OpenFoodFacts للسوق السعودي ضحلة (١٦٤٩٢ منتجًا إجماليًا، وعمق كل علامة عشرات مقابل مئات فعلية) — تُستخدم للتقاطع بالباركود لا كمصدر أول. المصدر المفضّل: كتالوج المصنّع أو كتالوج التجزئة السعودي.
QGAP-01232,NEEDS_SOURCE,لم يُعثر على مصدر آلي — يحتاج جلبًا من المصنّع أو كتالوج التجزئة,الكبير روبيان مجمد,Al Kabeer frozen shrimp,الكبير,Al Kabeer,Al Kabeer,PACKAGED,مجمدات,مجمدات,frozen shrimp,,KSA,KSA,,VERY_HIGH,P0,MISSING,,OFFICIAL_LOCAL,Saudi retailer catalogue (Panda/Othaim/Tamimi/Nana) + barcode,,,,,,,,,,,,,NONE,HIGH,,,,,,,,,الكبير,Al Kabeer,تغطية OpenFoodFacts للسوق السعودي ضحلة (١٦٤٩٢ منتجًا إجماليًا، وعمق كل علامة عشرات مقابل مئات فعلية) — تُستخدم للتقاطع بالباركود لا كمصدر أول. المصدر المفضّل: كتالوج المصنّع أو كتالوج التجزئة السعودي.
QGAP-01233,NEEDS_SOURCE,لم يُعثر على مصدر آلي — يحتاج جلبًا من المصنّع أو كتالوج التجزئة,الكبير فلافل مجمدة,Al Kabeer frozen falafel,الكبير,Al Kabeer,Al Kabeer,PACKAGED,مجمدات,مجمدات,frozen falafel,,KSA,KSA,,VERY_HIGH,P0,MISSING,,OFFICIAL_LOCAL,Saudi retailer catalogue (Panda/Othaim/Tamimi/Nana) + barcode,,,,,,,,,,,,,NONE,HIGH,,,,,,,,,الكبير,Al Kabeer,تغطية OpenFoodFacts للسوق السعودي ضحلة (١٦٤٩٢ منتجًا إجماليًا، وعمق كل علامة عشرات مقابل مئات فعلية) — تُستخدم للتقاطع بالباركود لا كمصدر أول. المصدر المفضّل: كتالوج المصنّع أو كتالوج التجزئة السعودي.
QGAP-01234,NEEDS_SOURCE,لم يُعثر على مصدر آلي — يحتاج جلبًا من المصنّع أو كتالوج التجزئة,الكبير شاورما مجمدة,Al Kabeer frozen shawarma,الكبير,Al Kabeer,Al Kabeer,PACKAGED,مجمدات,مجمدات,frozen shawarma,,KSA,KSA,,VERY_HIGH,P0,MISSING,,OFFICIAL_LOCAL,Saudi retailer catalogue (Panda/Othaim/Tamimi/Nana) + barcode,,,,,,,,,,,,,NONE,HIGH,,,,,,,,,الكبير,Al Kabeer,تغطية OpenFoodFacts للسوق السعودي ضحلة (١٦٤٩٢ منتجًا إجماليًا، وعمق كل علامة عشرات مقابل مئات فعلية) — تُستخدم للتقاطع بالباركود لا كمصدر أول. المصدر المفضّل: كتالوج المصنّع أو كتالوج التجزئة السعودي.
QGAP-01235,NEEDS_SOURCE,لم يُعثر على مصدر آلي — يحتاج جلبًا من المصنّع أو كتالوج التجزئة,الكبير بيتزا مجمدة,Al Kabeer frozen pizza,الكبير,Al Kabeer,Al Kabeer,PACKAGED,مجمدات,مجمدات,frozen pizza,,KSA,KSA,,VERY_HIGH,P0,MISSING,,OFFICIAL_LOCAL,Saudi retailer catalogue (Panda/Othaim/Tamimi/Nana) + barcode,,,,,,,,,,,,,NONE,HIGH,,,,,,,,,الكبير,Al Kabeer,تغطية OpenFoodFacts للسوق السعودي ضحلة (١٦٤٩٢ منتجًا إجماليًا، وعمق كل علامة عشرات مقابل مئات فعلية) — تُستخدم للتقاطع بالباركود لا كمصدر أول. المصدر المفضّل: كتالوج المصنّع أو كتالوج التجزئة السعودي.
QGAP-01236,NEEDS_SOURCE,لم يُعثر على مصدر آلي — يحتاج جلبًا من المصنّع أو كتالوج التجزئة,الكبير كفتة,Al Kabeer kofta,الكبير,Al Kabeer,Al Kabeer,PACKAGED,مجمدات,مجمدات,kofta,,KSA,KSA,,VERY_HIGH,P0,MISSING,,OFFICIAL_LOCAL,Saudi retailer catalogue (Panda/Othaim/Tamimi/Nana) + barcode,,,,,,,,,,,,,NONE,HIGH,,,,,,,,,الكبير,Al Kabeer,تغطية OpenFoodFacts للسوق السعودي ضحلة (١٦٤٩٢ منتجًا إجماليًا، وعمق كل علامة عشرات مقابل مئات فعلية) — تُستخدم للتقاطع بالباركود لا كمصدر أول. المصدر المفضّل: كتالوج المصنّع أو كتالوج التجزئة السعودي.
QGAP-01237,NEEDS_SOURCE,لم يُعثر على مصدر آلي — يحتاج جلبًا من المصنّع أو كتالوج التجزئة,الكبير دجاج مقرمش,Al Kabeer crispy chicken,الكبير,Al Kabeer,Al Kabeer,PACKAGED,مجمدات,مجمدات,crispy chicken,,KSA,KSA,,VERY_HIGH,P0,MISSING,,OFFICIAL_LOCAL,Saudi retailer catalogue (Panda/Othaim/Tamimi/Nana) + barcode,,,,,,,,,,,,,NONE,HIGH,,,,,,,,,الكبير,Al Kabeer,تغطية OpenFoodFacts للسوق السعودي ضحلة (١٦٤٩٢ منتجًا إجماليًا، وعمق كل علامة عشرات مقابل مئات فعلية) — تُستخدم للتقاطع بالباركود لا كمصدر أول. المصدر المفضّل: كتالوج المصنّع أو كتالوج التجزئة السعودي.
QGAP-01238,NEEDS_HUMAN_REVIEW,الأصل العام موجود في قِمّة — يُحسم بشريًا إن كان المتغيّر يستحق صفًّا مستقلًا,أمريكانا برجر لحم,Americana beef burger,أمريكانا,Americana,Americana,PACKAGED,مجمدات,مجمدات,beef burger,,KSA,KSA,YES,VERY_HIGH,P0,EXISTS_GENERIC_ONLY,beef-burger · برجر لحم,OPENFOODFACTS_VERIFIED,Open Food Facts — Beef burger,https://world.openfoodfacts.org/product/6281050826350,6281050826350,,لكل 100غ,100,210.0,14.0,6.0,15.0,,1.0,,NONE,MEDIUM,,,,Beef burger,,1.1,,,أمريكانا,Americana,تغطية OpenFoodFacts للسوق السعودي ضحلة (١٦٤٩٢ منتجًا إجماليًا، وعمق كل علامة عشرات مقابل مئات فعلية) — تُستخدم للتقاطع بالباركود لا كمصدر أول. المصدر المفضّل: كتالوج المصنّع أو كتالوج التجزئة السعودي.
QGAP-01239,NEEDS_HUMAN_REVIEW,الأصل العام موجود في قِمّة — يُحسم بشريًا إن كان المتغيّر يستحق صفًّا مستقلًا,أمريكانا برجر دجاج,Americana chicken burger,أمريكانا,Americana,Americana,PACKAGED,مجمدات,مجمدات,chicken burger,,KSA,KSA,YES,VERY_HIGH,P0,EXISTS_GENERIC_ONLY,chicken-burger · برجر دجاج,OPENFOODFACTS_VERIFIED,Open Food Facts — Chicken burger,https://world.openfoodfacts.org/product/6281050114273,6281050114273,,لكل 100غ,100,170.0,16.0,5.0,9.0,,1.0,,NONE,MEDIUM,,,,Chicken burger,,1.1,,,أمريكانا,Americana,تغطية OpenFoodFacts للسوق السعودي ضحلة (١٦٤٩٢ منتجًا إجماليًا، وعمق كل علامة عشرات مقابل مئات فعلية) — تُستخدم للتقاطع بالباركود لا كمصدر أول. المصدر المفضّل: كتالوج المصنّع أو كتالوج التجزئة السعودي.
QGAP-01240,NEEDS_HUMAN_REVIEW,الأصل العام موجود في قِمّة — يُحسم بشريًا إن كان المتغيّر يستحق صفًّا مستقلًا,أمريكانا نجت دجاج,Americana chicken nuggets,أمريكانا,Americana,Americana,PACKAGED,مجمدات,مجمدات,chicken nuggets,,KSA,KSA,YES,VERY_HIGH,P0,EXISTS_GENERIC_ONLY,chicken-nuggets · ناجتس دجاج,OPENFOODFACTS_VERIFIED,Open Food Facts — Chicken Nuggets,https://world.openfoodfacts.org/product/6281050114280,6281050114280,,لكل 100غ,100,220.0,16.0,18.0,9.0,,1.0,300.0,NONE,MEDIUM,,,,Chicken Nuggets,,1.1,,,أمريكانا,Americana,تغطية OpenFoodFacts للسوق السعودي ضحلة (١٦٤٩٢ منتجًا إجماليًا، وعمق كل علامة عشرات مقابل مئات فعلية) — تُستخدم للتقاطع بالباركود لا كمصدر أول. المصدر المفضّل: كتالوج المصنّع أو كتالوج التجزئة السعودي.
QGAP-01241,READY_FULL,,أمريكانا ستربس دجاج,Americana chicken strips,أمريكانا,Americana,Americana,PACKAGED,مجمدات,مجمدات,chicken strips,,KSA,KSA,YES,VERY_HIGH,P0,MISSING,,OPENFOODFACTS_VERIFIED,Open Food Facts — Chicken strips,https://world.openfoodfacts.org/product/6281050114891,6281050114891,750g,لكل 100غ,100,200.0,16.0,12.5,9.4,1.0,,651.0,FULL,MEDIUM,,,,Chicken strips,,1.1,,,أمريكانا,Americana,تغطية OpenFoodFacts للسوق السعودي ضحلة (١٦٤٩٢ منتجًا إجماليًا، وعمق كل علامة عشرات مقابل مئات فعلية) — تُستخدم للتقاطع بالباركود لا كمصدر أول. المصدر المفضّل: كتالوج المصنّع أو كتالوج التجزئة السعودي.
QGAP-01242,NEEDS_SOURCE,لم يُعثر على مصدر آلي — يحتاج جلبًا من المصنّع أو كتالوج التجزئة,أمريكانا كبة,Americana kibbeh,أمريكانا,Americana,Americana,PACKAGED,مجمدات,مجمدات,kibbeh,,KSA,KSA,,VERY_HIGH,P0,MISSING,,OFFICIAL_LOCAL,Saudi retailer catalogue (Panda/Othaim/Tamimi/Nana) + barcode,,,,,,,,,,,,,NONE,HIGH,,,,,,,,,أمريكانا,Americana,تغطية OpenFoodFacts للسوق السعودي ضحلة (١٦٤٩٢ منتجًا إجماليًا، وعمق كل علامة عشرات مقابل مئات فعلية) — تُستخدم للتقاطع بالباركود لا كمصدر أول. المصدر المفضّل: كتالوج المصنّع أو كتالوج التجزئة السعودي.
QGAP-01243,NEEDS_SOURCE,لم يُعثر على مصدر آلي — يحتاج جلبًا من المصنّع أو كتالوج التجزئة,أمريكانا سمبوسة,Americana samosa,أمريكانا,Americana,Americana,PACKAGED,مجمدات,مجمدات,samosa,,KSA,KSA,,VERY_HIGH,P0,MISSING,,OFFICIAL_LOCAL,Saudi retailer catalogue (Panda/Othaim/Tamimi/Nana) + barcode,,,,,,,,,,,,,NONE,HIGH,,,,,,,,,أمريكانا,Americana,تغطية OpenFoodFacts للسوق السعودي ضحلة (١٦٤٩٢ منتجًا إجماليًا، وعمق كل علامة عشرات مقابل مئات فعلية) — تُستخدم للتقاطع بالباركود لا كمصدر أول. المصدر المفضّل: كتالوج المصنّع أو كتالوج التجزئة السعودي.
QGAP-01244,READY_FULL,بيانات سوق غير سعودي — تُوسم صراحةً ولا تُقدَّم كقيم سعودية,أمريكانا بيتزا,Americana pizza,أمريكانا,Americana,Americana,PACKAGED,مجمدات,مجمدات,pizza,,NON_KSA,FOREIGN,NO,VERY_HIGH,P0,MISSING,,OPENFOODFACTS_VERIFIED,Open Food Facts — Americana pizza,https://world.openfoodfacts.org/product/6270024002234,6270024002234,,لكل 100غ,100,236.0,11.0,33.0,7.0,1.7,2.0,467.0,FULL,MEDIUM,,,,Americana pizza,,0.85,,,أمريكانا,Americana,تغطية OpenFoodFacts للسوق السعودي ضحلة (١٦٤٩٢ منتجًا إجماليًا، وعمق كل علامة عشرات مقابل مئات فعلية) — تُستخدم للتقاطع بالباركود لا كمصدر أول. المصدر المفضّل: كتالوج المصنّع أو كتالوج التجزئة السعودي.
QGAP-01245,NEEDS_SOURCE,لم يُعثر على مصدر آلي — يحتاج جلبًا من المصنّع أو كتالوج التجزئة,أمريكانا بف باستري,Americana puff pastry,أمريكانا,Americana,Americana,PACKAGED,مجمدات,مجمدات,puff pastry,,KSA,KSA,,VERY_HIGH,P0,MISSING,,OFFICIAL_LOCAL,Saudi retailer catalogue (Panda/Othaim/Tamimi/Nana) + barcode,,,,,,,,,,,,,NONE,HIGH,,,,,,,,,أمريكانا,Americana,تغطية OpenFoodFacts للسوق السعودي ضحلة (١٦٤٩٢ منتجًا إجماليًا، وعمق كل علامة عشرات مقابل مئات فعلية) — تُستخدم للتقاطع بالباركود لا كمصدر أول. المصدر المفضّل: كتالوج المصنّع أو كتالوج التجزئة السعودي.
QGAP-01246,NEEDS_HUMAN_REVIEW,الأصل العام موجود في قِمّة — يُحسم بشريًا إن كان المتغيّر يستحق صفًّا مستقلًا,أمريكانا بطاطس,Americana french fries,أمريكانا,Americana,Americana,PACKAGED,مجمدات,مجمدات,french fries,,KSA,KSA,,VERY_HIGH,P0,EXISTS_GENERIC_ONLY,fries · بطاطس مقلية,OFFICIAL_LOCAL,Saudi retailer catalogue (Panda/Othaim/Tamimi/Nana) + barcode,,,,,,,,,,,,,NONE,MEDIUM,,,,,,,,,أمريكانا,Americana,تغطية OpenFoodFacts للسوق السعودي ضحلة (١٦٤٩٢ منتجًا إجماليًا، وعمق كل علامة عشرات مقابل مئات فعلية) — تُستخدم للتقاطع بالباركود لا كمصدر أول. المصدر المفضّل: كتالوج المصنّع أو كتالوج التجزئة السعودي.
QGAP-01247,NEEDS_SOURCE,لم يُعثر على مصدر آلي — يحتاج جلبًا من المصنّع أو كتالوج التجزئة,أمريكانا هوت دوج,Americana hot dog,أمريكانا,Americana,Americana,PACKAGED,مجمدات,مجمدات,hot dog,,KSA,KSA,,VERY_HIGH,P0,MISSING,,OFFICIAL_LOCAL,Saudi retailer catalogue (Panda/Othaim/Tamimi/Nana) + barcode,,,,,,,,,,,,,NONE,HIGH,,,,,,,,,أمريكانا,Americana,تغطية OpenFoodFacts للسوق السعودي ضحلة (١٦٤٩٢ منتجًا إجماليًا، وعمق كل علامة عشرات مقابل مئات فعلية) — تُستخدم للتقاطع بالباركود لا كمصدر أول. المصدر المفضّل: كتالوج المصنّع أو كتالوج التجزئة السعودي.
QGAP-01248,NEEDS_HUMAN_REVIEW,الأصل العام موجود في قِمّة — يُحسم بشريًا إن كان المتغيّر يستحق صفًّا مستقلًا,أمريكانا مرتديلا,Americana mortadella,أمريكانا,Americana,Americana,PACKAGED,مجمدات,مجمدات,mortadella,,KSA,KSA,,VERY_HIGH,P0,EXISTS_GENERIC_ONLY,gcc-28 · مرتديلا,OFFICIAL_LOCAL,Saudi retailer catalogue (Panda/Othaim/Tamimi/Nana) + barcode,,,,,,,,,,,,,NONE,MEDIUM,,,,,,,,,أمريكانا,Americana,تغطية OpenFoodFacts للسوق السعودي ضحلة (١٦٤٩٢ منتجًا إجماليًا، وعمق كل علامة عشرات مقابل مئات فعلية) — تُستخدم للتقاطع بالباركود لا كمصدر أول. المصدر المفضّل: كتالوج المصنّع أو كتالوج التجزئة السعودي.
QGAP-01249,NEEDS_HUMAN_REVIEW,الأصل العام موجود في قِمّة — يُحسم بشريًا إن كان المتغيّر يستحق صفًّا مستقلًا,أمريكانا لحم مفروم,Americana minced meat,أمريكانا,Americana,Americana,PACKAGED,مجمدات,مجمدات,minced meat,,KSA,KSA,,VERY_HIGH,P0,EXISTS_GENERIC_ONLY,ground-beef · لحم مفروم,OFFICIAL_LOCAL,Saudi retailer catalogue (Panda/Othaim/Tamimi/Nana) + barcode,,,,,,,,,,,,,NONE,MEDIUM,,,,,,,,,أمريكانا,Americana,تغطية OpenFoodFacts للسوق السعودي ضحلة (١٦٤٩٢ منتجًا إجماليًا، وعمق كل علامة عشرات مقابل مئات فعلية) — تُستخدم للتقاطع بالباركود لا كمصدر أول. المصدر المفضّل: كتالوج المصنّع أو كتالوج التجزئة السعودي.
QGAP-01250,NEEDS_SOURCE,لم يُعثر على مصدر آلي — يحتاج جلبًا من المصنّع أو كتالوج التجزئة,أمريكانا فطائر,Americana pastries,أمريكانا,Americana,Americana,PACKAGED,مجمدات,مجمدات,pastries,,KSA,KSA,,VERY_HIGH,P0,MISSING,,OFFICIAL_LOCAL,Saudi retailer catalogue (Panda/Othaim/Tamimi/Nana) + barcode,,,,,,,,,,,,,NONE,HIGH,,,,,,,,,أمريكانا,Americana,تغطية OpenFoodFacts للسوق السعودي ضحلة (١٦٤٩٢ منتجًا إجماليًا، وعمق كل علامة عشرات مقابل مئات فعلية) — تُستخدم للتقاطع بالباركود لا كمصدر أول. المصدر المفضّل: كتالوج المصنّع أو كتالوج التجزئة السعودي.
QGAP-01251,NEEDS_SOURCE,لم يُعثر على مصدر آلي — يحتاج جلبًا من المصنّع أو كتالوج التجزئة,كوكي دجاج كامل مجمد,Koki frozen whole chicken,كوكي,Koki,Koki,PACKAGED,مجمدات,دواجن,frozen whole chicken,,KSA,KSA,,HIGH,P1,MISSING,,OFFICIAL_LOCAL,Saudi retailer catalogue (Panda/Othaim/Tamimi/Nana) + barcode,,,,,,,,,,,,,NONE,HIGH,,,,,,,,,كوكي,Koki,تغطية OpenFoodFacts للسوق السعودي ضحلة (١٦٤٩٢ منتجًا إجماليًا، وعمق كل علامة عشرات مقابل مئات فعلية) — تُستخدم للتقاطع بالباركود لا كمصدر أول. المصدر المفضّل: كتالوج المصنّع أو كتالوج التجزئة السعودي.
QGAP-01252,NEEDS_SOURCE,لم يُعثر على مصدر آلي — يحتاج جلبًا من المصنّع أو كتالوج التجزئة,كوكي قطع دجاج,Koki chicken portions,كوكي,Koki,Koki,PACKAGED,مجمدات,دواجن,chicken portions,,KSA,KSA,,HIGH,P1,MISSING,,OFFICIAL_LOCAL,Saudi retailer catalogue (Panda/Othaim/Tamimi/Nana) + barcode,,,,,,,,,,,,,NONE,HIGH,,,,,,,,,كوكي,Koki,تغطية OpenFoodFacts للسوق السعودي ضحلة (١٦٤٩٢ منتجًا إجماليًا، وعمق كل علامة عشرات مقابل مئات فعلية) — تُستخدم للتقاطع بالباركود لا كمصدر أول. المصدر المفضّل: كتالوج المصنّع أو كتالوج التجزئة السعودي.
QGAP-01253,NEEDS_SOURCE,لم يُعثر على مصدر آلي — يحتاج جلبًا من المصنّع أو كتالوج التجزئة,كوكي نجت,Koki nuggets,كوكي,Koki,Koki,PACKAGED,مجمدات,دواجن,nuggets,,KSA,KSA,,HIGH,P1,MISSING,,OFFICIAL_LOCAL,Saudi retailer catalogue (Panda/Othaim/Tamimi/Nana) + barcode,,,,,,,,,,,,,NONE,HIGH,,,,,,,,,كوكي,Koki,تغطية OpenFoodFacts للسوق السعودي ضحلة (١٦٤٩٢ منتجًا إجماليًا، وعمق كل علامة عشرات مقابل مئات فعلية) — تُستخدم للتقاطع بالباركود لا كمصدر أول. المصدر المفضّل: كتالوج المصنّع أو كتالوج التجزئة السعودي.
QGAP-01254,NEEDS_SOURCE,لم يُعثر على مصدر آلي — يحتاج جلبًا من المصنّع أو كتالوج التجزئة,ساديا دجاج كامل مجمد,Sadia frozen whole chicken,ساديا,Sadia,Sadia,PACKAGED,مجمدات,دواجن,frozen whole chicken,,KSA,UNSPECIFIED,,VERY_HIGH,P1,MISSING,,OFFICIAL_MANUFACTURER,Sadia official product page,,,,,,,,,,,,,NONE,HIGH,,,,,,,,,ساديا,Sadia,تغطية OpenFoodFacts للسوق السعودي ضحلة (١٦٤٩٢ منتجًا إجماليًا، وعمق كل علامة عشرات مقابل مئات فعلية) — تُستخدم للتقاطع بالباركود لا كمصدر أول. المصدر المفضّل: كتالوج المصنّع أو كتالوج التجزئة السعودي.
QGAP-01255,NEEDS_SOURCE,لم يُعثر على مصدر آلي — يحتاج جلبًا من المصنّع أو كتالوج التجزئة,ساديا صدور دجاج مجمدة,Sadia frozen chicken breast,ساديا,Sadia,Sadia,PACKAGED,مجمدات,دواجن,frozen chicken breast,,KSA,UNSPECIFIED,,VERY_HIGH,P1,MISSING,,OFFICIAL_MANUFACTURER,Sadia official product page,,,,,,,,,,,,,NONE,HIGH,,,,,,,,,ساديا,Sadia,تغطية OpenFoodFacts للسوق السعودي ضحلة (١٦٤٩٢ منتجًا إجماليًا، وعمق كل علامة عشرات مقابل مئات فعلية) — تُستخدم للتقاطع بالباركود لا كمصدر أول. المصدر المفضّل: كتالوج المصنّع أو كتالوج التجزئة السعودي.
QGAP-01256,NEEDS_SOURCE,لم يُعثر على مصدر آلي — يحتاج جلبًا من المصنّع أو كتالوج التجزئة,ساديا ستربس دجاج,Sadia chicken strips,ساديا,Sadia,Sadia,PACKAGED,مجمدات,دواجن,chicken strips,,KSA,UNSPECIFIED,,VERY_HIGH,P1,MISSING,,OFFICIAL_MANUFACTURER,Sadia official product page,,,,,,,,,,,,,NONE,HIGH,,,,,,,,,ساديا,Sadia,تغطية OpenFoodFacts للسوق السعودي ضحلة (١٦٤٩٢ منتجًا إجماليًا، وعمق كل علامة عشرات مقابل مئات فعلية) — تُستخدم للتقاطع بالباركود لا كمصدر أول. المصدر المفضّل: كتالوج المصنّع أو كتالوج التجزئة السعودي.
QGAP-01257,NEEDS_SOURCE,لم يُعثر على مصدر آلي — يحتاج جلبًا من المصنّع أو كتالوج التجزئة,ساديا أجنحة دجاج,Sadia chicken wings,ساديا,Sadia,Sadia,PACKAGED,مجمدات,دواجن,chicken wings,,KSA,UNSPECIFIED,,VERY_HIGH,P1,MISSING,,OFFICIAL_MANUFACTURER,Sadia official product page,,,,,,,,,,,,,NONE,HIGH,,,,,,,,,ساديا,Sadia,تغطية OpenFoodFacts للسوق السعودي ضحلة (١٦٤٩٢ منتجًا إجماليًا، وعمق كل علامة عشرات مقابل مئات فعلية) — تُستخدم للتقاطع بالباركود لا كمصدر أول. المصدر المفضّل: كتالوج المصنّع أو كتالوج التجزئة السعودي.
QGAP-01258,NEEDS_SOURCE,لم يُعثر على مصدر آلي — يحتاج جلبًا من المصنّع أو كتالوج التجزئة,ساديا ديك رومي,Sadia turkey,ساديا,Sadia,Sadia,PACKAGED,مجمدات,دواجن,turkey,,KSA,UNSPECIFIED,,VERY_HIGH,P1,MISSING,,OFFICIAL_MANUFACTURER,Sadia official product page,,,,,,,,,,,,,NONE,HIGH,,,,,,,,,ساديا,Sadia,تغطية OpenFoodFacts للسوق السعودي ضحلة (١٦٤٩٢ منتجًا إجماليًا، وعمق كل علامة عشرات مقابل مئات فعلية) — تُستخدم للتقاطع بالباركود لا كمصدر أول. المصدر المفضّل: كتالوج المصنّع أو كتالوج التجزئة السعودي.
QGAP-01259,NEEDS_SOURCE,لم يُعثر على مصدر آلي — يحتاج جلبًا من المصنّع أو كتالوج التجزئة,سيارا دجاج كامل,Seara whole chicken,سيارا,Seara,Seara,PACKAGED,مجمدات,دواجن,whole chicken,,KSA,UNSPECIFIED,,HIGH,P1,MISSING,,OFFICIAL_MANUFACTURER,Seara official product page,,,,,,,,,,,,,NONE,HIGH,,,,,,,,,سيارا,Seara,تغطية OpenFoodFacts للسوق السعودي ضحلة (١٦٤٩٢ منتجًا إجماليًا، وعمق كل علامة عشرات مقابل مئات فعلية) — تُستخدم للتقاطع بالباركود لا كمصدر أول. المصدر المفضّل: كتالوج المصنّع أو كتالوج التجزئة السعودي.
QGAP-01260,NEEDS_HUMAN_REVIEW,مطابقة آلية بدرجة 0.835 دون حدّ القبول — تحتاج تأكيدًا,سيارا نجت,Seara nuggets,سيارا,Seara,Seara,PACKAGED,مجمدات,دواجن,nuggets,,KSA,KSA,YES,HIGH,P1,MISSING,,OPENFOODFACTS_VERIFIED,Open Food Facts — Chicken Nuggets by Seara,https://world.openfoodfacts.org/product/7894904256358,7894904256358,,لكل 100غ,100,190.0,15.0,19.0,6.0,1.0,1.0,510.0,NONE,HIGH,,,,Chicken Nuggets by Seara,,0.835,,,سيارا,Seara,تغطية OpenFoodFacts للسوق السعودي ضحلة (١٦٤٩٢ منتجًا إجماليًا، وعمق كل علامة عشرات مقابل مئات فعلية) — تُستخدم للتقاطع بالباركود لا كمصدر أول. المصدر المفضّل: كتالوج المصنّع أو كتالوج التجزئة السعودي.
QGAP-01261,NEEDS_SOURCE,لم يُعثر على مصدر آلي — يحتاج جلبًا من المصنّع أو كتالوج التجزئة,سيارا ستربس,Seara strips,سيارا,Seara,Seara,PACKAGED,مجمدات,دواجن,strips,,KSA,UNSPECIFIED,,HIGH,P1,MISSING,,OFFICIAL_MANUFACTURER,Seara official product page,,,,,,,,,,,,,NONE,HIGH,,,,,,,,,سيارا,Seara,تغطية OpenFoodFacts للسوق السعودي ضحلة (١٦٤٩٢ منتجًا إجماليًا، وعمق كل علامة عشرات مقابل مئات فعلية) — تُستخدم للتقاطع بالباركود لا كمصدر أول. المصدر المفضّل: كتالوج المصنّع أو كتالوج التجزئة السعودي.
QGAP-01262,NEEDS_SOURCE,لم يُعثر على مصدر آلي — يحتاج جلبًا من المصنّع أو كتالوج التجزئة,الوطنية دجاج طازج كامل,Alwatania Poultry fresh whole chicken,الوطنية,Alwatania Poultry,Alwatania Poultry,PACKAGED,مجمدات,دواجن,fresh whole chicken,,KSA,KSA,,VERY_HIGH,P1,MISSING,,OFFICIAL_LOCAL,Saudi retailer catalogue (Panda/Othaim/Tamimi/Nana) + barcode,,,,,,,,,,,,,NONE,HIGH,,,,,,,,,الوطنية,Alwatania Poultry,تغطية OpenFoodFacts للسوق السعودي ضحلة (١٦٤٩٢ منتجًا إجماليًا، وعمق كل علامة عشرات مقابل مئات فعلية) — تُستخدم للتقاطع بالباركود لا كمصدر أول. المصدر المفضّل: كتالوج المصنّع أو كتالوج التجزئة السعودي.
QGAP-01263,NEEDS_SOURCE,لم يُعثر على مصدر آلي — يحتاج جلبًا من المصنّع أو كتالوج التجزئة,الوطنية صدور دجاج,Alwatania Poultry chicken breast,الوطنية,Alwatania Poultry,Alwatania Poultry,PACKAGED,مجمدات,دواجن,chicken breast,,KSA,KSA,,VERY_HIGH,P1,MISSING,,OFFICIAL_LOCAL,Saudi retailer catalogue (Panda/Othaim/Tamimi/Nana) + barcode,,,,,,,,,,,,,NONE,HIGH,,,,,,,,,الوطنية,Alwatania Poultry,تغطية OpenFoodFacts للسوق السعودي ضحلة (١٦٤٩٢ منتجًا إجماليًا، وعمق كل علامة عشرات مقابل مئات فعلية) — تُستخدم للتقاطع بالباركود لا كمصدر أول. المصدر المفضّل: كتالوج المصنّع أو كتالوج التجزئة السعودي.
QGAP-01264,NEEDS_SOURCE,لم يُعثر على مصدر آلي — يحتاج جلبًا من المصنّع أو كتالوج التجزئة,الوطنية أفخاذ دجاج,Alwatania Poultry chicken thighs,الوطنية,Alwatania Poultry,Alwatania Poultry,PACKAGED,مجمدات,دواجن,chicken thighs,,KSA,KSA,,VERY_HIGH,P1,MISSING,,OFFICIAL_LOCAL,Saudi retailer catalogue (Panda/Othaim/Tamimi/Nana) + barcode,,,,,,,,,,,,,NONE,HIGH,,,,,,,,,الوطنية,Alwatania Poultry,تغطية OpenFoodFacts للسوق السعودي ضحلة (١٦٤٩٢ منتجًا إجماليًا، وعمق كل علامة عشرات مقابل مئات فعلية) — تُستخدم للتقاطع بالباركود لا كمصدر أول. المصدر المفضّل: كتالوج المصنّع أو كتالوج التجزئة السعودي.
QGAP-01265,NEEDS_HUMAN_REVIEW,الأصل العام موجود في قِمّة — يُحسم بشريًا إن كان المتغيّر يستحق صفًّا مستقلًا,الوطنية دجاج مفروم,Alwatania Poultry minced chicken,الوطنية,Alwatania Poultry,Alwatania Poultry,PACKAGED,مجمدات,دواجن,minced chicken,,KSA,KSA,,VERY_HIGH,P1,EXISTS_GENERIC_ONLY,chicken-mince · دجاج مفروم,OFFICIAL_LOCAL,Saudi retailer catalogue (Panda/Othaim/Tamimi/Nana) + barcode,,,,,,,,,,,,,NONE,MEDIUM,,,,,,,,,الوطنية,Alwatania Poultry,تغطية OpenFoodFacts للسوق السعودي ضحلة (١٦٤٩٢ منتجًا إجماليًا، وعمق كل علامة عشرات مقابل مئات فعلية) — تُستخدم للتقاطع بالباركود لا كمصدر أول. المصدر المفضّل: كتالوج المصنّع أو كتالوج التجزئة السعودي.
QGAP-01266,READY_FULL,,تنمية دجاج طازج,Tanmiah fresh chicken,تنمية,Tanmiah,Tanmiah,PACKAGED,مجمدات,دواجن,fresh chicken,,KSA,KSA,YES,HIGH,P1,MISSING,,OPENFOODFACTS_VERIFIED,Open Food Facts — Fresh Chicken Heart,https://world.openfoodfacts.org/product/6281028008214,6281028008214,,1 portion (100 g),100,119.0,13.0,0.0,8.0,0.0,0.0,46.0,FULL,MEDIUM,,,,Fresh Chicken Heart,,0.914,,,تنمية,Tanmiah,تغطية OpenFoodFacts للسوق السعودي ضحلة (١٦٤٩٢ منتجًا إجماليًا، وعمق كل علامة عشرات مقابل مئات فعلية) — تُستخدم للتقاطع بالباركود لا كمصدر أول. المصدر المفضّل: كتالوج المصنّع أو كتالوج التجزئة السعودي.
QGAP-01267,READY_FULL,,تنمية صدور دجاج,Tanmiah chicken breast,تنمية,Tanmiah,Tanmiah,PACKAGED,مجمدات,دواجن,chicken breast,,KSA,KSA,YES,HIGH,P1,MISSING,,OPENFOODFACTS_VERIFIED,Open Food Facts — Chicken Breast,https://world.openfoodfacts.org/product/6281040044016,6281040044016,,1 portion (100 g),100,103.0,24.0,0.0,1.0,,,73.0,FULL,MEDIUM,,,,Chicken Breast,,1.138,,,تنمية,Tanmiah,تغطية OpenFoodFacts للسوق السعودي ضحلة (١٦٤٩٢ منتجًا إجماليًا، وعمق كل علامة عشرات مقابل مئات فعلية) — تُستخدم للتقاطع بالباركود لا كمصدر أول. المصدر المفضّل: كتالوج المصنّع أو كتالوج التجزئة السعودي.
QGAP-01268,NEEDS_SOURCE,لم يُعثر على مصدر آلي — يحتاج جلبًا من المصنّع أو كتالوج التجزئة,تنمية نجت,Tanmiah nuggets,تنمية,Tanmiah,Tanmiah,PACKAGED,مجمدات,دواجن,nuggets,,KSA,KSA,,HIGH,P1,MISSING,,OFFICIAL_LOCAL,Saudi retailer catalogue (Panda/Othaim/Tamimi/Nana) + barcode,,,,,,,,,,,,,NONE,HIGH,,,,,,,,,تنمية,Tanmiah,تغطية OpenFoodFacts للسوق السعودي ضحلة (١٦٤٩٢ منتجًا إجماليًا، وعمق كل علامة عشرات مقابل مئات فعلية) — تُستخدم للتقاطع بالباركود لا كمصدر أول. المصدر المفضّل: كتالوج المصنّع أو كتالوج التجزئة السعودي.
QGAP-01269,NEEDS_HUMAN_REVIEW,الأصل العام موجود في قِمّة — يُحسم بشريًا إن كان المتغيّر يستحق صفًّا مستقلًا,تنمية برجر دجاج,Tanmiah chicken burger,تنمية,Tanmiah,Tanmiah,PACKAGED,مجمدات,دواجن,chicken burger,,KSA,KSA,,HIGH,P1,EXISTS_GENERIC_ONLY,chicken-burger · برجر دجاج,OFFICIAL_LOCAL,Saudi retailer catalogue (Panda/Othaim/Tamimi/Nana) + barcode,,,,,,,,,,,,,NONE,MEDIUM,,,,,,,,,تنمية,Tanmiah,تغطية OpenFoodFacts للسوق السعودي ضحلة (١٦٤٩٢ منتجًا إجماليًا، وعمق كل علامة عشرات مقابل مئات فعلية) — تُستخدم للتقاطع بالباركود لا كمصدر أول. المصدر المفضّل: كتالوج المصنّع أو كتالوج التجزئة السعودي.
QGAP-01270,NEEDS_SOURCE,لم يُعثر على مصدر آلي — يحتاج جلبًا من المصنّع أو كتالوج التجزئة,الفقيه دجاج طازج,Al Fakieh fresh chicken,الفقيه,Al Fakieh,Al Fakieh,PACKAGED,مجمدات,دواجن,fresh chicken,,KSA,KSA,,HIGH,P2,MISSING,,OFFICIAL_LOCAL,Saudi retailer catalogue (Panda/Othaim/Tamimi/Nana) + barcode,,,,,,,,,,,,,NONE,HIGH,,,,,,,,,الفقيه,Al Fakieh,تغطية OpenFoodFacts للسوق السعودي ضحلة (١٦٤٩٢ منتجًا إجماليًا، وعمق كل علامة عشرات مقابل مئات فعلية) — تُستخدم للتقاطع بالباركود لا كمصدر أول. المصدر المفضّل: كتالوج المصنّع أو كتالوج التجزئة السعودي.
QGAP-01271,NEEDS_SOURCE,لم يُعثر على مصدر آلي — يحتاج جلبًا من المصنّع أو كتالوج التجزئة,الفقيه صدور دجاج,Al Fakieh chicken breast,الفقيه,Al Fakieh,Al Fakieh,PACKAGED,مجمدات,دواجن,chicken breast,,KSA,KSA,,HIGH,P2,MISSING,,OFFICIAL_LOCAL,Saudi retailer catalogue (Panda/Othaim/Tamimi/Nana) + barcode,,,,,,,,,,,,,NONE,HIGH,,,,,,,,,الفقيه,Al Fakieh,تغطية OpenFoodFacts للسوق السعودي ضحلة (١٦٤٩٢ منتجًا إجماليًا، وعمق كل علامة عشرات مقابل مئات فعلية) — تُستخدم للتقاطع بالباركود لا كمصدر أول. المصدر المفضّل: كتالوج المصنّع أو كتالوج التجزئة السعودي.
QGAP-01272,NEEDS_SOURCE,لم يُعثر على مصدر آلي — يحتاج جلبًا من المصنّع أو كتالوج التجزئة,إمبورج خضار مجمدة,Emborg frozen vegetables,إمبورج,Emborg,Emborg,PACKAGED,مجمدات,مجمدات,frozen vegetables,,KSA,UNSPECIFIED,,MEDIUM,P2,MISSING,,OFFICIAL_MANUFACTURER,Emborg official product page,,,,,,,,,,,,,NONE,HIGH,,,,,,,,,إمبورج,Emborg,تغطية OpenFoodFacts للسوق السعودي ضحلة (١٦٤٩٢ منتجًا إجماليًا، وعمق كل علامة عشرات مقابل مئات فعلية) — تُستخدم للتقاطع بالباركود لا كمصدر أول. المصدر المفضّل: كتالوج المصنّع أو كتالوج التجزئة السعودي.
QGAP-01273,NEEDS_SOURCE,لم يُعثر على مصدر آلي — يحتاج جلبًا من المصنّع أو كتالوج التجزئة,إمبورج بطاطس,Emborg fries,إمبورج,Emborg,Emborg,PACKAGED,مجمدات,مجمدات,fries,,KSA,UNSPECIFIED,,MEDIUM,P2,MISSING,,OFFICIAL_MANUFACTURER,Emborg official product page,,,,,,,,,,,,,NONE,HIGH,,,,,,,,,إمبورج,Emborg,تغطية OpenFoodFacts للسوق السعودي ضحلة (١٦٤٩٢ منتجًا إجماليًا، وعمق كل علامة عشرات مقابل مئات فعلية) — تُستخدم للتقاطع بالباركود لا كمصدر أول. المصدر المفضّل: كتالوج المصنّع أو كتالوج التجزئة السعودي.
QGAP-01274,NEEDS_HUMAN_REVIEW,الأصل العام موجود في قِمّة — يُحسم بشريًا إن كان المتغيّر يستحق صفًّا مستقلًا,إمبورج زبدة,Emborg butter,إمبورج,Emborg,Emborg,PACKAGED,مجمدات,مجمدات,butter,,KSA,UNSPECIFIED,,MEDIUM,P2,EXISTS_GENERIC_ONLY,butter · زبدة,OFFICIAL_MANUFACTURER,Emborg official product page,,,,,,,,,,,,,NONE,MEDIUM,,,,,,,,,إمبورج,Emborg,تغطية OpenFoodFacts للسوق السعودي ضحلة (١٦٤٩٢ منتجًا إجماليًا، وعمق كل علامة عشرات مقابل مئات فعلية) — تُستخدم للتقاطع بالباركود لا كمصدر أول. المصدر المفضّل: كتالوج المصنّع أو كتالوج التجزئة السعودي.
QGAP-01275,NEEDS_SOURCE,لم يُعثر على مصدر آلي — يحتاج جلبًا من المصنّع أو كتالوج التجزئة,إمبورج جبن,Emborg cheese,إمبورج,Emborg,Emborg,PACKAGED,مجمدات,مجمدات,cheese,,KSA,UNSPECIFIED,,MEDIUM,P2,MISSING,,OFFICIAL_MANUFACTURER,Emborg official product page,,,,,,,,,,,,,NONE,HIGH,,,,,,,,,إمبورج,Emborg,تغطية OpenFoodFacts للسوق السعودي ضحلة (١٦٤٩٢ منتجًا إجماليًا، وعمق كل علامة عشرات مقابل مئات فعلية) — تُستخدم للتقاطع بالباركود لا كمصدر أول. المصدر المفضّل: كتالوج المصنّع أو كتالوج التجزئة السعودي.
QGAP-01276,READY_FULL,,أبو كاس أرز بسمتي,Abu Kass basmati rice,أبو كاس,Abu Kass,Abu Kass,PACKAGED,حبوب,أرز,basmati rice,,KSA,KSA,YES,VERY_HIGH,P1,MISSING,,OPENFOODFACTS_VERIFIED,Open Food Facts — Basmati Rice,https://world.openfoodfacts.org/product/6281100412137,6281100412137,,100 g,100,359.0,7.17,79.49,0.71,,,,FULL,MEDIUM,,,,Basmati Rice,Basmati rice,1.167,,,أبو كاس,Abu Kass,تغطية OpenFoodFacts للسوق السعودي ضحلة (١٦٤٩٢ منتجًا إجماليًا، وعمق كل علامة عشرات مقابل مئات فعلية) — تُستخدم للتقاطع بالباركود لا كمصدر أول. المصدر المفضّل: كتالوج المصنّع أو كتالوج التجزئة السعودي.
QGAP-01277,NEEDS_SOURCE,لم يُعثر على مصدر آلي — يحتاج جلبًا من المصنّع أو كتالوج التجزئة,أبو كاس أرز مزة,Abu Kass mazza rice,أبو كاس,Abu Kass,Abu Kass,PACKAGED,حبوب,أرز,mazza rice,,KSA,KSA,,VERY_HIGH,P1,MISSING,,OFFICIAL_LOCAL,Saudi retailer catalogue (Panda/Othaim/Tamimi/Nana) + barcode,,,,,,,,,,,,,NONE,HIGH,,,,,,,,,أبو كاس,Abu Kass,تغطية OpenFoodFacts للسوق السعودي ضحلة (١٦٤٩٢ منتجًا إجماليًا، وعمق كل علامة عشرات مقابل مئات فعلية) — تُستخدم للتقاطع بالباركود لا كمصدر أول. المصدر المفضّل: كتالوج المصنّع أو كتالوج التجزئة السعودي.
QGAP-01278,NEEDS_HUMAN_REVIEW,مطابقة آلية بدرجة 0.752 دون حدّ القبول — تحتاج تأكيدًا,أبو كاس أرز سيلا,Abu Kass sella rice,أبو كاس,Abu Kass,Abu Kass,PACKAGED,حبوب,أرز,sella rice,,KSA,KSA,YES,VERY_HIGH,P1,MISSING,,OPENFOODFACTS_VERIFIED,Open Food Facts — Indian sella Basmati Rice,https://world.openfoodfacts.org/product/6281100410072,6281100410072,5 kg,لكل 100غ,100,349.0,7.4,79.49,0.61,,0.0,,NONE,HIGH,,,,Indian sella Basmati Rice,,0.752,,,أبو كاس,Abu Kass,تغطية OpenFoodFacts للسوق السعودي ضحلة (١٦٤٩٢ منتجًا إجماليًا، وعمق كل علامة عشرات مقابل مئات فعلية) — تُستخدم للتقاطع بالباركود لا كمصدر أول. المصدر المفضّل: كتالوج المصنّع أو كتالوج التجزئة السعودي.
QGAP-01279,NEEDS_SOURCE,لم يُعثر على مصدر آلي — يحتاج جلبًا من المصنّع أو كتالوج التجزئة,الشعلان أرز بسمتي,Al Shalan basmati rice,الشعلان,Al Shalan,Al Shalan,PACKAGED,حبوب,أرز,basmati rice,,KSA,KSA,,HIGH,P2,MISSING,,OFFICIAL_LOCAL,Saudi retailer catalogue (Panda/Othaim/Tamimi/Nana) + barcode,,,,,,,,,,,,,NONE,HIGH,,,,,,,,,الشعلان,Al Shalan,تغطية OpenFoodFacts للسوق السعودي ضحلة (١٦٤٩٢ منتجًا إجماليًا، وعمق كل علامة عشرات مقابل مئات فعلية) — تُستخدم للتقاطع بالباركود لا كمصدر أول. المصدر المفضّل: كتالوج المصنّع أو كتالوج التجزئة السعودي.
QGAP-01280,READY_FULL,بيانات سوق غير سعودي — تُوسم صراحةً ولا تُقدَّم كقيم سعودية,محمود أرز بسمتي,Mahmood basmati rice,محمود,Mahmood,Mahmood,PACKAGED,حبوب,أرز,basmati rice,,NON_KSA,FOREIGN,NO,HIGH,P2,MISSING,,OPENFOODFACTS_VERIFIED,Open Food Facts — Mahmood Rice Basmati,https://world.openfoodfacts.org/product/8680417214218,8680417214218,9 kg,لكل 100غ,100,354.0,8.6,78.0,0.0,,0.0,0.0,FULL,MEDIUM,,,,Mahmood Rice Basmati,,0.895,,,محمود,Mahmood,تغطية OpenFoodFacts للسوق السعودي ضحلة (١٦٤٩٢ منتجًا إجماليًا، وعمق كل علامة عشرات مقابل مئات فعلية) — تُستخدم للتقاطع بالباركود لا كمصدر أول. المصدر المفضّل: كتالوج المصنّع أو كتالوج التجزئة السعودي.
QGAP-01281,NEEDS_HUMAN_REVIEW,مطابقة آلية بدرجة 0.725 دون حدّ القبول — تحتاج تأكيدًا,عافية زيت دوار الشمس,Afia sunflower oil,عافية,Afia,Afia,PACKAGED,دهون,زيوت,sunflower oil,,KSA,KSA,YES,VERY_HIGH,P1,MISSING,,OPENFOODFACTS_VERIFIED,Open Food Facts — Light Tuna In Sunflower Oil,https://world.openfoodfacts.org/product/6281011633324,6281011633324,,65 g,100,329.23,33.85,0.0,21.54,,,,NONE,HIGH,,,,Light Tuna In Sunflower Oil,,0.725,,,عافية,Afia,تغطية OpenFoodFacts للسوق السعودي ضحلة (١٦٤٩٢ منتجًا إجماليًا، وعمق كل علامة عشرات مقابل مئات فعلية) — تُستخدم للتقاطع بالباركود لا كمصدر أول. المصدر المفضّل: كتالوج المصنّع أو كتالوج التجزئة السعودي.
QGAP-01282,READY_FULL,,عافية زيت ذرة,Afia corn oil,عافية,Afia,Afia,PACKAGED,دهون,زيوت,corn oil,,KSA,KSA,YES,VERY_HIGH,P1,MISSING,,OPENFOODFACTS_VERIFIED,Open Food Facts — Pure corn oil,https://world.openfoodfacts.org/product/6281011111457,6281011111457,750ml,لكل 100غ,100,900.0,0.0,0.0,100.0,5.0,0.0,0.0,FULL,MEDIUM,,,,Pure corn oil,,0.934,,,عافية,Afia,تغطية OpenFoodFacts للسوق السعودي ضحلة (١٦٤٩٢ منتجًا إجماليًا، وعمق كل علامة عشرات مقابل مئات فعلية) — تُستخدم للتقاطع بالباركود لا كمصدر أول. المصدر المفضّل: كتالوج المصنّع أو كتالوج التجزئة السعودي.
QGAP-01283,NEEDS_SOURCE,لم يُعثر على مصدر آلي — يحتاج جلبًا من المصنّع أو كتالوج التجزئة,عافية زيت نباتي,Afia vegetable oil,عافية,Afia,Afia,PACKAGED,دهون,زيوت,vegetable oil,,KSA,UNSPECIFIED,,VERY_HIGH,P1,MISSING,,OFFICIAL_MANUFACTURER,Afia official product page,,,,,,,,,,,,,NONE,HIGH,,,,,,,,,عافية,Afia,تغطية OpenFoodFacts للسوق السعودي ضحلة (١٦٤٩٢ منتجًا إجماليًا، وعمق كل علامة عشرات مقابل مئات فعلية) — تُستخدم للتقاطع بالباركود لا كمصدر أول. المصدر المفضّل: كتالوج المصنّع أو كتالوج التجزئة السعودي.
QGAP-01284,NEEDS_HUMAN_REVIEW,الأصل العام موجود في قِمّة — يُحسم بشريًا إن كان المتغيّر يستحق صفًّا مستقلًا,عافية زيت زيتون,Afia olive oil,عافية,Afia,Afia,PACKAGED,دهون,زيوت,olive oil,,KSA,UNSPECIFIED,,VERY_HIGH,P1,EXISTS_GENERIC_ONLY,olive-oil · زيت زيتون,OFFICIAL_MANUFACTURER,Afia official product page,,,,,,,,,,,,,NONE,MEDIUM,,,,,,,,,عافية,Afia,تغطية OpenFoodFacts للسوق السعودي ضحلة (١٦٤٩٢ منتجًا إجماليًا، وعمق كل علامة عشرات مقابل مئات فعلية) — تُستخدم للتقاطع بالباركود لا كمصدر أول. المصدر المفضّل: كتالوج المصنّع أو كتالوج التجزئة السعودي.
QGAP-01285,NEEDS_SOURCE,لم يُعثر على مصدر آلي — يحتاج جلبًا من المصنّع أو كتالوج التجزئة,عافية زيت كانولا,Afia canola oil,عافية,Afia,Afia,PACKAGED,دهون,زيوت,canola oil,,KSA,UNSPECIFIED,,VERY_HIGH,P1,MISSING,,OFFICIAL_MANUFACTURER,Afia official product page,,,,,,,,,,,,,NONE,HIGH,,,,,,,,,عافية,Afia,تغطية OpenFoodFacts للسوق السعودي ضحلة (١٦٤٩٢ منتجًا إجماليًا، وعمق كل علامة عشرات مقابل مئات فعلية) — تُستخدم للتقاطع بالباركود لا كمصدر أول. المصدر المفضّل: كتالوج المصنّع أو كتالوج التجزئة السعودي.
QGAP-01286,NEEDS_SOURCE,لم يُعثر على مصدر آلي — يحتاج جلبًا من المصنّع أو كتالوج التجزئة,نور زيت نباتي,Noor vegetable oil,نور,Noor,Noor,PACKAGED,دهون,زيوت,vegetable oil,,KSA,KSA,,HIGH,P2,MISSING,,OFFICIAL_LOCAL,Saudi retailer catalogue (Panda/Othaim/Tamimi/Nana) + barcode,,,,,,,,,,,,,NONE,HIGH,,,,,,,,,نور,Noor,تغطية OpenFoodFacts للسوق السعودي ضحلة (١٦٤٩٢ منتجًا إجماليًا، وعمق كل علامة عشرات مقابل مئات فعلية) — تُستخدم للتقاطع بالباركود لا كمصدر أول. المصدر المفضّل: كتالوج المصنّع أو كتالوج التجزئة السعودي.
QGAP-01287,NEEDS_SOURCE,لم يُعثر على مصدر آلي — يحتاج جلبًا من المصنّع أو كتالوج التجزئة,نور زيت دوار الشمس,Noor sunflower oil,نور,Noor,Noor,PACKAGED,دهون,زيوت,sunflower oil,,KSA,KSA,,HIGH,P2,MISSING,,OFFICIAL_LOCAL,Saudi retailer catalogue (Panda/Othaim/Tamimi/Nana) + barcode,,,,,,,,,,,,,NONE,HIGH,,,,,,,,,نور,Noor,تغطية OpenFoodFacts للسوق السعودي ضحلة (١٦٤٩٢ منتجًا إجماليًا، وعمق كل علامة عشرات مقابل مئات فعلية) — تُستخدم للتقاطع بالباركود لا كمصدر أول. المصدر المفضّل: كتالوج المصنّع أو كتالوج التجزئة السعودي.
QGAP-01288,NEEDS_SOURCE,لم يُعثر على مصدر آلي — يحتاج جلبًا من المصنّع أو كتالوج التجزئة,العربي زيت نباتي,Al Arabi vegetable oil,العربي,Al Arabi,Al Arabi,PACKAGED,دهون,زيوت,vegetable oil,,KSA,KSA,,HIGH,P2,MISSING,,OFFICIAL_LOCAL,Saudi retailer catalogue (Panda/Othaim/Tamimi/Nana) + barcode,,,,,,,,,,,,,NONE,HIGH,,,,,,,,,العربي,Al Arabi,تغطية OpenFoodFacts للسوق السعودي ضحلة (١٦٤٩٢ منتجًا إجماليًا، وعمق كل علامة عشرات مقابل مئات فعلية) — تُستخدم للتقاطع بالباركود لا كمصدر أول. المصدر المفضّل: كتالوج المصنّع أو كتالوج التجزئة السعودي.
QGAP-01289,NEEDS_SOURCE,لم يُعثر على مصدر آلي — يحتاج جلبًا من المصنّع أو كتالوج التجزئة,العربي زيت ذرة,Al Arabi corn oil,العربي,Al Arabi,Al Arabi,PACKAGED,دهون,زيوت,corn oil,,KSA,KSA,,HIGH,P2,MISSING,,OFFICIAL_LOCAL,Saudi retailer catalogue (Panda/Othaim/Tamimi/Nana) + barcode,,,,,,,,,,,,,NONE,HIGH,,,,,,,,,العربي,Al Arabi,تغطية OpenFoodFacts للسوق السعودي ضحلة (١٦٤٩٢ منتجًا إجماليًا، وعمق كل علامة عشرات مقابل مئات فعلية) — تُستخدم للتقاطع بالباركود لا كمصدر أول. المصدر المفضّل: كتالوج المصنّع أو كتالوج التجزئة السعودي.
QGAP-01290,NEEDS_HUMAN_REVIEW,الأصل العام موجود في قِمّة — يُحسم بشريًا إن كان المتغيّر يستحق صفًّا مستقلًا,العلالي فول مدمس,Al Alali foul mudammas,العلالي,Al Alali,Al Alali,PACKAGED,أطعمة معلبة,معلبات,foul mudammas,,KSA,KSA,,VERY_HIGH,P1,EXISTS_GENERIC_ONLY,foul-mudammas · فول مدمس,OFFICIAL_LOCAL,Saudi retailer catalogue (Panda/Othaim/Tamimi/Nana) + barcode,,,,,,,,,,,,,NONE,MEDIUM,,,,,,,,,العلالي,Al Alali,تغطية OpenFoodFacts للسوق السعودي ضحلة (١٦٤٩٢ منتجًا إجماليًا، وعمق كل علامة عشرات مقابل مئات فعلية) — تُستخدم للتقاطع بالباركود لا كمصدر أول. المصدر المفضّل: كتالوج المصنّع أو كتالوج التجزئة السعودي.
QGAP-01291,NEEDS_SOURCE,لم يُعثر على مصدر آلي — يحتاج جلبًا من المصنّع أو كتالوج التجزئة,العلالي حمص,Al Alali chickpeas,العلالي,Al Alali,Al Alali,PACKAGED,أطعمة معلبة,معلبات,chickpeas,,KSA,KSA,,VERY_HIGH,P1,MISSING,,OFFICIAL_LOCAL,Saudi retailer catalogue (Panda/Othaim/Tamimi/Nana) + barcode,,,,,,,,,,,,,NONE,HIGH,,,,,,,,,العلالي,Al Alali,تغطية OpenFoodFacts للسوق السعودي ضحلة (١٦٤٩٢ منتجًا إجماليًا، وعمق كل علامة عشرات مقابل مئات فعلية) — تُستخدم للتقاطع بالباركود لا كمصدر أول. المصدر المفضّل: كتالوج المصنّع أو كتالوج التجزئة السعودي.
QGAP-01292,NEEDS_HUMAN_REVIEW,الأصل العام موجود في قِمّة — يُحسم بشريًا إن كان المتغيّر يستحق صفًّا مستقلًا,العلالي ذرة حلوة,Al Alali sweet corn,العلالي,Al Alali,Al Alali,PACKAGED,أطعمة معلبة,معلبات,sweet corn,,KSA,KSA,,VERY_HIGH,P1,EXISTS_GENERIC_ONLY,corn · ذرة,OFFICIAL_LOCAL,Saudi retailer catalogue (Panda/Othaim/Tamimi/Nana) + barcode,,,,,,,,,,,,,NONE,MEDIUM,,,,,,,,,العلالي,Al Alali,تغطية OpenFoodFacts للسوق السعودي ضحلة (١٦٤٩٢ منتجًا إجماليًا، وعمق كل علامة عشرات مقابل مئات فعلية) — تُستخدم للتقاطع بالباركود لا كمصدر أول. المصدر المفضّل: كتالوج المصنّع أو كتالوج التجزئة السعودي.
QGAP-01293,NEEDS_HUMAN_REVIEW,الأصل العام موجود في قِمّة — يُحسم بشريًا إن كان المتغيّر يستحق صفًّا مستقلًا,العلالي فاصوليا,Al Alali beans,العلالي,Al Alali,Al Alali,PACKAGED,أطعمة معلبة,معلبات,beans,,KSA,KSA,,VERY_HIGH,P1,EXISTS_GENERIC_ONLY,beans-white · فاصوليا,OFFICIAL_LOCAL,Saudi retailer catalogue (Panda/Othaim/Tamimi/Nana) + barcode,,,,,,,,,,,,,NONE,MEDIUM,,,,,,,,,العلالي,Al Alali,تغطية OpenFoodFacts للسوق السعودي ضحلة (١٦٤٩٢ منتجًا إجماليًا، وعمق كل علامة عشرات مقابل مئات فعلية) — تُستخدم للتقاطع بالباركود لا كمصدر أول. المصدر المفضّل: كتالوج المصنّع أو كتالوج التجزئة السعودي.
QGAP-01294,NEEDS_SOURCE,لم يُعثر على مصدر آلي — يحتاج جلبًا من المصنّع أو كتالوج التجزئة,العلالي طماطم مقشرة,Al Alali peeled tomatoes,العلالي,Al Alali,Al Alali,PACKAGED,أطعمة معلبة,معلبات,peeled tomatoes,,KSA,KSA,,VERY_HIGH,P1,MISSING,,OFFICIAL_LOCAL,Saudi retailer catalogue (Panda/Othaim/Tamimi/Nana) + barcode,,,,,,,,,,,,,NONE,HIGH,,,,,,,,,العلالي,Al Alali,تغطية OpenFoodFacts للسوق السعودي ضحلة (١٦٤٩٢ منتجًا إجماليًا، وعمق كل علامة عشرات مقابل مئات فعلية) — تُستخدم للتقاطع بالباركود لا كمصدر أول. المصدر المفضّل: كتالوج المصنّع أو كتالوج التجزئة السعودي.
QGAP-01295,NEEDS_SOURCE,لم يُعثر على مصدر آلي — يحتاج جلبًا من المصنّع أو كتالوج التجزئة,العلالي معجون طماطم,Al Alali tomato paste,العلالي,Al Alali,Al Alali,PACKAGED,أطعمة معلبة,معلبات,tomato paste,,KSA,KSA,,VERY_HIGH,P1,MISSING,,OFFICIAL_LOCAL,Saudi retailer catalogue (Panda/Othaim/Tamimi/Nana) + barcode,,,,,,,,,,,,,NONE,HIGH,,,,,,,,,العلالي,Al Alali,تغطية OpenFoodFacts للسوق السعودي ضحلة (١٦٤٩٢ منتجًا إجماليًا، وعمق كل علامة عشرات مقابل مئات فعلية) — تُستخدم للتقاطع بالباركود لا كمصدر أول. المصدر المفضّل: كتالوج المصنّع أو كتالوج التجزئة السعودي.
QGAP-01296,NEEDS_SOURCE,لم يُعثر على مصدر آلي — يحتاج جلبًا من المصنّع أو كتالوج التجزئة,العلالي مشروم,Al Alali mushrooms,العلالي,Al Alali,Al Alali,PACKAGED,أطعمة معلبة,معلبات,mushrooms,,KSA,KSA,,VERY_HIGH,P1,MISSING,,OFFICIAL_LOCAL,Saudi retailer catalogue (Panda/Othaim/Tamimi/Nana) + barcode,,,,,,,,,,,,,NONE,HIGH,,,,,,,,,العلالي,Al Alali,تغطية OpenFoodFacts للسوق السعودي ضحلة (١٦٤٩٢ منتجًا إجماليًا، وعمق كل علامة عشرات مقابل مئات فعلية) — تُستخدم للتقاطع بالباركود لا كمصدر أول. المصدر المفضّل: كتالوج المصنّع أو كتالوج التجزئة السعودي.
QGAP-01297,NEEDS_SOURCE,لم يُعثر على مصدر آلي — يحتاج جلبًا من المصنّع أو كتالوج التجزئة,العلالي زيتون أخضر,Al Alali green olives,العلالي,Al Alali,Al Alali,PACKAGED,أطعمة معلبة,معلبات,green olives,,KSA,KSA,,VERY_HIGH,P1,MISSING,,OFFICIAL_LOCAL,Saudi retailer catalogue (Panda/Othaim/Tamimi/Nana) + barcode,,,,,,,,,,,,,NONE,HIGH,,,,,,,,,العلالي,Al Alali,تغطية OpenFoodFacts للسوق السعودي ضحلة (١٦٤٩٢ منتجًا إجماليًا، وعمق كل علامة عشرات مقابل مئات فعلية) — تُستخدم للتقاطع بالباركود لا كمصدر أول. المصدر المفضّل: كتالوج المصنّع أو كتالوج التجزئة السعودي.
QGAP-01298,NEEDS_SOURCE,لم يُعثر على مصدر آلي — يحتاج جلبًا من المصنّع أو كتالوج التجزئة,العلالي زيتون أسود,Al Alali black olives,العلالي,Al Alali,Al Alali,PACKAGED,أطعمة معلبة,معلبات,black olives,,KSA,KSA,,VERY_HIGH,P1,MISSING,,OFFICIAL_LOCAL,Saudi retailer catalogue (Panda/Othaim/Tamimi/Nana) + barcode,,,,,,,,,,,,,NONE,HIGH,,,,,,,,,العلالي,Al Alali,تغطية OpenFoodFacts للسوق السعودي ضحلة (١٦٤٩٢ منتجًا إجماليًا، وعمق كل علامة عشرات مقابل مئات فعلية) — تُستخدم للتقاطع بالباركود لا كمصدر أول. المصدر المفضّل: كتالوج المصنّع أو كتالوج التجزئة السعودي.
QGAP-01299,NEEDS_SOURCE,لم يُعثر على مصدر آلي — يحتاج جلبًا من المصنّع أو كتالوج التجزئة,العلالي مخلل,Al Alali pickles,العلالي,Al Alali,Al Alali,PACKAGED,أطعمة معلبة,معلبات,pickles,,KSA,KSA,,VERY_HIGH,P1,MISSING,,OFFICIAL_LOCAL,Saudi retailer catalogue (Panda/Othaim/Tamimi/Nana) + barcode,,,,,,,,,,,,,NONE,HIGH,,,,,,,,,العلالي,Al Alali,تغطية OpenFoodFacts للسوق السعودي ضحلة (١٦٤٩٢ منتجًا إجماليًا، وعمق كل علامة عشرات مقابل مئات فعلية) — تُستخدم للتقاطع بالباركود لا كمصدر أول. المصدر المفضّل: كتالوج المصنّع أو كتالوج التجزئة السعودي.
QGAP-01300,NEEDS_SOURCE,لم يُعثر على مصدر آلي — يحتاج جلبًا من المصنّع أو كتالوج التجزئة,العلالي كاتشب,Al Alali ketchup,العلالي,Al Alali,Al Alali,PACKAGED,أطعمة معلبة,معلبات,ketchup,,KSA,KSA,,VERY_HIGH,P1,MISSING,,OFFICIAL_LOCAL,Saudi retailer catalogue (Panda/Othaim/Tamimi/Nana) + barcode,,,,,,,,,,,,,NONE,HIGH,,,,,,,,,العلالي,Al Alali,تغطية OpenFoodFacts للسوق السعودي ضحلة (١٦٤٩٢ منتجًا إجماليًا، وعمق كل علامة عشرات مقابل مئات فعلية) — تُستخدم للتقاطع بالباركود لا كمصدر أول. المصدر المفضّل: كتالوج المصنّع أو كتالوج التجزئة السعودي.
QGAP-01301,NEEDS_SOURCE,لم يُعثر على مصدر آلي — يحتاج جلبًا من المصنّع أو كتالوج التجزئة,العلالي مايونيز,Al Alali mayonnaise,العلالي,Al Alali,Al Alali,PACKAGED,أطعمة معلبة,معلبات,mayonnaise,,KSA,KSA,,VERY_HIGH,P1,MISSING,,OFFICIAL_LOCAL,Saudi retailer catalogue (Panda/Othaim/Tamimi/Nana) + barcode,,,,,,,,,,,,,NONE,HIGH,,,,,,,,,العلالي,Al Alali,تغطية OpenFoodFacts للسوق السعودي ضحلة (١٦٤٩٢ منتجًا إجماليًا، وعمق كل علامة عشرات مقابل مئات فعلية) — تُستخدم للتقاطع بالباركود لا كمصدر أول. المصدر المفضّل: كتالوج المصنّع أو كتالوج التجزئة السعودي.
QGAP-01302,NEEDS_SOURCE,لم يُعثر على مصدر آلي — يحتاج جلبًا من المصنّع أو كتالوج التجزئة,العلالي خل,Al Alali vinegar,العلالي,Al Alali,Al Alali,PACKAGED,أطعمة معلبة,معلبات,vinegar,,KSA,KSA,,VERY_HIGH,P1,MISSING,,OFFICIAL_LOCAL,Saudi retailer catalogue (Panda/Othaim/Tamimi/Nana) + barcode,,,,,,,,,,,,,NONE,HIGH,,,,,,,,,العلالي,Al Alali,تغطية OpenFoodFacts للسوق السعودي ضحلة (١٦٤٩٢ منتجًا إجماليًا، وعمق كل علامة عشرات مقابل مئات فعلية) — تُستخدم للتقاطع بالباركود لا كمصدر أول. المصدر المفضّل: كتالوج المصنّع أو كتالوج التجزئة السعودي.
QGAP-01303,READY_FULL,,العلالي صلصة معكرونة,Al Alali pasta sauce,العلالي,Al Alali,Al Alali,PACKAGED,أطعمة معلبة,معلبات,pasta sauce,,KSA,KSA,YES,VERY_HIGH,P1,MISSING,,OPENFOODFACTS_VERIFIED,Open Food Facts — Pasta Sauce Marinara,https://world.openfoodfacts.org/product/0617950600947,0617950600947,,لكل 100غ,100,61.0,1.5,12.0,0.8,1.0,7.4,,FULL,MEDIUM,,,,Pasta Sauce Marinara,,0.907,,,العلالي,Al Alali,تغطية OpenFoodFacts للسوق السعودي ضحلة (١٦٤٩٢ منتجًا إجماليًا، وعمق كل علامة عشرات مقابل مئات فعلية) — تُستخدم للتقاطع بالباركود لا كمصدر أول. المصدر المفضّل: كتالوج المصنّع أو كتالوج التجزئة السعودي.
QGAP-01304,NEEDS_SOURCE,لم يُعثر على مصدر آلي — يحتاج جلبًا من المصنّع أو كتالوج التجزئة,العلالي دقيق,Al Alali flour,العلالي,Al Alali,Al Alali,PACKAGED,أطعمة معلبة,معلبات,flour,,KSA,KSA,,VERY_HIGH,P1,MISSING,,OFFICIAL_LOCAL,Saudi retailer catalogue (Panda/Othaim/Tamimi/Nana) + barcode,,,,,,,,,,,,,NONE,HIGH,,,,,,,,,العلالي,Al Alali,تغطية OpenFoodFacts للسوق السعودي ضحلة (١٦٤٩٢ منتجًا إجماليًا، وعمق كل علامة عشرات مقابل مئات فعلية) — تُستخدم للتقاطع بالباركود لا كمصدر أول. المصدر المفضّل: كتالوج المصنّع أو كتالوج التجزئة السعودي.
QGAP-01305,NEEDS_SOURCE,لم يُعثر على مصدر آلي — يحتاج جلبًا من المصنّع أو كتالوج التجزئة,العلالي خميرة,Al Alali yeast,العلالي,Al Alali,Al Alali,PACKAGED,أطعمة معلبة,معلبات,yeast,,KSA,KSA,,VERY_HIGH,P1,MISSING,,OFFICIAL_LOCAL,Saudi retailer catalogue (Panda/Othaim/Tamimi/Nana) + barcode,,,,,,,,,,,,,NONE,HIGH,,,,,,,,,العلالي,Al Alali,تغطية OpenFoodFacts للسوق السعودي ضحلة (١٦٤٩٢ منتجًا إجماليًا، وعمق كل علامة عشرات مقابل مئات فعلية) — تُستخدم للتقاطع بالباركود لا كمصدر أول. المصدر المفضّل: كتالوج المصنّع أو كتالوج التجزئة السعودي.
QGAP-01306,NEEDS_SOURCE,لم يُعثر على مصدر آلي — يحتاج جلبًا من المصنّع أو كتالوج التجزئة,كاليفورنيا جاردن فول مدمس,California Garden foul mudammas,كاليفورنيا جاردن,California Garden,California Garden,PACKAGED,أطعمة معلبة,معلبات,foul mudammas,,KSA,KSA,,VERY_HIGH,P1,MISSING,,OFFICIAL_LOCAL,Saudi retailer catalogue (Panda/Othaim/Tamimi/Nana) + barcode,,,,,,,,,,,,,NONE,HIGH,,,,,,,,,كاليفورنيا جاردن,California Garden,تغطية OpenFoodFacts للسوق السعودي ضحلة (١٦٤٩٢ منتجًا إجماليًا، وعمق كل علامة عشرات مقابل مئات فعلية) — تُستخدم للتقاطع بالباركود لا كمصدر أول. المصدر المفضّل: كتالوج المصنّع أو كتالوج التجزئة السعودي.
QGAP-01307,NEEDS_SOURCE,لم يُعثر على مصدر آلي — يحتاج جلبًا من المصنّع أو كتالوج التجزئة,كاليفورنيا جاردن فول بالزيت الحار,California Garden spicy foul,كاليفورنيا جاردن,California Garden,California Garden,PACKAGED,أطعمة معلبة,معلبات,spicy foul,,KSA,KSA,,VERY_HIGH,P1,MISSING,,OFFICIAL_LOCAL,Saudi retailer catalogue (Panda/Othaim/Tamimi/Nana) + barcode,,,,,,,,,,,,,NONE,HIGH,,,,,,,,,كاليفورنيا جاردن,California Garden,تغطية OpenFoodFacts للسوق السعودي ضحلة (١٦٤٩٢ منتجًا إجماليًا، وعمق كل علامة عشرات مقابل مئات فعلية) — تُستخدم للتقاطع بالباركود لا كمصدر أول. المصدر المفضّل: كتالوج المصنّع أو كتالوج التجزئة السعودي.
QGAP-01308,NEEDS_SOURCE,لم يُعثر على مصدر آلي — يحتاج جلبًا من المصنّع أو كتالوج التجزئة,كاليفورنيا جاردن حمص,California Garden chickpeas,كاليفورنيا جاردن,California Garden,California Garden,PACKAGED,أطعمة معلبة,معلبات,chickpeas,,KSA,KSA,,VERY_HIGH,P1,MISSING,,OFFICIAL_LOCAL,Saudi retailer catalogue (Panda/Othaim/Tamimi/Nana) + barcode,,,,,,,,,,,,,NONE,HIGH,,,,,,,,,كاليفورنيا جاردن,California Garden,تغطية OpenFoodFacts للسوق السعودي ضحلة (١٦٤٩٢ منتجًا إجماليًا، وعمق كل علامة عشرات مقابل مئات فعلية) — تُستخدم للتقاطع بالباركود لا كمصدر أول. المصدر المفضّل: كتالوج المصنّع أو كتالوج التجزئة السعودي.
QGAP-01309,NEEDS_SOURCE,لم يُعثر على مصدر آلي — يحتاج جلبًا من المصنّع أو كتالوج التجزئة,كاليفورنيا جاردن فاصوليا,California Garden beans,كاليفورنيا جاردن,California Garden,California Garden,PACKAGED,أطعمة معلبة,معلبات,beans,,KSA,KSA,,VERY_HIGH,P1,MISSING,,OFFICIAL_LOCAL,Saudi retailer catalogue (Panda/Othaim/Tamimi/Nana) + barcode,,,,,,,,,,,,,NONE,HIGH,,,,,,,,,كاليفورنيا جاردن,California Garden,تغطية OpenFoodFacts للسوق السعودي ضحلة (١٦٤٩٢ منتجًا إجماليًا، وعمق كل علامة عشرات مقابل مئات فعلية) — تُستخدم للتقاطع بالباركود لا كمصدر أول. المصدر المفضّل: كتالوج المصنّع أو كتالوج التجزئة السعودي.
QGAP-01310,NEEDS_SOURCE,لم يُعثر على مصدر آلي — يحتاج جلبًا من المصنّع أو كتالوج التجزئة,كاليفورنيا جاردن تونة,California Garden tuna,كاليفورنيا جاردن,California Garden,California Garden,PACKAGED,أطعمة معلبة,معلبات,tuna,,KSA,KSA,,VERY_HIGH,P1,MISSING,,OFFICIAL_LOCAL,Saudi retailer catalogue (Panda/Othaim/Tamimi/Nana) + barcode,,,,,,,,,,,,,NONE,HIGH,,,,,,,,,كاليفورنيا جاردن,California Garden,تغطية OpenFoodFacts للسوق السعودي ضحلة (١٦٤٩٢ منتجًا إجماليًا، وعمق كل علامة عشرات مقابل مئات فعلية) — تُستخدم للتقاطع بالباركود لا كمصدر أول. المصدر المفضّل: كتالوج المصنّع أو كتالوج التجزئة السعودي.
QGAP-01311,NEEDS_SOURCE,لم يُعثر على مصدر آلي — يحتاج جلبًا من المصنّع أو كتالوج التجزئة,كاليفورنيا جاردن ذرة,California Garden corn,كاليفورنيا جاردن,California Garden,California Garden,PACKAGED,أطعمة معلبة,معلبات,corn,,KSA,KSA,,VERY_HIGH,P1,MISSING,,OFFICIAL_LOCAL,Saudi retailer catalogue (Panda/Othaim/Tamimi/Nana) + barcode,,,,,,,,,,,,,NONE,HIGH,,,,,,,,,كاليفورنيا جاردن,California Garden,تغطية OpenFoodFacts للسوق السعودي ضحلة (١٦٤٩٢ منتجًا إجماليًا، وعمق كل علامة عشرات مقابل مئات فعلية) — تُستخدم للتقاطع بالباركود لا كمصدر أول. المصدر المفضّل: كتالوج المصنّع أو كتالوج التجزئة السعودي.
QGAP-01312,NEEDS_SOURCE,لم يُعثر على مصدر آلي — يحتاج جلبًا من المصنّع أو كتالوج التجزئة,كاليفورنيا جاردن عدس,California Garden lentils,كاليفورنيا جاردن,California Garden,California Garden,PACKAGED,أطعمة معلبة,معلبات,lentils,,KSA,KSA,,VERY_HIGH,P1,MISSING,,OFFICIAL_LOCAL,Saudi retailer catalogue (Panda/Othaim/Tamimi/Nana) + barcode,,,,,,,,,,,,,NONE,HIGH,,,,,,,,,كاليفورنيا جاردن,California Garden,تغطية OpenFoodFacts للسوق السعودي ضحلة (١٦٤٩٢ منتجًا إجماليًا، وعمق كل علامة عشرات مقابل مئات فعلية) — تُستخدم للتقاطع بالباركود لا كمصدر أول. المصدر المفضّل: كتالوج المصنّع أو كتالوج التجزئة السعودي.
QGAP-01313,NEEDS_HUMAN_REVIEW,الأصل العام موجود في قِمّة — يُحسم بشريًا إن كان المتغيّر يستحق صفًّا مستقلًا,لونا تونة بالزيت,Luna tuna in oil,لونا,Luna,Luna,PACKAGED,أطعمة معلبة,معلبات,tuna in oil,,KSA,KSA,,HIGH,P1,EXISTS_GENERIC_ONLY,tuna-oil · تونة بالزيت,OFFICIAL_LOCAL,Saudi retailer catalogue (Panda/Othaim/Tamimi/Nana) + barcode,,,,,,,,,,,,,NONE,MEDIUM,,,,,,,,,لونا,Luna,تغطية OpenFoodFacts للسوق السعودي ضحلة (١٦٤٩٢ منتجًا إجماليًا، وعمق كل علامة عشرات مقابل مئات فعلية) — تُستخدم للتقاطع بالباركود لا كمصدر أول. المصدر المفضّل: كتالوج المصنّع أو كتالوج التجزئة السعودي.
QGAP-01314,NEEDS_SOURCE,لم يُعثر على مصدر آلي — يحتاج جلبًا من المصنّع أو كتالوج التجزئة,لونا تونة بالماء,Luna tuna in water,لونا,Luna,Luna,PACKAGED,أطعمة معلبة,معلبات,tuna in water,,KSA,KSA,,HIGH,P1,MISSING,,OFFICIAL_LOCAL,Saudi retailer catalogue (Panda/Othaim/Tamimi/Nana) + barcode,,,,,,,,,,,,,NONE,HIGH,,,,,,,,,لونا,Luna,تغطية OpenFoodFacts للسوق السعودي ضحلة (١٦٤٩٢ منتجًا إجماليًا، وعمق كل علامة عشرات مقابل مئات فعلية) — تُستخدم للتقاطع بالباركود لا كمصدر أول. المصدر المفضّل: كتالوج المصنّع أو كتالوج التجزئة السعودي.
QGAP-01315,NEEDS_SOURCE,لم يُعثر على مصدر آلي — يحتاج جلبًا من المصنّع أو كتالوج التجزئة,لونا حليب مبخر,Luna evaporated milk,لونا,Luna,Luna,PACKAGED,أطعمة معلبة,معلبات,evaporated milk,,KSA,KSA,,HIGH,P1,MISSING,,OFFICIAL_LOCAL,Saudi retailer catalogue (Panda/Othaim/Tamimi/Nana) + barcode,,,,,,,,,,,,,NONE,HIGH,,,,,,,,,لونا,Luna,تغطية OpenFoodFacts للسوق السعودي ضحلة (١٦٤٩٢ منتجًا إجماليًا، وعمق كل علامة عشرات مقابل مئات فعلية) — تُستخدم للتقاطع بالباركود لا كمصدر أول. المصدر المفضّل: كتالوج المصنّع أو كتالوج التجزئة السعودي.
QGAP-01316,NEEDS_SOURCE,لم يُعثر على مصدر آلي — يحتاج جلبًا من المصنّع أو كتالوج التجزئة,لونا فول,Luna foul,لونا,Luna,Luna,PACKAGED,أطعمة معلبة,معلبات,foul,,KSA,KSA,,HIGH,P1,MISSING,,OFFICIAL_LOCAL,Saudi retailer catalogue (Panda/Othaim/Tamimi/Nana) + barcode,,,,,,,,,,,,,NONE,HIGH,,,,,,,,,لونا,Luna,تغطية OpenFoodFacts للسوق السعودي ضحلة (١٦٤٩٢ منتجًا إجماليًا، وعمق كل علامة عشرات مقابل مئات فعلية) — تُستخدم للتقاطع بالباركود لا كمصدر أول. المصدر المفضّل: كتالوج المصنّع أو كتالوج التجزئة السعودي.
QGAP-01317,NEEDS_SOURCE,لم يُعثر على مصدر آلي — يحتاج جلبًا من المصنّع أو كتالوج التجزئة,لونا لحم معلب,Luna canned meat,لونا,Luna,Luna,PACKAGED,أطعمة معلبة,معلبات,canned meat,,KSA,KSA,,HIGH,P1,MISSING,,OFFICIAL_LOCAL,Saudi retailer catalogue (Panda/Othaim/Tamimi/Nana) + barcode,,,,,,,,,,,,,NONE,HIGH,,,,,,,,,لونا,Luna,تغطية OpenFoodFacts للسوق السعودي ضحلة (١٦٤٩٢ منتجًا إجماليًا، وعمق كل علامة عشرات مقابل مئات فعلية) — تُستخدم للتقاطع بالباركود لا كمصدر أول. المصدر المفضّل: كتالوج المصنّع أو كتالوج التجزئة السعودي.
QGAP-01318,NEEDS_SOURCE,لم يُعثر على مصدر آلي — يحتاج جلبًا من المصنّع أو كتالوج التجزئة,الشفا عسل طبيعي,Al Shifa natural honey,الشفا,Al Shifa,Al Shifa,PACKAGED,أطعمة معلبة,عسل,natural honey,,KSA,KSA,,HIGH,P2,MISSING,,OFFICIAL_LOCAL,Saudi retailer catalogue (Panda/Othaim/Tamimi/Nana) + barcode,,,,,,,,,,,,,NONE,HIGH,,,,,,,,,الشفا,Al Shifa,تغطية OpenFoodFacts للسوق السعودي ضحلة (١٦٤٩٢ منتجًا إجماليًا، وعمق كل علامة عشرات مقابل مئات فعلية) — تُستخدم للتقاطع بالباركود لا كمصدر أول. المصدر المفضّل: كتالوج المصنّع أو كتالوج التجزئة السعودي.
QGAP-01319,NEEDS_SOURCE,لم يُعثر على مصدر آلي — يحتاج جلبًا من المصنّع أو كتالوج التجزئة,الشفا عسل بالملكي,Al Shifa royal jelly honey,الشفا,Al Shifa,Al Shifa,PACKAGED,أطعمة معلبة,عسل,royal jelly honey,,KSA,KSA,,HIGH,P2,MISSING,,OFFICIAL_LOCAL,Saudi retailer catalogue (Panda/Othaim/Tamimi/Nana) + barcode,,,,,,,,,,,,,NONE,HIGH,,,,,,,,,الشفا,Al Shifa,تغطية OpenFoodFacts للسوق السعودي ضحلة (١٦٤٩٢ منتجًا إجماليًا، وعمق كل علامة عشرات مقابل مئات فعلية) — تُستخدم للتقاطع بالباركود لا كمصدر أول. المصدر المفضّل: كتالوج المصنّع أو كتالوج التجزئة السعودي.
QGAP-01320,READY_FULL,بيانات سوق غير سعودي — تُوسم صراحةً ولا تُقدَّم كقيم سعودية,إندومي دجاج,Indomie chicken flavour,إندومي,Indomie,Indomie,PACKAGED,حبوب,نودلز,chicken flavour,,NON_KSA,FOREIGN,NO,VERY_HIGH,P0,MISSING,,OPENFOODFACTS_VERIFIED,Open Food Facts — Indomie chicken flavor,https://world.openfoodfacts.org/product/6156000147628,6156000147628,180g,لكل 100غ,100,450.0,10.0,64.0,17.0,1.7,0.6,1680.0,FULL,MEDIUM,,,,Indomie chicken flavor,,0.85,,,إندومي,Indomie,تغطية OpenFoodFacts للسوق السعودي ضحلة (١٦٤٩٢ منتجًا إجماليًا، وعمق كل علامة عشرات مقابل مئات فعلية) — تُستخدم للتقاطع بالباركود لا كمصدر أول. المصدر المفضّل: كتالوج المصنّع أو كتالوج التجزئة السعودي.
QGAP-01321,NEEDS_SOURCE,لم يُعثر على مصدر آلي — يحتاج جلبًا من المصنّع أو كتالوج التجزئة,إندومي مي جورينج,Indomie Mi Goreng,إندومي,Indomie,Indomie,PACKAGED,حبوب,نودلز,Mi Goreng,,KSA,UNSPECIFIED,,VERY_HIGH,P0,MISSING,,OFFICIAL_MANUFACTURER,Indomie official product page,,,,,,,,,,,,,NONE,HIGH,,,,,,,,,إندومي,Indomie,تغطية OpenFoodFacts للسوق السعودي ضحلة (١٦٤٩٢ منتجًا إجماليًا، وعمق كل علامة عشرات مقابل مئات فعلية) — تُستخدم للتقاطع بالباركود لا كمصدر أول. المصدر المفضّل: كتالوج المصنّع أو كتالوج التجزئة السعودي.
QGAP-01322,NEEDS_SOURCE,لم يُعثر على مصدر آلي — يحتاج جلبًا من المصنّع أو كتالوج التجزئة,إندومي خضار,Indomie vegetable,إندومي,Indomie,Indomie,PACKAGED,حبوب,نودلز,vegetable,,KSA,UNSPECIFIED,,VERY_HIGH,P0,MISSING,,OFFICIAL_MANUFACTURER,Indomie official product page,,,,,,,,,,,,,NONE,HIGH,,,,,,,,,إندومي,Indomie,تغطية OpenFoodFacts للسوق السعودي ضحلة (١٦٤٩٢ منتجًا إجماليًا، وعمق كل علامة عشرات مقابل مئات فعلية) — تُستخدم للتقاطع بالباركود لا كمصدر أول. المصدر المفضّل: كتالوج المصنّع أو كتالوج التجزئة السعودي.
QGAP-01323,READY_FULL,بيانات سوق غير سعودي — تُوسم صراحةً ولا تُقدَّم كقيم سعودية,إندومي كاري,Indomie curry,إندومي,Indomie,Indomie,PACKAGED,حبوب,نودلز,curry,,NON_KSA,FOREIGN,NO,VERY_HIGH,P0,MISSING,,OPENFOODFACTS_VERIFIED,Open Food Facts — curry flavor,https://world.openfoodfacts.org/product/8680908021011,8680908021011,,لكل 100غ,100,450.0,8.0,62.0,18.0,,4.0,,FULL,MEDIUM,,,,curry flavor,,0.85,,,إندومي,Indomie,تغطية OpenFoodFacts للسوق السعودي ضحلة (١٦٤٩٢ منتجًا إجماليًا، وعمق كل علامة عشرات مقابل مئات فعلية) — تُستخدم للتقاطع بالباركود لا كمصدر أول. المصدر المفضّل: كتالوج المصنّع أو كتالوج التجزئة السعودي.
QGAP-01324,NEEDS_SOURCE,لم يُعثر على مصدر آلي — يحتاج جلبًا من المصنّع أو كتالوج التجزئة,إندومي حار,Indomie hot and spicy,إندومي,Indomie,Indomie,PACKAGED,حبوب,نودلز,hot and spicy,,KSA,UNSPECIFIED,,VERY_HIGH,P0,MISSING,,OFFICIAL_MANUFACTURER,Indomie official product page,,,,,,,,,,,,,NONE,HIGH,,,,,,,,,إندومي,Indomie,تغطية OpenFoodFacts للسوق السعودي ضحلة (١٦٤٩٢ منتجًا إجماليًا، وعمق كل علامة عشرات مقابل مئات فعلية) — تُستخدم للتقاطع بالباركود لا كمصدر أول. المصدر المفضّل: كتالوج المصنّع أو كتالوج التجزئة السعودي.
QGAP-01325,NEEDS_SOURCE,لم يُعثر على مصدر آلي — يحتاج جلبًا من المصنّع أو كتالوج التجزئة,إندومي باربكيو,Indomie BBQ chicken,إندومي,Indomie,Indomie,PACKAGED,حبوب,نودلز,BBQ chicken,,KSA,UNSPECIFIED,,VERY_HIGH,P0,MISSING,,OFFICIAL_MANUFACTURER,Indomie official product page,,,,,,,,,,,,,NONE,HIGH,,,,,,,,,إندومي,Indomie,تغطية OpenFoodFacts للسوق السعودي ضحلة (١٦٤٩٢ منتجًا إجماليًا، وعمق كل علامة عشرات مقابل مئات فعلية) — تُستخدم للتقاطع بالباركود لا كمصدر أول. المصدر المفضّل: كتالوج المصنّع أو كتالوج التجزئة السعودي.
QGAP-01326,NEEDS_SOURCE,لم يُعثر على مصدر آلي — يحتاج جلبًا من المصنّع أو كتالوج التجزئة,إندومي كوب,Indomie cup noodles,إندومي,Indomie,Indomie,PACKAGED,حبوب,نودلز,cup noodles,,KSA,UNSPECIFIED,,VERY_HIGH,P0,MISSING,,OFFICIAL_MANUFACTURER,Indomie official product page,,,,,,,,,,,,,NONE,HIGH,,,,,,,,,إندومي,Indomie,تغطية OpenFoodFacts للسوق السعودي ضحلة (١٦٤٩٢ منتجًا إجماليًا، وعمق كل علامة عشرات مقابل مئات فعلية) — تُستخدم للتقاطع بالباركود لا كمصدر أول. المصدر المفضّل: كتالوج المصنّع أو كتالوج التجزئة السعودي.
QGAP-01327,NEEDS_SOURCE,لم يُعثر على مصدر آلي — يحتاج جلبًا من المصنّع أو كتالوج التجزئة,ماجي مكعبات دجاج,Maggi chicken stock cubes,ماجي,Maggi,Maggi,PACKAGED,أطعمة معلبة,توابل وشوربات,chicken stock cubes,,KSA,UNSPECIFIED,,VERY_HIGH,P1,MISSING,,OFFICIAL_MANUFACTURER,Maggi official product page,,,,,,,,,,,,,NONE,HIGH,,,,,,,,,ماجي,Maggi,تغطية OpenFoodFacts للسوق السعودي ضحلة (١٦٤٩٢ منتجًا إجماليًا، وعمق كل علامة عشرات مقابل مئات فعلية) — تُستخدم للتقاطع بالباركود لا كمصدر أول. المصدر المفضّل: كتالوج المصنّع أو كتالوج التجزئة السعودي.
QGAP-01328,NEEDS_SOURCE,لم يُعثر على مصدر آلي — يحتاج جلبًا من المصنّع أو كتالوج التجزئة,ماجي مكعبات لحم,Maggi beef stock cubes,ماجي,Maggi,Maggi,PACKAGED,أطعمة معلبة,توابل وشوربات,beef stock cubes,,KSA,UNSPECIFIED,,VERY_HIGH,P1,MISSING,,OFFICIAL_MANUFACTURER,Maggi official product page,,,,,,,,,,,,,NONE,HIGH,,,,,,,,,ماجي,Maggi,تغطية OpenFoodFacts للسوق السعودي ضحلة (١٦٤٩٢ منتجًا إجماليًا، وعمق كل علامة عشرات مقابل مئات فعلية) — تُستخدم للتقاطع بالباركود لا كمصدر أول. المصدر المفضّل: كتالوج المصنّع أو كتالوج التجزئة السعودي.
QGAP-01329,NEEDS_SOURCE,لم يُعثر على مصدر آلي — يحتاج جلبًا من المصنّع أو كتالوج التجزئة,ماجي شوربة خضار,Maggi vegetable soup,ماجي,Maggi,Maggi,PACKAGED,أطعمة معلبة,توابل وشوربات,vegetable soup,,KSA,UNSPECIFIED,,VERY_HIGH,P1,MISSING,,OFFICIAL_MANUFACTURER,Maggi official product page,,,,,,,,,,,,,NONE,HIGH,,,,,,,,,ماجي,Maggi,تغطية OpenFoodFacts للسوق السعودي ضحلة (١٦٤٩٢ منتجًا إجماليًا، وعمق كل علامة عشرات مقابل مئات فعلية) — تُستخدم للتقاطع بالباركود لا كمصدر أول. المصدر المفضّل: كتالوج المصنّع أو كتالوج التجزئة السعودي.
QGAP-01330,NEEDS_SOURCE,لم يُعثر على مصدر آلي — يحتاج جلبًا من المصنّع أو كتالوج التجزئة,ماجي شوربة دجاج,Maggi chicken soup,ماجي,Maggi,Maggi,PACKAGED,أطعمة معلبة,توابل وشوربات,chicken soup,,KSA,UNSPECIFIED,,VERY_HIGH,P1,MISSING,,OFFICIAL_MANUFACTURER,Maggi official product page,,,,,,,,,,,,,NONE,HIGH,,,,,,,,,ماجي,Maggi,تغطية OpenFoodFacts للسوق السعودي ضحلة (١٦٤٩٢ منتجًا إجماليًا، وعمق كل علامة عشرات مقابل مئات فعلية) — تُستخدم للتقاطع بالباركود لا كمصدر أول. المصدر المفضّل: كتالوج المصنّع أو كتالوج التجزئة السعودي.
QGAP-01331,NEEDS_SOURCE,لم يُعثر على مصدر آلي — يحتاج جلبًا من المصنّع أو كتالوج التجزئة,ماجي نودلز,Maggi noodles,ماجي,Maggi,Maggi,PACKAGED,أطعمة معلبة,توابل وشوربات,noodles,,KSA,UNSPECIFIED,,VERY_HIGH,P1,MISSING,,OFFICIAL_MANUFACTURER,Maggi official product page,,,,,,,,,,,,,NONE,HIGH,,,,,,,,,ماجي,Maggi,تغطية OpenFoodFacts للسوق السعودي ضحلة (١٦٤٩٢ منتجًا إجماليًا، وعمق كل علامة عشرات مقابل مئات فعلية) — تُستخدم للتقاطع بالباركود لا كمصدر أول. المصدر المفضّل: كتالوج المصنّع أو كتالوج التجزئة السعودي.
QGAP-01332,NEEDS_SOURCE,لم يُعثر على مصدر آلي — يحتاج جلبًا من المصنّع أو كتالوج التجزئة,ماجي خلطة الدجاج,Maggi chicken seasoning mix,ماجي,Maggi,Maggi,PACKAGED,أطعمة معلبة,توابل وشوربات,chicken seasoning mix,,KSA,UNSPECIFIED,,VERY_HIGH,P1,MISSING,,OFFICIAL_MANUFACTURER,Maggi official product page,,,,,,,,,,,,,NONE,HIGH,,,,,,,,,ماجي,Maggi,تغطية OpenFoodFacts للسوق السعودي ضحلة (١٦٤٩٢ منتجًا إجماليًا، وعمق كل علامة عشرات مقابل مئات فعلية) — تُستخدم للتقاطع بالباركود لا كمصدر أول. المصدر المفضّل: كتالوج المصنّع أو كتالوج التجزئة السعودي.
QGAP-01333,NEEDS_SOURCE,لم يُعثر على مصدر آلي — يحتاج جلبًا من المصنّع أو كتالوج التجزئة,ماجي صلصة الصويا,Maggi soy sauce,ماجي,Maggi,Maggi,PACKAGED,أطعمة معلبة,توابل وشوربات,soy sauce,,KSA,UNSPECIFIED,,VERY_HIGH,P1,MISSING,,OFFICIAL_MANUFACTURER,Maggi official product page,,,,,,,,,,,,,NONE,HIGH,,,,,,,,,ماجي,Maggi,تغطية OpenFoodFacts للسوق السعودي ضحلة (١٦٤٩٢ منتجًا إجماليًا، وعمق كل علامة عشرات مقابل مئات فعلية) — تُستخدم للتقاطع بالباركود لا كمصدر أول. المصدر المفضّل: كتالوج المصنّع أو كتالوج التجزئة السعودي.
QGAP-01334,NEEDS_HUMAN_REVIEW,مطابقة آلية بدرجة 0.715 دون حدّ القبول — تحتاج تأكيدًا · بيانات سوق غير سعودي — تُوسم صراحةً ولا تُقدَّم كقيم سعودية,كنور مكعبات مرق,Knorr stock cubes,كنور,Knorr,Knorr,PACKAGED,أطعمة معلبة,توابل وشوربات,stock cubes,,NON_KSA,FOREIGN,NO,HIGH,P2,MISSING,,OPENFOODFACTS_VERIFIED,Open Food Facts — Chicken Stock Cubes,https://world.openfoodfacts.org/product/8722700750185,8722700750185,200 g,1 portion (100 ml),100,7.0,0.03,0.5,0.5,0.03,0.03,362.0,NONE,HIGH,,,,Chicken Stock Cubes,,0.715,,,كنور,Knorr,تغطية OpenFoodFacts للسوق السعودي ضحلة (١٦٤٩٢ منتجًا إجماليًا، وعمق كل علامة عشرات مقابل مئات فعلية) — تُستخدم للتقاطع بالباركود لا كمصدر أول. المصدر المفضّل: كتالوج المصنّع أو كتالوج التجزئة السعودي.
QGAP-01335,NEEDS_SOURCE,لم يُعثر على مصدر آلي — يحتاج جلبًا من المصنّع أو كتالوج التجزئة,كنور شوربة,Knorr soup,كنور,Knorr,Knorr,PACKAGED,أطعمة معلبة,توابل وشوربات,soup,,KSA,UNSPECIFIED,,HIGH,P2,MISSING,,OFFICIAL_MANUFACTURER,Knorr official product page,,,,,,,,,,,,,NONE,HIGH,,,,,,,,,كنور,Knorr,تغطية OpenFoodFacts للسوق السعودي ضحلة (١٦٤٩٢ منتجًا إجماليًا، وعمق كل علامة عشرات مقابل مئات فعلية) — تُستخدم للتقاطع بالباركود لا كمصدر أول. المصدر المفضّل: كتالوج المصنّع أو كتالوج التجزئة السعودي.
QGAP-01336,NEEDS_SOURCE,لم يُعثر على مصدر آلي — يحتاج جلبًا من المصنّع أو كتالوج التجزئة,كنور صلصة,Knorr sauce,كنور,Knorr,Knorr,PACKAGED,أطعمة معلبة,توابل وشوربات,sauce,,KSA,UNSPECIFIED,,HIGH,P2,MISSING,,OFFICIAL_MANUFACTURER,Knorr official product page,,,,,,,,,,,,,NONE,HIGH,,,,,,,,,كنور,Knorr,تغطية OpenFoodFacts للسوق السعودي ضحلة (١٦٤٩٢ منتجًا إجماليًا، وعمق كل علامة عشرات مقابل مئات فعلية) — تُستخدم للتقاطع بالباركود لا كمصدر أول. المصدر المفضّل: كتالوج المصنّع أو كتالوج التجزئة السعودي.
QGAP-01337,NEEDS_HUMAN_REVIEW,الأصل العام موجود في قِمّة — يُحسم بشريًا إن كان المتغيّر يستحق صفًّا مستقلًا · بيانات سوق غير سعودي — تُوسم صراحةً ولا تُقدَّم كقيم سعودية,كيلوقز كورن فليكس,Kellogg's Corn Flakes,كيلوقز,Kellogg's,Kellogg's,PACKAGED,فطور,حبوب إفطار,Corn Flakes,,NON_KSA,FOREIGN,NO,HIGH,P1,EXISTS_GENERIC_ONLY,cornflakes · كورن فليكس,OPENFOODFACTS_VERIFIED,Open Food Facts — Corn Flakes,https://world.openfoodfacts.org/product/5050083390739,5050083390739,20 g,لكل 100غ,100,378.0,7.0,84.0,0.9,3.0,8.0,452.0,NONE,MEDIUM,,,,Corn Flakes,,0.85,,,كيلوقز,Kellogg's,تغطية OpenFoodFacts للسوق السعودي ضحلة (١٦٤٩٢ منتجًا إجماليًا، وعمق كل علامة عشرات مقابل مئات فعلية) — تُستخدم للتقاطع بالباركود لا كمصدر أول. المصدر المفضّل: كتالوج المصنّع أو كتالوج التجزئة السعودي.
QGAP-01338,NEEDS_SOURCE,لم يُعثر على مصدر آلي — يحتاج جلبًا من المصنّع أو كتالوج التجزئة,كيلوقز كوكو بوبس,Kellogg's Coco Pops,كيلوقز,Kellogg's,Kellogg's,PACKAGED,فطور,حبوب إفطار,Coco Pops,,KSA,UNSPECIFIED,,HIGH,P1,MISSING,,OFFICIAL_MANUFACTURER,Kellogg's official product page,,,,,,,,,,,,,NONE,HIGH,,,,,,,,,كيلوقز,Kellogg's,تغطية OpenFoodFacts للسوق السعودي ضحلة (١٦٤٩٢ منتجًا إجماليًا، وعمق كل علامة عشرات مقابل مئات فعلية) — تُستخدم للتقاطع بالباركود لا كمصدر أول. المصدر المفضّل: كتالوج المصنّع أو كتالوج التجزئة السعودي.
QGAP-01339,READY_FULL,بيانات سوق غير سعودي — تُوسم صراحةً ولا تُقدَّم كقيم سعودية,كيلوقز فروست فليكس,Kellogg's Frosties,كيلوقز,Kellogg's,Kellogg's,PACKAGED,فطور,حبوب إفطار,Frosties,,NON_KSA,FOREIGN,NO,HIGH,P1,MISSING,,OPENFOODFACTS_VERIFIED,Open Food Facts — Frosties,https://world.openfoodfacts.org/product/5050083122712,5050083122712,375 g,لكل 100غ,100,375.0,4.5,87.0,0.6,2.0,37.0,352.0,FULL,MEDIUM,,,,Frosties,,0.85,,,كيلوقز,Kellogg's,تغطية OpenFoodFacts للسوق السعودي ضحلة (١٦٤٩٢ منتجًا إجماليًا، وعمق كل علامة عشرات مقابل مئات فعلية) — تُستخدم للتقاطع بالباركود لا كمصدر أول. المصدر المفضّل: كتالوج المصنّع أو كتالوج التجزئة السعودي.
QGAP-01340,READY_FULL,بيانات سوق غير سعودي — تُوسم صراحةً ولا تُقدَّم كقيم سعودية,كيلوقز سبيشال كيه,Kellogg's Special K,كيلوقز,Kellogg's,Kellogg's,PACKAGED,فطور,حبوب إفطار,Special K,,NON_KSA,FOREIGN,NO,HIGH,P1,MISSING,,OPENFOODFACTS_VERIFIED,Open Food Facts — Special k,https://world.openfoodfacts.org/product/0038000207839,0038000207839,,لكل 100غ,100,140.0,3.0,33.0,0.5,,9.0,250.0,FULL,MEDIUM,,,,Special k,,0.85,,,كيلوقز,Kellogg's,تغطية OpenFoodFacts للسوق السعودي ضحلة (١٦٤٩٢ منتجًا إجماليًا، وعمق كل علامة عشرات مقابل مئات فعلية) — تُستخدم للتقاطع بالباركود لا كمصدر أول. المصدر المفضّل: كتالوج المصنّع أو كتالوج التجزئة السعودي.
QGAP-01341,NEEDS_SOURCE,لم يُعثر على مصدر آلي — يحتاج جلبًا من المصنّع أو كتالوج التجزئة,كيلوقز رايس كريسبيز,Kellogg's Rice Krispies,كيلوقز,Kellogg's,Kellogg's,PACKAGED,فطور,حبوب إفطار,Rice Krispies,,KSA,UNSPECIFIED,,HIGH,P1,MISSING,,OFFICIAL_MANUFACTURER,Kellogg's official product page,,,,,,,,,,,,,NONE,HIGH,,,,,,,,,كيلوقز,Kellogg's,تغطية OpenFoodFacts للسوق السعودي ضحلة (١٦٤٩٢ منتجًا إجماليًا، وعمق كل علامة عشرات مقابل مئات فعلية) — تُستخدم للتقاطع بالباركود لا كمصدر أول. المصدر المفضّل: كتالوج المصنّع أو كتالوج التجزئة السعودي.
QGAP-01342,NEEDS_SOURCE,لم يُعثر على مصدر آلي — يحتاج جلبًا من المصنّع أو كتالوج التجزئة,كيلوقز غرانولا,Kellogg's granola,كيلوقز,Kellogg's,Kellogg's,PACKAGED,فطور,حبوب إفطار,granola,,KSA,UNSPECIFIED,,HIGH,P1,MISSING,,OFFICIAL_MANUFACTURER,Kellogg's official product page,,,,,,,,,,,,,NONE,HIGH,,,,,,,,,كيلوقز,Kellogg's,تغطية OpenFoodFacts للسوق السعودي ضحلة (١٦٤٩٢ منتجًا إجماليًا، وعمق كل علامة عشرات مقابل مئات فعلية) — تُستخدم للتقاطع بالباركود لا كمصدر أول. المصدر المفضّل: كتالوج المصنّع أو كتالوج التجزئة السعودي.
QGAP-01343,NEEDS_SOURCE,لم يُعثر على مصدر آلي — يحتاج جلبًا من المصنّع أو كتالوج التجزئة,نستله فيتنس,Nestlé Fitness cereal,نستله,Nestlé,Nestlé,PACKAGED,فطور,حبوب إفطار,Fitness cereal,,KSA,UNSPECIFIED,,HIGH,P1,MISSING,,OFFICIAL_MANUFACTURER,Nestlé official product page,,,,,,,,,,,,,NONE,HIGH,,,,,,,,,نستله,Nestlé,تغطية OpenFoodFacts للسوق السعودي ضحلة (١٦٤٩٢ منتجًا إجماليًا، وعمق كل علامة عشرات مقابل مئات فعلية) — تُستخدم للتقاطع بالباركود لا كمصدر أول. المصدر المفضّل: كتالوج المصنّع أو كتالوج التجزئة السعودي.
QGAP-01344,NEEDS_SOURCE,لم يُعثر على مصدر آلي — يحتاج جلبًا من المصنّع أو كتالوج التجزئة,نستله تشيريوز,Nestlé Cheerios,نستله,Nestlé,Nestlé,PACKAGED,فطور,حبوب إفطار,Cheerios,,KSA,UNSPECIFIED,,HIGH,P1,MISSING,,OFFICIAL_MANUFACTURER,Nestlé official product page,,,,,,,,,,,,,NONE,HIGH,,,,,,,,,نستله,Nestlé,تغطية OpenFoodFacts للسوق السعودي ضحلة (١٦٤٩٢ منتجًا إجماليًا، وعمق كل علامة عشرات مقابل مئات فعلية) — تُستخدم للتقاطع بالباركود لا كمصدر أول. المصدر المفضّل: كتالوج المصنّع أو كتالوج التجزئة السعودي.
QGAP-01345,NEEDS_SOURCE,لم يُعثر على مصدر آلي — يحتاج جلبًا من المصنّع أو كتالوج التجزئة,نستله نسكويك,Nestlé Nesquik cereal,نستله,Nestlé,Nestlé,PACKAGED,فطور,حبوب إفطار,Nesquik cereal,,KSA,UNSPECIFIED,,HIGH,P1,MISSING,,OFFICIAL_MANUFACTURER,Nestlé official product page,,,,,,,,,,,,,NONE,HIGH,,,,,,,,,نستله,Nestlé,تغطية OpenFoodFacts للسوق السعودي ضحلة (١٦٤٩٢ منتجًا إجماليًا، وعمق كل علامة عشرات مقابل مئات فعلية) — تُستخدم للتقاطع بالباركود لا كمصدر أول. المصدر المفضّل: كتالوج المصنّع أو كتالوج التجزئة السعودي.
QGAP-01346,NEEDS_SOURCE,لم يُعثر على مصدر آلي — يحتاج جلبًا من المصنّع أو كتالوج التجزئة,نستله كوكو كرانش,Nestlé Koko Krunch,نستله,Nestlé,Nestlé,PACKAGED,فطور,حبوب إفطار,Koko Krunch,,KSA,UNSPECIFIED,,HIGH,P1,MISSING,,OFFICIAL_MANUFACTURER,Nestlé official product page,,,,,,,,,,,,,NONE,HIGH,,,,,,,,,نستله,Nestlé,تغطية OpenFoodFacts للسوق السعودي ضحلة (١٦٤٩٢ منتجًا إجماليًا، وعمق كل علامة عشرات مقابل مئات فعلية) — تُستخدم للتقاطع بالباركود لا كمصدر أول. المصدر المفضّل: كتالوج المصنّع أو كتالوج التجزئة السعودي.
QGAP-01347,READY_FULL,بيانات سوق غير سعودي — تُوسم صراحةً ولا تُقدَّم كقيم سعودية,كواكر شوفان سريع,Quaker quick oats,كواكر,Quaker,Quaker,PACKAGED,فطور,شوفان,quick oats,,NON_KSA,FOREIGN,NO,HIGH,P1,MISSING,,OPENFOODFACTS_VERIFIED,Open Food Facts — Quick Oats,https://world.openfoodfacts.org/product/55577101100,,,لكل 100غ,100,366.67,13.33,66.67,6.67,10.0,,,FULL,MEDIUM,,,,Quick Oats,,0.85,,55577101100,كواكر,Quaker,تغطية OpenFoodFacts للسوق السعودي ضحلة (١٦٤٩٢ منتجًا إجماليًا، وعمق كل علامة عشرات مقابل مئات فعلية) — تُستخدم للتقاطع بالباركود لا كمصدر أول. المصدر المفضّل: كتالوج المصنّع أو كتالوج التجزئة السعودي.
QGAP-01348,NEEDS_SOURCE,لم يُعثر على مصدر آلي — يحتاج جلبًا من المصنّع أو كتالوج التجزئة,كواكر شوفان بالنكهات,Quaker flavoured oatmeal,كواكر,Quaker,Quaker,PACKAGED,فطور,شوفان,flavoured oatmeal,,KSA,UNSPECIFIED,,HIGH,P1,MISSING,,OFFICIAL_MANUFACTURER,Quaker official product page,,,,,,,,,,,,,NONE,HIGH,,,,,,,,,كواكر,Quaker,تغطية OpenFoodFacts للسوق السعودي ضحلة (١٦٤٩٢ منتجًا إجماليًا، وعمق كل علامة عشرات مقابل مئات فعلية) — تُستخدم للتقاطع بالباركود لا كمصدر أول. المصدر المفضّل: كتالوج المصنّع أو كتالوج التجزئة السعودي.
QGAP-01349,NEEDS_SOURCE,لم يُعثر على مصدر آلي — يحتاج جلبًا من المصنّع أو كتالوج التجزئة,كواكر حبوب إفطار,Quaker cereal,كواكر,Quaker,Quaker,PACKAGED,فطور,شوفان,cereal,,KSA,UNSPECIFIED,,HIGH,P1,MISSING,,OFFICIAL_MANUFACTURER,Quaker official product page,,,,,,,,,,,,,NONE,HIGH,,,,,,,,,كواكر,Quaker,تغطية OpenFoodFacts للسوق السعودي ضحلة (١٦٤٩٢ منتجًا إجماليًا، وعمق كل علامة عشرات مقابل مئات فعلية) — تُستخدم للتقاطع بالباركود لا كمصدر أول. المصدر المفضّل: كتالوج المصنّع أو كتالوج التجزئة السعودي.
QGAP-01350,NEEDS_HUMAN_REVIEW,الأصل العام موجود في قِمّة — يُحسم بشريًا إن كان المتغيّر يستحق صفًّا مستقلًا · بيانات سوق غير سعودي — تُوسم صراحةً ولا تُقدَّم كقيم سعودية,بوبينز كورن فليكس,Poppins corn flakes,بوبينز,Poppins,Poppins,PACKAGED,فطور,حبوب إفطار,corn flakes,,NON_KSA,FOREIGN,NO,MEDIUM,P2,EXISTS_GENERIC_ONLY,cornflakes · كورن فليكس,OPENFOODFACTS_VERIFIED,Open Food Facts — Corn Flakes,https://world.openfoodfacts.org/product/02655642,02655642,,لكل 100غ,100,380.0,7.33,86.0,0.67,1.67,10.0,697.0,NONE,MEDIUM,,,,Corn Flakes,,0.85,,,بوبينز,Poppins,تغطية OpenFoodFacts للسوق السعودي ضحلة (١٦٤٩٢ منتجًا إجماليًا، وعمق كل علامة عشرات مقابل مئات فعلية) — تُستخدم للتقاطع بالباركود لا كمصدر أول. المصدر المفضّل: كتالوج المصنّع أو كتالوج التجزئة السعودي.
QGAP-01351,NEEDS_SOURCE,لم يُعثر على مصدر آلي — يحتاج جلبًا من المصنّع أو كتالوج التجزئة,بوبينز حلقات عسل,Poppins honey rings,بوبينز,Poppins,Poppins,PACKAGED,فطور,حبوب إفطار,honey rings,,KSA,KSA,,MEDIUM,P2,MISSING,,OFFICIAL_LOCAL,Saudi retailer catalogue (Panda/Othaim/Tamimi/Nana) + barcode,,,,,,,,,,,,,NONE,HIGH,,,,,,,,,بوبينز,Poppins,تغطية OpenFoodFacts للسوق السعودي ضحلة (١٦٤٩٢ منتجًا إجماليًا، وعمق كل علامة عشرات مقابل مئات فعلية) — تُستخدم للتقاطع بالباركود لا كمصدر أول. المصدر المفضّل: كتالوج المصنّع أو كتالوج التجزئة السعودي.
QGAP-01352,NEEDS_SOURCE,لم يُعثر على مصدر آلي — يحتاج جلبًا من المصنّع أو كتالوج التجزئة,بتيل تمر مجدول,Bateel Medjool dates,بتيل,Bateel,Bateel,PACKAGED,فواكه,تمور,Medjool dates,,KSA,UNSPECIFIED,,HIGH,P2,MISSING,,OFFICIAL_MANUFACTURER,Bateel official product page,,,,,,,,,,,,,NONE,HIGH,,,,,,,,,بتيل,Bateel,تغطية OpenFoodFacts للسوق السعودي ضحلة (١٦٤٩٢ منتجًا إجماليًا، وعمق كل علامة عشرات مقابل مئات فعلية) — تُستخدم للتقاطع بالباركود لا كمصدر أول. المصدر المفضّل: كتالوج المصنّع أو كتالوج التجزئة السعودي.
QGAP-01353,NEEDS_SOURCE,لم يُعثر على مصدر آلي — يحتاج جلبًا من المصنّع أو كتالوج التجزئة,بتيل تمر خضري,Bateel Khudri dates,بتيل,Bateel,Bateel,PACKAGED,فواكه,تمور,Khudri dates,,KSA,UNSPECIFIED,,HIGH,P2,MISSING,,OFFICIAL_MANUFACTURER,Bateel official product page,,,,,,,,,,,,,NONE,HIGH,,,,,,,,,بتيل,Bateel,تغطية OpenFoodFacts للسوق السعودي ضحلة (١٦٤٩٢ منتجًا إجماليًا، وعمق كل علامة عشرات مقابل مئات فعلية) — تُستخدم للتقاطع بالباركود لا كمصدر أول. المصدر المفضّل: كتالوج المصنّع أو كتالوج التجزئة السعودي.
QGAP-01354,NEEDS_SOURCE,لم يُعثر على مصدر آلي — يحتاج جلبًا من المصنّع أو كتالوج التجزئة,بتيل تمر محشي باللوز,Bateel almond-stuffed dates,بتيل,Bateel,Bateel,PACKAGED,فواكه,تمور,almond-stuffed dates,,KSA,UNSPECIFIED,,HIGH,P2,MISSING,,OFFICIAL_MANUFACTURER,Bateel official product page,,,,,,,,,,,,,NONE,HIGH,,,,,,,,,بتيل,Bateel,تغطية OpenFoodFacts للسوق السعودي ضحلة (١٦٤٩٢ منتجًا إجماليًا، وعمق كل علامة عشرات مقابل مئات فعلية) — تُستخدم للتقاطع بالباركود لا كمصدر أول. المصدر المفضّل: كتالوج المصنّع أو كتالوج التجزئة السعودي.
QGAP-01355,NEEDS_SOURCE,لم يُعثر على مصدر آلي — يحتاج جلبًا من المصنّع أو كتالوج التجزئة,بتيل تمر مغطى بالشوكولاتة,Bateel chocolate-coated dates,بتيل,Bateel,Bateel,PACKAGED,فواكه,تمور,chocolate-coated dates,,KSA,UNSPECIFIED,,HIGH,P2,MISSING,,OFFICIAL_MANUFACTURER,Bateel official product page,,,,,,,,,,,,,NONE,HIGH,,,,,,,,,بتيل,Bateel,تغطية OpenFoodFacts للسوق السعودي ضحلة (١٦٤٩٢ منتجًا إجماليًا، وعمق كل علامة عشرات مقابل مئات فعلية) — تُستخدم للتقاطع بالباركود لا كمصدر أول. المصدر المفضّل: كتالوج المصنّع أو كتالوج التجزئة السعودي.
QGAP-01356,NEEDS_SOURCE,لم يُعثر على مصدر آلي — يحتاج جلبًا من المصنّع أو كتالوج التجزئة,بتيل معجون تمر,Bateel date paste,بتيل,Bateel,Bateel,PACKAGED,فواكه,تمور,date paste,,KSA,UNSPECIFIED,,HIGH,P2,MISSING,,OFFICIAL_MANUFACTURER,Bateel official product page,,,,,,,,,,,,,NONE,HIGH,,,,,,,,,بتيل,Bateel,تغطية OpenFoodFacts للسوق السعودي ضحلة (١٦٤٩٢ منتجًا إجماليًا، وعمق كل علامة عشرات مقابل مئات فعلية) — تُستخدم للتقاطع بالباركود لا كمصدر أول. المصدر المفضّل: كتالوج المصنّع أو كتالوج التجزئة السعودي.
QGAP-01357,NEEDS_SOURCE,لم يُعثر على مصدر آلي — يحتاج جلبًا من المصنّع أو كتالوج التجزئة,تمرة تمر باللوز والشوكولاتة,Tamrah date with almond and chocolate,تمرة,Tamrah,Tamrah,PACKAGED,حلويات,تمور,date with almond and chocolate,,KSA,KSA,,HIGH,P2,MISSING,,OFFICIAL_LOCAL,Saudi retailer catalogue (Panda/Othaim/Tamimi/Nana) + barcode,,,,,,,,,,,,,NONE,HIGH,,,,,,,,,تمرة,Tamrah,تغطية OpenFoodFacts للسوق السعودي ضحلة (١٦٤٩٢ منتجًا إجماليًا، وعمق كل علامة عشرات مقابل مئات فعلية) — تُستخدم للتقاطع بالباركود لا كمصدر أول. المصدر المفضّل: كتالوج المصنّع أو كتالوج التجزئة السعودي.
QGAP-01358,NEEDS_SOURCE,لم يُعثر على مصدر آلي — يحتاج جلبًا من المصنّع أو كتالوج التجزئة,الفوعة تمر مجدول,Al Foah Medjool dates,الفوعة,Al Foah,Al Foah,PACKAGED,فواكه,تمور,Medjool dates,,KSA,UNSPECIFIED,,MEDIUM,P2,MISSING,,OFFICIAL_MANUFACTURER,Al Foah official product page,,,,,,,,,,,,,NONE,HIGH,,,,,,,,,الفوعة,Al Foah,تغطية OpenFoodFacts للسوق السعودي ضحلة (١٦٤٩٢ منتجًا إجماليًا، وعمق كل علامة عشرات مقابل مئات فعلية) — تُستخدم للتقاطع بالباركود لا كمصدر أول. المصدر المفضّل: كتالوج المصنّع أو كتالوج التجزئة السعودي.
QGAP-01359,NEEDS_SOURCE,لم يُعثر على مصدر آلي — يحتاج جلبًا من المصنّع أو كتالوج التجزئة,الفوعة تمر فرض,Al Foah Fard dates,الفوعة,Al Foah,Al Foah,PACKAGED,فواكه,تمور,Fard dates,,KSA,UNSPECIFIED,,MEDIUM,P2,MISSING,,OFFICIAL_MANUFACTURER,Al Foah official product page,,,,,,,,,,,,,NONE,HIGH,,,,,,,,,الفوعة,Al Foah,تغطية OpenFoodFacts للسوق السعودي ضحلة (١٦٤٩٢ منتجًا إجماليًا، وعمق كل علامة عشرات مقابل مئات فعلية) — تُستخدم للتقاطع بالباركود لا كمصدر أول. المصدر المفضّل: كتالوج المصنّع أو كتالوج التجزئة السعودي.
QGAP-01360,NEEDS_SOURCE,لم يُعثر على مصدر آلي — يحتاج جلبًا من المصنّع أو كتالوج التجزئة,الفوعة معجون تمر,Al Foah date paste,الفوعة,Al Foah,Al Foah,PACKAGED,فواكه,تمور,date paste,,KSA,UNSPECIFIED,,MEDIUM,P2,MISSING,,OFFICIAL_MANUFACTURER,Al Foah official product page,,,,,,,,,,,,,NONE,HIGH,,,,,,,,,الفوعة,Al Foah,تغطية OpenFoodFacts للسوق السعودي ضحلة (١٦٤٩٢ منتجًا إجماليًا، وعمق كل علامة عشرات مقابل مئات فعلية) — تُستخدم للتقاطع بالباركود لا كمصدر أول. المصدر المفضّل: كتالوج المصنّع أو كتالوج التجزئة السعودي.
QGAP-01361,NEEDS_SOURCE,لم يُعثر على مصدر آلي — يحتاج جلبًا من المصنّع أو كتالوج التجزئة,القهوة السعودية بن سعودي مطحون,Saudi Coffee Co. ground Saudi coffee,القهوة السعودية,Saudi Coffee Co.,Saudi Coffee Co.,PACKAGED,مشروبات,قهوة,ground Saudi coffee,,KSA,KSA,,HIGH,P2,MISSING,,OFFICIAL_LOCAL,Saudi retailer catalogue (Panda/Othaim/Tamimi/Nana) + barcode,,,,,,,,,,,,,NONE,HIGH,,,,,,,,,القهوة السعودية,Saudi Coffee Co.,تغطية OpenFoodFacts للسوق السعودي ضحلة (١٦٤٩٢ منتجًا إجماليًا، وعمق كل علامة عشرات مقابل مئات فعلية) — تُستخدم للتقاطع بالباركود لا كمصدر أول. المصدر المفضّل: كتالوج المصنّع أو كتالوج التجزئة السعودي.
QGAP-01362,NEEDS_SOURCE,لم يُعثر على مصدر آلي — يحتاج جلبًا من المصنّع أو كتالوج التجزئة,القهوة السعودية قهوة مختصة,Saudi Coffee Co. specialty coffee beans,القهوة السعودية,Saudi Coffee Co.,Saudi Coffee Co.,PACKAGED,مشروبات,قهوة,specialty coffee beans,,KSA,KSA,,HIGH,P2,MISSING,,OFFICIAL_LOCAL,Saudi retailer catalogue (Panda/Othaim/Tamimi/Nana) + barcode,,,,,,,,,,,,,NONE,HIGH,,,,,,,,,القهوة السعودية,Saudi Coffee Co.,تغطية OpenFoodFacts للسوق السعودي ضحلة (١٦٤٩٢ منتجًا إجماليًا، وعمق كل علامة عشرات مقابل مئات فعلية) — تُستخدم للتقاطع بالباركود لا كمصدر أول. المصدر المفضّل: كتالوج المصنّع أو كتالوج التجزئة السعودي.
QGAP-01363,READY_FULL,بيانات سوق غير سعودي — تُوسم صراحةً ولا تُقدَّم كقيم سعودية,بيربلز كوكيز آند كريم,Barebells Cookies and Cream,بيربلز,Barebells,Barebells,PACKAGED,لياقة وبروتين,ألواح بروتين,Cookies and Cream,,NON_KSA,FOREIGN,NO,HIGH,P1,MISSING,,OPENFOODFACTS_VERIFIED,Open Food Facts — Cookies & Cream,https://world.openfoodfacts.org/product/0850054108210,0850054108210,,لكل 100غ,100,382.0,36.4,36.4,12.7,5.45,9.09,127.0,FULL,MEDIUM,,,,Cookies & Cream,,0.85,,,بيربلز,Barebells,
QGAP-01364,READY_PARTIAL,قيم جزئية من مصدر موثوق — الباقي يبقى فارغًا · بيانات سوق غير سعودي — تُوسم صراحةً ولا تُقدَّم كقيم سعودية,بيربلز كراميل كاجو,Barebells Caramel Cashew,بيربلز,Barebells,Barebells,PACKAGED,لياقة وبروتين,ألواح بروتين,Caramel Cashew,,NON_KSA,FOREIGN,NO,HIGH,P1,MISSING,,OPENFOODFACTS_VERIFIED,Open Food Facts — Caramel Cashew,https://world.openfoodfacts.org/product/0850000429642,0850000429642,,لكل 100غ,100,363.64,,34.55,14.55,7.27,10.91,,PARTIAL,MEDIUM,,,,Caramel Cashew,,0.85,protein_g,,بيربلز,Barebells,
QGAP-01365,NEEDS_SOURCE,لم يُعثر على مصدر آلي — يحتاج جلبًا من المصنّع أو كتالوج التجزئة,بيربلز كريمي كراميل,Barebells Creamy Caramel,بيربلز,Barebells,Barebells,PACKAGED,لياقة وبروتين,ألواح بروتين,Creamy Caramel,,KSA,UNSPECIFIED,,HIGH,P1,MISSING,,OFFICIAL_MANUFACTURER,Barebells official nutrition,,,,,,,,,,,,,NONE,HIGH,,,,,,,,,بيربلز,Barebells,
QGAP-01366,READY_FULL,بيانات سوق غير سعودي — تُوسم صراحةً ولا تُقدَّم كقيم سعودية,بيربلز وايت شوكليت,Barebells White Chocolate Almond,بيربلز,Barebells,Barebells,PACKAGED,لياقة وبروتين,ألواح بروتين,White Chocolate Almond,,NON_KSA,FOREIGN,NO,HIGH,P1,MISSING,,OPENFOODFACTS_VERIFIED,Open Food Facts — White chocolate almond,https://world.openfoodfacts.org/product/7340001801101,7340001801101,55 g,لكل 100غ,100,364.0,36.4,29.1,14.7,6.91,2.18,185.0,FULL,MEDIUM,,,,White chocolate almond,,0.85,,,بيربلز,Barebells,
QGAP-01367,READY_FULL,بيانات سوق غير سعودي — تُوسم صراحةً ولا تُقدَّم كقيم سعودية,بيربلز هيزلنت,Barebells Hazelnut Nougat,بيربلز,Barebells,Barebells,PACKAGED,لياقة وبروتين,ألواح بروتين,Hazelnut Nougat,,NON_KSA,FOREIGN,NO,HIGH,P1,MISSING,,OPENFOODFACTS_VERIFIED,Open Food Facts — Hazelnut Nougat,https://world.openfoodfacts.org/product/9346465807978,9346465807978,,لكل 100غ,100,372.0,36.0,28.0,16.0,5.3,2.7,,FULL,MEDIUM,,,,Hazelnut Nougat,,0.85,,,بيربلز,Barebells,
QGAP-01368,READY_FULL,بيانات سوق غير سعودي — تُوسم صراحةً ولا تُقدَّم كقيم سعودية,بيربلز شوكليت دو,Barebells Chocolate Dough,بيربلز,Barebells,Barebells,PACKAGED,لياقة وبروتين,ألواح بروتين,Chocolate Dough,,NON_KSA,FOREIGN,NO,HIGH,P1,MISSING,,OPENFOODFACTS_VERIFIED,Open Food Facts — Chocolate Dough,https://world.openfoodfacts.org/product/0850000429307,0850000429307,,لكل 100غ,100,363.64,36.36,36.36,12.73,5.45,10.91,272.73,FULL,MEDIUM,,,,Chocolate Dough,,0.85,,,بيربلز,Barebells,
QGAP-01369,READY_FULL,بيانات سوق غير سعودي — تُوسم صراحةً ولا تُقدَّم كقيم سعودية,بيربلز سولتي بينت,Barebells Salty Peanut,بيربلز,Barebells,Barebells,PACKAGED,لياقة وبروتين,ألواح بروتين,Salty Peanut,,NON_KSA,FOREIGN,NO,HIGH,P1,MISSING,,OPENFOODFACTS_VERIFIED,Open Food Facts — Salty peanut,https://world.openfoodfacts.org/product/4340421600363,4340421600363,,لكل 100غ,100,370.91,36.36,29.09,14.91,7.27,2.36,,FULL,MEDIUM,,,,Salty peanut,,0.85,,,بيربلز,Barebells,
QGAP-01370,NEEDS_SOURCE,لم يُعثر على مصدر آلي — يحتاج جلبًا من المصنّع أو كتالوج التجزئة,بيربلز ميلك شيك بروتين,Barebells protein milkshake,بيربلز,Barebells,Barebells,PACKAGED,لياقة وبروتين,ألواح بروتين,protein milkshake,,KSA,UNSPECIFIED,,HIGH,P1,MISSING,,OFFICIAL_MANUFACTURER,Barebells official nutrition,,,,,,,,,,,,,NONE,HIGH,,,,,,,,,بيربلز,Barebells,
QGAP-01371,NEEDS_SOURCE,لم يُعثر على مصدر آلي — يحتاج جلبًا من المصنّع أو كتالوج التجزئة,بيربلز سوفت بار,Barebells soft bar,بيربلز,Barebells,Barebells,PACKAGED,لياقة وبروتين,ألواح بروتين,soft bar,,KSA,UNSPECIFIED,,HIGH,P1,MISSING,,OFFICIAL_MANUFACTURER,Barebells official nutrition,,,,,,,,,,,,,NONE,HIGH,,,,,,,,,بيربلز,Barebells,
QGAP-01372,READY_FULL,بيانات سوق غير سعودي — تُوسم صراحةً ولا تُقدَّم كقيم سعودية,كويست شوكولاتة تشيب,Quest Chocolate Chip Cookie Dough,كويست,Quest,Quest,PACKAGED,لياقة وبروتين,ألواح بروتين,Chocolate Chip Cookie Dough,,NON_KSA,FOREIGN,NO,MEDIUM,P2,MISSING,,OPENFOODFACTS_VERIFIED,Open Food Facts — Chocolate chip cookie dough,https://world.openfoodfacts.org/product/0888849011681,0888849011681,,لكل 100غ,100,316.67,35.0,35.0,15.0,20.0,8.33,366.67,FULL,MEDIUM,,,,Chocolate chip cookie dough,,0.85,,,كويست,Quest,
QGAP-01373,READY_FULL,بيانات سوق غير سعودي — تُوسم صراحةً ولا تُقدَّم كقيم سعودية,كويست كوكيز آند كريم,Quest Cookies and Cream,كويست,Quest,Quest,PACKAGED,لياقة وبروتين,ألواح بروتين,Cookies and Cream,,NON_KSA,FOREIGN,NO,MEDIUM,P2,MISSING,,OPENFOODFACTS_VERIFIED,Open Food Facts — Cookies &cream,https://world.openfoodfacts.org/product/0888849444441,0888849444441,,لكل 100غ,100,316.67,35.0,35.0,13.33,21.67,6.67,483.33,FULL,MEDIUM,,,,Cookies &cream,,0.85,,,كويست,Quest,
QGAP-01374,NEEDS_SOURCE,لم يُعثر على مصدر آلي — يحتاج جلبًا من المصنّع أو كتالوج التجزئة,كويست بيرثداي كيك,Quest Birthday Cake,كويست,Quest,Quest,PACKAGED,لياقة وبروتين,ألواح بروتين,Birthday Cake,,KSA,UNSPECIFIED,,MEDIUM,P2,MISSING,,OFFICIAL_MANUFACTURER,Quest Nutrition official,,,,,,,,,,,,,NONE,HIGH,,,,,,,,,كويست,Quest,
QGAP-01375,READY_FULL,بيانات سوق غير سعودي — تُوسم صراحةً ولا تُقدَّم كقيم سعودية,كويست شيبس بروتين,Quest protein chips,كويست,Quest,Quest,PACKAGED,لياقة وبروتين,ألواح بروتين,protein chips,,NON_KSA,FOREIGN,NO,MEDIUM,P2,MISSING,,OPENFOODFACTS_VERIFIED,Open Food Facts — Protein chips,https://world.openfoodfacts.org/product/0888849008759,0888849008759,,لكل 100غ,100,464.0,57.1,17.9,17.9,3.57,3.57,1040.0,FULL,MEDIUM,,,,Protein chips,,0.85,,,كويست,Quest,
QGAP-01376,NEEDS_SOURCE,لم يُعثر على مصدر آلي — يحتاج جلبًا من المصنّع أو كتالوج التجزئة,جرينيد كاربكيلر كراميل,Grenade Carb Killa Caramel,جرينيد,Grenade,Grenade,PACKAGED,لياقة وبروتين,ألواح بروتين,Carb Killa Caramel,,KSA,UNSPECIFIED,,MEDIUM,P2,MISSING,,OFFICIAL_MANUFACTURER,Grenade official (UK panels),,,,,,,,,,,,,NONE,HIGH,,,,,,,,,جرينيد,Grenade,
QGAP-01377,NEEDS_SOURCE,لم يُعثر على مصدر آلي — يحتاج جلبًا من المصنّع أو كتالوج التجزئة,جرينيد وايت شوكليت,Grenade White Chocolate,جرينيد,Grenade,Grenade,PACKAGED,لياقة وبروتين,ألواح بروتين,White Chocolate,,KSA,UNSPECIFIED,,MEDIUM,P2,MISSING,,OFFICIAL_MANUFACTURER,Grenade official (UK panels),,,,,,,,,,,,,NONE,HIGH,,,,,,,,,جرينيد,Grenade,
QGAP-01378,NEEDS_SOURCE,لم يُعثر على مصدر آلي — يحتاج جلبًا من المصنّع أو كتالوج التجزئة,جرينيد بينت نتر,Grenade Peanut Nutter,جرينيد,Grenade,Grenade,PACKAGED,لياقة وبروتين,ألواح بروتين,Peanut Nutter,,KSA,UNSPECIFIED,,MEDIUM,P2,MISSING,,OFFICIAL_MANUFACTURER,Grenade official (UK panels),,,,,,,,,,,,,NONE,HIGH,,,,,,,,,جرينيد,Grenade,
QGAP-01379,NEEDS_SOURCE,لم يُعثر على مصدر آلي — يحتاج جلبًا من المصنّع أو كتالوج التجزئة,جرينيد فدج براوني,Grenade Fudge Brownie,جرينيد,Grenade,Grenade,PACKAGED,لياقة وبروتين,ألواح بروتين,Fudge Brownie,,KSA,UNSPECIFIED,,MEDIUM,P2,MISSING,,OFFICIAL_MANUFACTURER,Grenade official (UK panels),,,,,,,,,,,,,NONE,HIGH,,,,,,,,,جرينيد,Grenade,
QGAP-01380,NEEDS_HUMAN_REVIEW,مطابقة آلية بدرجة 0.777 دون حدّ القبول — تحتاج تأكيدًا · بيانات سوق غير سعودي — تُوسم صراحةً ولا تُقدَّم كقيم سعودية,أوبتيموم نيوترشن جولد ستاندرد واي شوكولاتة,Optimum Nutrition Gold Standard Whey Chocolate,أوبتيموم نيوترشن,Optimum Nutrition,Optimum Nutrition,PACKAGED,لياقة وبروتين,بروتين باودر,Gold Standard Whey Chocolate,,NON_KSA,FOREIGN,NO,HIGH,P1,MISSING,,OPENFOODFACTS_VERIFIED,Open Food Facts — whey gold standard,https://world.openfoodfacts.org/product/5060469988467,5060469988467,899 g,31 g,100,374.19,76.0,5.3,4.6,2.3,3.2,149.0,NONE,HIGH,,,,whey gold standard,,0.777,,,أوبتيموم نيوترشن,Optimum Nutrition,
QGAP-01381,NEEDS_SOURCE,لم يُعثر على مصدر آلي — يحتاج جلبًا من المصنّع أو كتالوج التجزئة,أوبتيموم نيوترشن جولد ستاندرد واي فانيلا,Optimum Nutrition Gold Standard Whey Vanilla,أوبتيموم نيوترشن,Optimum Nutrition,Optimum Nutrition,PACKAGED,لياقة وبروتين,بروتين باودر,Gold Standard Whey Vanilla,,KSA,UNSPECIFIED,,HIGH,P1,MISSING,,OFFICIAL_MANUFACTURER,Optimum Nutrition official,,,,,,,,,,,,,NONE,HIGH,,,,,,,,,أوبتيموم نيوترشن,Optimum Nutrition,
QGAP-01382,NEEDS_SOURCE,لم يُعثر على مصدر آلي — يحتاج جلبًا من المصنّع أو كتالوج التجزئة,أوبتيموم نيوترشن جولد ستاندرد واي فراولة,Optimum Nutrition Gold Standard Whey Strawberry,أوبتيموم نيوترشن,Optimum Nutrition,Optimum Nutrition,PACKAGED,لياقة وبروتين,بروتين باودر,Gold Standard Whey Strawberry,,KSA,UNSPECIFIED,,HIGH,P1,MISSING,,OFFICIAL_MANUFACTURER,Optimum Nutrition official,,,,,,,,,,,,,NONE,HIGH,,,,,,,,,أوبتيموم نيوترشن,Optimum Nutrition,
QGAP-01383,NEEDS_SOURCE,لم يُعثر على مصدر آلي — يحتاج جلبًا من المصنّع أو كتالوج التجزئة,أوبتيموم نيوترشن آيزوليت,Optimum Nutrition Whey Isolate,أوبتيموم نيوترشن,Optimum Nutrition,Optimum Nutrition,PACKAGED,لياقة وبروتين,بروتين باودر,Whey Isolate,,KSA,UNSPECIFIED,,HIGH,P1,MISSING,,OFFICIAL_MANUFACTURER,Optimum Nutrition official,,,,,,,,,,,,,NONE,HIGH,,,,,,,,,أوبتيموم نيوترشن,Optimum Nutrition,
QGAP-01384,READY_FULL,بيانات سوق غير سعودي — تُوسم صراحةً ولا تُقدَّم كقيم سعودية,أوبتيموم نيوترشن كازيين,Optimum Nutrition Casein,أوبتيموم نيوترشن,Optimum Nutrition,Optimum Nutrition,PACKAGED,لياقة وبروتين,بروتين باودر,Casein,,NON_KSA,FOREIGN,NO,HIGH,P1,MISSING,,OPENFOODFACTS_VERIFIED,Open Food Facts — Casein,https://world.openfoodfacts.org/product/5060469989877,5060469989877,924 g,1 portion (15 g),100,350.0,74.0,5.8,2.5,3.5,3.4,747.0,FULL,MEDIUM,,,,Casein,,0.897,,,أوبتيموم نيوترشن,Optimum Nutrition,
QGAP-01385,NEEDS_HUMAN_REVIEW,مطابقة آلية بدرجة 0.729 دون حدّ القبول — تحتاج تأكيدًا · بيانات سوق غير سعودي — تُوسم صراحةً ولا تُقدَّم كقيم سعودية,أوبتيموم نيوترشن سيريس ماس,Optimum Nutrition Serious Mass gainer,أوبتيموم نيوترشن,Optimum Nutrition,Optimum Nutrition,PACKAGED,لياقة وبروتين,بروتين باودر,Serious Mass gainer,,NON_KSA,FOREIGN,NO,HIGH,P1,MISSING,,OPENFOODFACTS_VERIFIED,Open Food Facts — serious mass,https://world.openfoodfacts.org/product/5060245600446,5060245600446,5.45 kg,336 g,100,375.6,14.88,73.81,2.08,,3.27,139.29,NONE,HIGH,,,,serious mass,,0.729,,,أوبتيموم نيوترشن,Optimum Nutrition,
QGAP-01386,READY_FULL,بيانات سوق غير سعودي — تُوسم صراحةً ولا تُقدَّم كقيم سعودية,أوبتيموم نيوترشن أمينو إنرجي,Optimum Nutrition Amino Energy,أوبتيموم نيوترشن,Optimum Nutrition,Optimum Nutrition,PACKAGED,لياقة وبروتين,بروتين باودر,Amino Energy,,NON_KSA,FOREIGN,NO,HIGH,P1,MISSING,,OPENFOODFACTS_VERIFIED,Open Food Facts — AMINO. ENERGY,https://world.openfoodfacts.org/product/0748927026658,0748927026658,141603036,2 scoops (9 g),100,55.56,0.0,11.11,0.0,,,111.11,FULL,MEDIUM,,,,AMINO. ENERGY,,0.907,,,أوبتيموم نيوترشن,Optimum Nutrition,
QGAP-01387,NEEDS_HUMAN_REVIEW,مطابقة آلية بدرجة 0.715 دون حدّ القبول — تحتاج تأكيدًا · بيانات سوق غير سعودي — تُوسم صراحةً ولا تُقدَّم كقيم سعودية,ماي بروتين إمباكت واي,MyProtein Impact Whey,ماي بروتين,MyProtein,MyProtein,PACKAGED,لياقة وبروتين,بروتين باودر,Impact Whey,,NON_KSA,FOREIGN,NO,MEDIUM,P2,MISSING,,OPENFOODFACTS_VERIFIED,Open Food Facts — Impact Whey Protein,https://world.openfoodfacts.org/product/5055534320259,5055534320259,1 kg e,30 g,100,370.0,70.0,6.33,19.67,0.0,0.0,0.0,NONE,HIGH,,,,Impact Whey Protein,,0.715,,,ماي بروتين,MyProtein,
QGAP-01388,NEEDS_HUMAN_REVIEW,مطابقة آلية بدرجة 0.705 دون حدّ القبول — تحتاج تأكيدًا · بيانات سوق غير سعودي — تُوسم صراحةً ولا تُقدَّم كقيم سعودية,ماي بروتين كلير واي,MyProtein Clear Whey,ماي بروتين,MyProtein,MyProtein,PACKAGED,لياقة وبروتين,بروتين باودر,Clear Whey,,NON_KSA,FOREIGN,NO,MEDIUM,P2,MISSING,,OPENFOODFACTS_VERIFIED,Open Food Facts — Clear Whey Isolate,https://world.openfoodfacts.org/product/5056379503869,5056379503869,498g,1 scoop (24.9 g),100,332.0,81.12,0.8,0.4,,0.8,8.03,NONE,HIGH,,,,Clear Whey Isolate,,0.705,,,ماي بروتين,MyProtein,
QGAP-01389,NEEDS_SOURCE,لم يُعثر على مصدر آلي — يحتاج جلبًا من المصنّع أو كتالوج التجزئة,ماي بروتين آيزوليت,MyProtein Whey Isolate,ماي بروتين,MyProtein,MyProtein,PACKAGED,لياقة وبروتين,بروتين باودر,Whey Isolate,,KSA,UNSPECIFIED,,MEDIUM,P2,MISSING,,OFFICIAL_MANUFACTURER,MyProtein official,,,,,,,,,,,,,NONE,HIGH,,,,,,,,,ماي بروتين,MyProtein,
QGAP-01390,NEEDS_HUMAN_REVIEW,الأصل العام موجود في قِمّة — يُحسم بشريًا إن كان المتغيّر يستحق صفًّا مستقلًا · بيانات سوق غير سعودي — تُوسم صراحةً ولا تُقدَّم كقيم سعودية,ماي بروتين بروتين بار,MyProtein protein bar,ماي بروتين,MyProtein,MyProtein,PACKAGED,لياقة وبروتين,بروتين باودر,protein bar,,NON_KSA,FOREIGN,NO,MEDIUM,P2,EXISTS_GENERIC_ONLY,protein-bar · بار بروتين,OPENFOODFACTS_VERIFIED,Open Food Facts — High protein bar,https://world.openfoodfacts.org/product/5055936873742,5055936873742,80 g,80g,100,328.0,38.0,29.0,7.9,13.0,4.7,280.0,NONE,MEDIUM,,,,High protein bar,,0.704,,,ماي بروتين,MyProtein,
QGAP-01391,NEEDS_SOURCE,لم يُعثر على مصدر آلي — يحتاج جلبًا من المصنّع أو كتالوج التجزئة,المراعي حليب عالي البروتين,Almarai high-protein milk,المراعي,Almarai,Almarai,PACKAGED,لياقة وبروتين,منتجات عالية البروتين,high-protein milk,,KSA,UNSPECIFIED,,VERY_HIGH,P0,MISSING,,OFFICIAL_MANUFACTURER,Almarai official product page,,,,,,,,,,,,,NONE,HIGH,,,,,,,,,المراعي,Almarai,
QGAP-01392,NEEDS_SOURCE,لم يُعثر على مصدر آلي — يحتاج جلبًا من المصنّع أو كتالوج التجزئة,المراعي زبادي عالي البروتين,Almarai high-protein yogurt,المراعي,Almarai,Almarai,PACKAGED,لياقة وبروتين,منتجات عالية البروتين,high-protein yogurt,,KSA,UNSPECIFIED,,VERY_HIGH,P0,MISSING,,OFFICIAL_MANUFACTURER,Almarai official product page,,,,,,,,,,,,,NONE,HIGH,,,,,,,,,المراعي,Almarai,
QGAP-01393,NEEDS_SOURCE,لم يُعثر على مصدر آلي — يحتاج جلبًا من المصنّع أو كتالوج التجزئة,المراعي لبن عالي البروتين,Almarai high-protein laban,المراعي,Almarai,Almarai,PACKAGED,لياقة وبروتين,منتجات عالية البروتين,high-protein laban,,KSA,UNSPECIFIED,,VERY_HIGH,P0,MISSING,,OFFICIAL_MANUFACTURER,Almarai official product page,,,,,,,,,,,,,NONE,HIGH,,,,,,,,,المراعي,Almarai,
QGAP-01394,READY_FULL,,نادك حليب بروتين,NADEC protein milk,نادك,NADEC,NADEC,PACKAGED,لياقة وبروتين,منتجات عالية البروتين,protein milk,,KSA,KSA,YES,HIGH,P1,MISSING,,OPENFOODFACTS_VERIFIED,Open Food Facts — Protein Milk Drink,https://world.openfoodfacts.org/product/6281057009121,6281057009121,250ml,لكل 100غ,100,76.0,6.0,12.3,0.2,0.6,11.8,90.0,FULL,MEDIUM,,,,Protein Milk Drink,,0.877,,,نادك,NADEC,
QGAP-01395,NEEDS_SOURCE,لم يُعثر على مصدر آلي — يحتاج جلبًا من المصنّع أو كتالوج التجزئة,نادك زبادي بروتين,NADEC protein yogurt,نادك,NADEC,NADEC,PACKAGED,لياقة وبروتين,منتجات عالية البروتين,protein yogurt,,KSA,UNSPECIFIED,,HIGH,P1,MISSING,,OFFICIAL_MANUFACTURER,NADEC official,,,,,,,,,,,,,NONE,HIGH,,,,,,,,,نادك,NADEC,
QGAP-01396,NEEDS_SOURCE,لم يُعثر على مصدر آلي — يحتاج جلبًا من المصنّع أو كتالوج التجزئة,الصافي لبن عالي البروتين,Al Safi high-protein laban,الصافي,Al Safi,Al Safi,PACKAGED,لياقة وبروتين,منتجات عالية البروتين,high-protein laban,,KSA,UNSPECIFIED,,HIGH,P1,MISSING,,OFFICIAL_MANUFACTURER,Al Safi Danone official,,,,,,,,,,,,,NONE,HIGH,,,,,,,,,الصافي,Al Safi,
QGAP-01397,NEEDS_SOURCE,لم يُعثر على مصدر آلي — يحتاج جلبًا من المصنّع أو كتالوج التجزئة,الصافي زبادي يوناني عالي البروتين,Al Safi high-protein Greek yogurt,الصافي,Al Safi,Al Safi,PACKAGED,لياقة وبروتين,منتجات عالية البروتين,high-protein Greek yogurt,,KSA,UNSPECIFIED,,HIGH,P1,MISSING,,OFFICIAL_MANUFACTURER,Al Safi Danone official,,,,,,,,,,,,,NONE,HIGH,,,,,,,,,الصافي,Al Safi,
QGAP-01398,NEEDS_SOURCE,لم يُعثر على مصدر آلي — يحتاج جلبًا من المصنّع أو كتالوج التجزئة,أتكنز بار شوكولاتة,Atkins chocolate bar,أتكنز,Atkins,Atkins,PACKAGED,لياقة وبروتين,ألواح بروتين,chocolate bar,,KSA,UNSPECIFIED,,MEDIUM,P2,MISSING,,OFFICIAL_MANUFACTURER,Atkins official,,,,,,,,,,,,,NONE,HIGH,,,,,,,,,أتكنز,Atkins,
QGAP-01399,READY_FULL,بيانات سوق غير سعودي — تُوسم صراحةً ولا تُقدَّم كقيم سعودية,أتكنز شيك,Atkins shake,أتكنز,Atkins,Atkins,PACKAGED,لياقة وبروتين,ألواح بروتين,shake,,NON_KSA,FOREIGN,NO,MEDIUM,P2,MISSING,,OPENFOODFACTS_VERIFIED,Open Food Facts — Shake,https://world.openfoodfacts.org/product/0637480069069,0637480069069,,11 OZA (325 ml),100,49.23,4.62,2.15,2.77,1.54,0.31,58.46,FULL,MEDIUM,,,,Shake,,0.907,,,أتكنز,Atkins,
QGAP-01400,NEEDS_HUMAN_REVIEW,الأصل العام موجود في قِمّة — يُحسم بشريًا إن كان المتغيّر يستحق صفًّا مستقلًا,تشوباني زبادي يوناني سادة,Chobani Greek yogurt plain,تشوباني,Chobani,Chobani,PACKAGED,لياقة وبروتين,منتجات عالية البروتين,Greek yogurt plain,,KSA,UNSPECIFIED,,MEDIUM,P3,EXISTS_GENERIC_ONLY,greek-yogurt · زبادي يوناني,OFFICIAL_MANUFACTURER,Chobani official,,,,,,,,,,,,,NONE,MEDIUM,,,,,,,,,تشوباني,Chobani,
QGAP-01401,NEEDS_HUMAN_REVIEW,الأصل العام موجود في قِمّة — يُحسم بشريًا إن كان المتغيّر يستحق صفًّا مستقلًا,تشوباني زبادي يوناني بالفواكه,Chobani Greek yogurt fruit,تشوباني,Chobani,Chobani,PACKAGED,لياقة وبروتين,منتجات عالية البروتين,Greek yogurt fruit,,KSA,UNSPECIFIED,,MEDIUM,P3,EXISTS_GENERIC_ONLY,greek-yogurt · زبادي يوناني,OFFICIAL_MANUFACTURER,Chobani official,,,,,,,,,,,,,NONE,MEDIUM,,,,,,,,,تشوباني,Chobani,
QGAP-01402,NEEDS_HUMAN_REVIEW,الأصل العام موجود في قِمّة — يُحسم بشريًا إن كان المتغيّر يستحق صفًّا مستقلًا · بيانات سوق غير سعودي — تُوسم صراحةً ولا تُقدَّم كقيم سعودية,تشوباني زبادي خالي الدسم,Chobani non-fat Greek yogurt,تشوباني,Chobani,Chobani,PACKAGED,لياقة وبروتين,منتجات عالية البروتين,non-fat Greek yogurt,,NON_KSA,FOREIGN,NO,MEDIUM,P3,EXISTS_GENERIC_ONLY,greek-yogurt · زبادي يوناني,OPENFOODFACTS_VERIFIED,Open Food Facts — Non-Fat Greek Yogurt,https://world.openfoodfacts.org/product/0818290014481,0818290014481,,لكل 100غ,100,87.0,8.0,13.33,0.0,0.7,11.33,43.0,NONE,MEDIUM,,,,Non-Fat Greek Yogurt,,0.85,,,تشوباني,Chobani,
QGAP-01403,READY_FULL,,محلي سكرالوز,Sucralose sweetener,,,,GENERIC,لياقة وبروتين,محليات,,,KSA,GLOBAL_REFERENCE,,HIGH,P2,MISSING,,USDA,"USDA FoodData Central — Sweeteners, for baking, contains sugar and sucralose",https://fdc.nal.usda.gov/food-details/170673/nutrients,,,لكل 100غ,100,398.0,0.0,99.53,0.0,,47.05,2.0,FULL,HIGH,,170673,"Sweeteners, for baking, contains sugar and sucralose",,,1.18,,,,,يُسجَّل بالعلامة التجارية الفعلية عند الاستيراد.
QGAP-01404,READY_FULL,,شراب خالي السكر,Sugar-free syrup,,,,GENERIC,لياقة وبروتين,محليات,,,KSA,GLOBAL_REFERENCE,,HIGH,P2,MISSING,,USDA,"USDA FoodData Central — Syrups, sugar free",https://fdc.nal.usda.gov/food-details/169878/nutrients,,,لكل 100غ,100,51.0,0.8,11.99,0.0,0.7,0.01,210.0,FULL,HIGH,,169878,"Syrups, sugar free",,,1.3,,,,,يُسجَّل بالعلامة التجارية الفعلية عند الاستيراد.
QGAP-01405,NEEDS_SOURCE,لم يُعثر على مصدر آلي — يحتاج جلبًا من المصنّع أو كتالوج التجزئة,صلصة خالية السعرات,Zero-calorie sauce,,,,GENERIC,لياقة وبروتين,صلصات,,,KSA,UNSPECIFIED,,HIGH,P2,MISSING,,OFFICIAL_MANUFACTURER,ملصق المنتج / صفحة المصنّع,,,,,,,,,,,,,NONE,MEDIUM,,,,,,,,,,,يُسجَّل بالعلامة التجارية الفعلية عند الاستيراد.
QGAP-01406,NEEDS_SOURCE,لم يُعثر على مصدر آلي — يحتاج جلبًا من المصنّع أو كتالوج التجزئة,كاتشب خالي السكر,Sugar-free ketchup,,,,GENERIC,لياقة وبروتين,صلصات,,,KSA,UNSPECIFIED,,HIGH,P2,MISSING,,OFFICIAL_MANUFACTURER,ملصق المنتج / صفحة المصنّع,,,,,,,,,,,,,NONE,MEDIUM,,,,,,,,,,,يُسجَّل بالعلامة التجارية الفعلية عند الاستيراد.
QGAP-01407,NEEDS_HUMAN_REVIEW,مطابقة آلية بدرجة 0.88 دون حدّ القبول — تحتاج تأكيدًا,مايونيز خالي الدهن,Fat-free mayonnaise,,,,GENERIC,لياقة وبروتين,صلصات,,,KSA,GLOBAL_REFERENCE,,HIGH,P2,MISSING,,USDA,"USDA FoodData Central — Salad Dressing, mayonnaise-like, fat-free",https://fdc.nal.usda.gov/food-details/167700/nutrients,,,لكل 100غ,100,84.0,0.2,15.5,2.7,1.9,10.3,788.0,NONE,MEDIUM,,167700,"Salad Dressing, mayonnaise-like, fat-free",,,0.88,,,,,يُسجَّل بالعلامة التجارية الفعلية عند الاستيراد.
QGAP-01408,NEEDS_HUMAN_REVIEW,الأصل العام موجود في قِمّة — يُحسم بشريًا إن كان المتغيّر يستحق صفًّا مستقلًا,زبدة فول سوداني خالية السكر,Sugar-free peanut butter,,,,GENERIC,لياقة وبروتين,سبريد,,,KSA,UNSPECIFIED,,HIGH,P2,EXISTS_GENERIC_ONLY,peanut-butter · زبدة فول سوداني,OFFICIAL_MANUFACTURER,ملصق المنتج / صفحة المصنّع,,,,,,,,,,,,,NONE,MEDIUM,,,,,,,,,,,يُسجَّل بالعلامة التجارية الفعلية عند الاستيراد.
QGAP-01409,NEEDS_SOURCE,لم يُعثر على مصدر آلي — يحتاج جلبًا من المصنّع أو كتالوج التجزئة,جيلي خالي السكر,Sugar-free jelly,,,,GENERIC,لياقة وبروتين,حلويات,,,KSA,UNSPECIFIED,,HIGH,P2,MISSING,,OFFICIAL_MANUFACTURER,ملصق المنتج / صفحة المصنّع,,,,,,,,,,,,,NONE,MEDIUM,,,,,,,,,,,يُسجَّل بالعلامة التجارية الفعلية عند الاستيراد.
QGAP-01410,NEEDS_SOURCE,لم يُعثر على مصدر آلي — يحتاج جلبًا من المصنّع أو كتالوج التجزئة,شوكولاتة خالية السكر,Sugar-free chocolate,,,,GENERIC,لياقة وبروتين,حلويات,,,KSA,UNSPECIFIED,,HIGH,P2,MISSING,,OFFICIAL_MANUFACTURER,ملصق المنتج / صفحة المصنّع,,,,,,,,,,,,,NONE,MEDIUM,,,,,,,,,,,يُسجَّل بالعلامة التجارية الفعلية عند الاستيراد.
QGAP-01411,NEEDS_SOURCE,لم يُعثر على مصدر آلي — يحتاج جلبًا من المصنّع أو كتالوج التجزئة,بسكويت خالي السكر,Sugar-free biscuit,,,,GENERIC,لياقة وبروتين,حلويات,,,KSA,UNSPECIFIED,,HIGH,P2,MISSING,,OFFICIAL_MANUFACTURER,ملصق المنتج / صفحة المصنّع,,,,,,,,,,,,,NONE,MEDIUM,,,,,,,,,,,يُسجَّل بالعلامة التجارية الفعلية عند الاستيراد.
QGAP-01412,NEEDS_SOURCE,لم يُعثر على مصدر آلي — يحتاج جلبًا من المصنّع أو كتالوج التجزئة,معكرونة كونجاك (شيراتاكي),Shirataki konjac noodles,,,,GENERIC,لياقة وبروتين,بدائل كارب,,,KSA,UNSPECIFIED,,HIGH,P2,MISSING,,OFFICIAL_MANUFACTURER,ملصق المنتج / صفحة المصنّع,,,,,,,,,,,,,NONE,MEDIUM,,,,,,,,,,,يُسجَّل بالعلامة التجارية الفعلية عند الاستيراد.
QGAP-01413,NEEDS_SOURCE,لم يُعثر على مصدر آلي — يحتاج جلبًا من المصنّع أو كتالوج التجزئة,أرز القرنبيط,Cauliflower rice,,,,GENERIC,لياقة وبروتين,بدائل كارب,,,KSA,UNSPECIFIED,,HIGH,P2,MISSING,,OFFICIAL_MANUFACTURER,ملصق المنتج / صفحة المصنّع,,,,,,,,,,,,,NONE,MEDIUM,,,,,,,,,,,يُسجَّل بالعلامة التجارية الفعلية عند الاستيراد.
QGAP-01414,NEEDS_SOURCE,لم يُعثر على مصدر آلي — يحتاج جلبًا من المصنّع أو كتالوج التجزئة,خبز كيتو,Keto bread,,,,GENERIC,لياقة وبروتين,بدائل كارب,,,KSA,UNSPECIFIED,,HIGH,P2,MISSING,,OFFICIAL_MANUFACTURER,ملصق المنتج / صفحة المصنّع,,,,,,,,,,,,,NONE,MEDIUM,,,,,,,,,,,يُسجَّل بالعلامة التجارية الفعلية عند الاستيراد.
QGAP-01415,NEEDS_SOURCE,لم يُعثر على مصدر آلي — يحتاج جلبًا من المصنّع أو كتالوج التجزئة,رقائق بروتين,Protein chips,,,,GENERIC,لياقة وبروتين,سناكس,,,KSA,UNSPECIFIED,,HIGH,P2,MISSING,,OFFICIAL_MANUFACTURER,ملصق المنتج / صفحة المصنّع,,,,,,,,,,,,,NONE,MEDIUM,,,,,,,,,,,يُسجَّل بالعلامة التجارية الفعلية عند الاستيراد.
QGAP-01416,NEEDS_SOURCE,لم يُعثر على مصدر آلي — يحتاج جلبًا من المصنّع أو كتالوج التجزئة,بوب كورن قليل السعرات,Low-calorie popcorn,,,,GENERIC,لياقة وبروتين,سناكس,,,KSA,UNSPECIFIED,,HIGH,P2,MISSING,,OFFICIAL_MANUFACTURER,ملصق المنتج / صفحة المصنّع,,,,,,,,,,,,,NONE,MEDIUM,,,,,,,,,,,يُسجَّل بالعلامة التجارية الفعلية عند الاستيراد.
QGAP-01417,NEEDS_SOURCE,لم يُعثر على مصدر آلي — يحتاج جلبًا من المصنّع أو كتالوج التجزئة,جرانولا بروتين,Protein granola,,,,GENERIC,لياقة وبروتين,فطور,,,KSA,UNSPECIFIED,,HIGH,P2,MISSING,,OFFICIAL_MANUFACTURER,ملصق المنتج / صفحة المصنّع,,,,,,,,,,,,,NONE,MEDIUM,,,,,,,,,,,يُسجَّل بالعلامة التجارية الفعلية عند الاستيراد.
QGAP-01418,NEEDS_HUMAN_REVIEW,مطابقة آلية بدرجة 0.84 دون حدّ القبول — تحتاج تأكيدًا,حبوب إفطار عالية البروتين,High-protein cereal,,,,GENERIC,لياقة وبروتين,فطور,,,KSA,GLOBAL_REFERENCE,,HIGH,P2,MISSING,,USDA,"USDA FoodData Central — Babyfood, cereal, high protein, with apple and orange, dry",https://fdc.nal.usda.gov/food-details/170973/nutrients,,,لكل 100غ,100,374.0,25.4,57.6,6.5,7.1,,104.0,NONE,MEDIUM,,170973,"Babyfood, cereal, high protein, with apple and orange, dry",,,0.84,,,,,يُسجَّل بالعلامة التجارية الفعلية عند الاستيراد.
QGAP-01419,NEEDS_SOURCE,لم يُعثر على مصدر آلي — يحتاج جلبًا من المصنّع أو كتالوج التجزئة,مشروب كولاجين,Collagen drink,,,,GENERIC,لياقة وبروتين,مكملات,,,KSA,UNSPECIFIED,,HIGH,P2,MISSING,,OFFICIAL_MANUFACTURER,ملصق المنتج / صفحة المصنّع,,,,,,,,,,,,,NONE,MEDIUM,,,,,,,,,,,يُسجَّل بالعلامة التجارية الفعلية عند الاستيراد.
QGAP-01420,NEEDS_SOURCE,لم يُعثر على مصدر آلي — يحتاج جلبًا من المصنّع أو كتالوج التجزئة,بري ورك آوت,Pre-workout supplement,,,,GENERIC,لياقة وبروتين,مكملات,,,KSA,UNSPECIFIED,,HIGH,P2,MISSING,,OFFICIAL_MANUFACTURER,ملصق المنتج / صفحة المصنّع,,,,,,,,,,,,,NONE,MEDIUM,,,,,,,,,,,يُسجَّل بالعلامة التجارية الفعلية عند الاستيراد.
QGAP-01421,NEEDS_SOURCE,لم يُعثر على مصدر آلي — يحتاج جلبًا من المصنّع أو كتالوج التجزئة,جلوتامين,Glutamine,,,,GENERIC,لياقة وبروتين,مكملات,,,KSA,UNSPECIFIED,,HIGH,P2,MISSING,,OFFICIAL_MANUFACTURER,ملصق المنتج / صفحة المصنّع,,,,,,,,,,,,,NONE,MEDIUM,,,,,,,,,,,يُسجَّل بالعلامة التجارية الفعلية عند الاستيراد.
QGAP-01422,READY_FULL,,أوميغا 3,Omega-3,,,,GENERIC,لياقة وبروتين,مكملات,,,KSA,GLOBAL_REFERENCE,,HIGH,P2,MISSING,,USDA,"USDA FoodData Central — Peanut butter with omega-3, creamy",https://fdc.nal.usda.gov/food-details/172471/nutrients,,,لكل 100غ,100,608.0,24.47,17.0,54.17,6.1,3.11,356.0,FULL,HIGH,,172471,"Peanut butter with omega-3, creamy",,,1.18,,,,,يُسجَّل بالعلامة التجارية الفعلية عند الاستيراد.
QGAP-01423,NEEDS_HUMAN_REVIEW,مطابقة آلية بدرجة 0.88 دون حدّ القبول — تحتاج تأكيدًا,فيتامين د,Vitamin D,,,,GENERIC,لياقة وبروتين,مكملات,,,KSA,GLOBAL_REFERENCE,,HIGH,P2,MISSING,,USDA,"USDA FoodData Central — Babyfood, prunes, without vitamin c, strained",https://fdc.nal.usda.gov/food-details/171340/nutrients,,,لكل 100غ,100,100.0,1.0,23.52,0.2,2.7,14.28,1.0,NONE,MEDIUM,,171340,"Babyfood, prunes, without vitamin c, strained",,,0.88,,,,,يُسجَّل بالعلامة التجارية الفعلية عند الاستيراد.
QGAP-01424,NEEDS_SOURCE,لم يُعثر على مصدر آلي — يحتاج جلبًا من المصنّع أو كتالوج التجزئة,ملتي فيتامين,Multivitamin,,,,GENERIC,لياقة وبروتين,مكملات,,,KSA,UNSPECIFIED,,HIGH,P2,MISSING,,OFFICIAL_MANUFACTURER,ملصق المنتج / صفحة المصنّع,,,,,,,,,,,,,NONE,MEDIUM,,,,,,,,,,,يُسجَّل بالعلامة التجارية الفعلية عند الاستيراد.
QGAP-01425,NEEDS_SOURCE,لم يُعثر على مصدر آلي — يحتاج جلبًا من المصنّع أو كتالوج التجزئة,حارق دهون,Fat burner,,,,GENERIC,لياقة وبروتين,مكملات,,,KSA,UNSPECIFIED,,HIGH,P2,MISSING,,OFFICIAL_MANUFACTURER,ملصق المنتج / صفحة المصنّع,,,,,,,,,,,,,NONE,MEDIUM,,,,,,,,,,,يُسجَّل بالعلامة التجارية الفعلية عند الاستيراد.
QGAP-01426,NEEDS_SOURCE,لم يُعثر على مصدر آلي — يحتاج جلبًا من المصنّع أو كتالوج التجزئة,ألياف سيلليوم,Psyllium fibre,,,,GENERIC,لياقة وبروتين,مكملات,,,KSA,UNSPECIFIED,,HIGH,P2,MISSING,,OFFICIAL_MANUFACTURER,ملصق المنتج / صفحة المصنّع,,,,,,,,,,,,,NONE,MEDIUM,,,,,,,,,,,يُسجَّل بالعلامة التجارية الفعلية عند الاستيراد.
QGAP-01427,NEEDS_HUMAN_REVIEW,الأصل العام موجود في قِمّة — يُحسم بشريًا إن كان المتغيّر يستحق صفًّا مستقلًا,مطبق لحم (حجازي),Mutabbaq with meat,,,,SAUDI_DISH,أطباق سعودية وخليجية,معجنات,,,KSA,KSA,,VERY_HIGH,P1,EXISTS_GENERIC_ONLY,mutabbaq-meat · مطبق لحم,RECIPE_ESTIMATE,جداول تركيب الأغذية السعودية / وصفة موثّقة,,,,,,,,,,,,,NONE,MEDIUM,,,,,,,,,,,يُحسب من مكوّنات موثّقة أو جداول التركيب السعودية — لا يُقدَّر اعتباطًا.
QGAP-01428,NEEDS_SOURCE,يُحسب من مكوّنات موثّقة أو جداول التركيب السعودية,مطبق دجاج,Chicken mutabbaq,,,,SAUDI_DISH,أطباق سعودية وخليجية,معجنات,,,KSA,KSA,,VERY_HIGH,P1,MISSING,,RECIPE_ESTIMATE,جداول تركيب الأغذية السعودية / وصفة موثّقة,,,,,,,,,,,,,NONE,MEDIUM,,,,,,,,,,,يُحسب من مكوّنات موثّقة أو جداول التركيب السعودية — لا يُقدَّر اعتباطًا.
QGAP-01429,NEEDS_HUMAN_REVIEW,الأصل العام موجود في قِمّة — يُحسم بشريًا إن كان المتغيّر يستحق صفًّا مستقلًا,سمبوسة روبيان,Shrimp samosa,,,,SAUDI_DISH,أطباق سعودية وخليجية,معجنات,,,KSA,KSA,,VERY_HIGH,P1,EXISTS_GENERIC_ONLY,shrimp · روبيان,RECIPE_ESTIMATE,جداول تركيب الأغذية السعودية / وصفة موثّقة,,,,,,,,,,,,,NONE,MEDIUM,,,,,,,,,,,يُحسب من مكوّنات موثّقة أو جداول التركيب السعودية — لا يُقدَّر اعتباطًا.
QGAP-01430,NEEDS_HUMAN_REVIEW,الأصل العام موجود في قِمّة — يُحسم بشريًا إن كان المتغيّر يستحق صفًّا مستقلًا,سمبوسة بطاطس,Potato samosa,,,,SAUDI_DISH,أطباق سعودية وخليجية,معجنات,,,KSA,KSA,,VERY_HIGH,P1,EXISTS_GENERIC_ONLY,samosa · سمبوسة,RECIPE_ESTIMATE,جداول تركيب الأغذية السعودية / وصفة موثّقة,,,,,,,,,,,,,NONE,MEDIUM,,,,,,,,,,,يُحسب من مكوّنات موثّقة أو جداول التركيب السعودية — لا يُقدَّر اعتباطًا.
QGAP-01431,NEEDS_SOURCE,يُحسب من مكوّنات موثّقة أو جداول التركيب السعودية,فطيرة زعتر,Zaatar pie,,,,SAUDI_DISH,أطباق سعودية وخليجية,معجنات,,,KSA,KSA,,VERY_HIGH,P1,MISSING,,RECIPE_ESTIMATE,جداول تركيب الأغذية السعودية / وصفة موثّقة,,,,,,,,,,,,,NONE,MEDIUM,,,,,,,,,,,يُحسب من مكوّنات موثّقة أو جداول التركيب السعودية — لا يُقدَّر اعتباطًا.
QGAP-01432,NEEDS_SOURCE,يُحسب من مكوّنات موثّقة أو جداول التركيب السعودية,مناقيش لحم,Meat manakish,,,,SAUDI_DISH,أطباق سعودية وخليجية,معجنات,,,KSA,KSA,,VERY_HIGH,P1,MISSING,,RECIPE_ESTIMATE,جداول تركيب الأغذية السعودية / وصفة موثّقة,,,,,,,,,,,,,NONE,MEDIUM,,,,,,,,,,,يُحسب من مكوّنات موثّقة أو جداول التركيب السعودية — لا يُقدَّر اعتباطًا.
QGAP-01433,NEEDS_SOURCE,يُحسب من مكوّنات موثّقة أو جداول التركيب السعودية,رقاق لحم,Meat ruqaq,,,,SAUDI_DISH,أطباق سعودية وخليجية,معجنات,,,KSA,KSA,,VERY_HIGH,P1,MISSING,,RECIPE_ESTIMATE,جداول تركيب الأغذية السعودية / وصفة موثّقة,,,,,,,,,,,,,NONE,MEDIUM,,,,,,,,,,,يُحسب من مكوّنات موثّقة أو جداول التركيب السعودية — لا يُقدَّر اعتباطًا.
QGAP-01434,NEEDS_SOURCE,يُحسب من مكوّنات موثّقة أو جداول التركيب السعودية,خبز رقاق (إماراتي),Ruqaq bread,,,,SAUDI_DISH,أطباق سعودية وخليجية,خبز,,,KSA,KSA,,VERY_HIGH,P1,MISSING,,RECIPE_ESTIMATE,جداول تركيب الأغذية السعودية / وصفة موثّقة,,,,,,,,,,,,,NONE,MEDIUM,,,,,,,,,,,يُحسب من مكوّنات موثّقة أو جداول التركيب السعودية — لا يُقدَّر اعتباطًا.
QGAP-01435,NEEDS_SOURCE,يُحسب من مكوّنات موثّقة أو جداول التركيب السعودية,شوربة شوفان رمضانية,Ramadan oat soup,,,,SAUDI_DISH,أطباق سعودية وخليجية,شوربات,,,KSA,KSA,,VERY_HIGH,P1,MISSING,,RECIPE_ESTIMATE,جداول تركيب الأغذية السعودية / وصفة موثّقة,,,,,,,,,,,,,NONE,MEDIUM,,,,,,,,,,,يُحسب من مكوّنات موثّقة أو جداول التركيب السعودية — لا يُقدَّر اعتباطًا.
QGAP-01436,NEEDS_SOURCE,يُحسب من مكوّنات موثّقة أو جداول التركيب السعودية,شوربة الخضار,Vegetable soup,,,,SAUDI_DISH,أطباق سعودية وخليجية,شوربات,,,KSA,KSA,,VERY_HIGH,P1,MISSING,,RECIPE_ESTIMATE,جداول تركيب الأغذية السعودية / وصفة موثّقة,,,,,,,,,,,,,NONE,MEDIUM,,,,,,,,,,,يُحسب من مكوّنات موثّقة أو جداول التركيب السعودية — لا يُقدَّر اعتباطًا.
QGAP-01437,NEEDS_SOURCE,يُحسب من مكوّنات موثّقة أو جداول التركيب السعودية,شوربة الدجاج بالشعيرية,Chicken vermicelli soup,,,,SAUDI_DISH,أطباق سعودية وخليجية,شوربات,,,KSA,KSA,,VERY_HIGH,P1,MISSING,,RECIPE_ESTIMATE,جداول تركيب الأغذية السعودية / وصفة موثّقة,,,,,,,,,,,,,NONE,MEDIUM,,,,,,,,,,,يُحسب من مكوّنات موثّقة أو جداول التركيب السعودية — لا يُقدَّر اعتباطًا.
QGAP-01438,NEEDS_SOURCE,يُحسب من مكوّنات موثّقة أو جداول التركيب السعودية,شوربة فريكة,Freekeh soup,,,,SAUDI_DISH,أطباق سعودية وخليجية,شوربات,,,KSA,KSA,,VERY_HIGH,P1,MISSING,,RECIPE_ESTIMATE,جداول تركيب الأغذية السعودية / وصفة موثّقة,,,,,,,,,,,,,NONE,MEDIUM,,,,,,,,,,,يُحسب من مكوّنات موثّقة أو جداول التركيب السعودية — لا يُقدَّر اعتباطًا.
QGAP-01439,NEEDS_SOURCE,يُحسب من مكوّنات موثّقة أو جداول التركيب السعودية,مضغوط سمك,Fish madghoot,,,,SAUDI_DISH,أطباق سعودية وخليجية,أرز,,,KSA,KSA,,VERY_HIGH,P1,MISSING,,RECIPE_ESTIMATE,جداول تركيب الأغذية السعودية / وصفة موثّقة,,,,,,,,,,,,,NONE,MEDIUM,,,,,,,,,,,يُحسب من مكوّنات موثّقة أو جداول التركيب السعودية — لا يُقدَّر اعتباطًا.
QGAP-01440,NEEDS_SOURCE,يُحسب من مكوّنات موثّقة أو جداول التركيب السعودية,زربيان لحم,Lamb zurbian,,,,SAUDI_DISH,أطباق سعودية وخليجية,أرز,,,KSA,KSA,,VERY_HIGH,P1,MISSING,,RECIPE_ESTIMATE,جداول تركيب الأغذية السعودية / وصفة موثّقة,,,,,,,,,,,,,NONE,MEDIUM,,,,,,,,,,,يُحسب من مكوّنات موثّقة أو جداول التركيب السعودية — لا يُقدَّر اعتباطًا.
QGAP-01441,NEEDS_HUMAN_REVIEW,الأصل العام موجود في قِمّة — يُحسم بشريًا إن كان المتغيّر يستحق صفًّا مستقلًا,مجبوس روبيان,Shrimp majboos,,,,SAUDI_DISH,أطباق سعودية وخليجية,أرز,,,KSA,KSA,,VERY_HIGH,P1,EXISTS_GENERIC_ONLY,shrimp · روبيان,RECIPE_ESTIMATE,جداول تركيب الأغذية السعودية / وصفة موثّقة,,,,,,,,,,,,,NONE,MEDIUM,,,,,,,,,,,يُحسب من مكوّنات موثّقة أو جداول التركيب السعودية — لا يُقدَّر اعتباطًا.
QGAP-01442,NEEDS_SOURCE,يُحسب من مكوّنات موثّقة أو جداول التركيب السعودية,أرز بالخضار,Vegetable rice,,,,SAUDI_DISH,أطباق سعودية وخليجية,أرز,,,KSA,KSA,,VERY_HIGH,P1,MISSING,,RECIPE_ESTIMATE,جداول تركيب الأغذية السعودية / وصفة موثّقة,,,,,,,,,,,,,NONE,MEDIUM,,,,,,,,,,,يُحسب من مكوّنات موثّقة أو جداول التركيب السعودية — لا يُقدَّر اعتباطًا.
QGAP-01443,NEEDS_SOURCE,يُحسب من مكوّنات موثّقة أو جداول التركيب السعودية,معمر (طبق حجازي),Muammar,,,,SAUDI_DISH,أطباق سعودية وخليجية,أرز,,,KSA,KSA,,VERY_HIGH,P1,MISSING,,RECIPE_ESTIMATE,جداول تركيب الأغذية السعودية / وصفة موثّقة,,,,,,,,,,,,,NONE,MEDIUM,,,,,,,,,,,يُحسب من مكوّنات موثّقة أو جداول التركيب السعودية — لا يُقدَّر اعتباطًا.
QGAP-01444,NEEDS_SOURCE,يُحسب من مكوّنات موثّقة أو جداول التركيب السعودية,فوالة (ضيافة),Fawalah spread,,,,SAUDI_DISH,أطباق سعودية وخليجية,ضيافة,,,KSA,KSA,,VERY_HIGH,P1,MISSING,,RECIPE_ESTIMATE,جداول تركيب الأغذية السعودية / وصفة موثّقة,,,,,,,,,,,,,NONE,MEDIUM,,,,,,,,,,,يُحسب من مكوّنات موثّقة أو جداول التركيب السعودية — لا يُقدَّر اعتباطًا.
QGAP-01445,NEEDS_SOURCE,يُحسب من مكوّنات موثّقة أو جداول التركيب السعودية,تمر بالقشطة,Dates with cream,,,,SAUDI_DISH,أطباق سعودية وخليجية,ضيافة,,,KSA,KSA,,VERY_HIGH,P1,MISSING,,RECIPE_ESTIMATE,جداول تركيب الأغذية السعودية / وصفة موثّقة,,,,,,,,,,,,,NONE,MEDIUM,,,,,,,,,,,يُحسب من مكوّنات موثّقة أو جداول التركيب السعودية — لا يُقدَّر اعتباطًا.
QGAP-01446,NEEDS_HUMAN_REVIEW,الأصل العام موجود في قِمّة — يُحسم بشريًا إن كان المتغيّر يستحق صفًّا مستقلًا,قهوة عربية بالزعفران,Saffron Arabic coffee,,,,SAUDI_DISH,أطباق سعودية وخليجية,مشروبات,,,KSA,KSA,,VERY_HIGH,P1,EXISTS_GENERIC_ONLY,arabic-coffee · قهوة عربية,RECIPE_ESTIMATE,جداول تركيب الأغذية السعودية / وصفة موثّقة,,,,,,,,,,,,,NONE,MEDIUM,,,,,,,,,,,يُحسب من مكوّنات موثّقة أو جداول التركيب السعودية — لا يُقدَّر اعتباطًا.
QGAP-01447,NEEDS_HUMAN_REVIEW,الأصل العام موجود في قِمّة — يُحسم بشريًا إن كان المتغيّر يستحق صفًّا مستقلًا,شاي أخضر بالنعناع,Green mint tea,,,,SAUDI_DISH,أطباق سعودية وخليجية,مشروبات,,,KSA,KSA,,VERY_HIGH,P1,EXISTS_GENERIC_ONLY,green-tea · شاي أخضر,RECIPE_ESTIMATE,جداول تركيب الأغذية السعودية / وصفة موثّقة,,,,,,,,,,,,,NONE,MEDIUM,,,,,,,,,,,يُحسب من مكوّنات موثّقة أو جداول التركيب السعودية — لا يُقدَّر اعتباطًا.
QGAP-01448,NEEDS_HUMAN_REVIEW,الأصل العام موجود في قِمّة — يُحسم بشريًا إن كان المتغيّر يستحق صفًّا مستقلًا,قمر الدين مشروب,Qamar al-din drink,,,,SAUDI_DISH,أطباق سعودية وخليجية,مشروبات,,,KSA,KSA,,VERY_HIGH,P1,EXISTS_GENERIC_ONLY,qamar-aldin · قمر الدين,RECIPE_ESTIMATE,جداول تركيب الأغذية السعودية / وصفة موثّقة,,,,,,,,,,,,,NONE,MEDIUM,,,,,,,,,,,يُحسب من مكوّنات موثّقة أو جداول التركيب السعودية — لا يُقدَّر اعتباطًا.
QGAP-01449,NEEDS_SOURCE,يُحسب من مكوّنات موثّقة أو جداول التركيب السعودية,تمر هندي,Tamarind drink,,,,SAUDI_DISH,أطباق سعودية وخليجية,مشروبات,,,KSA,KSA,,VERY_HIGH,P1,MISSING,,RECIPE_ESTIMATE,جداول تركيب الأغذية السعودية / وصفة موثّقة,,,,,,,,,,,,,NONE,MEDIUM,,,,,,,,,,,يُحسب من مكوّنات موثّقة أو جداول التركيب السعودية — لا يُقدَّر اعتباطًا.
QGAP-01450,NEEDS_HUMAN_REVIEW,الأصل العام موجود في قِمّة — يُحسم بشريًا إن كان المتغيّر يستحق صفًّا مستقلًا,عصير سوبيا حجازي,Hijazi sobia,,,,SAUDI_DISH,أطباق سعودية وخليجية,مشروبات,,,KSA,KSA,,VERY_HIGH,P1,EXISTS_GENERIC_ONLY,sobia · سوبيا,RECIPE_ESTIMATE,جداول تركيب الأغذية السعودية / وصفة موثّقة,,,,,,,,,,,,,NONE,MEDIUM,,,,,,,,,,,يُحسب من مكوّنات موثّقة أو جداول التركيب السعودية — لا يُقدَّر اعتباطًا.
QGAP-01451,NEEDS_SOURCE,يُحسب من مكوّنات موثّقة أو جداول التركيب السعودية,لبن عيران,Ayran,,,,SAUDI_DISH,أطباق سعودية وخليجية,مشروبات,,,KSA,KSA,,VERY_HIGH,P1,MISSING,,RECIPE_ESTIMATE,جداول تركيب الأغذية السعودية / وصفة موثّقة,,,,,,,,,,,,,NONE,MEDIUM,,,,,,,,,,,يُحسب من مكوّنات موثّقة أو جداول التركيب السعودية — لا يُقدَّر اعتباطًا.
QGAP-01452,NEEDS_SOURCE,يُحسب من مكوّنات موثّقة أو جداول التركيب السعودية,حليب بالزعفران,Saffron milk,,,,SAUDI_DISH,أطباق سعودية وخليجية,مشروبات,,,KSA,KSA,,VERY_HIGH,P1,MISSING,,RECIPE_ESTIMATE,جداول تركيب الأغذية السعودية / وصفة موثّقة,,,,,,,,,,,,,NONE,MEDIUM,,,,,,,,,,,يُحسب من مكوّنات موثّقة أو جداول التركيب السعودية — لا يُقدَّر اعتباطًا.
QGAP-01453,NEEDS_HUMAN_REVIEW,الأصل العام موجود في قِمّة — يُحسم بشريًا إن كان المتغيّر يستحق صفًّا مستقلًا,مهلبية بالفستق,Pistachio muhallabia,,,,SAUDI_DISH,أطباق سعودية وخليجية,حلويات,,,KSA,KSA,,VERY_HIGH,P1,EXISTS_GENERIC_ONLY,muhallabia · مهلبية,RECIPE_ESTIMATE,جداول تركيب الأغذية السعودية / وصفة موثّقة,,,,,,,,,,,,,NONE,MEDIUM,,,,,,,,,,,يُحسب من مكوّنات موثّقة أو جداول التركيب السعودية — لا يُقدَّر اعتباطًا.
QGAP-01454,NEEDS_SOURCE,يُحسب من مكوّنات موثّقة أو جداول التركيب السعودية,أم علي بالمكسرات,Om Ali with nuts,,,,SAUDI_DISH,أطباق سعودية وخليجية,حلويات,,,KSA,KSA,,VERY_HIGH,P1,MISSING,,RECIPE_ESTIMATE,جداول تركيب الأغذية السعودية / وصفة موثّقة,,,,,,,,,,,,,NONE,MEDIUM,,,,,,,,,,,يُحسب من مكوّنات موثّقة أو جداول التركيب السعودية — لا يُقدَّر اعتباطًا.
QGAP-01455,NEEDS_SOURCE,يُحسب من مكوّنات موثّقة أو جداول التركيب السعودية,كيك التمر,Date cake,,,,SAUDI_DISH,أطباق سعودية وخليجية,حلويات,,,KSA,KSA,,VERY_HIGH,P1,MISSING,,RECIPE_ESTIMATE,جداول تركيب الأغذية السعودية / وصفة موثّقة,,,,,,,,,,,,,NONE,MEDIUM,,,,,,,,,,,يُحسب من مكوّنات موثّقة أو جداول التركيب السعودية — لا يُقدَّر اعتباطًا.
QGAP-01456,NEEDS_SOURCE,يُحسب من مكوّنات موثّقة أو جداول التركيب السعودية,معمول بالجوز,Walnut maamoul,,,,SAUDI_DISH,أطباق سعودية وخليجية,حلويات,,,KSA,KSA,,VERY_HIGH,P1,MISSING,,RECIPE_ESTIMATE,جداول تركيب الأغذية السعودية / وصفة موثّقة,,,,,,,,,,,,,NONE,MEDIUM,,,,,,,,,,,يُحسب من مكوّنات موثّقة أو جداول التركيب السعودية — لا يُقدَّر اعتباطًا.
QGAP-01457,NEEDS_SOURCE,يُحسب من مكوّنات موثّقة أو جداول التركيب السعودية,معمول بالفستق,Pistachio maamoul,,,,SAUDI_DISH,أطباق سعودية وخليجية,حلويات,,,KSA,KSA,,VERY_HIGH,P1,MISSING,,RECIPE_ESTIMATE,جداول تركيب الأغذية السعودية / وصفة موثّقة,,,,,,,,,,,,,NONE,MEDIUM,,,,,,,,,,,يُحسب من مكوّنات موثّقة أو جداول التركيب السعودية — لا يُقدَّر اعتباطًا.
QGAP-01458,NEEDS_HUMAN_REVIEW,الأصل العام موجود في قِمّة — يُحسم بشريًا إن كان المتغيّر يستحق صفًّا مستقلًا,بسبوسة بالقشطة,Basbousa with cream,,,,SAUDI_DISH,أطباق سعودية وخليجية,حلويات,,,KSA,KSA,,VERY_HIGH,P1,EXISTS_GENERIC_ONLY,basbousa · بسبوسة,RECIPE_ESTIMATE,جداول تركيب الأغذية السعودية / وصفة موثّقة,,,,,,,,,,,,,NONE,MEDIUM,,,,,,,,,,,يُحسب من مكوّنات موثّقة أو جداول التركيب السعودية — لا يُقدَّر اعتباطًا.
QGAP-01459,NEEDS_HUMAN_REVIEW,الأصل العام موجود في قِمّة — يُحسم بشريًا إن كان المتغيّر يستحق صفًّا مستقلًا,كنافة بالمانجو,Mango kunafa,,,,SAUDI_DISH,أطباق سعودية وخليجية,حلويات,,,KSA,KSA,,VERY_HIGH,P1,EXISTS_GENERIC_ONLY,kunafa · كنافة,RECIPE_ESTIMATE,جداول تركيب الأغذية السعودية / وصفة موثّقة,,,,,,,,,,,,,NONE,MEDIUM,,,,,,,,,,,يُحسب من مكوّنات موثّقة أو جداول التركيب السعودية — لا يُقدَّر اعتباطًا.
QGAP-01460,NEEDS_HUMAN_REVIEW,الأصل العام موجود في قِمّة — يُحسم بشريًا إن كان المتغيّر يستحق صفًّا مستقلًا,لقيمات بالنوتيلا,Nutella luqaimat,,,,SAUDI_DISH,أطباق سعودية وخليجية,حلويات,,,KSA,KSA,,VERY_HIGH,P1,EXISTS_GENERIC_ONLY,luqaimat · لقيمات,RECIPE_ESTIMATE,جداول تركيب الأغذية السعودية / وصفة موثّقة,,,,,,,,,,,,,NONE,MEDIUM,,,,,,,,,,,يُحسب من مكوّنات موثّقة أو جداول التركيب السعودية — لا يُقدَّر اعتباطًا.
QGAP-01461,NEEDS_HUMAN_REVIEW,الأصل العام موجود في قِمّة — يُحسم بشريًا إن كان المتغيّر يستحق صفًّا مستقلًا,عصيدة تمر بالسمن,Date aseedah with ghee,,,,SAUDI_DISH,أطباق سعودية وخليجية,حلويات,,,KSA,KSA,,VERY_HIGH,P1,EXISTS_GENERIC_ONLY,sfct-49 · عصيدة تمر,RECIPE_ESTIMATE,جداول تركيب الأغذية السعودية / وصفة موثّقة,,,,,,,,,,,,,NONE,MEDIUM,,,,,,,,,,,يُحسب من مكوّنات موثّقة أو جداول التركيب السعودية — لا يُقدَّر اعتباطًا.
QGAP-01462,NEEDS_SOURCE,يُحسب من مكوّنات موثّقة أو جداول التركيب السعودية,حلى الكيري,Kiri dessert,,,,SAUDI_DISH,أطباق سعودية وخليجية,حلويات,,,KSA,KSA,,VERY_HIGH,P1,MISSING,,RECIPE_ESTIMATE,جداول تركيب الأغذية السعودية / وصفة موثّقة,,,,,,,,,,,,,NONE,MEDIUM,,,,,,,,,,,يُحسب من مكوّنات موثّقة أو جداول التركيب السعودية — لا يُقدَّر اعتباطًا.
QGAP-01463,NEEDS_SOURCE,يُحسب من مكوّنات موثّقة أو جداول التركيب السعودية,حلى البسكويت بالقشطة,Biscuit cream dessert,,,,SAUDI_DISH,أطباق سعودية وخليجية,حلويات,,,KSA,KSA,,VERY_HIGH,P1,MISSING,,RECIPE_ESTIMATE,جداول تركيب الأغذية السعودية / وصفة موثّقة,,,,,,,,,,,,,NONE,MEDIUM,,,,,,,,,,,يُحسب من مكوّنات موثّقة أو جداول التركيب السعودية — لا يُقدَّر اعتباطًا.
QGAP-01464,NEEDS_SOURCE,يُحسب من مكوّنات موثّقة أو جداول التركيب السعودية,ترمس مملح,Salted lupini,,,,SAUDI_DISH,أطباق سعودية وخليجية,مقبلات,,,KSA,KSA,,VERY_HIGH,P1,MISSING,,RECIPE_ESTIMATE,جداول تركيب الأغذية السعودية / وصفة موثّقة,,,,,,,,,,,,,NONE,MEDIUM,,,,,,,,,,,يُحسب من مكوّنات موثّقة أو جداول التركيب السعودية — لا يُقدَّر اعتباطًا.
QGAP-01465,NEEDS_SOURCE,يُحسب من مكوّنات موثّقة أو جداول التركيب السعودية,مخلل لفت,Pickled turnip,,,,SAUDI_DISH,أطباق سعودية وخليجية,مقبلات,,,KSA,KSA,,VERY_HIGH,P1,MISSING,,RECIPE_ESTIMATE,جداول تركيب الأغذية السعودية / وصفة موثّقة,,,,,,,,,,,,,NONE,MEDIUM,,,,,,,,,,,يُحسب من مكوّنات موثّقة أو جداول التركيب السعودية — لا يُقدَّر اعتباطًا.
QGAP-01466,NEEDS_SOURCE,يُحسب من مكوّنات موثّقة أو جداول التركيب السعودية,سلطة الزبادي بالخيار,Cucumber yogurt salad,,,,SAUDI_DISH,أطباق سعودية وخليجية,مقبلات,,,KSA,KSA,,VERY_HIGH,P1,MISSING,,RECIPE_ESTIMATE,جداول تركيب الأغذية السعودية / وصفة موثّقة,,,,,,,,,,,,,NONE,MEDIUM,,,,,,,,,,,يُحسب من مكوّنات موثّقة أو جداول التركيب السعودية — لا يُقدَّر اعتباطًا.
QGAP-01467,NEEDS_SOURCE,يُحسب من مكوّنات موثّقة أو جداول التركيب السعودية,سلطة الروب,Roub salad,,,,SAUDI_DISH,أطباق سعودية وخليجية,مقبلات,,,KSA,KSA,,VERY_HIGH,P1,MISSING,,RECIPE_ESTIMATE,جداول تركيب الأغذية السعودية / وصفة موثّقة,,,,,,,,,,,,,NONE,MEDIUM,,,,,,,,,,,يُحسب من مكوّنات موثّقة أو جداول التركيب السعودية — لا يُقدَّر اعتباطًا.
QGAP-01468,NEEDS_SOURCE,يُحسب من مكوّنات موثّقة أو جداول التركيب السعودية,متبل كوسا,Zucchini moutabbal,,,,SAUDI_DISH,أطباق سعودية وخليجية,مقبلات,,,KSA,KSA,,VERY_HIGH,P1,MISSING,,RECIPE_ESTIMATE,جداول تركيب الأغذية السعودية / وصفة موثّقة,,,,,,,,,,,,,NONE,MEDIUM,,,,,,,,,,,يُحسب من مكوّنات موثّقة أو جداول التركيب السعودية — لا يُقدَّر اعتباطًا.
QGAP-01469,NEEDS_HUMAN_REVIEW,الأصل العام موجود في قِمّة — يُحسم بشريًا إن كان المتغيّر يستحق صفًّا مستقلًا,شكشوكة بالجبن,Cheese shakshouka,,,,SAUDI_DISH,أطباق سعودية وخليجية,فطور,,,KSA,KSA,,VERY_HIGH,P1,EXISTS_GENERIC_ONLY,shakshouka · شكشوكة,RECIPE_ESTIMATE,جداول تركيب الأغذية السعودية / وصفة موثّقة,,,,,,,,,,,,,NONE,MEDIUM,,,,,,,,,,,يُحسب من مكوّنات موثّقة أو جداول التركيب السعودية — لا يُقدَّر اعتباطًا.
QGAP-01470,NEEDS_HUMAN_REVIEW,الأصل العام موجود في قِمّة — يُحسم بشريًا إن كان المتغيّر يستحق صفًّا مستقلًا,فول بالطحينة,Foul with tahini,,,,SAUDI_DISH,أطباق سعودية وخليجية,فطور,,,KSA,KSA,,VERY_HIGH,P1,EXISTS_GENERIC_ONLY,tahini · طحينة,RECIPE_ESTIMATE,جداول تركيب الأغذية السعودية / وصفة موثّقة,,,,,,,,,,,,,NONE,MEDIUM,,,,,,,,,,,يُحسب من مكوّنات موثّقة أو جداول التركيب السعودية — لا يُقدَّر اعتباطًا.
QGAP-01471,NEEDS_SOURCE,يُحسب من مكوّنات موثّقة أو جداول التركيب السعودية,فول بالسمن,Foul with ghee,,,,SAUDI_DISH,أطباق سعودية وخليجية,فطور,,,KSA,KSA,,VERY_HIGH,P1,MISSING,,RECIPE_ESTIMATE,جداول تركيب الأغذية السعودية / وصفة موثّقة,,,,,,,,,,,,,NONE,MEDIUM,,,,,,,,,,,يُحسب من مكوّنات موثّقة أو جداول التركيب السعودية — لا يُقدَّر اعتباطًا.
QGAP-01472,NEEDS_SOURCE,يُحسب من مكوّنات موثّقة أو جداول التركيب السعودية,بيض بالبسطرمة,Eggs with basturma,,,,SAUDI_DISH,أطباق سعودية وخليجية,فطور,,,KSA,KSA,,VERY_HIGH,P1,MISSING,,RECIPE_ESTIMATE,جداول تركيب الأغذية السعودية / وصفة موثّقة,,,,,,,,,,,,,NONE,MEDIUM,,,,,,,,,,,يُحسب من مكوّنات موثّقة أو جداول التركيب السعودية — لا يُقدَّر اعتباطًا.
QGAP-01473,NEEDS_HUMAN_REVIEW,الأصل العام موجود في قِمّة — يُحسم بشريًا إن كان المتغيّر يستحق صفًّا مستقلًا,شاورما صحن مع خبز,Shawarma plate with bread,,,,SAUDI_DISH,أطباق سعودية وخليجية,مطاعم,,,KSA,KSA,,VERY_HIGH,P1,EXISTS_GENERIC_ONLY,shawarma-plate · شاورما صحن,RECIPE_ESTIMATE,جداول تركيب الأغذية السعودية / وصفة موثّقة,,,,,,,,,,,,,NONE,MEDIUM,,,,,,,,,,,يُحسب من مكوّنات موثّقة أو جداول التركيب السعودية — لا يُقدَّر اعتباطًا.
QGAP-01474,NEEDS_SOURCE,يُحسب من مكوّنات موثّقة أو جداول التركيب السعودية,ساندويتش كبدة,Liver sandwich,,,,SAUDI_DISH,أطباق سعودية وخليجية,مطاعم,,,KSA,KSA,,VERY_HIGH,P1,MISSING,,RECIPE_ESTIMATE,جداول تركيب الأغذية السعودية / وصفة موثّقة,,,,,,,,,,,,,NONE,MEDIUM,,,,,,,,,,,يُحسب من مكوّنات موثّقة أو جداول التركيب السعودية — لا يُقدَّر اعتباطًا.
QGAP-01475,NEEDS_SOURCE,يُحسب من مكوّنات موثّقة أو جداول التركيب السعودية,ساندويتش بطاطس,Potato sandwich,,,,SAUDI_DISH,أطباق سعودية وخليجية,مطاعم,,,KSA,KSA,,VERY_HIGH,P1,MISSING,,RECIPE_ESTIMATE,جداول تركيب الأغذية السعودية / وصفة موثّقة,,,,,,,,,,,,,NONE,MEDIUM,,,,,,,,,,,يُحسب من مكوّنات موثّقة أو جداول التركيب السعودية — لا يُقدَّر اعتباطًا.
QGAP-01476,NEEDS_HUMAN_REVIEW,الأصل العام موجود في قِمّة — يُحسم بشريًا إن كان المتغيّر يستحق صفًّا مستقلًا,ساندويتش تونة,Tuna sandwich,,,,SAUDI_DISH,أطباق سعودية وخليجية,مطاعم,,,KSA,KSA,,VERY_HIGH,P1,EXISTS_GENERIC_ONLY,subway-tuna-6 · صب واي - ساندويتش تونة (15سم),RECIPE_ESTIMATE,جداول تركيب الأغذية السعودية / وصفة موثّقة,,,,,,,,,,,,,NONE,MEDIUM,,,,,,,,,,,يُحسب من مكوّنات موثّقة أو جداول التركيب السعودية — لا يُقدَّر اعتباطًا.
QGAP-01477,NEEDS_SOURCE,يُحسب من مكوّنات موثّقة أو جداول التركيب السعودية,فاهيتا لحم,Beef fajita,,,,SAUDI_DISH,أطباق سعودية وخليجية,مطاعم,,,KSA,KSA,,VERY_HIGH,P1,MISSING,,RECIPE_ESTIMATE,جداول تركيب الأغذية السعودية / وصفة موثّقة,,,,,,,,,,,,,NONE,MEDIUM,,,,,,,,,,,يُحسب من مكوّنات موثّقة أو جداول التركيب السعودية — لا يُقدَّر اعتباطًا.
QGAP-01478,NEEDS_HUMAN_REVIEW,الأصل العام موجود في قِمّة — يُحسم بشريًا إن كان المتغيّر يستحق صفًّا مستقلًا,برياني روبيان,Shrimp biryani,,,,SAUDI_DISH,أطباق سعودية وخليجية,أرز,,,KSA,KSA,,VERY_HIGH,P1,EXISTS_GENERIC_ONLY,shrimp · روبيان,RECIPE_ESTIMATE,جداول تركيب الأغذية السعودية / وصفة موثّقة,,,,,,,,,,,,,NONE,MEDIUM,,,,,,,,,,,يُحسب من مكوّنات موثّقة أو جداول التركيب السعودية — لا يُقدَّر اعتباطًا.
QGAP-01479,NEEDS_SOURCE,يُحسب من مكوّنات موثّقة أو جداول التركيب السعودية,كبسة خضار,Vegetable kabsa,,,,SAUDI_DISH,أطباق سعودية وخليجية,أرز,,,KSA,KSA,,VERY_HIGH,P1,MISSING,,RECIPE_ESTIMATE,جداول تركيب الأغذية السعودية / وصفة موثّقة,,,,,,,,,,,,,NONE,MEDIUM,,,,,,,,,,,يُحسب من مكوّنات موثّقة أو جداول التركيب السعودية — لا يُقدَّر اعتباطًا.
QGAP-01480,NEEDS_SOURCE,يُحسب من مكوّنات موثّقة أو جداول التركيب السعودية,مندي حاشي,Camel mandi,,,,SAUDI_DISH,أطباق سعودية وخليجية,أرز,,,KSA,KSA,,VERY_HIGH,P1,MISSING,,RECIPE_ESTIMATE,جداول تركيب الأغذية السعودية / وصفة موثّقة,,,,,,,,,,,,,NONE,MEDIUM,,,,,,,,,,,يُحسب من مكوّنات موثّقة أو جداول التركيب السعودية — لا يُقدَّر اعتباطًا.
QGAP-01481,NEEDS_SOURCE,يُحسب من مكوّنات موثّقة أو جداول التركيب السعودية,هريس بالدجاج,Chicken harees,,,,SAUDI_DISH,أطباق سعودية وخليجية,تقليدي,,,KSA,KSA,,VERY_HIGH,P1,MISSING,,RECIPE_ESTIMATE,جداول تركيب الأغذية السعودية / وصفة موثّقة,,,,,,,,,,,,,NONE,MEDIUM,,,,,,,,,,,يُحسب من مكوّنات موثّقة أو جداول التركيب السعودية — لا يُقدَّر اعتباطًا.
QGAP-01482,NEEDS_SOURCE,يُحسب من مكوّنات موثّقة أو جداول التركيب السعودية,ثريد خضار,Vegetable thareed,,,,SAUDI_DISH,أطباق سعودية وخليجية,تقليدي,,,KSA,KSA,,VERY_HIGH,P1,MISSING,,RECIPE_ESTIMATE,جداول تركيب الأغذية السعودية / وصفة موثّقة,,,,,,,,,,,,,NONE,MEDIUM,,,,,,,,,,,يُحسب من مكوّنات موثّقة أو جداول التركيب السعودية — لا يُقدَّر اعتباطًا.
QGAP-01483,NEEDS_HUMAN_REVIEW,الأصل العام موجود في قِمّة — يُحسم بشريًا إن كان المتغيّر يستحق صفًّا مستقلًا,قرصان خضار,Vegetable qursan,,,,SAUDI_DISH,أطباق سعودية وخليجية,تقليدي,,,KSA,KSA,,VERY_HIGH,P1,EXISTS_GENERIC_ONLY,qursan · قرصان,RECIPE_ESTIMATE,جداول تركيب الأغذية السعودية / وصفة موثّقة,,,,,,,,,,,,,NONE,MEDIUM,,,,,,,,,,,يُحسب من مكوّنات موثّقة أو جداول التركيب السعودية — لا يُقدَّر اعتباطًا.
QGAP-01484,NEEDS_SOURCE,يُحسب من مكوّنات موثّقة أو جداول التركيب السعودية,صالونة خضار,Vegetable salona,,,,SAUDI_DISH,أطباق سعودية وخليجية,تقليدي,,,KSA,KSA,,VERY_HIGH,P1,MISSING,,RECIPE_ESTIMATE,جداول تركيب الأغذية السعودية / وصفة موثّقة,,,,,,,,,,,,,NONE,MEDIUM,,,,,,,,,,,يُحسب من مكوّنات موثّقة أو جداول التركيب السعودية — لا يُقدَّر اعتباطًا.
QGAP-01485,NEEDS_HUMAN_REVIEW,الأصل العام موجود في قِمّة — يُحسم بشريًا إن كان المتغيّر يستحق صفًّا مستقلًا,مقلقل دجاج,Chicken maqalqal,,,,SAUDI_DISH,أطباق سعودية وخليجية,تقليدي,,,KSA,KSA,,VERY_HIGH,P1,EXISTS_GENERIC_ONLY,mugalgal · مقلقل,RECIPE_ESTIMATE,جداول تركيب الأغذية السعودية / وصفة موثّقة,,,,,,,,,,,,,NONE,MEDIUM,,,,,,,,,,,يُحسب من مكوّنات موثّقة أو جداول التركيب السعودية — لا يُقدَّر اعتباطًا.
QGAP-01486,NEEDS_SOURCE,لم يُعثر على مصدر آلي — يحتاج جلبًا من المصنّع أو كتالوج التجزئة,سوشي رول كاليفورنيا,California sushi roll,,,,INTERNATIONAL,مطبخ عالمي,آسيوي,,,KSA,GLOBAL_REFERENCE,,HIGH,P2,MISSING,,USDA,USDA FoodData Central,https://fdc.nal.usda.gov/,,,,,,,,,,,,NONE,MEDIUM,,,,,,,,,,,
QGAP-01487,NEEDS_HUMAN_REVIEW,الأصل العام موجود في قِمّة — يُحسم بشريًا إن كان المتغيّر يستحق صفًّا مستقلًا,ساشيمي سلمون,Salmon sashimi,,,,INTERNATIONAL,مطبخ عالمي,آسيوي,,,KSA,GLOBAL_REFERENCE,,MEDIUM,P2,EXISTS_GENERIC_ONLY,salmon · سلمون,USDA,USDA FoodData Central,https://fdc.nal.usda.gov/,,,,,,,,,,,,NONE,MEDIUM,,,,,,,,,,,
QGAP-01488,NEEDS_SOURCE,لم يُعثر على مصدر آلي — يحتاج جلبًا من المصنّع أو كتالوج التجزئة,رامن,Ramen,,,,INTERNATIONAL,مطبخ عالمي,آسيوي,,,KSA,GLOBAL_REFERENCE,,MEDIUM,P2,MISSING,,USDA,USDA FoodData Central,https://fdc.nal.usda.gov/,,,,,,,,,,,,NONE,MEDIUM,,,,,,,,,,,
QGAP-01489,NEEDS_SOURCE,لم يُعثر على مصدر آلي — يحتاج جلبًا من المصنّع أو كتالوج التجزئة,باد تاي,Pad Thai,,,,INTERNATIONAL,مطبخ عالمي,آسيوي,,,KSA,GLOBAL_REFERENCE,,MEDIUM,P2,MISSING,,USDA,USDA FoodData Central,https://fdc.nal.usda.gov/,,,,,,,,,,,,NONE,MEDIUM,,,,,,,,,,,
QGAP-01490,NEEDS_SOURCE,لم يُعثر على مصدر آلي — يحتاج جلبًا من المصنّع أو كتالوج التجزئة,دجاج بالكاجو,Cashew chicken,,,,INTERNATIONAL,مطبخ عالمي,آسيوي,,,KSA,GLOBAL_REFERENCE,,HIGH,P2,MISSING,,USDA,USDA FoodData Central,https://fdc.nal.usda.gov/,,,,,,,,,,,,NONE,MEDIUM,,,,,,,,,,,
QGAP-01491,NEEDS_HUMAN_REVIEW,مطابقة آلية بدرجة 0.76 دون حدّ القبول — تحتاج تأكيدًا,أرز مقلي صيني,Chinese fried rice,,,,INTERNATIONAL,مطبخ عالمي,آسيوي,,,KSA,GLOBAL_REFERENCE,,HIGH,P2,MISSING,,USDA,"USDA FoodData Central — Noodles, chinese, cellophane or long rice (mung beans), dehydrated",https://fdc.nal.usda.gov/food-details/174258/nutrients,,,لكل 100غ,100,351.0,0.16,86.09,0.06,0.5,0.0,10.0,NONE,MEDIUM,,174258,"Noodles, chinese, cellophane or long rice (mung beans), dehydrated",,,0.76,,,,,
QGAP-01492,NEEDS_SOURCE,لم يُعثر على مصدر آلي — يحتاج جلبًا من المصنّع أو كتالوج التجزئة,نودلز مقلية,Stir-fried noodles,,,,INTERNATIONAL,مطبخ عالمي,آسيوي,,,KSA,GLOBAL_REFERENCE,,HIGH,P2,MISSING,,USDA,USDA FoodData Central,https://fdc.nal.usda.gov/,,,,,,,,,,,,NONE,MEDIUM,,,,,,,,,,,
QGAP-01493,NEEDS_SOURCE,لم يُعثر على مصدر آلي — يحتاج جلبًا من المصنّع أو كتالوج التجزئة,دجاج تكا,Chicken tikka,,,,INTERNATIONAL,مطبخ عالمي,هندي,,,KSA,GLOBAL_REFERENCE,,HIGH,P2,MISSING,,USDA,USDA FoodData Central,https://fdc.nal.usda.gov/,,,,,,,,,,,,NONE,MEDIUM,,,,,,,,,,,
QGAP-01494,NEEDS_HUMAN_REVIEW,الأصل العام موجود في قِمّة — يُحسم بشريًا إن كان المتغيّر يستحق صفًّا مستقلًا,بتر تشيكن,Butter chicken,,,,INTERNATIONAL,مطبخ عالمي,هندي,,,KSA,GLOBAL_REFERENCE,,HIGH,P2,EXISTS_GENERIC_ONLY,butter · زبدة,USDA,USDA FoodData Central,https://fdc.nal.usda.gov/,,,,,,,,,,,,NONE,MEDIUM,,,,,,,,,,,
QGAP-01495,NEEDS_HUMAN_REVIEW,الأصل العام موجود في قِمّة — يُحسم بشريًا إن كان المتغيّر يستحق صفًّا مستقلًا,دال,Dal lentils,,,,INTERNATIONAL,مطبخ عالمي,هندي,,,KSA,GLOBAL_REFERENCE,,MEDIUM,P2,EXISTS_GENERIC_ONLY,lentils · عدس,USDA,USDA FoodData Central,https://fdc.nal.usda.gov/,,,,,,,,,,,,NONE,MEDIUM,,,,,,,,,,,
QGAP-01496,NEEDS_HUMAN_REVIEW,الأصل العام موجود في قِمّة — يُحسم بشريًا إن كان المتغيّر يستحق صفًّا مستقلًا,نان,Naan bread,,,,INTERNATIONAL,مطبخ عالمي,هندي,,,KSA,GLOBAL_REFERENCE,,HIGH,P2,EXISTS_GENERIC_ONLY,pineapple · أناناس,USDA,"USDA FoodData Central — Bread, naan, plain, commercially prepared, refrigerated",https://fdc.nal.usda.gov/food-details/171845/nutrients,,,لكل 100غ,100,291.0,9.62,50.43,5.65,2.2,3.55,465.0,NONE,MEDIUM,,171845,"Bread, naan, plain, commercially prepared, refrigerated",,,1.14,,,,,
QGAP-01497,NEEDS_SOURCE,لم يُعثر على مصدر آلي — يحتاج جلبًا من المصنّع أو كتالوج التجزئة,بيرياني هندي,Indian biryani,,,,INTERNATIONAL,مطبخ عالمي,هندي,,,KSA,GLOBAL_REFERENCE,,HIGH,P2,MISSING,,USDA,USDA FoodData Central,https://fdc.nal.usda.gov/,,,,,,,,,,,,NONE,MEDIUM,,,,,,,,,,,
QGAP-01498,NEEDS_HUMAN_REVIEW,الأصل العام موجود في قِمّة — يُحسم بشريًا إن كان المتغيّر يستحق صفًّا مستقلًا,سمبوسة هندية,Indian samosa,,,,INTERNATIONAL,مطبخ عالمي,هندي,,,KSA,GLOBAL_REFERENCE,,HIGH,P2,EXISTS_GENERIC_ONLY,samosa · سمبوسة,USDA,USDA FoodData Central,https://fdc.nal.usda.gov/,,,,,,,,,,,,NONE,MEDIUM,,,,,,,,,,,
QGAP-01499,NEEDS_SOURCE,لم يُعثر على مصدر آلي — يحتاج جلبًا من المصنّع أو كتالوج التجزئة,كاري خضار,Vegetable curry,,,,INTERNATIONAL,مطبخ عالمي,هندي,,,KSA,GLOBAL_REFERENCE,,MEDIUM,P2,MISSING,,USDA,USDA FoodData Central,https://fdc.nal.usda.gov/,,,,,,,,,,,,NONE,MEDIUM,,,,,,,,,,,
QGAP-01500,NEEDS_SOURCE,لم يُعثر على مصدر آلي — يحتاج جلبًا من المصنّع أو كتالوج التجزئة,باستا ألفريدو,Alfredo pasta,,,,INTERNATIONAL,مطبخ عالمي,إيطالي,,,KSA,GLOBAL_REFERENCE,,HIGH,P2,MISSING,,USDA,USDA FoodData Central,https://fdc.nal.usda.gov/,,,,,,,,,,,,NONE,MEDIUM,,,,,,,,,,,
QGAP-01501,NEEDS_SOURCE,لم يُعثر على مصدر آلي — يحتاج جلبًا من المصنّع أو كتالوج التجزئة,باستا بولونيز,Bolognese pasta,,,,INTERNATIONAL,مطبخ عالمي,إيطالي,,,KSA,GLOBAL_REFERENCE,,HIGH,P2,MISSING,,USDA,USDA FoodData Central,https://fdc.nal.usda.gov/,,,,,,,,,,,,NONE,MEDIUM,,,,,,,,,,,
QGAP-01502,NEEDS_HUMAN_REVIEW,مطابقة آلية بدرجة 0.84 دون حدّ القبول — تحتاج تأكيدًا,لازانيا,Lasagna,,,,INTERNATIONAL,مطبخ عالمي,إيطالي,,,KSA,GLOBAL_REFERENCE,,HIGH,P2,MISSING,,USDA,"USDA FoodData Central — Babyfood, dinner, beef lasagna, toddler",https://fdc.nal.usda.gov/food-details/173489/nutrients,,,لكل 100غ,100,77.0,4.2,10.0,2.1,,0.0,41.0,NONE,MEDIUM,,173489,"Babyfood, dinner, beef lasagna, toddler",,,0.84,,,,,
QGAP-01503,NEEDS_SOURCE,لم يُعثر على مصدر آلي — يحتاج جلبًا من المصنّع أو كتالوج التجزئة,ريزوتو,Risotto,,,,INTERNATIONAL,مطبخ عالمي,إيطالي,,,KSA,GLOBAL_REFERENCE,,MEDIUM,P2,MISSING,,USDA,USDA FoodData Central,https://fdc.nal.usda.gov/,,,,,,,,,,,,NONE,MEDIUM,,,,,,,,,,,
QGAP-01504,NEEDS_SOURCE,لم يُعثر على مصدر آلي — يحتاج جلبًا من المصنّع أو كتالوج التجزئة,بيتزا مارغريتا,Margherita pizza,,,,INTERNATIONAL,مطبخ عالمي,إيطالي,,,KSA,GLOBAL_REFERENCE,,HIGH,P2,MISSING,,USDA,USDA FoodData Central,https://fdc.nal.usda.gov/,,,,,,,,,,,,NONE,MEDIUM,,,,,,,,,,,
QGAP-01505,NEEDS_SOURCE,لم يُعثر على مصدر آلي — يحتاج جلبًا من المصنّع أو كتالوج التجزئة,تيراميسو,Tiramisu,,,,INTERNATIONAL,مطبخ عالمي,إيطالي,,,KSA,GLOBAL_REFERENCE,,MEDIUM,P2,MISSING,,USDA,USDA FoodData Central,https://fdc.nal.usda.gov/,,,,,,,,,,,,NONE,MEDIUM,,,,,,,,,,,
QGAP-01506,NEEDS_SOURCE,لم يُعثر على مصدر آلي — يحتاج جلبًا من المصنّع أو كتالوج التجزئة,تاكو لحم,Beef taco,,,,INTERNATIONAL,مطبخ عالمي,مكسيكي,,,KSA,GLOBAL_REFERENCE,,MEDIUM,P2,MISSING,,USDA,USDA FoodData Central,https://fdc.nal.usda.gov/,,,,,,,,,,,,NONE,MEDIUM,,170763,"Fast foods, taco with beef, cheese and lettuce, soft",,,0.1,,,,,
QGAP-01507,NEEDS_SOURCE,لم يُعثر على مصدر آلي — يحتاج جلبًا من المصنّع أو كتالوج التجزئة,بوريتو دجاج,Chicken burrito,,,,INTERNATIONAL,مطبخ عالمي,مكسيكي,,,KSA,GLOBAL_REFERENCE,,MEDIUM,P2,MISSING,,USDA,USDA FoodData Central,https://fdc.nal.usda.gov/,,,,,,,,,,,,NONE,MEDIUM,,,,,,,,,,,
QGAP-01508,NEEDS_SOURCE,لم يُعثر على مصدر آلي — يحتاج جلبًا من المصنّع أو كتالوج التجزئة,ناتشوز بالجبن,Cheese nachos,,,,INTERNATIONAL,مطبخ عالمي,مكسيكي,,,KSA,GLOBAL_REFERENCE,,HIGH,P2,MISSING,,USDA,USDA FoodData Central,https://fdc.nal.usda.gov/,,,,,,,,,,,,NONE,MEDIUM,,170291,"Fast foods, nachos, with cheese",,,0.22,,,,,
QGAP-01509,NEEDS_HUMAN_REVIEW,مطابقة آلية بدرجة 0.8 دون حدّ القبول — تحتاج تأكيدًا,كيساديا,Quesadilla,,,,INTERNATIONAL,مطبخ عالمي,مكسيكي,,,KSA,GLOBAL_REFERENCE,,MEDIUM,P2,MISSING,,USDA,"USDA FoodData Central — Bread, salvadoran sweet cheese (quesadilla salvadorena)",https://fdc.nal.usda.gov/food-details/167526/nutrients,,,لكل 100غ,100,374.0,7.12,47.84,17.12,0.7,24.9,510.0,NONE,MEDIUM,,167526,"Bread, salvadoran sweet cheese (quesadilla salvadorena)",,,0.8,,,,,
QGAP-01510,NEEDS_SOURCE,لم يُعثر على مصدر آلي — يحتاج جلبًا من المصنّع أو كتالوج التجزئة,جواكامولي,Guacamole,,,,INTERNATIONAL,مطبخ عالمي,مكسيكي,,,KSA,GLOBAL_REFERENCE,,MEDIUM,P2,MISSING,,USDA,USDA FoodData Central,https://fdc.nal.usda.gov/,,,,,,,,,,,,NONE,MEDIUM,,,,,,,,,,,
QGAP-01511,READY_FULL,,سلطة سيزر,Caesar salad,,,,INTERNATIONAL,مطبخ عالمي,غربي,,,KSA,GLOBAL_REFERENCE,,HIGH,P2,MISSING,,USDA,"USDA FoodData Central — Salad dressing, caesar dressing, regular",https://fdc.nal.usda.gov/food-details/169055/nutrients,,,لكل 100غ,100,542.0,2.17,3.3,57.85,0.5,2.81,1209.0,FULL,HIGH,,169055,"Salad dressing, caesar dressing, regular",,,1.22,,,,,
QGAP-01512,NEEDS_SOURCE,لم يُعثر على مصدر آلي — يحتاج جلبًا من المصنّع أو كتالوج التجزئة,سلطة يونانية,Greek salad,,,,INTERNATIONAL,مطبخ عالمي,غربي,,,KSA,GLOBAL_REFERENCE,,HIGH,P2,MISSING,,USDA,USDA FoodData Central,https://fdc.nal.usda.gov/,,,,,,,,,,,,NONE,MEDIUM,,,,,,,,,,,
QGAP-01513,NEEDS_SOURCE,لم يُعثر على مصدر آلي — يحتاج جلبًا من المصنّع أو كتالوج التجزئة,ستيك مع بطاطس,Steak and fries,,,,INTERNATIONAL,مطبخ عالمي,غربي,,,KSA,GLOBAL_REFERENCE,,HIGH,P2,MISSING,,USDA,USDA FoodData Central,https://fdc.nal.usda.gov/,,,,,,,,,,,,NONE,MEDIUM,,168444,"Potatoes, french fried, steak fries, salt added in processing, frozen, as purchased",,,0.08,,,,,
QGAP-01514,NEEDS_HUMAN_REVIEW,الأصل العام موجود في قِمّة — يُحسم بشريًا إن كان المتغيّر يستحق صفًّا مستقلًا,بانكيك بالعسل,Pancakes with honey,,,,INTERNATIONAL,مطبخ عالمي,غربي,,,KSA,GLOBAL_REFERENCE,,HIGH,P2,EXISTS_GENERIC_ONLY,pancakes · بان كيك,USDA,USDA FoodData Central,https://fdc.nal.usda.gov/,,,,,,,,,,,,NONE,MEDIUM,,,,,,,,,,,
QGAP-01515,NEEDS_HUMAN_REVIEW,الأصل العام موجود في قِمّة — يُحسم بشريًا إن كان المتغيّر يستحق صفًّا مستقلًا,وافل بلجيكي,Belgian waffle,,,,INTERNATIONAL,مطبخ عالمي,غربي,,,KSA,GLOBAL_REFERENCE,,HIGH,P2,EXISTS_GENERIC_ONLY,gcc-40 · وافل,USDA,USDA FoodData Central,https://fdc.nal.usda.gov/,,,,,,,,,,,,NONE,MEDIUM,,,,,,,,,,,
QGAP-01516,READY_FULL,,فرنش توست,French toast,,,,INTERNATIONAL,مطبخ عالمي,غربي,,,KSA,GLOBAL_REFERENCE,,HIGH,P2,MISSING,,USDA,"USDA FoodData Central — French toast, prepared from recipe, made with low fat (2%) milk",https://fdc.nal.usda.gov/food-details/174998/nutrients,,,لكل 100غ,100,229.0,7.7,25.0,10.8,,,479.0,FULL,HIGH,,174998,"French toast, prepared from recipe, made with low fat (2%) milk",,,1.02,,,,,
QGAP-01517,NEEDS_SOURCE,لم يُعثر على مصدر آلي — يحتاج جلبًا من المصنّع أو كتالوج التجزئة,أومليت بالجبن,Cheese omelette,,,,INTERNATIONAL,مطبخ عالمي,غربي,,,KSA,GLOBAL_REFERENCE,,HIGH,P2,MISSING,,USDA,USDA FoodData Central,https://fdc.nal.usda.gov/,,,,,,,,,,,,NONE,MEDIUM,,,,,,,,,,,
QGAP-01518,NEEDS_SOURCE,لم يُعثر على مصدر آلي — يحتاج جلبًا من المصنّع أو كتالوج التجزئة,بيض بنديكت,Eggs Benedict,,,,INTERNATIONAL,مطبخ عالمي,غربي,,,KSA,GLOBAL_REFERENCE,,MEDIUM,P2,MISSING,,USDA,USDA FoodData Central,https://fdc.nal.usda.gov/,,,,,,,,,,,,NONE,MEDIUM,,,,,,,,,,,
QGAP-01519,NEEDS_SOURCE,لم يُعثر على مصدر آلي — يحتاج جلبًا من المصنّع أو كتالوج التجزئة,تشيز كيك,Cheesecake,,,,INTERNATIONAL,مطبخ عالمي,حلويات,,,KSA,GLOBAL_REFERENCE,,HIGH,P2,MISSING,,USDA,USDA FoodData Central,https://fdc.nal.usda.gov/,,,,,,,,,,,,NONE,MEDIUM,,,,,,,,,,,
QGAP-01520,NEEDS_SOURCE,لم يُعثر على مصدر آلي — يحتاج جلبًا من المصنّع أو كتالوج التجزئة,براوني,Brownie,,,,INTERNATIONAL,مطبخ عالمي,حلويات,,,KSA,GLOBAL_REFERENCE,,HIGH,P2,MISSING,,USDA,USDA FoodData Central,https://fdc.nal.usda.gov/,,,,,,,,,,,,NONE,MEDIUM,,,,,,,,,,,
QGAP-01521,NEEDS_SOURCE,لم يُعثر على مصدر آلي — يحتاج جلبًا من المصنّع أو كتالوج التجزئة,كب كيك,Cupcake,,,,INTERNATIONAL,مطبخ عالمي,حلويات,,,KSA,GLOBAL_REFERENCE,,MEDIUM,P2,MISSING,,USDA,USDA FoodData Central,https://fdc.nal.usda.gov/,,,,,,,,,,,,NONE,MEDIUM,,,,,,,,,,,
QGAP-01522,NEEDS_SOURCE,لم يُعثر على مصدر آلي — يحتاج جلبًا من المصنّع أو كتالوج التجزئة,كوكيز بالشوكولاتة,Chocolate chip cookie,,,,INTERNATIONAL,مطبخ عالمي,حلويات,,,KSA,GLOBAL_REFERENCE,,HIGH,P2,MISSING,,USDA,USDA FoodData Central,https://fdc.nal.usda.gov/,,,,,,,,,,,,NONE,MEDIUM,,,,,,,,,,,
QGAP-01523,READY_FULL,,آيس كريم مثلج بالفواكه,Frozen yogurt,,,,INTERNATIONAL,مطبخ عالمي,حلويات,,,KSA,GLOBAL_REFERENCE,,MEDIUM,P2,MISSING,,USDA,"USDA FoodData Central — Frozen yogurts, chocolate",https://fdc.nal.usda.gov/food-details/168104/nutrients,,,لكل 100غ,100,131.0,3.0,21.6,3.6,2.3,19.24,63.0,FULL,HIGH,,168104,"Frozen yogurts, chocolate",,,1.61,,,,,
QGAP-01524,NEEDS_SOURCE,لم يُعثر على مصدر آلي — يحتاج جلبًا من المصنّع أو كتالوج التجزئة,كريب بالنوتيلا,Nutella crepe,,,,INTERNATIONAL,مطبخ عالمي,حلويات,,,KSA,GLOBAL_REFERENCE,,HIGH,P2,MISSING,,USDA,USDA FoodData Central,https://fdc.nal.usda.gov/,,,,,,,,,,,,NONE,MEDIUM,,,,,,,,,,,
QGAP-01525,NEEDS_SOURCE,لم يُعثر على مصدر آلي — يحتاج جلبًا من المصنّع أو كتالوج التجزئة,تشوروس,Churros,,,,INTERNATIONAL,مطبخ عالمي,حلويات,,,KSA,GLOBAL_REFERENCE,,MEDIUM,P2,MISSING,,USDA,USDA FoodData Central,https://fdc.nal.usda.gov/,,,,,,,,,,,,NONE,MEDIUM,,,,,,,,,,,
QGAP-01526,NEEDS_HUMAN_REVIEW,الأصل العام موجود في قِمّة — يُحسم بشريًا إن كان المتغيّر يستحق صفًّا مستقلًا,سلطة كينوا,Quinoa salad,,,,INTERNATIONAL,مطبخ عالمي,صحي,,,KSA,GLOBAL_REFERENCE,,HIGH,P2,EXISTS_GENERIC_ONLY,quinoa · كينوا,USDA,USDA FoodData Central,https://fdc.nal.usda.gov/,,,,,,,,,,,,NONE,MEDIUM,,,,,,,,,,,
QGAP-01527,NEEDS_SOURCE,لم يُعثر على مصدر آلي — يحتاج جلبًا من المصنّع أو كتالوج التجزئة,بول بوكس دجاج,Chicken bowl,,,,INTERNATIONAL,مطبخ عالمي,صحي,,,KSA,GLOBAL_REFERENCE,,HIGH,P2,MISSING,,USDA,USDA FoodData Central,https://fdc.nal.usda.gov/,,,,,,,,,,,,NONE,MEDIUM,,173339,"Rice bowl with chicken, frozen entree, prepared (includes fried, teriyaki, and sweet and sour varieties)",,,0.3,,,,,
QGAP-01528,NEEDS_SOURCE,لم يُعثر على مصدر آلي — يحتاج جلبًا من المصنّع أو كتالوج التجزئة,رابس دجاج مشوي,Grilled chicken wrap,,,,INTERNATIONAL,مطبخ عالمي,صحي,,,KSA,GLOBAL_REFERENCE,,HIGH,P2,MISSING,,USDA,USDA FoodData Central,https://fdc.nal.usda.gov/,,,,,,,,,,,,NONE,MEDIUM,,,,,,,,,,,
QGAP-01529,NEEDS_SOURCE,لم يُعثر على مصدر آلي — يحتاج جلبًا من المصنّع أو كتالوج التجزئة,سموذي بروتين,Protein smoothie,,,,INTERNATIONAL,مطبخ عالمي,صحي,,,KSA,GLOBAL_REFERENCE,,HIGH,P2,MISSING,,USDA,USDA FoodData Central,https://fdc.nal.usda.gov/,,,,,,,,,,,,NONE,MEDIUM,,,,,,,,,,,
QGAP-01530,NEEDS_SOURCE,لم يُعثر على مصدر آلي — يحتاج جلبًا من المصنّع أو كتالوج التجزئة,أسياي بول,Acai bowl,,,,INTERNATIONAL,مطبخ عالمي,صحي,,,KSA,GLOBAL_REFERENCE,,MEDIUM,P2,MISSING,,USDA,USDA FoodData Central,https://fdc.nal.usda.gov/,,,,,,,,,,,,NONE,MEDIUM,,,,,,,,,,,
QGAP-01531,NEEDS_SOURCE,لم يُعثر على مصدر آلي — يحتاج جلبًا من المصنّع أو كتالوج التجزئة,أوفر نايت أوتس,Overnight oats,,,,INTERNATIONAL,مطبخ عالمي,صحي,,,KSA,GLOBAL_REFERENCE,,HIGH,P2,MISSING,,USDA,USDA FoodData Central,https://fdc.nal.usda.gov/,,,,,,,,,,,,NONE,MEDIUM,,,,,,,,,,,
QGAP-01532,READY_FULL,,شوربة مشروم,Mushroom soup,,,,INTERNATIONAL,مطبخ عالمي,غربي,,,KSA,GLOBAL_REFERENCE,,MEDIUM,P2,MISSING,,USDA,"USDA FoodData Central — Soup, beef and mushroom, low sodium, chunk style",https://fdc.nal.usda.gov/food-details/171611/nutrients,,,لكل 100غ,100,69.0,4.3,9.58,2.3,0.2,0.84,25.0,FULL,HIGH,,171611,"Soup, beef and mushroom, low sodium, chunk style",,,1.1,,,,,
QGAP-01533,NEEDS_HUMAN_REVIEW,الأصل العام موجود في قِمّة — يُحسم بشريًا إن كان المتغيّر يستحق صفًّا مستقلًا,شوربة طماطم,Tomato soup,,,,INTERNATIONAL,مطبخ عالمي,غربي,,,KSA,GLOBAL_REFERENCE,,MEDIUM,P2,EXISTS_GENERIC_ONLY,tomato · طماطم,USDA,"USDA FoodData Central — Soup, tomato, canned, condensed",https://fdc.nal.usda.gov/food-details/172882/nutrients,,,لكل 100غ,100,66.0,1.46,15.22,0.44,1.1,8.23,377.0,NONE,MEDIUM,,172882,"Soup, tomato, canned, condensed",,,0.77,,,,,
QGAP-01534,NEEDS_SOURCE,لم يُعثر على مصدر آلي — يحتاج جلبًا من المصنّع أو كتالوج التجزئة,فيتوتشيني بالدجاج,Chicken fettuccine,,,,INTERNATIONAL,مطبخ عالمي,إيطالي,,,KSA,GLOBAL_REFERENCE,,HIGH,P2,MISSING,,USDA,USDA FoodData Central,https://fdc.nal.usda.gov/,,,,,,,,,,,,NONE,MEDIUM,,,,,,,,,,,
QGAP-01535,NEEDS_HUMAN_REVIEW,الأصل العام موجود في قِمّة — يُحسم بشريًا إن كان المتغيّر يستحق صفًّا مستقلًا,بيتزا بالخضار,Vegetable pizza,,,,INTERNATIONAL,مطبخ عالمي,إيطالي,,,KSA,GLOBAL_REFERENCE,,HIGH,P2,EXISTS_GENERIC_ONLY,r2-eat-058 · بيتزا خضار مخبز قطعة,USDA,USDA FoodData Central,https://fdc.nal.usda.gov/,,,,,,,,,,,,NONE,MEDIUM,,,,,,,,,,,
QGAP-01536,NEEDS_SOURCE,لم يُعثر على مصدر آلي — يحتاج جلبًا من المصنّع أو كتالوج التجزئة,أجنحة بافلو,Buffalo wings,,,,INTERNATIONAL,مطبخ عالمي,غربي,,,KSA,GLOBAL_REFERENCE,,HIGH,P2,MISSING,,USDA,USDA FoodData Central,https://fdc.nal.usda.gov/,,,,,,,,,,,,NONE,MEDIUM,,,,,,,,,,,
QGAP-01537,NEEDS_SOURCE,لم يُعثر على مصدر آلي — يحتاج جلبًا من المصنّع أو كتالوج التجزئة,ماك آند تشيز,Mac and cheese,,,,INTERNATIONAL,مطبخ عالمي,غربي,,,KSA,GLOBAL_REFERENCE,,MEDIUM,P2,MISSING,,USDA,USDA FoodData Central,https://fdc.nal.usda.gov/,,,,,,,,,,,,NONE,MEDIUM,,,,,,,,,,,
QGAP-01538,NEEDS_HUMAN_REVIEW,الأصل العام موجود في قِمّة — يُحسم بشريًا إن كان المتغيّر يستحق صفًّا مستقلًا,كول سلو,Coleslaw,,,,INTERNATIONAL,مطبخ عالمي,غربي,,,KSA,GLOBAL_REFERENCE,,HIGH,P2,EXISTS_GENERIC_ONLY,r2-eat-010 · سلطة ملفوف مع البروست,USDA,"USDA FoodData Central — Salad dressing, coleslaw",https://fdc.nal.usda.gov/food-details/169056/nutrients,,,لكل 100غ,100,404.0,0.85,22.4,34.53,0.0,21.23,850.0,NONE,MEDIUM,,169056,"Salad dressing, coleslaw",,,0.92,,,,,
