candidate_id,name_ar,name_en,brand_ar,brand_en,restaurant_or_brand,food_type,category,subcategory,variant,preparation,market,saudi_relevance,priority,match_status,existing_qimmah_match,source_class,source_name,source_url,serving_description,calories,protein_g,carbs_g,fat_g,fiber_g,sugar_g,sodium_mg,nutrition_completeness,confidence,aliases_ar,aliases_en,notes
QGAP-00001,صدر دجاج بالجلد,Chicken breast with skin,,,,GENERIC,أطعمة عامة,لحوم ودواجن,,—,KSA,HIGH,P1,MISSING,,USDA,USDA FoodData Central,https://fdc.nal.usda.gov/,,,,,,,,,NONE,MEDIUM,,,
QGAP-00002,صدر دجاج بدون جلد نيء,Chicken breast skinless raw,,,,GENERIC,أطعمة عامة,لحوم ودواجن,,—,KSA,HIGH,P1,MISSING,,USDA,USDA FoodData Central,https://fdc.nal.usda.gov/,,,,,,,,,NONE,MEDIUM,,,
QGAP-00003,فخذ دجاج بدون جلد,Chicken thigh skinless,,,,GENERIC,أطعمة عامة,لحوم ودواجن,,—,KSA,HIGH,P1,EXISTS_GENERIC_ONLY,chicken-thigh · فخذ دجاج,USDA,USDA FoodData Central,https://fdc.nal.usda.gov/,,,,,,,,,NONE,MEDIUM,,,
QGAP-00004,ورك دجاج,Chicken drumstick,,,,GENERIC,أطعمة عامة,لحوم ودواجن,,—,KSA,HIGH,P1,MISSING,,USDA,USDA FoodData Central,https://fdc.nal.usda.gov/,,,,,,,,,NONE,MEDIUM,,,
QGAP-00005,جناح دجاج,Chicken wing,,,,GENERIC,أطعمة عامة,لحوم ودواجن,,—,KSA,HIGH,P1,EXISTS_GENERIC_ONLY,dominos-wings · دومينوز - أجنحة دجاج,USDA,USDA FoodData Central,https://fdc.nal.usda.gov/,,,,,,,,,NONE,MEDIUM,,,
QGAP-00006,دجاج كامل مشوي,Whole roast chicken,,,,GENERIC,أطعمة عامة,لحوم ودواجن,,—,KSA,HIGH,P1,MISSING,,USDA,USDA FoodData Central,https://fdc.nal.usda.gov/,,,,,,,,,NONE,MEDIUM,,,
QGAP-00007,كبد بقري,Beef liver,,,,GENERIC,أطعمة عامة,لحوم ودواجن,,—,KSA,HIGH,P1,MISSING,,USDA,USDA FoodData Central,https://fdc.nal.usda.gov/,,,,,,,,,NONE,MEDIUM,,,
QGAP-00008,كلاوي غنم,Lamb kidney,,,,GENERIC,أطعمة عامة,لحوم ودواجن,,—,KSA,HIGH,P1,MISSING,,USDA,USDA FoodData Central,https://fdc.nal.usda.gov/,,,,,,,,,NONE,MEDIUM,,,
QGAP-00009,لسان بقري,Beef tongue,,,,GENERIC,أطعمة عامة,لحوم ودواجن,,—,KSA,HIGH,P1,MISSING,,USDA,USDA FoodData Central,https://fdc.nal.usda.gov/,,,,,,,,,NONE,MEDIUM,,,
QGAP-00010,مخ غنم,Lamb brain,,,,GENERIC,أطعمة عامة,لحوم ودواجن,,—,KSA,HIGH,P1,MISSING,,USDA,USDA FoodData Central,https://fdc.nal.usda.gov/,,,,,,,,,NONE,MEDIUM,,,
QGAP-00011,كرشة,Tripe,,,,GENERIC,أطعمة عامة,لحوم ودواجن,,—,KSA,HIGH,P1,MISSING,,USDA,USDA FoodData Central,https://fdc.nal.usda.gov/,,,,,,,,,NONE,MEDIUM,,,
QGAP-00012,مقادم غنم,Lamb trotters,,,,GENERIC,أطعمة عامة,لحوم ودواجن,,—,KSA,HIGH,P1,MISSING,,USDA,USDA FoodData Central,https://fdc.nal.usda.gov/,,,,,,,,,NONE,MEDIUM,,,
QGAP-00013,لحم بقري قليل الدهن 95%,Lean ground beef 95%,,,,GENERIC,أطعمة عامة,لحوم ودواجن,,—,KSA,HIGH,P1,EXISTS_GENERIC_ONLY,ground-beef · لحم مفروم,USDA,USDA FoodData Central,https://fdc.nal.usda.gov/,,,,,,,,,NONE,MEDIUM,,,
QGAP-00014,لحم بقري مفروم 80%,Ground beef 80/20,,,,GENERIC,أطعمة عامة,لحوم ودواجن,,—,KSA,HIGH,P1,EXISTS_GENERIC_ONLY,ground-beef · لحم مفروم,USDA,USDA FoodData Central,https://fdc.nal.usda.gov/,,,,,,,,,NONE,MEDIUM,,,
QGAP-00015,ستيك ريب آي,Ribeye steak,,,,GENERIC,أطعمة عامة,لحوم ودواجن,,—,KSA,HIGH,P1,MISSING,,USDA,USDA FoodData Central,https://fdc.nal.usda.gov/,,,,,,,,,NONE,MEDIUM,,,
QGAP-00016,ستيك تندرلوين,Tenderloin steak,,,,GENERIC,أطعمة عامة,لحوم ودواجن,,—,KSA,HIGH,P1,MISSING,,USDA,USDA FoodData Central,https://fdc.nal.usda.gov/,,,,,,,,,NONE,MEDIUM,,,
QGAP-00017,ستيك سيرلوين,Sirloin steak,,,,GENERIC,أطعمة عامة,لحوم ودواجن,,—,KSA,HIGH,P1,MISSING,,USDA,USDA FoodData Central,https://fdc.nal.usda.gov/,,,,,,,,,NONE,MEDIUM,,,
QGAP-00018,لحم حاشي (إبل) مفروم,Ground camel meat,,,,GENERIC,أطعمة عامة,لحوم ودواجن,,—,KSA,HIGH,P1,EXISTS_GENERIC_ONLY,camel-meat · لحم جمل,USDA,USDA FoodData Central,https://fdc.nal.usda.gov/,,,,,,,,,NONE,MEDIUM,,,
QGAP-00019,سنام الجمل,Camel hump,,,,GENERIC,أطعمة عامة,لحوم ودواجن,,—,KSA,HIGH,P1,MISSING,,USDA,USDA FoodData Central,https://fdc.nal.usda.gov/,,,,,,,,,NONE,MEDIUM,,,
QGAP-00020,رقبة غنم,Lamb neck,,,,GENERIC,أطعمة عامة,لحوم ودواجن,,—,KSA,HIGH,P1,MISSING,,USDA,USDA FoodData Central,https://fdc.nal.usda.gov/,,,,,,,,,NONE,MEDIUM,,,
QGAP-00021,كتف غنم,Lamb shoulder,,,,GENERIC,أطعمة عامة,لحوم ودواجن,,—,KSA,HIGH,P1,MISSING,,USDA,USDA FoodData Central,https://fdc.nal.usda.gov/,,,,,,,,,NONE,MEDIUM,,,
QGAP-00022,ساق غنم,Lamb leg,,,,GENERIC,أطعمة عامة,لحوم ودواجن,,—,KSA,HIGH,P1,MISSING,,USDA,USDA FoodData Central,https://fdc.nal.usda.gov/,,,,,,,,,NONE,MEDIUM,,,
QGAP-00023,ديك رومي مفروم,Ground turkey,,,,GENERIC,أطعمة عامة,لحوم ودواجن,,—,KSA,HIGH,P1,MISSING,,USDA,USDA FoodData Central,https://fdc.nal.usda.gov/,,,,,,,,,NONE,MEDIUM,,,
QGAP-00024,بسطرمة,Basturma,,,,GENERIC,أطعمة عامة,لحوم ودواجن,,—,KSA,HIGH,P1,MISSING,,USDA,USDA FoodData Central,https://fdc.nal.usda.gov/,,,,,,,,,NONE,MEDIUM,,,
QGAP-00025,لحم مقدد بقري,Beef bacon,,,,GENERIC,أطعمة عامة,لحوم ودواجن,,—,KSA,HIGH,P1,MISSING,,USDA,USDA FoodData Central,https://fdc.nal.usda.gov/,,,,,,,,,NONE,MEDIUM,,,
QGAP-00026,نقانق دجاج,Chicken sausage,,,,GENERIC,أطعمة عامة,لحوم ودواجن,,—,KSA,HIGH,P1,MISSING,,USDA,USDA FoodData Central,https://fdc.nal.usda.gov/,,,,,,,,,NONE,MEDIUM,,,
QGAP-00027,نقانق بقري,Beef sausage,,,,GENERIC,أطعمة عامة,لحوم ودواجن,,—,KSA,HIGH,P1,MISSING,,USDA,USDA FoodData Central,https://fdc.nal.usda.gov/,,,,,,,,,NONE,MEDIUM,,,
QGAP-00028,برجر لحم نيء,Raw beef patty,,,,GENERIC,أطعمة عامة,لحوم ودواجن,,—,KSA,HIGH,P1,EXISTS_GENERIC_ONLY,beef-burger · برجر لحم,USDA,USDA FoodData Central,https://fdc.nal.usda.gov/,,,,,,,,,NONE,MEDIUM,,,
QGAP-00029,شرائح ديك رومي مدخن,Smoked turkey slices,,,,GENERIC,أطعمة عامة,لحوم ودواجن,,—,KSA,HIGH,P1,MISSING,,USDA,USDA FoodData Central,https://fdc.nal.usda.gov/,,,,,,,,,NONE,MEDIUM,,,
QGAP-00030,صدر دجاج مدخن,Smoked chicken breast,,,,GENERIC,أطعمة عامة,لحوم ودواجن,,—,KSA,HIGH,P1,MISSING,,USDA,USDA FoodData Central,https://fdc.nal.usda.gov/,,,,,,,,,NONE,MEDIUM,,,
QGAP-00031,سمك ناجل,Coral trout (Najil),,,,GENERIC,أطعمة عامة,أسماك ومأكولات بحرية,,,KSA,HIGH,P2,MISSING,,USDA,USDA FoodData Central,https://fdc.nal.usda.gov/,,,,,,,,,NONE,MEDIUM,,,
QGAP-00032,سمك شعري,Emperor fish (Shaari),,,,GENERIC,أطعمة عامة,أسماك ومأكولات بحرية,,,KSA,HIGH,P2,MISSING,,USDA,USDA FoodData Central,https://fdc.nal.usda.gov/,,,,,,,,,NONE,MEDIUM,,,
QGAP-00033,سمك كنعد,Kingfish (Kanaad),,,,GENERIC,أطعمة عامة,أسماك ومأكولات بحرية,,,KSA,HIGH,P2,MISSING,,USDA,USDA FoodData Central,https://fdc.nal.usda.gov/,,,,,,,,,NONE,MEDIUM,,,
QGAP-00034,سمك سبيطي,Sobaity seabream,,,,GENERIC,أطعمة عامة,أسماك ومأكولات بحرية,,,KSA,HIGH,P2,MISSING,,USDA,USDA FoodData Central,https://fdc.nal.usda.gov/,,,,,,,,,NONE,MEDIUM,,,
QGAP-00035,سمك بلطي,Tilapia,,,,GENERIC,أطعمة عامة,أسماك ومأكولات بحرية,,,KSA,HIGH,P2,MISSING,,USDA,USDA FoodData Central,https://fdc.nal.usda.gov/,,,,,,,,,NONE,MEDIUM,,,
QGAP-00036,سمك زبيدي,Pomfret (Zubaidi),,,,GENERIC,أطعمة عامة,أسماك ومأكولات بحرية,,,KSA,HIGH,P2,MISSING,,USDA,USDA FoodData Central,https://fdc.nal.usda.gov/,,,,,,,,,NONE,MEDIUM,,,
QGAP-00037,سمك صافي,Rabbitfish (Safi),,,,GENERIC,أطعمة عامة,أسماك ومأكولات بحرية,,,KSA,HIGH,P2,MISSING,,USDA,USDA FoodData Central,https://fdc.nal.usda.gov/,,,,,,,,,NONE,MEDIUM,,,
QGAP-00038,سمك حريد,Parrotfish (Hareed),,,,GENERIC,أطعمة عامة,أسماك ومأكولات بحرية,,,KSA,HIGH,P2,MISSING,,USDA,USDA FoodData Central,https://fdc.nal.usda.gov/,,,,,,,,,NONE,MEDIUM,,,
QGAP-00039,سمك بياض,Catfish (Bayad),,,,GENERIC,أطعمة عامة,أسماك ومأكولات بحرية,,,KSA,HIGH,P2,MISSING,,USDA,USDA FoodData Central,https://fdc.nal.usda.gov/,,,,,,,,,NONE,MEDIUM,,,
QGAP-00040,سمك تونة طازج,Fresh tuna,,,,GENERIC,أطعمة عامة,أسماك ومأكولات بحرية,,,KSA,HIGH,P2,MISSING,,USDA,USDA FoodData Central,https://fdc.nal.usda.gov/,,,,,,,,,NONE,MEDIUM,,,
QGAP-00041,سمك ماكريل,Mackerel,,,,GENERIC,أطعمة عامة,أسماك ومأكولات بحرية,,,KSA,HIGH,P2,MISSING,,USDA,USDA FoodData Central,https://fdc.nal.usda.gov/,,,,,,,,,NONE,MEDIUM,,,
QGAP-00042,سمك قد,Cod,,,,GENERIC,أطعمة عامة,أسماك ومأكولات بحرية,,,KSA,HIGH,P2,MISSING,,USDA,USDA FoodData Central,https://fdc.nal.usda.gov/,,,,,,,,,NONE,MEDIUM,,,
QGAP-00043,سمك موسى,Sole fish,,,,GENERIC,أطعمة عامة,أسماك ومأكولات بحرية,,,KSA,HIGH,P2,MISSING,,USDA,USDA FoodData Central,https://fdc.nal.usda.gov/,,,,,,,,,NONE,MEDIUM,,,
QGAP-00044,سمك فيليه بلطي مقلي,Fried tilapia fillet,,,,GENERIC,أطعمة عامة,أسماك ومأكولات بحرية,,,KSA,HIGH,P2,MISSING,,USDA,USDA FoodData Central,https://fdc.nal.usda.gov/,,,,,,,,,NONE,MEDIUM,,,
QGAP-00045,حبار,Squid,,,,GENERIC,أطعمة عامة,أسماك ومأكولات بحرية,,,KSA,HIGH,P2,MISSING,,USDA,USDA FoodData Central,https://fdc.nal.usda.gov/,,,,,,,,,NONE,MEDIUM,,,
QGAP-00046,أخطبوط,Octopus,,,,GENERIC,أطعمة عامة,أسماك ومأكولات بحرية,,,KSA,HIGH,P2,MISSING,,USDA,USDA FoodData Central,https://fdc.nal.usda.gov/,,,,,,,,,NONE,MEDIUM,,,
QGAP-00047,سلطعون (كراب),Crab,,,,GENERIC,أطعمة عامة,أسماك ومأكولات بحرية,,,KSA,HIGH,P2,MISSING,,USDA,USDA FoodData Central,https://fdc.nal.usda.gov/,,,,,,,,,NONE,MEDIUM,,,
QGAP-00048,سمك مملح (فسيخ),Salted fish,,,,GENERIC,أطعمة عامة,أسماك ومأكولات بحرية,,,KSA,HIGH,P2,MISSING,,USDA,USDA FoodData Central,https://fdc.nal.usda.gov/,,,,,,,,,NONE,MEDIUM,,,
QGAP-00049,سمك مدخن,Smoked fish,,,,GENERIC,أطعمة عامة,أسماك ومأكولات بحرية,,,KSA,HIGH,P2,MISSING,,USDA,USDA FoodData Central,https://fdc.nal.usda.gov/,,,,,,,,,NONE,MEDIUM,,,
QGAP-00050,كافيار,Caviar,,,,GENERIC,أطعمة عامة,أسماك ومأكولات بحرية,,,KSA,HIGH,P2,MISSING,,USDA,USDA FoodData Central,https://fdc.nal.usda.gov/,,,,,,,,,NONE,MEDIUM,,,
QGAP-00051,سمك سلمون مدخن,Smoked salmon,,,,GENERIC,أطعمة عامة,أسماك ومأكولات بحرية,,,KSA,HIGH,P2,EXISTS_GENERIC_ONLY,salmon · سلمون,USDA,USDA FoodData Central,https://fdc.nal.usda.gov/,,,,,,,,,NONE,MEDIUM,,,
QGAP-00052,أصابع سمك,Fish fingers,,,,GENERIC,أطعمة عامة,أسماك ومأكولات بحرية,,,KSA,HIGH,P2,MISSING,,USDA,USDA FoodData Central,https://fdc.nal.usda.gov/,,,,,,,,,NONE,MEDIUM,,,
QGAP-00053,صدر دجاج مقلي بالزيت,"Chicken breast, Deep fried",,,,GENERIC,أطعمة عامة,طرق الطهي,,fried,KSA,HIGH,P2,MISSING,,USDA,USDA FoodData Central,https://fdc.nal.usda.gov/,,,,,,,,,NONE,MEDIUM,,,يُضاف فقط إذا اختلفت القيم ماديًا عن الصنف الأساسي الموجود.
QGAP-00054,صدر دجاج مقلي بالهواء,"Chicken breast, Air fried",,,,GENERIC,أطعمة عامة,طرق الطهي,,air_fried,KSA,HIGH,P2,MISSING,,USDA,USDA FoodData Central,https://fdc.nal.usda.gov/,,,,,,,,,NONE,MEDIUM,,,يُضاف فقط إذا اختلفت القيم ماديًا عن الصنف الأساسي الموجود.
QGAP-00055,صدر دجاج مشوي بالفرن,"Chicken breast, Oven baked",,,,GENERIC,أطعمة عامة,طرق الطهي,,baked,KSA,HIGH,P2,EXISTS_GENERIC_ONLY,chicken-breast-grilled · صدر دجاج مشوي,USDA,USDA FoodData Central,https://fdc.nal.usda.gov/,,,,,,,,,NONE,MEDIUM,,,يُضاف فقط إذا اختلفت القيم ماديًا عن الصنف الأساسي الموجود.
QGAP-00056,صدر دجاج مسلوق,"Chicken breast, Boiled",,,,GENERIC,أطعمة عامة,طرق الطهي,,boiled,KSA,HIGH,P2,MISSING,,USDA,USDA FoodData Central,https://fdc.nal.usda.gov/,,,,,,,,,NONE,MEDIUM,,,يُضاف فقط إذا اختلفت القيم ماديًا عن الصنف الأساسي الموجود.
QGAP-00057,صدر دجاج مطهو على البخار,"Chicken breast, Steamed",,,,GENERIC,أطعمة عامة,طرق الطهي,,steamed,KSA,HIGH,P2,MISSING,,USDA,USDA FoodData Central,https://fdc.nal.usda.gov/,,,,,,,,,NONE,MEDIUM,,,يُضاف فقط إذا اختلفت القيم ماديًا عن الصنف الأساسي الموجود.
QGAP-00058,بطاطس مقلي بالزيت,"Potato, Deep fried",,,,GENERIC,أطعمة عامة,طرق الطهي,,fried,KSA,HIGH,P2,MISSING,,USDA,USDA FoodData Central,https://fdc.nal.usda.gov/,,,,,,,,,NONE,MEDIUM,,,يُضاف فقط إذا اختلفت القيم ماديًا عن الصنف الأساسي الموجود.
QGAP-00059,بطاطس مقلي بالهواء,"Potato, Air fried",,,,GENERIC,أطعمة عامة,طرق الطهي,,air_fried,KSA,HIGH,P2,MISSING,,USDA,USDA FoodData Central,https://fdc.nal.usda.gov/,,,,,,,,,NONE,MEDIUM,,,يُضاف فقط إذا اختلفت القيم ماديًا عن الصنف الأساسي الموجود.
QGAP-00060,بطاطس مشوي بالفرن,"Potato, Oven baked",,,,GENERIC,أطعمة عامة,طرق الطهي,,baked,KSA,HIGH,P2,MISSING,,USDA,USDA FoodData Central,https://fdc.nal.usda.gov/,,,,,,,,,NONE,MEDIUM,,,يُضاف فقط إذا اختلفت القيم ماديًا عن الصنف الأساسي الموجود.
QGAP-00061,بطاطس مطهو على البخار,"Potato, Steamed",,,,GENERIC,أطعمة عامة,طرق الطهي,,steamed,KSA,HIGH,P2,MISSING,,USDA,USDA FoodData Central,https://fdc.nal.usda.gov/,,,,,,,,,NONE,MEDIUM,,,يُضاف فقط إذا اختلفت القيم ماديًا عن الصنف الأساسي الموجود.
QGAP-00062,باذنجان مقلي بالزيت,"Eggplant, Deep fried",,,,GENERIC,أطعمة عامة,طرق الطهي,,fried,KSA,HIGH,P2,EXISTS_GENERIC_ONLY,eggplant · باذنجان,USDA,USDA FoodData Central,https://fdc.nal.usda.gov/,,,,,,,,,NONE,MEDIUM,,,يُضاف فقط إذا اختلفت القيم ماديًا عن الصنف الأساسي الموجود.
QGAP-00063,باذنجان مقلي بالهواء,"Eggplant, Air fried",,,,GENERIC,أطعمة عامة,طرق الطهي,,air_fried,KSA,HIGH,P2,EXISTS_GENERIC_ONLY,eggplant · باذنجان,USDA,USDA FoodData Central,https://fdc.nal.usda.gov/,,,,,,,,,NONE,MEDIUM,,,يُضاف فقط إذا اختلفت القيم ماديًا عن الصنف الأساسي الموجود.
QGAP-00064,باذنجان مشوي بالفرن,"Eggplant, Oven baked",,,,GENERIC,أطعمة عامة,طرق الطهي,,baked,KSA,HIGH,P2,EXISTS_GENERIC_ONLY,eggplant · باذنجان,USDA,USDA FoodData Central,https://fdc.nal.usda.gov/,,,,,,,,,NONE,MEDIUM,,,يُضاف فقط إذا اختلفت القيم ماديًا عن الصنف الأساسي الموجود.
QGAP-00065,باذنجان مسلوق,"Eggplant, Boiled",,,,GENERIC,أطعمة عامة,طرق الطهي,,boiled,KSA,HIGH,P2,EXISTS_GENERIC_ONLY,eggplant · باذنجان,USDA,USDA FoodData Central,https://fdc.nal.usda.gov/,,,,,,,,,NONE,MEDIUM,,,يُضاف فقط إذا اختلفت القيم ماديًا عن الصنف الأساسي الموجود.
QGAP-00066,باذنجان مطهو على البخار,"Eggplant, Steamed",,,,GENERIC,أطعمة عامة,طرق الطهي,,steamed,KSA,HIGH,P2,EXISTS_GENERIC_ONLY,eggplant · باذنجان,USDA,USDA FoodData Central,https://fdc.nal.usda.gov/,,,,,,,,,NONE,MEDIUM,,,يُضاف فقط إذا اختلفت القيم ماديًا عن الصنف الأساسي الموجود.
QGAP-00067,سمك مقلي بالزيت,"Fish, Deep fried",,,,GENERIC,أطعمة عامة,طرق الطهي,,fried,KSA,HIGH,P2,EXISTS_GENERIC_ONLY,sfct-20 · سمك مقلي,USDA,USDA FoodData Central,https://fdc.nal.usda.gov/,,,,,,,,,NONE,MEDIUM,,,يُضاف فقط إذا اختلفت القيم ماديًا عن الصنف الأساسي الموجود.
QGAP-00068,سمك مقلي بالهواء,"Fish, Air fried",,,,GENERIC,أطعمة عامة,طرق الطهي,,air_fried,KSA,HIGH,P2,EXISTS_GENERIC_ONLY,sfct-20 · سمك مقلي,USDA,USDA FoodData Central,https://fdc.nal.usda.gov/,,,,,,,,,NONE,MEDIUM,,,يُضاف فقط إذا اختلفت القيم ماديًا عن الصنف الأساسي الموجود.
QGAP-00069,سمك مشوي بالفرن,"Fish, Oven baked",,,,GENERIC,أطعمة عامة,طرق الطهي,,baked,KSA,HIGH,P2,MISSING,,USDA,USDA FoodData Central,https://fdc.nal.usda.gov/,,,,,,,,,NONE,MEDIUM,,,يُضاف فقط إذا اختلفت القيم ماديًا عن الصنف الأساسي الموجود.
QGAP-00070,سمك مسلوق,"Fish, Boiled",,,,GENERIC,أطعمة عامة,طرق الطهي,,boiled,KSA,HIGH,P2,MISSING,,USDA,USDA FoodData Central,https://fdc.nal.usda.gov/,,,,,,,,,NONE,MEDIUM,,,يُضاف فقط إذا اختلفت القيم ماديًا عن الصنف الأساسي الموجود.
QGAP-00071,سمك مطهو على البخار,"Fish, Steamed",,,,GENERIC,أطعمة عامة,طرق الطهي,,steamed,KSA,HIGH,P2,MISSING,,USDA,USDA FoodData Central,https://fdc.nal.usda.gov/,,,,,,,,,NONE,MEDIUM,,,يُضاف فقط إذا اختلفت القيم ماديًا عن الصنف الأساسي الموجود.
QGAP-00072,روبيان مقلي بالزيت,"Shrimp, Deep fried",,,,GENERIC,أطعمة عامة,طرق الطهي,,fried,KSA,HIGH,P2,EXISTS_GENERIC_ONLY,gcc-24 · روبيان مقلي,USDA,USDA FoodData Central,https://fdc.nal.usda.gov/,,,,,,,,,NONE,MEDIUM,,,يُضاف فقط إذا اختلفت القيم ماديًا عن الصنف الأساسي الموجود.
QGAP-00073,روبيان مقلي بالهواء,"Shrimp, Air fried",,,,GENERIC,أطعمة عامة,طرق الطهي,,air_fried,KSA,HIGH,P2,EXISTS_GENERIC_ONLY,gcc-24 · روبيان مقلي,USDA,USDA FoodData Central,https://fdc.nal.usda.gov/,,,,,,,,,NONE,MEDIUM,,,يُضاف فقط إذا اختلفت القيم ماديًا عن الصنف الأساسي الموجود.
QGAP-00074,روبيان مشوي بالفرن,"Shrimp, Oven baked",,,,GENERIC,أطعمة عامة,طرق الطهي,,baked,KSA,HIGH,P2,MISSING,,USDA,USDA FoodData Central,https://fdc.nal.usda.gov/,,,,,,,,,NONE,MEDIUM,,,يُضاف فقط إذا اختلفت القيم ماديًا عن الصنف الأساسي الموجود.
QGAP-00075,روبيان مسلوق,"Shrimp, Boiled",,,,GENERIC,أطعمة عامة,طرق الطهي,,boiled,KSA,HIGH,P2,EXISTS_GENERIC_ONLY,shrimp · روبيان,USDA,USDA FoodData Central,https://fdc.nal.usda.gov/,,,,,,,,,NONE,MEDIUM,,,يُضاف فقط إذا اختلفت القيم ماديًا عن الصنف الأساسي الموجود.
QGAP-00076,روبيان مطهو على البخار,"Shrimp, Steamed",,,,GENERIC,أطعمة عامة,طرق الطهي,,steamed,KSA,HIGH,P2,EXISTS_GENERIC_ONLY,shrimp · روبيان,USDA,USDA FoodData Central,https://fdc.nal.usda.gov/,,,,,,,,,NONE,MEDIUM,,,يُضاف فقط إذا اختلفت القيم ماديًا عن الصنف الأساسي الموجود.
QGAP-00077,بيض مقلي بالزيت,"Egg, Deep fried",,,,GENERIC,أطعمة عامة,طرق الطهي,,fried,KSA,HIGH,P2,EXISTS_GENERIC_ONLY,fried-eggs · بيض مقلي,USDA,USDA FoodData Central,https://fdc.nal.usda.gov/,,,,,,,,,NONE,MEDIUM,,,يُضاف فقط إذا اختلفت القيم ماديًا عن الصنف الأساسي الموجود.
QGAP-00078,بيض مقلي بالهواء,"Egg, Air fried",,,,GENERIC,أطعمة عامة,طرق الطهي,,air_fried,KSA,HIGH,P2,EXISTS_GENERIC_ONLY,fried-eggs · بيض مقلي,USDA,USDA FoodData Central,https://fdc.nal.usda.gov/,,,,,,,,,NONE,MEDIUM,,,يُضاف فقط إذا اختلفت القيم ماديًا عن الصنف الأساسي الموجود.
QGAP-00079,بيض مشوي بالفرن,"Egg, Oven baked",,,,GENERIC,أطعمة عامة,طرق الطهي,,baked,KSA,HIGH,P2,MISSING,,USDA,USDA FoodData Central,https://fdc.nal.usda.gov/,,,,,,,,,NONE,MEDIUM,,,يُضاف فقط إذا اختلفت القيم ماديًا عن الصنف الأساسي الموجود.
QGAP-00080,بيض مطهو على البخار,"Egg, Steamed",,,,GENERIC,أطعمة عامة,طرق الطهي,,steamed,KSA,HIGH,P2,MISSING,,USDA,USDA FoodData Central,https://fdc.nal.usda.gov/,,,,,,,,,NONE,MEDIUM,,,يُضاف فقط إذا اختلفت القيم ماديًا عن الصنف الأساسي الموجود.
QGAP-00081,كوسا مقلي بالزيت,"Zucchini, Deep fried",,,,GENERIC,أطعمة عامة,طرق الطهي,,fried,KSA,HIGH,P2,MISSING,,USDA,USDA FoodData Central,https://fdc.nal.usda.gov/,,,,,,,,,NONE,MEDIUM,,,يُضاف فقط إذا اختلفت القيم ماديًا عن الصنف الأساسي الموجود.
QGAP-00082,كوسا مقلي بالهواء,"Zucchini, Air fried",,,,GENERIC,أطعمة عامة,طرق الطهي,,air_fried,KSA,HIGH,P2,MISSING,,USDA,USDA FoodData Central,https://fdc.nal.usda.gov/,,,,,,,,,NONE,MEDIUM,,,يُضاف فقط إذا اختلفت القيم ماديًا عن الصنف الأساسي الموجود.
QGAP-00083,كوسا مشوي بالفرن,"Zucchini, Oven baked",,,,GENERIC,أطعمة عامة,طرق الطهي,,baked,KSA,HIGH,P2,MISSING,,USDA,USDA FoodData Central,https://fdc.nal.usda.gov/,,,,,,,,,NONE,MEDIUM,,,يُضاف فقط إذا اختلفت القيم ماديًا عن الصنف الأساسي الموجود.
QGAP-00084,كوسا مسلوق,"Zucchini, Boiled",,,,GENERIC,أطعمة عامة,طرق الطهي,,boiled,KSA,HIGH,P2,MISSING,,USDA,USDA FoodData Central,https://fdc.nal.usda.gov/,,,,,,,,,NONE,MEDIUM,,,يُضاف فقط إذا اختلفت القيم ماديًا عن الصنف الأساسي الموجود.
QGAP-00085,كوسا مطهو على البخار,"Zucchini, Steamed",,,,GENERIC,أطعمة عامة,طرق الطهي,,steamed,KSA,HIGH,P2,MISSING,,USDA,USDA FoodData Central,https://fdc.nal.usda.gov/,,,,,,,,,NONE,MEDIUM,,,يُضاف فقط إذا اختلفت القيم ماديًا عن الصنف الأساسي الموجود.
QGAP-00086,قرنبيط مقلي بالزيت,"Cauliflower, Deep fried",,,,GENERIC,أطعمة عامة,طرق الطهي,,fried,KSA,HIGH,P2,MISSING,,USDA,USDA FoodData Central,https://fdc.nal.usda.gov/,,,,,,,,,NONE,MEDIUM,,,يُضاف فقط إذا اختلفت القيم ماديًا عن الصنف الأساسي الموجود.
QGAP-00087,قرنبيط مقلي بالهواء,"Cauliflower, Air fried",,,,GENERIC,أطعمة عامة,طرق الطهي,,air_fried,KSA,HIGH,P2,MISSING,,USDA,USDA FoodData Central,https://fdc.nal.usda.gov/,,,,,,,,,NONE,MEDIUM,,,يُضاف فقط إذا اختلفت القيم ماديًا عن الصنف الأساسي الموجود.
QGAP-00088,قرنبيط مشوي بالفرن,"Cauliflower, Oven baked",,,,GENERIC,أطعمة عامة,طرق الطهي,,baked,KSA,HIGH,P2,MISSING,,USDA,USDA FoodData Central,https://fdc.nal.usda.gov/,,,,,,,,,NONE,MEDIUM,,,يُضاف فقط إذا اختلفت القيم ماديًا عن الصنف الأساسي الموجود.
QGAP-00089,قرنبيط مسلوق,"Cauliflower, Boiled",,,,GENERIC,أطعمة عامة,طرق الطهي,,boiled,KSA,HIGH,P2,MISSING,,USDA,USDA FoodData Central,https://fdc.nal.usda.gov/,,,,,,,,,NONE,MEDIUM,,,يُضاف فقط إذا اختلفت القيم ماديًا عن الصنف الأساسي الموجود.
QGAP-00090,قرنبيط مطهو على البخار,"Cauliflower, Steamed",,,,GENERIC,أطعمة عامة,طرق الطهي,,steamed,KSA,HIGH,P2,MISSING,,USDA,USDA FoodData Central,https://fdc.nal.usda.gov/,,,,,,,,,NONE,MEDIUM,,,يُضاف فقط إذا اختلفت القيم ماديًا عن الصنف الأساسي الموجود.
QGAP-00091,ملفوف,Cabbage,,,,GENERIC,أطعمة عامة,خضار,,,KSA,HIGH,P1,MISSING,,USDA,USDA FoodData Central,https://fdc.nal.usda.gov/,,,,,,,,,NONE,MEDIUM,,,
QGAP-00092,كرنب أحمر,Red cabbage,,,,GENERIC,أطعمة عامة,خضار,,,KSA,HIGH,P1,MISSING,,USDA,USDA FoodData Central,https://fdc.nal.usda.gov/,,,,,,,,,NONE,MEDIUM,,,
QGAP-00093,فجل,Radish,,,,GENERIC,أطعمة عامة,خضار,,,KSA,HIGH,P1,MISSING,,USDA,USDA FoodData Central,https://fdc.nal.usda.gov/,,,,,,,,,NONE,MEDIUM,,,
QGAP-00094,لفت,Turnip,,,,GENERIC,أطعمة عامة,خضار,,,KSA,HIGH,P1,MISSING,,USDA,USDA FoodData Central,https://fdc.nal.usda.gov/,,,,,,,,,NONE,MEDIUM,,,
QGAP-00095,شمندر,Beetroot,,,,GENERIC,أطعمة عامة,خضار,,,KSA,HIGH,P1,MISSING,,USDA,USDA FoodData Central,https://fdc.nal.usda.gov/,,,,,,,,,NONE,MEDIUM,,,
QGAP-00096,كرفس,Celery,,,,GENERIC,أطعمة عامة,خضار,,,KSA,HIGH,P1,MISSING,,USDA,USDA FoodData Central,https://fdc.nal.usda.gov/,,,,,,,,,NONE,MEDIUM,,,
QGAP-00097,بقدونس,Parsley,,,,GENERIC,أطعمة عامة,خضار,,,KSA,HIGH,P1,MISSING,,USDA,USDA FoodData Central,https://fdc.nal.usda.gov/,,,,,,,,,NONE,MEDIUM,,,
QGAP-00098,كزبرة خضراء,Fresh coriander,,,,GENERIC,أطعمة عامة,خضار,,,KSA,HIGH,P1,MISSING,,USDA,USDA FoodData Central,https://fdc.nal.usda.gov/,,,,,,,,,NONE,MEDIUM,,,
QGAP-00099,نعناع,Mint,,,,GENERIC,أطعمة عامة,خضار,,,KSA,HIGH,P1,EXISTS_GENERIC_ONLY,lemon-mint · ليمون نعناع,USDA,USDA FoodData Central,https://fdc.nal.usda.gov/,,,,,,,,,NONE,MEDIUM,,,
QGAP-00100,شبت,Dill,,,,GENERIC,أطعمة عامة,خضار,,,KSA,HIGH,P1,MISSING,,USDA,USDA FoodData Central,https://fdc.nal.usda.gov/,,,,,,,,,NONE,MEDIUM,,,
QGAP-00101,جرجير,Arugula,,,,GENERIC,أطعمة عامة,خضار,,,KSA,HIGH,P1,MISSING,,USDA,USDA FoodData Central,https://fdc.nal.usda.gov/,,,,,,,,,NONE,MEDIUM,,,
QGAP-00102,ملفوف بروكسل,Brussels sprouts,,,,GENERIC,أطعمة عامة,خضار,,,KSA,HIGH,P1,MISSING,,USDA,USDA FoodData Central,https://fdc.nal.usda.gov/,,,,,,,,,NONE,MEDIUM,,,
QGAP-00103,هليون,Asparagus,,,,GENERIC,أطعمة عامة,خضار,,,KSA,HIGH,P1,MISSING,,USDA,USDA FoodData Central,https://fdc.nal.usda.gov/,,,,,,,,,NONE,MEDIUM,,,
QGAP-00104,فطر,Mushroom,,,,GENERIC,أطعمة عامة,خضار,,,KSA,HIGH,P1,MISSING,,USDA,USDA FoodData Central,https://fdc.nal.usda.gov/,,,,,,,,,NONE,MEDIUM,,,
QGAP-00105,فطر بورتوبيللو,Portobello mushroom,,,,GENERIC,أطعمة عامة,خضار,,,KSA,HIGH,P1,MISSING,,USDA,USDA FoodData Central,https://fdc.nal.usda.gov/,,,,,,,,,NONE,MEDIUM,,,
QGAP-00106,كوسا,Zucchini,,,,GENERIC,أطعمة عامة,خضار,,,KSA,HIGH,P1,EXISTS_GENERIC_ONLY,kousa-mahshi · كوسا محشي,USDA,USDA FoodData Central,https://fdc.nal.usda.gov/,,,,,,,,,NONE,MEDIUM,,,
QGAP-00107,قرع عسلي,Pumpkin,,,,GENERIC,أطعمة عامة,خضار,,,KSA,HIGH,P1,MISSING,,USDA,USDA FoodData Central,https://fdc.nal.usda.gov/,,,,,,,,,NONE,MEDIUM,,,
QGAP-00108,قرنبيط,Cauliflower,,,,GENERIC,أطعمة عامة,خضار,,,KSA,HIGH,P1,MISSING,,USDA,USDA FoodData Central,https://fdc.nal.usda.gov/,,,,,,,,,NONE,MEDIUM,,,
QGAP-00109,فاصوليا خضراء,Green beans,,,,GENERIC,أطعمة عامة,خضار,,,KSA,HIGH,P1,EXISTS_GENERIC_ONLY,beans-white · فاصوليا,USDA,USDA FoodData Central,https://fdc.nal.usda.gov/,,,,,,,,,NONE,MEDIUM,,,
QGAP-00110,بازلاء,Green peas,,,,GENERIC,أطعمة عامة,خضار,,,KSA,HIGH,P1,MISSING,,USDA,USDA FoodData Central,https://fdc.nal.usda.gov/,,,,,,,,,NONE,MEDIUM,,,
QGAP-00111,ذرة حلوة مسلوقة,Boiled sweet corn,,,,GENERIC,أطعمة عامة,خضار,,,KSA,HIGH,P1,EXISTS_GENERIC_ONLY,corn · ذرة,USDA,USDA FoodData Central,https://fdc.nal.usda.gov/,,,,,,,,,NONE,MEDIUM,,,
QGAP-00112,فلفل حار,Chili pepper,,,,GENERIC,أطعمة عامة,خضار,,,KSA,HIGH,P1,MISSING,,USDA,USDA FoodData Central,https://fdc.nal.usda.gov/,,,,,,,,,NONE,MEDIUM,,,
QGAP-00113,زنجبيل,Ginger,,,,GENERIC,أطعمة عامة,خضار,,,KSA,HIGH,P1,MISSING,,USDA,USDA FoodData Central,https://fdc.nal.usda.gov/,,,,,,,,,NONE,MEDIUM,,,
QGAP-00114,كراث,Leek,,,,GENERIC,أطعمة عامة,خضار,,,KSA,HIGH,P1,MISSING,,USDA,USDA FoodData Central,https://fdc.nal.usda.gov/,,,,,,,,,NONE,MEDIUM,,,
QGAP-00115,بصل أخضر,Spring onion,,,,GENERIC,أطعمة عامة,خضار,,,KSA,HIGH,P1,EXISTS_GENERIC_ONLY,onion · بصل,USDA,USDA FoodData Central,https://fdc.nal.usda.gov/,,,,,,,,,NONE,MEDIUM,,,
QGAP-00116,خرشوف,Artichoke,,,,GENERIC,أطعمة عامة,خضار,,,KSA,HIGH,P1,MISSING,,USDA,USDA FoodData Central,https://fdc.nal.usda.gov/,,,,,,,,,NONE,MEDIUM,,,
QGAP-00117,بطاطا,Potato raw,,,,GENERIC,أطعمة عامة,خضار,,,KSA,HIGH,P1,EXISTS_GENERIC_ONLY,sweet-potato · بطاطا حلوة,USDA,USDA FoodData Central,https://fdc.nal.usda.gov/,,,,,,,,,NONE,MEDIUM,,,
QGAP-00118,يقطين,Squash,,,,GENERIC,أطعمة عامة,خضار,,,KSA,HIGH,P1,MISSING,,USDA,USDA FoodData Central,https://fdc.nal.usda.gov/,,,,,,,,,NONE,MEDIUM,,,
QGAP-00119,سلق,Swiss chard,,,,GENERIC,أطعمة عامة,خضار,,,KSA,HIGH,P1,MISSING,,USDA,USDA FoodData Central,https://fdc.nal.usda.gov/,,,,,,,,,NONE,MEDIUM,,,
QGAP-00120,خيار مخلل,Pickled cucumber,,,,GENERIC,أطعمة عامة,خضار,,,KSA,HIGH,P1,EXISTS_GENERIC_ONLY,cucumber · خيار,USDA,USDA FoodData Central,https://fdc.nal.usda.gov/,,,,,,,,,NONE,MEDIUM,,,
QGAP-00121,مخلل مشكل,Mixed pickles,,,,GENERIC,أطعمة عامة,خضار,,,KSA,HIGH,P1,MISSING,,USDA,USDA FoodData Central,https://fdc.nal.usda.gov/,,,,,,,,,NONE,MEDIUM,,,
QGAP-00122,زيتون أخضر محشي,Stuffed green olives,,,,GENERIC,أطعمة عامة,خضار,,,KSA,HIGH,P1,MISSING,,USDA,USDA FoodData Central,https://fdc.nal.usda.gov/,,,,,,,,,NONE,MEDIUM,,,
QGAP-00123,فقع (كمأة),Truffle (Faqaa),,,,GENERIC,أطعمة عامة,خضار,,,KSA,HIGH,P1,MISSING,,USDA,USDA FoodData Central,https://fdc.nal.usda.gov/,,,,,,,,,NONE,MEDIUM,,,
QGAP-00124,رجلة,Purslane,,,,GENERIC,أطعمة عامة,خضار,,,KSA,HIGH,P1,EXISTS_GENERIC_ONLY,sfct-84 · مرق رجلة,USDA,USDA FoodData Central,https://fdc.nal.usda.gov/,,,,,,,,,NONE,MEDIUM,,,
QGAP-00125,لوبيا,Cowpeas,,,,GENERIC,أطعمة عامة,خضار,,,KSA,HIGH,P1,EXISTS_GENERIC_ONLY,sfct-117 · مرق لوبياء,USDA,USDA FoodData Central,https://fdc.nal.usda.gov/,,,,,,,,,NONE,MEDIUM,,,
QGAP-00126,بامية مجمدة,Frozen okra,,,,GENERIC,أطعمة عامة,خضار,,,KSA,HIGH,P1,EXISTS_GENERIC_ONLY,okra-stew · بامية,USDA,USDA FoodData Central,https://fdc.nal.usda.gov/,,,,,,,,,NONE,MEDIUM,,,
QGAP-00127,كمثرى (إجاص),Pear,,,,GENERIC,أطعمة عامة,فواكه,,,KSA,HIGH,P1,MISSING,,USDA,USDA FoodData Central,https://fdc.nal.usda.gov/,,,,,,,,,NONE,MEDIUM,,,
QGAP-00128,خوخ,Peach,,,,GENERIC,أطعمة عامة,فواكه,,,KSA,HIGH,P1,MISSING,,USDA,USDA FoodData Central,https://fdc.nal.usda.gov/,,,,,,,,,NONE,MEDIUM,,,
QGAP-00129,مشمش,Apricot,,,,GENERIC,أطعمة عامة,فواكه,,,KSA,HIGH,P1,MISSING,,USDA,USDA FoodData Central,https://fdc.nal.usda.gov/,,,,,,,,,NONE,MEDIUM,,,
QGAP-00130,برقوق,Plum,,,,GENERIC,أطعمة عامة,فواكه,,,KSA,HIGH,P1,MISSING,,USDA,USDA FoodData Central,https://fdc.nal.usda.gov/,,,,,,,,,NONE,MEDIUM,,,
QGAP-00131,كرز,Cherry,,,,GENERIC,أطعمة عامة,فواكه,,,KSA,HIGH,P1,MISSING,,USDA,USDA FoodData Central,https://fdc.nal.usda.gov/,,,,,,,,,NONE,MEDIUM,,,
QGAP-00132,توت أزرق,Blueberry,,,,GENERIC,أطعمة عامة,فواكه,,,KSA,HIGH,P1,MISSING,,USDA,USDA FoodData Central,https://fdc.nal.usda.gov/,,,,,,,,,NONE,MEDIUM,,,
QGAP-00133,توت أحمر,Raspberry,,,,GENERIC,أطعمة عامة,فواكه,,,KSA,HIGH,P1,MISSING,,USDA,USDA FoodData Central,https://fdc.nal.usda.gov/,,,,,,,,,NONE,MEDIUM,,,
QGAP-00134,توت أسود,Blackberry,,,,GENERIC,أطعمة عامة,فواكه,,,KSA,HIGH,P1,MISSING,,USDA,USDA FoodData Central,https://fdc.nal.usda.gov/,,,,,,,,,NONE,MEDIUM,,,
QGAP-00135,ليمون,Lemon,,,,GENERIC,أطعمة عامة,فواكه,,,KSA,HIGH,P1,EXISTS_GENERIC_ONLY,lemon-mint · ليمون نعناع,USDA,USDA FoodData Central,https://fdc.nal.usda.gov/,,,,,,,,,NONE,MEDIUM,,,
QGAP-00136,ليمون أخضر,Lime,,,,GENERIC,أطعمة عامة,فواكه,,,KSA,HIGH,P1,MISSING,,USDA,USDA FoodData Central,https://fdc.nal.usda.gov/,,,,,,,,,NONE,MEDIUM,,,
QGAP-00137,جريب فروت,Grapefruit,,,,GENERIC,أطعمة عامة,فواكه,,,KSA,HIGH,P1,MISSING,,USDA,USDA FoodData Central,https://fdc.nal.usda.gov/,,,,,,,,,NONE,MEDIUM,,,
QGAP-00138,يوسفي (مندرين),Mandarin,,,,GENERIC,أطعمة عامة,فواكه,,,KSA,HIGH,P1,MISSING,,USDA,USDA FoodData Central,https://fdc.nal.usda.gov/,,,,,,,,,NONE,MEDIUM,,,
QGAP-00139,جوافة,Guava,,,,GENERIC,أطعمة عامة,فواكه,,,KSA,HIGH,P1,MISSING,,USDA,USDA FoodData Central,https://fdc.nal.usda.gov/,,,,,,,,,NONE,MEDIUM,,,
QGAP-00140,باباي,Papaya,,,,GENERIC,أطعمة عامة,فواكه,,,KSA,HIGH,P1,MISSING,,USDA,USDA FoodData Central,https://fdc.nal.usda.gov/,,,,,,,,,NONE,MEDIUM,,,
QGAP-00141,ليتشي,Lychee,,,,GENERIC,أطعمة عامة,فواكه,,,KSA,HIGH,P1,MISSING,,USDA,USDA FoodData Central,https://fdc.nal.usda.gov/,,,,,,,,,NONE,MEDIUM,,,
QGAP-00142,فاكهة التنين,Dragon fruit,,,,GENERIC,أطعمة عامة,فواكه,,,KSA,HIGH,P1,MISSING,,USDA,USDA FoodData Central,https://fdc.nal.usda.gov/,,,,,,,,,NONE,MEDIUM,,,
QGAP-00143,نكتارين,Nectarine,,,,GENERIC,أطعمة عامة,فواكه,,,KSA,HIGH,P1,MISSING,,USDA,USDA FoodData Central,https://fdc.nal.usda.gov/,,,,,,,,,NONE,MEDIUM,,,
QGAP-00144,سفرجل,Quince,,,,GENERIC,أطعمة عامة,فواكه,,,KSA,HIGH,P1,MISSING,,USDA,USDA FoodData Central,https://fdc.nal.usda.gov/,,,,,,,,,NONE,MEDIUM,,,
QGAP-00145,عنب أحمر,Red grapes,,,,GENERIC,أطعمة عامة,فواكه,,,KSA,HIGH,P1,EXISTS_GENERIC_ONLY,grapes · عنب,USDA,USDA FoodData Central,https://fdc.nal.usda.gov/,,,,,,,,,NONE,MEDIUM,,,
QGAP-00146,زبيب,Raisins,,,,GENERIC,أطعمة عامة,فواكه,,,KSA,HIGH,P1,MISSING,,USDA,USDA FoodData Central,https://fdc.nal.usda.gov/,,,,,,,,,NONE,MEDIUM,,,
QGAP-00147,مشمش مجفف,Dried apricot,,,,GENERIC,أطعمة عامة,فواكه,,,KSA,HIGH,P1,MISSING,,USDA,USDA FoodData Central,https://fdc.nal.usda.gov/,,,,,,,,,NONE,MEDIUM,,,
QGAP-00148,تين مجفف,Dried figs,,,,GENERIC,أطعمة عامة,فواكه,,,KSA,HIGH,P1,MISSING,,USDA,USDA FoodData Central,https://fdc.nal.usda.gov/,,,,,,,,,NONE,MEDIUM,,,
QGAP-00149,قراصيا (برقوق مجفف),Prunes,,,,GENERIC,أطعمة عامة,فواكه,,,KSA,HIGH,P1,MISSING,,USDA,USDA FoodData Central,https://fdc.nal.usda.gov/,,,,,,,,,NONE,MEDIUM,,,
QGAP-00150,جوز الهند طازج,Fresh coconut,,,,GENERIC,أطعمة عامة,فواكه,,,KSA,HIGH,P1,MISSING,,USDA,USDA FoodData Central,https://fdc.nal.usda.gov/,,,,,,,,,NONE,MEDIUM,,,
QGAP-00151,موز مجفف,Dried banana,,,,GENERIC,أطعمة عامة,فواكه,,,KSA,HIGH,P1,EXISTS_GENERIC_ONLY,banana · موز,USDA,USDA FoodData Central,https://fdc.nal.usda.gov/,,,,,,,,,NONE,MEDIUM,,,
QGAP-00152,تمر مجدول,Medjool dates,,,,GENERIC,أطعمة عامة,فواكه,,,KSA,HIGH,P1,MISSING,,USDA,USDA FoodData Central,https://fdc.nal.usda.gov/,,,,,,,,,NONE,MEDIUM,,,
QGAP-00153,تمر خضري,Khudri dates,,,,GENERIC,أطعمة عامة,فواكه,,,KSA,HIGH,P1,EXISTS_GENERIC_ONLY,dates · تمر,USDA,USDA FoodData Central,https://fdc.nal.usda.gov/,,,,,,,,,NONE,MEDIUM,,,
QGAP-00154,تمر روثانة,Rothana dates,,,,GENERIC,أطعمة عامة,فواكه,,,KSA,HIGH,P1,MISSING,,USDA,USDA FoodData Central,https://fdc.nal.usda.gov/,,,,,,,,,NONE,MEDIUM,,,
QGAP-00155,تمر صفاوي,Safawi dates,,,,GENERIC,أطعمة عامة,فواكه,,,KSA,HIGH,P1,EXISTS_GENERIC_ONLY,dates · تمر,USDA,USDA FoodData Central,https://fdc.nal.usda.gov/,,,,,,,,,NONE,MEDIUM,,,
QGAP-00156,تمر مبروم,Mabroom dates,,,,GENERIC,أطعمة عامة,فواكه,,,KSA,HIGH,P1,MISSING,,USDA,USDA FoodData Central,https://fdc.nal.usda.gov/,,,,,,,,,NONE,MEDIUM,,,
QGAP-00157,تمر نبتة علي,Nabtat Ali dates,,,,GENERIC,أطعمة عامة,فواكه,,,KSA,HIGH,P1,MISSING,,USDA,USDA FoodData Central,https://fdc.nal.usda.gov/,,,,,,,,,NONE,MEDIUM,,,
QGAP-00158,تمر شيشي,Shishi dates,,,,GENERIC,أطعمة عامة,فواكه,,,KSA,HIGH,P1,EXISTS_GENERIC_ONLY,dates · تمر,USDA,USDA FoodData Central,https://fdc.nal.usda.gov/,,,,,,,,,NONE,MEDIUM,,,
QGAP-00159,تمر مكتوم,Maktoumi dates,,,,GENERIC,أطعمة عامة,فواكه,,,KSA,HIGH,P1,MISSING,,USDA,USDA FoodData Central,https://fdc.nal.usda.gov/,,,,,,,,,NONE,MEDIUM,,,
QGAP-00160,كوكتيل فواكه معلب,Canned fruit cocktail,,,,GENERIC,أطعمة عامة,فواكه,,,KSA,HIGH,P1,MISSING,,USDA,USDA FoodData Central,https://fdc.nal.usda.gov/,,,,,,,,,NONE,MEDIUM,,,
QGAP-00161,أناناس معلب,Canned pineapple,,,,GENERIC,أطعمة عامة,فواكه,,,KSA,HIGH,P1,EXISTS_GENERIC_ONLY,pineapple · أناناس,USDA,USDA FoodData Central,https://fdc.nal.usda.gov/,,,,,,,,,NONE,MEDIUM,,,
QGAP-00162,فواكه مجمدة مشكلة,Frozen mixed berries,,,,GENERIC,أطعمة عامة,فواكه,,,KSA,HIGH,P1,MISSING,,USDA,USDA FoodData Central,https://fdc.nal.usda.gov/,,,,,,,,,NONE,MEDIUM,,,
QGAP-00163,أرز بسمتي مطبوخ,Cooked basmati rice,,,,GENERIC,أطعمة عامة,حبوب وخبز,,,KSA,HIGH,P1,MISSING,,USDA,USDA FoodData Central,https://fdc.nal.usda.gov/,,,,,,,,,NONE,MEDIUM,,,
QGAP-00164,أرز مصري مطبوخ,Cooked Egyptian rice,,,,GENERIC,أطعمة عامة,حبوب وخبز,,,KSA,HIGH,P1,MISSING,,USDA,USDA FoodData Central,https://fdc.nal.usda.gov/,,,,,,,,,NONE,MEDIUM,,,
QGAP-00165,أرز أحمر,Red rice,,,,GENERIC,أطعمة عامة,حبوب وخبز,,,KSA,HIGH,P1,MISSING,,USDA,USDA FoodData Central,https://fdc.nal.usda.gov/,,,,,,,,,NONE,MEDIUM,,,
QGAP-00166,أرز بخاري (مطبوخ),Cooked Bukhari rice base,,,,GENERIC,أطعمة عامة,حبوب وخبز,,,KSA,HIGH,P1,EXISTS_GENERIC_ONLY,bukhari-rice · رز بخاري,USDA,USDA FoodData Central,https://fdc.nal.usda.gov/,,,,,,,,,NONE,MEDIUM,,,
QGAP-00167,فريكة مطبوخة,Cooked freekeh,,,,GENERIC,أطعمة عامة,حبوب وخبز,,,KSA,HIGH,P1,EXISTS_GENERIC_ONLY,sfct-77 · مطبوخة,USDA,USDA FoodData Central,https://fdc.nal.usda.gov/,,,,,,,,,NONE,MEDIUM,,,
QGAP-00168,شعير مطبوخ,Cooked barley,,,,GENERIC,أطعمة عامة,حبوب وخبز,,,KSA,HIGH,P1,MISSING,,USDA,USDA FoodData Central,https://fdc.nal.usda.gov/,,,,,,,,,NONE,MEDIUM,,,
QGAP-00169,قمح مسلوق,Boiled wheat,,,,GENERIC,أطعمة عامة,حبوب وخبز,,,KSA,HIGH,P1,MISSING,,USDA,USDA FoodData Central,https://fdc.nal.usda.gov/,,,,,,,,,NONE,MEDIUM,,,
QGAP-00170,سميد,Semolina,,,,GENERIC,أطعمة عامة,حبوب وخبز,,,KSA,HIGH,P1,MISSING,,USDA,USDA FoodData Central,https://fdc.nal.usda.gov/,,,,,,,,,NONE,MEDIUM,,,
QGAP-00171,دقيق أبيض,White flour,,,,GENERIC,أطعمة عامة,حبوب وخبز,,,KSA,HIGH,P1,EXISTS_GENERIC_ONLY,sfct-22 · عصيدة دقيق أبيض,USDA,USDA FoodData Central,https://fdc.nal.usda.gov/,,,,,,,,,NONE,MEDIUM,,,
QGAP-00172,دقيق بر (كامل),Whole wheat flour,,,,GENERIC,أطعمة عامة,حبوب وخبز,,,KSA,HIGH,P1,MISSING,,USDA,USDA FoodData Central,https://fdc.nal.usda.gov/,,,,,,,,,NONE,MEDIUM,,,
QGAP-00173,نشا الذرة,Corn starch,,,,GENERIC,أطعمة عامة,حبوب وخبز,,,KSA,HIGH,P1,MISSING,,USDA,USDA FoodData Central,https://fdc.nal.usda.gov/,,,,,,,,,NONE,MEDIUM,,,
QGAP-00174,شعيرية,Vermicelli,,,,GENERIC,أطعمة عامة,حبوب وخبز,,,KSA,HIGH,P1,EXISTS_GENERIC_ONLY,rice-vermicelli · رز بشعيرية,USDA,USDA FoodData Central,https://fdc.nal.usda.gov/,,,,,,,,,NONE,MEDIUM,,,
QGAP-00175,نودلز بيض,Egg noodles,,,,GENERIC,أطعمة عامة,حبوب وخبز,,,KSA,HIGH,P1,MISSING,,USDA,USDA FoodData Central,https://fdc.nal.usda.gov/,,,,,,,,,NONE,MEDIUM,,,
QGAP-00176,معكرونة قمح كامل,Whole wheat pasta,,,,GENERIC,أطعمة عامة,حبوب وخبز,,,KSA,HIGH,P1,MISSING,,USDA,USDA FoodData Central,https://fdc.nal.usda.gov/,,,,,,,,,NONE,MEDIUM,,,
QGAP-00177,معكرونة خالية من الجلوتين,Gluten-free pasta,,,,GENERIC,أطعمة عامة,حبوب وخبز,,,KSA,HIGH,P1,MISSING,,USDA,USDA FoodData Central,https://fdc.nal.usda.gov/,,,,,,,,,NONE,MEDIUM,,,
QGAP-00178,لازانيا,Lasagna sheets,,,,GENERIC,أطعمة عامة,حبوب وخبز,,,KSA,HIGH,P1,MISSING,,USDA,USDA FoodData Central,https://fdc.nal.usda.gov/,,,,,,,,,NONE,MEDIUM,,,
QGAP-00179,كسكس مطبوخ,Cooked couscous,,,,GENERIC,أطعمة عامة,حبوب وخبز,,,KSA,HIGH,P1,MISSING,,USDA,USDA FoodData Central,https://fdc.nal.usda.gov/,,,,,,,,,NONE,MEDIUM,,,
QGAP-00180,خبز صاج,Saj bread,,,,GENERIC,أطعمة عامة,حبوب وخبز,,,KSA,HIGH,P1,MISSING,,USDA,USDA FoodData Central,https://fdc.nal.usda.gov/,,,,,,,,,NONE,MEDIUM,,,
QGAP-00181,خبز بركة,Burger bun,,,,GENERIC,أطعمة عامة,حبوب وخبز,,,KSA,HIGH,P1,EXISTS_GENERIC_ONLY,brown-bread · خبز بر,USDA,USDA FoodData Central,https://fdc.nal.usda.gov/,,,,,,,,,NONE,MEDIUM,,,
QGAP-00182,خبز هوت دوج,Hot dog bun,,,,GENERIC,أطعمة عامة,حبوب وخبز,,,KSA,HIGH,P1,EXISTS_GENERIC_ONLY,hotdog · هوت دوج,USDA,USDA FoodData Central,https://fdc.nal.usda.gov/,,,,,,,,,NONE,MEDIUM,,,
QGAP-00183,خبز فرنسي (باغيت),Baguette,,,,GENERIC,أطعمة عامة,حبوب وخبز,,,KSA,HIGH,P1,MISSING,,USDA,USDA FoodData Central,https://fdc.nal.usda.gov/,,,,,,,,,NONE,MEDIUM,,,
QGAP-00184,خبز برجر بريوش,Brioche bun,,,,GENERIC,أطعمة عامة,حبوب وخبز,,,KSA,HIGH,P1,MISSING,,USDA,USDA FoodData Central,https://fdc.nal.usda.gov/,,,,,,,,,NONE,MEDIUM,,,
QGAP-00185,خبز الشوفان,Oat bread,,,,GENERIC,أطعمة عامة,حبوب وخبز,,,KSA,HIGH,P1,EXISTS_GENERIC_ONLY,oats · شوفان,USDA,USDA FoodData Central,https://fdc.nal.usda.gov/,,,,,,,,,NONE,MEDIUM,,,
QGAP-00186,خبز منخفض الكارب,Low-carb bread,,,,GENERIC,أطعمة عامة,حبوب وخبز,,,KSA,HIGH,P1,MISSING,,USDA,USDA FoodData Central,https://fdc.nal.usda.gov/,,,,,,,,,NONE,MEDIUM,,,
QGAP-00187,خبز صامولي أسمر,Brown samoli,,,,GENERIC,أطعمة عامة,حبوب وخبز,,,KSA,HIGH,P1,MISSING,,USDA,USDA FoodData Central,https://fdc.nal.usda.gov/,,,,,,,,,NONE,MEDIUM,,,
QGAP-00188,رقائق الشوفان سريعة التحضير,Instant oats,,,,GENERIC,أطعمة عامة,حبوب وخبز,,,KSA,HIGH,P1,MISSING,,USDA,USDA FoodData Central,https://fdc.nal.usda.gov/,,,,,,,,,NONE,MEDIUM,,,
QGAP-00189,شوفان مجروش (ستيل كت),Steel-cut oats,,,,GENERIC,أطعمة عامة,حبوب وخبز,,,KSA,HIGH,P1,MISSING,,USDA,USDA FoodData Central,https://fdc.nal.usda.gov/,,,,,,,,,NONE,MEDIUM,,,
QGAP-00190,نخالة الشوفان,Oat bran,,,,GENERIC,أطعمة عامة,حبوب وخبز,,,KSA,HIGH,P1,MISSING,,USDA,USDA FoodData Central,https://fdc.nal.usda.gov/,,,,,,,,,NONE,MEDIUM,,,
QGAP-00191,بسكويت الشعير,Barley rusk,,,,GENERIC,أطعمة عامة,حبوب وخبز,,,KSA,HIGH,P1,MISSING,,USDA,USDA FoodData Central,https://fdc.nal.usda.gov/,,,,,,,,,NONE,MEDIUM,,,
QGAP-00192,خبز محمص (رشوف),Rusk toast,,,,GENERIC,أطعمة عامة,حبوب وخبز,,,KSA,HIGH,P1,MISSING,,USDA,USDA FoodData Central,https://fdc.nal.usda.gov/,,,,,,,,,NONE,MEDIUM,,,
QGAP-00193,كعك القدس,Jerusalem kaak,,,,GENERIC,أطعمة عامة,حبوب وخبز,,,KSA,HIGH,P1,MISSING,,USDA,USDA FoodData Central,https://fdc.nal.usda.gov/,,,,,,,,,NONE,MEDIUM,,,
QGAP-00194,فطير مشلتت,Feteer meshaltet,,,,GENERIC,أطعمة عامة,حبوب وخبز,,,KSA,HIGH,P1,MISSING,,USDA,USDA FoodData Central,https://fdc.nal.usda.gov/,,,,,,,,,NONE,MEDIUM,,,
QGAP-00195,فول مجروش,Split fava beans,,,,GENERIC,أطعمة عامة,بقوليات ومكسرات,,,KSA,HIGH,P1,MISSING,,USDA,USDA FoodData Central,https://fdc.nal.usda.gov/,,,,,,,,,NONE,MEDIUM,,,
QGAP-00196,عدس أحمر,Red lentils,,,,GENERIC,أطعمة عامة,بقوليات ومكسرات,,,KSA,HIGH,P1,EXISTS_GENERIC_ONLY,lentils · عدس,USDA,USDA FoodData Central,https://fdc.nal.usda.gov/,,,,,,,,,NONE,MEDIUM,,,
QGAP-00197,عدس بني,Brown lentils,,,,GENERIC,أطعمة عامة,بقوليات ومكسرات,,,KSA,HIGH,P1,EXISTS_GENERIC_ONLY,lentils · عدس,USDA,USDA FoodData Central,https://fdc.nal.usda.gov/,,,,,,,,,NONE,MEDIUM,,,
QGAP-00198,حمص جاف,Dry chickpeas,,,,GENERIC,أطعمة عامة,بقوليات ومكسرات,,,KSA,HIGH,P1,MISSING,,USDA,USDA FoodData Central,https://fdc.nal.usda.gov/,,,,,,,,,NONE,MEDIUM,,,
QGAP-00199,فاصوليا حمراء,Red kidney beans,,,,GENERIC,أطعمة عامة,بقوليات ومكسرات,,,KSA,HIGH,P1,EXISTS_GENERIC_ONLY,beans-white · فاصوليا,USDA,USDA FoodData Central,https://fdc.nal.usda.gov/,,,,,,,,,NONE,MEDIUM,,,
QGAP-00200,فاصوليا سوداء,Black beans,,,,GENERIC,أطعمة عامة,بقوليات ومكسرات,,,KSA,HIGH,P1,EXISTS_GENERIC_ONLY,beans-white · فاصوليا,USDA,USDA FoodData Central,https://fdc.nal.usda.gov/,,,,,,,,,NONE,MEDIUM,,,
QGAP-00201,لوبيا مدمسة,Stewed cowpeas,,,,GENERIC,أطعمة عامة,بقوليات ومكسرات,,,KSA,HIGH,P1,MISSING,,USDA,USDA FoodData Central,https://fdc.nal.usda.gov/,,,,,,,,,NONE,MEDIUM,,,
QGAP-00202,بازلاء مجففة,Split peas,,,,GENERIC,أطعمة عامة,بقوليات ومكسرات,,,KSA,HIGH,P1,MISSING,,USDA,USDA FoodData Central,https://fdc.nal.usda.gov/,,,,,,,,,NONE,MEDIUM,,,
QGAP-00203,ترمس,Lupini beans,,,,GENERIC,أطعمة عامة,بقوليات ومكسرات,,,KSA,HIGH,P1,MISSING,,USDA,USDA FoodData Central,https://fdc.nal.usda.gov/,,,,,,,,,NONE,MEDIUM,,,
QGAP-00204,فول صويا,Soybeans,,,,GENERIC,أطعمة عامة,بقوليات ومكسرات,,,KSA,HIGH,P1,MISSING,,USDA,USDA FoodData Central,https://fdc.nal.usda.gov/,,,,,,,,,NONE,MEDIUM,,,
QGAP-00205,إيدامامي,Edamame,,,,GENERIC,أطعمة عامة,بقوليات ومكسرات,,,KSA,HIGH,P1,MISSING,,USDA,USDA FoodData Central,https://fdc.nal.usda.gov/,,,,,,,,,NONE,MEDIUM,,,
QGAP-00206,بندق,Hazelnuts,,,,GENERIC,أطعمة عامة,بقوليات ومكسرات,,,KSA,HIGH,P1,MISSING,,USDA,USDA FoodData Central,https://fdc.nal.usda.gov/,,,,,,,,,NONE,MEDIUM,,,
QGAP-00207,جوز برازيلي,Brazil nuts,,,,GENERIC,أطعمة عامة,بقوليات ومكسرات,,,KSA,HIGH,P1,MISSING,,USDA,USDA FoodData Central,https://fdc.nal.usda.gov/,,,,,,,,,NONE,MEDIUM,,,
QGAP-00208,مكاديميا,Macadamia,,,,GENERIC,أطعمة عامة,بقوليات ومكسرات,,,KSA,HIGH,P1,MISSING,,USDA,USDA FoodData Central,https://fdc.nal.usda.gov/,,,,,,,,,NONE,MEDIUM,,,
QGAP-00209,صنوبر,Pine nuts,,,,GENERIC,أطعمة عامة,بقوليات ومكسرات,,,KSA,HIGH,P1,MISSING,,USDA,USDA FoodData Central,https://fdc.nal.usda.gov/,,,,,,,,,NONE,MEDIUM,,,
QGAP-00210,بذور اليقطين,Pumpkin seeds,,,,GENERIC,أطعمة عامة,بقوليات ومكسرات,,,KSA,HIGH,P1,MISSING,,USDA,USDA FoodData Central,https://fdc.nal.usda.gov/,,,,,,,,,NONE,MEDIUM,,,
QGAP-00211,بذور دوار الشمس (لب),Sunflower seeds,,,,GENERIC,أطعمة عامة,بقوليات ومكسرات,,,KSA,HIGH,P1,MISSING,,USDA,USDA FoodData Central,https://fdc.nal.usda.gov/,,,,,,,,,NONE,MEDIUM,,,
QGAP-00212,سمسم,Sesame seeds,,,,GENERIC,أطعمة عامة,بقوليات ومكسرات,,,KSA,HIGH,P1,MISSING,,USDA,USDA FoodData Central,https://fdc.nal.usda.gov/,,,,,,,,,NONE,MEDIUM,,,
QGAP-00213,لب أبيض,White melon seeds,,,,GENERIC,أطعمة عامة,بقوليات ومكسرات,,,KSA,HIGH,P1,MISSING,,USDA,USDA FoodData Central,https://fdc.nal.usda.gov/,,,,,,,,,NONE,MEDIUM,,,
QGAP-00214,فستق حلبي مملح,Salted pistachios,,,,GENERIC,أطعمة عامة,بقوليات ومكسرات,,,KSA,HIGH,P1,EXISTS_GENERIC_ONLY,pistachio · فستق,USDA,USDA FoodData Central,https://fdc.nal.usda.gov/,,,,,,,,,NONE,MEDIUM,,,
QGAP-00215,لوز مبشور,Sliced almonds,,,,GENERIC,أطعمة عامة,بقوليات ومكسرات,,,KSA,HIGH,P1,EXISTS_GENERIC_ONLY,almonds · لوز,USDA,USDA FoodData Central,https://fdc.nal.usda.gov/,,,,,,,,,NONE,MEDIUM,,,
QGAP-00216,زبدة اللوز,Almond butter,,,,GENERIC,أطعمة عامة,بقوليات ومكسرات,,,KSA,HIGH,P1,EXISTS_GENERIC_ONLY,butter · زبدة,USDA,USDA FoodData Central,https://fdc.nal.usda.gov/,,,,,,,,,NONE,MEDIUM,,,
QGAP-00217,زبدة الكاجو,Cashew butter,,,,GENERIC,أطعمة عامة,بقوليات ومكسرات,,,KSA,HIGH,P1,EXISTS_GENERIC_ONLY,butter · زبدة,USDA,USDA FoodData Central,https://fdc.nal.usda.gov/,,,,,,,,,NONE,MEDIUM,,,
QGAP-00218,طحينة سوداء,Black tahini,,,,GENERIC,أطعمة عامة,بقوليات ومكسرات,,,KSA,HIGH,P1,EXISTS_GENERIC_ONLY,tahini · طحينة,USDA,USDA FoodData Central,https://fdc.nal.usda.gov/,,,,,,,,,NONE,MEDIUM,,,
QGAP-00219,مكسرات مشكلة,Mixed nuts,,,,GENERIC,أطعمة عامة,بقوليات ومكسرات,,,KSA,HIGH,P1,MISSING,,USDA,USDA FoodData Central,https://fdc.nal.usda.gov/,,,,,,,,,NONE,MEDIUM,,,
QGAP-00220,زيت دوار الشمس,Sunflower oil,,,,GENERIC,أطعمة عامة,دهون وصلصات,,,KSA,HIGH,P1,MISSING,,USDA,USDA FoodData Central,https://fdc.nal.usda.gov/,,,,,,,,,NONE,MEDIUM,,,
QGAP-00221,زيت الذرة,Corn oil,,,,GENERIC,أطعمة عامة,دهون وصلصات,,,KSA,HIGH,P1,MISSING,,USDA,USDA FoodData Central,https://fdc.nal.usda.gov/,,,,,,,,,NONE,MEDIUM,,,
QGAP-00222,زيت الكانولا,Canola oil,,,,GENERIC,أطعمة عامة,دهون وصلصات,,,KSA,HIGH,P1,MISSING,,USDA,USDA FoodData Central,https://fdc.nal.usda.gov/,,,,,,,,,NONE,MEDIUM,,,
QGAP-00223,زيت السمسم,Sesame oil,,,,GENERIC,أطعمة عامة,دهون وصلصات,,,KSA,HIGH,P1,MISSING,,USDA,USDA FoodData Central,https://fdc.nal.usda.gov/,,,,,,,,,NONE,MEDIUM,,,
QGAP-00224,سمن بلدي,Ghee (samn),,,,GENERIC,أطعمة عامة,دهون وصلصات,,,KSA,HIGH,P1,MISSING,,USDA,USDA FoodData Central,https://fdc.nal.usda.gov/,,,,,,,,,NONE,MEDIUM,,,
QGAP-00225,سمن نباتي,Vegetable ghee,,,,GENERIC,أطعمة عامة,دهون وصلصات,,,KSA,HIGH,P1,MISSING,,USDA,USDA FoodData Central,https://fdc.nal.usda.gov/,,,,,,,,,NONE,MEDIUM,,,
QGAP-00226,زبدة غير مملحة,Unsalted butter,,,,GENERIC,أطعمة عامة,دهون وصلصات,,,KSA,HIGH,P1,MISSING,,USDA,USDA FoodData Central,https://fdc.nal.usda.gov/,,,,,,,,,NONE,MEDIUM,,,
QGAP-00227,مارجرين,Margarine,,,,GENERIC,أطعمة عامة,دهون وصلصات,,,KSA,HIGH,P1,MISSING,,USDA,USDA FoodData Central,https://fdc.nal.usda.gov/,,,,,,,,,NONE,MEDIUM,,,
QGAP-00228,كريمة طبخ,Cooking cream,,,,GENERIC,أطعمة عامة,دهون وصلصات,,,KSA,HIGH,P1,MISSING,,USDA,USDA FoodData Central,https://fdc.nal.usda.gov/,,,,,,,,,NONE,MEDIUM,,,
QGAP-00229,كريمة خفق,Whipping cream,,,,GENERIC,أطعمة عامة,دهون وصلصات,,,KSA,HIGH,P1,MISSING,,USDA,USDA FoodData Central,https://fdc.nal.usda.gov/,,,,,,,,,NONE,MEDIUM,,,
QGAP-00230,مايونيز,Mayonnaise,,,,GENERIC,أطعمة عامة,دهون وصلصات,,,KSA,HIGH,P1,MISSING,,USDA,USDA FoodData Central,https://fdc.nal.usda.gov/,,,,,,,,,NONE,MEDIUM,,,
QGAP-00231,مايونيز لايت,Light mayonnaise,,,,GENERIC,أطعمة عامة,دهون وصلصات,,,KSA,HIGH,P1,MISSING,,USDA,USDA FoodData Central,https://fdc.nal.usda.gov/,,,,,,,,,NONE,MEDIUM,,,
QGAP-00232,كاتشب,Ketchup,,,,GENERIC,أطعمة عامة,دهون وصلصات,,,KSA,HIGH,P1,MISSING,,USDA,USDA FoodData Central,https://fdc.nal.usda.gov/,,,,,,,,,NONE,MEDIUM,,,
QGAP-00233,مسطردة,Mustard,,,,GENERIC,أطعمة عامة,دهون وصلصات,,,KSA,HIGH,P1,MISSING,,USDA,USDA FoodData Central,https://fdc.nal.usda.gov/,,,,,,,,,NONE,MEDIUM,,,
QGAP-00234,صلصة الباربكيو,BBQ sauce,,,,GENERIC,أطعمة عامة,دهون وصلصات,,,KSA,HIGH,P1,MISSING,,USDA,USDA FoodData Central,https://fdc.nal.usda.gov/,,,,,,,,,NONE,MEDIUM,,,
QGAP-00235,صلصة الثوم (تومية),Garlic sauce (toum),,,,GENERIC,أطعمة عامة,دهون وصلصات,,,KSA,HIGH,P1,MISSING,,USDA,USDA FoodData Central,https://fdc.nal.usda.gov/,,,,,,,,,NONE,MEDIUM,,,
QGAP-00236,صلصة الرانش,Ranch dressing,,,,GENERIC,أطعمة عامة,دهون وصلصات,,,KSA,HIGH,P1,MISSING,,USDA,USDA FoodData Central,https://fdc.nal.usda.gov/,,,,,,,,,NONE,MEDIUM,,,
QGAP-00237,صلصة سيزر,Caesar dressing,,,,GENERIC,أطعمة عامة,دهون وصلصات,,,KSA,HIGH,P1,MISSING,,USDA,USDA FoodData Central,https://fdc.nal.usda.gov/,,,,,,,,,NONE,MEDIUM,,,
QGAP-00238,صلصة الصويا,Soy sauce,,,,GENERIC,أطعمة عامة,دهون وصلصات,,,KSA,HIGH,P1,MISSING,,USDA,USDA FoodData Central,https://fdc.nal.usda.gov/,,,,,,,,,NONE,MEDIUM,,,
QGAP-00239,صلصة الشطة (هوت صوص),Hot sauce,,,,GENERIC,أطعمة عامة,دهون وصلصات,,,KSA,HIGH,P1,MISSING,,USDA,USDA FoodData Central,https://fdc.nal.usda.gov/,,,,,,,,,NONE,MEDIUM,,,
QGAP-00240,صلصة الطحينة,Tahini sauce,,,,GENERIC,أطعمة عامة,دهون وصلصات,,,KSA,HIGH,P1,EXISTS_GENERIC_ONLY,tahini · طحينة,USDA,USDA FoodData Central,https://fdc.nal.usda.gov/,,,,,,,,,NONE,MEDIUM,,,
QGAP-00241,شطة يمنية (سحاوق),Sahawiq,,,,GENERIC,أطعمة عامة,دهون وصلصات,,,KSA,HIGH,P1,MISSING,,USDA,USDA FoodData Central,https://fdc.nal.usda.gov/,,,,,,,,,NONE,MEDIUM,,,
QGAP-00242,صلصة البيستو,Pesto,,,,GENERIC,أطعمة عامة,دهون وصلصات,,,KSA,HIGH,P1,MISSING,,USDA,USDA FoodData Central,https://fdc.nal.usda.gov/,,,,,,,,,NONE,MEDIUM,,,
QGAP-00243,صلصة الطماطم للمعكرونة,Pasta tomato sauce,,,,GENERIC,أطعمة عامة,دهون وصلصات,,,KSA,HIGH,P1,MISSING,,USDA,USDA FoodData Central,https://fdc.nal.usda.gov/,,,,,,,,,NONE,MEDIUM,,,
QGAP-00244,معجون طماطم,Tomato paste,,,,GENERIC,أطعمة عامة,دهون وصلصات,,,KSA,HIGH,P1,EXISTS_GENERIC_ONLY,tomato · طماطم,USDA,USDA FoodData Central,https://fdc.nal.usda.gov/,,,,,,,,,NONE,MEDIUM,,,
QGAP-00245,خل التفاح,Apple cider vinegar,,,,GENERIC,أطعمة عامة,دهون وصلصات,,,KSA,HIGH,P1,EXISTS_GENERIC_ONLY,apple · تفاح,USDA,USDA FoodData Central,https://fdc.nal.usda.gov/,,,,,,,,,NONE,MEDIUM,,,
QGAP-00246,خل أبيض,White vinegar,,,,GENERIC,أطعمة عامة,دهون وصلصات,,,KSA,HIGH,P1,MISSING,,USDA,USDA FoodData Central,https://fdc.nal.usda.gov/,,,,,,,,,NONE,MEDIUM,,,
QGAP-00247,دبس الرمان,Pomegranate molasses,,,,GENERIC,أطعمة عامة,دهون وصلصات,,,KSA,HIGH,P1,EXISTS_GENERIC_ONLY,pomegranate · رمان,USDA,USDA FoodData Central,https://fdc.nal.usda.gov/,,,,,,,,,NONE,MEDIUM,,,
QGAP-00248,عسل أسود (مولاس),Molasses,,,,GENERIC,أطعمة عامة,دهون وصلصات,,,KSA,HIGH,P1,EXISTS_GENERIC_ONLY,gcc-8 · دبس التمر,USDA,USDA FoodData Central,https://fdc.nal.usda.gov/,,,,,,,,,NONE,MEDIUM,,,
QGAP-00249,شراب القيقب,Maple syrup,,,,GENERIC,أطعمة عامة,دهون وصلصات,,,KSA,HIGH,P1,MISSING,,USDA,USDA FoodData Central,https://fdc.nal.usda.gov/,,,,,,,,,NONE,MEDIUM,,,
QGAP-00250,صلصة الفلفل الحلو,Sweet chili sauce,,,,GENERIC,أطعمة عامة,دهون وصلصات,,,KSA,HIGH,P1,MISSING,,USDA,USDA FoodData Central,https://fdc.nal.usda.gov/,,,,,,,,,NONE,MEDIUM,,,
QGAP-00251,صلصة الجبن,Cheese sauce,,,,GENERIC,أطعمة عامة,دهون وصلصات,,,KSA,HIGH,P1,MISSING,,USDA,USDA FoodData Central,https://fdc.nal.usda.gov/,,,,,,,,,NONE,MEDIUM,,,
QGAP-00252,صلصة المشروم,Mushroom sauce,,,,GENERIC,أطعمة عامة,دهون وصلصات,,,KSA,HIGH,P1,MISSING,,USDA,USDA FoodData Central,https://fdc.nal.usda.gov/,,,,,,,,,NONE,MEDIUM,,,
QGAP-00253,حليب خالي الدسم,Skimmed milk,,,,GENERIC,أطعمة عامة,ألبان,,,KSA,HIGH,P1,MISSING,,USDA,USDA FoodData Central,https://fdc.nal.usda.gov/,,,,,,,,,NONE,MEDIUM,,,
QGAP-00254,حليب لوز,Almond milk,,,,GENERIC,أطعمة عامة,ألبان,,,KSA,HIGH,P1,MISSING,,USDA,USDA FoodData Central,https://fdc.nal.usda.gov/,,,,,,,,,NONE,MEDIUM,,,
QGAP-00255,حليب شوفان,Oat milk,,,,GENERIC,أطعمة عامة,ألبان,,,KSA,HIGH,P1,EXISTS_GENERIC_ONLY,oats · شوفان,USDA,USDA FoodData Central,https://fdc.nal.usda.gov/,,,,,,,,,NONE,MEDIUM,,,
QGAP-00256,حليب صويا,Soy milk,,,,GENERIC,أطعمة عامة,ألبان,,,KSA,HIGH,P1,MISSING,,USDA,USDA FoodData Central,https://fdc.nal.usda.gov/,,,,,,,,,NONE,MEDIUM,,,
QGAP-00257,حليب جوز الهند,Coconut milk,,,,GENERIC,أطعمة عامة,ألبان,,,KSA,HIGH,P1,MISSING,,USDA,USDA FoodData Central,https://fdc.nal.usda.gov/,,,,,,,,,NONE,MEDIUM,,,
QGAP-00258,حليب بودرة كامل,Full cream milk powder,,,,GENERIC,أطعمة عامة,ألبان,,,KSA,HIGH,P1,MISSING,,USDA,USDA FoodData Central,https://fdc.nal.usda.gov/,,,,,,,,,NONE,MEDIUM,,,
QGAP-00259,حليب خالي اللاكتوز,Lactose-free milk,,,,GENERIC,أطعمة عامة,ألبان,,,KSA,HIGH,P1,MISSING,,USDA,USDA FoodData Central,https://fdc.nal.usda.gov/,,,,,,,,,NONE,MEDIUM,,,
QGAP-00260,حليب مبخر,Evaporated milk,,,,GENERIC,أطعمة عامة,ألبان,,,KSA,HIGH,P1,MISSING,,USDA,USDA FoodData Central,https://fdc.nal.usda.gov/,,,,,,,,,NONE,MEDIUM,,,
QGAP-00261,جبن موزاريلا,Mozzarella cheese,,,,GENERIC,أطعمة عامة,ألبان,,,KSA,HIGH,P1,MISSING,,USDA,USDA FoodData Central,https://fdc.nal.usda.gov/,,,,,,,,,NONE,MEDIUM,,,
QGAP-00262,جبن بارميزان,Parmesan cheese,,,,GENERIC,أطعمة عامة,ألبان,,,KSA,HIGH,P1,MISSING,,USDA,USDA FoodData Central,https://fdc.nal.usda.gov/,,,,,,,,,NONE,MEDIUM,,,
QGAP-00263,جبن سويسري,Swiss cheese,,,,GENERIC,أطعمة عامة,ألبان,,,KSA,HIGH,P1,MISSING,,USDA,USDA FoodData Central,https://fdc.nal.usda.gov/,,,,,,,,,NONE,MEDIUM,,,
QGAP-00264,جبن عكاوي,Akkawi cheese,,,,GENERIC,أطعمة عامة,ألبان,,,KSA,HIGH,P1,MISSING,,USDA,USDA FoodData Central,https://fdc.nal.usda.gov/,,,,,,,,,NONE,MEDIUM,,,
QGAP-00265,جبن نابلسي,Nabulsi cheese,,,,GENERIC,أطعمة عامة,ألبان,,,KSA,HIGH,P1,MISSING,,USDA,USDA FoodData Central,https://fdc.nal.usda.gov/,,,,,,,,,NONE,MEDIUM,,,
QGAP-00266,جبن شنكليش,Shanklish,,,,GENERIC,أطعمة عامة,ألبان,,,KSA,HIGH,P1,MISSING,,USDA,USDA FoodData Central,https://fdc.nal.usda.gov/,,,,,,,,,NONE,MEDIUM,,,
QGAP-00267,جبن بلدي أبيض,White baladi cheese,,,,GENERIC,أطعمة عامة,ألبان,,,KSA,HIGH,P1,MISSING,,USDA,USDA FoodData Central,https://fdc.nal.usda.gov/,,,,,,,,,NONE,MEDIUM,,,
QGAP-00268,جبن مثلثات,Cheese triangles,,,,GENERIC,أطعمة عامة,ألبان,,,KSA,HIGH,P1,MISSING,,USDA,USDA FoodData Central,https://fdc.nal.usda.gov/,,,,,,,,,NONE,MEDIUM,,,
QGAP-00269,جبن قابل للدهن,Spreadable cheese,,,,GENERIC,أطعمة عامة,ألبان,,,KSA,HIGH,P1,MISSING,,USDA,USDA FoodData Central,https://fdc.nal.usda.gov/,,,,,,,,,NONE,MEDIUM,,,
QGAP-00270,زبادي بالفواكه,Fruit yogurt,,,,GENERIC,أطعمة عامة,ألبان,,,KSA,HIGH,P1,MISSING,,USDA,USDA FoodData Central,https://fdc.nal.usda.gov/,,,,,,,,,NONE,MEDIUM,,,
QGAP-00271,زبادي خالي الدسم,Non-fat yogurt,,,,GENERIC,أطعمة عامة,ألبان,,,KSA,HIGH,P1,MISSING,,USDA,USDA FoodData Central,https://fdc.nal.usda.gov/,,,,,,,,,NONE,MEDIUM,,,
QGAP-00272,لبنة قليلة الدسم,Low-fat labneh,,,,GENERIC,أطعمة عامة,ألبان,,,KSA,HIGH,P1,EXISTS_GENERIC_ONLY,labneh · لبنة,USDA,USDA FoodData Central,https://fdc.nal.usda.gov/,,,,,,,,,NONE,MEDIUM,,,
QGAP-00273,قشطة طازجة,Fresh cream (qishta),,,,GENERIC,أطعمة عامة,ألبان,,,KSA,HIGH,P1,MISSING,,USDA,USDA FoodData Central,https://fdc.nal.usda.gov/,,,,,,,,,NONE,MEDIUM,,,
QGAP-00274,أيس كريم فانيلا,Vanilla ice cream,,,,GENERIC,أطعمة عامة,ألبان,,,KSA,HIGH,P1,MISSING,,USDA,USDA FoodData Central,https://fdc.nal.usda.gov/,,,,,,,,,NONE,MEDIUM,,,
QGAP-00275,أيس كريم شوكولاتة,Chocolate ice cream,,,,GENERIC,أطعمة عامة,ألبان,,,KSA,HIGH,P1,MISSING,,USDA,USDA FoodData Central,https://fdc.nal.usda.gov/,,,,,,,,,NONE,MEDIUM,,,
QGAP-00276,مثلجات مخفوقة (سوفت),Soft serve,,,,GENERIC,أطعمة عامة,ألبان,,,KSA,HIGH,P1,MISSING,,USDA,USDA FoodData Central,https://fdc.nal.usda.gov/,,,,,,,,,NONE,MEDIUM,,,
QGAP-00277,لبن الإبل,Camel milk,,,,GENERIC,أطعمة عامة,ألبان,,,KSA,HIGH,P1,MISSING,,USDA,USDA FoodData Central,https://fdc.nal.usda.gov/,,,,,,,,,NONE,MEDIUM,,,
QGAP-00278,لبن الماعز,Goat milk,,,,GENERIC,أطعمة عامة,ألبان,,,KSA,HIGH,P1,MISSING,,USDA,USDA FoodData Central,https://fdc.nal.usda.gov/,,,,,,,,,NONE,MEDIUM,,,
QGAP-00279,أقط (جميد),Jameed,,,,GENERIC,أطعمة عامة,ألبان,,,KSA,HIGH,P1,MISSING,,USDA,USDA FoodData Central,https://fdc.nal.usda.gov/,,,,,,,,,NONE,MEDIUM,,,
QGAP-00280,جبن كريم لايت,Light cream cheese,,,,GENERIC,أطعمة عامة,ألبان,,,KSA,HIGH,P1,EXISTS_GENERIC_ONLY,cream-cheese · جبن كريمي,USDA,USDA FoodData Central,https://fdc.nal.usda.gov/,,,,,,,,,NONE,MEDIUM,,,
QGAP-00281,حليب عالي البروتين,High-protein milk,,,,GENERIC,أطعمة عامة,ألبان,,,KSA,HIGH,P1,MISSING,,USDA,USDA FoodData Central,https://fdc.nal.usda.gov/,,,,,,,,,NONE,MEDIUM,,,
QGAP-00282,بهارات كبسة,Kabsa spice mix,,,,GENERIC,أطعمة عامة,توابل ومحليات,,,KSA,MEDIUM,P2,MISSING,,USDA,USDA FoodData Central,https://fdc.nal.usda.gov/,,,,,,,,,NONE,MEDIUM,,,
QGAP-00283,كمون,Cumin,,,,GENERIC,أطعمة عامة,توابل ومحليات,,,KSA,MEDIUM,P2,MISSING,,USDA,USDA FoodData Central,https://fdc.nal.usda.gov/,,,,,,,,,NONE,MEDIUM,,,
QGAP-00284,كركم,Turmeric,,,,GENERIC,أطعمة عامة,توابل ومحليات,,,KSA,MEDIUM,P2,MISSING,,USDA,USDA FoodData Central,https://fdc.nal.usda.gov/,,,,,,,,,NONE,MEDIUM,,,
QGAP-00285,قرفة,Cinnamon,,,,GENERIC,أطعمة عامة,توابل ومحليات,,,KSA,MEDIUM,P2,MISSING,,USDA,USDA FoodData Central,https://fdc.nal.usda.gov/,,,,,,,,,NONE,MEDIUM,,,
QGAP-00286,هيل,Cardamom,,,,GENERIC,أطعمة عامة,توابل ومحليات,,,KSA,MEDIUM,P2,MISSING,,USDA,USDA FoodData Central,https://fdc.nal.usda.gov/,,,,,,,,,NONE,MEDIUM,,,
QGAP-00287,زعفران,Saffron,,,,GENERIC,أطعمة عامة,توابل ومحليات,,,KSA,MEDIUM,P2,MISSING,,USDA,USDA FoodData Central,https://fdc.nal.usda.gov/,,,,,,,,,NONE,MEDIUM,,,
QGAP-00288,سماق,Sumac,,,,GENERIC,أطعمة عامة,توابل ومحليات,,,KSA,MEDIUM,P2,MISSING,,USDA,USDA FoodData Central,https://fdc.nal.usda.gov/,,,,,,,,,NONE,MEDIUM,,,
QGAP-00289,زعتر,Zaatar,,,,GENERIC,أطعمة عامة,توابل ومحليات,,,KSA,MEDIUM,P2,MISSING,,USDA,USDA FoodData Central,https://fdc.nal.usda.gov/,,,,,,,,,NONE,MEDIUM,,,
QGAP-00290,كاري,Curry powder,,,,GENERIC,أطعمة عامة,توابل ومحليات,,,KSA,MEDIUM,P2,MISSING,,USDA,USDA FoodData Central,https://fdc.nal.usda.gov/,,,,,,,,,NONE,MEDIUM,,,
QGAP-00291,فلفل أسود,Black pepper,,,,GENERIC,أطعمة عامة,توابل ومحليات,,,KSA,MEDIUM,P2,MISSING,,USDA,USDA FoodData Central,https://fdc.nal.usda.gov/,,,,,,,,,NONE,MEDIUM,,,
QGAP-00292,بابريكا,Paprika,,,,GENERIC,أطعمة عامة,توابل ومحليات,,,KSA,MEDIUM,P2,MISSING,,USDA,USDA FoodData Central,https://fdc.nal.usda.gov/,,,,,,,,,NONE,MEDIUM,,,
QGAP-00293,لومي (ليمون أسود),Dried lime (loomi),,,,GENERIC,أطعمة عامة,توابل ومحليات,,,KSA,MEDIUM,P2,MISSING,,USDA,USDA FoodData Central,https://fdc.nal.usda.gov/,,,,,,,,,NONE,MEDIUM,,,
QGAP-00294,ورق غار,Bay leaf,,,,GENERIC,أطعمة عامة,توابل ومحليات,,,KSA,MEDIUM,P2,MISSING,,USDA,USDA FoodData Central,https://fdc.nal.usda.gov/,,,,,,,,,NONE,MEDIUM,,,
QGAP-00295,قرنفل,Cloves,,,,GENERIC,أطعمة عامة,توابل ومحليات,,,KSA,MEDIUM,P2,MISSING,,USDA,USDA FoodData Central,https://fdc.nal.usda.gov/,,,,,,,,,NONE,MEDIUM,,,
QGAP-00296,جوزة الطيب,Nutmeg,,,,GENERIC,أطعمة عامة,توابل ومحليات,,,KSA,MEDIUM,P2,MISSING,,USDA,USDA FoodData Central,https://fdc.nal.usda.gov/,,,,,,,,,NONE,MEDIUM,,,
QGAP-00297,ملح,Salt,,,,GENERIC,أطعمة عامة,توابل ومحليات,,,KSA,MEDIUM,P2,MISSING,,USDA,USDA FoodData Central,https://fdc.nal.usda.gov/,,,,,,,,,NONE,MEDIUM,,,
QGAP-00298,بيكنج باودر,Baking powder,,,,GENERIC,أطعمة عامة,توابل ومحليات,,,KSA,MEDIUM,P2,MISSING,,USDA,USDA FoodData Central,https://fdc.nal.usda.gov/,,,,,,,,,NONE,MEDIUM,,,
QGAP-00299,سكر أبيض,White sugar,,,,GENERIC,أطعمة عامة,توابل ومحليات,,,KSA,MEDIUM,P2,MISSING,,USDA,USDA FoodData Central,https://fdc.nal.usda.gov/,,,,,,,,,NONE,MEDIUM,,,
QGAP-00300,سكر بني,Brown sugar,,,,GENERIC,أطعمة عامة,توابل ومحليات,,,KSA,MEDIUM,P2,MISSING,,USDA,USDA FoodData Central,https://fdc.nal.usda.gov/,,,,,,,,,NONE,MEDIUM,,,
QGAP-00301,محلي ستيفيا,Stevia sweetener,,,,GENERIC,أطعمة عامة,توابل ومحليات,,,KSA,MEDIUM,P2,MISSING,,USDA,USDA FoodData Central,https://fdc.nal.usda.gov/,,,,,,,,,NONE,MEDIUM,,,
QGAP-00302,سكرالوز,Sucralose,,,,GENERIC,أطعمة عامة,توابل ومحليات,,,KSA,MEDIUM,P2,MISSING,,USDA,USDA FoodData Central,https://fdc.nal.usda.gov/,,,,,,,,,NONE,MEDIUM,,,
QGAP-00303,ماء ورد,Rose water,,,,GENERIC,أطعمة عامة,توابل ومحليات,,,KSA,MEDIUM,P2,EXISTS_GENERIC_ONLY,water · ماء,USDA,USDA FoodData Central,https://fdc.nal.usda.gov/,,,,,,,,,NONE,MEDIUM,,,
QGAP-00304,ماء زهر,Orange blossom water,,,,GENERIC,أطعمة عامة,توابل ومحليات,,,KSA,MEDIUM,P2,MISSING,,USDA,USDA FoodData Central,https://fdc.nal.usda.gov/,,,,,,,,,NONE,MEDIUM,,,
QGAP-00305,البيك - وجبة بروستد 4 قطع,AlBaik - Broasted chicken meal 4 pcs,البيك,AlBaik,AlBaik,RESTAURANT,مطاعم,دجاج مقلي,,,KSA,VERY_HIGH,P1,MISSING,,OFFICIAL_LOCAL_KCAL,AlBaik menu / app (SFDA),,,,,,,,,,NONE,HIGH,البيك,AlBaik,السعرات متاحة رسميًا على قائمة الفرع/التطبيق (إلزام SFDA منذ ١ يوليو ٢٠٢٥). الماكروز غير منشورة — تبقى فارغة.
QGAP-00306,البيك - وجبة بروستد 5 قطع,AlBaik - Broasted chicken meal 5 pcs,البيك,AlBaik,AlBaik,RESTAURANT,مطاعم,دجاج مقلي,,,KSA,VERY_HIGH,P1,MISSING,,OFFICIAL_LOCAL_KCAL,AlBaik menu / app (SFDA),,,,,,,,,,NONE,HIGH,البيك,AlBaik,السعرات متاحة رسميًا على قائمة الفرع/التطبيق (إلزام SFDA منذ ١ يوليو ٢٠٢٥). الماكروز غير منشورة — تبقى فارغة.
QGAP-00307,البيك - بروستد 10 قطع (عائلي),AlBaik - Broasted chicken 10 pcs family,البيك,AlBaik,AlBaik,RESTAURANT,مطاعم,دجاج مقلي,,,KSA,VERY_HIGH,P1,MISSING,,OFFICIAL_LOCAL_KCAL,AlBaik menu / app (SFDA),,,,,,,,,,NONE,HIGH,البيك,AlBaik,السعرات متاحة رسميًا على قائمة الفرع/التطبيق (إلزام SFDA منذ ١ يوليو ٢٠٢٥). الماكروز غير منشورة — تبقى فارغة.
QGAP-00308,البيك - بيغ بيك,AlBaik - Big Baik sandwich,البيك,AlBaik,AlBaik,RESTAURANT,مطاعم,دجاج مقلي,,,KSA,VERY_HIGH,P1,MISSING,,OFFICIAL_LOCAL_KCAL,AlBaik menu / app (SFDA),,,,,,,,,,NONE,HIGH,البيك,AlBaik,السعرات متاحة رسميًا على قائمة الفرع/التطبيق (إلزام SFDA منذ ١ يوليو ٢٠٢٥). الماكروز غير منشورة — تبقى فارغة.
QGAP-00309,البيك - ساندويتش فيليه,AlBaik - Fillet sandwich,البيك,AlBaik,AlBaik,RESTAURANT,مطاعم,دجاج مقلي,,,KSA,VERY_HIGH,P1,MISSING,,OFFICIAL_LOCAL_KCAL,AlBaik menu / app (SFDA),,,,,,,,,,NONE,HIGH,البيك,AlBaik,السعرات متاحة رسميًا على قائمة الفرع/التطبيق (إلزام SFDA منذ ١ يوليو ٢٠٢٥). الماكروز غير منشورة — تبقى فارغة.
QGAP-00310,البيك - ساندويتش نجت,AlBaik - Nugget sandwich,البيك,AlBaik,AlBaik,RESTAURANT,مطاعم,دجاج مقلي,,,KSA,VERY_HIGH,P1,MISSING,,OFFICIAL_LOCAL_KCAL,AlBaik menu / app (SFDA),,,,,,,,,,NONE,HIGH,البيك,AlBaik,السعرات متاحة رسميًا على قائمة الفرع/التطبيق (إلزام SFDA منذ ١ يوليو ٢٠٢٥). الماكروز غير منشورة — تبقى فارغة.
QGAP-00311,البيك - نجت دجاج 12 قطعة,AlBaik - Chicken nuggets 12 pcs,البيك,AlBaik,AlBaik,RESTAURANT,مطاعم,دجاج مقلي,,,KSA,VERY_HIGH,P1,EXISTS_GENERIC_ONLY,chicken-nuggets · ناجتس دجاج,OFFICIAL_LOCAL_KCAL,AlBaik menu / app (SFDA),,,,,,,,,,NONE,HIGH,البيك,AlBaik,السعرات متاحة رسميًا على قائمة الفرع/التطبيق (إلزام SFDA منذ ١ يوليو ٢٠٢٥). الماكروز غير منشورة — تبقى فارغة.
QGAP-00312,البيك - نجت دجاج 20 قطعة,AlBaik - Chicken nuggets 20 pcs,البيك,AlBaik,AlBaik,RESTAURANT,مطاعم,دجاج مقلي,,,KSA,VERY_HIGH,P1,EXISTS_GENERIC_ONLY,chicken-nuggets · ناجتس دجاج,OFFICIAL_LOCAL_KCAL,AlBaik menu / app (SFDA),,,,,,,,,,NONE,HIGH,البيك,AlBaik,السعرات متاحة رسميًا على قائمة الفرع/التطبيق (إلزام SFDA منذ ١ يوليو ٢٠٢٥). الماكروز غير منشورة — تبقى فارغة.
QGAP-00313,البيك - فيليه دجاج 5 قطع,AlBaik - Chicken fillet 5 pcs,البيك,AlBaik,AlBaik,RESTAURANT,مطاعم,دجاج مقلي,,,KSA,VERY_HIGH,P1,MISSING,,OFFICIAL_LOCAL_KCAL,AlBaik menu / app (SFDA),,,,,,,,,,NONE,HIGH,البيك,AlBaik,السعرات متاحة رسميًا على قائمة الفرع/التطبيق (إلزام SFDA منذ ١ يوليو ٢٠٢٥). الماكروز غير منشورة — تبقى فارغة.
QGAP-00314,البيك - وجبة روبيان,AlBaik - Shrimp meal,البيك,AlBaik,AlBaik,RESTAURANT,مطاعم,دجاج مقلي,,,KSA,VERY_HIGH,P1,MISSING,,OFFICIAL_LOCAL_KCAL,AlBaik menu / app (SFDA),,,,,,,,,,NONE,HIGH,البيك,AlBaik,السعرات متاحة رسميًا على قائمة الفرع/التطبيق (إلزام SFDA منذ ١ يوليو ٢٠٢٥). الماكروز غير منشورة — تبقى فارغة.
QGAP-00315,البيك - روبيان 12 قطعة,AlBaik - Shrimp 12 pcs,البيك,AlBaik,AlBaik,RESTAURANT,مطاعم,دجاج مقلي,,,KSA,VERY_HIGH,P1,MISSING,,OFFICIAL_LOCAL_KCAL,AlBaik menu / app (SFDA),,,,,,,,,,NONE,HIGH,البيك,AlBaik,السعرات متاحة رسميًا على قائمة الفرع/التطبيق (إلزام SFDA منذ ١ يوليو ٢٠٢٥). الماكروز غير منشورة — تبقى فارغة.
QGAP-00316,البيك - فيليه سمك 5 قطع,AlBaik - Fish fillet 5 pcs,البيك,AlBaik,AlBaik,RESTAURANT,مطاعم,دجاج مقلي,,,KSA,VERY_HIGH,P1,MISSING,,OFFICIAL_LOCAL_KCAL,AlBaik menu / app (SFDA),,,,,,,,,,NONE,HIGH,البيك,AlBaik,السعرات متاحة رسميًا على قائمة الفرع/التطبيق (إلزام SFDA منذ ١ يوليو ٢٠٢٥). الماكروز غير منشورة — تبقى فارغة.
QGAP-00317,البيك - ساندويتش سمك,AlBaik - Fish sandwich,البيك,AlBaik,AlBaik,RESTAURANT,مطاعم,دجاج مقلي,,,KSA,VERY_HIGH,P1,MISSING,,OFFICIAL_LOCAL_KCAL,AlBaik menu / app (SFDA),,,,,,,,,,NONE,HIGH,البيك,AlBaik,السعرات متاحة رسميًا على قائمة الفرع/التطبيق (إلزام SFDA منذ ١ يوليو ٢٠٢٥). الماكروز غير منشورة — تبقى فارغة.
QGAP-00318,البيك - كول سلو,AlBaik - Coleslaw,البيك,AlBaik,AlBaik,RESTAURANT,مطاعم,دجاج مقلي,,,KSA,VERY_HIGH,P1,MISSING,,OFFICIAL_LOCAL_KCAL,AlBaik menu / app (SFDA),,,,,,,,,,NONE,HIGH,البيك,AlBaik,السعرات متاحة رسميًا على قائمة الفرع/التطبيق (إلزام SFDA منذ ١ يوليو ٢٠٢٥). الماكروز غير منشورة — تبقى فارغة.
QGAP-00319,البيك - خبز البيك,AlBaik - AlBaik bread,البيك,AlBaik,AlBaik,RESTAURANT,مطاعم,دجاج مقلي,,,KSA,VERY_HIGH,P1,MISSING,,OFFICIAL_LOCAL_KCAL,AlBaik menu / app (SFDA),,,,,,,,,,NONE,HIGH,البيك,AlBaik,السعرات متاحة رسميًا على قائمة الفرع/التطبيق (إلزام SFDA منذ ١ يوليو ٢٠٢٥). الماكروز غير منشورة — تبقى فارغة.
QGAP-00320,البيك - صوص حار,AlBaik - Hot sauce,البيك,AlBaik,AlBaik,RESTAURANT,مطاعم,دجاج مقلي,,,KSA,VERY_HIGH,P1,MISSING,,OFFICIAL_LOCAL_KCAL,AlBaik menu / app (SFDA),,,,,,,,,,NONE,HIGH,البيك,AlBaik,السعرات متاحة رسميًا على قائمة الفرع/التطبيق (إلزام SFDA منذ ١ يوليو ٢٠٢٥). الماكروز غير منشورة — تبقى فارغة.
QGAP-00321,البيك - بطاطس كبيرة,AlBaik - Large fries,البيك,AlBaik,AlBaik,RESTAURANT,مطاعم,دجاج مقلي,,,KSA,VERY_HIGH,P1,MISSING,,OFFICIAL_LOCAL_KCAL,AlBaik menu / app (SFDA),,,,,,,,,,NONE,HIGH,البيك,AlBaik,السعرات متاحة رسميًا على قائمة الفرع/التطبيق (إلزام SFDA منذ ١ يوليو ٢٠٢٥). الماكروز غير منشورة — تبقى فارغة.
QGAP-00322,البيك - كاتشب,AlBaik - Ketchup,البيك,AlBaik,AlBaik,RESTAURANT,مطاعم,دجاج مقلي,,,KSA,VERY_HIGH,P1,MISSING,,OFFICIAL_LOCAL_KCAL,AlBaik menu / app (SFDA),,,,,,,,,,NONE,HIGH,البيك,AlBaik,السعرات متاحة رسميًا على قائمة الفرع/التطبيق (إلزام SFDA منذ ١ يوليو ٢٠٢٥). الماكروز غير منشورة — تبقى فارغة.
QGAP-00323,البيك - وجبة فيليه مع بطاطس,AlBaik - Fillet meal with fries,البيك,AlBaik,AlBaik,RESTAURANT,مطاعم,دجاج مقلي,,,KSA,VERY_HIGH,P1,MISSING,,OFFICIAL_LOCAL_KCAL,AlBaik menu / app (SFDA),,,,,,,,,,NONE,HIGH,البيك,AlBaik,السعرات متاحة رسميًا على قائمة الفرع/التطبيق (إلزام SFDA منذ ١ يوليو ٢٠٢٥). الماكروز غير منشورة — تبقى فارغة.
QGAP-00324,البيك - دجاج مشوي (شواية),AlBaik - Grilled chicken,البيك,AlBaik,AlBaik,RESTAURANT,مطاعم,دجاج مقلي,,,KSA,VERY_HIGH,P1,MISSING,,OFFICIAL_LOCAL_KCAL,AlBaik menu / app (SFDA),,,,,,,,,,NONE,HIGH,البيك,AlBaik,السعرات متاحة رسميًا على قائمة الفرع/التطبيق (إلزام SFDA منذ ١ يوليو ٢٠٢٥). الماكروز غير منشورة — تبقى فارغة.
QGAP-00325,هرفي - برجر لحم كلاسيك,Herfy - Classic beef burger,هرفي,Herfy,Herfy,RESTAURANT,مطاعم,برجر,,,KSA,VERY_HIGH,P1,EXISTS_GENERIC_ONLY,beef-burger · برجر لحم,OFFICIAL_LOCAL_KCAL,Herfy menu / app (SFDA),,,,,,,,,,NONE,HIGH,هرفي,Herfy,السعرات متاحة رسميًا على قائمة الفرع/التطبيق (إلزام SFDA منذ ١ يوليو ٢٠٢٥). الماكروز غير منشورة — تبقى فارغة.
QGAP-00326,هرفي - دبل سوبر برجر,Herfy - Double Super Burger,هرفي,Herfy,Herfy,RESTAURANT,مطاعم,برجر,,,KSA,VERY_HIGH,P1,MISSING,,OFFICIAL_LOCAL_KCAL,Herfy menu / app (SFDA),,,,,,,,,,NONE,HIGH,هرفي,Herfy,السعرات متاحة رسميًا على قائمة الفرع/التطبيق (إلزام SFDA منذ ١ يوليو ٢٠٢٥). الماكروز غير منشورة — تبقى فارغة.
QGAP-00327,هرفي - مشرووم برجر,Herfy - Mushroom burger,هرفي,Herfy,Herfy,RESTAURANT,مطاعم,برجر,,,KSA,VERY_HIGH,P1,MISSING,,OFFICIAL_LOCAL_KCAL,Herfy menu / app (SFDA),,,,,,,,,,NONE,HIGH,هرفي,Herfy,السعرات متاحة رسميًا على قائمة الفرع/التطبيق (إلزام SFDA منذ ١ يوليو ٢٠٢٥). الماكروز غير منشورة — تبقى فارغة.
QGAP-00328,هرفي - ساندويتش تشيكن ستربس,Herfy - Chicken strips sandwich,هرفي,Herfy,Herfy,RESTAURANT,مطاعم,برجر,,,KSA,VERY_HIGH,P1,MISSING,,OFFICIAL_LOCAL_KCAL,Herfy menu / app (SFDA),,,,,,,,,,NONE,HIGH,هرفي,Herfy,السعرات متاحة رسميًا على قائمة الفرع/التطبيق (إلزام SFDA منذ ١ يوليو ٢٠٢٥). الماكروز غير منشورة — تبقى فارغة.
QGAP-00329,هرفي - ستربس دجاج 4 قطع,Herfy - Chicken strips 4 pcs,هرفي,Herfy,Herfy,RESTAURANT,مطاعم,برجر,,,KSA,VERY_HIGH,P1,MISSING,,OFFICIAL_LOCAL_KCAL,Herfy menu / app (SFDA),,,,,,,,,,NONE,HIGH,هرفي,Herfy,السعرات متاحة رسميًا على قائمة الفرع/التطبيق (إلزام SFDA منذ ١ يوليو ٢٠٢٥). الماكروز غير منشورة — تبقى فارغة.
QGAP-00330,هرفي - وجبة دجاج مقلي,Herfy - Fried chicken meal,هرفي,Herfy,Herfy,RESTAURANT,مطاعم,برجر,,,KSA,VERY_HIGH,P1,MISSING,,OFFICIAL_LOCAL_KCAL,Herfy menu / app (SFDA),,,,,,,,,,NONE,HIGH,هرفي,Herfy,السعرات متاحة رسميًا على قائمة الفرع/التطبيق (إلزام SFDA منذ ١ يوليو ٢٠٢٥). الماكروز غير منشورة — تبقى فارغة.
QGAP-00331,هرفي - هوت دوج,Herfy - Hot dog,هرفي,Herfy,Herfy,RESTAURANT,مطاعم,برجر,,,KSA,VERY_HIGH,P1,EXISTS_GENERIC_ONLY,hotdog · هوت دوج,OFFICIAL_LOCAL_KCAL,Herfy menu / app (SFDA),,,,,,,,,,NONE,HIGH,هرفي,Herfy,السعرات متاحة رسميًا على قائمة الفرع/التطبيق (إلزام SFDA منذ ١ يوليو ٢٠٢٥). الماكروز غير منشورة — تبقى فارغة.
QGAP-00332,هرفي - بطاطس كبيرة,Herfy - Large fries,هرفي,Herfy,Herfy,RESTAURANT,مطاعم,برجر,,,KSA,VERY_HIGH,P1,MISSING,,OFFICIAL_LOCAL_KCAL,Herfy menu / app (SFDA),,,,,,,,,,NONE,HIGH,هرفي,Herfy,السعرات متاحة رسميًا على قائمة الفرع/التطبيق (إلزام SFDA منذ ١ يوليو ٢٠٢٥). الماكروز غير منشورة — تبقى فارغة.
QGAP-00333,هرفي - حلقات بصل,Herfy - Onion rings,هرفي,Herfy,Herfy,RESTAURANT,مطاعم,برجر,,,KSA,VERY_HIGH,P1,EXISTS_GENERIC_ONLY,onion-rings · حلقات بصل,OFFICIAL_LOCAL_KCAL,Herfy menu / app (SFDA),,,,,,,,,,NONE,HIGH,هرفي,Herfy,السعرات متاحة رسميًا على قائمة الفرع/التطبيق (إلزام SFDA منذ ١ يوليو ٢٠٢٥). الماكروز غير منشورة — تبقى فارغة.
QGAP-00334,هرفي - آيس كريم صنداي,Herfy - Sundae ice cream,هرفي,Herfy,Herfy,RESTAURANT,مطاعم,برجر,,,KSA,VERY_HIGH,P1,MISSING,,OFFICIAL_LOCAL_KCAL,Herfy menu / app (SFDA),,,,,,,,,,NONE,HIGH,هرفي,Herfy,السعرات متاحة رسميًا على قائمة الفرع/التطبيق (إلزام SFDA منذ ١ يوليو ٢٠٢٥). الماكروز غير منشورة — تبقى فارغة.
QGAP-00335,هرفي - ميلك شيك,Herfy - Milkshake,هرفي,Herfy,Herfy,RESTAURANT,مطاعم,برجر,,,KSA,VERY_HIGH,P1,EXISTS_GENERIC_ONLY,milkshake · ميلك شيك,OFFICIAL_LOCAL_KCAL,Herfy menu / app (SFDA),,,,,,,,,,NONE,HIGH,هرفي,Herfy,السعرات متاحة رسميًا على قائمة الفرع/التطبيق (إلزام SFDA منذ ١ يوليو ٢٠٢٥). الماكروز غير منشورة — تبقى فارغة.
QGAP-00336,هرفي - كرواسون جبن,Herfy - Cheese croissant,هرفي,Herfy,Herfy,RESTAURANT,مطاعم,برجر,,,KSA,VERY_HIGH,P1,EXISTS_GENERIC_ONLY,croissant · كرواسون,OFFICIAL_LOCAL_KCAL,Herfy menu / app (SFDA),,,,,,,,,,NONE,HIGH,هرفي,Herfy,السعرات متاحة رسميًا على قائمة الفرع/التطبيق (إلزام SFDA منذ ١ يوليو ٢٠٢٥). الماكروز غير منشورة — تبقى فارغة.
QGAP-00337,هرفي - ساندويتش فطور بالبيض,Herfy - Egg breakfast sandwich,هرفي,Herfy,Herfy,RESTAURANT,مطاعم,برجر,,,KSA,VERY_HIGH,P1,MISSING,,OFFICIAL_LOCAL_KCAL,Herfy menu / app (SFDA),,,,,,,,,,NONE,HIGH,هرفي,Herfy,السعرات متاحة رسميًا على قائمة الفرع/التطبيق (إلزام SFDA منذ ١ يوليو ٢٠٢٥). الماكروز غير منشورة — تبقى فارغة.
QGAP-00338,هرفي - مافن,Herfy - Muffin,هرفي,Herfy,Herfy,RESTAURANT,مطاعم,برجر,,,KSA,VERY_HIGH,P1,MISSING,,OFFICIAL_LOCAL_KCAL,Herfy menu / app (SFDA),,,,,,,,,,NONE,HIGH,هرفي,Herfy,السعرات متاحة رسميًا على قائمة الفرع/التطبيق (إلزام SFDA منذ ١ يوليو ٢٠٢٥). الماكروز غير منشورة — تبقى فارغة.
QGAP-00339,هرفي - كيك شوكولاتة,Herfy - Chocolate cake,هرفي,Herfy,Herfy,RESTAURANT,مطاعم,برجر,,,KSA,VERY_HIGH,P1,MISSING,,OFFICIAL_LOCAL_KCAL,Herfy menu / app (SFDA),,,,,,,,,,NONE,HIGH,هرفي,Herfy,السعرات متاحة رسميًا على قائمة الفرع/التطبيق (إلزام SFDA منذ ١ يوليو ٢٠٢٥). الماكروز غير منشورة — تبقى فارغة.
QGAP-00340,هرفي - عصير برتقال,Herfy - Orange juice,هرفي,Herfy,Herfy,RESTAURANT,مطاعم,برجر,,,KSA,VERY_HIGH,P1,EXISTS_GENERIC_ONLY,orange-juice · عصير برتقال,OFFICIAL_LOCAL_KCAL,Herfy menu / app (SFDA),,,,,,,,,,NONE,HIGH,هرفي,Herfy,السعرات متاحة رسميًا على قائمة الفرع/التطبيق (إلزام SFDA منذ ١ يوليو ٢٠٢٥). الماكروز غير منشورة — تبقى فارغة.
QGAP-00341,هرفي - قهوة هرفي,Herfy - Herfy coffee,هرفي,Herfy,Herfy,RESTAURANT,مطاعم,برجر,,,KSA,VERY_HIGH,P1,MISSING,,OFFICIAL_LOCAL_KCAL,Herfy menu / app (SFDA),,,,,,,,,,NONE,HIGH,هرفي,Herfy,السعرات متاحة رسميًا على قائمة الفرع/التطبيق (إلزام SFDA منذ ١ يوليو ٢٠٢٥). الماكروز غير منشورة — تبقى فارغة.
QGAP-00342,هرفي - بيتزا هرفي قطعة,Herfy - Herfy pizza slice,هرفي,Herfy,Herfy,RESTAURANT,مطاعم,برجر,,,KSA,VERY_HIGH,P1,EXISTS_GENERIC_ONLY,pizza-slice · بيتزا,OFFICIAL_LOCAL_KCAL,Herfy menu / app (SFDA),,,,,,,,,,NONE,HIGH,هرفي,Herfy,السعرات متاحة رسميًا على قائمة الفرع/التطبيق (إلزام SFDA منذ ١ يوليو ٢٠٢٥). الماكروز غير منشورة — تبقى فارغة.
QGAP-00343,هرفي - سلطة سيزر,Herfy - Caesar salad,هرفي,Herfy,Herfy,RESTAURANT,مطاعم,برجر,,,KSA,VERY_HIGH,P1,MISSING,,OFFICIAL_LOCAL_KCAL,Herfy menu / app (SFDA),,,,,,,,,,NONE,HIGH,هرفي,Herfy,السعرات متاحة رسميًا على قائمة الفرع/التطبيق (إلزام SFDA منذ ١ يوليو ٢٠٢٥). الماكروز غير منشورة — تبقى فارغة.
QGAP-00344,هرفي - كرسبي تشيكن برجر,Herfy - Crispy chicken burger,هرفي,Herfy,Herfy,RESTAURANT,مطاعم,برجر,,,KSA,VERY_HIGH,P1,EXISTS_GENERIC_ONLY,chicken-burger · برجر دجاج,OFFICIAL_LOCAL_KCAL,Herfy menu / app (SFDA),,,,,,,,,,NONE,HIGH,هرفي,Herfy,السعرات متاحة رسميًا على قائمة الفرع/التطبيق (إلزام SFDA منذ ١ يوليو ٢٠٢٥). الماكروز غير منشورة — تبقى فارغة.
QGAP-00345,هرفي - ساندويتش تونة,Herfy - Tuna sandwich,هرفي,Herfy,Herfy,RESTAURANT,مطاعم,برجر,,,KSA,VERY_HIGH,P1,MISSING,,OFFICIAL_LOCAL_KCAL,Herfy menu / app (SFDA),,,,,,,,,,NONE,HIGH,هرفي,Herfy,السعرات متاحة رسميًا على قائمة الفرع/التطبيق (إلزام SFDA منذ ١ يوليو ٢٠٢٥). الماكروز غير منشورة — تبقى فارغة.
QGAP-00346,كودو - ساندويتش كودو الأصلي,Kudu - Original Kudu sandwich,كودو,Kudu,Kudu,RESTAURANT,مطاعم,برجر,,,KSA,VERY_HIGH,P1,MISSING,,OFFICIAL_LOCAL_KCAL,Kudu app (SFDA),,,,,,,,,,NONE,HIGH,كودو,Kudu,السعرات متاحة رسميًا على قائمة الفرع/التطبيق (إلزام SFDA منذ ١ يوليو ٢٠٢٥). الماكروز غير منشورة — تبقى فارغة.
QGAP-00347,كودو - ساندويتش تشيكن سوبريم,Kudu - Chicken supreme sandwich,كودو,Kudu,Kudu,RESTAURANT,مطاعم,برجر,,,KSA,VERY_HIGH,P1,MISSING,,OFFICIAL_LOCAL_KCAL,Kudu app (SFDA),,,,,,,,,,NONE,HIGH,كودو,Kudu,السعرات متاحة رسميًا على قائمة الفرع/التطبيق (إلزام SFDA منذ ١ يوليو ٢٠٢٥). الماكروز غير منشورة — تبقى فارغة.
QGAP-00348,كودو - ساندويتش شاورما,Kudu - Shawarma sandwich,كودو,Kudu,Kudu,RESTAURANT,مطاعم,برجر,,,KSA,VERY_HIGH,P1,MISSING,,OFFICIAL_LOCAL_KCAL,Kudu app (SFDA),,,,,,,,,,NONE,HIGH,كودو,Kudu,السعرات متاحة رسميًا على قائمة الفرع/التطبيق (إلزام SFDA منذ ١ يوليو ٢٠٢٥). الماكروز غير منشورة — تبقى فارغة.
QGAP-00349,كودو - فطور كودو (فول),Kudu - Kudu breakfast foul,كودو,Kudu,Kudu,RESTAURANT,مطاعم,برجر,,,KSA,VERY_HIGH,P1,MISSING,,OFFICIAL_LOCAL_KCAL,Kudu app (SFDA),,,,,,,,,,NONE,HIGH,كودو,Kudu,السعرات متاحة رسميًا على قائمة الفرع/التطبيق (إلزام SFDA منذ ١ يوليو ٢٠٢٥). الماكروز غير منشورة — تبقى فارغة.
QGAP-00350,كودو - ساندويتش جبن وبيض,Kudu - Cheese and egg sandwich,كودو,Kudu,Kudu,RESTAURANT,مطاعم,برجر,,,KSA,VERY_HIGH,P1,MISSING,,OFFICIAL_LOCAL_KCAL,Kudu app (SFDA),,,,,,,,,,NONE,HIGH,كودو,Kudu,السعرات متاحة رسميًا على قائمة الفرع/التطبيق (إلزام SFDA منذ ١ يوليو ٢٠٢٥). الماكروز غير منشورة — تبقى فارغة.
QGAP-00351,كودو - كرواسون,Kudu - Croissant,كودو,Kudu,Kudu,RESTAURANT,مطاعم,برجر,,,KSA,VERY_HIGH,P1,EXISTS_GENERIC_ONLY,croissant · كرواسون,OFFICIAL_LOCAL_KCAL,Kudu app (SFDA),,,,,,,,,,NONE,HIGH,كودو,Kudu,السعرات متاحة رسميًا على قائمة الفرع/التطبيق (إلزام SFDA منذ ١ يوليو ٢٠٢٥). الماكروز غير منشورة — تبقى فارغة.
QGAP-00352,كودو - بان كيك,Kudu - Pancakes,كودو,Kudu,Kudu,RESTAURANT,مطاعم,برجر,,,KSA,VERY_HIGH,P1,EXISTS_GENERIC_ONLY,pancakes · بان كيك,OFFICIAL_LOCAL_KCAL,Kudu app (SFDA),,,,,,,,,,NONE,HIGH,كودو,Kudu,السعرات متاحة رسميًا على قائمة الفرع/التطبيق (إلزام SFDA منذ ١ يوليو ٢٠٢٥). الماكروز غير منشورة — تبقى فارغة.
QGAP-00353,كودو - ساندويتش تونة,Kudu - Tuna sandwich,كودو,Kudu,Kudu,RESTAURANT,مطاعم,برجر,,,KSA,VERY_HIGH,P1,MISSING,,OFFICIAL_LOCAL_KCAL,Kudu app (SFDA),,,,,,,,,,NONE,HIGH,كودو,Kudu,السعرات متاحة رسميًا على قائمة الفرع/التطبيق (إلزام SFDA منذ ١ يوليو ٢٠٢٥). الماكروز غير منشورة — تبقى فارغة.
QGAP-00354,كودو - حلقات بصل,Kudu - Onion rings,كودو,Kudu,Kudu,RESTAURANT,مطاعم,برجر,,,KSA,VERY_HIGH,P1,EXISTS_GENERIC_ONLY,onion-rings · حلقات بصل,OFFICIAL_LOCAL_KCAL,Kudu app (SFDA),,,,,,,,,,NONE,HIGH,كودو,Kudu,السعرات متاحة رسميًا على قائمة الفرع/التطبيق (إلزام SFDA منذ ١ يوليو ٢٠٢٥). الماكروز غير منشورة — تبقى فارغة.
QGAP-00355,كودو - سلطة كول سلو,Kudu - Coleslaw,كودو,Kudu,Kudu,RESTAURANT,مطاعم,برجر,,,KSA,VERY_HIGH,P1,MISSING,,OFFICIAL_LOCAL_KCAL,Kudu app (SFDA),,,,,,,,,,NONE,HIGH,كودو,Kudu,السعرات متاحة رسميًا على قائمة الفرع/التطبيق (إلزام SFDA منذ ١ يوليو ٢٠٢٥). الماكروز غير منشورة — تبقى فارغة.
QGAP-00356,كودو - آيس كريم,Kudu - Ice cream,كودو,Kudu,Kudu,RESTAURANT,مطاعم,برجر,,,KSA,VERY_HIGH,P1,MISSING,,OFFICIAL_LOCAL_KCAL,Kudu app (SFDA),,,,,,,,,,NONE,HIGH,كودو,Kudu,السعرات متاحة رسميًا على قائمة الفرع/التطبيق (إلزام SFDA منذ ١ يوليو ٢٠٢٥). الماكروز غير منشورة — تبقى فارغة.
QGAP-00357,كودو - ميلك شيك,Kudu - Milkshake,كودو,Kudu,Kudu,RESTAURANT,مطاعم,برجر,,,KSA,VERY_HIGH,P1,EXISTS_GENERIC_ONLY,milkshake · ميلك شيك,OFFICIAL_LOCAL_KCAL,Kudu app (SFDA),,,,,,,,,,NONE,HIGH,كودو,Kudu,السعرات متاحة رسميًا على قائمة الفرع/التطبيق (إلزام SFDA منذ ١ يوليو ٢٠٢٥). الماكروز غير منشورة — تبقى فارغة.
QGAP-00358,كودو - قهوة كودو,Kudu - Kudu coffee,كودو,Kudu,Kudu,RESTAURANT,مطاعم,برجر,,,KSA,VERY_HIGH,P1,MISSING,,OFFICIAL_LOCAL_KCAL,Kudu app (SFDA),,,,,,,,,,NONE,HIGH,كودو,Kudu,السعرات متاحة رسميًا على قائمة الفرع/التطبيق (إلزام SFDA منذ ١ يوليو ٢٠٢٥). الماكروز غير منشورة — تبقى فارغة.
QGAP-00359,كودو - كابتشينو,Kudu - Cappuccino,كودو,Kudu,Kudu,RESTAURANT,مطاعم,برجر,,,KSA,VERY_HIGH,P1,EXISTS_GENERIC_ONLY,cappuccino · كابتشينو,OFFICIAL_LOCAL_KCAL,Kudu app (SFDA),,,,,,,,,,NONE,HIGH,كودو,Kudu,السعرات متاحة رسميًا على قائمة الفرع/التطبيق (إلزام SFDA منذ ١ يوليو ٢٠٢٥). الماكروز غير منشورة — تبقى فارغة.
QGAP-00360,كودو - عصير طازج,Kudu - Fresh juice,كودو,Kudu,Kudu,RESTAURANT,مطاعم,برجر,,,KSA,VERY_HIGH,P1,MISSING,,OFFICIAL_LOCAL_KCAL,Kudu app (SFDA),,,,,,,,,,NONE,HIGH,كودو,Kudu,السعرات متاحة رسميًا على قائمة الفرع/التطبيق (إلزام SFDA منذ ١ يوليو ٢٠٢٥). الماكروز غير منشورة — تبقى فارغة.
QGAP-00361,كودو - وجبة أطفال,Kudu - Kids meal,كودو,Kudu,Kudu,RESTAURANT,مطاعم,برجر,,,KSA,VERY_HIGH,P1,MISSING,,OFFICIAL_LOCAL_KCAL,Kudu app (SFDA),,,,,,,,,,NONE,HIGH,كودو,Kudu,السعرات متاحة رسميًا على قائمة الفرع/التطبيق (إلزام SFDA منذ ١ يوليو ٢٠٢٥). الماكروز غير منشورة — تبقى فارغة.
QGAP-00362,كودو - فطيرة,Kudu - Pie,كودو,Kudu,Kudu,RESTAURANT,مطاعم,برجر,,,KSA,VERY_HIGH,P1,MISSING,,OFFICIAL_LOCAL_KCAL,Kudu app (SFDA),,,,,,,,,,NONE,HIGH,كودو,Kudu,السعرات متاحة رسميًا على قائمة الفرع/التطبيق (إلزام SFDA منذ ١ يوليو ٢٠٢٥). الماكروز غير منشورة — تبقى فارغة.
QGAP-00363,كودو - كوكيز,Kudu - Cookie,كودو,Kudu,Kudu,RESTAURANT,مطاعم,برجر,,,KSA,VERY_HIGH,P1,MISSING,,OFFICIAL_LOCAL_KCAL,Kudu app (SFDA),,,,,,,,,,NONE,HIGH,كودو,Kudu,السعرات متاحة رسميًا على قائمة الفرع/التطبيق (إلزام SFDA منذ ١ يوليو ٢٠٢٥). الماكروز غير منشورة — تبقى فارغة.
QGAP-00364,كودو - ساندويتش لحم مشوي,Kudu - Grilled beef sandwich,كودو,Kudu,Kudu,RESTAURANT,مطاعم,برجر,,,KSA,VERY_HIGH,P1,MISSING,,OFFICIAL_LOCAL_KCAL,Kudu app (SFDA),,,,,,,,,,NONE,HIGH,كودو,Kudu,السعرات متاحة رسميًا على قائمة الفرع/التطبيق (إلزام SFDA منذ ١ يوليو ٢٠٢٥). الماكروز غير منشورة — تبقى فارغة.
QGAP-00365,كودو - سلطة دجاج,Kudu - Chicken salad,كودو,Kudu,Kudu,RESTAURANT,مطاعم,برجر,,,KSA,VERY_HIGH,P1,MISSING,,OFFICIAL_LOCAL_KCAL,Kudu app (SFDA),,,,,,,,,,NONE,HIGH,كودو,Kudu,السعرات متاحة رسميًا على قائمة الفرع/التطبيق (إلزام SFDA منذ ١ يوليو ٢٠٢٥). الماكروز غير منشورة — تبقى فارغة.
QGAP-00366,الطازج - دجاجة كاملة مشوية,Al Tazaj - Whole grilled chicken,الطازج,Al Tazaj,Al Tazaj,RESTAURANT,مطاعم,دجاج مشوي,,,KSA,VERY_HIGH,P1,MISSING,,OFFICIAL_LOCAL_KCAL,Al Tazaj menu (SFDA),,,,,,,,,,NONE,HIGH,الطازج,Al Tazaj,السعرات متاحة رسميًا على قائمة الفرع/التطبيق (إلزام SFDA منذ ١ يوليو ٢٠٢٥). الماكروز غير منشورة — تبقى فارغة.
QGAP-00367,الطازج - نصف دجاجة مع رز,Al Tazaj - Half chicken with rice,الطازج,Al Tazaj,Al Tazaj,RESTAURANT,مطاعم,دجاج مشوي,,,KSA,VERY_HIGH,P1,MISSING,,OFFICIAL_LOCAL_KCAL,Al Tazaj menu (SFDA),,,,,,,,,,NONE,HIGH,الطازج,Al Tazaj,السعرات متاحة رسميًا على قائمة الفرع/التطبيق (إلزام SFDA منذ ١ يوليو ٢٠٢٥). الماكروز غير منشورة — تبقى فارغة.
QGAP-00368,الطازج - وجبة فيليه مشوي,Al Tazaj - Grilled fillet meal,الطازج,Al Tazaj,Al Tazaj,RESTAURANT,مطاعم,دجاج مشوي,,,KSA,VERY_HIGH,P1,MISSING,,OFFICIAL_LOCAL_KCAL,Al Tazaj menu (SFDA),,,,,,,,,,NONE,HIGH,الطازج,Al Tazaj,السعرات متاحة رسميًا على قائمة الفرع/التطبيق (إلزام SFDA منذ ١ يوليو ٢٠٢٥). الماكروز غير منشورة — تبقى فارغة.
QGAP-00369,الطازج - سلطة طحينة,Al Tazaj - Tahini salad,الطازج,Al Tazaj,Al Tazaj,RESTAURANT,مطاعم,دجاج مشوي,,,KSA,VERY_HIGH,P1,MISSING,,OFFICIAL_LOCAL_KCAL,Al Tazaj menu (SFDA),,,,,,,,,,NONE,HIGH,الطازج,Al Tazaj,السعرات متاحة رسميًا على قائمة الفرع/التطبيق (إلزام SFDA منذ ١ يوليو ٢٠٢٥). الماكروز غير منشورة — تبقى فارغة.
QGAP-00370,الطازج - سلطة خضراء,Al Tazaj - Green salad,الطازج,Al Tazaj,Al Tazaj,RESTAURANT,مطاعم,دجاج مشوي,,,KSA,VERY_HIGH,P1,EXISTS_GENERIC_ONLY,green-salad · سلطة خضراء,OFFICIAL_LOCAL_KCAL,Al Tazaj menu (SFDA),,,,,,,,,,NONE,HIGH,الطازج,Al Tazaj,السعرات متاحة رسميًا على قائمة الفرع/التطبيق (إلزام SFDA منذ ١ يوليو ٢٠٢٥). الماكروز غير منشورة — تبقى فارغة.
QGAP-00371,الطازج - حمص,Al Tazaj - Hummus,الطازج,Al Tazaj,Al Tazaj,RESTAURANT,مطاعم,دجاج مشوي,,,KSA,VERY_HIGH,P1,EXISTS_GENERIC_ONLY,gcc-21 · حمّص بالطحينة,OFFICIAL_LOCAL_KCAL,Al Tazaj menu (SFDA),,,,,,,,,,NONE,HIGH,الطازج,Al Tazaj,السعرات متاحة رسميًا على قائمة الفرع/التطبيق (إلزام SFDA منذ ١ يوليو ٢٠٢٥). الماكروز غير منشورة — تبقى فارغة.
QGAP-00372,الطازج - خبز تنور,Al Tazaj - Tannour bread,الطازج,Al Tazaj,Al Tazaj,RESTAURANT,مطاعم,دجاج مشوي,,,KSA,VERY_HIGH,P1,EXISTS_GENERIC_ONLY,khubz-tandoor · خبز تنور,OFFICIAL_LOCAL_KCAL,Al Tazaj menu (SFDA),,,,,,,,,,NONE,HIGH,الطازج,Al Tazaj,السعرات متاحة رسميًا على قائمة الفرع/التطبيق (إلزام SFDA منذ ١ يوليو ٢٠٢٥). الماكروز غير منشورة — تبقى فارغة.
QGAP-00373,الطازج - بطاطس مقلية,Al Tazaj - French fries,الطازج,Al Tazaj,Al Tazaj,RESTAURANT,مطاعم,دجاج مشوي,,,KSA,VERY_HIGH,P1,EXISTS_GENERIC_ONLY,fries · بطاطس مقلية,OFFICIAL_LOCAL_KCAL,Al Tazaj menu (SFDA),,,,,,,,,,NONE,HIGH,الطازج,Al Tazaj,السعرات متاحة رسميًا على قائمة الفرع/التطبيق (إلزام SFDA منذ ١ يوليو ٢٠٢٥). الماكروز غير منشورة — تبقى فارغة.
QGAP-00374,الطازج - رز أبيض,Al Tazaj - White rice,الطازج,Al Tazaj,Al Tazaj,RESTAURANT,مطاعم,دجاج مشوي,,,KSA,VERY_HIGH,P1,EXISTS_GENERIC_ONLY,white-rice · رز أبيض,OFFICIAL_LOCAL_KCAL,Al Tazaj menu (SFDA),,,,,,,,,,NONE,HIGH,الطازج,Al Tazaj,السعرات متاحة رسميًا على قائمة الفرع/التطبيق (إلزام SFDA منذ ١ يوليو ٢٠٢٥). الماكروز غير منشورة — تبقى فارغة.
QGAP-00375,الطازج - شوربة,Al Tazaj - Soup,الطازج,Al Tazaj,Al Tazaj,RESTAURANT,مطاعم,دجاج مشوي,,,KSA,VERY_HIGH,P1,MISSING,,OFFICIAL_LOCAL_KCAL,Al Tazaj menu (SFDA),,,,,,,,,,NONE,HIGH,الطازج,Al Tazaj,السعرات متاحة رسميًا على قائمة الفرع/التطبيق (إلزام SFDA منذ ١ يوليو ٢٠٢٥). الماكروز غير منشورة — تبقى فارغة.
QGAP-00376,الطازج - صوص حار,Al Tazaj - Hot sauce,الطازج,Al Tazaj,Al Tazaj,RESTAURANT,مطاعم,دجاج مشوي,,,KSA,VERY_HIGH,P1,MISSING,,OFFICIAL_LOCAL_KCAL,Al Tazaj menu (SFDA),,,,,,,,,,NONE,HIGH,الطازج,Al Tazaj,السعرات متاحة رسميًا على قائمة الفرع/التطبيق (إلزام SFDA منذ ١ يوليو ٢٠٢٥). الماكروز غير منشورة — تبقى فارغة.
QGAP-00377,الطازج - وجبة ربع دجاج مع رز,Al Tazaj - Quarter chicken with rice meal,الطازج,Al Tazaj,Al Tazaj,RESTAURANT,مطاعم,دجاج مشوي,,,KSA,VERY_HIGH,P1,MISSING,,OFFICIAL_LOCAL_KCAL,Al Tazaj menu (SFDA),,,,,,,,,,NONE,HIGH,الطازج,Al Tazaj,السعرات متاحة رسميًا على قائمة الفرع/التطبيق (إلزام SFDA منذ ١ يوليو ٢٠٢٥). الماكروز غير منشورة — تبقى فارغة.
QGAP-00378,الطازج - كبدة دجاج,Al Tazaj - Chicken liver,الطازج,Al Tazaj,Al Tazaj,RESTAURANT,مطاعم,دجاج مشوي,,,KSA,VERY_HIGH,P1,EXISTS_GENERIC_ONLY,chicken-liver · كبدة دجاج,OFFICIAL_LOCAL_KCAL,Al Tazaj menu (SFDA),,,,,,,,,,NONE,HIGH,الطازج,Al Tazaj,السعرات متاحة رسميًا على قائمة الفرع/التطبيق (إلزام SFDA منذ ١ يوليو ٢٠٢٥). الماكروز غير منشورة — تبقى فارغة.
QGAP-00379,الطازج - مشروب غازي,Al Tazaj - Soft drink,الطازج,Al Tazaj,Al Tazaj,RESTAURANT,مطاعم,دجاج مشوي,,,KSA,VERY_HIGH,P1,EXISTS_GENERIC_ONLY,soft-drink · مشروب غازي,OFFICIAL_LOCAL_KCAL,Al Tazaj menu (SFDA),,,,,,,,,,NONE,HIGH,الطازج,Al Tazaj,السعرات متاحة رسميًا على قائمة الفرع/التطبيق (إلزام SFDA منذ ١ يوليو ٢٠٢٥). الماكروز غير منشورة — تبقى فارغة.
QGAP-00380,الرومانسية - كبسة دجاج (نصف),Al Romansiah - Chicken kabsa half,الرومانسية,Al Romansiah,Al Romansiah,RESTAURANT,مطاعم,أكل سعودي,,,KSA,VERY_HIGH,P1,MISSING,,OFFICIAL_LOCAL_KCAL,Al Romansiah app (SFDA),,,,,,,,,,NONE,HIGH,الرومانسية,Al Romansiah,السعرات متاحة رسميًا على قائمة الفرع/التطبيق (إلزام SFDA منذ ١ يوليو ٢٠٢٥). الماكروز غير منشورة — تبقى فارغة.
QGAP-00381,الرومانسية - كبسة لحم حاشي,Al Romansiah - Camel kabsa,الرومانسية,Al Romansiah,Al Romansiah,RESTAURANT,مطاعم,أكل سعودي,,,KSA,VERY_HIGH,P1,EXISTS_GENERIC_ONLY,sfct-95 · كبسة لحم حاشي,OFFICIAL_LOCAL_KCAL,Al Romansiah app (SFDA),,,,,,,,,,NONE,HIGH,الرومانسية,Al Romansiah,السعرات متاحة رسميًا على قائمة الفرع/التطبيق (إلزام SFDA منذ ١ يوليو ٢٠٢٥). الماكروز غير منشورة — تبقى فارغة.
QGAP-00382,الرومانسية - مندي دجاج كامل,Al Romansiah - Whole chicken mandi,الرومانسية,Al Romansiah,Al Romansiah,RESTAURANT,مطاعم,أكل سعودي,,,KSA,VERY_HIGH,P1,MISSING,,OFFICIAL_LOCAL_KCAL,Al Romansiah app (SFDA),,,,,,,,,,NONE,HIGH,الرومانسية,Al Romansiah,السعرات متاحة رسميًا على قائمة الفرع/التطبيق (إلزام SFDA منذ ١ يوليو ٢٠٢٥). الماكروز غير منشورة — تبقى فارغة.
QGAP-00383,الرومانسية - مظبي دجاج,Al Romansiah - Chicken madhbi,الرومانسية,Al Romansiah,Al Romansiah,RESTAURANT,مطاعم,أكل سعودي,,,KSA,VERY_HIGH,P1,MISSING,,OFFICIAL_LOCAL_KCAL,Al Romansiah app (SFDA),,,,,,,,,,NONE,HIGH,الرومانسية,Al Romansiah,السعرات متاحة رسميًا على قائمة الفرع/التطبيق (إلزام SFDA منذ ١ يوليو ٢٠٢٥). الماكروز غير منشورة — تبقى فارغة.
QGAP-00384,الرومانسية - مضغوط دجاج,Al Romansiah - Chicken madghoot,الرومانسية,Al Romansiah,Al Romansiah,RESTAURANT,مطاعم,أكل سعودي,,,KSA,VERY_HIGH,P1,EXISTS_GENERIC_ONLY,madghoot-chicken · مضغوط دجاج,OFFICIAL_LOCAL_KCAL,Al Romansiah app (SFDA),,,,,,,,,,NONE,HIGH,الرومانسية,Al Romansiah,السعرات متاحة رسميًا على قائمة الفرع/التطبيق (إلزام SFDA منذ ١ يوليو ٢٠٢٥). الماكروز غير منشورة — تبقى فارغة.
QGAP-00385,الرومانسية - حنيذ لحم,Al Romansiah - Lamb haneeth,الرومانسية,Al Romansiah,Al Romansiah,RESTAURANT,مطاعم,أكل سعودي,,,KSA,VERY_HIGH,P1,MISSING,,OFFICIAL_LOCAL_KCAL,Al Romansiah app (SFDA),,,,,,,,,,NONE,HIGH,الرومانسية,Al Romansiah,السعرات متاحة رسميًا على قائمة الفرع/التطبيق (إلزام SFDA منذ ١ يوليو ٢٠٢٥). الماكروز غير منشورة — تبقى فارغة.
QGAP-00386,الرومانسية - برياني دجاج,Al Romansiah - Chicken biryani,الرومانسية,Al Romansiah,Al Romansiah,RESTAURANT,مطاعم,أكل سعودي,,,KSA,VERY_HIGH,P1,EXISTS_GENERIC_ONLY,biryani-chicken · برياني دجاج,OFFICIAL_LOCAL_KCAL,Al Romansiah app (SFDA),,,,,,,,,,NONE,HIGH,الرومانسية,Al Romansiah,السعرات متاحة رسميًا على قائمة الفرع/التطبيق (إلزام SFDA منذ ١ يوليو ٢٠٢٥). الماكروز غير منشورة — تبقى فارغة.
QGAP-00387,الرومانسية - جريش,Al Romansiah - Jareesh,الرومانسية,Al Romansiah,Al Romansiah,RESTAURANT,مطاعم,أكل سعودي,,,KSA,VERY_HIGH,P1,MISSING,,OFFICIAL_LOCAL_KCAL,Al Romansiah app (SFDA),,,,,,,,,,NONE,HIGH,الرومانسية,Al Romansiah,السعرات متاحة رسميًا على قائمة الفرع/التطبيق (إلزام SFDA منذ ١ يوليو ٢٠٢٥). الماكروز غير منشورة — تبقى فارغة.
QGAP-00388,الرومانسية - قرصان,Al Romansiah - Qursan,الرومانسية,Al Romansiah,Al Romansiah,RESTAURANT,مطاعم,أكل سعودي,,,KSA,VERY_HIGH,P1,MISSING,,OFFICIAL_LOCAL_KCAL,Al Romansiah app (SFDA),,,,,,,,,,NONE,HIGH,الرومانسية,Al Romansiah,السعرات متاحة رسميًا على قائمة الفرع/التطبيق (إلزام SFDA منذ ١ يوليو ٢٠٢٥). الماكروز غير منشورة — تبقى فارغة.
QGAP-00389,الرومانسية - مرقوق,Al Romansiah - Marqouq,الرومانسية,Al Romansiah,Al Romansiah,RESTAURANT,مطاعم,أكل سعودي,,,KSA,VERY_HIGH,P1,MISSING,,OFFICIAL_LOCAL_KCAL,Al Romansiah app (SFDA),,,,,,,,,,NONE,HIGH,الرومانسية,Al Romansiah,السعرات متاحة رسميًا على قائمة الفرع/التطبيق (إلزام SFDA منذ ١ يوليو ٢٠٢٥). الماكروز غير منشورة — تبقى فارغة.
QGAP-00390,الرومانسية - مطازيز,Al Romansiah - Matazeez,الرومانسية,Al Romansiah,Al Romansiah,RESTAURANT,مطاعم,أكل سعودي,,,KSA,VERY_HIGH,P1,MISSING,,OFFICIAL_LOCAL_KCAL,Al Romansiah app (SFDA),,,,,,,,,,NONE,HIGH,الرومانسية,Al Romansiah,السعرات متاحة رسميًا على قائمة الفرع/التطبيق (إلزام SFDA منذ ١ يوليو ٢٠٢٥). الماكروز غير منشورة — تبقى فارغة.
QGAP-00391,الرومانسية - سليق,Al Romansiah - Saleeg,الرومانسية,Al Romansiah,Al Romansiah,RESTAURANT,مطاعم,أكل سعودي,,,KSA,VERY_HIGH,P1,MISSING,,OFFICIAL_LOCAL_KCAL,Al Romansiah app (SFDA),,,,,,,,,,NONE,HIGH,الرومانسية,Al Romansiah,السعرات متاحة رسميًا على قائمة الفرع/التطبيق (إلزام SFDA منذ ١ يوليو ٢٠٢٥). الماكروز غير منشورة — تبقى فارغة.
QGAP-00392,الرومانسية - شوربة حب,Al Romansiah - Grain soup,الرومانسية,Al Romansiah,Al Romansiah,RESTAURANT,مطاعم,أكل سعودي,,,KSA,VERY_HIGH,P1,MISSING,,OFFICIAL_LOCAL_KCAL,Al Romansiah app (SFDA),,,,,,,,,,NONE,HIGH,الرومانسية,Al Romansiah,السعرات متاحة رسميًا على قائمة الفرع/التطبيق (إلزام SFDA منذ ١ يوليو ٢٠٢٥). الماكروز غير منشورة — تبقى فارغة.
QGAP-00393,الرومانسية - سمبوسة,Al Romansiah - Samosa,الرومانسية,Al Romansiah,Al Romansiah,RESTAURANT,مطاعم,أكل سعودي,,,KSA,VERY_HIGH,P1,MISSING,,OFFICIAL_LOCAL_KCAL,Al Romansiah app (SFDA),,,,,,,,,,NONE,HIGH,الرومانسية,Al Romansiah,السعرات متاحة رسميًا على قائمة الفرع/التطبيق (إلزام SFDA منذ ١ يوليو ٢٠٢٥). الماكروز غير منشورة — تبقى فارغة.
QGAP-00394,الرومانسية - سلطة الرومانسية,Al Romansiah - Al Romansiah salad,الرومانسية,Al Romansiah,Al Romansiah,RESTAURANT,مطاعم,أكل سعودي,,,KSA,VERY_HIGH,P1,MISSING,,OFFICIAL_LOCAL_KCAL,Al Romansiah app (SFDA),,,,,,,,,,NONE,HIGH,الرومانسية,Al Romansiah,السعرات متاحة رسميًا على قائمة الفرع/التطبيق (إلزام SFDA منذ ١ يوليو ٢٠٢٥). الماكروز غير منشورة — تبقى فارغة.
QGAP-00395,الرومانسية - داقوس,Al Romansiah - Daqoos,الرومانسية,Al Romansiah,Al Romansiah,RESTAURANT,مطاعم,أكل سعودي,,,KSA,VERY_HIGH,P1,MISSING,,OFFICIAL_LOCAL_KCAL,Al Romansiah app (SFDA),,,,,,,,,,NONE,HIGH,الرومانسية,Al Romansiah,السعرات متاحة رسميًا على قائمة الفرع/التطبيق (إلزام SFDA منذ ١ يوليو ٢٠٢٥). الماكروز غير منشورة — تبقى فارغة.
QGAP-00396,الرومانسية - لقيمات,Al Romansiah - Luqaimat,الرومانسية,Al Romansiah,Al Romansiah,RESTAURANT,مطاعم,أكل سعودي,,,KSA,VERY_HIGH,P1,MISSING,,OFFICIAL_LOCAL_KCAL,Al Romansiah app (SFDA),,,,,,,,,,NONE,HIGH,الرومانسية,Al Romansiah,السعرات متاحة رسميًا على قائمة الفرع/التطبيق (إلزام SFDA منذ ١ يوليو ٢٠٢٥). الماكروز غير منشورة — تبقى فارغة.
QGAP-00397,الرومانسية - كنافة,Al Romansiah - Kunafa,الرومانسية,Al Romansiah,Al Romansiah,RESTAURANT,مطاعم,أكل سعودي,,,KSA,VERY_HIGH,P1,MISSING,,OFFICIAL_LOCAL_KCAL,Al Romansiah app (SFDA),,,,,,,,,,NONE,HIGH,الرومانسية,Al Romansiah,السعرات متاحة رسميًا على قائمة الفرع/التطبيق (إلزام SFDA منذ ١ يوليو ٢٠٢٥). الماكروز غير منشورة — تبقى فارغة.
QGAP-00398,الرومانسية - معصوب,Al Romansiah - Masoub,الرومانسية,Al Romansiah,Al Romansiah,RESTAURANT,مطاعم,أكل سعودي,,,KSA,VERY_HIGH,P1,MISSING,,OFFICIAL_LOCAL_KCAL,Al Romansiah app (SFDA),,,,,,,,,,NONE,HIGH,الرومانسية,Al Romansiah,السعرات متاحة رسميًا على قائمة الفرع/التطبيق (إلزام SFDA منذ ١ يوليو ٢٠٢٥). الماكروز غير منشورة — تبقى فارغة.
QGAP-00399,الرومانسية - عريكة,Al Romansiah - Areekah,الرومانسية,Al Romansiah,Al Romansiah,RESTAURANT,مطاعم,أكل سعودي,,,KSA,VERY_HIGH,P1,MISSING,,OFFICIAL_LOCAL_KCAL,Al Romansiah app (SFDA),,,,,,,,,,NONE,HIGH,الرومانسية,Al Romansiah,السعرات متاحة رسميًا على قائمة الفرع/التطبيق (إلزام SFDA منذ ١ يوليو ٢٠٢٥). الماكروز غير منشورة — تبقى فارغة.
QGAP-00400,الرومانسية - قهوة عربية,Al Romansiah - Arabic coffee,الرومانسية,Al Romansiah,Al Romansiah,RESTAURANT,مطاعم,أكل سعودي,,,KSA,VERY_HIGH,P1,EXISTS_GENERIC_ONLY,arabic-coffee · قهوة عربية,OFFICIAL_LOCAL_KCAL,Al Romansiah app (SFDA),,,,,,,,,,NONE,HIGH,الرومانسية,Al Romansiah,السعرات متاحة رسميًا على قائمة الفرع/التطبيق (إلزام SFDA منذ ١ يوليو ٢٠٢٥). الماكروز غير منشورة — تبقى فارغة.
QGAP-00401,الرومانسية - تمر,Al Romansiah - Dates,الرومانسية,Al Romansiah,Al Romansiah,RESTAURANT,مطاعم,أكل سعودي,,,KSA,VERY_HIGH,P1,MISSING,,OFFICIAL_LOCAL_KCAL,Al Romansiah app (SFDA),,,,,,,,,,NONE,HIGH,الرومانسية,Al Romansiah,السعرات متاحة رسميًا على قائمة الفرع/التطبيق (إلزام SFDA منذ ١ يوليو ٢٠٢٥). الماكروز غير منشورة — تبقى فارغة.
QGAP-00402,الرومانسية - مفطح لحم,Al Romansiah - Maftah lamb,الرومانسية,Al Romansiah,Al Romansiah,RESTAURANT,مطاعم,أكل سعودي,,,KSA,VERY_HIGH,P1,MISSING,,OFFICIAL_LOCAL_KCAL,Al Romansiah app (SFDA),,,,,,,,,,NONE,HIGH,الرومانسية,Al Romansiah,السعرات متاحة رسميًا على قائمة الفرع/التطبيق (إلزام SFDA منذ ١ يوليو ٢٠٢٥). الماكروز غير منشورة — تبقى فارغة.
QGAP-00403,الرومانسية - رز بخاري باللحم,Al Romansiah - Bukhari rice with lamb,الرومانسية,Al Romansiah,Al Romansiah,RESTAURANT,مطاعم,أكل سعودي,,,KSA,VERY_HIGH,P1,EXISTS_GENERIC_ONLY,sfct-11 · رز بخاري باللحم,OFFICIAL_LOCAL_KCAL,Al Romansiah app (SFDA),,,,,,,,,,NONE,HIGH,الرومانسية,Al Romansiah,السعرات متاحة رسميًا على قائمة الفرع/التطبيق (إلزام SFDA منذ ١ يوليو ٢٠٢٥). الماكروز غير منشورة — تبقى فارغة.
QGAP-00404,الرومانسية - صحن خضار مشوي,Al Romansiah - Grilled vegetables,الرومانسية,Al Romansiah,Al Romansiah,RESTAURANT,مطاعم,أكل سعودي,,,KSA,VERY_HIGH,P1,MISSING,,OFFICIAL_LOCAL_KCAL,Al Romansiah app (SFDA),,,,,,,,,,NONE,HIGH,الرومانسية,Al Romansiah,السعرات متاحة رسميًا على قائمة الفرع/التطبيق (إلزام SFDA منذ ١ يوليو ٢٠٢٥). الماكروز غير منشورة — تبقى فارغة.
QGAP-00405,شاورمر - شاورما دجاج عادي,Shawarmer - Regular chicken shawarma,شاورمر,Shawarmer,Shawarmer,RESTAURANT,مطاعم,شاورما,,,KSA,VERY_HIGH,P1,EXISTS_GENERIC_ONLY,shawarma-chicken · شاورما دجاج,OFFICIAL_LOCAL_KCAL,Shawarmer app (SFDA),,,,,,,,,,NONE,HIGH,شاورمر,Shawarmer,السعرات متاحة رسميًا على قائمة الفرع/التطبيق (إلزام SFDA منذ ١ يوليو ٢٠٢٥). الماكروز غير منشورة — تبقى فارغة.
QGAP-00406,شاورمر - شاورما دجاج سبيشال,Shawarmer - Special chicken shawarma,شاورمر,Shawarmer,Shawarmer,RESTAURANT,مطاعم,شاورما,,,KSA,VERY_HIGH,P1,EXISTS_GENERIC_ONLY,shawarma-chicken · شاورما دجاج,OFFICIAL_LOCAL_KCAL,Shawarmer app (SFDA),,,,,,,,,,NONE,HIGH,شاورمر,Shawarmer,السعرات متاحة رسميًا على قائمة الفرع/التطبيق (إلزام SFDA منذ ١ يوليو ٢٠٢٥). الماكروز غير منشورة — تبقى فارغة.
QGAP-00407,شاورمر - شاورمر ميكس,Shawarmer - Shawarmer mix,شاورمر,Shawarmer,Shawarmer,RESTAURANT,مطاعم,شاورما,,,KSA,VERY_HIGH,P1,MISSING,,OFFICIAL_LOCAL_KCAL,Shawarmer app (SFDA),,,,,,,,,,NONE,HIGH,شاورمر,Shawarmer,السعرات متاحة رسميًا على قائمة الفرع/التطبيق (إلزام SFDA منذ ١ يوليو ٢٠٢٥). الماكروز غير منشورة — تبقى فارغة.
QGAP-00408,شاورمر - صحن شاورما دجاج,Shawarmer - Chicken shawarma plate,شاورمر,Shawarmer,Shawarmer,RESTAURANT,مطاعم,شاورما,,,KSA,VERY_HIGH,P1,EXISTS_GENERIC_ONLY,r2-eat-015 · صحن شاورما دجاج,OFFICIAL_LOCAL_KCAL,Shawarmer app (SFDA),,,,,,,,,,NONE,HIGH,شاورمر,Shawarmer,السعرات متاحة رسميًا على قائمة الفرع/التطبيق (إلزام SFDA منذ ١ يوليو ٢٠٢٥). الماكروز غير منشورة — تبقى فارغة.
QGAP-00409,شاورمر - شاورما صاروخ,Shawarmer - Rocket shawarma,شاورمر,Shawarmer,Shawarmer,RESTAURANT,مطاعم,شاورما,,,KSA,VERY_HIGH,P1,MISSING,,OFFICIAL_LOCAL_KCAL,Shawarmer app (SFDA),,,,,,,,,,NONE,HIGH,شاورمر,Shawarmer,السعرات متاحة رسميًا على قائمة الفرع/التطبيق (إلزام SFDA منذ ١ يوليو ٢٠٢٥). الماكروز غير منشورة — تبقى فارغة.
QGAP-00410,شاورمر - شاورما بالجبن,Shawarmer - Cheese shawarma,شاورمر,Shawarmer,Shawarmer,RESTAURANT,مطاعم,شاورما,,,KSA,VERY_HIGH,P1,MISSING,,OFFICIAL_LOCAL_KCAL,Shawarmer app (SFDA),,,,,,,,,,NONE,HIGH,شاورمر,Shawarmer,السعرات متاحة رسميًا على قائمة الفرع/التطبيق (إلزام SFDA منذ ١ يوليو ٢٠٢٥). الماكروز غير منشورة — تبقى فارغة.
QGAP-00411,شاورمر - ساندويتش فلافل,Shawarmer - Falafel sandwich,شاورمر,Shawarmer,Shawarmer,RESTAURANT,مطاعم,شاورما,,,KSA,VERY_HIGH,P1,EXISTS_GENERIC_ONLY,falafel-sandwich · ساندويتش فلافل,OFFICIAL_LOCAL_KCAL,Shawarmer app (SFDA),,,,,,,,,,NONE,HIGH,شاورمر,Shawarmer,السعرات متاحة رسميًا على قائمة الفرع/التطبيق (إلزام SFDA منذ ١ يوليو ٢٠٢٥). الماكروز غير منشورة — تبقى فارغة.
QGAP-00412,شاورمر - حمص بالطحينة,Shawarmer - Hummus with tahini,شاورمر,Shawarmer,Shawarmer,RESTAURANT,مطاعم,شاورما,,,KSA,VERY_HIGH,P1,EXISTS_GENERIC_ONLY,gcc-21 · حمّص بالطحينة,OFFICIAL_LOCAL_KCAL,Shawarmer app (SFDA),,,,,,,,,,NONE,HIGH,شاورمر,Shawarmer,السعرات متاحة رسميًا على قائمة الفرع/التطبيق (إلزام SFDA منذ ١ يوليو ٢٠٢٥). الماكروز غير منشورة — تبقى فارغة.
QGAP-00413,شاورمر - فتوش,Shawarmer - Fattoush,شاورمر,Shawarmer,Shawarmer,RESTAURANT,مطاعم,شاورما,,,KSA,VERY_HIGH,P1,EXISTS_GENERIC_ONLY,fattoush · فتوش,OFFICIAL_LOCAL_KCAL,Shawarmer app (SFDA),,,,,,,,,,NONE,HIGH,شاورمر,Shawarmer,السعرات متاحة رسميًا على قائمة الفرع/التطبيق (إلزام SFDA منذ ١ يوليو ٢٠٢٥). الماكروز غير منشورة — تبقى فارغة.
QGAP-00414,شاورمر - تبولة,Shawarmer - Tabbouleh,شاورمر,Shawarmer,Shawarmer,RESTAURANT,مطاعم,شاورما,,,KSA,VERY_HIGH,P1,EXISTS_GENERIC_ONLY,tabbouleh · تبولة,OFFICIAL_LOCAL_KCAL,Shawarmer app (SFDA),,,,,,,,,,NONE,HIGH,شاورمر,Shawarmer,السعرات متاحة رسميًا على قائمة الفرع/التطبيق (إلزام SFDA منذ ١ يوليو ٢٠٢٥). الماكروز غير منشورة — تبقى فارغة.
QGAP-00415,شاورمر - كبة,Shawarmer - Kibbeh,شاورمر,Shawarmer,Shawarmer,RESTAURANT,مطاعم,شاورما,,,KSA,VERY_HIGH,P1,MISSING,,OFFICIAL_LOCAL_KCAL,Shawarmer app (SFDA),,,,,,,,,,NONE,HIGH,شاورمر,Shawarmer,السعرات متاحة رسميًا على قائمة الفرع/التطبيق (إلزام SFDA منذ ١ يوليو ٢٠٢٥). الماكروز غير منشورة — تبقى فارغة.
QGAP-00416,شاورمر - سمبوسة,Shawarmer - Samosa,شاورمر,Shawarmer,Shawarmer,RESTAURANT,مطاعم,شاورما,,,KSA,VERY_HIGH,P1,EXISTS_GENERIC_ONLY,samosa · سمبوسة,OFFICIAL_LOCAL_KCAL,Shawarmer app (SFDA),,,,,,,,,,NONE,HIGH,شاورمر,Shawarmer,السعرات متاحة رسميًا على قائمة الفرع/التطبيق (إلزام SFDA منذ ١ يوليو ٢٠٢٥). الماكروز غير منشورة — تبقى فارغة.
QGAP-00417,شاورمر - عصير ليمون نعناع,Shawarmer - Lemon mint juice,شاورمر,Shawarmer,Shawarmer,RESTAURANT,مطاعم,شاورما,,,KSA,VERY_HIGH,P1,EXISTS_GENERIC_ONLY,lemon-mint · ليمون نعناع,OFFICIAL_LOCAL_KCAL,Shawarmer app (SFDA),,,,,,,,,,NONE,HIGH,شاورمر,Shawarmer,السعرات متاحة رسميًا على قائمة الفرع/التطبيق (إلزام SFDA منذ ١ يوليو ٢٠٢٥). الماكروز غير منشورة — تبقى فارغة.
QGAP-00418,شاورمر - شاورما صحي (خبز أسمر),Shawarmer - Healthy brown bread shawarma,شاورمر,Shawarmer,Shawarmer,RESTAURANT,مطاعم,شاورما,,,KSA,VERY_HIGH,P1,MISSING,,OFFICIAL_LOCAL_KCAL,Shawarmer app (SFDA),,,,,,,,,,NONE,HIGH,شاورمر,Shawarmer,السعرات متاحة رسميًا على قائمة الفرع/التطبيق (إلزام SFDA منذ ١ يوليو ٢٠٢٥). الماكروز غير منشورة — تبقى فارغة.
QGAP-00419,شاورمر - وجبة شاورما عائلية,Shawarmer - Family shawarma meal,شاورمر,Shawarmer,Shawarmer,RESTAURANT,مطاعم,شاورما,,,KSA,VERY_HIGH,P1,MISSING,,OFFICIAL_LOCAL_KCAL,Shawarmer app (SFDA),,,,,,,,,,NONE,HIGH,شاورمر,Shawarmer,السعرات متاحة رسميًا على قائمة الفرع/التطبيق (إلزام SFDA منذ ١ يوليو ٢٠٢٥). الماكروز غير منشورة — تبقى فارغة.
QGAP-00420,شاورمر - مقبلات مشكلة,Shawarmer - Mixed appetizers,شاورمر,Shawarmer,Shawarmer,RESTAURANT,مطاعم,شاورما,,,KSA,VERY_HIGH,P1,MISSING,,OFFICIAL_LOCAL_KCAL,Shawarmer app (SFDA),,,,,,,,,,NONE,HIGH,شاورمر,Shawarmer,السعرات متاحة رسميًا على قائمة الفرع/التطبيق (إلزام SFDA منذ ١ يوليو ٢٠٢٥). الماكروز غير منشورة — تبقى فارغة.
QGAP-00421,شاورمر - شيش طاووق,Shawarmer - Shish tawook,شاورمر,Shawarmer,Shawarmer,RESTAURANT,مطاعم,شاورما,,,KSA,VERY_HIGH,P1,EXISTS_GENERIC_ONLY,shish-tawook-meal · شيش طاووق,OFFICIAL_LOCAL_KCAL,Shawarmer app (SFDA),,,,,,,,,,NONE,HIGH,شاورمر,Shawarmer,السعرات متاحة رسميًا على قائمة الفرع/التطبيق (إلزام SFDA منذ ١ يوليو ٢٠٢٥). الماكروز غير منشورة — تبقى فارغة.
QGAP-00422,ماما نورة - ساندويتش شاورما عربي,Mama Noura - Arabic shawarma sandwich,ماما نورة,Mama Noura,Mama Noura,RESTAURANT,مطاعم,شاورما,,,KSA,VERY_HIGH,P1,MISSING,,OFFICIAL_LOCAL_KCAL,Mama Noura menu (SFDA),,,,,,,,,,NONE,HIGH,ماما نورة,Mama Noura,السعرات متاحة رسميًا على قائمة الفرع/التطبيق (إلزام SFDA منذ ١ يوليو ٢٠٢٥). الماكروز غير منشورة — تبقى فارغة.
QGAP-00423,ماما نورة - صحن شاورما,Mama Noura - Shawarma plate,ماما نورة,Mama Noura,Mama Noura,RESTAURANT,مطاعم,شاورما,,,KSA,VERY_HIGH,P1,EXISTS_GENERIC_ONLY,shawarma-plate · شاورما صحن,OFFICIAL_LOCAL_KCAL,Mama Noura menu (SFDA),,,,,,,,,,NONE,HIGH,ماما نورة,Mama Noura,السعرات متاحة رسميًا على قائمة الفرع/التطبيق (إلزام SFDA منذ ١ يوليو ٢٠٢٥). الماكروز غير منشورة — تبقى فارغة.
QGAP-00424,ماما نورة - مشاوي مشكلة,Mama Noura - Mixed grill,ماما نورة,Mama Noura,Mama Noura,RESTAURANT,مطاعم,شاورما,,,KSA,VERY_HIGH,P1,MISSING,,OFFICIAL_LOCAL_KCAL,Mama Noura menu (SFDA),,,,,,,,,,NONE,HIGH,ماما نورة,Mama Noura,السعرات متاحة رسميًا على قائمة الفرع/التطبيق (إلزام SFDA منذ ١ يوليو ٢٠٢٥). الماكروز غير منشورة — تبقى فارغة.
QGAP-00425,ماما نورة - فتة حمص,Mama Noura - Fatteh hummus,ماما نورة,Mama Noura,Mama Noura,RESTAURANT,مطاعم,شاورما,,,KSA,VERY_HIGH,P1,MISSING,,OFFICIAL_LOCAL_KCAL,Mama Noura menu (SFDA),,,,,,,,,,NONE,HIGH,ماما نورة,Mama Noura,السعرات متاحة رسميًا على قائمة الفرع/التطبيق (إلزام SFDA منذ ١ يوليو ٢٠٢٥). الماكروز غير منشورة — تبقى فارغة.
QGAP-00426,ماما نورة - متبل باذنجان,Mama Noura - Baba ghanoush,ماما نورة,Mama Noura,Mama Noura,RESTAURANT,مطاعم,شاورما,,,KSA,VERY_HIGH,P1,EXISTS_GENERIC_ONLY,gcc-22 · بابا غنوج (متبّل باذنجان),OFFICIAL_LOCAL_KCAL,Mama Noura menu (SFDA),,,,,,,,,,NONE,HIGH,ماما نورة,Mama Noura,السعرات متاحة رسميًا على قائمة الفرع/التطبيق (إلزام SFDA منذ ١ يوليو ٢٠٢٥). الماكروز غير منشورة — تبقى فارغة.
QGAP-00427,ماما نورة - تبولة,Mama Noura - Tabbouleh,ماما نورة,Mama Noura,Mama Noura,RESTAURANT,مطاعم,شاورما,,,KSA,VERY_HIGH,P1,EXISTS_GENERIC_ONLY,tabbouleh · تبولة,OFFICIAL_LOCAL_KCAL,Mama Noura menu (SFDA),,,,,,,,,,NONE,HIGH,ماما نورة,Mama Noura,السعرات متاحة رسميًا على قائمة الفرع/التطبيق (إلزام SFDA منذ ١ يوليو ٢٠٢٥). الماكروز غير منشورة — تبقى فارغة.
QGAP-00428,ماما نورة - فتوش,Mama Noura - Fattoush,ماما نورة,Mama Noura,Mama Noura,RESTAURANT,مطاعم,شاورما,,,KSA,VERY_HIGH,P1,EXISTS_GENERIC_ONLY,fattoush · فتوش,OFFICIAL_LOCAL_KCAL,Mama Noura menu (SFDA),,,,,,,,,,NONE,HIGH,ماما نورة,Mama Noura,السعرات متاحة رسميًا على قائمة الفرع/التطبيق (إلزام SFDA منذ ١ يوليو ٢٠٢٥). الماكروز غير منشورة — تبقى فارغة.
QGAP-00429,ماما نورة - بطاطس مقلية,Mama Noura - French fries,ماما نورة,Mama Noura,Mama Noura,RESTAURANT,مطاعم,شاورما,,,KSA,VERY_HIGH,P1,EXISTS_GENERIC_ONLY,fries · بطاطس مقلية,OFFICIAL_LOCAL_KCAL,Mama Noura menu (SFDA),,,,,,,,,,NONE,HIGH,ماما نورة,Mama Noura,السعرات متاحة رسميًا على قائمة الفرع/التطبيق (إلزام SFDA منذ ١ يوليو ٢٠٢٥). الماكروز غير منشورة — تبقى فارغة.
QGAP-00430,ماما نورة - حمص,Mama Noura - Hummus,ماما نورة,Mama Noura,Mama Noura,RESTAURANT,مطاعم,شاورما,,,KSA,VERY_HIGH,P1,MISSING,,OFFICIAL_LOCAL_KCAL,Mama Noura menu (SFDA),,,,,,,,,,NONE,HIGH,ماما نورة,Mama Noura,السعرات متاحة رسميًا على قائمة الفرع/التطبيق (إلزام SFDA منذ ١ يوليو ٢٠٢٥). الماكروز غير منشورة — تبقى فارغة.
QGAP-00431,ماما نورة - كبة مقلية,Mama Noura - Fried kibbeh,ماما نورة,Mama Noura,Mama Noura,RESTAURANT,مطاعم,شاورما,,,KSA,VERY_HIGH,P1,EXISTS_GENERIC_ONLY,gcc-20 · كبّة مقلية,OFFICIAL_LOCAL_KCAL,Mama Noura menu (SFDA),,,,,,,,,,NONE,HIGH,ماما نورة,Mama Noura,السعرات متاحة رسميًا على قائمة الفرع/التطبيق (إلزام SFDA منذ ١ يوليو ٢٠٢٥). الماكروز غير منشورة — تبقى فارغة.
QGAP-00432,ماما نورة - سمبوسة لحم,Mama Noura - Meat samosa,ماما نورة,Mama Noura,Mama Noura,RESTAURANT,مطاعم,شاورما,,,KSA,VERY_HIGH,P1,EXISTS_GENERIC_ONLY,samosa-meat · سمبوسة لحم,OFFICIAL_LOCAL_KCAL,Mama Noura menu (SFDA),,,,,,,,,,NONE,HIGH,ماما نورة,Mama Noura,السعرات متاحة رسميًا على قائمة الفرع/التطبيق (إلزام SFDA منذ ١ يوليو ٢٠٢٥). الماكروز غير منشورة — تبقى فارغة.
QGAP-00433,ماما نورة - عصير كوكتيل,Mama Noura - Cocktail juice,ماما نورة,Mama Noura,Mama Noura,RESTAURANT,مطاعم,شاورما,,,KSA,VERY_HIGH,P1,MISSING,,OFFICIAL_LOCAL_KCAL,Mama Noura menu (SFDA),,,,,,,,,,NONE,HIGH,ماما نورة,Mama Noura,السعرات متاحة رسميًا على قائمة الفرع/التطبيق (إلزام SFDA منذ ١ يوليو ٢٠٢٥). الماكروز غير منشورة — تبقى فارغة.
QGAP-00434,ماما نورة - أرز بالشعيرية,Mama Noura - Rice with vermicelli,ماما نورة,Mama Noura,Mama Noura,RESTAURANT,مطاعم,شاورما,,,KSA,VERY_HIGH,P1,EXISTS_GENERIC_ONLY,rice-vermicelli · رز بشعيرية,OFFICIAL_LOCAL_KCAL,Mama Noura menu (SFDA),,,,,,,,,,NONE,HIGH,ماما نورة,Mama Noura,السعرات متاحة رسميًا على قائمة الفرع/التطبيق (إلزام SFDA منذ ١ يوليو ٢٠٢٥). الماكروز غير منشورة — تبقى فارغة.
QGAP-00435,برجرايزر - كلاسيك دبل,Burgerizzr - Classic double,برجرايزر,Burgerizzr,Burgerizzr,RESTAURANT,مطاعم,برجر,,,KSA,VERY_HIGH,P1,MISSING,,OFFICIAL_LOCAL_KCAL,Burgerizzr app (SFDA),,,,,,,,,,NONE,HIGH,برجرايزر,Burgerizzr,السعرات متاحة رسميًا على قائمة الفرع/التطبيق (إلزام SFDA منذ ١ يوليو ٢٠٢٥). الماكروز غير منشورة — تبقى فارغة.
QGAP-00436,برجرايزر - تشيز برجر,Burgerizzr - Cheeseburger,برجرايزر,Burgerizzr,Burgerizzr,RESTAURANT,مطاعم,برجر,,,KSA,VERY_HIGH,P1,MISSING,,OFFICIAL_LOCAL_KCAL,Burgerizzr app (SFDA),,,,,,,,,,NONE,HIGH,برجرايزر,Burgerizzr,السعرات متاحة رسميًا على قائمة الفرع/التطبيق (إلزام SFDA منذ ١ يوليو ٢٠٢٥). الماكروز غير منشورة — تبقى فارغة.
QGAP-00437,برجرايزر - مشروم سويس,Burgerizzr - Mushroom Swiss,برجرايزر,Burgerizzr,Burgerizzr,RESTAURANT,مطاعم,برجر,,,KSA,VERY_HIGH,P1,MISSING,,OFFICIAL_LOCAL_KCAL,Burgerizzr app (SFDA),,,,,,,,,,NONE,HIGH,برجرايزر,Burgerizzr,السعرات متاحة رسميًا على قائمة الفرع/التطبيق (إلزام SFDA منذ ١ يوليو ٢٠٢٥). الماكروز غير منشورة — تبقى فارغة.
QGAP-00438,برجرايزر - برجر حار,Burgerizzr - Spicy burger,برجرايزر,Burgerizzr,Burgerizzr,RESTAURANT,مطاعم,برجر,,,KSA,VERY_HIGH,P1,MISSING,,OFFICIAL_LOCAL_KCAL,Burgerizzr app (SFDA),,,,,,,,,,NONE,HIGH,برجرايزر,Burgerizzr,السعرات متاحة رسميًا على قائمة الفرع/التطبيق (إلزام SFDA منذ ١ يوليو ٢٠٢٥). الماكروز غير منشورة — تبقى فارغة.
QGAP-00439,برجرايزر - تشيكن ستربس,Burgerizzr - Chicken strips,برجرايزر,Burgerizzr,Burgerizzr,RESTAURANT,مطاعم,برجر,,,KSA,VERY_HIGH,P1,MISSING,,OFFICIAL_LOCAL_KCAL,Burgerizzr app (SFDA),,,,,,,,,,NONE,HIGH,برجرايزر,Burgerizzr,السعرات متاحة رسميًا على قائمة الفرع/التطبيق (إلزام SFDA منذ ١ يوليو ٢٠٢٥). الماكروز غير منشورة — تبقى فارغة.
QGAP-00440,برجرايزر - بطاطس بالجبن,Burgerizzr - Cheese fries,برجرايزر,Burgerizzr,Burgerizzr,RESTAURANT,مطاعم,برجر,,,KSA,VERY_HIGH,P1,EXISTS_GENERIC_ONLY,loaded-fries · بطاطس بالجبن,OFFICIAL_LOCAL_KCAL,Burgerizzr app (SFDA),,,,,,,,,,NONE,HIGH,برجرايزر,Burgerizzr,السعرات متاحة رسميًا على قائمة الفرع/التطبيق (إلزام SFDA منذ ١ يوليو ٢٠٢٥). الماكروز غير منشورة — تبقى فارغة.
QGAP-00441,برجرايزر - بطاطس كبيرة,Burgerizzr - Large fries,برجرايزر,Burgerizzr,Burgerizzr,RESTAURANT,مطاعم,برجر,,,KSA,VERY_HIGH,P1,MISSING,,OFFICIAL_LOCAL_KCAL,Burgerizzr app (SFDA),,,,,,,,,,NONE,HIGH,برجرايزر,Burgerizzr,السعرات متاحة رسميًا على قائمة الفرع/التطبيق (إلزام SFDA منذ ١ يوليو ٢٠٢٥). الماكروز غير منشورة — تبقى فارغة.
QGAP-00442,برجرايزر - ميلك شيك,Burgerizzr - Milkshake,برجرايزر,Burgerizzr,Burgerizzr,RESTAURANT,مطاعم,برجر,,,KSA,VERY_HIGH,P1,EXISTS_GENERIC_ONLY,milkshake · ميلك شيك,OFFICIAL_LOCAL_KCAL,Burgerizzr app (SFDA),,,,,,,,,,NONE,HIGH,برجرايزر,Burgerizzr,السعرات متاحة رسميًا على قائمة الفرع/التطبيق (إلزام SFDA منذ ١ يوليو ٢٠٢٥). الماكروز غير منشورة — تبقى فارغة.
QGAP-00443,برجرايزر - حلقات بصل,Burgerizzr - Onion rings,برجرايزر,Burgerizzr,Burgerizzr,RESTAURANT,مطاعم,برجر,,,KSA,VERY_HIGH,P1,EXISTS_GENERIC_ONLY,onion-rings · حلقات بصل,OFFICIAL_LOCAL_KCAL,Burgerizzr app (SFDA),,,,,,,,,,NONE,HIGH,برجرايزر,Burgerizzr,السعرات متاحة رسميًا على قائمة الفرع/التطبيق (إلزام SFDA منذ ١ يوليو ٢٠٢٥). الماكروز غير منشورة — تبقى فارغة.
QGAP-00444,برجرايزر - صوص برجرايزر,Burgerizzr - Burgerizzr sauce,برجرايزر,Burgerizzr,Burgerizzr,RESTAURANT,مطاعم,برجر,,,KSA,VERY_HIGH,P1,MISSING,,OFFICIAL_LOCAL_KCAL,Burgerizzr app (SFDA),,,,,,,,,,NONE,HIGH,برجرايزر,Burgerizzr,السعرات متاحة رسميًا على قائمة الفرع/التطبيق (إلزام SFDA منذ ١ يوليو ٢٠٢٥). الماكروز غير منشورة — تبقى فارغة.
QGAP-00445,برجرايزر - وجبة كومبو,Burgerizzr - Combo meal,برجرايزر,Burgerizzr,Burgerizzr,RESTAURANT,مطاعم,برجر,,,KSA,VERY_HIGH,P1,MISSING,,OFFICIAL_LOCAL_KCAL,Burgerizzr app (SFDA),,,,,,,,,,NONE,HIGH,برجرايزر,Burgerizzr,السعرات متاحة رسميًا على قائمة الفرع/التطبيق (إلزام SFDA منذ ١ يوليو ٢٠٢٥). الماكروز غير منشورة — تبقى فارغة.
QGAP-00446,ماسترو بيتزا - بيتزا مارغريتا وسط,Maestro Pizza - Margherita medium,ماسترو بيتزا,Maestro Pizza,Maestro Pizza,RESTAURANT,مطاعم,بيتزا,,,KSA,VERY_HIGH,P1,MISSING,,OFFICIAL_LOCAL_KCAL,Maestro Pizza app (SFDA),,,,,,,,,,NONE,HIGH,ماسترو بيتزا,Maestro Pizza,السعرات متاحة رسميًا على قائمة الفرع/التطبيق (إلزام SFDA منذ ١ يوليو ٢٠٢٥). الماكروز غير منشورة — تبقى فارغة.
QGAP-00447,ماسترو بيتزا - بيتزا ببروني كبيرة,Maestro Pizza - Pepperoni large,ماسترو بيتزا,Maestro Pizza,Maestro Pizza,RESTAURANT,مطاعم,بيتزا,,,KSA,VERY_HIGH,P1,MISSING,,OFFICIAL_LOCAL_KCAL,Maestro Pizza app (SFDA),,,,,,,,,,NONE,HIGH,ماسترو بيتزا,Maestro Pizza,السعرات متاحة رسميًا على قائمة الفرع/التطبيق (إلزام SFDA منذ ١ يوليو ٢٠٢٥). الماكروز غير منشورة — تبقى فارغة.
QGAP-00448,ماسترو بيتزا - بيتزا دجاج رانش,Maestro Pizza - Chicken ranch pizza,ماسترو بيتزا,Maestro Pizza,Maestro Pizza,RESTAURANT,مطاعم,بيتزا,,,KSA,VERY_HIGH,P1,MISSING,,OFFICIAL_LOCAL_KCAL,Maestro Pizza app (SFDA),,,,,,,,,,NONE,HIGH,ماسترو بيتزا,Maestro Pizza,السعرات متاحة رسميًا على قائمة الفرع/التطبيق (إلزام SFDA منذ ١ يوليو ٢٠٢٥). الماكروز غير منشورة — تبقى فارغة.
QGAP-00449,ماسترو بيتزا - بيتزا سوبر سوبريم,Maestro Pizza - Super supreme pizza,ماسترو بيتزا,Maestro Pizza,Maestro Pizza,RESTAURANT,مطاعم,بيتزا,,,KSA,VERY_HIGH,P1,MISSING,,OFFICIAL_LOCAL_KCAL,Maestro Pizza app (SFDA),,,,,,,,,,NONE,HIGH,ماسترو بيتزا,Maestro Pizza,السعرات متاحة رسميًا على قائمة الفرع/التطبيق (إلزام SFDA منذ ١ يوليو ٢٠٢٥). الماكروز غير منشورة — تبقى فارغة.
QGAP-00450,ماسترو بيتزا - بيتزا خضار,Maestro Pizza - Veggie pizza,ماسترو بيتزا,Maestro Pizza,Maestro Pizza,RESTAURANT,مطاعم,بيتزا,,,KSA,VERY_HIGH,P1,MISSING,,OFFICIAL_LOCAL_KCAL,Maestro Pizza app (SFDA),,,,,,,,,,NONE,HIGH,ماسترو بيتزا,Maestro Pizza,السعرات متاحة رسميًا على قائمة الفرع/التطبيق (إلزام SFDA منذ ١ يوليو ٢٠٢٥). الماكروز غير منشورة — تبقى فارغة.
QGAP-00451,ماسترو بيتزا - بيتزا باربكيو دجاج,Maestro Pizza - BBQ chicken pizza,ماسترو بيتزا,Maestro Pizza,Maestro Pizza,RESTAURANT,مطاعم,بيتزا,,,KSA,VERY_HIGH,P1,MISSING,,OFFICIAL_LOCAL_KCAL,Maestro Pizza app (SFDA),,,,,,,,,,NONE,HIGH,ماسترو بيتزا,Maestro Pizza,السعرات متاحة رسميًا على قائمة الفرع/التطبيق (إلزام SFDA منذ ١ يوليو ٢٠٢٥). الماكروز غير منشورة — تبقى فارغة.
QGAP-00452,ماسترو بيتزا - بيتزا فور شيز,Maestro Pizza - Four cheese pizza,ماسترو بيتزا,Maestro Pizza,Maestro Pizza,RESTAURANT,مطاعم,بيتزا,,,KSA,VERY_HIGH,P1,MISSING,,OFFICIAL_LOCAL_KCAL,Maestro Pizza app (SFDA),,,,,,,,,,NONE,HIGH,ماسترو بيتزا,Maestro Pizza,السعرات متاحة رسميًا على قائمة الفرع/التطبيق (إلزام SFDA منذ ١ يوليو ٢٠٢٥). الماكروز غير منشورة — تبقى فارغة.
QGAP-00453,ماسترو بيتزا - عيدان الجبن,Maestro Pizza - Cheese sticks,ماسترو بيتزا,Maestro Pizza,Maestro Pizza,RESTAURANT,مطاعم,بيتزا,,,KSA,VERY_HIGH,P1,MISSING,,OFFICIAL_LOCAL_KCAL,Maestro Pizza app (SFDA),,,,,,,,,,NONE,HIGH,ماسترو بيتزا,Maestro Pizza,السعرات متاحة رسميًا على قائمة الفرع/التطبيق (إلزام SFDA منذ ١ يوليو ٢٠٢٥). الماكروز غير منشورة — تبقى فارغة.
QGAP-00454,ماسترو بيتزا - خبز بالثوم,Maestro Pizza - Garlic bread,ماسترو بيتزا,Maestro Pizza,Maestro Pizza,RESTAURANT,مطاعم,بيتزا,,,KSA,VERY_HIGH,P1,MISSING,,OFFICIAL_LOCAL_KCAL,Maestro Pizza app (SFDA),,,,,,,,,,NONE,HIGH,ماسترو بيتزا,Maestro Pizza,السعرات متاحة رسميًا على قائمة الفرع/التطبيق (إلزام SFDA منذ ١ يوليو ٢٠٢٥). الماكروز غير منشورة — تبقى فارغة.
QGAP-00455,ماسترو بيتزا - أجنحة دجاج حارة,Maestro Pizza - Spicy chicken wings,ماسترو بيتزا,Maestro Pizza,Maestro Pizza,RESTAURANT,مطاعم,بيتزا,,,KSA,VERY_HIGH,P1,MISSING,,OFFICIAL_LOCAL_KCAL,Maestro Pizza app (SFDA),,,,,,,,,,NONE,HIGH,ماسترو بيتزا,Maestro Pizza,السعرات متاحة رسميًا على قائمة الفرع/التطبيق (إلزام SFDA منذ ١ يوليو ٢٠٢٥). الماكروز غير منشورة — تبقى فارغة.
QGAP-00456,ماسترو بيتزا - بطاطس ودجز,Maestro Pizza - Potato wedges,ماسترو بيتزا,Maestro Pizza,Maestro Pizza,RESTAURANT,مطاعم,بيتزا,,,KSA,VERY_HIGH,P1,MISSING,,OFFICIAL_LOCAL_KCAL,Maestro Pizza app (SFDA),,,,,,,,,,NONE,HIGH,ماسترو بيتزا,Maestro Pizza,السعرات متاحة رسميًا على قائمة الفرع/التطبيق (إلزام SFDA منذ ١ يوليو ٢٠٢٥). الماكروز غير منشورة — تبقى فارغة.
QGAP-00457,ماسترو بيتزا - سلطة سيزر,Maestro Pizza - Caesar salad,ماسترو بيتزا,Maestro Pizza,Maestro Pizza,RESTAURANT,مطاعم,بيتزا,,,KSA,VERY_HIGH,P1,MISSING,,OFFICIAL_LOCAL_KCAL,Maestro Pizza app (SFDA),,,,,,,,,,NONE,HIGH,ماسترو بيتزا,Maestro Pizza,السعرات متاحة رسميًا على قائمة الفرع/التطبيق (إلزام SFDA منذ ١ يوليو ٢٠٢٥). الماكروز غير منشورة — تبقى فارغة.
QGAP-00458,ماسترو بيتزا - حلى لافا كيك,Maestro Pizza - Lava cake,ماسترو بيتزا,Maestro Pizza,Maestro Pizza,RESTAURANT,مطاعم,بيتزا,,,KSA,VERY_HIGH,P1,MISSING,,OFFICIAL_LOCAL_KCAL,Maestro Pizza app (SFDA),,,,,,,,,,NONE,HIGH,ماسترو بيتزا,Maestro Pizza,السعرات متاحة رسميًا على قائمة الفرع/التطبيق (إلزام SFDA منذ ١ يوليو ٢٠٢٥). الماكروز غير منشورة — تبقى فارغة.
QGAP-00459,ماسترو بيتزا - كولا,Maestro Pizza - Cola,ماسترو بيتزا,Maestro Pizza,Maestro Pizza,RESTAURANT,مطاعم,بيتزا,,,KSA,VERY_HIGH,P1,MISSING,,OFFICIAL_LOCAL_KCAL,Maestro Pizza app (SFDA),,,,,,,,,,NONE,HIGH,ماسترو بيتزا,Maestro Pizza,السعرات متاحة رسميًا على قائمة الفرع/التطبيق (إلزام SFDA منذ ١ يوليو ٢٠٢٥). الماكروز غير منشورة — تبقى فارغة.
QGAP-00460,ماسترو بيتزا - بيتزا كرست محشي,Maestro Pizza - Stuffed crust pizza,ماسترو بيتزا,Maestro Pizza,Maestro Pizza,RESTAURANT,مطاعم,بيتزا,,,KSA,VERY_HIGH,P1,MISSING,,OFFICIAL_LOCAL_KCAL,Maestro Pizza app (SFDA),,,,,,,,,,NONE,HIGH,ماسترو بيتزا,Maestro Pizza,السعرات متاحة رسميًا على قائمة الفرع/التطبيق (إلزام SFDA منذ ١ يوليو ٢٠٢٥). الماكروز غير منشورة — تبقى فارغة.
QGAP-00461,ماكدونالدز - ماك رويال ديلوكس,McDonald's - McRoyale Deluxe,ماكدونالدز,McDonald's,McDonald's,RESTAURANT,مطاعم,برجر,,,KSA,VERY_HIGH,P0,MISSING,,OFFICIAL_LOCAL,McDonald's Arabia nutrition (KSA),https://www.mcdonalds.com/content/dam/sites/ArabiaGWS/english/nfl/html/nutrition-info-jeddah-en-new.pdf,,,,,,,,,NONE,HIGH,ماكدونالدز,McDonald's,
QGAP-00462,ماكدونالدز - دبل تشيز برجر,McDonald's - Double Cheeseburger,ماكدونالدز,McDonald's,McDonald's,RESTAURANT,مطاعم,برجر,,,KSA,VERY_HIGH,P0,EXISTS_GENERIC_ONLY,double-cheeseburger · برجر دبل تشيز,OFFICIAL_LOCAL,McDonald's Arabia nutrition (KSA),https://www.mcdonalds.com/content/dam/sites/ArabiaGWS/english/nfl/html/nutrition-info-jeddah-en-new.pdf,,,,,,,,,NONE,HIGH,ماكدونالدز,McDonald's,
QGAP-00463,ماكدونالدز - تشيكن ماك دو,McDonald's - Chicken McDo,ماكدونالدز,McDonald's,McDonald's,RESTAURANT,مطاعم,برجر,,,KSA,VERY_HIGH,P0,MISSING,,OFFICIAL_LOCAL,McDonald's Arabia nutrition (KSA),https://www.mcdonalds.com/content/dam/sites/ArabiaGWS/english/nfl/html/nutrition-info-jeddah-en-new.pdf,,,,,,,,,NONE,HIGH,ماكدونالدز,McDonald's,
QGAP-00464,ماكدونالدز - ماك أرابيا دجاج,McDonald's - McArabia Chicken,ماكدونالدز,McDonald's,McDonald's,RESTAURANT,مطاعم,برجر,,,KSA,VERY_HIGH,P0,MISSING,,OFFICIAL_LOCAL,McDonald's Arabia nutrition (KSA),https://www.mcdonalds.com/content/dam/sites/ArabiaGWS/english/nfl/html/nutrition-info-jeddah-en-new.pdf,,,,,,,,,NONE,HIGH,ماكدونالدز,McDonald's,
QGAP-00465,ماكدونالدز - ماك أرابيا كفتة,McDonald's - McArabia Kofta,ماكدونالدز,McDonald's,McDonald's,RESTAURANT,مطاعم,برجر,,,KSA,VERY_HIGH,P0,MISSING,,OFFICIAL_LOCAL,McDonald's Arabia nutrition (KSA),https://www.mcdonalds.com/content/dam/sites/ArabiaGWS/english/nfl/html/nutrition-info-jeddah-en-new.pdf,,,,,,,,,NONE,HIGH,ماكدونالدز,McDonald's,
QGAP-00466,ماكدونالدز - جبن برجر,McDonald's - Cheeseburger,ماكدونالدز,McDonald's,McDonald's,RESTAURANT,مطاعم,برجر,,,KSA,VERY_HIGH,P0,MISSING,,OFFICIAL_LOCAL,McDonald's Arabia nutrition (KSA),https://www.mcdonalds.com/content/dam/sites/ArabiaGWS/english/nfl/html/nutrition-info-jeddah-en-new.pdf,,,,,,,,,NONE,HIGH,ماكدونالدز,McDonald's,
QGAP-00467,ماكدونالدز - هامبرجر,McDonald's - Hamburger,ماكدونالدز,McDonald's,McDonald's,RESTAURANT,مطاعم,برجر,,,KSA,VERY_HIGH,P0,MISSING,,OFFICIAL_LOCAL,McDonald's Arabia nutrition (KSA),https://www.mcdonalds.com/content/dam/sites/ArabiaGWS/english/nfl/html/nutrition-info-jeddah-en-new.pdf,,,,,,,,,NONE,HIGH,ماكدونالدز,McDonald's,
QGAP-00468,ماكدونالدز - ناجتس 9 قطع,McDonald's - McNuggets 9 pcs,ماكدونالدز,McDonald's,McDonald's,RESTAURANT,مطاعم,برجر,,,KSA,VERY_HIGH,P0,MISSING,,OFFICIAL_LOCAL,McDonald's Arabia nutrition (KSA),https://www.mcdonalds.com/content/dam/sites/ArabiaGWS/english/nfl/html/nutrition-info-jeddah-en-new.pdf,,,,,,,,,NONE,HIGH,ماكدونالدز,McDonald's,
QGAP-00469,ماكدونالدز - ناجتس 20 قطعة,McDonald's - McNuggets 20 pcs,ماكدونالدز,McDonald's,McDonald's,RESTAURANT,مطاعم,برجر,,,KSA,VERY_HIGH,P0,MISSING,,OFFICIAL_LOCAL,McDonald's Arabia nutrition (KSA),https://www.mcdonalds.com/content/dam/sites/ArabiaGWS/english/nfl/html/nutrition-info-jeddah-en-new.pdf,,,,,,,,,NONE,HIGH,ماكدونالدز,McDonald's,
QGAP-00470,ماكدونالدز - ماك فلوري أوريو,McDonald's - McFlurry Oreo,ماكدونالدز,McDonald's,McDonald's,RESTAURANT,مطاعم,برجر,,,KSA,VERY_HIGH,P0,MISSING,,OFFICIAL_LOCAL,McDonald's Arabia nutrition (KSA),https://www.mcdonalds.com/content/dam/sites/ArabiaGWS/english/nfl/html/nutrition-info-jeddah-en-new.pdf,,,,,,,,,NONE,HIGH,ماكدونالدز,McDonald's,
QGAP-00471,ماكدونالدز - ساندويتش فطور مافن بالبيض,McDonald's - Egg McMuffin,ماكدونالدز,McDonald's,McDonald's,RESTAURANT,مطاعم,برجر,,,KSA,VERY_HIGH,P0,MISSING,,OFFICIAL_LOCAL,McDonald's Arabia nutrition (KSA),https://www.mcdonalds.com/content/dam/sites/ArabiaGWS/english/nfl/html/nutrition-info-jeddah-en-new.pdf,,,,,,,,,NONE,HIGH,ماكدونالدز,McDonald's,
QGAP-00472,ماكدونالدز - هوت كيك,McDonald's - Hotcakes,ماكدونالدز,McDonald's,McDonald's,RESTAURANT,مطاعم,برجر,,,KSA,VERY_HIGH,P0,MISSING,,OFFICIAL_LOCAL,McDonald's Arabia nutrition (KSA),https://www.mcdonalds.com/content/dam/sites/ArabiaGWS/english/nfl/html/nutrition-info-jeddah-en-new.pdf,,,,,,,,,NONE,HIGH,ماكدونالدز,McDonald's,
QGAP-00473,ماكدونالدز - هاش براون,McDonald's - Hash brown,ماكدونالدز,McDonald's,McDonald's,RESTAURANT,مطاعم,برجر,,,KSA,VERY_HIGH,P0,MISSING,,OFFICIAL_LOCAL,McDonald's Arabia nutrition (KSA),https://www.mcdonalds.com/content/dam/sites/ArabiaGWS/english/nfl/html/nutrition-info-jeddah-en-new.pdf,,,,,,,,,NONE,HIGH,ماكدونالدز,McDonald's,
QGAP-00474,ماكدونالدز - ماك شيكن سبايسي,McDonald's - Spicy McChicken,ماكدونالدز,McDonald's,McDonald's,RESTAURANT,مطاعم,برجر,,,KSA,VERY_HIGH,P0,MISSING,,OFFICIAL_LOCAL,McDonald's Arabia nutrition (KSA),https://www.mcdonalds.com/content/dam/sites/ArabiaGWS/english/nfl/html/nutrition-info-jeddah-en-new.pdf,,,,,,,,,NONE,HIGH,ماكدونالدز,McDonald's,
QGAP-00475,ماكدونالدز - سلطة دجاج مشوي,McDonald's - Grilled chicken salad,ماكدونالدز,McDonald's,McDonald's,RESTAURANT,مطاعم,برجر,,,KSA,VERY_HIGH,P0,MISSING,,OFFICIAL_LOCAL,McDonald's Arabia nutrition (KSA),https://www.mcdonalds.com/content/dam/sites/ArabiaGWS/english/nfl/html/nutrition-info-jeddah-en-new.pdf,,,,,,,,,NONE,HIGH,ماكدونالدز,McDonald's,
QGAP-00476,ماكدونالدز - آيس كريم كون,McDonald's - Ice cream cone,ماكدونالدز,McDonald's,McDonald's,RESTAURANT,مطاعم,برجر,,,KSA,VERY_HIGH,P0,MISSING,,OFFICIAL_LOCAL,McDonald's Arabia nutrition (KSA),https://www.mcdonalds.com/content/dam/sites/ArabiaGWS/english/nfl/html/nutrition-info-jeddah-en-new.pdf,,,,,,,,,NONE,HIGH,ماكدونالدز,McDonald's,
QGAP-00477,ماكدونالدز - ميلك شيك فراولة,McDonald's - Strawberry milkshake,ماكدونالدز,McDonald's,McDonald's,RESTAURANT,مطاعم,برجر,,,KSA,VERY_HIGH,P0,MISSING,,OFFICIAL_LOCAL,McDonald's Arabia nutrition (KSA),https://www.mcdonalds.com/content/dam/sites/ArabiaGWS/english/nfl/html/nutrition-info-jeddah-en-new.pdf,,,,,,,,,NONE,HIGH,ماكدونالدز,McDonald's,
QGAP-00478,ماكدونالدز - قهوة ماك كافيه لاتيه,McDonald's - McCafé Latte,ماكدونالدز,McDonald's,McDonald's,RESTAURANT,مطاعم,برجر,,,KSA,VERY_HIGH,P0,MISSING,,OFFICIAL_LOCAL,McDonald's Arabia nutrition (KSA),https://www.mcdonalds.com/content/dam/sites/ArabiaGWS/english/nfl/html/nutrition-info-jeddah-en-new.pdf,,,,,,,,,NONE,HIGH,ماكدونالدز,McDonald's,
QGAP-00479,ماكدونالدز - فرابيه كراميل,McDonald's - Caramel Frappé,ماكدونالدز,McDonald's,McDonald's,RESTAURANT,مطاعم,برجر,,,KSA,VERY_HIGH,P0,MISSING,,OFFICIAL_LOCAL,McDonald's Arabia nutrition (KSA),https://www.mcdonalds.com/content/dam/sites/ArabiaGWS/english/nfl/html/nutrition-info-jeddah-en-new.pdf,,,,,,,,,NONE,HIGH,ماكدونالدز,McDonald's,
QGAP-00480,ماكدونالدز - باي التفاح,McDonald's - Apple pie,ماكدونالدز,McDonald's,McDonald's,RESTAURANT,مطاعم,برجر,,,KSA,VERY_HIGH,P0,MISSING,,OFFICIAL_LOCAL,McDonald's Arabia nutrition (KSA),https://www.mcdonalds.com/content/dam/sites/ArabiaGWS/english/nfl/html/nutrition-info-jeddah-en-new.pdf,,,,,,,,,NONE,HIGH,ماكدونالدز,McDonald's,
QGAP-00481,ماكدونالدز - وجبة هابي ميل,McDonald's - Happy Meal,ماكدونالدز,McDonald's,McDonald's,RESTAURANT,مطاعم,برجر,,,KSA,VERY_HIGH,P0,MISSING,,OFFICIAL_LOCAL,McDonald's Arabia nutrition (KSA),https://www.mcdonalds.com/content/dam/sites/ArabiaGWS/english/nfl/html/nutrition-info-jeddah-en-new.pdf,,,,,,,,,NONE,HIGH,ماكدونالدز,McDonald's,
QGAP-00482,ماكدونالدز - ماك ريب,McDonald's - McRib,ماكدونالدز,McDonald's,McDonald's,RESTAURANT,مطاعم,برجر,,,KSA,VERY_HIGH,P0,MISSING,,OFFICIAL_LOCAL,McDonald's Arabia nutrition (KSA),https://www.mcdonalds.com/content/dam/sites/ArabiaGWS/english/nfl/html/nutrition-info-jeddah-en-new.pdf,,,,,,,,,NONE,HIGH,ماكدونالدز,McDonald's,
QGAP-00483,ماكدونالدز - دجاج مقرمش ساندويتش,McDonald's - Crispy chicken sandwich,ماكدونالدز,McDonald's,McDonald's,RESTAURANT,مطاعم,برجر,,,KSA,VERY_HIGH,P0,EXISTS_GENERIC_ONLY,zinger-sandwich · زنجر دجاج,OFFICIAL_LOCAL,McDonald's Arabia nutrition (KSA),https://www.mcdonalds.com/content/dam/sites/ArabiaGWS/english/nfl/html/nutrition-info-jeddah-en-new.pdf,,,,,,,,,NONE,HIGH,ماكدونالدز,McDonald's,
QGAP-00484,برجر كنج - وابر بالجبن,Burger King - Whopper with cheese,برجر كنج,Burger King,Burger King,RESTAURANT,مطاعم,برجر,,,KSA,VERY_HIGH,P1,EXISTS_GENERIC_ONLY,bk-whopper · برجر كنج - وابر,OFFICIAL_LOCAL_KCAL,Burger King KSA menu (SFDA),,,,,,,,,,NONE,HIGH,برجر كنج,Burger King,السعرات متاحة رسميًا على قائمة الفرع/التطبيق (إلزام SFDA منذ ١ يوليو ٢٠٢٥). الماكروز غير منشورة — تبقى فارغة.
QGAP-00485,برجر كنج - تشيكن كرسبي,Burger King - Crispy chicken,برجر كنج,Burger King,Burger King,RESTAURANT,مطاعم,برجر,,,KSA,VERY_HIGH,P1,MISSING,,OFFICIAL_LOCAL_KCAL,Burger King KSA menu (SFDA),,,,,,,,,,NONE,HIGH,برجر كنج,Burger King,السعرات متاحة رسميًا على قائمة الفرع/التطبيق (إلزام SFDA منذ ١ يوليو ٢٠٢٥). الماكروز غير منشورة — تبقى فارغة.
QGAP-00486,برجر كنج - ستيك هاوس برجر,Burger King - Steakhouse burger,برجر كنج,Burger King,Burger King,RESTAURANT,مطاعم,برجر,,,KSA,VERY_HIGH,P1,MISSING,,OFFICIAL_LOCAL_KCAL,Burger King KSA menu (SFDA),,,,,,,,,,NONE,HIGH,برجر كنج,Burger King,السعرات متاحة رسميًا على قائمة الفرع/التطبيق (إلزام SFDA منذ ١ يوليو ٢٠٢٥). الماكروز غير منشورة — تبقى فارغة.
QGAP-00487,برجر كنج - كينج دبل تشيز,Burger King - King double cheese,برجر كنج,Burger King,Burger King,RESTAURANT,مطاعم,برجر,,,KSA,VERY_HIGH,P1,MISSING,,OFFICIAL_LOCAL_KCAL,Burger King KSA menu (SFDA),,,,,,,,,,NONE,HIGH,برجر كنج,Burger King,السعرات متاحة رسميًا على قائمة الفرع/التطبيق (إلزام SFDA منذ ١ يوليو ٢٠٢٥). الماكروز غير منشورة — تبقى فارغة.
QGAP-00488,برجر كنج - ناجتس 10 قطع,Burger King - Nuggets 10 pcs,برجر كنج,Burger King,Burger King,RESTAURANT,مطاعم,برجر,,,KSA,VERY_HIGH,P1,MISSING,,OFFICIAL_LOCAL_KCAL,Burger King KSA menu (SFDA),,,,,,,,,,NONE,HIGH,برجر كنج,Burger King,السعرات متاحة رسميًا على قائمة الفرع/التطبيق (إلزام SFDA منذ ١ يوليو ٢٠٢٥). الماكروز غير منشورة — تبقى فارغة.
QGAP-00489,برجر كنج - بطاطس كبيرة,Burger King - Large fries,برجر كنج,Burger King,Burger King,RESTAURANT,مطاعم,برجر,,,KSA,VERY_HIGH,P1,MISSING,,OFFICIAL_LOCAL_KCAL,Burger King KSA menu (SFDA),,,,,,,,,,NONE,HIGH,برجر كنج,Burger King,السعرات متاحة رسميًا على قائمة الفرع/التطبيق (إلزام SFDA منذ ١ يوليو ٢٠٢٥). الماكروز غير منشورة — تبقى فارغة.
QGAP-00490,برجر كنج - حلقات بصل,Burger King - Onion rings,برجر كنج,Burger King,Burger King,RESTAURANT,مطاعم,برجر,,,KSA,VERY_HIGH,P1,EXISTS_GENERIC_ONLY,onion-rings · حلقات بصل,OFFICIAL_LOCAL_KCAL,Burger King KSA menu (SFDA),,,,,,,,,,NONE,HIGH,برجر كنج,Burger King,السعرات متاحة رسميًا على قائمة الفرع/التطبيق (إلزام SFDA منذ ١ يوليو ٢٠٢٥). الماكروز غير منشورة — تبقى فارغة.
QGAP-00491,برجر كنج - ساندويتش سمك,Burger King - Fish sandwich,برجر كنج,Burger King,Burger King,RESTAURANT,مطاعم,برجر,,,KSA,VERY_HIGH,P1,MISSING,,OFFICIAL_LOCAL_KCAL,Burger King KSA menu (SFDA),,,,,,,,,,NONE,HIGH,برجر كنج,Burger King,السعرات متاحة رسميًا على قائمة الفرع/التطبيق (إلزام SFDA منذ ١ يوليو ٢٠٢٥). الماكروز غير منشورة — تبقى فارغة.
QGAP-00492,برجر كنج - صنداي شوكولاتة,Burger King - Chocolate sundae,برجر كنج,Burger King,Burger King,RESTAURANT,مطاعم,برجر,,,KSA,VERY_HIGH,P1,MISSING,,OFFICIAL_LOCAL_KCAL,Burger King KSA menu (SFDA),,,,,,,,,,NONE,HIGH,برجر كنج,Burger King,السعرات متاحة رسميًا على قائمة الفرع/التطبيق (إلزام SFDA منذ ١ يوليو ٢٠٢٥). الماكروز غير منشورة — تبقى فارغة.
QGAP-00493,برجر كنج - ميلك شيك,Burger King - Milkshake,برجر كنج,Burger King,Burger King,RESTAURANT,مطاعم,برجر,,,KSA,VERY_HIGH,P1,EXISTS_GENERIC_ONLY,milkshake · ميلك شيك,OFFICIAL_LOCAL_KCAL,Burger King KSA menu (SFDA),,,,,,,,,,NONE,HIGH,برجر كنج,Burger King,السعرات متاحة رسميًا على قائمة الفرع/التطبيق (إلزام SFDA منذ ١ يوليو ٢٠٢٥). الماكروز غير منشورة — تبقى فارغة.
QGAP-00494,برجر كنج - فطور كروسان ويتش,Burger King - Croissan wich breakfast,برجر كنج,Burger King,Burger King,RESTAURANT,مطاعم,برجر,,,KSA,VERY_HIGH,P1,MISSING,,OFFICIAL_LOCAL_KCAL,Burger King KSA menu (SFDA),,,,,,,,,,NONE,HIGH,برجر كنج,Burger King,السعرات متاحة رسميًا على قائمة الفرع/التطبيق (إلزام SFDA منذ ١ يوليو ٢٠٢٥). الماكروز غير منشورة — تبقى فارغة.
QGAP-00495,برجر كنج - وجبة أطفال,Burger King - Kids meal,برجر كنج,Burger King,Burger King,RESTAURANT,مطاعم,برجر,,,KSA,VERY_HIGH,P1,MISSING,,OFFICIAL_LOCAL_KCAL,Burger King KSA menu (SFDA),,,,,,,,,,NONE,HIGH,برجر كنج,Burger King,السعرات متاحة رسميًا على قائمة الفرع/التطبيق (إلزام SFDA منذ ١ يوليو ٢٠٢٥). الماكروز غير منشورة — تبقى فارغة.
QGAP-00496,برجر كنج - أجنحة دجاج,Burger King - Chicken wings,برجر كنج,Burger King,Burger King,RESTAURANT,مطاعم,برجر,,,KSA,VERY_HIGH,P1,MISSING,,OFFICIAL_LOCAL_KCAL,Burger King KSA menu (SFDA),,,,,,,,,,NONE,HIGH,برجر كنج,Burger King,السعرات متاحة رسميًا على قائمة الفرع/التطبيق (إلزام SFDA منذ ١ يوليو ٢٠٢٥). الماكروز غير منشورة — تبقى فارغة.
QGAP-00497,برجر كنج - برجر نباتي,Burger King - Veggie burger,برجر كنج,Burger King,Burger King,RESTAURANT,مطاعم,برجر,,,KSA,VERY_HIGH,P1,MISSING,,OFFICIAL_LOCAL_KCAL,Burger King KSA menu (SFDA),,,,,,,,,,NONE,HIGH,برجر كنج,Burger King,السعرات متاحة رسميًا على قائمة الفرع/التطبيق (إلزام SFDA منذ ١ يوليو ٢٠٢٥). الماكروز غير منشورة — تبقى فارغة.
QGAP-00498,كنتاكي - دجاج مقرمش 3 قطع,KFC - Crispy chicken 3 pcs,كنتاكي,KFC,KFC,RESTAURANT,مطاعم,دجاج مقلي,,,KSA,VERY_HIGH,P0,MISSING,,OFFICIAL_LOCAL_KCAL,KFC Arabia app (SFDA),,,,,,,,,,NONE,HIGH,كنتاكي,KFC,السعرات متاحة رسميًا على قائمة الفرع/التطبيق (إلزام SFDA منذ ١ يوليو ٢٠٢٥). الماكروز غير منشورة — تبقى فارغة.
QGAP-00499,كنتاكي - دلو دجاج 8 قطع,KFC - Bucket 8 pcs,كنتاكي,KFC,KFC,RESTAURANT,مطاعم,دجاج مقلي,,,KSA,VERY_HIGH,P0,MISSING,,OFFICIAL_LOCAL_KCAL,KFC Arabia app (SFDA),,,,,,,,,,NONE,HIGH,كنتاكي,KFC,السعرات متاحة رسميًا على قائمة الفرع/التطبيق (إلزام SFDA منذ ١ يوليو ٢٠٢٥). الماكروز غير منشورة — تبقى فارغة.
QGAP-00500,كنتاكي - دلو دجاج 12 قطعة,KFC - Bucket 12 pcs,كنتاكي,KFC,KFC,RESTAURANT,مطاعم,دجاج مقلي,,,KSA,VERY_HIGH,P0,MISSING,,OFFICIAL_LOCAL_KCAL,KFC Arabia app (SFDA),,,,,,,,,,NONE,HIGH,كنتاكي,KFC,السعرات متاحة رسميًا على قائمة الفرع/التطبيق (إلزام SFDA منذ ١ يوليو ٢٠٢٥). الماكروز غير منشورة — تبقى فارغة.
QGAP-00501,كنتاكي - زنجر سوبريم,KFC - Zinger Supreme,كنتاكي,KFC,KFC,RESTAURANT,مطاعم,دجاج مقلي,,,KSA,VERY_HIGH,P0,MISSING,,OFFICIAL_LOCAL_KCAL,KFC Arabia app (SFDA),,,,,,,,,,NONE,HIGH,كنتاكي,KFC,السعرات متاحة رسميًا على قائمة الفرع/التطبيق (إلزام SFDA منذ ١ يوليو ٢٠٢٥). الماكروز غير منشورة — تبقى فارغة.
QGAP-00502,كنتاكي - دبل زنجر,KFC - Double Zinger,كنتاكي,KFC,KFC,RESTAURANT,مطاعم,دجاج مقلي,,,KSA,VERY_HIGH,P0,MISSING,,OFFICIAL_LOCAL_KCAL,KFC Arabia app (SFDA),,,,,,,,,,NONE,HIGH,كنتاكي,KFC,السعرات متاحة رسميًا على قائمة الفرع/التطبيق (إلزام SFDA منذ ١ يوليو ٢٠٢٥). الماكروز غير منشورة — تبقى فارغة.
QGAP-00503,كنتاكي - رايس بوكس دجاج,KFC - Chicken rice box,كنتاكي,KFC,KFC,RESTAURANT,مطاعم,دجاج مقلي,,,KSA,VERY_HIGH,P0,MISSING,,OFFICIAL_LOCAL_KCAL,KFC Arabia app (SFDA),,,,,,,,,,NONE,HIGH,كنتاكي,KFC,السعرات متاحة رسميًا على قائمة الفرع/التطبيق (إلزام SFDA منذ ١ يوليو ٢٠٢٥). الماكروز غير منشورة — تبقى فارغة.
QGAP-00504,كنتاكي - فيلي برجر,KFC - Fillet burger,كنتاكي,KFC,KFC,RESTAURANT,مطاعم,دجاج مقلي,,,KSA,VERY_HIGH,P0,MISSING,,OFFICIAL_LOCAL_KCAL,KFC Arabia app (SFDA),,,,,,,,,,NONE,HIGH,كنتاكي,KFC,السعرات متاحة رسميًا على قائمة الفرع/التطبيق (إلزام SFDA منذ ١ يوليو ٢٠٢٥). الماكروز غير منشورة — تبقى فارغة.
QGAP-00505,كنتاكي - ستربس دجاج 5 قطع,KFC - Chicken strips 5 pcs,كنتاكي,KFC,KFC,RESTAURANT,مطاعم,دجاج مقلي,,,KSA,VERY_HIGH,P0,MISSING,,OFFICIAL_LOCAL_KCAL,KFC Arabia app (SFDA),,,,,,,,,,NONE,HIGH,كنتاكي,KFC,السعرات متاحة رسميًا على قائمة الفرع/التطبيق (إلزام SFDA منذ ١ يوليو ٢٠٢٥). الماكروز غير منشورة — تبقى فارغة.
QGAP-00506,كنتاكي - بوب كورن دجاج,KFC - Popcorn chicken,كنتاكي,KFC,KFC,RESTAURANT,مطاعم,دجاج مقلي,,,KSA,VERY_HIGH,P0,MISSING,,OFFICIAL_LOCAL_KCAL,KFC Arabia app (SFDA),,,,,,,,,,NONE,HIGH,كنتاكي,KFC,السعرات متاحة رسميًا على قائمة الفرع/التطبيق (إلزام SFDA منذ ١ يوليو ٢٠٢٥). الماكروز غير منشورة — تبقى فارغة.
QGAP-00507,كنتاكي - بطاطس كبيرة,KFC - Large fries,كنتاكي,KFC,KFC,RESTAURANT,مطاعم,دجاج مقلي,,,KSA,VERY_HIGH,P0,MISSING,,OFFICIAL_LOCAL_KCAL,KFC Arabia app (SFDA),,,,,,,,,,NONE,HIGH,كنتاكي,KFC,السعرات متاحة رسميًا على قائمة الفرع/التطبيق (إلزام SFDA منذ ١ يوليو ٢٠٢٥). الماكروز غير منشورة — تبقى فارغة.
QGAP-00508,كنتاكي - كول سلو,KFC - Coleslaw,كنتاكي,KFC,KFC,RESTAURANT,مطاعم,دجاج مقلي,,,KSA,VERY_HIGH,P0,MISSING,,OFFICIAL_LOCAL_KCAL,KFC Arabia app (SFDA),,,,,,,,,,NONE,HIGH,كنتاكي,KFC,السعرات متاحة رسميًا على قائمة الفرع/التطبيق (إلزام SFDA منذ ١ يوليو ٢٠٢٥). الماكروز غير منشورة — تبقى فارغة.
QGAP-00509,كنتاكي - خبز الثوم,KFC - Garlic bread,كنتاكي,KFC,KFC,RESTAURANT,مطاعم,دجاج مقلي,,,KSA,VERY_HIGH,P0,MISSING,,OFFICIAL_LOCAL_KCAL,KFC Arabia app (SFDA),,,,,,,,,,NONE,HIGH,كنتاكي,KFC,السعرات متاحة رسميًا على قائمة الفرع/التطبيق (إلزام SFDA منذ ١ يوليو ٢٠٢٥). الماكروز غير منشورة — تبقى فارغة.
QGAP-00510,كنتاكي - أجنحة حارة 6 قطع,KFC - Hot wings 6 pcs,كنتاكي,KFC,KFC,RESTAURANT,مطاعم,دجاج مقلي,,,KSA,VERY_HIGH,P0,MISSING,,OFFICIAL_LOCAL_KCAL,KFC Arabia app (SFDA),,,,,,,,,,NONE,HIGH,كنتاكي,KFC,السعرات متاحة رسميًا على قائمة الفرع/التطبيق (إلزام SFDA منذ ١ يوليو ٢٠٢٥). الماكروز غير منشورة — تبقى فارغة.
QGAP-00511,كنتاكي - سلطة,KFC - Salad,كنتاكي,KFC,KFC,RESTAURANT,مطاعم,دجاج مقلي,,,KSA,VERY_HIGH,P0,MISSING,,OFFICIAL_LOCAL_KCAL,KFC Arabia app (SFDA),,,,,,,,,,NONE,HIGH,كنتاكي,KFC,السعرات متاحة رسميًا على قائمة الفرع/التطبيق (إلزام SFDA منذ ١ يوليو ٢٠٢٥). الماكروز غير منشورة — تبقى فارغة.
QGAP-00512,كنتاكي - كريمي شيك,KFC - Creamy shake,كنتاكي,KFC,KFC,RESTAURANT,مطاعم,دجاج مقلي,,,KSA,VERY_HIGH,P0,MISSING,,OFFICIAL_LOCAL_KCAL,KFC Arabia app (SFDA),,,,,,,,,,NONE,HIGH,كنتاكي,KFC,السعرات متاحة رسميًا على قائمة الفرع/التطبيق (إلزام SFDA منذ ١ يوليو ٢٠٢٥). الماكروز غير منشورة — تبقى فارغة.
QGAP-00513,كنتاكي - وجبة دجاج بالرز,KFC - Chicken with rice meal,كنتاكي,KFC,KFC,RESTAURANT,مطاعم,دجاج مقلي,,,KSA,VERY_HIGH,P0,MISSING,,OFFICIAL_LOCAL_KCAL,KFC Arabia app (SFDA),,,,,,,,,,NONE,HIGH,كنتاكي,KFC,السعرات متاحة رسميًا على قائمة الفرع/التطبيق (إلزام SFDA منذ ١ يوليو ٢٠٢٥). الماكروز غير منشورة — تبقى فارغة.
QGAP-00514,كنتاكي - ميني فيليه,KFC - Mini fillet,كنتاكي,KFC,KFC,RESTAURANT,مطاعم,دجاج مقلي,,,KSA,VERY_HIGH,P0,MISSING,,OFFICIAL_LOCAL_KCAL,KFC Arabia app (SFDA),,,,,,,,,,NONE,HIGH,كنتاكي,KFC,السعرات متاحة رسميًا على قائمة الفرع/التطبيق (إلزام SFDA منذ ١ يوليو ٢٠٢٥). الماكروز غير منشورة — تبقى فارغة.
QGAP-00515,كنتاكي - دجاج مشوي,KFC - Grilled chicken,كنتاكي,KFC,KFC,RESTAURANT,مطاعم,دجاج مقلي,,,KSA,VERY_HIGH,P0,MISSING,,OFFICIAL_LOCAL_KCAL,KFC Arabia app (SFDA),,,,,,,,,,NONE,HIGH,كنتاكي,KFC,السعرات متاحة رسميًا على قائمة الفرع/التطبيق (إلزام SFDA منذ ١ يوليو ٢٠٢٥). الماكروز غير منشورة — تبقى فارغة.
QGAP-00516,كنتاكي - صوص,KFC - Sauce,كنتاكي,KFC,KFC,RESTAURANT,مطاعم,دجاج مقلي,,,KSA,VERY_HIGH,P0,MISSING,,OFFICIAL_LOCAL_KCAL,KFC Arabia app (SFDA),,,,,,,,,,NONE,HIGH,كنتاكي,KFC,السعرات متاحة رسميًا على قائمة الفرع/التطبيق (إلزام SFDA منذ ١ يوليو ٢٠٢٥). الماكروز غير منشورة — تبقى فارغة.
QGAP-00517,هارديز - مشروم أند سويس,Hardee's - Mushroom and Swiss,هارديز,Hardee's,Hardee's,RESTAURANT,مطاعم,برجر,,,KSA,VERY_HIGH,P1,MISSING,,OFFICIAL_LOCAL_KCAL,Hardee's Arabia menu (SFDA),,,,,,,,,,NONE,HIGH,هارديز,Hardee's,السعرات متاحة رسميًا على قائمة الفرع/التطبيق (إلزام SFDA منذ ١ يوليو ٢٠٢٥). الماكروز غير منشورة — تبقى فارغة.
QGAP-00518,هارديز - سوبر ستار,Hardee's - Super Star,هارديز,Hardee's,Hardee's,RESTAURANT,مطاعم,برجر,,,KSA,VERY_HIGH,P1,MISSING,,OFFICIAL_LOCAL_KCAL,Hardee's Arabia menu (SFDA),,,,,,,,,,NONE,HIGH,هارديز,Hardee's,السعرات متاحة رسميًا على قائمة الفرع/التطبيق (إلزام SFDA منذ ١ يوليو ٢٠٢٥). الماكروز غير منشورة — تبقى فارغة.
QGAP-00519,هارديز - فرش برجر,Hardee's - Fresh burger,هارديز,Hardee's,Hardee's,RESTAURANT,مطاعم,برجر,,,KSA,VERY_HIGH,P1,MISSING,,OFFICIAL_LOCAL_KCAL,Hardee's Arabia menu (SFDA),,,,,,,,,,NONE,HIGH,هارديز,Hardee's,السعرات متاحة رسميًا على قائمة الفرع/التطبيق (إلزام SFDA منذ ١ يوليو ٢٠٢٥). الماكروز غير منشورة — تبقى فارغة.
QGAP-00520,هارديز - ساندويتش سمك,Hardee's - Fish sandwich,هارديز,Hardee's,Hardee's,RESTAURANT,مطاعم,برجر,,,KSA,VERY_HIGH,P1,MISSING,,OFFICIAL_LOCAL_KCAL,Hardee's Arabia menu (SFDA),,,,,,,,,,NONE,HIGH,هارديز,Hardee's,السعرات متاحة رسميًا على قائمة الفرع/التطبيق (إلزام SFDA منذ ١ يوليو ٢٠٢٥). الماكروز غير منشورة — تبقى فارغة.
QGAP-00521,هارديز - بطاطس كيرلي كبيرة,Hardee's - Large curly fries,هارديز,Hardee's,Hardee's,RESTAURANT,مطاعم,برجر,,,KSA,VERY_HIGH,P1,MISSING,,OFFICIAL_LOCAL_KCAL,Hardee's Arabia menu (SFDA),,,,,,,,,,NONE,HIGH,هارديز,Hardee's,السعرات متاحة رسميًا على قائمة الفرع/التطبيق (إلزام SFDA منذ ١ يوليو ٢٠٢٥). الماكروز غير منشورة — تبقى فارغة.
QGAP-00522,هارديز - حلقات بصل,Hardee's - Onion rings,هارديز,Hardee's,Hardee's,RESTAURANT,مطاعم,برجر,,,KSA,VERY_HIGH,P1,EXISTS_GENERIC_ONLY,onion-rings · حلقات بصل,OFFICIAL_LOCAL_KCAL,Hardee's Arabia menu (SFDA),,,,,,,,,,NONE,HIGH,هارديز,Hardee's,السعرات متاحة رسميًا على قائمة الفرع/التطبيق (إلزام SFDA منذ ١ يوليو ٢٠٢٥). الماكروز غير منشورة — تبقى فارغة.
QGAP-00523,هارديز - بسكويت فطور,Hardee's - Breakfast biscuit,هارديز,Hardee's,Hardee's,RESTAURANT,مطاعم,برجر,,,KSA,VERY_HIGH,P1,MISSING,,OFFICIAL_LOCAL_KCAL,Hardee's Arabia menu (SFDA),,,,,,,,,,NONE,HIGH,هارديز,Hardee's,السعرات متاحة رسميًا على قائمة الفرع/التطبيق (إلزام SFDA منذ ١ يوليو ٢٠٢٥). الماكروز غير منشورة — تبقى فارغة.
QGAP-00524,هارديز - ساندويتش فطور,Hardee's - Breakfast sandwich,هارديز,Hardee's,Hardee's,RESTAURANT,مطاعم,برجر,,,KSA,VERY_HIGH,P1,MISSING,,OFFICIAL_LOCAL_KCAL,Hardee's Arabia menu (SFDA),,,,,,,,,,NONE,HIGH,هارديز,Hardee's,السعرات متاحة رسميًا على قائمة الفرع/التطبيق (إلزام SFDA منذ ١ يوليو ٢٠٢٥). الماكروز غير منشورة — تبقى فارغة.
QGAP-00525,هارديز - ميلك شيك,Hardee's - Hand-scooped milkshake,هارديز,Hardee's,Hardee's,RESTAURANT,مطاعم,برجر,,,KSA,VERY_HIGH,P1,EXISTS_GENERIC_ONLY,milkshake · ميلك شيك,OFFICIAL_LOCAL_KCAL,Hardee's Arabia menu (SFDA),,,,,,,,,,NONE,HIGH,هارديز,Hardee's,السعرات متاحة رسميًا على قائمة الفرع/التطبيق (إلزام SFDA منذ ١ يوليو ٢٠٢٥). الماكروز غير منشورة — تبقى فارغة.
QGAP-00526,هارديز - آيس كريم,Hardee's - Ice cream,هارديز,Hardee's,Hardee's,RESTAURANT,مطاعم,برجر,,,KSA,VERY_HIGH,P1,MISSING,,OFFICIAL_LOCAL_KCAL,Hardee's Arabia menu (SFDA),,,,,,,,,,NONE,HIGH,هارديز,Hardee's,السعرات متاحة رسميًا على قائمة الفرع/التطبيق (إلزام SFDA منذ ١ يوليو ٢٠٢٥). الماكروز غير منشورة — تبقى فارغة.
QGAP-00527,هارديز - وجبة أطفال,Hardee's - Kids meal,هارديز,Hardee's,Hardee's,RESTAURANT,مطاعم,برجر,,,KSA,VERY_HIGH,P1,MISSING,,OFFICIAL_LOCAL_KCAL,Hardee's Arabia menu (SFDA),,,,,,,,,,NONE,HIGH,هارديز,Hardee's,السعرات متاحة رسميًا على قائمة الفرع/التطبيق (إلزام SFDA منذ ١ يوليو ٢٠٢٥). الماكروز غير منشورة — تبقى فارغة.
QGAP-00528,هارديز - سلطة,Hardee's - Side salad,هارديز,Hardee's,Hardee's,RESTAURANT,مطاعم,برجر,,,KSA,VERY_HIGH,P1,MISSING,,OFFICIAL_LOCAL_KCAL,Hardee's Arabia menu (SFDA),,,,,,,,,,NONE,HIGH,هارديز,Hardee's,السعرات متاحة رسميًا على قائمة الفرع/التطبيق (إلزام SFDA منذ ١ يوليو ٢٠٢٥). الماكروز غير منشورة — تبقى فارغة.
QGAP-00529,هارديز - ثيك برجر دبل,Hardee's - Double Thickburger,هارديز,Hardee's,Hardee's,RESTAURANT,مطاعم,برجر,,,KSA,VERY_HIGH,P1,MISSING,,OFFICIAL_LOCAL_KCAL,Hardee's Arabia menu (SFDA),,,,,,,,,,NONE,HIGH,هارديز,Hardee's,السعرات متاحة رسميًا على قائمة الفرع/التطبيق (إلزام SFDA منذ ١ يوليو ٢٠٢٥). الماكروز غير منشورة — تبقى فارغة.
QGAP-00530,هارديز - برجر جالابينو,Hardee's - Jalapeno burger,هارديز,Hardee's,Hardee's,RESTAURANT,مطاعم,برجر,,,KSA,VERY_HIGH,P1,MISSING,,OFFICIAL_LOCAL_KCAL,Hardee's Arabia menu (SFDA),,,,,,,,,,NONE,HIGH,هارديز,Hardee's,السعرات متاحة رسميًا على قائمة الفرع/التطبيق (إلزام SFDA منذ ١ يوليو ٢٠٢٥). الماكروز غير منشورة — تبقى فارغة.
QGAP-00531,تكساس تشيكن - دجاج مقرمش حار,Texas Chicken - Spicy crispy chicken,تكساس تشيكن,Texas Chicken,Texas Chicken,RESTAURANT,مطاعم,دجاج مقلي,,,KSA,HIGH,P1,MISSING,,OFFICIAL_LOCAL_KCAL,Texas Chicken KSA menu (SFDA),,,,,,,,,,NONE,HIGH,تكساس تشيكن,Texas Chicken,السعرات متاحة رسميًا على قائمة الفرع/التطبيق (إلزام SFDA منذ ١ يوليو ٢٠٢٥). الماكروز غير منشورة — تبقى فارغة.
QGAP-00532,تكساس تشيكن - دلو 8 قطع,Texas Chicken - Bucket 8 pcs,تكساس تشيكن,Texas Chicken,Texas Chicken,RESTAURANT,مطاعم,دجاج مقلي,,,KSA,HIGH,P1,MISSING,,OFFICIAL_LOCAL_KCAL,Texas Chicken KSA menu (SFDA),,,,,,,,,,NONE,HIGH,تكساس تشيكن,Texas Chicken,السعرات متاحة رسميًا على قائمة الفرع/التطبيق (إلزام SFDA منذ ١ يوليو ٢٠٢٥). الماكروز غير منشورة — تبقى فارغة.
QGAP-00533,تكساس تشيكن - تندرز 5 قطع,Texas Chicken - Tenders 5 pcs,تكساس تشيكن,Texas Chicken,Texas Chicken,RESTAURANT,مطاعم,دجاج مقلي,,,KSA,HIGH,P1,MISSING,,OFFICIAL_LOCAL_KCAL,Texas Chicken KSA menu (SFDA),,,,,,,,,,NONE,HIGH,تكساس تشيكن,Texas Chicken,السعرات متاحة رسميًا على قائمة الفرع/التطبيق (إلزام SFDA منذ ١ يوليو ٢٠٢٥). الماكروز غير منشورة — تبقى فارغة.
QGAP-00534,تكساس تشيكن - بطاطس مقلية,Texas Chicken - French fries,تكساس تشيكن,Texas Chicken,Texas Chicken,RESTAURANT,مطاعم,دجاج مقلي,,,KSA,HIGH,P1,EXISTS_GENERIC_ONLY,fries · بطاطس مقلية,OFFICIAL_LOCAL_KCAL,Texas Chicken KSA menu (SFDA),,,,,,,,,,NONE,HIGH,تكساس تشيكن,Texas Chicken,السعرات متاحة رسميًا على قائمة الفرع/التطبيق (إلزام SFDA منذ ١ يوليو ٢٠٢٥). الماكروز غير منشورة — تبقى فارغة.
QGAP-00535,تكساس تشيكن - كول سلو,Texas Chicken - Coleslaw,تكساس تشيكن,Texas Chicken,Texas Chicken,RESTAURANT,مطاعم,دجاج مقلي,,,KSA,HIGH,P1,MISSING,,OFFICIAL_LOCAL_KCAL,Texas Chicken KSA menu (SFDA),,,,,,,,,,NONE,HIGH,تكساس تشيكن,Texas Chicken,السعرات متاحة رسميًا على قائمة الفرع/التطبيق (إلزام SFDA منذ ١ يوليو ٢٠٢٥). الماكروز غير منشورة — تبقى فارغة.
QGAP-00536,تكساس تشيكن - ماش بوتيتو,Texas Chicken - Mashed potato,تكساس تشيكن,Texas Chicken,Texas Chicken,RESTAURANT,مطاعم,دجاج مقلي,,,KSA,HIGH,P1,MISSING,,OFFICIAL_LOCAL_KCAL,Texas Chicken KSA menu (SFDA),,,,,,,,,,NONE,HIGH,تكساس تشيكن,Texas Chicken,السعرات متاحة رسميًا على قائمة الفرع/التطبيق (إلزام SFDA منذ ١ يوليو ٢٠٢٥). الماكروز غير منشورة — تبقى فارغة.
QGAP-00537,تكساس تشيكن - ذرة,Texas Chicken - Corn on the cob,تكساس تشيكن,Texas Chicken,Texas Chicken,RESTAURANT,مطاعم,دجاج مقلي,,,KSA,HIGH,P1,MISSING,,OFFICIAL_LOCAL_KCAL,Texas Chicken KSA menu (SFDA),,,,,,,,,,NONE,HIGH,تكساس تشيكن,Texas Chicken,السعرات متاحة رسميًا على قائمة الفرع/التطبيق (إلزام SFDA منذ ١ يوليو ٢٠٢٥). الماكروز غير منشورة — تبقى فارغة.
QGAP-00538,تكساس تشيكن - ساندويتش سمك,Texas Chicken - Fish sandwich,تكساس تشيكن,Texas Chicken,Texas Chicken,RESTAURANT,مطاعم,دجاج مقلي,,,KSA,HIGH,P1,MISSING,,OFFICIAL_LOCAL_KCAL,Texas Chicken KSA menu (SFDA),,,,,,,,,,NONE,HIGH,تكساس تشيكن,Texas Chicken,السعرات متاحة رسميًا على قائمة الفرع/التطبيق (إلزام SFDA منذ ١ يوليو ٢٠٢٥). الماكروز غير منشورة — تبقى فارغة.
QGAP-00539,بوبايز - ساندويتش دجاج كلاسيك,Popeyes - Classic chicken sandwich,بوبايز,Popeyes,Popeyes,RESTAURANT,مطاعم,دجاج مقلي,,,KSA,HIGH,P1,MISSING,,OFFICIAL_LOCAL_KCAL,Popeyes KSA menu (SFDA),,,,,,,,,,NONE,HIGH,بوبايز,Popeyes,السعرات متاحة رسميًا على قائمة الفرع/التطبيق (إلزام SFDA منذ ١ يوليو ٢٠٢٥). الماكروز غير منشورة — تبقى فارغة.
QGAP-00540,بوبايز - ساندويتش دجاج حار,Popeyes - Spicy chicken sandwich,بوبايز,Popeyes,Popeyes,RESTAURANT,مطاعم,دجاج مقلي,,,KSA,HIGH,P1,MISSING,,OFFICIAL_LOCAL_KCAL,Popeyes KSA menu (SFDA),,,,,,,,,,NONE,HIGH,بوبايز,Popeyes,السعرات متاحة رسميًا على قائمة الفرع/التطبيق (إلزام SFDA منذ ١ يوليو ٢٠٢٥). الماكروز غير منشورة — تبقى فارغة.
QGAP-00541,بوبايز - دجاج مقرمش 3 قطع,Popeyes - Crispy chicken 3 pcs,بوبايز,Popeyes,Popeyes,RESTAURANT,مطاعم,دجاج مقلي,,,KSA,HIGH,P1,MISSING,,OFFICIAL_LOCAL_KCAL,Popeyes KSA menu (SFDA),,,,,,,,,,NONE,HIGH,بوبايز,Popeyes,السعرات متاحة رسميًا على قائمة الفرع/التطبيق (إلزام SFDA منذ ١ يوليو ٢٠٢٥). الماكروز غير منشورة — تبقى فارغة.
QGAP-00542,بوبايز - تندرز 4 قطع,Popeyes - Tenders 4 pcs,بوبايز,Popeyes,Popeyes,RESTAURANT,مطاعم,دجاج مقلي,,,KSA,HIGH,P1,MISSING,,OFFICIAL_LOCAL_KCAL,Popeyes KSA menu (SFDA),,,,,,,,,,NONE,HIGH,بوبايز,Popeyes,السعرات متاحة رسميًا على قائمة الفرع/التطبيق (إلزام SFDA منذ ١ يوليو ٢٠٢٥). الماكروز غير منشورة — تبقى فارغة.
QGAP-00543,بوبايز - بطاطس كاجون,Popeyes - Cajun fries,بوبايز,Popeyes,Popeyes,RESTAURANT,مطاعم,دجاج مقلي,,,KSA,HIGH,P1,MISSING,,OFFICIAL_LOCAL_KCAL,Popeyes KSA menu (SFDA),,,,,,,,,,NONE,HIGH,بوبايز,Popeyes,السعرات متاحة رسميًا على قائمة الفرع/التطبيق (إلزام SFDA منذ ١ يوليو ٢٠٢٥). الماكروز غير منشورة — تبقى فارغة.
QGAP-00544,بوبايز - بيسكويت,Popeyes - Biscuit,بوبايز,Popeyes,Popeyes,RESTAURANT,مطاعم,دجاج مقلي,,,KSA,HIGH,P1,MISSING,,OFFICIAL_LOCAL_KCAL,Popeyes KSA menu (SFDA),,,,,,,,,,NONE,HIGH,بوبايز,Popeyes,السعرات متاحة رسميًا على قائمة الفرع/التطبيق (إلزام SFDA منذ ١ يوليو ٢٠٢٥). الماكروز غير منشورة — تبقى فارغة.
QGAP-00545,بوبايز - كول سلو,Popeyes - Coleslaw,بوبايز,Popeyes,Popeyes,RESTAURANT,مطاعم,دجاج مقلي,,,KSA,HIGH,P1,MISSING,,OFFICIAL_LOCAL_KCAL,Popeyes KSA menu (SFDA),,,,,,,,,,NONE,HIGH,بوبايز,Popeyes,السعرات متاحة رسميًا على قائمة الفرع/التطبيق (إلزام SFDA منذ ١ يوليو ٢٠٢٥). الماكروز غير منشورة — تبقى فارغة.
QGAP-00546,بوبايز - رز كاجون,Popeyes - Cajun rice,بوبايز,Popeyes,Popeyes,RESTAURANT,مطاعم,دجاج مقلي,,,KSA,HIGH,P1,MISSING,,OFFICIAL_LOCAL_KCAL,Popeyes KSA menu (SFDA),,,,,,,,,,NONE,HIGH,بوبايز,Popeyes,السعرات متاحة رسميًا على قائمة الفرع/التطبيق (إلزام SFDA منذ ١ يوليو ٢٠٢٥). الماكروز غير منشورة — تبقى فارغة.
QGAP-00547,بوبايز - أجنحة,Popeyes - Wings,بوبايز,Popeyes,Popeyes,RESTAURANT,مطاعم,دجاج مقلي,,,KSA,HIGH,P1,MISSING,,OFFICIAL_LOCAL_KCAL,Popeyes KSA menu (SFDA),,,,,,,,,,NONE,HIGH,بوبايز,Popeyes,السعرات متاحة رسميًا على قائمة الفرع/التطبيق (إلزام SFDA منذ ١ يوليو ٢٠٢٥). الماكروز غير منشورة — تبقى فارغة.
QGAP-00548,بوبايز - ماك أند تشيز,Popeyes - Mac and cheese,بوبايز,Popeyes,Popeyes,RESTAURANT,مطاعم,دجاج مقلي,,,KSA,HIGH,P1,MISSING,,OFFICIAL_LOCAL_KCAL,Popeyes KSA menu (SFDA),,,,,,,,,,NONE,HIGH,بوبايز,Popeyes,السعرات متاحة رسميًا على قائمة الفرع/التطبيق (إلزام SFDA منذ ١ يوليو ٢٠٢٥). الماكروز غير منشورة — تبقى فارغة.
QGAP-00549,صب واي - ساندويتش لحم بقري (30سم),Subway - Beef sub footlong,صب واي,Subway,Subway,RESTAURANT,مطاعم,ساندويتش,,,KSA,VERY_HIGH,P1,MISSING,,OFFICIAL_FOREIGN_MARKET,Subway corporate nutrition (US/UK),,,,,,,,,,NONE,HIGH,صب واي,Subway,بيانات السوق الأجنبي فقط — تُوسم صراحةً ولا تُقدَّم كقيم سعودية.
QGAP-00550,صب واي - ساندويتش تشيكن تريّاكي,Subway - Chicken teriyaki sub,صب واي,Subway,Subway,RESTAURANT,مطاعم,ساندويتش,,,KSA,VERY_HIGH,P1,MISSING,,OFFICIAL_FOREIGN_MARKET,Subway corporate nutrition (US/UK),,,,,,,,,,NONE,HIGH,صب واي,Subway,بيانات السوق الأجنبي فقط — تُوسم صراحةً ولا تُقدَّم كقيم سعودية.
QGAP-00551,صب واي - ساندويتش ستيك وجبن,Subway - Steak and cheese sub,صب واي,Subway,Subway,RESTAURANT,مطاعم,ساندويتش,,,KSA,VERY_HIGH,P1,MISSING,,OFFICIAL_FOREIGN_MARKET,Subway corporate nutrition (US/UK),,,,,,,,,,NONE,HIGH,صب واي,Subway,بيانات السوق الأجنبي فقط — تُوسم صراحةً ولا تُقدَّم كقيم سعودية.
QGAP-00552,صب واي - ساندويتش إيطالي,Subway - Italian BMT sub,صب واي,Subway,Subway,RESTAURANT,مطاعم,ساندويتش,,,KSA,VERY_HIGH,P1,MISSING,,OFFICIAL_FOREIGN_MARKET,Subway corporate nutrition (US/UK),,,,,,,,,,NONE,HIGH,صب واي,Subway,بيانات السوق الأجنبي فقط — تُوسم صراحةً ولا تُقدَّم كقيم سعودية.
QGAP-00553,صب واي - ساندويتش خضار,Subway - Veggie delite sub,صب واي,Subway,Subway,RESTAURANT,مطاعم,ساندويتش,,,KSA,VERY_HIGH,P1,MISSING,,OFFICIAL_FOREIGN_MARKET,Subway corporate nutrition (US/UK),,,,,,,,,,NONE,HIGH,صب واي,Subway,بيانات السوق الأجنبي فقط — تُوسم صراحةً ولا تُقدَّم كقيم سعودية.
QGAP-00554,صب واي - سلطة دجاج مشوي,Subway - Grilled chicken salad,صب واي,Subway,Subway,RESTAURANT,مطاعم,ساندويتش,,,KSA,VERY_HIGH,P1,MISSING,,OFFICIAL_FOREIGN_MARKET,Subway corporate nutrition (US/UK),,,,,,,,,,NONE,HIGH,صب واي,Subway,بيانات السوق الأجنبي فقط — تُوسم صراحةً ولا تُقدَّم كقيم سعودية.
QGAP-00555,صب واي - ساندويتش تشيكن بارميزان,Subway - Chicken parmesan sub,صب واي,Subway,Subway,RESTAURANT,مطاعم,ساندويتش,,,KSA,VERY_HIGH,P1,MISSING,,OFFICIAL_FOREIGN_MARKET,Subway corporate nutrition (US/UK),,,,,,,,,,NONE,HIGH,صب واي,Subway,بيانات السوق الأجنبي فقط — تُوسم صراحةً ولا تُقدَّم كقيم سعودية.
QGAP-00556,صب واي - ساندويتش فطور بيض وجبن,Subway - Egg and cheese breakfast sub,صب واي,Subway,Subway,RESTAURANT,مطاعم,ساندويتش,,,KSA,VERY_HIGH,P1,MISSING,,OFFICIAL_FOREIGN_MARKET,Subway corporate nutrition (US/UK),,,,,,,,,,NONE,HIGH,صب واي,Subway,بيانات السوق الأجنبي فقط — تُوسم صراحةً ولا تُقدَّم كقيم سعودية.
QGAP-00557,صب واي - رابس دجاج,Subway - Chicken wrap,صب واي,Subway,Subway,RESTAURANT,مطاعم,ساندويتش,,,KSA,VERY_HIGH,P1,MISSING,,OFFICIAL_FOREIGN_MARKET,Subway corporate nutrition (US/UK),,,,,,,,,,NONE,HIGH,صب واي,Subway,بيانات السوق الأجنبي فقط — تُوسم صراحةً ولا تُقدَّم كقيم سعودية.
QGAP-00558,صب واي - شوربة اليوم,Subway - Soup of the day,صب واي,Subway,Subway,RESTAURANT,مطاعم,ساندويتش,,,KSA,VERY_HIGH,P1,MISSING,,OFFICIAL_FOREIGN_MARKET,Subway corporate nutrition (US/UK),,,,,,,,,,NONE,HIGH,صب واي,Subway,بيانات السوق الأجنبي فقط — تُوسم صراحةً ولا تُقدَّم كقيم سعودية.
QGAP-00559,صب واي - كوكيز شوكولاتة,Subway - Chocolate chip cookie,صب واي,Subway,Subway,RESTAURANT,مطاعم,ساندويتش,,,KSA,VERY_HIGH,P1,MISSING,,OFFICIAL_FOREIGN_MARKET,Subway corporate nutrition (US/UK),,,,,,,,,,NONE,HIGH,صب واي,Subway,بيانات السوق الأجنبي فقط — تُوسم صراحةً ولا تُقدَّم كقيم سعودية.
QGAP-00560,صب واي - بطاطس شيبس,Subway - Chips,صب واي,Subway,Subway,RESTAURANT,مطاعم,ساندويتش,,,KSA,VERY_HIGH,P1,MISSING,,OFFICIAL_FOREIGN_MARKET,Subway corporate nutrition (US/UK),,,,,,,,,,NONE,HIGH,صب واي,Subway,بيانات السوق الأجنبي فقط — تُوسم صراحةً ولا تُقدَّم كقيم سعودية.
QGAP-00561,دومينوز - بيتزا بيبروني وسط,Domino's - Pepperoni medium pizza,دومينوز,Domino's,Domino's,RESTAURANT,مطاعم,بيتزا,,,KSA,VERY_HIGH,P1,MISSING,,OFFICIAL_FOREIGN_MARKET,Domino's corporate nutrition,,,,,,,,,,NONE,HIGH,دومينوز,Domino's,بيانات السوق الأجنبي فقط — تُوسم صراحةً ولا تُقدَّم كقيم سعودية.
QGAP-00562,دومينوز - بيتزا سوبريم كبيرة,Domino's - Supreme large pizza,دومينوز,Domino's,Domino's,RESTAURANT,مطاعم,بيتزا,,,KSA,VERY_HIGH,P1,MISSING,,OFFICIAL_FOREIGN_MARKET,Domino's corporate nutrition,,,,,,,,,,NONE,HIGH,دومينوز,Domino's,بيانات السوق الأجنبي فقط — تُوسم صراحةً ولا تُقدَّم كقيم سعودية.
QGAP-00563,دومينوز - بيتزا دجاج باربكيو,Domino's - BBQ chicken pizza,دومينوز,Domino's,Domino's,RESTAURANT,مطاعم,بيتزا,,,KSA,VERY_HIGH,P1,MISSING,,OFFICIAL_FOREIGN_MARKET,Domino's corporate nutrition,,,,,,,,,,NONE,HIGH,دومينوز,Domino's,بيانات السوق الأجنبي فقط — تُوسم صراحةً ولا تُقدَّم كقيم سعودية.
QGAP-00564,دومينوز - بيتزا مارغريتا,Domino's - Margherita pizza,دومينوز,Domino's,Domino's,RESTAURANT,مطاعم,بيتزا,,,KSA,VERY_HIGH,P1,MISSING,,OFFICIAL_FOREIGN_MARKET,Domino's corporate nutrition,,,,,,,,,,NONE,HIGH,دومينوز,Domino's,بيانات السوق الأجنبي فقط — تُوسم صراحةً ولا تُقدَّم كقيم سعودية.
QGAP-00565,دومينوز - بيتزا لحم مشكل,Domino's - Meat lovers pizza,دومينوز,Domino's,Domino's,RESTAURANT,مطاعم,بيتزا,,,KSA,VERY_HIGH,P1,MISSING,,OFFICIAL_FOREIGN_MARKET,Domino's corporate nutrition,,,,,,,,,,NONE,HIGH,دومينوز,Domino's,بيانات السوق الأجنبي فقط — تُوسم صراحةً ولا تُقدَّم كقيم سعودية.
QGAP-00566,دومينوز - باستا الفريدو,Domino's - Alfredo pasta,دومينوز,Domino's,Domino's,RESTAURANT,مطاعم,بيتزا,,,KSA,VERY_HIGH,P1,MISSING,,OFFICIAL_FOREIGN_MARKET,Domino's corporate nutrition,,,,,,,,,,NONE,HIGH,دومينوز,Domino's,بيانات السوق الأجنبي فقط — تُوسم صراحةً ولا تُقدَّم كقيم سعودية.
QGAP-00567,دومينوز - ساندويتش دجاج,Domino's - Chicken sandwich,دومينوز,Domino's,Domino's,RESTAURANT,مطاعم,بيتزا,,,KSA,VERY_HIGH,P1,MISSING,,OFFICIAL_FOREIGN_MARKET,Domino's corporate nutrition,,,,,,,,,,NONE,HIGH,دومينوز,Domino's,بيانات السوق الأجنبي فقط — تُوسم صراحةً ولا تُقدَّم كقيم سعودية.
QGAP-00568,دومينوز - عيدان الجبن,Domino's - Cheesy bread,دومينوز,Domino's,Domino's,RESTAURANT,مطاعم,بيتزا,,,KSA,VERY_HIGH,P1,MISSING,,OFFICIAL_FOREIGN_MARKET,Domino's corporate nutrition,,,,,,,,,,NONE,HIGH,دومينوز,Domino's,بيانات السوق الأجنبي فقط — تُوسم صراحةً ولا تُقدَّم كقيم سعودية.
QGAP-00569,دومينوز - أجنحة باربكيو,Domino's - BBQ wings,دومينوز,Domino's,Domino's,RESTAURANT,مطاعم,بيتزا,,,KSA,VERY_HIGH,P1,MISSING,,OFFICIAL_FOREIGN_MARKET,Domino's corporate nutrition,,,,,,,,,,NONE,HIGH,دومينوز,Domino's,بيانات السوق الأجنبي فقط — تُوسم صراحةً ولا تُقدَّم كقيم سعودية.
QGAP-00570,دومينوز - لافا كيك,Domino's - Chocolate lava cake,دومينوز,Domino's,Domino's,RESTAURANT,مطاعم,بيتزا,,,KSA,VERY_HIGH,P1,MISSING,,OFFICIAL_FOREIGN_MARKET,Domino's corporate nutrition,,,,,,,,,,NONE,HIGH,دومينوز,Domino's,بيانات السوق الأجنبي فقط — تُوسم صراحةً ولا تُقدَّم كقيم سعودية.
QGAP-00571,دومينوز - بطاطس ودجز,Domino's - Potato wedges,دومينوز,Domino's,Domino's,RESTAURANT,مطاعم,بيتزا,,,KSA,VERY_HIGH,P1,MISSING,,OFFICIAL_FOREIGN_MARKET,Domino's corporate nutrition,,,,,,,,,,NONE,HIGH,دومينوز,Domino's,بيانات السوق الأجنبي فقط — تُوسم صراحةً ولا تُقدَّم كقيم سعودية.
QGAP-00572,دومينوز - سلطة,Domino's - Garden salad,دومينوز,Domino's,Domino's,RESTAURANT,مطاعم,بيتزا,,,KSA,VERY_HIGH,P1,MISSING,,OFFICIAL_FOREIGN_MARKET,Domino's corporate nutrition,,,,,,,,,,NONE,HIGH,دومينوز,Domino's,بيانات السوق الأجنبي فقط — تُوسم صراحةً ولا تُقدَّم كقيم سعودية.
QGAP-00573,بيتزا هت - بيتزا بان ببروني وسط,Pizza Hut - Pan pepperoni medium,بيتزا هت,Pizza Hut,Pizza Hut,RESTAURANT,مطاعم,بيتزا,,,KSA,VERY_HIGH,P1,MISSING,,OFFICIAL_FOREIGN_MARKET,Pizza Hut corporate nutrition,,,,,,,,,,NONE,HIGH,بيتزا هت,Pizza Hut,بيانات السوق الأجنبي فقط — تُوسم صراحةً ولا تُقدَّم كقيم سعودية.
QGAP-00574,بيتزا هت - بيتزا ستفد كرست,Pizza Hut - Stuffed crust pizza,بيتزا هت,Pizza Hut,Pizza Hut,RESTAURANT,مطاعم,بيتزا,,,KSA,VERY_HIGH,P1,MISSING,,OFFICIAL_FOREIGN_MARKET,Pizza Hut corporate nutrition,,,,,,,,,,NONE,HIGH,بيتزا هت,Pizza Hut,بيانات السوق الأجنبي فقط — تُوسم صراحةً ولا تُقدَّم كقيم سعودية.
QGAP-00575,بيتزا هت - بيتزا دجاج رانش,Pizza Hut - Chicken ranch pizza,بيتزا هت,Pizza Hut,Pizza Hut,RESTAURANT,مطاعم,بيتزا,,,KSA,VERY_HIGH,P1,MISSING,,OFFICIAL_FOREIGN_MARKET,Pizza Hut corporate nutrition,,,,,,,,,,NONE,HIGH,بيتزا هت,Pizza Hut,بيانات السوق الأجنبي فقط — تُوسم صراحةً ولا تُقدَّم كقيم سعودية.
QGAP-00576,بيتزا هت - بيتزا سي فود,Pizza Hut - Seafood pizza,بيتزا هت,Pizza Hut,Pizza Hut,RESTAURANT,مطاعم,بيتزا,,,KSA,VERY_HIGH,P1,MISSING,,OFFICIAL_FOREIGN_MARKET,Pizza Hut corporate nutrition,,,,,,,,,,NONE,HIGH,بيتزا هت,Pizza Hut,بيانات السوق الأجنبي فقط — تُوسم صراحةً ولا تُقدَّم كقيم سعودية.
QGAP-00577,بيتزا هت - بيتزا خضار,Pizza Hut - Veggie pizza,بيتزا هت,Pizza Hut,Pizza Hut,RESTAURANT,مطاعم,بيتزا,,,KSA,VERY_HIGH,P1,MISSING,,OFFICIAL_FOREIGN_MARKET,Pizza Hut corporate nutrition,,,,,,,,,,NONE,HIGH,بيتزا هت,Pizza Hut,بيانات السوق الأجنبي فقط — تُوسم صراحةً ولا تُقدَّم كقيم سعودية.
QGAP-00578,بيتزا هت - باستا,Pizza Hut - Pasta,بيتزا هت,Pizza Hut,Pizza Hut,RESTAURANT,مطاعم,بيتزا,,,KSA,VERY_HIGH,P1,MISSING,,OFFICIAL_FOREIGN_MARKET,Pizza Hut corporate nutrition,,,,,,,,,,NONE,HIGH,بيتزا هت,Pizza Hut,بيانات السوق الأجنبي فقط — تُوسم صراحةً ولا تُقدَّم كقيم سعودية.
QGAP-00579,بيتزا هت - سلطة,Pizza Hut - Salad,بيتزا هت,Pizza Hut,Pizza Hut,RESTAURANT,مطاعم,بيتزا,,,KSA,VERY_HIGH,P1,EXISTS_GENERIC_ONLY,pizza-slice · بيتزا,OFFICIAL_FOREIGN_MARKET,Pizza Hut corporate nutrition,,,,,,,,,,NONE,HIGH,بيتزا هت,Pizza Hut,بيانات السوق الأجنبي فقط — تُوسم صراحةً ولا تُقدَّم كقيم سعودية.
QGAP-00580,بيتزا هت - حلى شوكولاتة,Pizza Hut - Chocolate dessert,بيتزا هت,Pizza Hut,Pizza Hut,RESTAURANT,مطاعم,بيتزا,,,KSA,VERY_HIGH,P1,MISSING,,OFFICIAL_FOREIGN_MARKET,Pizza Hut corporate nutrition,,,,,,,,,,NONE,HIGH,بيتزا هت,Pizza Hut,بيانات السوق الأجنبي فقط — تُوسم صراحةً ولا تُقدَّم كقيم سعودية.
QGAP-00581,بيتزا هت - بيتزا شخصية,Pizza Hut - Personal pan pizza,بيتزا هت,Pizza Hut,Pizza Hut,RESTAURANT,مطاعم,بيتزا,,,KSA,VERY_HIGH,P1,MISSING,,OFFICIAL_FOREIGN_MARKET,Pizza Hut corporate nutrition,,,,,,,,,,NONE,HIGH,بيتزا هت,Pizza Hut,بيانات السوق الأجنبي فقط — تُوسم صراحةً ولا تُقدَّم كقيم سعودية.
QGAP-00582,بيتزا هت - كرسبي بايتس,Pizza Hut - Crispy bites,بيتزا هت,Pizza Hut,Pizza Hut,RESTAURANT,مطاعم,بيتزا,,,KSA,VERY_HIGH,P1,MISSING,,OFFICIAL_FOREIGN_MARKET,Pizza Hut corporate nutrition,,,,,,,,,,NONE,HIGH,بيتزا هت,Pizza Hut,بيانات السوق الأجنبي فقط — تُوسم صراحةً ولا تُقدَّم كقيم سعودية.
QGAP-00583,بابا جونز - بيتزا ببروني,Papa John's - Pepperoni pizza,بابا جونز,Papa John's,Papa John's,RESTAURANT,مطاعم,بيتزا,,,KSA,HIGH,P1,MISSING,,OFFICIAL_FOREIGN_MARKET,Papa John's corporate nutrition,,,,,,,,,,NONE,HIGH,بابا جونز,Papa John's,بيانات السوق الأجنبي فقط — تُوسم صراحةً ولا تُقدَّم كقيم سعودية.
QGAP-00584,بابا جونز - بيتزا سوبريم,Papa John's - The Works pizza,بابا جونز,Papa John's,Papa John's,RESTAURANT,مطاعم,بيتزا,,,KSA,HIGH,P1,MISSING,,OFFICIAL_FOREIGN_MARKET,Papa John's corporate nutrition,,,,,,,,,,NONE,HIGH,بابا جونز,Papa John's,بيانات السوق الأجنبي فقط — تُوسم صراحةً ولا تُقدَّم كقيم سعودية.
QGAP-00585,بابا جونز - بيتزا دجاج باربكيو,Papa John's - BBQ chicken pizza,بابا جونز,Papa John's,Papa John's,RESTAURANT,مطاعم,بيتزا,,,KSA,HIGH,P1,MISSING,,OFFICIAL_FOREIGN_MARKET,Papa John's corporate nutrition,,,,,,,,,,NONE,HIGH,بابا جونز,Papa John's,بيانات السوق الأجنبي فقط — تُوسم صراحةً ولا تُقدَّم كقيم سعودية.
QGAP-00586,بابا جونز - خبز بالثوم,Papa John's - Garlic knots,بابا جونز,Papa John's,Papa John's,RESTAURANT,مطاعم,بيتزا,,,KSA,HIGH,P1,MISSING,,OFFICIAL_FOREIGN_MARKET,Papa John's corporate nutrition,,,,,,,,,,NONE,HIGH,بابا جونز,Papa John's,بيانات السوق الأجنبي فقط — تُوسم صراحةً ولا تُقدَّم كقيم سعودية.
QGAP-00587,بابا جونز - أجنحة,Papa John's - Wings,بابا جونز,Papa John's,Papa John's,RESTAURANT,مطاعم,بيتزا,,,KSA,HIGH,P1,MISSING,,OFFICIAL_FOREIGN_MARKET,Papa John's corporate nutrition,,,,,,,,,,NONE,HIGH,بابا جونز,Papa John's,بيانات السوق الأجنبي فقط — تُوسم صراحةً ولا تُقدَّم كقيم سعودية.
QGAP-00588,بابا جونز - حلى براوني,Papa John's - Brownie,بابا جونز,Papa John's,Papa John's,RESTAURANT,مطاعم,بيتزا,,,KSA,HIGH,P1,MISSING,,OFFICIAL_FOREIGN_MARKET,Papa John's corporate nutrition,,,,,,,,,,NONE,HIGH,بابا جونز,Papa John's,بيانات السوق الأجنبي فقط — تُوسم صراحةً ولا تُقدَّم كقيم سعودية.
QGAP-00589,بابا جونز - سلطة,Papa John's - Salad,بابا جونز,Papa John's,Papa John's,RESTAURANT,مطاعم,بيتزا,,,KSA,HIGH,P1,MISSING,,OFFICIAL_FOREIGN_MARKET,Papa John's corporate nutrition,,,,,,,,,,NONE,HIGH,بابا جونز,Papa John's,بيانات السوق الأجنبي فقط — تُوسم صراحةً ولا تُقدَّم كقيم سعودية.
QGAP-00590,ليتل سيزرز - بيتزا ببروني كلاسيك,Little Caesars - Classic pepperoni pizza,ليتل سيزرز,Little Caesars,Little Caesars,RESTAURANT,مطاعم,بيتزا,,,KSA,HIGH,P1,MISSING,,OFFICIAL_FOREIGN_MARKET,Little Caesars nutrition,,,,,,,,,,NONE,HIGH,ليتل سيزرز,Little Caesars,بيانات السوق الأجنبي فقط — تُوسم صراحةً ولا تُقدَّم كقيم سعودية.
QGAP-00591,ليتل سيزرز - بيتزا جبن,Little Caesars - Cheese pizza,ليتل سيزرز,Little Caesars,Little Caesars,RESTAURANT,مطاعم,بيتزا,,,KSA,HIGH,P1,MISSING,,OFFICIAL_FOREIGN_MARKET,Little Caesars nutrition,,,,,,,,,,NONE,HIGH,ليتل سيزرز,Little Caesars,بيانات السوق الأجنبي فقط — تُوسم صراحةً ولا تُقدَّم كقيم سعودية.
QGAP-00592,ليتل سيزرز - بيتزا إكسترا موست بستيد,Little Caesars - ExtraMostBestest pizza,ليتل سيزرز,Little Caesars,Little Caesars,RESTAURANT,مطاعم,بيتزا,,,KSA,HIGH,P1,MISSING,,OFFICIAL_FOREIGN_MARKET,Little Caesars nutrition,,,,,,,,,,NONE,HIGH,ليتل سيزرز,Little Caesars,بيانات السوق الأجنبي فقط — تُوسم صراحةً ولا تُقدَّم كقيم سعودية.
QGAP-00593,ليتل سيزرز - عيدان خبز بالجبن,Little Caesars - Crazy bread,ليتل سيزرز,Little Caesars,Little Caesars,RESTAURANT,مطاعم,بيتزا,,,KSA,HIGH,P1,MISSING,,OFFICIAL_FOREIGN_MARKET,Little Caesars nutrition,,,,,,,,,,NONE,HIGH,ليتل سيزرز,Little Caesars,بيانات السوق الأجنبي فقط — تُوسم صراحةً ولا تُقدَّم كقيم سعودية.
QGAP-00594,ليتل سيزرز - أجنحة,Little Caesars - Caesar wings,ليتل سيزرز,Little Caesars,Little Caesars,RESTAURANT,مطاعم,بيتزا,,,KSA,HIGH,P1,MISSING,,OFFICIAL_FOREIGN_MARKET,Little Caesars nutrition,,,,,,,,,,NONE,HIGH,ليتل سيزرز,Little Caesars,بيانات السوق الأجنبي فقط — تُوسم صراحةً ولا تُقدَّم كقيم سعودية.
QGAP-00595,ليتل سيزرز - صوص مارينارا,Little Caesars - Marinara sauce,ليتل سيزرز,Little Caesars,Little Caesars,RESTAURANT,مطاعم,بيتزا,,,KSA,HIGH,P1,MISSING,,OFFICIAL_FOREIGN_MARKET,Little Caesars nutrition,,,,,,,,,,NONE,HIGH,ليتل سيزرز,Little Caesars,بيانات السوق الأجنبي فقط — تُوسم صراحةً ولا تُقدَّم كقيم سعودية.
QGAP-00596,فايف غايز - بيكون تشيز برجر,Five Guys - Bacon cheeseburger,فايف غايز,Five Guys,Five Guys,RESTAURANT,مطاعم,برجر,,,KSA,MEDIUM,P1,MISSING,,OFFICIAL_FOREIGN_MARKET,Five Guys nutrition,,,,,,,,,,NONE,HIGH,فايف غايز,Five Guys,بيانات السوق الأجنبي فقط — تُوسم صراحةً ولا تُقدَّم كقيم سعودية.
QGAP-00597,فايف غايز - هامبرجر عادي,Five Guys - Regular hamburger,فايف غايز,Five Guys,Five Guys,RESTAURANT,مطاعم,برجر,,,KSA,MEDIUM,P1,MISSING,,OFFICIAL_FOREIGN_MARKET,Five Guys nutrition,,,,,,,,,,NONE,HIGH,فايف غايز,Five Guys,بيانات السوق الأجنبي فقط — تُوسم صراحةً ولا تُقدَّم كقيم سعودية.
QGAP-00598,فايف غايز - ليتل تشيز برجر,Five Guys - Little cheeseburger,فايف غايز,Five Guys,Five Guys,RESTAURANT,مطاعم,برجر,,,KSA,MEDIUM,P1,MISSING,,OFFICIAL_FOREIGN_MARKET,Five Guys nutrition,,,,,,,,,,NONE,HIGH,فايف غايز,Five Guys,بيانات السوق الأجنبي فقط — تُوسم صراحةً ولا تُقدَّم كقيم سعودية.
QGAP-00599,فايف غايز - بطاطس كاجون,Five Guys - Cajun fries,فايف غايز,Five Guys,Five Guys,RESTAURANT,مطاعم,برجر,,,KSA,MEDIUM,P1,MISSING,,OFFICIAL_FOREIGN_MARKET,Five Guys nutrition,,,,,,,,,,NONE,HIGH,فايف غايز,Five Guys,بيانات السوق الأجنبي فقط — تُوسم صراحةً ولا تُقدَّم كقيم سعودية.
QGAP-00600,فايف غايز - ميلك شيك,Five Guys - Milkshake,فايف غايز,Five Guys,Five Guys,RESTAURANT,مطاعم,برجر,,,KSA,MEDIUM,P1,EXISTS_GENERIC_ONLY,milkshake · ميلك شيك,OFFICIAL_FOREIGN_MARKET,Five Guys nutrition,,,,,,,,,,NONE,HIGH,فايف غايز,Five Guys,بيانات السوق الأجنبي فقط — تُوسم صراحةً ولا تُقدَّم كقيم سعودية.
QGAP-00601,فايف غايز - ساندويتش خضار,Five Guys - Veggie sandwich,فايف غايز,Five Guys,Five Guys,RESTAURANT,مطاعم,برجر,,,KSA,MEDIUM,P1,MISSING,,OFFICIAL_FOREIGN_MARKET,Five Guys nutrition,,,,,,,,,,NONE,HIGH,فايف غايز,Five Guys,بيانات السوق الأجنبي فقط — تُوسم صراحةً ولا تُقدَّم كقيم سعودية.
QGAP-00602,فايف غايز - هوت دوج بالجبن,Five Guys - Cheese dog,فايف غايز,Five Guys,Five Guys,RESTAURANT,مطاعم,برجر,,,KSA,MEDIUM,P1,EXISTS_GENERIC_ONLY,fiveguys-hotdog · فايف غايز - هوت دوج,OFFICIAL_FOREIGN_MARKET,Five Guys nutrition,,,,,,,,,,NONE,HIGH,فايف غايز,Five Guys,بيانات السوق الأجنبي فقط — تُوسم صراحةً ولا تُقدَّم كقيم سعودية.
QGAP-00603,شيك شاك - سموك شاك,Shake Shack - SmokeShack,شيك شاك,Shake Shack,Shake Shack,RESTAURANT,مطاعم,برجر,,,KSA,MEDIUM,P1,MISSING,,OFFICIAL_FOREIGN_MARKET,Shake Shack nutrition,,,,,,,,,,NONE,HIGH,شيك شاك,Shake Shack,بيانات السوق الأجنبي فقط — تُوسم صراحةً ولا تُقدَّم كقيم سعودية.
QGAP-00604,شيك شاك - شروم برجر,Shake Shack - Shroom burger,شيك شاك,Shake Shack,Shake Shack,RESTAURANT,مطاعم,برجر,,,KSA,MEDIUM,P1,MISSING,,OFFICIAL_FOREIGN_MARKET,Shake Shack nutrition,,,,,,,,,,NONE,HIGH,شيك شاك,Shake Shack,بيانات السوق الأجنبي فقط — تُوسم صراحةً ولا تُقدَّم كقيم سعودية.
QGAP-00605,شيك شاك - تشيكن شاك,Shake Shack - Chicken Shack,شيك شاك,Shake Shack,Shake Shack,RESTAURANT,مطاعم,برجر,,,KSA,MEDIUM,P1,MISSING,,OFFICIAL_FOREIGN_MARKET,Shake Shack nutrition,,,,,,,,,,NONE,HIGH,شيك شاك,Shake Shack,بيانات السوق الأجنبي فقط — تُوسم صراحةً ولا تُقدَّم كقيم سعودية.
QGAP-00606,شيك شاك - كرينكل فرايز,Shake Shack - Crinkle cut fries,شيك شاك,Shake Shack,Shake Shack,RESTAURANT,مطاعم,برجر,,,KSA,MEDIUM,P1,MISSING,,OFFICIAL_FOREIGN_MARKET,Shake Shack nutrition,,,,,,,,,,NONE,HIGH,شيك شاك,Shake Shack,بيانات السوق الأجنبي فقط — تُوسم صراحةً ولا تُقدَّم كقيم سعودية.
QGAP-00607,شيك شاك - بطاطس بالجبن,Shake Shack - Cheese fries,شيك شاك,Shake Shack,Shake Shack,RESTAURANT,مطاعم,برجر,,,KSA,MEDIUM,P1,EXISTS_GENERIC_ONLY,loaded-fries · بطاطس بالجبن,OFFICIAL_FOREIGN_MARKET,Shake Shack nutrition,,,,,,,,,,NONE,HIGH,شيك شاك,Shake Shack,بيانات السوق الأجنبي فقط — تُوسم صراحةً ولا تُقدَّم كقيم سعودية.
QGAP-00608,شيك شاك - كونكريت,Shake Shack - Concrete,شيك شاك,Shake Shack,Shake Shack,RESTAURANT,مطاعم,برجر,,,KSA,MEDIUM,P1,MISSING,,OFFICIAL_FOREIGN_MARKET,Shake Shack nutrition,,,,,,,,,,NONE,HIGH,شيك شاك,Shake Shack,بيانات السوق الأجنبي فقط — تُوسم صراحةً ولا تُقدَّم كقيم سعودية.
QGAP-00609,شيك شاك - هوت دوج,Shake Shack - Hot dog,شيك شاك,Shake Shack,Shake Shack,RESTAURANT,مطاعم,برجر,,,KSA,MEDIUM,P1,EXISTS_GENERIC_ONLY,hotdog · هوت دوج,OFFICIAL_FOREIGN_MARKET,Shake Shack nutrition,,,,,,,,,,NONE,HIGH,شيك شاك,Shake Shack,بيانات السوق الأجنبي فقط — تُوسم صراحةً ولا تُقدَّم كقيم سعودية.
QGAP-00610,شيك شاك - ليموناضة,Shake Shack - Lemonade,شيك شاك,Shake Shack,Shake Shack,RESTAURANT,مطاعم,برجر,,,KSA,MEDIUM,P1,MISSING,,OFFICIAL_FOREIGN_MARKET,Shake Shack nutrition,,,,,,,,,,NONE,HIGH,شيك شاك,Shake Shack,بيانات السوق الأجنبي فقط — تُوسم صراحةً ولا تُقدَّم كقيم سعودية.
QGAP-00611,رايزنق كينز - وجبة 3 أصابع دجاج,Raising Cane's - Box combo 3 tenders,رايزنق كينز,Raising Cane's,Raising Cane's,RESTAURANT,مطاعم,دجاج مقلي,,,KSA,HIGH,P1,MISSING,,OFFICIAL_FOREIGN_MARKET,Raising Cane's nutrition,,,,,,,,,,NONE,HIGH,رايزنق كينز,Raising Cane's,بيانات السوق الأجنبي فقط — تُوسم صراحةً ولا تُقدَّم كقيم سعودية.
QGAP-00612,رايزنق كينز - وجبة كاني كومبو,Raising Cane's - Caniac combo,رايزنق كينز,Raising Cane's,Raising Cane's,RESTAURANT,مطاعم,دجاج مقلي,,,KSA,HIGH,P1,MISSING,,OFFICIAL_FOREIGN_MARKET,Raising Cane's nutrition,,,,,,,,,,NONE,HIGH,رايزنق كينز,Raising Cane's,بيانات السوق الأجنبي فقط — تُوسم صراحةً ولا تُقدَّم كقيم سعودية.
QGAP-00613,رايزنق كينز - ساندويتش دجاج,Raising Cane's - Chicken sandwich,رايزنق كينز,Raising Cane's,Raising Cane's,RESTAURANT,مطاعم,دجاج مقلي,,,KSA,HIGH,P1,MISSING,,OFFICIAL_FOREIGN_MARKET,Raising Cane's nutrition,,,,,,,,,,NONE,HIGH,رايزنق كينز,Raising Cane's,بيانات السوق الأجنبي فقط — تُوسم صراحةً ولا تُقدَّم كقيم سعودية.
QGAP-00614,رايزنق كينز - كرينكل فرايز,Raising Cane's - Crinkle-cut fries,رايزنق كينز,Raising Cane's,Raising Cane's,RESTAURANT,مطاعم,دجاج مقلي,,,KSA,HIGH,P1,MISSING,,OFFICIAL_FOREIGN_MARKET,Raising Cane's nutrition,,,,,,,,,,NONE,HIGH,رايزنق كينز,Raising Cane's,بيانات السوق الأجنبي فقط — تُوسم صراحةً ولا تُقدَّم كقيم سعودية.
QGAP-00615,رايزنق كينز - خبز تكساس,Raising Cane's - Texas toast,رايزنق كينز,Raising Cane's,Raising Cane's,RESTAURANT,مطاعم,دجاج مقلي,,,KSA,HIGH,P1,MISSING,,OFFICIAL_FOREIGN_MARKET,Raising Cane's nutrition,,,,,,,,,,NONE,HIGH,رايزنق كينز,Raising Cane's,بيانات السوق الأجنبي فقط — تُوسم صراحةً ولا تُقدَّم كقيم سعودية.
QGAP-00616,رايزنق كينز - كول سلو,Raising Cane's - Coleslaw,رايزنق كينز,Raising Cane's,Raising Cane's,RESTAURANT,مطاعم,دجاج مقلي,,,KSA,HIGH,P1,MISSING,,OFFICIAL_FOREIGN_MARKET,Raising Cane's nutrition,,,,,,,,,,NONE,HIGH,رايزنق كينز,Raising Cane's,بيانات السوق الأجنبي فقط — تُوسم صراحةً ولا تُقدَّم كقيم سعودية.
QGAP-00617,رايزنق كينز - صوص كينز,Raising Cane's - Cane's sauce,رايزنق كينز,Raising Cane's,Raising Cane's,RESTAURANT,مطاعم,دجاج مقلي,,,KSA,HIGH,P1,MISSING,,OFFICIAL_FOREIGN_MARKET,Raising Cane's nutrition,,,,,,,,,,NONE,HIGH,رايزنق كينز,Raising Cane's,بيانات السوق الأجنبي فقط — تُوسم صراحةً ولا تُقدَّم كقيم سعودية.
QGAP-00618,رايزنق كينز - شاي مثلج,Raising Cane's - Sweet tea,رايزنق كينز,Raising Cane's,Raising Cane's,RESTAURANT,مطاعم,دجاج مقلي,,,KSA,HIGH,P1,MISSING,,OFFICIAL_FOREIGN_MARKET,Raising Cane's nutrition,,,,,,,,,,NONE,HIGH,رايزنق كينز,Raising Cane's,بيانات السوق الأجنبي فقط — تُوسم صراحةً ولا تُقدَّم كقيم سعودية.
QGAP-00619,ستاربكس - فلات وايت,Starbucks - Flat White,ستاربكس,Starbucks,Starbucks,RESTAURANT,مطاعم,قهوة,,,KSA,VERY_HIGH,P0,MISSING,,OFFICIAL_LOCAL_KCAL,Starbucks KSA menu (SFDA) — وصفات MENA تختلف عن أمريكا,,,,,,,,,,NONE,HIGH,ستاربكس,Starbucks,السعرات متاحة رسميًا على قائمة الفرع/التطبيق (إلزام SFDA منذ ١ يوليو ٢٠٢٥). الماكروز غير منشورة — تبقى فارغة.
QGAP-00620,ستاربكس - كورتادو,Starbucks - Cortado,ستاربكس,Starbucks,Starbucks,RESTAURANT,مطاعم,قهوة,,,KSA,VERY_HIGH,P0,MISSING,,OFFICIAL_LOCAL_KCAL,Starbucks KSA menu (SFDA) — وصفات MENA تختلف عن أمريكا,,,,,,,,,,NONE,HIGH,ستاربكس,Starbucks,السعرات متاحة رسميًا على قائمة الفرع/التطبيق (إلزام SFDA منذ ١ يوليو ٢٠٢٥). الماكروز غير منشورة — تبقى فارغة.
QGAP-00621,ستاربكس - كولد برو,Starbucks - Cold Brew,ستاربكس,Starbucks,Starbucks,RESTAURANT,مطاعم,قهوة,,,KSA,VERY_HIGH,P0,MISSING,,OFFICIAL_LOCAL_KCAL,Starbucks KSA menu (SFDA) — وصفات MENA تختلف عن أمريكا,,,,,,,,,,NONE,HIGH,ستاربكس,Starbucks,السعرات متاحة رسميًا على قائمة الفرع/التطبيق (إلزام SFDA منذ ١ يوليو ٢٠٢٥). الماكروز غير منشورة — تبقى فارغة.
QGAP-00622,ستاربكس - آيس سبانيش لاتيه,Starbucks - Iced Spanish Latte,ستاربكس,Starbucks,Starbucks,RESTAURANT,مطاعم,قهوة,,,KSA,VERY_HIGH,P0,EXISTS_GENERIC_ONLY,spanish-latte · سبانش لاتيه,OFFICIAL_LOCAL_KCAL,Starbucks KSA menu (SFDA) — وصفات MENA تختلف عن أمريكا,,,,,,,,,,NONE,HIGH,ستاربكس,Starbucks,السعرات متاحة رسميًا على قائمة الفرع/التطبيق (إلزام SFDA منذ ١ يوليو ٢٠٢٥). الماكروز غير منشورة — تبقى فارغة.
QGAP-00623,ستاربكس - بينك درينك,Starbucks - Pink Drink,ستاربكس,Starbucks,Starbucks,RESTAURANT,مطاعم,قهوة,,,KSA,VERY_HIGH,P0,MISSING,,OFFICIAL_LOCAL_KCAL,Starbucks KSA menu (SFDA) — وصفات MENA تختلف عن أمريكا,,,,,,,,,,NONE,HIGH,ستاربكس,Starbucks,السعرات متاحة رسميًا على قائمة الفرع/التطبيق (إلزام SFDA منذ ١ يوليو ٢٠٢٥). الماكروز غير منشورة — تبقى فارغة.
QGAP-00624,ستاربكس - ماتشا لاتيه,Starbucks - Matcha Latte,ستاربكس,Starbucks,Starbucks,RESTAURANT,مطاعم,قهوة,,,KSA,VERY_HIGH,P0,MISSING,,OFFICIAL_LOCAL_KCAL,Starbucks KSA menu (SFDA) — وصفات MENA تختلف عن أمريكا,,,,,,,,,,NONE,HIGH,ستاربكس,Starbucks,السعرات متاحة رسميًا على قائمة الفرع/التطبيق (إلزام SFDA منذ ١ يوليو ٢٠٢٥). الماكروز غير منشورة — تبقى فارغة.
QGAP-00625,ستاربكس - شاي تشاي لاتيه,Starbucks - Chai Tea Latte,ستاربكس,Starbucks,Starbucks,RESTAURANT,مطاعم,قهوة,,,KSA,VERY_HIGH,P0,MISSING,,OFFICIAL_LOCAL_KCAL,Starbucks KSA menu (SFDA) — وصفات MENA تختلف عن أمريكا,,,,,,,,,,NONE,HIGH,ستاربكس,Starbucks,السعرات متاحة رسميًا على قائمة الفرع/التطبيق (إلزام SFDA منذ ١ يوليو ٢٠٢٥). الماكروز غير منشورة — تبقى فارغة.
QGAP-00626,ستاربكس - وايت موكا,Starbucks - White Chocolate Mocha,ستاربكس,Starbucks,Starbucks,RESTAURANT,مطاعم,قهوة,,,KSA,VERY_HIGH,P0,MISSING,,OFFICIAL_LOCAL_KCAL,Starbucks KSA menu (SFDA) — وصفات MENA تختلف عن أمريكا,,,,,,,,,,NONE,HIGH,ستاربكس,Starbucks,السعرات متاحة رسميًا على قائمة الفرع/التطبيق (إلزام SFDA منذ ١ يوليو ٢٠٢٥). الماكروز غير منشورة — تبقى فارغة.
QGAP-00627,ستاربكس - فرابتشينو موكا,Starbucks - Mocha Frappuccino,ستاربكس,Starbucks,Starbucks,RESTAURANT,مطاعم,قهوة,,,KSA,VERY_HIGH,P0,MISSING,,OFFICIAL_LOCAL_KCAL,Starbucks KSA menu (SFDA) — وصفات MENA تختلف عن أمريكا,,,,,,,,,,NONE,HIGH,ستاربكس,Starbucks,السعرات متاحة رسميًا على قائمة الفرع/التطبيق (إلزام SFDA منذ ١ يوليو ٢٠٢٥). الماكروز غير منشورة — تبقى فارغة.
QGAP-00628,ستاربكس - فرابتشينو جافا تشيب,Starbucks - Java Chip Frappuccino,ستاربكس,Starbucks,Starbucks,RESTAURANT,مطاعم,قهوة,,,KSA,VERY_HIGH,P0,MISSING,,OFFICIAL_LOCAL_KCAL,Starbucks KSA menu (SFDA) — وصفات MENA تختلف عن أمريكا,,,,,,,,,,NONE,HIGH,ستاربكس,Starbucks,السعرات متاحة رسميًا على قائمة الفرع/التطبيق (إلزام SFDA منذ ١ يوليو ٢٠٢٥). الماكروز غير منشورة — تبقى فارغة.
QGAP-00629,ستاربكس - هوت شوكليت,Starbucks - Hot Chocolate,ستاربكس,Starbucks,Starbucks,RESTAURANT,مطاعم,قهوة,,,KSA,VERY_HIGH,P0,MISSING,,OFFICIAL_LOCAL_KCAL,Starbucks KSA menu (SFDA) — وصفات MENA تختلف عن أمريكا,,,,,,,,,,NONE,HIGH,ستاربكس,Starbucks,السعرات متاحة رسميًا على قائمة الفرع/التطبيق (إلزام SFDA منذ ١ يوليو ٢٠٢٥). الماكروز غير منشورة — تبقى فارغة.
QGAP-00630,ستاربكس - إسبريسو دبل,Starbucks - Double Espresso,ستاربكس,Starbucks,Starbucks,RESTAURANT,مطاعم,قهوة,,,KSA,VERY_HIGH,P0,MISSING,,OFFICIAL_LOCAL_KCAL,Starbucks KSA menu (SFDA) — وصفات MENA تختلف عن أمريكا,,,,,,,,,,NONE,HIGH,ستاربكس,Starbucks,السعرات متاحة رسميًا على قائمة الفرع/التطبيق (إلزام SFDA منذ ١ يوليو ٢٠٢٥). الماكروز غير منشورة — تبقى فارغة.
QGAP-00631,ستاربكس - كيك بوب,Starbucks - Cake pop,ستاربكس,Starbucks,Starbucks,RESTAURANT,مطاعم,قهوة,,,KSA,VERY_HIGH,P0,MISSING,,OFFICIAL_LOCAL_KCAL,Starbucks KSA menu (SFDA) — وصفات MENA تختلف عن أمريكا,,,,,,,,,,NONE,HIGH,ستاربكس,Starbucks,السعرات متاحة رسميًا على قائمة الفرع/التطبيق (إلزام SFDA منذ ١ يوليو ٢٠٢٥). الماكروز غير منشورة — تبقى فارغة.
QGAP-00632,ستاربكس - تشيز كيك,Starbucks - Cheesecake,ستاربكس,Starbucks,Starbucks,RESTAURANT,مطاعم,قهوة,,,KSA,VERY_HIGH,P0,MISSING,,OFFICIAL_LOCAL_KCAL,Starbucks KSA menu (SFDA) — وصفات MENA تختلف عن أمريكا,,,,,,,,,,NONE,HIGH,ستاربكس,Starbucks,السعرات متاحة رسميًا على قائمة الفرع/التطبيق (إلزام SFDA منذ ١ يوليو ٢٠٢٥). الماكروز غير منشورة — تبقى فارغة.
QGAP-00633,ستاربكس - كرواسون بالزبدة,Starbucks - Butter croissant,ستاربكس,Starbucks,Starbucks,RESTAURANT,مطاعم,قهوة,,,KSA,VERY_HIGH,P0,MISSING,,OFFICIAL_LOCAL_KCAL,Starbucks KSA menu (SFDA) — وصفات MENA تختلف عن أمريكا,,,,,,,,,,NONE,HIGH,ستاربكس,Starbucks,السعرات متاحة رسميًا على قائمة الفرع/التطبيق (إلزام SFDA منذ ١ يوليو ٢٠٢٥). الماكروز غير منشورة — تبقى فارغة.
QGAP-00634,ستاربكس - ساندويتش تيركي,Starbucks - Turkey sandwich,ستاربكس,Starbucks,Starbucks,RESTAURANT,مطاعم,قهوة,,,KSA,VERY_HIGH,P0,MISSING,,OFFICIAL_LOCAL_KCAL,Starbucks KSA menu (SFDA) — وصفات MENA تختلف عن أمريكا,,,,,,,,,,NONE,HIGH,ستاربكس,Starbucks,السعرات متاحة رسميًا على قائمة الفرع/التطبيق (إلزام SFDA منذ ١ يوليو ٢٠٢٥). الماكروز غير منشورة — تبقى فارغة.
QGAP-00635,ستاربكس - مافن بلوبيري,Starbucks - Blueberry muffin,ستاربكس,Starbucks,Starbucks,RESTAURANT,مطاعم,قهوة,,,KSA,VERY_HIGH,P0,MISSING,,OFFICIAL_LOCAL_KCAL,Starbucks KSA menu (SFDA) — وصفات MENA تختلف عن أمريكا,,,,,,,,,,NONE,HIGH,ستاربكس,Starbucks,السعرات متاحة رسميًا على قائمة الفرع/التطبيق (إلزام SFDA منذ ١ يوليو ٢٠٢٥). الماكروز غير منشورة — تبقى فارغة.
QGAP-00636,ستاربكس - براوني,Starbucks - Brownie,ستاربكس,Starbucks,Starbucks,RESTAURANT,مطاعم,قهوة,,,KSA,VERY_HIGH,P0,MISSING,,OFFICIAL_LOCAL_KCAL,Starbucks KSA menu (SFDA) — وصفات MENA تختلف عن أمريكا,,,,,,,,,,NONE,HIGH,ستاربكس,Starbucks,السعرات متاحة رسميًا على قائمة الفرع/التطبيق (إلزام SFDA منذ ١ يوليو ٢٠٢٥). الماكروز غير منشورة — تبقى فارغة.
QGAP-00637,ستاربكس - بانانا بريد,Starbucks - Banana bread,ستاربكس,Starbucks,Starbucks,RESTAURANT,مطاعم,قهوة,,,KSA,VERY_HIGH,P0,MISSING,,OFFICIAL_LOCAL_KCAL,Starbucks KSA menu (SFDA) — وصفات MENA تختلف عن أمريكا,,,,,,,,,,NONE,HIGH,ستاربكس,Starbucks,السعرات متاحة رسميًا على قائمة الفرع/التطبيق (إلزام SFDA منذ ١ يوليو ٢٠٢٥). الماكروز غير منشورة — تبقى فارغة.
QGAP-00638,ستاربكس - أوت ميل,Starbucks - Oatmeal,ستاربكس,Starbucks,Starbucks,RESTAURANT,مطاعم,قهوة,,,KSA,VERY_HIGH,P0,MISSING,,OFFICIAL_LOCAL_KCAL,Starbucks KSA menu (SFDA) — وصفات MENA تختلف عن أمريكا,,,,,,,,,,NONE,HIGH,ستاربكس,Starbucks,السعرات متاحة رسميًا على قائمة الفرع/التطبيق (إلزام SFDA منذ ١ يوليو ٢٠٢٥). الماكروز غير منشورة — تبقى فارغة.
QGAP-00639,ستاربكس - كوكيز,Starbucks - Cookie,ستاربكس,Starbucks,Starbucks,RESTAURANT,مطاعم,قهوة,,,KSA,VERY_HIGH,P0,MISSING,,OFFICIAL_LOCAL_KCAL,Starbucks KSA menu (SFDA) — وصفات MENA تختلف عن أمريكا,,,,,,,,,,NONE,HIGH,ستاربكس,Starbucks,السعرات متاحة رسميًا على قائمة الفرع/التطبيق (إلزام SFDA منذ ١ يوليو ٢٠٢٥). الماكروز غير منشورة — تبقى فارغة.
QGAP-00640,ستاربكس - لاتيه بحليب الشوفان,Starbucks - Oat milk latte,ستاربكس,Starbucks,Starbucks,RESTAURANT,مطاعم,قهوة,,,KSA,VERY_HIGH,P0,MISSING,,OFFICIAL_LOCAL_KCAL,Starbucks KSA menu (SFDA) — وصفات MENA تختلف عن أمريكا,,,,,,,,,,NONE,HIGH,ستاربكس,Starbucks,السعرات متاحة رسميًا على قائمة الفرع/التطبيق (إلزام SFDA منذ ١ يوليو ٢٠٢٥). الماكروز غير منشورة — تبقى فارغة.
QGAP-00641,ستاربكس - شاي مثلج بالخوخ,Starbucks - Iced peach tea,ستاربكس,Starbucks,Starbucks,RESTAURANT,مطاعم,قهوة,,,KSA,VERY_HIGH,P0,MISSING,,OFFICIAL_LOCAL_KCAL,Starbucks KSA menu (SFDA) — وصفات MENA تختلف عن أمريكا,,,,,,,,,,NONE,HIGH,ستاربكس,Starbucks,السعرات متاحة رسميًا على قائمة الفرع/التطبيق (إلزام SFDA منذ ١ يوليو ٢٠٢٥). الماكروز غير منشورة — تبقى فارغة.
QGAP-00642,ستاربكس - ريفرشر مانجو,Starbucks - Mango refresher,ستاربكس,Starbucks,Starbucks,RESTAURANT,مطاعم,قهوة,,,KSA,VERY_HIGH,P0,MISSING,,OFFICIAL_LOCAL_KCAL,Starbucks KSA menu (SFDA) — وصفات MENA تختلف عن أمريكا,,,,,,,,,,NONE,HIGH,ستاربكس,Starbucks,السعرات متاحة رسميًا على قائمة الفرع/التطبيق (إلزام SFDA منذ ١ يوليو ٢٠٢٥). الماكروز غير منشورة — تبقى فارغة.
QGAP-00643,دانكن - دونات بوسطن كريم,Dunkin' - Boston Kreme donut,دانكن,Dunkin',Dunkin',RESTAURANT,مطاعم,قهوة وحلويات,,,KSA,VERY_HIGH,P1,MISSING,,OFFICIAL_LOCAL_KCAL,Dunkin KSA menu (SFDA),,,,,,,,,,NONE,HIGH,دانكن,Dunkin',السعرات متاحة رسميًا على قائمة الفرع/التطبيق (إلزام SFDA منذ ١ يوليو ٢٠٢٥). الماكروز غير منشورة — تبقى فارغة.
QGAP-00644,دانكن - دونات سبرينكل,Dunkin' - Sprinkled donut,دانكن,Dunkin',Dunkin',RESTAURANT,مطاعم,قهوة وحلويات,,,KSA,VERY_HIGH,P1,MISSING,,OFFICIAL_LOCAL_KCAL,Dunkin KSA menu (SFDA),,,,,,,,,,NONE,HIGH,دانكن,Dunkin',السعرات متاحة رسميًا على قائمة الفرع/التطبيق (إلزام SFDA منذ ١ يوليو ٢٠٢٥). الماكروز غير منشورة — تبقى فارغة.
QGAP-00645,دانكن - دونات كراميل,Dunkin' - Caramel donut,دانكن,Dunkin',Dunkin',RESTAURANT,مطاعم,قهوة وحلويات,,,KSA,VERY_HIGH,P1,MISSING,,OFFICIAL_LOCAL_KCAL,Dunkin KSA menu (SFDA),,,,,,,,,,NONE,HIGH,دانكن,Dunkin',السعرات متاحة رسميًا على قائمة الفرع/التطبيق (إلزام SFDA منذ ١ يوليو ٢٠٢٥). الماكروز غير منشورة — تبقى فارغة.
QGAP-00646,دانكن - دونات جبن,Dunkin' - Cheese donut,دانكن,Dunkin',Dunkin',RESTAURANT,مطاعم,قهوة وحلويات,,,KSA,VERY_HIGH,P1,MISSING,,OFFICIAL_LOCAL_KCAL,Dunkin KSA menu (SFDA),,,,,,,,,,NONE,HIGH,دانكن,Dunkin',السعرات متاحة رسميًا على قائمة الفرع/التطبيق (إلزام SFDA منذ ١ يوليو ٢٠٢٥). الماكروز غير منشورة — تبقى فارغة.
QGAP-00647,دانكن - كرواسون,Dunkin' - Croissant,دانكن,Dunkin',Dunkin',RESTAURANT,مطاعم,قهوة وحلويات,,,KSA,VERY_HIGH,P1,EXISTS_GENERIC_ONLY,croissant · كرواسون,OFFICIAL_LOCAL_KCAL,Dunkin KSA menu (SFDA),,,,,,,,,,NONE,HIGH,دانكن,Dunkin',السعرات متاحة رسميًا على قائمة الفرع/التطبيق (إلزام SFDA منذ ١ يوليو ٢٠٢٥). الماكروز غير منشورة — تبقى فارغة.
QGAP-00648,دانكن - آيس لاتيه,Dunkin' - Iced latte,دانكن,Dunkin',Dunkin',RESTAURANT,مطاعم,قهوة وحلويات,,,KSA,VERY_HIGH,P1,MISSING,,OFFICIAL_LOCAL_KCAL,Dunkin KSA menu (SFDA),,,,,,,,,,NONE,HIGH,دانكن,Dunkin',السعرات متاحة رسميًا على قائمة الفرع/التطبيق (إلزام SFDA منذ ١ يوليو ٢٠٢٥). الماكروز غير منشورة — تبقى فارغة.
QGAP-00649,دانكن - كولد برو,Dunkin' - Cold brew,دانكن,Dunkin',Dunkin',RESTAURANT,مطاعم,قهوة وحلويات,,,KSA,VERY_HIGH,P1,MISSING,,OFFICIAL_LOCAL_KCAL,Dunkin KSA menu (SFDA),,,,,,,,,,NONE,HIGH,دانكن,Dunkin',السعرات متاحة رسميًا على قائمة الفرع/التطبيق (إلزام SFDA منذ ١ يوليو ٢٠٢٥). الماكروز غير منشورة — تبقى فارغة.
QGAP-00650,دانكن - كابتشينو,Dunkin' - Cappuccino,دانكن,Dunkin',Dunkin',RESTAURANT,مطاعم,قهوة وحلويات,,,KSA,VERY_HIGH,P1,EXISTS_GENERIC_ONLY,cappuccino · كابتشينو,OFFICIAL_LOCAL_KCAL,Dunkin KSA menu (SFDA),,,,,,,,,,NONE,HIGH,دانكن,Dunkin',السعرات متاحة رسميًا على قائمة الفرع/التطبيق (إلزام SFDA منذ ١ يوليو ٢٠٢٥). الماكروز غير منشورة — تبقى فارغة.
QGAP-00651,دانكن - هوت شوكليت,Dunkin' - Hot chocolate,دانكن,Dunkin',Dunkin',RESTAURANT,مطاعم,قهوة وحلويات,,,KSA,VERY_HIGH,P1,MISSING,,OFFICIAL_LOCAL_KCAL,Dunkin KSA menu (SFDA),,,,,,,,,,NONE,HIGH,دانكن,Dunkin',السعرات متاحة رسميًا على قائمة الفرع/التطبيق (إلزام SFDA منذ ١ يوليو ٢٠٢٥). الماكروز غير منشورة — تبقى فارغة.
QGAP-00652,دانكن - ساندويتش فطور,Dunkin' - Breakfast sandwich,دانكن,Dunkin',Dunkin',RESTAURANT,مطاعم,قهوة وحلويات,,,KSA,VERY_HIGH,P1,MISSING,,OFFICIAL_LOCAL_KCAL,Dunkin KSA menu (SFDA),,,,,,,,,,NONE,HIGH,دانكن,Dunkin',السعرات متاحة رسميًا على قائمة الفرع/التطبيق (إلزام SFDA منذ ١ يوليو ٢٠٢٥). الماكروز غير منشورة — تبقى فارغة.
QGAP-00653,دانكن - مانشكينز 10 حبات,Dunkin' - Munchkins 10 pcs,دانكن,Dunkin',Dunkin',RESTAURANT,مطاعم,قهوة وحلويات,,,KSA,VERY_HIGH,P1,MISSING,,OFFICIAL_LOCAL_KCAL,Dunkin KSA menu (SFDA),,,,,,,,,,NONE,HIGH,دانكن,Dunkin',السعرات متاحة رسميًا على قائمة الفرع/التطبيق (إلزام SFDA منذ ١ يوليو ٢٠٢٥). الماكروز غير منشورة — تبقى فارغة.
QGAP-00654,دانكن - فرابي,Dunkin' - Frozen coffee,دانكن,Dunkin',Dunkin',RESTAURANT,مطاعم,قهوة وحلويات,,,KSA,VERY_HIGH,P1,MISSING,,OFFICIAL_LOCAL_KCAL,Dunkin KSA menu (SFDA),,,,,,,,,,NONE,HIGH,دانكن,Dunkin',السعرات متاحة رسميًا على قائمة الفرع/التطبيق (إلزام SFDA منذ ١ يوليو ٢٠٢٥). الماكروز غير منشورة — تبقى فارغة.
QGAP-00655,دانكن - شاي مثلج,Dunkin' - Iced tea,دانكن,Dunkin',Dunkin',RESTAURANT,مطاعم,قهوة وحلويات,,,KSA,VERY_HIGH,P1,MISSING,,OFFICIAL_LOCAL_KCAL,Dunkin KSA menu (SFDA),,,,,,,,,,NONE,HIGH,دانكن,Dunkin',السعرات متاحة رسميًا على قائمة الفرع/التطبيق (إلزام SFDA منذ ١ يوليو ٢٠٢٥). الماكروز غير منشورة — تبقى فارغة.
QGAP-00656,دانكن - بيجل,Dunkin' - Bagel,دانكن,Dunkin',Dunkin',RESTAURANT,مطاعم,قهوة وحلويات,,,KSA,VERY_HIGH,P1,MISSING,,OFFICIAL_LOCAL_KCAL,Dunkin KSA menu (SFDA),,,,,,,,,,NONE,HIGH,دانكن,Dunkin',السعرات متاحة رسميًا على قائمة الفرع/التطبيق (إلزام SFDA منذ ١ يوليو ٢٠٢٥). الماكروز غير منشورة — تبقى فارغة.
QGAP-00657,دانكن - مافن,Dunkin' - Muffin,دانكن,Dunkin',Dunkin',RESTAURANT,مطاعم,قهوة وحلويات,,,KSA,VERY_HIGH,P1,MISSING,,OFFICIAL_LOCAL_KCAL,Dunkin KSA menu (SFDA),,,,,,,,,,NONE,HIGH,دانكن,Dunkin',السعرات متاحة رسميًا على قائمة الفرع/التطبيق (إلزام SFDA منذ ١ يوليو ٢٠٢٥). الماكروز غير منشورة — تبقى فارغة.
QGAP-00658,تيم هورتنز - قهوة أصلية,Tim Hortons - Original blend coffee,تيم هورتنز,Tim Hortons,Tim Hortons,RESTAURANT,مطاعم,قهوة,,,KSA,VERY_HIGH,P1,MISSING,,OFFICIAL_LOCAL_KCAL,Tim Hortons KSA menu (SFDA),,,,,,,,,,NONE,HIGH,تيم هورتنز,Tim Hortons,السعرات متاحة رسميًا على قائمة الفرع/التطبيق (إلزام SFDA منذ ١ يوليو ٢٠٢٥). الماكروز غير منشورة — تبقى فارغة.
QGAP-00659,تيم هورتنز - دبل دبل,Tim Hortons - Double Double,تيم هورتنز,Tim Hortons,Tim Hortons,RESTAURANT,مطاعم,قهوة,,,KSA,VERY_HIGH,P1,MISSING,,OFFICIAL_LOCAL_KCAL,Tim Hortons KSA menu (SFDA),,,,,,,,,,NONE,HIGH,تيم هورتنز,Tim Hortons,السعرات متاحة رسميًا على قائمة الفرع/التطبيق (إلزام SFDA منذ ١ يوليو ٢٠٢٥). الماكروز غير منشورة — تبقى فارغة.
QGAP-00660,تيم هورتنز - آيس كابتشينو,Tim Hortons - Iced Capp,تيم هورتنز,Tim Hortons,Tim Hortons,RESTAURANT,مطاعم,قهوة,,,KSA,VERY_HIGH,P1,MISSING,,OFFICIAL_LOCAL_KCAL,Tim Hortons KSA menu (SFDA),,,,,,,,,,NONE,HIGH,تيم هورتنز,Tim Hortons,السعرات متاحة رسميًا على قائمة الفرع/التطبيق (إلزام SFDA منذ ١ يوليو ٢٠٢٥). الماكروز غير منشورة — تبقى فارغة.
QGAP-00661,تيم هورتنز - لاتيه فانيلا,Tim Hortons - French vanilla latte,تيم هورتنز,Tim Hortons,Tim Hortons,RESTAURANT,مطاعم,قهوة,,,KSA,VERY_HIGH,P1,MISSING,,OFFICIAL_LOCAL_KCAL,Tim Hortons KSA menu (SFDA),,,,,,,,,,NONE,HIGH,تيم هورتنز,Tim Hortons,السعرات متاحة رسميًا على قائمة الفرع/التطبيق (إلزام SFDA منذ ١ يوليو ٢٠٢٥). الماكروز غير منشورة — تبقى فارغة.
QGAP-00662,تيم هورتنز - تيمبيتس,Tim Hortons - Timbits,تيم هورتنز,Tim Hortons,Tim Hortons,RESTAURANT,مطاعم,قهوة,,,KSA,VERY_HIGH,P1,MISSING,,OFFICIAL_LOCAL_KCAL,Tim Hortons KSA menu (SFDA),,,,,,,,,,NONE,HIGH,تيم هورتنز,Tim Hortons,السعرات متاحة رسميًا على قائمة الفرع/التطبيق (إلزام SFDA منذ ١ يوليو ٢٠٢٥). الماكروز غير منشورة — تبقى فارغة.
QGAP-00663,تيم هورتنز - دونات محلاة,Tim Hortons - Glazed donut,تيم هورتنز,Tim Hortons,Tim Hortons,RESTAURANT,مطاعم,قهوة,,,KSA,VERY_HIGH,P1,MISSING,,OFFICIAL_LOCAL_KCAL,Tim Hortons KSA menu (SFDA),,,,,,,,,,NONE,HIGH,تيم هورتنز,Tim Hortons,السعرات متاحة رسميًا على قائمة الفرع/التطبيق (إلزام SFDA منذ ١ يوليو ٢٠٢٥). الماكروز غير منشورة — تبقى فارغة.
QGAP-00664,تيم هورتنز - ساندويتش فطور,Tim Hortons - Breakfast sandwich,تيم هورتنز,Tim Hortons,Tim Hortons,RESTAURANT,مطاعم,قهوة,,,KSA,VERY_HIGH,P1,MISSING,,OFFICIAL_LOCAL_KCAL,Tim Hortons KSA menu (SFDA),,,,,,,,,,NONE,HIGH,تيم هورتنز,Tim Hortons,السعرات متاحة رسميًا على قائمة الفرع/التطبيق (إلزام SFDA منذ ١ يوليو ٢٠٢٥). الماكروز غير منشورة — تبقى فارغة.
QGAP-00665,تيم هورتنز - كرواسون بالجبن,Tim Hortons - Cheese croissant,تيم هورتنز,Tim Hortons,Tim Hortons,RESTAURANT,مطاعم,قهوة,,,KSA,VERY_HIGH,P1,MISSING,,OFFICIAL_LOCAL_KCAL,Tim Hortons KSA menu (SFDA),,,,,,,,,,NONE,HIGH,تيم هورتنز,Tim Hortons,السعرات متاحة رسميًا على قائمة الفرع/التطبيق (إلزام SFDA منذ ١ يوليو ٢٠٢٥). الماكروز غير منشورة — تبقى فارغة.
QGAP-00666,تيم هورتنز - مافن,Tim Hortons - Muffin,تيم هورتنز,Tim Hortons,Tim Hortons,RESTAURANT,مطاعم,قهوة,,,KSA,VERY_HIGH,P1,MISSING,,OFFICIAL_LOCAL_KCAL,Tim Hortons KSA menu (SFDA),,,,,,,,,,NONE,HIGH,تيم هورتنز,Tim Hortons,السعرات متاحة رسميًا على قائمة الفرع/التطبيق (إلزام SFDA منذ ١ يوليو ٢٠٢٥). الماكروز غير منشورة — تبقى فارغة.
QGAP-00667,تيم هورتنز - بيجل بالجبن,Tim Hortons - Bagel with cream cheese,تيم هورتنز,Tim Hortons,Tim Hortons,RESTAURANT,مطاعم,قهوة,,,KSA,VERY_HIGH,P1,MISSING,,OFFICIAL_LOCAL_KCAL,Tim Hortons KSA menu (SFDA),,,,,,,,,,NONE,HIGH,تيم هورتنز,Tim Hortons,السعرات متاحة رسميًا على قائمة الفرع/التطبيق (إلزام SFDA منذ ١ يوليو ٢٠٢٥). الماكروز غير منشورة — تبقى فارغة.
QGAP-00668,كوستا - فلات وايت,Costa Coffee - Flat White,كوستا,Costa Coffee,Costa Coffee,RESTAURANT,مطاعم,قهوة,,,KSA,VERY_HIGH,P1,MISSING,,OFFICIAL_FOREIGN_MARKET,Costa UK nutrition,,,,,,,,,,NONE,HIGH,كوستا,Costa Coffee,بيانات السوق الأجنبي فقط — تُوسم صراحةً ولا تُقدَّم كقيم سعودية.
QGAP-00669,كوستا - لاتيه,Costa Coffee - Latte,كوستا,Costa Coffee,Costa Coffee,RESTAURANT,مطاعم,قهوة,,,KSA,VERY_HIGH,P1,EXISTS_GENERIC_ONLY,latte-plain · لاتيه,OFFICIAL_FOREIGN_MARKET,Costa UK nutrition,,,,,,,,,,NONE,HIGH,كوستا,Costa Coffee,بيانات السوق الأجنبي فقط — تُوسم صراحةً ولا تُقدَّم كقيم سعودية.
QGAP-00670,كوستا - كابتشينو,Costa Coffee - Cappuccino,كوستا,Costa Coffee,Costa Coffee,RESTAURANT,مطاعم,قهوة,,,KSA,VERY_HIGH,P1,EXISTS_GENERIC_ONLY,cappuccino · كابتشينو,OFFICIAL_FOREIGN_MARKET,Costa UK nutrition,,,,,,,,,,NONE,HIGH,كوستا,Costa Coffee,بيانات السوق الأجنبي فقط — تُوسم صراحةً ولا تُقدَّم كقيم سعودية.
QGAP-00671,كوستا - موكا,Costa Coffee - Mocha,كوستا,Costa Coffee,Costa Coffee,RESTAURANT,مطاعم,قهوة,,,KSA,VERY_HIGH,P1,MISSING,,OFFICIAL_FOREIGN_MARKET,Costa UK nutrition,,,,,,,,,,NONE,HIGH,كوستا,Costa Coffee,بيانات السوق الأجنبي فقط — تُوسم صراحةً ولا تُقدَّم كقيم سعودية.
QGAP-00672,كوستا - كورتادو,Costa Coffee - Cortado,كوستا,Costa Coffee,Costa Coffee,RESTAURANT,مطاعم,قهوة,,,KSA,VERY_HIGH,P1,MISSING,,OFFICIAL_FOREIGN_MARKET,Costa UK nutrition,,,,,,,,,,NONE,HIGH,كوستا,Costa Coffee,بيانات السوق الأجنبي فقط — تُوسم صراحةً ولا تُقدَّم كقيم سعودية.
QGAP-00673,كوستا - فرابيه كراميل,Costa Coffee - Caramel Frostino,كوستا,Costa Coffee,Costa Coffee,RESTAURANT,مطاعم,قهوة,,,KSA,VERY_HIGH,P1,MISSING,,OFFICIAL_FOREIGN_MARKET,Costa UK nutrition,,,,,,,,,,NONE,HIGH,كوستا,Costa Coffee,بيانات السوق الأجنبي فقط — تُوسم صراحةً ولا تُقدَّم كقيم سعودية.
QGAP-00674,كوستا - شاي إنجليزي,Costa Coffee - English tea,كوستا,Costa Coffee,Costa Coffee,RESTAURANT,مطاعم,قهوة,,,KSA,VERY_HIGH,P1,MISSING,,OFFICIAL_FOREIGN_MARKET,Costa UK nutrition,,,,,,,,,,NONE,HIGH,كوستا,Costa Coffee,بيانات السوق الأجنبي فقط — تُوسم صراحةً ولا تُقدَّم كقيم سعودية.
QGAP-00675,كوستا - كرواسون,Costa Coffee - Croissant,كوستا,Costa Coffee,Costa Coffee,RESTAURANT,مطاعم,قهوة,,,KSA,VERY_HIGH,P1,EXISTS_GENERIC_ONLY,croissant · كرواسون,OFFICIAL_FOREIGN_MARKET,Costa UK nutrition,,,,,,,,,,NONE,HIGH,كوستا,Costa Coffee,بيانات السوق الأجنبي فقط — تُوسم صراحةً ولا تُقدَّم كقيم سعودية.
QGAP-00676,كوستا - ساندويتش,Costa Coffee - Sandwich,كوستا,Costa Coffee,Costa Coffee,RESTAURANT,مطاعم,قهوة,,,KSA,VERY_HIGH,P1,MISSING,,OFFICIAL_FOREIGN_MARKET,Costa UK nutrition,,,,,,,,,,NONE,HIGH,كوستا,Costa Coffee,بيانات السوق الأجنبي فقط — تُوسم صراحةً ولا تُقدَّم كقيم سعودية.
QGAP-00677,كوستا - كيك جزر,Costa Coffee - Carrot cake,كوستا,Costa Coffee,Costa Coffee,RESTAURANT,مطاعم,قهوة,,,KSA,VERY_HIGH,P1,MISSING,,OFFICIAL_FOREIGN_MARKET,Costa UK nutrition,,,,,,,,,,NONE,HIGH,كوستا,Costa Coffee,بيانات السوق الأجنبي فقط — تُوسم صراحةً ولا تُقدَّم كقيم سعودية.
QGAP-00678,كوستا - براوني,Costa Coffee - Brownie,كوستا,Costa Coffee,Costa Coffee,RESTAURANT,مطاعم,قهوة,,,KSA,VERY_HIGH,P1,MISSING,,OFFICIAL_FOREIGN_MARKET,Costa UK nutrition,,,,,,,,,,NONE,HIGH,كوستا,Costa Coffee,بيانات السوق الأجنبي فقط — تُوسم صراحةً ولا تُقدَّم كقيم سعودية.
QGAP-00679,كوستا - مافن,Costa Coffee - Muffin,كوستا,Costa Coffee,Costa Coffee,RESTAURANT,مطاعم,قهوة,,,KSA,VERY_HIGH,P1,MISSING,,OFFICIAL_FOREIGN_MARKET,Costa UK nutrition,,,,,,,,,,NONE,HIGH,كوستا,Costa Coffee,بيانات السوق الأجنبي فقط — تُوسم صراحةً ولا تُقدَّم كقيم سعودية.
QGAP-00680,كاريبو - كولد برو,Caribou Coffee - Cold brew,كاريبو,Caribou Coffee,Caribou Coffee,RESTAURANT,مطاعم,قهوة,,,KSA,HIGH,P1,MISSING,,OFFICIAL_LOCAL_KCAL,Caribou KSA menu (SFDA),,,,,,,,,,NONE,HIGH,كاريبو,Caribou Coffee,السعرات متاحة رسميًا على قائمة الفرع/التطبيق (إلزام SFDA منذ ١ يوليو ٢٠٢٥). الماكروز غير منشورة — تبقى فارغة.
QGAP-00681,كاريبو - تيرتل موكا,Caribou Coffee - Turtle Mocha,كاريبو,Caribou Coffee,Caribou Coffee,RESTAURANT,مطاعم,قهوة,,,KSA,HIGH,P1,MISSING,,OFFICIAL_LOCAL_KCAL,Caribou KSA menu (SFDA),,,,,,,,,,NONE,HIGH,كاريبو,Caribou Coffee,السعرات متاحة رسميًا على قائمة الفرع/التطبيق (إلزام SFDA منذ ١ يوليو ٢٠٢٥). الماكروز غير منشورة — تبقى فارغة.
QGAP-00682,كاريبو - كامبل شيك,Caribou Coffee - Campfire mocha,كاريبو,Caribou Coffee,Caribou Coffee,RESTAURANT,مطاعم,قهوة,,,KSA,HIGH,P1,MISSING,,OFFICIAL_LOCAL_KCAL,Caribou KSA menu (SFDA),,,,,,,,,,NONE,HIGH,كاريبو,Caribou Coffee,السعرات متاحة رسميًا على قائمة الفرع/التطبيق (إلزام SFDA منذ ١ يوليو ٢٠٢٥). الماكروز غير منشورة — تبقى فارغة.
QGAP-00683,كاريبو - لاتيه فانيلا,Caribou Coffee - Vanilla latte,كاريبو,Caribou Coffee,Caribou Coffee,RESTAURANT,مطاعم,قهوة,,,KSA,HIGH,P1,MISSING,,OFFICIAL_LOCAL_KCAL,Caribou KSA menu (SFDA),,,,,,,,,,NONE,HIGH,كاريبو,Caribou Coffee,السعرات متاحة رسميًا على قائمة الفرع/التطبيق (إلزام SFDA منذ ١ يوليو ٢٠٢٥). الماكروز غير منشورة — تبقى فارغة.
QGAP-00684,كاريبو - شاي تشاي,Caribou Coffee - Chai tea,كاريبو,Caribou Coffee,Caribou Coffee,RESTAURANT,مطاعم,قهوة,,,KSA,HIGH,P1,MISSING,,OFFICIAL_LOCAL_KCAL,Caribou KSA menu (SFDA),,,,,,,,,,NONE,HIGH,كاريبو,Caribou Coffee,السعرات متاحة رسميًا على قائمة الفرع/التطبيق (إلزام SFDA منذ ١ يوليو ٢٠٢٥). الماكروز غير منشورة — تبقى فارغة.
QGAP-00685,كاريبو - سموذي,Caribou Coffee - Smoothie,كاريبو,Caribou Coffee,Caribou Coffee,RESTAURANT,مطاعم,قهوة,,,KSA,HIGH,P1,MISSING,,OFFICIAL_LOCAL_KCAL,Caribou KSA menu (SFDA),,,,,,,,,,NONE,HIGH,كاريبو,Caribou Coffee,السعرات متاحة رسميًا على قائمة الفرع/التطبيق (إلزام SFDA منذ ١ يوليو ٢٠٢٥). الماكروز غير منشورة — تبقى فارغة.
QGAP-00686,كاريبو - كوكيز,Caribou Coffee - Cookie,كاريبو,Caribou Coffee,Caribou Coffee,RESTAURANT,مطاعم,قهوة,,,KSA,HIGH,P1,MISSING,,OFFICIAL_LOCAL_KCAL,Caribou KSA menu (SFDA),,,,,,,,,,NONE,HIGH,كاريبو,Caribou Coffee,السعرات متاحة رسميًا على قائمة الفرع/التطبيق (إلزام SFDA منذ ١ يوليو ٢٠٢٥). الماكروز غير منشورة — تبقى فارغة.
QGAP-00687,كاريبو - مافن,Caribou Coffee - Muffin,كاريبو,Caribou Coffee,Caribou Coffee,RESTAURANT,مطاعم,قهوة,,,KSA,HIGH,P1,MISSING,,OFFICIAL_LOCAL_KCAL,Caribou KSA menu (SFDA),,,,,,,,,,NONE,HIGH,كاريبو,Caribou Coffee,السعرات متاحة رسميًا على قائمة الفرع/التطبيق (إلزام SFDA منذ ١ يوليو ٢٠٢٥). الماكروز غير منشورة — تبقى فارغة.
QGAP-00688,دكتور كافيه - قهوة عربية,Dr.CAFE - Arabic coffee,دكتور كافيه,Dr.CAFE,Dr.CAFE,RESTAURANT,مطاعم,قهوة,,,KSA,VERY_HIGH,P1,EXISTS_GENERIC_ONLY,arabic-coffee · قهوة عربية,OFFICIAL_LOCAL_KCAL,Dr.CAFE menu (SFDA),,,,,,,,,,NONE,HIGH,دكتور كافيه,Dr.CAFE,السعرات متاحة رسميًا على قائمة الفرع/التطبيق (إلزام SFDA منذ ١ يوليو ٢٠٢٥). الماكروز غير منشورة — تبقى فارغة.
QGAP-00689,دكتور كافيه - لاتيه,Dr.CAFE - Latte,دكتور كافيه,Dr.CAFE,Dr.CAFE,RESTAURANT,مطاعم,قهوة,,,KSA,VERY_HIGH,P1,EXISTS_GENERIC_ONLY,latte-plain · لاتيه,OFFICIAL_LOCAL_KCAL,Dr.CAFE menu (SFDA),,,,,,,,,,NONE,HIGH,دكتور كافيه,Dr.CAFE,السعرات متاحة رسميًا على قائمة الفرع/التطبيق (إلزام SFDA منذ ١ يوليو ٢٠٢٥). الماكروز غير منشورة — تبقى فارغة.
QGAP-00690,دكتور كافيه - سبانش لاتيه,Dr.CAFE - Spanish latte,دكتور كافيه,Dr.CAFE,Dr.CAFE,RESTAURANT,مطاعم,قهوة,,,KSA,VERY_HIGH,P1,EXISTS_GENERIC_ONLY,spanish-latte · سبانش لاتيه,OFFICIAL_LOCAL_KCAL,Dr.CAFE menu (SFDA),,,,,,,,,,NONE,HIGH,دكتور كافيه,Dr.CAFE,السعرات متاحة رسميًا على قائمة الفرع/التطبيق (إلزام SFDA منذ ١ يوليو ٢٠٢٥). الماكروز غير منشورة — تبقى فارغة.
QGAP-00691,دكتور كافيه - كابتشينو,Dr.CAFE - Cappuccino,دكتور كافيه,Dr.CAFE,Dr.CAFE,RESTAURANT,مطاعم,قهوة,,,KSA,VERY_HIGH,P1,EXISTS_GENERIC_ONLY,cappuccino · كابتشينو,OFFICIAL_LOCAL_KCAL,Dr.CAFE menu (SFDA),,,,,,,,,,NONE,HIGH,دكتور كافيه,Dr.CAFE,السعرات متاحة رسميًا على قائمة الفرع/التطبيق (إلزام SFDA منذ ١ يوليو ٢٠٢٥). الماكروز غير منشورة — تبقى فارغة.
QGAP-00692,دكتور كافيه - موكا,Dr.CAFE - Mocha,دكتور كافيه,Dr.CAFE,Dr.CAFE,RESTAURANT,مطاعم,قهوة,,,KSA,VERY_HIGH,P1,MISSING,,OFFICIAL_LOCAL_KCAL,Dr.CAFE menu (SFDA),,,,,,,,,,NONE,HIGH,دكتور كافيه,Dr.CAFE,السعرات متاحة رسميًا على قائمة الفرع/التطبيق (إلزام SFDA منذ ١ يوليو ٢٠٢٥). الماكروز غير منشورة — تبقى فارغة.
QGAP-00693,دكتور كافيه - أمريكانو,Dr.CAFE - Americano,دكتور كافيه,Dr.CAFE,Dr.CAFE,RESTAURANT,مطاعم,قهوة,,,KSA,VERY_HIGH,P1,EXISTS_GENERIC_ONLY,americano · أمريكانو,OFFICIAL_LOCAL_KCAL,Dr.CAFE menu (SFDA),,,,,,,,,,NONE,HIGH,دكتور كافيه,Dr.CAFE,السعرات متاحة رسميًا على قائمة الفرع/التطبيق (إلزام SFDA منذ ١ يوليو ٢٠٢٥). الماكروز غير منشورة — تبقى فارغة.
QGAP-00694,دكتور كافيه - شاي كرك,Dr.CAFE - Karak tea,دكتور كافيه,Dr.CAFE,Dr.CAFE,RESTAURANT,مطاعم,قهوة,,,KSA,VERY_HIGH,P1,MISSING,,OFFICIAL_LOCAL_KCAL,Dr.CAFE menu (SFDA),,,,,,,,,,NONE,HIGH,دكتور كافيه,Dr.CAFE,السعرات متاحة رسميًا على قائمة الفرع/التطبيق (إلزام SFDA منذ ١ يوليو ٢٠٢٥). الماكروز غير منشورة — تبقى فارغة.
QGAP-00695,دكتور كافيه - فرابتشينو,Dr.CAFE - Frappuccino,دكتور كافيه,Dr.CAFE,Dr.CAFE,RESTAURANT,مطاعم,قهوة,,,KSA,VERY_HIGH,P1,MISSING,,OFFICIAL_LOCAL_KCAL,Dr.CAFE menu (SFDA),,,,,,,,,,NONE,HIGH,دكتور كافيه,Dr.CAFE,السعرات متاحة رسميًا على قائمة الفرع/التطبيق (إلزام SFDA منذ ١ يوليو ٢٠٢٥). الماكروز غير منشورة — تبقى فارغة.
QGAP-00696,دكتور كافيه - هوت شوكليت,Dr.CAFE - Hot chocolate,دكتور كافيه,Dr.CAFE,Dr.CAFE,RESTAURANT,مطاعم,قهوة,,,KSA,VERY_HIGH,P1,MISSING,,OFFICIAL_LOCAL_KCAL,Dr.CAFE menu (SFDA),,,,,,,,,,NONE,HIGH,دكتور كافيه,Dr.CAFE,السعرات متاحة رسميًا على قائمة الفرع/التطبيق (إلزام SFDA منذ ١ يوليو ٢٠٢٥). الماكروز غير منشورة — تبقى فارغة.
QGAP-00697,دكتور كافيه - كرواسون,Dr.CAFE - Croissant,دكتور كافيه,Dr.CAFE,Dr.CAFE,RESTAURANT,مطاعم,قهوة,,,KSA,VERY_HIGH,P1,EXISTS_GENERIC_ONLY,croissant · كرواسون,OFFICIAL_LOCAL_KCAL,Dr.CAFE menu (SFDA),,,,,,,,,,NONE,HIGH,دكتور كافيه,Dr.CAFE,السعرات متاحة رسميًا على قائمة الفرع/التطبيق (إلزام SFDA منذ ١ يوليو ٢٠٢٥). الماكروز غير منشورة — تبقى فارغة.
QGAP-00698,دكتور كافيه - ساندويتش تيركي,Dr.CAFE - Turkey sandwich,دكتور كافيه,Dr.CAFE,Dr.CAFE,RESTAURANT,مطاعم,قهوة,,,KSA,VERY_HIGH,P1,MISSING,,OFFICIAL_LOCAL_KCAL,Dr.CAFE menu (SFDA),,,,,,,,,,NONE,HIGH,دكتور كافيه,Dr.CAFE,السعرات متاحة رسميًا على قائمة الفرع/التطبيق (إلزام SFDA منذ ١ يوليو ٢٠٢٥). الماكروز غير منشورة — تبقى فارغة.
QGAP-00699,دكتور كافيه - كيك,Dr.CAFE - Cake slice,دكتور كافيه,Dr.CAFE,Dr.CAFE,RESTAURANT,مطاعم,قهوة,,,KSA,VERY_HIGH,P1,MISSING,,OFFICIAL_LOCAL_KCAL,Dr.CAFE menu (SFDA),,,,,,,,,,NONE,HIGH,دكتور كافيه,Dr.CAFE,السعرات متاحة رسميًا على قائمة الفرع/التطبيق (إلزام SFDA منذ ١ يوليو ٢٠٢٥). الماكروز غير منشورة — تبقى فارغة.
QGAP-00700,دكتور كافيه - كوكيز,Dr.CAFE - Cookie,دكتور كافيه,Dr.CAFE,Dr.CAFE,RESTAURANT,مطاعم,قهوة,,,KSA,VERY_HIGH,P1,MISSING,,OFFICIAL_LOCAL_KCAL,Dr.CAFE menu (SFDA),,,,,,,,,,NONE,HIGH,دكتور كافيه,Dr.CAFE,السعرات متاحة رسميًا على قائمة الفرع/التطبيق (إلزام SFDA منذ ١ يوليو ٢٠٢٥). الماكروز غير منشورة — تبقى فارغة.
QGAP-00701,دكتور كافيه - مافن,Dr.CAFE - Muffin,دكتور كافيه,Dr.CAFE,Dr.CAFE,RESTAURANT,مطاعم,قهوة,,,KSA,VERY_HIGH,P1,MISSING,,OFFICIAL_LOCAL_KCAL,Dr.CAFE menu (SFDA),,,,,,,,,,NONE,HIGH,دكتور كافيه,Dr.CAFE,السعرات متاحة رسميًا على قائمة الفرع/التطبيق (إلزام SFDA منذ ١ يوليو ٢٠٢٥). الماكروز غير منشورة — تبقى فارغة.
QGAP-00702,دكتور كافيه - عصير طازج,Dr.CAFE - Fresh juice,دكتور كافيه,Dr.CAFE,Dr.CAFE,RESTAURANT,مطاعم,قهوة,,,KSA,VERY_HIGH,P1,MISSING,,OFFICIAL_LOCAL_KCAL,Dr.CAFE menu (SFDA),,,,,,,,,,NONE,HIGH,دكتور كافيه,Dr.CAFE,السعرات متاحة رسميًا على قائمة الفرع/التطبيق (إلزام SFDA منذ ١ يوليو ٢٠٢٥). الماكروز غير منشورة — تبقى فارغة.
QGAP-00703,بارنز - سبانش لاتيه,Barn's - Spanish latte,بارنز,Barn's,Barn's,RESTAURANT,مطاعم,قهوة,,,KSA,VERY_HIGH,P1,EXISTS_GENERIC_ONLY,spanish-latte · سبانش لاتيه,OFFICIAL_LOCAL_KCAL,Barn's app (SFDA),,,,,,,,,,NONE,HIGH,بارنز,Barn's,السعرات متاحة رسميًا على قائمة الفرع/التطبيق (إلزام SFDA منذ ١ يوليو ٢٠٢٥). الماكروز غير منشورة — تبقى فارغة.
QGAP-00704,بارنز - لاتيه,Barn's - Latte,بارنز,Barn's,Barn's,RESTAURANT,مطاعم,قهوة,,,KSA,VERY_HIGH,P1,EXISTS_GENERIC_ONLY,latte-plain · لاتيه,OFFICIAL_LOCAL_KCAL,Barn's app (SFDA),,,,,,,,,,NONE,HIGH,بارنز,Barn's,السعرات متاحة رسميًا على قائمة الفرع/التطبيق (إلزام SFDA منذ ١ يوليو ٢٠٢٥). الماكروز غير منشورة — تبقى فارغة.
QGAP-00705,بارنز - أمريكانو,Barn's - Americano,بارنز,Barn's,Barn's,RESTAURANT,مطاعم,قهوة,,,KSA,VERY_HIGH,P1,EXISTS_GENERIC_ONLY,americano · أمريكانو,OFFICIAL_LOCAL_KCAL,Barn's app (SFDA),,,,,,,,,,NONE,HIGH,بارنز,Barn's,السعرات متاحة رسميًا على قائمة الفرع/التطبيق (إلزام SFDA منذ ١ يوليو ٢٠٢٥). الماكروز غير منشورة — تبقى فارغة.
QGAP-00706,بارنز - كابتشينو,Barn's - Cappuccino,بارنز,Barn's,Barn's,RESTAURANT,مطاعم,قهوة,,,KSA,VERY_HIGH,P1,EXISTS_GENERIC_ONLY,cappuccino · كابتشينو,OFFICIAL_LOCAL_KCAL,Barn's app (SFDA),,,,,,,,,,NONE,HIGH,بارنز,Barn's,السعرات متاحة رسميًا على قائمة الفرع/التطبيق (إلزام SFDA منذ ١ يوليو ٢٠٢٥). الماكروز غير منشورة — تبقى فارغة.
QGAP-00707,بارنز - موكا بيضاء,Barn's - White mocha,بارنز,Barn's,Barn's,RESTAURANT,مطاعم,قهوة,,,KSA,VERY_HIGH,P1,MISSING,,OFFICIAL_LOCAL_KCAL,Barn's app (SFDA),,,,,,,,,,NONE,HIGH,بارنز,Barn's,السعرات متاحة رسميًا على قائمة الفرع/التطبيق (إلزام SFDA منذ ١ يوليو ٢٠٢٥). الماكروز غير منشورة — تبقى فارغة.
QGAP-00708,بارنز - آيس سبانش لاتيه,Barn's - Iced Spanish latte,بارنز,Barn's,Barn's,RESTAURANT,مطاعم,قهوة,,,KSA,VERY_HIGH,P1,EXISTS_GENERIC_ONLY,spanish-latte · سبانش لاتيه,OFFICIAL_LOCAL_KCAL,Barn's app (SFDA),,,,,,,,,,NONE,HIGH,بارنز,Barn's,السعرات متاحة رسميًا على قائمة الفرع/التطبيق (إلزام SFDA منذ ١ يوليو ٢٠٢٥). الماكروز غير منشورة — تبقى فارغة.
QGAP-00709,بارنز - شاي كرك,Barn's - Karak tea,بارنز,Barn's,Barn's,RESTAURANT,مطاعم,قهوة,,,KSA,VERY_HIGH,P1,MISSING,,OFFICIAL_LOCAL_KCAL,Barn's app (SFDA),,,,,,,,,,NONE,HIGH,بارنز,Barn's,السعرات متاحة رسميًا على قائمة الفرع/التطبيق (إلزام SFDA منذ ١ يوليو ٢٠٢٥). الماكروز غير منشورة — تبقى فارغة.
QGAP-00710,بارنز - هوت شوكليت,Barn's - Hot chocolate,بارنز,Barn's,Barn's,RESTAURANT,مطاعم,قهوة,,,KSA,VERY_HIGH,P1,MISSING,,OFFICIAL_LOCAL_KCAL,Barn's app (SFDA),,,,,,,,,,NONE,HIGH,بارنز,Barn's,السعرات متاحة رسميًا على قائمة الفرع/التطبيق (إلزام SFDA منذ ١ يوليو ٢٠٢٥). الماكروز غير منشورة — تبقى فارغة.
QGAP-00711,بارنز - فرابيه,Barn's - Frappe,بارنز,Barn's,Barn's,RESTAURANT,مطاعم,قهوة,,,KSA,VERY_HIGH,P1,MISSING,,OFFICIAL_LOCAL_KCAL,Barn's app (SFDA),,,,,,,,,,NONE,HIGH,بارنز,Barn's,السعرات متاحة رسميًا على قائمة الفرع/التطبيق (إلزام SFDA منذ ١ يوليو ٢٠٢٥). الماكروز غير منشورة — تبقى فارغة.
QGAP-00712,بارنز - كرواسون,Barn's - Croissant,بارنز,Barn's,Barn's,RESTAURANT,مطاعم,قهوة,,,KSA,VERY_HIGH,P1,EXISTS_GENERIC_ONLY,croissant · كرواسون,OFFICIAL_LOCAL_KCAL,Barn's app (SFDA),,,,,,,,,,NONE,HIGH,بارنز,Barn's,السعرات متاحة رسميًا على قائمة الفرع/التطبيق (إلزام SFDA منذ ١ يوليو ٢٠٢٥). الماكروز غير منشورة — تبقى فارغة.
QGAP-00713,بارنز - دونات,Barn's - Donut,بارنز,Barn's,Barn's,RESTAURANT,مطاعم,قهوة,,,KSA,VERY_HIGH,P1,MISSING,,OFFICIAL_LOCAL_KCAL,Barn's app (SFDA),,,,,,,,,,NONE,HIGH,بارنز,Barn's,السعرات متاحة رسميًا على قائمة الفرع/التطبيق (إلزام SFDA منذ ١ يوليو ٢٠٢٥). الماكروز غير منشورة — تبقى فارغة.
QGAP-00714,بارنز - كيك,Barn's - Cake,بارنز,Barn's,Barn's,RESTAURANT,مطاعم,قهوة,,,KSA,VERY_HIGH,P1,MISSING,,OFFICIAL_LOCAL_KCAL,Barn's app (SFDA),,,,,,,,,,NONE,HIGH,بارنز,Barn's,السعرات متاحة رسميًا على قائمة الفرع/التطبيق (إلزام SFDA منذ ١ يوليو ٢٠٢٥). الماكروز غير منشورة — تبقى فارغة.
QGAP-00715,بارنز - كوكيز,Barn's - Cookie,بارنز,Barn's,Barn's,RESTAURANT,مطاعم,قهوة,,,KSA,VERY_HIGH,P1,MISSING,,OFFICIAL_LOCAL_KCAL,Barn's app (SFDA),,,,,,,,,,NONE,HIGH,بارنز,Barn's,السعرات متاحة رسميًا على قائمة الفرع/التطبيق (إلزام SFDA منذ ١ يوليو ٢٠٢٥). الماكروز غير منشورة — تبقى فارغة.
QGAP-00716,بارنز - ساندويتش,Barn's - Sandwich,بارنز,Barn's,Barn's,RESTAURANT,مطاعم,قهوة,,,KSA,VERY_HIGH,P1,MISSING,,OFFICIAL_LOCAL_KCAL,Barn's app (SFDA),,,,,,,,,,NONE,HIGH,بارنز,Barn's,السعرات متاحة رسميًا على قائمة الفرع/التطبيق (إلزام SFDA منذ ١ يوليو ٢٠٢٥). الماكروز غير منشورة — تبقى فارغة.
QGAP-00717,هاف مليون - سبانش لاتيه,Half Million - Spanish latte,هاف مليون,Half Million,Half Million,RESTAURANT,مطاعم,قهوة,,,KSA,VERY_HIGH,P1,EXISTS_GENERIC_ONLY,spanish-latte · سبانش لاتيه,OFFICIAL_LOCAL_KCAL,Half Million app (SFDA),,,,,,,,,,NONE,HIGH,هاف مليون,Half Million,السعرات متاحة رسميًا على قائمة الفرع/التطبيق (إلزام SFDA منذ ١ يوليو ٢٠٢٥). الماكروز غير منشورة — تبقى فارغة.
QGAP-00718,هاف مليون - آيس لاتيه,Half Million - Iced latte,هاف مليون,Half Million,Half Million,RESTAURANT,مطاعم,قهوة,,,KSA,VERY_HIGH,P1,MISSING,,OFFICIAL_LOCAL_KCAL,Half Million app (SFDA),,,,,,,,,,NONE,HIGH,هاف مليون,Half Million,السعرات متاحة رسميًا على قائمة الفرع/التطبيق (إلزام SFDA منذ ١ يوليو ٢٠٢٥). الماكروز غير منشورة — تبقى فارغة.
QGAP-00719,هاف مليون - V60,Half Million - V60 pour over,هاف مليون,Half Million,Half Million,RESTAURANT,مطاعم,قهوة,,,KSA,VERY_HIGH,P1,MISSING,,OFFICIAL_LOCAL_KCAL,Half Million app (SFDA),,,,,,,,,,NONE,HIGH,هاف مليون,Half Million,السعرات متاحة رسميًا على قائمة الفرع/التطبيق (إلزام SFDA منذ ١ يوليو ٢٠٢٥). الماكروز غير منشورة — تبقى فارغة.
QGAP-00720,هاف مليون - كولد برو,Half Million - Cold brew,هاف مليون,Half Million,Half Million,RESTAURANT,مطاعم,قهوة,,,KSA,VERY_HIGH,P1,MISSING,,OFFICIAL_LOCAL_KCAL,Half Million app (SFDA),,,,,,,,,,NONE,HIGH,هاف مليون,Half Million,السعرات متاحة رسميًا على قائمة الفرع/التطبيق (إلزام SFDA منذ ١ يوليو ٢٠٢٥). الماكروز غير منشورة — تبقى فارغة.
QGAP-00721,هاف مليون - فلات وايت,Half Million - Flat white,هاف مليون,Half Million,Half Million,RESTAURANT,مطاعم,قهوة,,,KSA,VERY_HIGH,P1,MISSING,,OFFICIAL_LOCAL_KCAL,Half Million app (SFDA),,,,,,,,,,NONE,HIGH,هاف مليون,Half Million,السعرات متاحة رسميًا على قائمة الفرع/التطبيق (إلزام SFDA منذ ١ يوليو ٢٠٢٥). الماكروز غير منشورة — تبقى فارغة.
QGAP-00722,هاف مليون - موكا,Half Million - Mocha,هاف مليون,Half Million,Half Million,RESTAURANT,مطاعم,قهوة,,,KSA,VERY_HIGH,P1,MISSING,,OFFICIAL_LOCAL_KCAL,Half Million app (SFDA),,,,,,,,,,NONE,HIGH,هاف مليون,Half Million,السعرات متاحة رسميًا على قائمة الفرع/التطبيق (إلزام SFDA منذ ١ يوليو ٢٠٢٥). الماكروز غير منشورة — تبقى فارغة.
QGAP-00723,هاف مليون - ماتشا,Half Million - Matcha latte,هاف مليون,Half Million,Half Million,RESTAURANT,مطاعم,قهوة,,,KSA,VERY_HIGH,P1,MISSING,,OFFICIAL_LOCAL_KCAL,Half Million app (SFDA),,,,,,,,,,NONE,HIGH,هاف مليون,Half Million,السعرات متاحة رسميًا على قائمة الفرع/التطبيق (إلزام SFDA منذ ١ يوليو ٢٠٢٥). الماكروز غير منشورة — تبقى فارغة.
QGAP-00724,هاف مليون - كرواسون,Half Million - Croissant,هاف مليون,Half Million,Half Million,RESTAURANT,مطاعم,قهوة,,,KSA,VERY_HIGH,P1,EXISTS_GENERIC_ONLY,croissant · كرواسون,OFFICIAL_LOCAL_KCAL,Half Million app (SFDA),,,,,,,,,,NONE,HIGH,هاف مليون,Half Million,السعرات متاحة رسميًا على قائمة الفرع/التطبيق (إلزام SFDA منذ ١ يوليو ٢٠٢٥). الماكروز غير منشورة — تبقى فارغة.
QGAP-00725,هاف مليون - كوكيز,Half Million - Cookie,هاف مليون,Half Million,Half Million,RESTAURANT,مطاعم,قهوة,,,KSA,VERY_HIGH,P1,MISSING,,OFFICIAL_LOCAL_KCAL,Half Million app (SFDA),,,,,,,,,,NONE,HIGH,هاف مليون,Half Million,السعرات متاحة رسميًا على قائمة الفرع/التطبيق (إلزام SFDA منذ ١ يوليو ٢٠٢٥). الماكروز غير منشورة — تبقى فارغة.
QGAP-00726,هاف مليون - تشيز كيك,Half Million - Cheesecake,هاف مليون,Half Million,Half Million,RESTAURANT,مطاعم,قهوة,,,KSA,VERY_HIGH,P1,MISSING,,OFFICIAL_LOCAL_KCAL,Half Million app (SFDA),,,,,,,,,,NONE,HIGH,هاف مليون,Half Million,السعرات متاحة رسميًا على قائمة الفرع/التطبيق (إلزام SFDA منذ ١ يوليو ٢٠٢٥). الماكروز غير منشورة — تبقى فارغة.
QGAP-00727,خطوة جمل - V60,Camel Step - V60,خطوة جمل,Camel Step,Camel Step,RESTAURANT,مطاعم,قهوة,,,KSA,HIGH,P1,MISSING,,OFFICIAL_LOCAL_KCAL,Camel Step menu (SFDA),,,,,,,,,,NONE,HIGH,خطوة جمل,Camel Step,السعرات متاحة رسميًا على قائمة الفرع/التطبيق (إلزام SFDA منذ ١ يوليو ٢٠٢٥). الماكروز غير منشورة — تبقى فارغة.
QGAP-00728,خطوة جمل - كولد برو,Camel Step - Cold brew,خطوة جمل,Camel Step,Camel Step,RESTAURANT,مطاعم,قهوة,,,KSA,HIGH,P1,MISSING,,OFFICIAL_LOCAL_KCAL,Camel Step menu (SFDA),,,,,,,,,,NONE,HIGH,خطوة جمل,Camel Step,السعرات متاحة رسميًا على قائمة الفرع/التطبيق (إلزام SFDA منذ ١ يوليو ٢٠٢٥). الماكروز غير منشورة — تبقى فارغة.
QGAP-00729,خطوة جمل - لاتيه,Camel Step - Latte,خطوة جمل,Camel Step,Camel Step,RESTAURANT,مطاعم,قهوة,,,KSA,HIGH,P1,MISSING,,OFFICIAL_LOCAL_KCAL,Camel Step menu (SFDA),,,,,,,,,,NONE,HIGH,خطوة جمل,Camel Step,السعرات متاحة رسميًا على قائمة الفرع/التطبيق (إلزام SFDA منذ ١ يوليو ٢٠٢٥). الماكروز غير منشورة — تبقى فارغة.
QGAP-00730,خطوة جمل - إسبريسو,Camel Step - Espresso,خطوة جمل,Camel Step,Camel Step,RESTAURANT,مطاعم,قهوة,,,KSA,HIGH,P1,MISSING,,OFFICIAL_LOCAL_KCAL,Camel Step menu (SFDA),,,,,,,,,,NONE,HIGH,خطوة جمل,Camel Step,السعرات متاحة رسميًا على قائمة الفرع/التطبيق (إلزام SFDA منذ ١ يوليو ٢٠٢٥). الماكروز غير منشورة — تبقى فارغة.
QGAP-00731,خطوة جمل - فلات وايت,Camel Step - Flat white,خطوة جمل,Camel Step,Camel Step,RESTAURANT,مطاعم,قهوة,,,KSA,HIGH,P1,MISSING,,OFFICIAL_LOCAL_KCAL,Camel Step menu (SFDA),,,,,,,,,,NONE,HIGH,خطوة جمل,Camel Step,السعرات متاحة رسميًا على قائمة الفرع/التطبيق (إلزام SFDA منذ ١ يوليو ٢٠٢٥). الماكروز غير منشورة — تبقى فارغة.
QGAP-00732,خطوة جمل - آيس أمريكانو,Camel Step - Iced americano,خطوة جمل,Camel Step,Camel Step,RESTAURANT,مطاعم,قهوة,,,KSA,HIGH,P1,MISSING,,OFFICIAL_LOCAL_KCAL,Camel Step menu (SFDA),,,,,,,,,,NONE,HIGH,خطوة جمل,Camel Step,السعرات متاحة رسميًا على قائمة الفرع/التطبيق (إلزام SFDA منذ ١ يوليو ٢٠٢٥). الماكروز غير منشورة — تبقى فارغة.
QGAP-00733,اوفردوز - سبانش لاتيه,Overdose Coffee - Spanish latte,اوفردوز,Overdose Coffee,Overdose Coffee,RESTAURANT,مطاعم,قهوة,,,KSA,HIGH,P1,EXISTS_GENERIC_ONLY,spanish-latte · سبانش لاتيه,OFFICIAL_LOCAL_KCAL,Overdose menu (SFDA),,,,,,,,,,NONE,HIGH,اوفردوز,Overdose Coffee,السعرات متاحة رسميًا على قائمة الفرع/التطبيق (إلزام SFDA منذ ١ يوليو ٢٠٢٥). الماكروز غير منشورة — تبقى فارغة.
QGAP-00734,اوفردوز - لاتيه,Overdose Coffee - Latte,اوفردوز,Overdose Coffee,Overdose Coffee,RESTAURANT,مطاعم,قهوة,,,KSA,HIGH,P1,MISSING,,OFFICIAL_LOCAL_KCAL,Overdose menu (SFDA),,,,,,,,,,NONE,HIGH,اوفردوز,Overdose Coffee,السعرات متاحة رسميًا على قائمة الفرع/التطبيق (إلزام SFDA منذ ١ يوليو ٢٠٢٥). الماكروز غير منشورة — تبقى فارغة.
QGAP-00735,اوفردوز - كولد برو,Overdose Coffee - Cold brew,اوفردوز,Overdose Coffee,Overdose Coffee,RESTAURANT,مطاعم,قهوة,,,KSA,HIGH,P1,MISSING,,OFFICIAL_LOCAL_KCAL,Overdose menu (SFDA),,,,,,,,,,NONE,HIGH,اوفردوز,Overdose Coffee,السعرات متاحة رسميًا على قائمة الفرع/التطبيق (إلزام SFDA منذ ١ يوليو ٢٠٢٥). الماكروز غير منشورة — تبقى فارغة.
QGAP-00736,اوفردوز - موكا,Overdose Coffee - Mocha,اوفردوز,Overdose Coffee,Overdose Coffee,RESTAURANT,مطاعم,قهوة,,,KSA,HIGH,P1,MISSING,,OFFICIAL_LOCAL_KCAL,Overdose menu (SFDA),,,,,,,,,,NONE,HIGH,اوفردوز,Overdose Coffee,السعرات متاحة رسميًا على قائمة الفرع/التطبيق (إلزام SFDA منذ ١ يوليو ٢٠٢٥). الماكروز غير منشورة — تبقى فارغة.
QGAP-00737,اوفردوز - ماتشا,Overdose Coffee - Matcha,اوفردوز,Overdose Coffee,Overdose Coffee,RESTAURANT,مطاعم,قهوة,,,KSA,HIGH,P1,MISSING,,OFFICIAL_LOCAL_KCAL,Overdose menu (SFDA),,,,,,,,,,NONE,HIGH,اوفردوز,Overdose Coffee,السعرات متاحة رسميًا على قائمة الفرع/التطبيق (إلزام SFDA منذ ١ يوليو ٢٠٢٥). الماكروز غير منشورة — تبقى فارغة.
QGAP-00738,اوفردوز - كرواسون,Overdose Coffee - Croissant,اوفردوز,Overdose Coffee,Overdose Coffee,RESTAURANT,مطاعم,قهوة,,,KSA,HIGH,P1,EXISTS_GENERIC_ONLY,croissant · كرواسون,OFFICIAL_LOCAL_KCAL,Overdose menu (SFDA),,,,,,,,,,NONE,HIGH,اوفردوز,Overdose Coffee,السعرات متاحة رسميًا على قائمة الفرع/التطبيق (إلزام SFDA منذ ١ يوليو ٢٠٢٥). الماكروز غير منشورة — تبقى فارغة.
QGAP-00739,كرسبي كريم - دونات شوكولاتة سبرينكل,Krispy Kreme - Chocolate sprinkle donut,كرسبي كريم,Krispy Kreme,Krispy Kreme,RESTAURANT,مطاعم,حلويات,,,KSA,VERY_HIGH,P1,MISSING,,OFFICIAL_LOCAL_KCAL,Krispy Kreme KSA menu (SFDA),,,,,,,,,,NONE,HIGH,كرسبي كريم,Krispy Kreme,السعرات متاحة رسميًا على قائمة الفرع/التطبيق (إلزام SFDA منذ ١ يوليو ٢٠٢٥). الماكروز غير منشورة — تبقى فارغة.
QGAP-00740,كرسبي كريم - دونات كريمة,Krispy Kreme - Kreme filled donut,كرسبي كريم,Krispy Kreme,Krispy Kreme,RESTAURANT,مطاعم,حلويات,,,KSA,VERY_HIGH,P1,MISSING,,OFFICIAL_LOCAL_KCAL,Krispy Kreme KSA menu (SFDA),,,,,,,,,,NONE,HIGH,كرسبي كريم,Krispy Kreme,السعرات متاحة رسميًا على قائمة الفرع/التطبيق (إلزام SFDA منذ ١ يوليو ٢٠٢٥). الماكروز غير منشورة — تبقى فارغة.
QGAP-00741,كرسبي كريم - دونات فراولة,Krispy Kreme - Strawberry donut,كرسبي كريم,Krispy Kreme,Krispy Kreme,RESTAURANT,مطاعم,حلويات,,,KSA,VERY_HIGH,P1,MISSING,,OFFICIAL_LOCAL_KCAL,Krispy Kreme KSA menu (SFDA),,,,,,,,,,NONE,HIGH,كرسبي كريم,Krispy Kreme,السعرات متاحة رسميًا على قائمة الفرع/التطبيق (إلزام SFDA منذ ١ يوليو ٢٠٢٥). الماكروز غير منشورة — تبقى فارغة.
QGAP-00742,كرسبي كريم - دونات كاسترد,Krispy Kreme - Custard donut,كرسبي كريم,Krispy Kreme,Krispy Kreme,RESTAURANT,مطاعم,حلويات,,,KSA,VERY_HIGH,P1,MISSING,,OFFICIAL_LOCAL_KCAL,Krispy Kreme KSA menu (SFDA),,,,,,,,,,NONE,HIGH,كرسبي كريم,Krispy Kreme,السعرات متاحة رسميًا على قائمة الفرع/التطبيق (إلزام SFDA منذ ١ يوليو ٢٠٢٥). الماكروز غير منشورة — تبقى فارغة.
QGAP-00743,كرسبي كريم - دونات لوتس,Krispy Kreme - Lotus donut,كرسبي كريم,Krispy Kreme,Krispy Kreme,RESTAURANT,مطاعم,حلويات,,,KSA,VERY_HIGH,P1,MISSING,,OFFICIAL_LOCAL_KCAL,Krispy Kreme KSA menu (SFDA),,,,,,,,,,NONE,HIGH,كرسبي كريم,Krispy Kreme,السعرات متاحة رسميًا على قائمة الفرع/التطبيق (إلزام SFDA منذ ١ يوليو ٢٠٢٥). الماكروز غير منشورة — تبقى فارغة.
QGAP-00744,كرسبي كريم - دستة دونات,Krispy Kreme - Dozen donuts,كرسبي كريم,Krispy Kreme,Krispy Kreme,RESTAURANT,مطاعم,حلويات,,,KSA,VERY_HIGH,P1,MISSING,,OFFICIAL_LOCAL_KCAL,Krispy Kreme KSA menu (SFDA),,,,,,,,,,NONE,HIGH,كرسبي كريم,Krispy Kreme,السعرات متاحة رسميًا على قائمة الفرع/التطبيق (إلزام SFDA منذ ١ يوليو ٢٠٢٥). الماكروز غير منشورة — تبقى فارغة.
QGAP-00745,كرسبي كريم - قهوة,Krispy Kreme - Coffee,كرسبي كريم,Krispy Kreme,Krispy Kreme,RESTAURANT,مطاعم,حلويات,,,KSA,VERY_HIGH,P1,MISSING,,OFFICIAL_LOCAL_KCAL,Krispy Kreme KSA menu (SFDA),,,,,,,,,,NONE,HIGH,كرسبي كريم,Krispy Kreme,السعرات متاحة رسميًا على قائمة الفرع/التطبيق (إلزام SFDA منذ ١ يوليو ٢٠٢٥). الماكروز غير منشورة — تبقى فارغة.
QGAP-00746,كرسبي كريم - ميلك شيك,Krispy Kreme - Milkshake,كرسبي كريم,Krispy Kreme,Krispy Kreme,RESTAURANT,مطاعم,حلويات,,,KSA,VERY_HIGH,P1,EXISTS_GENERIC_ONLY,milkshake · ميلك شيك,OFFICIAL_LOCAL_KCAL,Krispy Kreme KSA menu (SFDA),,,,,,,,,,NONE,HIGH,كرسبي كريم,Krispy Kreme,السعرات متاحة رسميًا على قائمة الفرع/التطبيق (إلزام SFDA منذ ١ يوليو ٢٠٢٥). الماكروز غير منشورة — تبقى فارغة.
QGAP-00747,سينابون - كلاسيك رول,Cinnabon - Classic cinnamon roll,سينابون,Cinnabon,Cinnabon,RESTAURANT,مطاعم,حلويات,,,KSA,HIGH,P1,MISSING,,OFFICIAL_FOREIGN_MARKET,Cinnabon nutrition,,,,,,,,,,NONE,HIGH,سينابون,Cinnabon,بيانات السوق الأجنبي فقط — تُوسم صراحةً ولا تُقدَّم كقيم سعودية.
QGAP-00748,سينابون - ميني بون,Cinnabon - MiniBon,سينابون,Cinnabon,Cinnabon,RESTAURANT,مطاعم,حلويات,,,KSA,HIGH,P1,MISSING,,OFFICIAL_FOREIGN_MARKET,Cinnabon nutrition,,,,,,,,,,NONE,HIGH,سينابون,Cinnabon,بيانات السوق الأجنبي فقط — تُوسم صراحةً ولا تُقدَّم كقيم سعودية.
QGAP-00749,سينابون - بون بايتس,Cinnabon - BonBites,سينابون,Cinnabon,Cinnabon,RESTAURANT,مطاعم,حلويات,,,KSA,HIGH,P1,MISSING,,OFFICIAL_FOREIGN_MARKET,Cinnabon nutrition,,,,,,,,,,NONE,HIGH,سينابون,Cinnabon,بيانات السوق الأجنبي فقط — تُوسم صراحةً ولا تُقدَّم كقيم سعودية.
QGAP-00750,سينابون - كارميل بيكان بون,Cinnabon - Caramel Pecan Bon,سينابون,Cinnabon,Cinnabon,RESTAURANT,مطاعم,حلويات,,,KSA,HIGH,P1,MISSING,,OFFICIAL_FOREIGN_MARKET,Cinnabon nutrition,,,,,,,,,,NONE,HIGH,سينابون,Cinnabon,بيانات السوق الأجنبي فقط — تُوسم صراحةً ولا تُقدَّم كقيم سعودية.
QGAP-00751,سينابون - تشيلاتا,Cinnabon - Chillatta,سينابون,Cinnabon,Cinnabon,RESTAURANT,مطاعم,حلويات,,,KSA,HIGH,P1,MISSING,,OFFICIAL_FOREIGN_MARKET,Cinnabon nutrition,,,,,,,,,,NONE,HIGH,سينابون,Cinnabon,بيانات السوق الأجنبي فقط — تُوسم صراحةً ولا تُقدَّم كقيم سعودية.
QGAP-00752,سينابون - قهوة,Cinnabon - Coffee,سينابون,Cinnabon,Cinnabon,RESTAURANT,مطاعم,حلويات,,,KSA,HIGH,P1,MISSING,,OFFICIAL_FOREIGN_MARKET,Cinnabon nutrition,,,,,,,,,,NONE,HIGH,سينابون,Cinnabon,بيانات السوق الأجنبي فقط — تُوسم صراحةً ولا تُقدَّم كقيم سعودية.
QGAP-00753,باسكن روبنز - آيس كريم 3 سكوب,Baskin Robbins - Triple scoop,باسكن روبنز,Baskin Robbins,Baskin Robbins,RESTAURANT,مطاعم,حلويات,,,KSA,VERY_HIGH,P1,MISSING,,OFFICIAL_FOREIGN_MARKET,Baskin Robbins nutrition,,,,,,,,,,NONE,HIGH,باسكن روبنز,Baskin Robbins,بيانات السوق الأجنبي فقط — تُوسم صراحةً ولا تُقدَّم كقيم سعودية.
QGAP-00754,باسكن روبنز - ميلك شيك شوكولاتة,Baskin Robbins - Chocolate milkshake,باسكن روبنز,Baskin Robbins,Baskin Robbins,RESTAURANT,مطاعم,حلويات,,,KSA,VERY_HIGH,P1,EXISTS_GENERIC_ONLY,baskin-milkshake · باسكن روبنز - ميلك شيك,OFFICIAL_FOREIGN_MARKET,Baskin Robbins nutrition,,,,,,,,,,NONE,HIGH,باسكن روبنز,Baskin Robbins,بيانات السوق الأجنبي فقط — تُوسم صراحةً ولا تُقدَّم كقيم سعودية.
QGAP-00755,باسكن روبنز - كيك آيس كريم,Baskin Robbins - Ice cream cake,باسكن روبنز,Baskin Robbins,Baskin Robbins,RESTAURANT,مطاعم,حلويات,,,KSA,VERY_HIGH,P1,MISSING,,OFFICIAL_FOREIGN_MARKET,Baskin Robbins nutrition,,,,,,,,,,NONE,HIGH,باسكن روبنز,Baskin Robbins,بيانات السوق الأجنبي فقط — تُوسم صراحةً ولا تُقدَّم كقيم سعودية.
QGAP-00756,باسكن روبنز - بانانا سبليت,Baskin Robbins - Banana split,باسكن روبنز,Baskin Robbins,Baskin Robbins,RESTAURANT,مطاعم,حلويات,,,KSA,VERY_HIGH,P1,MISSING,,OFFICIAL_FOREIGN_MARKET,Baskin Robbins nutrition,,,,,,,,,,NONE,HIGH,باسكن روبنز,Baskin Robbins,بيانات السوق الأجنبي فقط — تُوسم صراحةً ولا تُقدَّم كقيم سعودية.
QGAP-00757,باسكن روبنز - واجن كون,Baskin Robbins - Waffle cone,باسكن روبنز,Baskin Robbins,Baskin Robbins,RESTAURANT,مطاعم,حلويات,,,KSA,VERY_HIGH,P1,MISSING,,OFFICIAL_FOREIGN_MARKET,Baskin Robbins nutrition,,,,,,,,,,NONE,HIGH,باسكن روبنز,Baskin Robbins,بيانات السوق الأجنبي فقط — تُوسم صراحةً ولا تُقدَّم كقيم سعودية.
QGAP-00758,باسكن روبنز - بلاست,Baskin Robbins - Blast,باسكن روبنز,Baskin Robbins,Baskin Robbins,RESTAURANT,مطاعم,حلويات,,,KSA,VERY_HIGH,P1,MISSING,,OFFICIAL_FOREIGN_MARKET,Baskin Robbins nutrition,,,,,,,,,,NONE,HIGH,باسكن روبنز,Baskin Robbins,بيانات السوق الأجنبي فقط — تُوسم صراحةً ولا تُقدَّم كقيم سعودية.
QGAP-00759,سعد الدين - كنافة نابلسية,Saadeddin - Nabulsi kunafa,سعد الدين,Saadeddin,Saadeddin,RESTAURANT,مطاعم,حلويات,,,KSA,HIGH,P1,MISSING,,OFFICIAL_LOCAL_KCAL,Saadeddin menu (SFDA),,,,,,,,,,NONE,HIGH,سعد الدين,Saadeddin,السعرات متاحة رسميًا على قائمة الفرع/التطبيق (إلزام SFDA منذ ١ يوليو ٢٠٢٥). الماكروز غير منشورة — تبقى فارغة.
QGAP-00760,سعد الدين - بقلاوة مشكلة,Saadeddin - Mixed baklava,سعد الدين,Saadeddin,Saadeddin,RESTAURANT,مطاعم,حلويات,,,KSA,HIGH,P1,MISSING,,OFFICIAL_LOCAL_KCAL,Saadeddin menu (SFDA),,,,,,,,,,NONE,HIGH,سعد الدين,Saadeddin,السعرات متاحة رسميًا على قائمة الفرع/التطبيق (إلزام SFDA منذ ١ يوليو ٢٠٢٥). الماكروز غير منشورة — تبقى فارغة.
QGAP-00761,سعد الدين - معمول تمر,Saadeddin - Date maamoul,سعد الدين,Saadeddin,Saadeddin,RESTAURANT,مطاعم,حلويات,,,KSA,HIGH,P1,EXISTS_GENERIC_ONLY,maamoul-dates · معمول تمر,OFFICIAL_LOCAL_KCAL,Saadeddin menu (SFDA),,,,,,,,,,NONE,HIGH,سعد الدين,Saadeddin,السعرات متاحة رسميًا على قائمة الفرع/التطبيق (إلزام SFDA منذ ١ يوليو ٢٠٢٥). الماكروز غير منشورة — تبقى فارغة.
QGAP-00762,سعد الدين - بسبوسة,Saadeddin - Basbousa,سعد الدين,Saadeddin,Saadeddin,RESTAURANT,مطاعم,حلويات,,,KSA,HIGH,P1,EXISTS_GENERIC_ONLY,basbousa · بسبوسة,OFFICIAL_LOCAL_KCAL,Saadeddin menu (SFDA),,,,,,,,,,NONE,HIGH,سعد الدين,Saadeddin,السعرات متاحة رسميًا على قائمة الفرع/التطبيق (إلزام SFDA منذ ١ يوليو ٢٠٢٥). الماكروز غير منشورة — تبقى فارغة.
QGAP-00763,سعد الدين - شوكولاتة سعد الدين,Saadeddin - Saadeddin chocolate,سعد الدين,Saadeddin,Saadeddin,RESTAURANT,مطاعم,حلويات,,,KSA,HIGH,P1,MISSING,,OFFICIAL_LOCAL_KCAL,Saadeddin menu (SFDA),,,,,,,,,,NONE,HIGH,سعد الدين,Saadeddin,السعرات متاحة رسميًا على قائمة الفرع/التطبيق (إلزام SFDA منذ ١ يوليو ٢٠٢٥). الماكروز غير منشورة — تبقى فارغة.
QGAP-00764,سعد الدين - كيك,Saadeddin - Cake,سعد الدين,Saadeddin,Saadeddin,RESTAURANT,مطاعم,حلويات,,,KSA,HIGH,P1,MISSING,,OFFICIAL_LOCAL_KCAL,Saadeddin menu (SFDA),,,,,,,,,,NONE,HIGH,سعد الدين,Saadeddin,السعرات متاحة رسميًا على قائمة الفرع/التطبيق (إلزام SFDA منذ ١ يوليو ٢٠٢٥). الماكروز غير منشورة — تبقى فارغة.
QGAP-00765,سعد الدين - حلاوة الجبن,Saadeddin - Cheese halawa,سعد الدين,Saadeddin,Saadeddin,RESTAURANT,مطاعم,حلويات,,,KSA,HIGH,P1,MISSING,,OFFICIAL_LOCAL_KCAL,Saadeddin menu (SFDA),,,,,,,,,,NONE,HIGH,سعد الدين,Saadeddin,السعرات متاحة رسميًا على قائمة الفرع/التطبيق (إلزام SFDA منذ ١ يوليو ٢٠٢٥). الماكروز غير منشورة — تبقى فارغة.
QGAP-00766,سعد الدين - غريبة,Saadeddin - Ghraybah,سعد الدين,Saadeddin,Saadeddin,RESTAURANT,مطاعم,حلويات,,,KSA,HIGH,P1,MISSING,,OFFICIAL_LOCAL_KCAL,Saadeddin menu (SFDA),,,,,,,,,,NONE,HIGH,سعد الدين,Saadeddin,السعرات متاحة رسميًا على قائمة الفرع/التطبيق (إلزام SFDA منذ ١ يوليو ٢٠٢٥). الماكروز غير منشورة — تبقى فارغة.
QGAP-00767,تشيليز - فاهيتا دجاج,Chili's - Chicken fajitas,تشيليز,Chili's,Chili's,RESTAURANT,مطاعم,مطاعم عائلية,,,KSA,MEDIUM,P2,EXISTS_GENERIC_ONLY,fajita-chicken · فاهيتا دجاج,OFFICIAL_FOREIGN_MARKET,Chili's US nutrition,,,,,,,,,,NONE,HIGH,تشيليز,Chili's,بيانات السوق الأجنبي فقط — تُوسم صراحةً ولا تُقدَّم كقيم سعودية.
QGAP-00768,تشيليز - برجر أولد تايمر,Chili's - Oldtimer burger,تشيليز,Chili's,Chili's,RESTAURANT,مطاعم,مطاعم عائلية,,,KSA,MEDIUM,P2,MISSING,,OFFICIAL_FOREIGN_MARKET,Chili's US nutrition,,,,,,,,,,NONE,HIGH,تشيليز,Chili's,بيانات السوق الأجنبي فقط — تُوسم صراحةً ولا تُقدَّم كقيم سعودية.
QGAP-00769,تشيليز - أضلاع باربكيو,Chili's - BBQ ribs,تشيليز,Chili's,Chili's,RESTAURANT,مطاعم,مطاعم عائلية,,,KSA,MEDIUM,P2,MISSING,,OFFICIAL_FOREIGN_MARKET,Chili's US nutrition,,,,,,,,,,NONE,HIGH,تشيليز,Chili's,بيانات السوق الأجنبي فقط — تُوسم صراحةً ولا تُقدَّم كقيم سعودية.
QGAP-00770,تشيليز - تشيكن كرسبرز,Chili's - Chicken crispers,تشيليز,Chili's,Chili's,RESTAURANT,مطاعم,مطاعم عائلية,,,KSA,MEDIUM,P2,MISSING,,OFFICIAL_FOREIGN_MARKET,Chili's US nutrition,,,,,,,,,,NONE,HIGH,تشيليز,Chili's,بيانات السوق الأجنبي فقط — تُوسم صراحةً ولا تُقدَّم كقيم سعودية.
QGAP-00771,تشيليز - ناتشوز,Chili's - Nachos,تشيليز,Chili's,Chili's,RESTAURANT,مطاعم,مطاعم عائلية,,,KSA,MEDIUM,P2,MISSING,,OFFICIAL_FOREIGN_MARKET,Chili's US nutrition,,,,,,,,,,NONE,HIGH,تشيليز,Chili's,بيانات السوق الأجنبي فقط — تُوسم صراحةً ولا تُقدَّم كقيم سعودية.
QGAP-00772,تشيليز - مولتن كيك,Chili's - Molten chocolate cake,تشيليز,Chili's,Chili's,RESTAURANT,مطاعم,مطاعم عائلية,,,KSA,MEDIUM,P2,MISSING,,OFFICIAL_FOREIGN_MARKET,Chili's US nutrition,,,,,,,,,,NONE,HIGH,تشيليز,Chili's,بيانات السوق الأجنبي فقط — تُوسم صراحةً ولا تُقدَّم كقيم سعودية.
QGAP-00773,تشيليز - سلطة,Chili's - Salad,تشيليز,Chili's,Chili's,RESTAURANT,مطاعم,مطاعم عائلية,,,KSA,MEDIUM,P2,MISSING,,OFFICIAL_FOREIGN_MARKET,Chili's US nutrition,,,,,,,,,,NONE,HIGH,تشيليز,Chili's,بيانات السوق الأجنبي فقط — تُوسم صراحةً ولا تُقدَّم كقيم سعودية.
QGAP-00774,تشيليز - كيساديا,Chili's - Quesadilla,تشيليز,Chili's,Chili's,RESTAURANT,مطاعم,مطاعم عائلية,,,KSA,MEDIUM,P2,MISSING,,OFFICIAL_FOREIGN_MARKET,Chili's US nutrition,,,,,,,,,,NONE,HIGH,تشيليز,Chili's,بيانات السوق الأجنبي فقط — تُوسم صراحةً ولا تُقدَّم كقيم سعودية.
QGAP-00775,آبل بيز - ريب آي ستيك,Applebee's - Ribeye steak,آبل بيز,Applebee's,Applebee's,RESTAURANT,مطاعم,مطاعم عائلية,,,KSA,MEDIUM,P2,MISSING,,OFFICIAL_FOREIGN_MARKET,Applebee's nutrition,,,,,,,,,,NONE,HIGH,آبل بيز,Applebee's,بيانات السوق الأجنبي فقط — تُوسم صراحةً ولا تُقدَّم كقيم سعودية.
QGAP-00776,آبل بيز - برجر كلاسيك,Applebee's - Classic burger,آبل بيز,Applebee's,Applebee's,RESTAURANT,مطاعم,مطاعم عائلية,,,KSA,MEDIUM,P2,MISSING,,OFFICIAL_FOREIGN_MARKET,Applebee's nutrition,,,,,,,,,,NONE,HIGH,آبل بيز,Applebee's,بيانات السوق الأجنبي فقط — تُوسم صراحةً ولا تُقدَّم كقيم سعودية.
QGAP-00777,آبل بيز - أجنحة بافلو,Applebee's - Boneless wings,آبل بيز,Applebee's,Applebee's,RESTAURANT,مطاعم,مطاعم عائلية,,,KSA,MEDIUM,P2,MISSING,,OFFICIAL_FOREIGN_MARKET,Applebee's nutrition,,,,,,,,,,NONE,HIGH,آبل بيز,Applebee's,بيانات السوق الأجنبي فقط — تُوسم صراحةً ولا تُقدَّم كقيم سعودية.
QGAP-00778,آبل بيز - فاهيتا,Applebee's - Fajitas,آبل بيز,Applebee's,Applebee's,RESTAURANT,مطاعم,مطاعم عائلية,,,KSA,MEDIUM,P2,MISSING,,OFFICIAL_FOREIGN_MARKET,Applebee's nutrition,,,,,,,,,,NONE,HIGH,آبل بيز,Applebee's,بيانات السوق الأجنبي فقط — تُوسم صراحةً ولا تُقدَّم كقيم سعودية.
QGAP-00779,آبل بيز - سلطة سيزر بالدجاج,Applebee's - Chicken Caesar salad,آبل بيز,Applebee's,Applebee's,RESTAURANT,مطاعم,مطاعم عائلية,,,KSA,MEDIUM,P2,MISSING,,OFFICIAL_FOREIGN_MARKET,Applebee's nutrition,,,,,,,,,,NONE,HIGH,آبل بيز,Applebee's,بيانات السوق الأجنبي فقط — تُوسم صراحةً ولا تُقدَّم كقيم سعودية.
QGAP-00780,آبل بيز - براوني صنداي,Applebee's - Brownie sundae,آبل بيز,Applebee's,Applebee's,RESTAURANT,مطاعم,مطاعم عائلية,,,KSA,MEDIUM,P2,MISSING,,OFFICIAL_FOREIGN_MARKET,Applebee's nutrition,,,,,,,,,,NONE,HIGH,آبل بيز,Applebee's,بيانات السوق الأجنبي فقط — تُوسم صراحةً ولا تُقدَّم كقيم سعودية.
QGAP-00781,تكساس رودهاوس - ستيك سيرلوين,Texas Roadhouse - Sirloin steak,تكساس رودهاوس,Texas Roadhouse,Texas Roadhouse,RESTAURANT,مطاعم,ستيك,,,KSA,MEDIUM,P2,MISSING,,OFFICIAL_FOREIGN_MARKET,Texas Roadhouse nutrition,,,,,,,,,,NONE,HIGH,تكساس رودهاوس,Texas Roadhouse,بيانات السوق الأجنبي فقط — تُوسم صراحةً ولا تُقدَّم كقيم سعودية.
QGAP-00782,تكساس رودهاوس - أضلاع,Texas Roadhouse - Ribs,تكساس رودهاوس,Texas Roadhouse,Texas Roadhouse,RESTAURANT,مطاعم,ستيك,,,KSA,MEDIUM,P2,MISSING,,OFFICIAL_FOREIGN_MARKET,Texas Roadhouse nutrition,,,,,,,,,,NONE,HIGH,تكساس رودهاوس,Texas Roadhouse,بيانات السوق الأجنبي فقط — تُوسم صراحةً ولا تُقدَّم كقيم سعودية.
QGAP-00783,تكساس رودهاوس - خبز بالزبدة,Texas Roadhouse - Buttered roll,تكساس رودهاوس,Texas Roadhouse,Texas Roadhouse,RESTAURANT,مطاعم,ستيك,,,KSA,MEDIUM,P2,MISSING,,OFFICIAL_FOREIGN_MARKET,Texas Roadhouse nutrition,,,,,,,,,,NONE,HIGH,تكساس رودهاوس,Texas Roadhouse,بيانات السوق الأجنبي فقط — تُوسم صراحةً ولا تُقدَّم كقيم سعودية.
QGAP-00784,تكساس رودهاوس - بطاطس مهروسة,Texas Roadhouse - Mashed potatoes,تكساس رودهاوس,Texas Roadhouse,Texas Roadhouse,RESTAURANT,مطاعم,ستيك,,,KSA,MEDIUM,P2,MISSING,,OFFICIAL_FOREIGN_MARKET,Texas Roadhouse nutrition,,,,,,,,,,NONE,HIGH,تكساس رودهاوس,Texas Roadhouse,بيانات السوق الأجنبي فقط — تُوسم صراحةً ولا تُقدَّم كقيم سعودية.
QGAP-00785,تكساس رودهاوس - سلطة هاوس,Texas Roadhouse - House salad,تكساس رودهاوس,Texas Roadhouse,Texas Roadhouse,RESTAURANT,مطاعم,ستيك,,,KSA,MEDIUM,P2,MISSING,,OFFICIAL_FOREIGN_MARKET,Texas Roadhouse nutrition,,,,,,,,,,NONE,HIGH,تكساس رودهاوس,Texas Roadhouse,بيانات السوق الأجنبي فقط — تُوسم صراحةً ولا تُقدَّم كقيم سعودية.
QGAP-00786,تكساس رودهاوس - ستيك فيليه,Texas Roadhouse - Filet steak,تكساس رودهاوس,Texas Roadhouse,Texas Roadhouse,RESTAURANT,مطاعم,ستيك,,,KSA,MEDIUM,P2,MISSING,,OFFICIAL_FOREIGN_MARKET,Texas Roadhouse nutrition,,,,,,,,,,NONE,HIGH,تكساس رودهاوس,Texas Roadhouse,بيانات السوق الأجنبي فقط — تُوسم صراحةً ولا تُقدَّم كقيم سعودية.
QGAP-00787,نandوز - ربع دجاج بيري بيري,Nando's - Quarter chicken peri-peri,نandوز,Nando's,Nando's,RESTAURANT,مطاعم,دجاج مشوي,,,KSA,HIGH,P1,MISSING,,OFFICIAL_FOREIGN_MARKET,Nando's UK nutrition,,,,,,,,,,NONE,HIGH,نandوز,Nando's,بيانات السوق الأجنبي فقط — تُوسم صراحةً ولا تُقدَّم كقيم سعودية.
QGAP-00788,نandوز - نصف دجاج,Nando's - Half chicken,نandوز,Nando's,Nando's,RESTAURANT,مطاعم,دجاج مشوي,,,KSA,HIGH,P1,MISSING,,OFFICIAL_FOREIGN_MARKET,Nando's UK nutrition,,,,,,,,,,NONE,HIGH,نandوز,Nando's,بيانات السوق الأجنبي فقط — تُوسم صراحةً ولا تُقدَّم كقيم سعودية.
QGAP-00789,نandوز - برجر دجاج,Nando's - Chicken burger,نandوز,Nando's,Nando's,RESTAURANT,مطاعم,دجاج مشوي,,,KSA,HIGH,P1,EXISTS_GENERIC_ONLY,chicken-burger · برجر دجاج,OFFICIAL_FOREIGN_MARKET,Nando's UK nutrition,,,,,,,,,,NONE,HIGH,نandوز,Nando's,بيانات السوق الأجنبي فقط — تُوسم صراحةً ولا تُقدَّم كقيم سعودية.
QGAP-00790,نandوز - رابس,Nando's - Wrap,نandوز,Nando's,Nando's,RESTAURANT,مطاعم,دجاج مشوي,,,KSA,HIGH,P1,MISSING,,OFFICIAL_FOREIGN_MARKET,Nando's UK nutrition,,,,,,,,,,NONE,HIGH,نandوز,Nando's,بيانات السوق الأجنبي فقط — تُوسم صراحةً ولا تُقدَّم كقيم سعودية.
QGAP-00791,نandوز - أرز سباسي,Nando's - Spicy rice,نandوز,Nando's,Nando's,RESTAURANT,مطاعم,دجاج مشوي,,,KSA,HIGH,P1,MISSING,,OFFICIAL_FOREIGN_MARKET,Nando's UK nutrition,,,,,,,,,,NONE,HIGH,نandوز,Nando's,بيانات السوق الأجنبي فقط — تُوسم صراحةً ولا تُقدَّم كقيم سعودية.
QGAP-00792,نandوز - ماك أند تشيز,Nando's - Macho peas / mac,نandوز,Nando's,Nando's,RESTAURANT,مطاعم,دجاج مشوي,,,KSA,HIGH,P1,MISSING,,OFFICIAL_FOREIGN_MARKET,Nando's UK nutrition,,,,,,,,,,NONE,HIGH,نandوز,Nando's,بيانات السوق الأجنبي فقط — تُوسم صراحةً ولا تُقدَّم كقيم سعودية.
QGAP-00793,نandوز - بطاطس بيري بيري,Nando's - Peri-peri chips,نandوز,Nando's,Nando's,RESTAURANT,مطاعم,دجاج مشوي,,,KSA,HIGH,P1,MISSING,,OFFICIAL_FOREIGN_MARKET,Nando's UK nutrition,,,,,,,,,,NONE,HIGH,نandوز,Nando's,بيانات السوق الأجنبي فقط — تُوسم صراحةً ولا تُقدَّم كقيم سعودية.
QGAP-00794,نandوز - سلطة,Nando's - Salad,نandوز,Nando's,Nando's,RESTAURANT,مطاعم,دجاج مشوي,,,KSA,HIGH,P1,MISSING,,OFFICIAL_FOREIGN_MARKET,Nando's UK nutrition,,,,,,,,,,NONE,HIGH,نandوز,Nando's,بيانات السوق الأجنبي فقط — تُوسم صراحةً ولا تُقدَّم كقيم سعودية.
QGAP-00795,كبابجي - شيش طاووق,Kababji - Shish tawook,كبابجي,Kababji,Kababji,RESTAURANT,مطاعم,مشاوي,,,KSA,HIGH,P1,EXISTS_GENERIC_ONLY,shish-tawook-meal · شيش طاووق,OFFICIAL_LOCAL_KCAL,Kababji menu (SFDA),,,,,,,,,,NONE,HIGH,كبابجي,Kababji,السعرات متاحة رسميًا على قائمة الفرع/التطبيق (إلزام SFDA منذ ١ يوليو ٢٠٢٥). الماكروز غير منشورة — تبقى فارغة.
QGAP-00796,كبابجي - كباب لحم,Kababji - Lamb kebab,كبابجي,Kababji,Kababji,RESTAURANT,مطاعم,مشاوي,,,KSA,HIGH,P1,EXISTS_GENERIC_ONLY,kabab · كباب لحم,OFFICIAL_LOCAL_KCAL,Kababji menu (SFDA),,,,,,,,,,NONE,HIGH,كبابجي,Kababji,السعرات متاحة رسميًا على قائمة الفرع/التطبيق (إلزام SFDA منذ ١ يوليو ٢٠٢٥). الماكروز غير منشورة — تبقى فارغة.
QGAP-00797,كبابجي - مشاوي مشكلة,Kababji - Mixed grill,كبابجي,Kababji,Kababji,RESTAURANT,مطاعم,مشاوي,,,KSA,HIGH,P1,MISSING,,OFFICIAL_LOCAL_KCAL,Kababji menu (SFDA),,,,,,,,,,NONE,HIGH,كبابجي,Kababji,السعرات متاحة رسميًا على قائمة الفرع/التطبيق (إلزام SFDA منذ ١ يوليو ٢٠٢٥). الماكروز غير منشورة — تبقى فارغة.
QGAP-00798,كبابجي - حمص,Kababji - Hummus,كبابجي,Kababji,Kababji,RESTAURANT,مطاعم,مشاوي,,,KSA,HIGH,P1,EXISTS_GENERIC_ONLY,gcc-21 · حمّص بالطحينة,OFFICIAL_LOCAL_KCAL,Kababji menu (SFDA),,,,,,,,,,NONE,HIGH,كبابجي,Kababji,السعرات متاحة رسميًا على قائمة الفرع/التطبيق (إلزام SFDA منذ ١ يوليو ٢٠٢٥). الماكروز غير منشورة — تبقى فارغة.
QGAP-00799,كبابجي - متبل,Kababji - Moutabbal,كبابجي,Kababji,Kababji,RESTAURANT,مطاعم,مشاوي,,,KSA,HIGH,P1,MISSING,,OFFICIAL_LOCAL_KCAL,Kababji menu (SFDA),,,,,,,,,,NONE,HIGH,كبابجي,Kababji,السعرات متاحة رسميًا على قائمة الفرع/التطبيق (إلزام SFDA منذ ١ يوليو ٢٠٢٥). الماكروز غير منشورة — تبقى فارغة.
QGAP-00800,كبابجي - تبولة,Kababji - Tabbouleh,كبابجي,Kababji,Kababji,RESTAURANT,مطاعم,مشاوي,,,KSA,HIGH,P1,EXISTS_GENERIC_ONLY,tabbouleh · تبولة,OFFICIAL_LOCAL_KCAL,Kababji menu (SFDA),,,,,,,,,,NONE,HIGH,كبابجي,Kababji,السعرات متاحة رسميًا على قائمة الفرع/التطبيق (إلزام SFDA منذ ١ يوليو ٢٠٢٥). الماكروز غير منشورة — تبقى فارغة.
QGAP-00801,كبابجي - فتوش,Kababji - Fattoush,كبابجي,Kababji,Kababji,RESTAURANT,مطاعم,مشاوي,,,KSA,HIGH,P1,EXISTS_GENERIC_ONLY,fattoush · فتوش,OFFICIAL_LOCAL_KCAL,Kababji menu (SFDA),,,,,,,,,,NONE,HIGH,كبابجي,Kababji,السعرات متاحة رسميًا على قائمة الفرع/التطبيق (إلزام SFDA منذ ١ يوليو ٢٠٢٥). الماكروز غير منشورة — تبقى فارغة.
QGAP-00802,كبابجي - كبة,Kababji - Kibbeh,كبابجي,Kababji,Kababji,RESTAURANT,مطاعم,مشاوي,,,KSA,HIGH,P1,MISSING,,OFFICIAL_LOCAL_KCAL,Kababji menu (SFDA),,,,,,,,,,NONE,HIGH,كبابجي,Kababji,السعرات متاحة رسميًا على قائمة الفرع/التطبيق (إلزام SFDA منذ ١ يوليو ٢٠٢٥). الماكروز غير منشورة — تبقى فارغة.
QGAP-00803,كبابجي - شاورما,Kababji - Shawarma,كبابجي,Kababji,Kababji,RESTAURANT,مطاعم,مشاوي,,,KSA,HIGH,P1,MISSING,,OFFICIAL_LOCAL_KCAL,Kababji menu (SFDA),,,,,,,,,,NONE,HIGH,كبابجي,Kababji,السعرات متاحة رسميًا على قائمة الفرع/التطبيق (إلزام SFDA منذ ١ يوليو ٢٠٢٥). الماكروز غير منشورة — تبقى فارغة.
QGAP-00804,كبابجي - بطاطس حارة,Kababji - Spicy potato,كبابجي,Kababji,Kababji,RESTAURANT,مطاعم,مشاوي,,,KSA,HIGH,P1,MISSING,,OFFICIAL_LOCAL_KCAL,Kababji menu (SFDA),,,,,,,,,,NONE,HIGH,كبابجي,Kababji,السعرات متاحة رسميًا على قائمة الفرع/التطبيق (إلزام SFDA منذ ١ يوليو ٢٠٢٥). الماكروز غير منشورة — تبقى فارغة.
QGAP-00805,زعتر وزيت - مناقيش زعتر,Zaatar w Zeit - Zaatar manakish,زعتر وزيت,Zaatar w Zeit,Zaatar w Zeit,RESTAURANT,مطاعم,فطور,,,KSA,HIGH,P1,EXISTS_GENERIC_ONLY,manakish-zaatar · مناقيش زعتر,OFFICIAL_LOCAL_KCAL,Zaatar w Zeit menu (SFDA),,,,,,,,,,NONE,HIGH,زعتر وزيت,Zaatar w Zeit,السعرات متاحة رسميًا على قائمة الفرع/التطبيق (إلزام SFDA منذ ١ يوليو ٢٠٢٥). الماكروز غير منشورة — تبقى فارغة.
QGAP-00806,زعتر وزيت - مناقيش جبن,Zaatar w Zeit - Cheese manakish,زعتر وزيت,Zaatar w Zeit,Zaatar w Zeit,RESTAURANT,مطاعم,فطور,,,KSA,HIGH,P1,EXISTS_GENERIC_ONLY,manakish-cheese · مناقيش جبن,OFFICIAL_LOCAL_KCAL,Zaatar w Zeit menu (SFDA),,,,,,,,,,NONE,HIGH,زعتر وزيت,Zaatar w Zeit,السعرات متاحة رسميًا على قائمة الفرع/التطبيق (إلزام SFDA منذ ١ يوليو ٢٠٢٥). الماكروز غير منشورة — تبقى فارغة.
QGAP-00807,زعتر وزيت - لحم بعجين,Zaatar w Zeit - Lahm bi ajeen,زعتر وزيت,Zaatar w Zeit,Zaatar w Zeit,RESTAURANT,مطاعم,فطور,,,KSA,HIGH,P1,MISSING,,OFFICIAL_LOCAL_KCAL,Zaatar w Zeit menu (SFDA),,,,,,,,,,NONE,HIGH,زعتر وزيت,Zaatar w Zeit,السعرات متاحة رسميًا على قائمة الفرع/التطبيق (إلزام SFDA منذ ١ يوليو ٢٠٢٥). الماكروز غير منشورة — تبقى فارغة.
QGAP-00808,زعتر وزيت - فطة حمص,Zaatar w Zeit - Fatteh,زعتر وزيت,Zaatar w Zeit,Zaatar w Zeit,RESTAURANT,مطاعم,فطور,,,KSA,HIGH,P1,MISSING,,OFFICIAL_LOCAL_KCAL,Zaatar w Zeit menu (SFDA),,,,,,,,,,NONE,HIGH,زعتر وزيت,Zaatar w Zeit,السعرات متاحة رسميًا على قائمة الفرع/التطبيق (إلزام SFDA منذ ١ يوليو ٢٠٢٥). الماكروز غير منشورة — تبقى فارغة.
QGAP-00809,زعتر وزيت - شكشوكة,Zaatar w Zeit - Shakshouka,زعتر وزيت,Zaatar w Zeit,Zaatar w Zeit,RESTAURANT,مطاعم,فطور,,,KSA,HIGH,P1,EXISTS_GENERIC_ONLY,shakshouka · شكشوكة,OFFICIAL_LOCAL_KCAL,Zaatar w Zeit menu (SFDA),,,,,,,,,,NONE,HIGH,زعتر وزيت,Zaatar w Zeit,السعرات متاحة رسميًا على قائمة الفرع/التطبيق (إلزام SFDA منذ ١ يوليو ٢٠٢٥). الماكروز غير منشورة — تبقى فارغة.
QGAP-00810,زعتر وزيت - عجة,Zaatar w Zeit - Ejjeh omelette,زعتر وزيت,Zaatar w Zeit,Zaatar w Zeit,RESTAURANT,مطاعم,فطور,,,KSA,HIGH,P1,MISSING,,OFFICIAL_LOCAL_KCAL,Zaatar w Zeit menu (SFDA),,,,,,,,,,NONE,HIGH,زعتر وزيت,Zaatar w Zeit,السعرات متاحة رسميًا على قائمة الفرع/التطبيق (إلزام SFDA منذ ١ يوليو ٢٠٢٥). الماكروز غير منشورة — تبقى فارغة.
QGAP-00811,زعتر وزيت - ساندويتش حلوم,Zaatar w Zeit - Halloumi sandwich,زعتر وزيت,Zaatar w Zeit,Zaatar w Zeit,RESTAURANT,مطاعم,فطور,,,KSA,HIGH,P1,MISSING,,OFFICIAL_LOCAL_KCAL,Zaatar w Zeit menu (SFDA),,,,,,,,,,NONE,HIGH,زعتر وزيت,Zaatar w Zeit,السعرات متاحة رسميًا على قائمة الفرع/التطبيق (إلزام SFDA منذ ١ يوليو ٢٠٢٥). الماكروز غير منشورة — تبقى فارغة.
QGAP-00812,زعتر وزيت - لبنة وزعتر,Zaatar w Zeit - Labneh and zaatar,زعتر وزيت,Zaatar w Zeit,Zaatar w Zeit,RESTAURANT,مطاعم,فطور,,,KSA,HIGH,P1,MISSING,,OFFICIAL_LOCAL_KCAL,Zaatar w Zeit menu (SFDA),,,,,,,,,,NONE,HIGH,زعتر وزيت,Zaatar w Zeit,السعرات متاحة رسميًا على قائمة الفرع/التطبيق (إلزام SFDA منذ ١ يوليو ٢٠٢٥). الماكروز غير منشورة — تبقى فارغة.
QGAP-00813,زعتر وزيت - فول,Zaatar w Zeit - Foul,زعتر وزيت,Zaatar w Zeit,Zaatar w Zeit,RESTAURANT,مطاعم,فطور,,,KSA,HIGH,P1,MISSING,,OFFICIAL_LOCAL_KCAL,Zaatar w Zeit menu (SFDA),,,,,,,,,,NONE,HIGH,زعتر وزيت,Zaatar w Zeit,السعرات متاحة رسميًا على قائمة الفرع/التطبيق (إلزام SFDA منذ ١ يوليو ٢٠٢٥). الماكروز غير منشورة — تبقى فارغة.
QGAP-00814,زعتر وزيت - عصير ليمون نعناع,Zaatar w Zeit - Lemonade with mint,زعتر وزيت,Zaatar w Zeit,Zaatar w Zeit,RESTAURANT,مطاعم,فطور,,,KSA,HIGH,P1,EXISTS_GENERIC_ONLY,lemon-mint · ليمون نعناع,OFFICIAL_LOCAL_KCAL,Zaatar w Zeit menu (SFDA),,,,,,,,,,NONE,HIGH,زعتر وزيت,Zaatar w Zeit,السعرات متاحة رسميًا على قائمة الفرع/التطبيق (إلزام SFDA منذ ١ يوليو ٢٠٢٥). الماكروز غير منشورة — تبقى فارغة.
QGAP-00815,بول - كرواسون بالزبدة,Paul - Butter croissant,بول,Paul,Paul,RESTAURANT,مطاعم,مخبوزات,,,KSA,MEDIUM,P2,EXISTS_GENERIC_ONLY,croissant · كرواسون,OFFICIAL_LOCAL_KCAL,Paul KSA menu (SFDA),,,,,,,,,,NONE,HIGH,بول,Paul,السعرات متاحة رسميًا على قائمة الفرع/التطبيق (إلزام SFDA منذ ١ يوليو ٢٠٢٥). الماكروز غير منشورة — تبقى فارغة.
QGAP-00816,بول - بان أو شوكولا,Paul - Pain au chocolat,بول,Paul,Paul,RESTAURANT,مطاعم,مخبوزات,,,KSA,MEDIUM,P2,MISSING,,OFFICIAL_LOCAL_KCAL,Paul KSA menu (SFDA),,,,,,,,,,NONE,HIGH,بول,Paul,السعرات متاحة رسميًا على قائمة الفرع/التطبيق (إلزام SFDA منذ ١ يوليو ٢٠٢٥). الماكروز غير منشورة — تبقى فارغة.
QGAP-00817,بول - كيش لورين,Paul - Quiche Lorraine,بول,Paul,Paul,RESTAURANT,مطاعم,مخبوزات,,,KSA,MEDIUM,P2,MISSING,,OFFICIAL_LOCAL_KCAL,Paul KSA menu (SFDA),,,,,,,,,,NONE,HIGH,بول,Paul,السعرات متاحة رسميًا على قائمة الفرع/التطبيق (إلزام SFDA منذ ١ يوليو ٢٠٢٥). الماكروز غير منشورة — تبقى فارغة.
QGAP-00818,بول - ساندويتش بولي,Paul - Poulet sandwich,بول,Paul,Paul,RESTAURANT,مطاعم,مخبوزات,,,KSA,MEDIUM,P2,MISSING,,OFFICIAL_LOCAL_KCAL,Paul KSA menu (SFDA),,,,,,,,,,NONE,HIGH,بول,Paul,السعرات متاحة رسميًا على قائمة الفرع/التطبيق (إلزام SFDA منذ ١ يوليو ٢٠٢٥). الماكروز غير منشورة — تبقى فارغة.
QGAP-00819,بول - إكلير,Paul - Eclair,بول,Paul,Paul,RESTAURANT,مطاعم,مخبوزات,,,KSA,MEDIUM,P2,MISSING,,OFFICIAL_LOCAL_KCAL,Paul KSA menu (SFDA),,,,,,,,,,NONE,HIGH,بول,Paul,السعرات متاحة رسميًا على قائمة الفرع/التطبيق (إلزام SFDA منذ ١ يوليو ٢٠٢٥). الماكروز غير منشورة — تبقى فارغة.
QGAP-00820,بول - ماكارون,Paul - Macaron,بول,Paul,Paul,RESTAURANT,مطاعم,مخبوزات,,,KSA,MEDIUM,P2,MISSING,,OFFICIAL_LOCAL_KCAL,Paul KSA menu (SFDA),,,,,,,,,,NONE,HIGH,بول,Paul,السعرات متاحة رسميًا على قائمة الفرع/التطبيق (إلزام SFDA منذ ١ يوليو ٢٠٢٥). الماكروز غير منشورة — تبقى فارغة.
QGAP-00821,بول - تارت فواكه,Paul - Fruit tart,بول,Paul,Paul,RESTAURANT,مطاعم,مخبوزات,,,KSA,MEDIUM,P2,MISSING,,OFFICIAL_LOCAL_KCAL,Paul KSA menu (SFDA),,,,,,,,,,NONE,HIGH,بول,Paul,السعرات متاحة رسميًا على قائمة الفرع/التطبيق (إلزام SFDA منذ ١ يوليو ٢٠٢٥). الماكروز غير منشورة — تبقى فارغة.
QGAP-00822,بول - باغيت,Paul - Baguette,بول,Paul,Paul,RESTAURANT,مطاعم,مخبوزات,,,KSA,MEDIUM,P2,MISSING,,OFFICIAL_LOCAL_KCAL,Paul KSA menu (SFDA),,,,,,,,,,NONE,HIGH,بول,Paul,السعرات متاحة رسميًا على قائمة الفرع/التطبيق (إلزام SFDA منذ ١ يوليو ٢٠٢٥). الماكروز غير منشورة — تبقى فارغة.
QGAP-00823,سومو سوشي - رول كاليفورنيا,Sumo Sushi - California roll,سومو سوشي,Sumo Sushi,Sumo Sushi,RESTAURANT,مطاعم,آسيوي,,,KSA,MEDIUM,P2,MISSING,,OFFICIAL_LOCAL_KCAL,Sumo Sushi menu (SFDA),,,,,,,,,,NONE,HIGH,سومو سوشي,Sumo Sushi,السعرات متاحة رسميًا على قائمة الفرع/التطبيق (إلزام SFDA منذ ١ يوليو ٢٠٢٥). الماكروز غير منشورة — تبقى فارغة.
QGAP-00824,سومو سوشي - رول سالمون,Sumo Sushi - Salmon roll,سومو سوشي,Sumo Sushi,Sumo Sushi,RESTAURANT,مطاعم,آسيوي,,,KSA,MEDIUM,P2,MISSING,,OFFICIAL_LOCAL_KCAL,Sumo Sushi menu (SFDA),,,,,,,,,,NONE,HIGH,سومو سوشي,Sumo Sushi,السعرات متاحة رسميًا على قائمة الفرع/التطبيق (إلزام SFDA منذ ١ يوليو ٢٠٢٥). الماكروز غير منشورة — تبقى فارغة.
QGAP-00825,سومو سوشي - ساشيمي,Sumo Sushi - Sashimi,سومو سوشي,Sumo Sushi,Sumo Sushi,RESTAURANT,مطاعم,آسيوي,,,KSA,MEDIUM,P2,MISSING,,OFFICIAL_LOCAL_KCAL,Sumo Sushi menu (SFDA),,,,,,,,,,NONE,HIGH,سومو سوشي,Sumo Sushi,السعرات متاحة رسميًا على قائمة الفرع/التطبيق (إلزام SFDA منذ ١ يوليو ٢٠٢٥). الماكروز غير منشورة — تبقى فارغة.
QGAP-00826,سومو سوشي - تمبورا روبيان,Sumo Sushi - Shrimp tempura,سومو سوشي,Sumo Sushi,Sumo Sushi,RESTAURANT,مطاعم,آسيوي,,,KSA,MEDIUM,P2,MISSING,,OFFICIAL_LOCAL_KCAL,Sumo Sushi menu (SFDA),,,,,,,,,,NONE,HIGH,سومو سوشي,Sumo Sushi,السعرات متاحة رسميًا على قائمة الفرع/التطبيق (إلزام SFDA منذ ١ يوليو ٢٠٢٥). الماكروز غير منشورة — تبقى فارغة.
QGAP-00827,سومو سوشي - رامن,Sumo Sushi - Ramen,سومو سوشي,Sumo Sushi,Sumo Sushi,RESTAURANT,مطاعم,آسيوي,,,KSA,MEDIUM,P2,MISSING,,OFFICIAL_LOCAL_KCAL,Sumo Sushi menu (SFDA),,,,,,,,,,NONE,HIGH,سومو سوشي,Sumo Sushi,السعرات متاحة رسميًا على قائمة الفرع/التطبيق (إلزام SFDA منذ ١ يوليو ٢٠٢٥). الماكروز غير منشورة — تبقى فارغة.
QGAP-00828,سومو سوشي - ياكي نودلز,Sumo Sushi - Yaki noodles,سومو سوشي,Sumo Sushi,Sumo Sushi,RESTAURANT,مطاعم,آسيوي,,,KSA,MEDIUM,P2,MISSING,,OFFICIAL_LOCAL_KCAL,Sumo Sushi menu (SFDA),,,,,,,,,,NONE,HIGH,سومو سوشي,Sumo Sushi,السعرات متاحة رسميًا على قائمة الفرع/التطبيق (إلزام SFDA منذ ١ يوليو ٢٠٢٥). الماكروز غير منشورة — تبقى فارغة.
QGAP-00829,سومو سوشي - ميسو سوب,Sumo Sushi - Miso soup,سومو سوشي,Sumo Sushi,Sumo Sushi,RESTAURANT,مطاعم,آسيوي,,,KSA,MEDIUM,P2,MISSING,,OFFICIAL_LOCAL_KCAL,Sumo Sushi menu (SFDA),,,,,,,,,,NONE,HIGH,سومو سوشي,Sumo Sushi,السعرات متاحة رسميًا على قائمة الفرع/التطبيق (إلزام SFDA منذ ١ يوليو ٢٠٢٥). الماكروز غير منشورة — تبقى فارغة.
QGAP-00830,سومو سوشي - إيدامامي,Sumo Sushi - Edamame,سومو سوشي,Sumo Sushi,Sumo Sushi,RESTAURANT,مطاعم,آسيوي,,,KSA,MEDIUM,P2,MISSING,,OFFICIAL_LOCAL_KCAL,Sumo Sushi menu (SFDA),,,,,,,,,,NONE,HIGH,سومو سوشي,Sumo Sushi,السعرات متاحة رسميًا على قائمة الفرع/التطبيق (إلزام SFDA منذ ١ يوليو ٢٠٢٥). الماكروز غير منشورة — تبقى فارغة.
QGAP-00831,كالو - وجبة دجاج مشوي مع أرز بني,Calo - Grilled chicken with brown rice,كالو,Calo,Calo,RESTAURANT,مطاعم,وجبات صحية,,,KSA,VERY_HIGH,P0,MISSING,,OFFICIAL_LOCAL,Calo app — ينشر ماكروز كاملة لكل وجبة,,,,,,,,,,NONE,HIGH,كالو,Calo,
QGAP-00832,كالو - وجبة سلمون,Calo - Salmon meal,كالو,Calo,Calo,RESTAURANT,مطاعم,وجبات صحية,,,KSA,VERY_HIGH,P0,MISSING,,OFFICIAL_LOCAL,Calo app — ينشر ماكروز كاملة لكل وجبة,,,,,,,,,,NONE,HIGH,كالو,Calo,
QGAP-00833,كالو - وجبة لحم مع بطاطا,Calo - Beef with sweet potato,كالو,Calo,Calo,RESTAURANT,مطاعم,وجبات صحية,,,KSA,VERY_HIGH,P0,EXISTS_GENERIC_ONLY,sweet-potato · بطاطا حلوة,OFFICIAL_LOCAL,Calo app — ينشر ماكروز كاملة لكل وجبة,,,,,,,,,,NONE,HIGH,كالو,Calo,
QGAP-00834,كالو - فطور بروتين,Calo - Protein breakfast,كالو,Calo,Calo,RESTAURANT,مطاعم,وجبات صحية,,,KSA,VERY_HIGH,P0,MISSING,,OFFICIAL_LOCAL,Calo app — ينشر ماكروز كاملة لكل وجبة,,,,,,,,,,NONE,HIGH,كالو,Calo,
QGAP-00835,كالو - سلطة دجاج سيزر,Calo - Chicken Caesar salad,كالو,Calo,Calo,RESTAURANT,مطاعم,وجبات صحية,,,KSA,VERY_HIGH,P0,MISSING,,OFFICIAL_LOCAL,Calo app — ينشر ماكروز كاملة لكل وجبة,,,,,,,,,,NONE,HIGH,كالو,Calo,
QGAP-00836,كالو - وجبة باستا دجاج,Calo - Chicken pasta meal,كالو,Calo,Calo,RESTAURANT,مطاعم,وجبات صحية,,,KSA,VERY_HIGH,P0,MISSING,,OFFICIAL_LOCAL,Calo app — ينشر ماكروز كاملة لكل وجبة,,,,,,,,,,NONE,HIGH,كالو,Calo,
QGAP-00837,كالو - سناك بروتين,Calo - Protein snack,كالو,Calo,Calo,RESTAURANT,مطاعم,وجبات صحية,,,KSA,VERY_HIGH,P0,MISSING,,OFFICIAL_LOCAL,Calo app — ينشر ماكروز كاملة لكل وجبة,,,,,,,,,,NONE,HIGH,كالو,Calo,
QGAP-00838,كالو - أوفر نايت أوتس,Calo - Overnight oats,كالو,Calo,Calo,RESTAURANT,مطاعم,وجبات صحية,,,KSA,VERY_HIGH,P0,MISSING,,OFFICIAL_LOCAL,Calo app — ينشر ماكروز كاملة لكل وجبة,,,,,,,,,,NONE,HIGH,كالو,Calo,
QGAP-00839,كالو - وجبة نباتية,Calo - Vegetarian meal,كالو,Calo,Calo,RESTAURANT,مطاعم,وجبات صحية,,,KSA,VERY_HIGH,P0,MISSING,,OFFICIAL_LOCAL,Calo app — ينشر ماكروز كاملة لكل وجبة,,,,,,,,,,NONE,HIGH,كالو,Calo,
QGAP-00840,كالو - وجبة كبسة صحية,Calo - Healthy kabsa meal,كالو,Calo,Calo,RESTAURANT,مطاعم,وجبات صحية,,,KSA,VERY_HIGH,P0,MISSING,,OFFICIAL_LOCAL,Calo app — ينشر ماكروز كاملة لكل وجبة,,,,,,,,,,NONE,HIGH,كالو,Calo,
QGAP-00841,رايت بايت - وجبة دجاج مشوي,Right Bite - Grilled chicken meal,رايت بايت,Right Bite,Right Bite,RESTAURANT,مطاعم,وجبات صحية,,,KSA,HIGH,P1,EXISTS_GENERIC_ONLY,grilled-chicken-meal · دجاج مشوي وجبة مطعم,OFFICIAL_LOCAL,Right Bite — ماكروز كاملة,,,,,,,,,,NONE,HIGH,رايت بايت,Right Bite,
QGAP-00842,رايت بايت - سلطة كينوا,Right Bite - Quinoa salad,رايت بايت,Right Bite,Right Bite,RESTAURANT,مطاعم,وجبات صحية,,,KSA,HIGH,P1,MISSING,,OFFICIAL_LOCAL,Right Bite — ماكروز كاملة,,,,,,,,,,NONE,HIGH,رايت بايت,Right Bite,
QGAP-00843,رايت بايت - وجبة سمك,Right Bite - Fish meal,رايت بايت,Right Bite,Right Bite,RESTAURANT,مطاعم,وجبات صحية,,,KSA,HIGH,P1,MISSING,,OFFICIAL_LOCAL,Right Bite — ماكروز كاملة,,,,,,,,,,NONE,HIGH,رايت بايت,Right Bite,
QGAP-00844,رايت بايت - فطور صحي,Right Bite - Healthy breakfast,رايت بايت,Right Bite,Right Bite,RESTAURANT,مطاعم,وجبات صحية,,,KSA,HIGH,P1,MISSING,,OFFICIAL_LOCAL,Right Bite — ماكروز كاملة,,,,,,,,,,NONE,HIGH,رايت بايت,Right Bite,
QGAP-00845,رايت بايت - سناك,Right Bite - Snack box,رايت بايت,Right Bite,Right Bite,RESTAURANT,مطاعم,وجبات صحية,,,KSA,HIGH,P1,MISSING,,OFFICIAL_LOCAL,Right Bite — ماكروز كاملة,,,,,,,,,,NONE,HIGH,رايت بايت,Right Bite,
QGAP-00846,رايت بايت - سموذي بروتين,Right Bite - Protein smoothie,رايت بايت,Right Bite,Right Bite,RESTAURANT,مطاعم,وجبات صحية,,,KSA,HIGH,P1,MISSING,,OFFICIAL_LOCAL,Right Bite — ماكروز كاملة,,,,,,,,,,NONE,HIGH,رايت بايت,Right Bite,
QGAP-00847,دايت سنتر - وجبة دجاج,Diet Center - Chicken meal,دايت سنتر,Diet Center,Diet Center,RESTAURANT,مطاعم,وجبات صحية,,,KSA,HIGH,P1,MISSING,,OFFICIAL_LOCAL,Diet Center — ماكروز كاملة,,,,,,,,,,NONE,HIGH,دايت سنتر,Diet Center,
QGAP-00848,دايت سنتر - وجبة لحم,Diet Center - Beef meal,دايت سنتر,Diet Center,Diet Center,RESTAURANT,مطاعم,وجبات صحية,,,KSA,HIGH,P1,MISSING,,OFFICIAL_LOCAL,Diet Center — ماكروز كاملة,,,,,,,,,,NONE,HIGH,دايت سنتر,Diet Center,
QGAP-00849,دايت سنتر - فطور,Diet Center - Breakfast,دايت سنتر,Diet Center,Diet Center,RESTAURANT,مطاعم,وجبات صحية,,,KSA,HIGH,P1,MISSING,,OFFICIAL_LOCAL,Diet Center — ماكروز كاملة,,,,,,,,,,NONE,HIGH,دايت سنتر,Diet Center,
QGAP-00850,دايت سنتر - سلطة,Diet Center - Salad,دايت سنتر,Diet Center,Diet Center,RESTAURANT,مطاعم,وجبات صحية,,,KSA,HIGH,P1,MISSING,,OFFICIAL_LOCAL,Diet Center — ماكروز كاملة,,,,,,,,,,NONE,HIGH,دايت سنتر,Diet Center,
QGAP-00851,دايت سنتر - حلى دايت,Diet Center - Diet dessert,دايت سنتر,Diet Center,Diet Center,RESTAURANT,مطاعم,وجبات صحية,,,KSA,HIGH,P1,MISSING,,OFFICIAL_LOCAL,Diet Center — ماكروز كاملة,,,,,,,,,,NONE,HIGH,دايت سنتر,Diet Center,
QGAP-00852,كيلو كال - وجبة دجاج,Kcal - Chicken meal,كيلو كال,Kcal,Kcal,RESTAURANT,مطاعم,وجبات صحية,,,KSA,MEDIUM,P2,MISSING,,OFFICIAL_LOCAL,Kcal — ماكروز كاملة,,,,,,,,,,NONE,HIGH,كيلو كال,Kcal,
QGAP-00853,كيلو كال - وجبة سمك,Kcal - Fish meal,كيلو كال,Kcal,Kcal,RESTAURANT,مطاعم,وجبات صحية,,,KSA,MEDIUM,P2,MISSING,,OFFICIAL_LOCAL,Kcal — ماكروز كاملة,,,,,,,,,,NONE,HIGH,كيلو كال,Kcal,
QGAP-00854,كيلو كال - برجر صحي,Kcal - Healthy burger,كيلو كال,Kcal,Kcal,RESTAURANT,مطاعم,وجبات صحية,,,KSA,MEDIUM,P2,MISSING,,OFFICIAL_LOCAL,Kcal — ماكروز كاملة,,,,,,,,,,NONE,HIGH,كيلو كال,Kcal,
QGAP-00855,كيلو كال - سلطة,Kcal - Salad,كيلو كال,Kcal,Kcal,RESTAURANT,مطاعم,وجبات صحية,,,KSA,MEDIUM,P2,MISSING,,OFFICIAL_LOCAL,Kcal — ماكروز كاملة,,,,,,,,,,NONE,HIGH,كيلو كال,Kcal,
QGAP-00856,بيت الشاورما - نصف دجاج مشوي,Shawaya House - Half grilled chicken,بيت الشاورما,Shawaya House,Shawaya House,RESTAURANT,مطاعم,مشاوي,,,KSA,HIGH,P1,MISSING,,OFFICIAL_LOCAL_KCAL,Shawaya House menu (SFDA),,,,,,,,,,NONE,HIGH,بيت الشاورما,Shawaya House,السعرات متاحة رسميًا على قائمة الفرع/التطبيق (إلزام SFDA منذ ١ يوليو ٢٠٢٥). الماكروز غير منشورة — تبقى فارغة.
QGAP-00857,بيت الشاورما - شاورما دجاج,Shawaya House - Chicken shawarma,بيت الشاورما,Shawaya House,Shawaya House,RESTAURANT,مطاعم,مشاوي,,,KSA,HIGH,P1,EXISTS_GENERIC_ONLY,shawarma-chicken · شاورما دجاج,OFFICIAL_LOCAL_KCAL,Shawaya House menu (SFDA),,,,,,,,,,NONE,HIGH,بيت الشاورما,Shawaya House,السعرات متاحة رسميًا على قائمة الفرع/التطبيق (إلزام SFDA منذ ١ يوليو ٢٠٢٥). الماكروز غير منشورة — تبقى فارغة.
QGAP-00858,بيت الشاورما - مشاوي مشكلة,Shawaya House - Mixed grill,بيت الشاورما,Shawaya House,Shawaya House,RESTAURANT,مطاعم,مشاوي,,,KSA,HIGH,P1,MISSING,,OFFICIAL_LOCAL_KCAL,Shawaya House menu (SFDA),,,,,,,,,,NONE,HIGH,بيت الشاورما,Shawaya House,السعرات متاحة رسميًا على قائمة الفرع/التطبيق (إلزام SFDA منذ ١ يوليو ٢٠٢٥). الماكروز غير منشورة — تبقى فارغة.
QGAP-00859,بيت الشاورما - كبدة,Shawaya House - Liver,بيت الشاورما,Shawaya House,Shawaya House,RESTAURANT,مطاعم,مشاوي,,,KSA,HIGH,P1,MISSING,,OFFICIAL_LOCAL_KCAL,Shawaya House menu (SFDA),,,,,,,,,,NONE,HIGH,بيت الشاورما,Shawaya House,السعرات متاحة رسميًا على قائمة الفرع/التطبيق (إلزام SFDA منذ ١ يوليو ٢٠٢٥). الماكروز غير منشورة — تبقى فارغة.
QGAP-00860,بيت الشاورما - أرز,Shawaya House - Rice,بيت الشاورما,Shawaya House,Shawaya House,RESTAURANT,مطاعم,مشاوي,,,KSA,HIGH,P1,MISSING,,OFFICIAL_LOCAL_KCAL,Shawaya House menu (SFDA),,,,,,,,,,NONE,HIGH,بيت الشاورما,Shawaya House,السعرات متاحة رسميًا على قائمة الفرع/التطبيق (إلزام SFDA منذ ١ يوليو ٢٠٢٥). الماكروز غير منشورة — تبقى فارغة.
QGAP-00861,بيت الشاورما - سلطة,Shawaya House - Salad,بيت الشاورما,Shawaya House,Shawaya House,RESTAURANT,مطاعم,مشاوي,,,KSA,HIGH,P1,MISSING,,OFFICIAL_LOCAL_KCAL,Shawaya House menu (SFDA),,,,,,,,,,NONE,HIGH,بيت الشاورما,Shawaya House,السعرات متاحة رسميًا على قائمة الفرع/التطبيق (إلزام SFDA منذ ١ يوليو ٢٠٢٥). الماكروز غير منشورة — تبقى فارغة.
QGAP-00862,بيت الشاورما - حمص,Shawaya House - Hummus,بيت الشاورما,Shawaya House,Shawaya House,RESTAURANT,مطاعم,مشاوي,,,KSA,HIGH,P1,MISSING,,OFFICIAL_LOCAL_KCAL,Shawaya House menu (SFDA),,,,,,,,,,NONE,HIGH,بيت الشاورما,Shawaya House,السعرات متاحة رسميًا على قائمة الفرع/التطبيق (إلزام SFDA منذ ١ يوليو ٢٠٢٥). الماكروز غير منشورة — تبقى فارغة.
QGAP-00863,بيت الشاورما - خبز,Shawaya House - Bread,بيت الشاورما,Shawaya House,Shawaya House,RESTAURANT,مطاعم,مشاوي,,,KSA,HIGH,P1,MISSING,,OFFICIAL_LOCAL_KCAL,Shawaya House menu (SFDA),,,,,,,,,,NONE,HIGH,بيت الشاورما,Shawaya House,السعرات متاحة رسميًا على قائمة الفرع/التطبيق (إلزام SFDA منذ ١ يوليو ٢٠٢٥). الماكروز غير منشورة — تبقى فارغة.
QGAP-00864,الإيوان - كبسة دجاج,Al Ewwan - Chicken kabsa,الإيوان,Al Ewwan,Al Ewwan,RESTAURANT,مطاعم,أكل سعودي,,,KSA,HIGH,P1,EXISTS_GENERIC_ONLY,kabsa-chicken · كبسة دجاج,OFFICIAL_LOCAL_KCAL,Al Ewwan menu (SFDA),,,,,,,,,,NONE,HIGH,الإيوان,Al Ewwan,السعرات متاحة رسميًا على قائمة الفرع/التطبيق (إلزام SFDA منذ ١ يوليو ٢٠٢٥). الماكروز غير منشورة — تبقى فارغة.
QGAP-00865,الإيوان - مندي لحم,Al Ewwan - Lamb mandi,الإيوان,Al Ewwan,Al Ewwan,RESTAURANT,مطاعم,أكل سعودي,,,KSA,HIGH,P1,EXISTS_GENERIC_ONLY,mandi-lamb · مندي لحم,OFFICIAL_LOCAL_KCAL,Al Ewwan menu (SFDA),,,,,,,,,,NONE,HIGH,الإيوان,Al Ewwan,السعرات متاحة رسميًا على قائمة الفرع/التطبيق (إلزام SFDA منذ ١ يوليو ٢٠٢٥). الماكروز غير منشورة — تبقى فارغة.
QGAP-00866,الإيوان - مظبي,Al Ewwan - Madhbi,الإيوان,Al Ewwan,Al Ewwan,RESTAURANT,مطاعم,أكل سعودي,,,KSA,HIGH,P1,MISSING,,OFFICIAL_LOCAL_KCAL,Al Ewwan menu (SFDA),,,,,,,,,,NONE,HIGH,الإيوان,Al Ewwan,السعرات متاحة رسميًا على قائمة الفرع/التطبيق (إلزام SFDA منذ ١ يوليو ٢٠٢٥). الماكروز غير منشورة — تبقى فارغة.
QGAP-00867,الإيوان - برياني,Al Ewwan - Biryani,الإيوان,Al Ewwan,Al Ewwan,RESTAURANT,مطاعم,أكل سعودي,,,KSA,HIGH,P1,MISSING,,OFFICIAL_LOCAL_KCAL,Al Ewwan menu (SFDA),,,,,,,,,,NONE,HIGH,الإيوان,Al Ewwan,السعرات متاحة رسميًا على قائمة الفرع/التطبيق (إلزام SFDA منذ ١ يوليو ٢٠٢٥). الماكروز غير منشورة — تبقى فارغة.
QGAP-00868,الإيوان - جريش,Al Ewwan - Jareesh,الإيوان,Al Ewwan,Al Ewwan,RESTAURANT,مطاعم,أكل سعودي,,,KSA,HIGH,P1,EXISTS_GENERIC_ONLY,jareesh · جريش,OFFICIAL_LOCAL_KCAL,Al Ewwan menu (SFDA),,,,,,,,,,NONE,HIGH,الإيوان,Al Ewwan,السعرات متاحة رسميًا على قائمة الفرع/التطبيق (إلزام SFDA منذ ١ يوليو ٢٠٢٥). الماكروز غير منشورة — تبقى فارغة.
QGAP-00869,الإيوان - سمبوسة,Al Ewwan - Samosa,الإيوان,Al Ewwan,Al Ewwan,RESTAURANT,مطاعم,أكل سعودي,,,KSA,HIGH,P1,EXISTS_GENERIC_ONLY,samosa · سمبوسة,OFFICIAL_LOCAL_KCAL,Al Ewwan menu (SFDA),,,,,,,,,,NONE,HIGH,الإيوان,Al Ewwan,السعرات متاحة رسميًا على قائمة الفرع/التطبيق (إلزام SFDA منذ ١ يوليو ٢٠٢٥). الماكروز غير منشورة — تبقى فارغة.
QGAP-00870,الإيوان - لقيمات,Al Ewwan - Luqaimat,الإيوان,Al Ewwan,Al Ewwan,RESTAURANT,مطاعم,أكل سعودي,,,KSA,HIGH,P1,EXISTS_GENERIC_ONLY,luqaimat · لقيمات,OFFICIAL_LOCAL_KCAL,Al Ewwan menu (SFDA),,,,,,,,,,NONE,HIGH,الإيوان,Al Ewwan,السعرات متاحة رسميًا على قائمة الفرع/التطبيق (إلزام SFDA منذ ١ يوليو ٢٠٢٥). الماكروز غير منشورة — تبقى فارغة.
QGAP-00871,الإيوان - سلطة,Al Ewwan - Salad,الإيوان,Al Ewwan,Al Ewwan,RESTAURANT,مطاعم,أكل سعودي,,,KSA,HIGH,P1,MISSING,,OFFICIAL_LOCAL_KCAL,Al Ewwan menu (SFDA),,,,,,,,,,NONE,HIGH,الإيوان,Al Ewwan,السعرات متاحة رسميًا على قائمة الفرع/التطبيق (إلزام SFDA منذ ١ يوليو ٢٠٢٥). الماكروز غير منشورة — تبقى فارغة.
QGAP-00872,بيت المندي - مندي دجاج,Bait Al Mandi - Chicken mandi,بيت المندي,Bait Al Mandi,Bait Al Mandi,RESTAURANT,مطاعم,أكل سعودي,,,KSA,VERY_HIGH,P1,EXISTS_GENERIC_ONLY,mandi-chicken · مندي دجاج,OFFICIAL_LOCAL_KCAL,Bait Al Mandi menu (SFDA),,,,,,,,,,NONE,HIGH,بيت المندي,Bait Al Mandi,السعرات متاحة رسميًا على قائمة الفرع/التطبيق (إلزام SFDA منذ ١ يوليو ٢٠٢٥). الماكروز غير منشورة — تبقى فارغة.
QGAP-00873,بيت المندي - مندي لحم,Bait Al Mandi - Lamb mandi,بيت المندي,Bait Al Mandi,Bait Al Mandi,RESTAURANT,مطاعم,أكل سعودي,,,KSA,VERY_HIGH,P1,EXISTS_GENERIC_ONLY,mandi-lamb · مندي لحم,OFFICIAL_LOCAL_KCAL,Bait Al Mandi menu (SFDA),,,,,,,,,,NONE,HIGH,بيت المندي,Bait Al Mandi,السعرات متاحة رسميًا على قائمة الفرع/التطبيق (إلزام SFDA منذ ١ يوليو ٢٠٢٥). الماكروز غير منشورة — تبقى فارغة.
QGAP-00874,بيت المندي - مضغوط دجاج,Bait Al Mandi - Chicken madghoot,بيت المندي,Bait Al Mandi,Bait Al Mandi,RESTAURANT,مطاعم,أكل سعودي,,,KSA,VERY_HIGH,P1,EXISTS_GENERIC_ONLY,madghoot-chicken · مضغوط دجاج,OFFICIAL_LOCAL_KCAL,Bait Al Mandi menu (SFDA),,,,,,,,,,NONE,HIGH,بيت المندي,Bait Al Mandi,السعرات متاحة رسميًا على قائمة الفرع/التطبيق (إلزام SFDA منذ ١ يوليو ٢٠٢٥). الماكروز غير منشورة — تبقى فارغة.
QGAP-00875,بيت المندي - حنيذ,Bait Al Mandi - Haneeth,بيت المندي,Bait Al Mandi,Bait Al Mandi,RESTAURANT,مطاعم,أكل سعودي,,,KSA,VERY_HIGH,P1,MISSING,,OFFICIAL_LOCAL_KCAL,Bait Al Mandi menu (SFDA),,,,,,,,,,NONE,HIGH,بيت المندي,Bait Al Mandi,السعرات متاحة رسميًا على قائمة الفرع/التطبيق (إلزام SFDA منذ ١ يوليو ٢٠٢٥). الماكروز غير منشورة — تبقى فارغة.
QGAP-00876,بيت المندي - كبسة,Bait Al Mandi - Kabsa,بيت المندي,Bait Al Mandi,Bait Al Mandi,RESTAURANT,مطاعم,أكل سعودي,,,KSA,VERY_HIGH,P1,MISSING,,OFFICIAL_LOCAL_KCAL,Bait Al Mandi menu (SFDA),,,,,,,,,,NONE,HIGH,بيت المندي,Bait Al Mandi,السعرات متاحة رسميًا على قائمة الفرع/التطبيق (إلزام SFDA منذ ١ يوليو ٢٠٢٥). الماكروز غير منشورة — تبقى فارغة.
QGAP-00877,بيت المندي - أرز مندي,Bait Al Mandi - Mandi rice,بيت المندي,Bait Al Mandi,Bait Al Mandi,RESTAURANT,مطاعم,أكل سعودي,,,KSA,VERY_HIGH,P1,MISSING,,OFFICIAL_LOCAL_KCAL,Bait Al Mandi menu (SFDA),,,,,,,,,,NONE,HIGH,بيت المندي,Bait Al Mandi,السعرات متاحة رسميًا على قائمة الفرع/التطبيق (إلزام SFDA منذ ١ يوليو ٢٠٢٥). الماكروز غير منشورة — تبقى فارغة.
QGAP-00878,بيت المندي - شوربة,Bait Al Mandi - Soup,بيت المندي,Bait Al Mandi,Bait Al Mandi,RESTAURANT,مطاعم,أكل سعودي,,,KSA,VERY_HIGH,P1,MISSING,,OFFICIAL_LOCAL_KCAL,Bait Al Mandi menu (SFDA),,,,,,,,,,NONE,HIGH,بيت المندي,Bait Al Mandi,السعرات متاحة رسميًا على قائمة الفرع/التطبيق (إلزام SFDA منذ ١ يوليو ٢٠٢٥). الماكروز غير منشورة — تبقى فارغة.
QGAP-00879,بيت المندي - سلطة داقوس,Bait Al Mandi - Daqoos salad,بيت المندي,Bait Al Mandi,Bait Al Mandi,RESTAURANT,مطاعم,أكل سعودي,,,KSA,VERY_HIGH,P1,MISSING,,OFFICIAL_LOCAL_KCAL,Bait Al Mandi menu (SFDA),,,,,,,,,,NONE,HIGH,بيت المندي,Bait Al Mandi,السعرات متاحة رسميًا على قائمة الفرع/التطبيق (إلزام SFDA منذ ١ يوليو ٢٠٢٥). الماكروز غير منشورة — تبقى فارغة.
QGAP-00880,قرية نجد - كبسة نجدية,Najd Village - Najdi kabsa,قرية نجد,Najd Village,Najd Village,RESTAURANT,مطاعم,أكل سعودي,,,KSA,HIGH,P1,MISSING,,OFFICIAL_LOCAL_KCAL,Najd Village menu (SFDA),,,,,,,,,,NONE,HIGH,قرية نجد,Najd Village,السعرات متاحة رسميًا على قائمة الفرع/التطبيق (إلزام SFDA منذ ١ يوليو ٢٠٢٥). الماكروز غير منشورة — تبقى فارغة.
QGAP-00881,قرية نجد - جريش,Najd Village - Jareesh,قرية نجد,Najd Village,Najd Village,RESTAURANT,مطاعم,أكل سعودي,,,KSA,HIGH,P1,MISSING,,OFFICIAL_LOCAL_KCAL,Najd Village menu (SFDA),,,,,,,,,,NONE,HIGH,قرية نجد,Najd Village,السعرات متاحة رسميًا على قائمة الفرع/التطبيق (إلزام SFDA منذ ١ يوليو ٢٠٢٥). الماكروز غير منشورة — تبقى فارغة.
QGAP-00882,قرية نجد - قرصان,Najd Village - Qursan,قرية نجد,Najd Village,Najd Village,RESTAURANT,مطاعم,أكل سعودي,,,KSA,HIGH,P1,MISSING,,OFFICIAL_LOCAL_KCAL,Najd Village menu (SFDA),,,,,,,,,,NONE,HIGH,قرية نجد,Najd Village,السعرات متاحة رسميًا على قائمة الفرع/التطبيق (إلزام SFDA منذ ١ يوليو ٢٠٢٥). الماكروز غير منشورة — تبقى فارغة.
QGAP-00883,قرية نجد - مرقوق,Najd Village - Marqouq,قرية نجد,Najd Village,Najd Village,RESTAURANT,مطاعم,أكل سعودي,,,KSA,HIGH,P1,MISSING,,OFFICIAL_LOCAL_KCAL,Najd Village menu (SFDA),,,,,,,,,,NONE,HIGH,قرية نجد,Najd Village,السعرات متاحة رسميًا على قائمة الفرع/التطبيق (إلزام SFDA منذ ١ يوليو ٢٠٢٥). الماكروز غير منشورة — تبقى فارغة.
QGAP-00884,قرية نجد - مطازيز,Najd Village - Matazeez,قرية نجد,Najd Village,Najd Village,RESTAURANT,مطاعم,أكل سعودي,,,KSA,HIGH,P1,EXISTS_GENERIC_ONLY,matazeez · مطازيز,OFFICIAL_LOCAL_KCAL,Najd Village menu (SFDA),,,,,,,,,,NONE,HIGH,قرية نجد,Najd Village,السعرات متاحة رسميًا على قائمة الفرع/التطبيق (إلزام SFDA منذ ١ يوليو ٢٠٢٥). الماكروز غير منشورة — تبقى فارغة.
QGAP-00885,قرية نجد - مفطح,Najd Village - Mafateeh,قرية نجد,Najd Village,Najd Village,RESTAURANT,مطاعم,أكل سعودي,,,KSA,HIGH,P1,MISSING,,OFFICIAL_LOCAL_KCAL,Najd Village menu (SFDA),,,,,,,,,,NONE,HIGH,قرية نجد,Najd Village,السعرات متاحة رسميًا على قائمة الفرع/التطبيق (إلزام SFDA منذ ١ يوليو ٢٠٢٥). الماكروز غير منشورة — تبقى فارغة.
QGAP-00886,قرية نجد - قهوة عربية وتمر,Najd Village - Arabic coffee and dates,قرية نجد,Najd Village,Najd Village,RESTAURANT,مطاعم,أكل سعودي,,,KSA,HIGH,P1,EXISTS_GENERIC_ONLY,arabic-coffee · قهوة عربية,OFFICIAL_LOCAL_KCAL,Najd Village menu (SFDA),,,,,,,,,,NONE,HIGH,قرية نجد,Najd Village,السعرات متاحة رسميًا على قائمة الفرع/التطبيق (إلزام SFDA منذ ١ يوليو ٢٠٢٥). الماكروز غير منشورة — تبقى فارغة.
QGAP-00887,قرية نجد - هريس,Najd Village - Harees,قرية نجد,Najd Village,Najd Village,RESTAURANT,مطاعم,أكل سعودي,,,KSA,HIGH,P1,MISSING,,OFFICIAL_LOCAL_KCAL,Najd Village menu (SFDA),,,,,,,,,,NONE,HIGH,قرية نجد,Najd Village,السعرات متاحة رسميًا على قائمة الفرع/التطبيق (إلزام SFDA منذ ١ يوليو ٢٠٢٥). الماكروز غير منشورة — تبقى فارغة.
QGAP-00888,همبرجري - برجر كلاسيك,Hamburgini - Classic burger,همبرجري,Hamburgini,Hamburgini,RESTAURANT,مطاعم,برجر,,,KSA,HIGH,P1,MISSING,,OFFICIAL_LOCAL_KCAL,Hamburgini menu (SFDA),,,,,,,,,,NONE,HIGH,همبرجري,Hamburgini,السعرات متاحة رسميًا على قائمة الفرع/التطبيق (إلزام SFDA منذ ١ يوليو ٢٠٢٥). الماكروز غير منشورة — تبقى فارغة.
QGAP-00889,همبرجري - دبل برجر,Hamburgini - Double burger,همبرجري,Hamburgini,Hamburgini,RESTAURANT,مطاعم,برجر,,,KSA,HIGH,P1,MISSING,,OFFICIAL_LOCAL_KCAL,Hamburgini menu (SFDA),,,,,,,,,,NONE,HIGH,همبرجري,Hamburgini,السعرات متاحة رسميًا على قائمة الفرع/التطبيق (إلزام SFDA منذ ١ يوليو ٢٠٢٥). الماكروز غير منشورة — تبقى فارغة.
QGAP-00890,همبرجري - برجر دجاج,Hamburgini - Chicken burger,همبرجري,Hamburgini,Hamburgini,RESTAURANT,مطاعم,برجر,,,KSA,HIGH,P1,EXISTS_GENERIC_ONLY,chicken-burger · برجر دجاج,OFFICIAL_LOCAL_KCAL,Hamburgini menu (SFDA),,,,,,,,,,NONE,HIGH,همبرجري,Hamburgini,السعرات متاحة رسميًا على قائمة الفرع/التطبيق (إلزام SFDA منذ ١ يوليو ٢٠٢٥). الماكروز غير منشورة — تبقى فارغة.
QGAP-00891,همبرجري - بطاطس,Hamburgini - Fries,همبرجري,Hamburgini,Hamburgini,RESTAURANT,مطاعم,برجر,,,KSA,HIGH,P1,MISSING,,OFFICIAL_LOCAL_KCAL,Hamburgini menu (SFDA),,,,,,,,,,NONE,HIGH,همبرجري,Hamburgini,السعرات متاحة رسميًا على قائمة الفرع/التطبيق (إلزام SFDA منذ ١ يوليو ٢٠٢٥). الماكروز غير منشورة — تبقى فارغة.
QGAP-00892,همبرجري - ميلك شيك,Hamburgini - Milkshake,همبرجري,Hamburgini,Hamburgini,RESTAURANT,مطاعم,برجر,,,KSA,HIGH,P1,EXISTS_GENERIC_ONLY,milkshake · ميلك شيك,OFFICIAL_LOCAL_KCAL,Hamburgini menu (SFDA),,,,,,,,,,NONE,HIGH,همبرجري,Hamburgini,السعرات متاحة رسميًا على قائمة الفرع/التطبيق (إلزام SFDA منذ ١ يوليو ٢٠٢٥). الماكروز غير منشورة — تبقى فارغة.
QGAP-00893,جان برجر - جان برجر كلاسيك,Jan Burger - Jan classic burger,جان برجر,Jan Burger,Jan Burger,RESTAURANT,مطاعم,برجر,,,KSA,HIGH,P1,MISSING,,OFFICIAL_LOCAL_KCAL,Jan Burger menu (SFDA),,,,,,,,,,NONE,HIGH,جان برجر,Jan Burger,السعرات متاحة رسميًا على قائمة الفرع/التطبيق (إلزام SFDA منذ ١ يوليو ٢٠٢٥). الماكروز غير منشورة — تبقى فارغة.
QGAP-00894,جان برجر - برجر دجاج,Jan Burger - Chicken burger,جان برجر,Jan Burger,Jan Burger,RESTAURANT,مطاعم,برجر,,,KSA,HIGH,P1,EXISTS_GENERIC_ONLY,chicken-burger · برجر دجاج,OFFICIAL_LOCAL_KCAL,Jan Burger menu (SFDA),,,,,,,,,,NONE,HIGH,جان برجر,Jan Burger,السعرات متاحة رسميًا على قائمة الفرع/التطبيق (إلزام SFDA منذ ١ يوليو ٢٠٢٥). الماكروز غير منشورة — تبقى فارغة.
QGAP-00895,جان برجر - بطاطس,Jan Burger - Fries,جان برجر,Jan Burger,Jan Burger,RESTAURANT,مطاعم,برجر,,,KSA,HIGH,P1,MISSING,,OFFICIAL_LOCAL_KCAL,Jan Burger menu (SFDA),,,,,,,,,,NONE,HIGH,جان برجر,Jan Burger,السعرات متاحة رسميًا على قائمة الفرع/التطبيق (إلزام SFDA منذ ١ يوليو ٢٠٢٥). الماكروز غير منشورة — تبقى فارغة.
QGAP-00896,سكشن بي - سكشن برجر,Section B - Section burger,سكشن بي,Section B,Section B,RESTAURANT,مطاعم,برجر,,,KSA,HIGH,P1,MISSING,,OFFICIAL_LOCAL_KCAL,Section B menu (SFDA),,,,,,,,,,NONE,HIGH,سكشن بي,Section B,السعرات متاحة رسميًا على قائمة الفرع/التطبيق (إلزام SFDA منذ ١ يوليو ٢٠٢٥). الماكروز غير منشورة — تبقى فارغة.
QGAP-00897,سكشن بي - دبل برجر,Section B - Double burger,سكشن بي,Section B,Section B,RESTAURANT,مطاعم,برجر,,,KSA,HIGH,P1,MISSING,,OFFICIAL_LOCAL_KCAL,Section B menu (SFDA),,,,,,,,,,NONE,HIGH,سكشن بي,Section B,السعرات متاحة رسميًا على قائمة الفرع/التطبيق (إلزام SFDA منذ ١ يوليو ٢٠٢٥). الماكروز غير منشورة — تبقى فارغة.
QGAP-00898,سكشن بي - تشيكن ساندويتش,Section B - Chicken sandwich,سكشن بي,Section B,Section B,RESTAURANT,مطاعم,برجر,,,KSA,HIGH,P1,MISSING,,OFFICIAL_LOCAL_KCAL,Section B menu (SFDA),,,,,,,,,,NONE,HIGH,سكشن بي,Section B,السعرات متاحة رسميًا على قائمة الفرع/التطبيق (إلزام SFDA منذ ١ يوليو ٢٠٢٥). الماكروز غير منشورة — تبقى فارغة.
QGAP-00899,سكشن بي - بطاطس,Section B - Fries,سكشن بي,Section B,Section B,RESTAURANT,مطاعم,برجر,,,KSA,HIGH,P1,MISSING,,OFFICIAL_LOCAL_KCAL,Section B menu (SFDA),,,,,,,,,,NONE,HIGH,سكشن بي,Section B,السعرات متاحة رسميًا على قائمة الفرع/التطبيق (إلزام SFDA منذ ١ يوليو ٢٠٢٥). الماكروز غير منشورة — تبقى فارغة.
QGAP-00900,كيفا - عصير مانجو طازج,Kaifa Juice - Fresh mango juice,كيفا,Kaifa Juice,Kaifa Juice,RESTAURANT,مطاعم,عصائر,,,KSA,HIGH,P1,EXISTS_GENERIC_ONLY,mango-juice · عصير مانجو,OFFICIAL_LOCAL_KCAL,Kaifa menu (SFDA),,,,,,,,,,NONE,HIGH,كيفا,Kaifa Juice,السعرات متاحة رسميًا على قائمة الفرع/التطبيق (إلزام SFDA منذ ١ يوليو ٢٠٢٥). الماكروز غير منشورة — تبقى فارغة.
QGAP-00901,كيفا - عصير أفوكادو,Kaifa Juice - Avocado juice,كيفا,Kaifa Juice,Kaifa Juice,RESTAURANT,مطاعم,عصائر,,,KSA,HIGH,P1,EXISTS_GENERIC_ONLY,avocado · أفوكادو,OFFICIAL_LOCAL_KCAL,Kaifa menu (SFDA),,,,,,,,,,NONE,HIGH,كيفا,Kaifa Juice,السعرات متاحة رسميًا على قائمة الفرع/التطبيق (إلزام SFDA منذ ١ يوليو ٢٠٢٥). الماكروز غير منشورة — تبقى فارغة.
QGAP-00902,كيفا - كوكتيل فواكه,Kaifa Juice - Fruit cocktail,كيفا,Kaifa Juice,Kaifa Juice,RESTAURANT,مطاعم,عصائر,,,KSA,HIGH,P1,MISSING,,OFFICIAL_LOCAL_KCAL,Kaifa menu (SFDA),,,,,,,,,,NONE,HIGH,كيفا,Kaifa Juice,السعرات متاحة رسميًا على قائمة الفرع/التطبيق (إلزام SFDA منذ ١ يوليو ٢٠٢٥). الماكروز غير منشورة — تبقى فارغة.
QGAP-00903,كيفا - عصير برتقال طازج,Kaifa Juice - Fresh orange juice,كيفا,Kaifa Juice,Kaifa Juice,RESTAURANT,مطاعم,عصائر,,,KSA,HIGH,P1,EXISTS_GENERIC_ONLY,orange-juice · عصير برتقال,OFFICIAL_LOCAL_KCAL,Kaifa menu (SFDA),,,,,,,,,,NONE,HIGH,كيفا,Kaifa Juice,السعرات متاحة رسميًا على قائمة الفرع/التطبيق (إلزام SFDA منذ ١ يوليو ٢٠٢٥). الماكروز غير منشورة — تبقى فارغة.
QGAP-00904,كيفا - سموذي فراولة,Kaifa Juice - Strawberry smoothie,كيفا,Kaifa Juice,Kaifa Juice,RESTAURANT,مطاعم,عصائر,,,KSA,HIGH,P1,MISSING,,OFFICIAL_LOCAL_KCAL,Kaifa menu (SFDA),,,,,,,,,,NONE,HIGH,كيفا,Kaifa Juice,السعرات متاحة رسميًا على قائمة الفرع/التطبيق (إلزام SFDA منذ ١ يوليو ٢٠٢٥). الماكروز غير منشورة — تبقى فارغة.
QGAP-00905,كيفا - عصير رمان,Kaifa Juice - Pomegranate juice,كيفا,Kaifa Juice,Kaifa Juice,RESTAURANT,مطاعم,عصائر,,,KSA,HIGH,P1,EXISTS_GENERIC_ONLY,pomegranate-juice · عصير رمان,OFFICIAL_LOCAL_KCAL,Kaifa menu (SFDA),,,,,,,,,,NONE,HIGH,كيفا,Kaifa Juice,السعرات متاحة رسميًا على قائمة الفرع/التطبيق (إلزام SFDA منذ ١ يوليو ٢٠٢٥). الماكروز غير منشورة — تبقى فارغة.
QGAP-00906,تميس البخاري - تميس سادة,Tamees Al Bukhari - Plain tameez,تميس البخاري,Tamees Al Bukhari,Tamees Al Bukhari,RESTAURANT,مطاعم,فطور,,,KSA,HIGH,P0,MISSING,,OFFICIAL_LOCAL_KCAL,Tameez shops menu (SFDA),,,,,,,,,,NONE,HIGH,تميس البخاري,Tamees Al Bukhari,السعرات متاحة رسميًا على قائمة الفرع/التطبيق (إلزام SFDA منذ ١ يوليو ٢٠٢٥). الماكروز غير منشورة — تبقى فارغة.
QGAP-00907,تميس البخاري - تميس بالجبن,Tamees Al Bukhari - Cheese tameez,تميس البخاري,Tamees Al Bukhari,Tamees Al Bukhari,RESTAURANT,مطاعم,فطور,,,KSA,HIGH,P0,EXISTS_GENERIC_ONLY,tameez-cheese · تميس بالجبن,OFFICIAL_LOCAL_KCAL,Tameez shops menu (SFDA),,,,,,,,,,NONE,HIGH,تميس البخاري,Tamees Al Bukhari,السعرات متاحة رسميًا على قائمة الفرع/التطبيق (إلزام SFDA منذ ١ يوليو ٢٠٢٥). الماكروز غير منشورة — تبقى فارغة.
QGAP-00908,تميس البخاري - تميس بالعسل,Tamees Al Bukhari - Honey tameez,تميس البخاري,Tamees Al Bukhari,Tamees Al Bukhari,RESTAURANT,مطاعم,فطور,,,KSA,HIGH,P0,MISSING,,OFFICIAL_LOCAL_KCAL,Tameez shops menu (SFDA),,,,,,,,,,NONE,HIGH,تميس البخاري,Tamees Al Bukhari,السعرات متاحة رسميًا على قائمة الفرع/التطبيق (إلزام SFDA منذ ١ يوليو ٢٠٢٥). الماكروز غير منشورة — تبقى فارغة.
QGAP-00909,تميس البخاري - فول بالزيت,Tamees Al Bukhari - Foul with oil,تميس البخاري,Tamees Al Bukhari,Tamees Al Bukhari,RESTAURANT,مطاعم,فطور,,,KSA,HIGH,P0,MISSING,,OFFICIAL_LOCAL_KCAL,Tameez shops menu (SFDA),,,,,,,,,,NONE,HIGH,تميس البخاري,Tamees Al Bukhari,السعرات متاحة رسميًا على قائمة الفرع/التطبيق (إلزام SFDA منذ ١ يوليو ٢٠٢٥). الماكروز غير منشورة — تبقى فارغة.
QGAP-00910,تميس البخاري - فول بالجبن,Tamees Al Bukhari - Foul with cheese,تميس البخاري,Tamees Al Bukhari,Tamees Al Bukhari,RESTAURANT,مطاعم,فطور,,,KSA,HIGH,P0,MISSING,,OFFICIAL_LOCAL_KCAL,Tameez shops menu (SFDA),,,,,,,,,,NONE,HIGH,تميس البخاري,Tamees Al Bukhari,السعرات متاحة رسميًا على قائمة الفرع/التطبيق (إلزام SFDA منذ ١ يوليو ٢٠٢٥). الماكروز غير منشورة — تبقى فارغة.
QGAP-00911,تميس البخاري - شكشوكة,Tamees Al Bukhari - Shakshouka,تميس البخاري,Tamees Al Bukhari,Tamees Al Bukhari,RESTAURANT,مطاعم,فطور,,,KSA,HIGH,P0,MISSING,,OFFICIAL_LOCAL_KCAL,Tameez shops menu (SFDA),,,,,,,,,,NONE,HIGH,تميس البخاري,Tamees Al Bukhari,السعرات متاحة رسميًا على قائمة الفرع/التطبيق (إلزام SFDA منذ ١ يوليو ٢٠٢٥). الماكروز غير منشورة — تبقى فارغة.
QGAP-00912,تميس البخاري - بيض بالطماط,Tamees Al Bukhari - Eggs with tomato,تميس البخاري,Tamees Al Bukhari,Tamees Al Bukhari,RESTAURANT,مطاعم,فطور,,,KSA,HIGH,P0,EXISTS_GENERIC_ONLY,shyola-egg · بيض بالطماط (شيشة),OFFICIAL_LOCAL_KCAL,Tameez shops menu (SFDA),,,,,,,,,,NONE,HIGH,تميس البخاري,Tamees Al Bukhari,السعرات متاحة رسميًا على قائمة الفرع/التطبيق (إلزام SFDA منذ ١ يوليو ٢٠٢٥). الماكروز غير منشورة — تبقى فارغة.
QGAP-00913,تميس البخاري - شاي كرك,Tamees Al Bukhari - Karak tea,تميس البخاري,Tamees Al Bukhari,Tamees Al Bukhari,RESTAURANT,مطاعم,فطور,,,KSA,HIGH,P0,MISSING,,OFFICIAL_LOCAL_KCAL,Tameez shops menu (SFDA),,,,,,,,,,NONE,HIGH,تميس البخاري,Tamees Al Bukhari,السعرات متاحة رسميًا على قائمة الفرع/التطبيق (إلزام SFDA منذ ١ يوليو ٢٠٢٥). الماكروز غير منشورة — تبقى فارغة.
QGAP-00914,تميس البخاري - فطة فول,Tamees Al Bukhari - Foul fatteh,تميس البخاري,Tamees Al Bukhari,Tamees Al Bukhari,RESTAURANT,مطاعم,فطور,,,KSA,HIGH,P0,MISSING,,OFFICIAL_LOCAL_KCAL,Tameez shops menu (SFDA),,,,,,,,,,NONE,HIGH,تميس البخاري,Tamees Al Bukhari,السعرات متاحة رسميًا على قائمة الفرع/التطبيق (إلزام SFDA منذ ١ يوليو ٢٠٢٥). الماكروز غير منشورة — تبقى فارغة.
QGAP-00915,تميس البخاري - تميس بالنوتيلا,Tamees Al Bukhari - Nutella tameez,تميس البخاري,Tamees Al Bukhari,Tamees Al Bukhari,RESTAURANT,مطاعم,فطور,,,KSA,HIGH,P0,MISSING,,OFFICIAL_LOCAL_KCAL,Tameez shops menu (SFDA),,,,,,,,,,NONE,HIGH,تميس البخاري,Tamees Al Bukhari,السعرات متاحة رسميًا على قائمة الفرع/التطبيق (إلزام SFDA منذ ١ يوليو ٢٠٢٥). الماكروز غير منشورة — تبقى فارغة.
QGAP-00916,المراعي حليب خالي الدسم,Almarai skimmed milk,المراعي,Almarai,Almarai,PACKAGED,ألبان,حليب,skimmed milk,,KSA,VERY_HIGH,P0,MISSING,,OFFICIAL_MANUFACTURER,Almarai official product page,,,,,,,,,,NONE,HIGH,المراعي,Almarai,تغطية OpenFoodFacts للسوق السعودي ضحلة (١٦٤٩٢ منتجًا إجماليًا، وعمق كل علامة عشرات مقابل مئات فعلية) — تُستخدم للتقاطع بالباركود لا كمصدر أول. المصدر المفضّل: كتالوج المصنّع أو كتالوج التجزئة السعودي.
QGAP-00917,المراعي حليب طويل الأجل كامل الدسم,Almarai UHT full-fat milk,المراعي,Almarai,Almarai,PACKAGED,ألبان,حليب,UHT full-fat milk,,KSA,VERY_HIGH,P0,MISSING,,OFFICIAL_MANUFACTURER,Almarai official product page,,,,,,,,,,NONE,HIGH,المراعي,Almarai,تغطية OpenFoodFacts للسوق السعودي ضحلة (١٦٤٩٢ منتجًا إجماليًا، وعمق كل علامة عشرات مقابل مئات فعلية) — تُستخدم للتقاطع بالباركود لا كمصدر أول. المصدر المفضّل: كتالوج المصنّع أو كتالوج التجزئة السعودي.
QGAP-00918,المراعي حليب طويل الأجل قليل الدسم,Almarai UHT low-fat milk,المراعي,Almarai,Almarai,PACKAGED,ألبان,حليب,UHT low-fat milk,,KSA,VERY_HIGH,P0,EXISTS_GENERIC_ONLY,milk-low-fat · حليب قليل الدسم,OFFICIAL_MANUFACTURER,Almarai official product page,,,,,,,,,,NONE,MEDIUM,المراعي,Almarai,تغطية OpenFoodFacts للسوق السعودي ضحلة (١٦٤٩٢ منتجًا إجماليًا، وعمق كل علامة عشرات مقابل مئات فعلية) — تُستخدم للتقاطع بالباركود لا كمصدر أول. المصدر المفضّل: كتالوج المصنّع أو كتالوج التجزئة السعودي.
QGAP-00919,المراعي حليب بالفيتامين,Almarai vitamin-fortified milk,المراعي,Almarai,Almarai,PACKAGED,ألبان,حليب,vitamin-fortified milk,,KSA,VERY_HIGH,P0,MISSING,,OFFICIAL_MANUFACTURER,Almarai official product page,,,,,,,,,,NONE,HIGH,المراعي,Almarai,تغطية OpenFoodFacts للسوق السعودي ضحلة (١٦٤٩٢ منتجًا إجماليًا، وعمق كل علامة عشرات مقابل مئات فعلية) — تُستخدم للتقاطع بالباركود لا كمصدر أول. المصدر المفضّل: كتالوج المصنّع أو كتالوج التجزئة السعودي.
QGAP-00920,المراعي حليب خالي اللاكتوز,Almarai lactose-free milk,المراعي,Almarai,Almarai,PACKAGED,ألبان,حليب,lactose-free milk,,KSA,VERY_HIGH,P0,MISSING,,OFFICIAL_MANUFACTURER,Almarai official product page,,,,,,,,,,NONE,HIGH,المراعي,Almarai,تغطية OpenFoodFacts للسوق السعودي ضحلة (١٦٤٩٢ منتجًا إجماليًا، وعمق كل علامة عشرات مقابل مئات فعلية) — تُستخدم للتقاطع بالباركود لا كمصدر أول. المصدر المفضّل: كتالوج المصنّع أو كتالوج التجزئة السعودي.
QGAP-00921,المراعي حليب بروتين عالي,Almarai high-protein milk,المراعي,Almarai,Almarai,PACKAGED,ألبان,حليب,high-protein milk,,KSA,VERY_HIGH,P0,MISSING,,OFFICIAL_MANUFACTURER,Almarai official product page,,,,,,,,,,NONE,HIGH,المراعي,Almarai,تغطية OpenFoodFacts للسوق السعودي ضحلة (١٦٤٩٢ منتجًا إجماليًا، وعمق كل علامة عشرات مقابل مئات فعلية) — تُستخدم للتقاطع بالباركود لا كمصدر أول. المصدر المفضّل: كتالوج المصنّع أو كتالوج التجزئة السعودي.
QGAP-00922,المراعي حليب بالشوكولاتة,Almarai chocolate milk,المراعي,Almarai,Almarai,PACKAGED,ألبان,حليب,chocolate milk,,KSA,VERY_HIGH,P0,EXISTS_GENERIC_ONLY,chocolate-milk · حليب بالشوكولاتة,OFFICIAL_MANUFACTURER,Almarai official product page,,,,,,,,,,NONE,MEDIUM,المراعي,Almarai,تغطية OpenFoodFacts للسوق السعودي ضحلة (١٦٤٩٢ منتجًا إجماليًا، وعمق كل علامة عشرات مقابل مئات فعلية) — تُستخدم للتقاطع بالباركود لا كمصدر أول. المصدر المفضّل: كتالوج المصنّع أو كتالوج التجزئة السعودي.
QGAP-00923,المراعي حليب بالفراولة,Almarai strawberry milk,المراعي,Almarai,Almarai,PACKAGED,ألبان,حليب,strawberry milk,,KSA,VERY_HIGH,P0,MISSING,,OFFICIAL_MANUFACTURER,Almarai official product page,,,,,,,,,,NONE,HIGH,المراعي,Almarai,تغطية OpenFoodFacts للسوق السعودي ضحلة (١٦٤٩٢ منتجًا إجماليًا، وعمق كل علامة عشرات مقابل مئات فعلية) — تُستخدم للتقاطع بالباركود لا كمصدر أول. المصدر المفضّل: كتالوج المصنّع أو كتالوج التجزئة السعودي.
QGAP-00924,المراعي حليب موز,Almarai banana milk,المراعي,Almarai,Almarai,PACKAGED,ألبان,حليب,banana milk,,KSA,VERY_HIGH,P0,MISSING,,OFFICIAL_MANUFACTURER,Almarai official product page,,,,,,,,,,NONE,HIGH,المراعي,Almarai,تغطية OpenFoodFacts للسوق السعودي ضحلة (١٦٤٩٢ منتجًا إجماليًا، وعمق كل علامة عشرات مقابل مئات فعلية) — تُستخدم للتقاطع بالباركود لا كمصدر أول. المصدر المفضّل: كتالوج المصنّع أو كتالوج التجزئة السعودي.
QGAP-00925,المراعي حليب مبخر,Almarai evaporated milk,المراعي,Almarai,Almarai,PACKAGED,ألبان,حليب,evaporated milk,,KSA,VERY_HIGH,P0,MISSING,,OFFICIAL_MANUFACTURER,Almarai official product page,,,,,,,,,,NONE,HIGH,المراعي,Almarai,تغطية OpenFoodFacts للسوق السعودي ضحلة (١٦٤٩٢ منتجًا إجماليًا، وعمق كل علامة عشرات مقابل مئات فعلية) — تُستخدم للتقاطع بالباركود لا كمصدر أول. المصدر المفضّل: كتالوج المصنّع أو كتالوج التجزئة السعودي.
QGAP-00926,المراعي حليب بودرة,Almarai milk powder,المراعي,Almarai,Almarai,PACKAGED,ألبان,حليب,milk powder,,KSA,VERY_HIGH,P0,MISSING,,OFFICIAL_MANUFACTURER,Almarai official product page,,,,,,,,,,NONE,HIGH,المراعي,Almarai,تغطية OpenFoodFacts للسوق السعودي ضحلة (١٦٤٩٢ منتجًا إجماليًا، وعمق كل علامة عشرات مقابل مئات فعلية) — تُستخدم للتقاطع بالباركود لا كمصدر أول. المصدر المفضّل: كتالوج المصنّع أو كتالوج التجزئة السعودي.
QGAP-00927,المراعي حليب إبل,Almarai camel milk,المراعي,Almarai,Almarai,PACKAGED,ألبان,حليب,camel milk,,KSA,VERY_HIGH,P0,MISSING,,OFFICIAL_MANUFACTURER,Almarai official product page,,,,,,,,,,NONE,HIGH,المراعي,Almarai,تغطية OpenFoodFacts للسوق السعودي ضحلة (١٦٤٩٢ منتجًا إجماليًا، وعمق كل علامة عشرات مقابل مئات فعلية) — تُستخدم للتقاطع بالباركود لا كمصدر أول. المصدر المفضّل: كتالوج المصنّع أو كتالوج التجزئة السعودي.
QGAP-00928,المراعي زبادي يوناني سادة,Almarai Greek yogurt plain,المراعي,Almarai,Almarai,PACKAGED,ألبان,زبادي ولبن,Greek yogurt plain,,KSA,VERY_HIGH,P0,EXISTS_GENERIC_ONLY,greek-yogurt · زبادي يوناني,OFFICIAL_MANUFACTURER,Almarai official product page,,,,,,,,,,NONE,MEDIUM,المراعي,Almarai,تغطية OpenFoodFacts للسوق السعودي ضحلة (١٦٤٩٢ منتجًا إجماليًا، وعمق كل علامة عشرات مقابل مئات فعلية) — تُستخدم للتقاطع بالباركود لا كمصدر أول. المصدر المفضّل: كتالوج المصنّع أو كتالوج التجزئة السعودي.
QGAP-00929,المراعي زبادي يوناني بالفواكه,Almarai Greek yogurt fruit,المراعي,Almarai,Almarai,PACKAGED,ألبان,زبادي ولبن,Greek yogurt fruit,,KSA,VERY_HIGH,P0,EXISTS_GENERIC_ONLY,greek-yogurt · زبادي يوناني,OFFICIAL_MANUFACTURER,Almarai official product page,,,,,,,,,,NONE,MEDIUM,المراعي,Almarai,تغطية OpenFoodFacts للسوق السعودي ضحلة (١٦٤٩٢ منتجًا إجماليًا، وعمق كل علامة عشرات مقابل مئات فعلية) — تُستخدم للتقاطع بالباركود لا كمصدر أول. المصدر المفضّل: كتالوج المصنّع أو كتالوج التجزئة السعودي.
QGAP-00930,المراعي زبادي قليل الدسم,Almarai low-fat yogurt,المراعي,Almarai,Almarai,PACKAGED,ألبان,زبادي ولبن,low-fat yogurt,,KSA,VERY_HIGH,P0,MISSING,,OFFICIAL_MANUFACTURER,Almarai official product page,,,,,,,,,,NONE,HIGH,المراعي,Almarai,تغطية OpenFoodFacts للسوق السعودي ضحلة (١٦٤٩٢ منتجًا إجماليًا، وعمق كل علامة عشرات مقابل مئات فعلية) — تُستخدم للتقاطع بالباركود لا كمصدر أول. المصدر المفضّل: كتالوج المصنّع أو كتالوج التجزئة السعودي.
QGAP-00931,المراعي زبادي بالفواكه,Almarai fruit yogurt,المراعي,Almarai,Almarai,PACKAGED,ألبان,زبادي ولبن,fruit yogurt,,KSA,VERY_HIGH,P0,MISSING,,OFFICIAL_MANUFACTURER,Almarai official product page,,,,,,,,,,NONE,HIGH,المراعي,Almarai,تغطية OpenFoodFacts للسوق السعودي ضحلة (١٦٤٩٢ منتجًا إجماليًا، وعمق كل علامة عشرات مقابل مئات فعلية) — تُستخدم للتقاطع بالباركود لا كمصدر أول. المصدر المفضّل: كتالوج المصنّع أو كتالوج التجزئة السعودي.
QGAP-00932,المراعي لبن خالي الدسم,Almarai skimmed laban,المراعي,Almarai,Almarai,PACKAGED,ألبان,زبادي ولبن,skimmed laban,,KSA,VERY_HIGH,P0,MISSING,,OFFICIAL_MANUFACTURER,Almarai official product page,,,,,,,,,,NONE,HIGH,المراعي,Almarai,تغطية OpenFoodFacts للسوق السعودي ضحلة (١٦٤٩٢ منتجًا إجماليًا، وعمق كل علامة عشرات مقابل مئات فعلية) — تُستخدم للتقاطع بالباركود لا كمصدر أول. المصدر المفضّل: كتالوج المصنّع أو كتالوج التجزئة السعودي.
QGAP-00933,المراعي لبن بالنعناع,Almarai mint laban,المراعي,Almarai,Almarai,PACKAGED,ألبان,زبادي ولبن,mint laban,,KSA,VERY_HIGH,P0,MISSING,,OFFICIAL_MANUFACTURER,Almarai official product page,,,,,,,,,,NONE,HIGH,المراعي,Almarai,تغطية OpenFoodFacts للسوق السعودي ضحلة (١٦٤٩٢ منتجًا إجماليًا، وعمق كل علامة عشرات مقابل مئات فعلية) — تُستخدم للتقاطع بالباركود لا كمصدر أول. المصدر المفضّل: كتالوج المصنّع أو كتالوج التجزئة السعودي.
QGAP-00934,المراعي لبن زبادي كامل الدسم,Almarai full-fat laban,المراعي,Almarai,Almarai,PACKAGED,ألبان,زبادي ولبن,full-fat laban,,KSA,VERY_HIGH,P0,MISSING,,OFFICIAL_MANUFACTURER,Almarai official product page,,,,,,,,,,NONE,HIGH,المراعي,Almarai,تغطية OpenFoodFacts للسوق السعودي ضحلة (١٦٤٩٢ منتجًا إجماليًا، وعمق كل علامة عشرات مقابل مئات فعلية) — تُستخدم للتقاطع بالباركود لا كمصدر أول. المصدر المفضّل: كتالوج المصنّع أو كتالوج التجزئة السعودي.
QGAP-00935,المراعي رايب,Almarai rayeb,المراعي,Almarai,Almarai,PACKAGED,ألبان,زبادي ولبن,rayeb,,KSA,VERY_HIGH,P0,MISSING,,OFFICIAL_MANUFACTURER,Almarai official product page,,,,,,,,,,NONE,HIGH,المراعي,Almarai,تغطية OpenFoodFacts للسوق السعودي ضحلة (١٦٤٩٢ منتجًا إجماليًا، وعمق كل علامة عشرات مقابل مئات فعلية) — تُستخدم للتقاطع بالباركود لا كمصدر أول. المصدر المفضّل: كتالوج المصنّع أو كتالوج التجزئة السعودي.
QGAP-00936,المراعي زبادي أطفال,Almarai kids yogurt,المراعي,Almarai,Almarai,PACKAGED,ألبان,زبادي ولبن,kids yogurt,,KSA,VERY_HIGH,P0,MISSING,,OFFICIAL_MANUFACTURER,Almarai official product page,,,,,,,,,,NONE,HIGH,المراعي,Almarai,تغطية OpenFoodFacts للسوق السعودي ضحلة (١٦٤٩٢ منتجًا إجماليًا، وعمق كل علامة عشرات مقابل مئات فعلية) — تُستخدم للتقاطع بالباركود لا كمصدر أول. المصدر المفضّل: كتالوج المصنّع أو كتالوج التجزئة السعودي.
QGAP-00937,المراعي جبن كريمي,Almarai cream cheese,المراعي,Almarai,Almarai,PACKAGED,ألبان,أجبان وقشطة,cream cheese,,KSA,VERY_HIGH,P0,EXISTS_GENERIC_ONLY,cream-cheese · جبن كريمي,OFFICIAL_MANUFACTURER,Almarai official product page,,,,,,,,,,NONE,MEDIUM,المراعي,Almarai,تغطية OpenFoodFacts للسوق السعودي ضحلة (١٦٤٩٢ منتجًا إجماليًا، وعمق كل علامة عشرات مقابل مئات فعلية) — تُستخدم للتقاطع بالباركود لا كمصدر أول. المصدر المفضّل: كتالوج المصنّع أو كتالوج التجزئة السعودي.
QGAP-00938,المراعي جبن مثلثات,Almarai cheese triangles,المراعي,Almarai,Almarai,PACKAGED,ألبان,أجبان وقشطة,cheese triangles,,KSA,VERY_HIGH,P0,MISSING,,OFFICIAL_MANUFACTURER,Almarai official product page,,,,,,,,,,NONE,HIGH,المراعي,Almarai,تغطية OpenFoodFacts للسوق السعودي ضحلة (١٦٤٩٢ منتجًا إجماليًا، وعمق كل علامة عشرات مقابل مئات فعلية) — تُستخدم للتقاطع بالباركود لا كمصدر أول. المصدر المفضّل: كتالوج المصنّع أو كتالوج التجزئة السعودي.
QGAP-00939,المراعي جبن شرائح موزاريلا,Almarai mozzarella slices,المراعي,Almarai,Almarai,PACKAGED,ألبان,أجبان وقشطة,mozzarella slices,,KSA,VERY_HIGH,P0,MISSING,,OFFICIAL_MANUFACTURER,Almarai official product page,,,,,,,,,,NONE,HIGH,المراعي,Almarai,تغطية OpenFoodFacts للسوق السعودي ضحلة (١٦٤٩٢ منتجًا إجماليًا، وعمق كل علامة عشرات مقابل مئات فعلية) — تُستخدم للتقاطع بالباركود لا كمصدر أول. المصدر المفضّل: كتالوج المصنّع أو كتالوج التجزئة السعودي.
QGAP-00940,المراعي جبن فيتا,Almarai feta cheese,المراعي,Almarai,Almarai,PACKAGED,ألبان,أجبان وقشطة,feta cheese,,KSA,VERY_HIGH,P0,EXISTS_GENERIC_ONLY,feta-cheese · جبن فيتا,OFFICIAL_MANUFACTURER,Almarai official product page,,,,,,,,,,NONE,MEDIUM,المراعي,Almarai,تغطية OpenFoodFacts للسوق السعودي ضحلة (١٦٤٩٢ منتجًا إجماليًا، وعمق كل علامة عشرات مقابل مئات فعلية) — تُستخدم للتقاطع بالباركود لا كمصدر أول. المصدر المفضّل: كتالوج المصنّع أو كتالوج التجزئة السعودي.
QGAP-00941,المراعي جبن حلوم,Almarai halloumi,المراعي,Almarai,Almarai,PACKAGED,ألبان,أجبان وقشطة,halloumi,,KSA,VERY_HIGH,P0,EXISTS_GENERIC_ONLY,halloumi · جبن حلوم,OFFICIAL_MANUFACTURER,Almarai official product page,,,,,,,,,,NONE,MEDIUM,المراعي,Almarai,تغطية OpenFoodFacts للسوق السعودي ضحلة (١٦٤٩٢ منتجًا إجماليًا، وعمق كل علامة عشرات مقابل مئات فعلية) — تُستخدم للتقاطع بالباركود لا كمصدر أول. المصدر المفضّل: كتالوج المصنّع أو كتالوج التجزئة السعودي.
QGAP-00942,المراعي لبنة,Almarai labneh,المراعي,Almarai,Almarai,PACKAGED,ألبان,أجبان وقشطة,labneh,,KSA,VERY_HIGH,P0,EXISTS_GENERIC_ONLY,labneh · لبنة,OFFICIAL_MANUFACTURER,Almarai official product page,,,,,,,,,,NONE,MEDIUM,المراعي,Almarai,تغطية OpenFoodFacts للسوق السعودي ضحلة (١٦٤٩٢ منتجًا إجماليًا، وعمق كل علامة عشرات مقابل مئات فعلية) — تُستخدم للتقاطع بالباركود لا كمصدر أول. المصدر المفضّل: كتالوج المصنّع أو كتالوج التجزئة السعودي.
QGAP-00943,المراعي لبنة لايت,Almarai light labneh,المراعي,Almarai,Almarai,PACKAGED,ألبان,أجبان وقشطة,light labneh,,KSA,VERY_HIGH,P0,MISSING,,OFFICIAL_MANUFACTURER,Almarai official product page,,,,,,,,,,NONE,HIGH,المراعي,Almarai,تغطية OpenFoodFacts للسوق السعودي ضحلة (١٦٤٩٢ منتجًا إجماليًا، وعمق كل علامة عشرات مقابل مئات فعلية) — تُستخدم للتقاطع بالباركود لا كمصدر أول. المصدر المفضّل: كتالوج المصنّع أو كتالوج التجزئة السعودي.
QGAP-00944,المراعي جبن شيدر مبشور,Almarai shredded cheddar,المراعي,Almarai,Almarai,PACKAGED,ألبان,أجبان وقشطة,shredded cheddar,,KSA,VERY_HIGH,P0,MISSING,,OFFICIAL_MANUFACTURER,Almarai official product page,,,,,,,,,,NONE,HIGH,المراعي,Almarai,تغطية OpenFoodFacts للسوق السعودي ضحلة (١٦٤٩٢ منتجًا إجماليًا، وعمق كل علامة عشرات مقابل مئات فعلية) — تُستخدم للتقاطع بالباركود لا كمصدر أول. المصدر المفضّل: كتالوج المصنّع أو كتالوج التجزئة السعودي.
QGAP-00945,المراعي قشطة طبخ,Almarai cooking cream,المراعي,Almarai,Almarai,PACKAGED,ألبان,أجبان وقشطة,cooking cream,,KSA,VERY_HIGH,P0,MISSING,,OFFICIAL_MANUFACTURER,Almarai official product page,,,,,,,,,,NONE,HIGH,المراعي,Almarai,تغطية OpenFoodFacts للسوق السعودي ضحلة (١٦٤٩٢ منتجًا إجماليًا، وعمق كل علامة عشرات مقابل مئات فعلية) — تُستخدم للتقاطع بالباركود لا كمصدر أول. المصدر المفضّل: كتالوج المصنّع أو كتالوج التجزئة السعودي.
QGAP-00946,المراعي زبدة,Almarai butter,المراعي,Almarai,Almarai,PACKAGED,ألبان,أجبان وقشطة,butter,,KSA,VERY_HIGH,P0,EXISTS_GENERIC_ONLY,butter · زبدة,OFFICIAL_MANUFACTURER,Almarai official product page,,,,,,,,,,NONE,MEDIUM,المراعي,Almarai,تغطية OpenFoodFacts للسوق السعودي ضحلة (١٦٤٩٢ منتجًا إجماليًا، وعمق كل علامة عشرات مقابل مئات فعلية) — تُستخدم للتقاطع بالباركود لا كمصدر أول. المصدر المفضّل: كتالوج المصنّع أو كتالوج التجزئة السعودي.
QGAP-00947,المراعي سمن,Almarai ghee,المراعي,Almarai,Almarai,PACKAGED,ألبان,أجبان وقشطة,ghee,,KSA,VERY_HIGH,P0,MISSING,,OFFICIAL_MANUFACTURER,Almarai official product page,,,,,,,,,,NONE,HIGH,المراعي,Almarai,تغطية OpenFoodFacts للسوق السعودي ضحلة (١٦٤٩٢ منتجًا إجماليًا، وعمق كل علامة عشرات مقابل مئات فعلية) — تُستخدم للتقاطع بالباركود لا كمصدر أول. المصدر المفضّل: كتالوج المصنّع أو كتالوج التجزئة السعودي.
QGAP-00948,المراعي عصير برتقال,Almarai orange juice,المراعي,Almarai,Almarai,PACKAGED,مشروبات,عصائر,orange juice,,KSA,VERY_HIGH,P1,EXISTS_GENERIC_ONLY,orange-juice · عصير برتقال,OFFICIAL_MANUFACTURER,Almarai official product page,,,,,,,,,,NONE,MEDIUM,المراعي,Almarai,تغطية OpenFoodFacts للسوق السعودي ضحلة (١٦٤٩٢ منتجًا إجماليًا، وعمق كل علامة عشرات مقابل مئات فعلية) — تُستخدم للتقاطع بالباركود لا كمصدر أول. المصدر المفضّل: كتالوج المصنّع أو كتالوج التجزئة السعودي.
QGAP-00949,المراعي عصير تفاح,Almarai apple juice,المراعي,Almarai,Almarai,PACKAGED,مشروبات,عصائر,apple juice,,KSA,VERY_HIGH,P1,EXISTS_GENERIC_ONLY,apple-juice · عصير تفاح,OFFICIAL_MANUFACTURER,Almarai official product page,,,,,,,,,,NONE,MEDIUM,المراعي,Almarai,تغطية OpenFoodFacts للسوق السعودي ضحلة (١٦٤٩٢ منتجًا إجماليًا، وعمق كل علامة عشرات مقابل مئات فعلية) — تُستخدم للتقاطع بالباركود لا كمصدر أول. المصدر المفضّل: كتالوج المصنّع أو كتالوج التجزئة السعودي.
QGAP-00950,المراعي عصير مانجو,Almarai mango juice,المراعي,Almarai,Almarai,PACKAGED,مشروبات,عصائر,mango juice,,KSA,VERY_HIGH,P1,EXISTS_GENERIC_ONLY,mango-juice · عصير مانجو,OFFICIAL_MANUFACTURER,Almarai official product page,,,,,,,,,,NONE,MEDIUM,المراعي,Almarai,تغطية OpenFoodFacts للسوق السعودي ضحلة (١٦٤٩٢ منتجًا إجماليًا، وعمق كل علامة عشرات مقابل مئات فعلية) — تُستخدم للتقاطع بالباركود لا كمصدر أول. المصدر المفضّل: كتالوج المصنّع أو كتالوج التجزئة السعودي.
QGAP-00951,المراعي عصير فراولة موز,Almarai strawberry banana juice,المراعي,Almarai,Almarai,PACKAGED,مشروبات,عصائر,strawberry banana juice,,KSA,VERY_HIGH,P1,MISSING,,OFFICIAL_MANUFACTURER,Almarai official product page,,,,,,,,,,NONE,HIGH,المراعي,Almarai,تغطية OpenFoodFacts للسوق السعودي ضحلة (١٦٤٩٢ منتجًا إجماليًا، وعمق كل علامة عشرات مقابل مئات فعلية) — تُستخدم للتقاطع بالباركود لا كمصدر أول. المصدر المفضّل: كتالوج المصنّع أو كتالوج التجزئة السعودي.
QGAP-00952,المراعي عصير كوكتيل,Almarai cocktail juice,المراعي,Almarai,Almarai,PACKAGED,مشروبات,عصائر,cocktail juice,,KSA,VERY_HIGH,P1,MISSING,,OFFICIAL_MANUFACTURER,Almarai official product page,,,,,,,,,,NONE,HIGH,المراعي,Almarai,تغطية OpenFoodFacts للسوق السعودي ضحلة (١٦٤٩٢ منتجًا إجماليًا، وعمق كل علامة عشرات مقابل مئات فعلية) — تُستخدم للتقاطع بالباركود لا كمصدر أول. المصدر المفضّل: كتالوج المصنّع أو كتالوج التجزئة السعودي.
QGAP-00953,المراعي عصير رمان,Almarai pomegranate juice,المراعي,Almarai,Almarai,PACKAGED,مشروبات,عصائر,pomegranate juice,,KSA,VERY_HIGH,P1,EXISTS_GENERIC_ONLY,pomegranate-juice · عصير رمان,OFFICIAL_MANUFACTURER,Almarai official product page,,,,,,,,,,NONE,MEDIUM,المراعي,Almarai,تغطية OpenFoodFacts للسوق السعودي ضحلة (١٦٤٩٢ منتجًا إجماليًا، وعمق كل علامة عشرات مقابل مئات فعلية) — تُستخدم للتقاطع بالباركود لا كمصدر أول. المصدر المفضّل: كتالوج المصنّع أو كتالوج التجزئة السعودي.
QGAP-00954,المراعي عصير ليمون نعناع,Almarai lemon mint juice,المراعي,Almarai,Almarai,PACKAGED,مشروبات,عصائر,lemon mint juice,,KSA,VERY_HIGH,P1,EXISTS_GENERIC_ONLY,lemon-mint · ليمون نعناع,OFFICIAL_MANUFACTURER,Almarai official product page,,,,,,,,,,NONE,MEDIUM,المراعي,Almarai,تغطية OpenFoodFacts للسوق السعودي ضحلة (١٦٤٩٢ منتجًا إجماليًا، وعمق كل علامة عشرات مقابل مئات فعلية) — تُستخدم للتقاطع بالباركود لا كمصدر أول. المصدر المفضّل: كتالوج المصنّع أو كتالوج التجزئة السعودي.
QGAP-00955,المراعي عصير أناناس,Almarai pineapple juice,المراعي,Almarai,Almarai,PACKAGED,مشروبات,عصائر,pineapple juice,,KSA,VERY_HIGH,P1,EXISTS_GENERIC_ONLY,apple-juice · عصير تفاح,OFFICIAL_MANUFACTURER,Almarai official product page,,,,,,,,,,NONE,MEDIUM,المراعي,Almarai,تغطية OpenFoodFacts للسوق السعودي ضحلة (١٦٤٩٢ منتجًا إجماليًا، وعمق كل علامة عشرات مقابل مئات فعلية) — تُستخدم للتقاطع بالباركود لا كمصدر أول. المصدر المفضّل: كتالوج المصنّع أو كتالوج التجزئة السعودي.
QGAP-00956,المراعي عصير جوافة,Almarai guava juice,المراعي,Almarai,Almarai,PACKAGED,مشروبات,عصائر,guava juice,,KSA,VERY_HIGH,P1,MISSING,,OFFICIAL_MANUFACTURER,Almarai official product page,,,,,,,,,,NONE,HIGH,المراعي,Almarai,تغطية OpenFoodFacts للسوق السعودي ضحلة (١٦٤٩٢ منتجًا إجماليًا، وعمق كل علامة عشرات مقابل مئات فعلية) — تُستخدم للتقاطع بالباركود لا كمصدر أول. المصدر المفضّل: كتالوج المصنّع أو كتالوج التجزئة السعودي.
QGAP-00957,المراعي عصير قليل السكر,Almarai low-sugar juice,المراعي,Almarai,Almarai,PACKAGED,مشروبات,عصائر,low-sugar juice,,KSA,VERY_HIGH,P1,MISSING,,OFFICIAL_MANUFACTURER,Almarai official product page,,,,,,,,,,NONE,HIGH,المراعي,Almarai,تغطية OpenFoodFacts للسوق السعودي ضحلة (١٦٤٩٢ منتجًا إجماليًا، وعمق كل علامة عشرات مقابل مئات فعلية) — تُستخدم للتقاطع بالباركود لا كمصدر أول. المصدر المفضّل: كتالوج المصنّع أو كتالوج التجزئة السعودي.
QGAP-00958,المراعي كيك مارتينيلا,Almarai Martinella cake,المراعي,Almarai,Almarai,PACKAGED,فطور,مخبوزات وحلويات,Martinella cake,,KSA,HIGH,P1,MISSING,,OFFICIAL_MANUFACTURER,Almarai official product page,,,,,,,,,,NONE,HIGH,المراعي,Almarai,تغطية OpenFoodFacts للسوق السعودي ضحلة (١٦٤٩٢ منتجًا إجماليًا، وعمق كل علامة عشرات مقابل مئات فعلية) — تُستخدم للتقاطع بالباركود لا كمصدر أول. المصدر المفضّل: كتالوج المصنّع أو كتالوج التجزئة السعودي.
QGAP-00959,المراعي كرواسون,Almarai croissant,المراعي,Almarai,Almarai,PACKAGED,فطور,مخبوزات وحلويات,croissant,,KSA,HIGH,P1,EXISTS_GENERIC_ONLY,croissant · كرواسون,OFFICIAL_MANUFACTURER,Almarai official product page,,,,,,,,,,NONE,MEDIUM,المراعي,Almarai,تغطية OpenFoodFacts للسوق السعودي ضحلة (١٦٤٩٢ منتجًا إجماليًا، وعمق كل علامة عشرات مقابل مئات فعلية) — تُستخدم للتقاطع بالباركود لا كمصدر أول. المصدر المفضّل: كتالوج المصنّع أو كتالوج التجزئة السعودي.
QGAP-00960,المراعي آيس كريم,Almarai ice cream,المراعي,Almarai,Almarai,PACKAGED,فطور,مخبوزات وحلويات,ice cream,,KSA,HIGH,P1,MISSING,,OFFICIAL_MANUFACTURER,Almarai official product page,,,,,,,,,,NONE,HIGH,المراعي,Almarai,تغطية OpenFoodFacts للسوق السعودي ضحلة (١٦٤٩٢ منتجًا إجماليًا، وعمق كل علامة عشرات مقابل مئات فعلية) — تُستخدم للتقاطع بالباركود لا كمصدر أول. المصدر المفضّل: كتالوج المصنّع أو كتالوج التجزئة السعودي.
QGAP-00961,المراعي قشطة,Almarai qishta cream,المراعي,Almarai,Almarai,PACKAGED,فطور,مخبوزات وحلويات,qishta cream,,KSA,HIGH,P1,MISSING,,OFFICIAL_MANUFACTURER,Almarai official product page,,,,,,,,,,NONE,HIGH,المراعي,Almarai,تغطية OpenFoodFacts للسوق السعودي ضحلة (١٦٤٩٢ منتجًا إجماليًا، وعمق كل علامة عشرات مقابل مئات فعلية) — تُستخدم للتقاطع بالباركود لا كمصدر أول. المصدر المفضّل: كتالوج المصنّع أو كتالوج التجزئة السعودي.
QGAP-00962,المراعي كاسترد,Almarai custard,المراعي,Almarai,Almarai,PACKAGED,فطور,مخبوزات وحلويات,custard,,KSA,HIGH,P1,EXISTS_GENERIC_ONLY,gcc-38 · كاسترد,OFFICIAL_MANUFACTURER,Almarai official product page,,,,,,,,,,NONE,MEDIUM,المراعي,Almarai,تغطية OpenFoodFacts للسوق السعودي ضحلة (١٦٤٩٢ منتجًا إجماليًا، وعمق كل علامة عشرات مقابل مئات فعلية) — تُستخدم للتقاطع بالباركود لا كمصدر أول. المصدر المفضّل: كتالوج المصنّع أو كتالوج التجزئة السعودي.
QGAP-00963,نادك حليب خالي الدسم,NADEC skimmed milk,نادك,NADEC,NADEC,PACKAGED,ألبان,حليب وألبان,skimmed milk,,KSA,VERY_HIGH,P0,MISSING,,OFFICIAL_MANUFACTURER,NADEC official product page,,,,,,,,,,NONE,HIGH,نادك,NADEC,تغطية OpenFoodFacts للسوق السعودي ضحلة (١٦٤٩٢ منتجًا إجماليًا، وعمق كل علامة عشرات مقابل مئات فعلية) — تُستخدم للتقاطع بالباركود لا كمصدر أول. المصدر المفضّل: كتالوج المصنّع أو كتالوج التجزئة السعودي.
QGAP-00964,نادك لبن,NADEC laban,نادك,NADEC,NADEC,PACKAGED,ألبان,حليب وألبان,laban,,KSA,VERY_HIGH,P0,MISSING,,OFFICIAL_MANUFACTURER,NADEC official product page,,,,,,,,,,NONE,HIGH,نادك,NADEC,تغطية OpenFoodFacts للسوق السعودي ضحلة (١٦٤٩٢ منتجًا إجماليًا، وعمق كل علامة عشرات مقابل مئات فعلية) — تُستخدم للتقاطع بالباركود لا كمصدر أول. المصدر المفضّل: كتالوج المصنّع أو كتالوج التجزئة السعودي.
QGAP-00965,نادك زبادي,NADEC yogurt,نادك,NADEC,NADEC,PACKAGED,ألبان,حليب وألبان,yogurt,,KSA,VERY_HIGH,P0,MISSING,,OFFICIAL_MANUFACTURER,NADEC official product page,,,,,,,,,,NONE,HIGH,نادك,NADEC,تغطية OpenFoodFacts للسوق السعودي ضحلة (١٦٤٩٢ منتجًا إجماليًا، وعمق كل علامة عشرات مقابل مئات فعلية) — تُستخدم للتقاطع بالباركود لا كمصدر أول. المصدر المفضّل: كتالوج المصنّع أو كتالوج التجزئة السعودي.
QGAP-00966,نادك جبن قشطة,NADEC cream cheese,نادك,NADEC,NADEC,PACKAGED,ألبان,حليب وألبان,cream cheese,,KSA,VERY_HIGH,P0,EXISTS_GENERIC_ONLY,cream-cheese · جبن كريمي,OFFICIAL_MANUFACTURER,NADEC official product page,,,,,,,,,,NONE,MEDIUM,نادك,NADEC,تغطية OpenFoodFacts للسوق السعودي ضحلة (١٦٤٩٢ منتجًا إجماليًا، وعمق كل علامة عشرات مقابل مئات فعلية) — تُستخدم للتقاطع بالباركود لا كمصدر أول. المصدر المفضّل: كتالوج المصنّع أو كتالوج التجزئة السعودي.
QGAP-00967,نادك لبنة,NADEC labneh,نادك,NADEC,NADEC,PACKAGED,ألبان,حليب وألبان,labneh,,KSA,VERY_HIGH,P0,EXISTS_GENERIC_ONLY,labneh · لبنة,OFFICIAL_MANUFACTURER,NADEC official product page,,,,,,,,,,NONE,MEDIUM,نادك,NADEC,تغطية OpenFoodFacts للسوق السعودي ضحلة (١٦٤٩٢ منتجًا إجماليًا، وعمق كل علامة عشرات مقابل مئات فعلية) — تُستخدم للتقاطع بالباركود لا كمصدر أول. المصدر المفضّل: كتالوج المصنّع أو كتالوج التجزئة السعودي.
QGAP-00968,نادك قشطة,NADEC cream,نادك,NADEC,NADEC,PACKAGED,ألبان,حليب وألبان,cream,,KSA,VERY_HIGH,P0,EXISTS_GENERIC_ONLY,nadec-cream-qishta · قشطة نادك,OFFICIAL_MANUFACTURER,NADEC official product page,,,,,,,,,,NONE,MEDIUM,نادك,NADEC,تغطية OpenFoodFacts للسوق السعودي ضحلة (١٦٤٩٢ منتجًا إجماليًا، وعمق كل علامة عشرات مقابل مئات فعلية) — تُستخدم للتقاطع بالباركود لا كمصدر أول. المصدر المفضّل: كتالوج المصنّع أو كتالوج التجزئة السعودي.
QGAP-00969,نادك حليب إبل,NADEC camel milk,نادك,NADEC,NADEC,PACKAGED,ألبان,حليب وألبان,camel milk,,KSA,VERY_HIGH,P0,MISSING,,OFFICIAL_MANUFACTURER,NADEC official product page,,,,,,,,,,NONE,HIGH,نادك,NADEC,تغطية OpenFoodFacts للسوق السعودي ضحلة (١٦٤٩٢ منتجًا إجماليًا، وعمق كل علامة عشرات مقابل مئات فعلية) — تُستخدم للتقاطع بالباركود لا كمصدر أول. المصدر المفضّل: كتالوج المصنّع أو كتالوج التجزئة السعودي.
QGAP-00970,نادك عصير برتقال,NADEC orange juice,نادك,NADEC,NADEC,PACKAGED,مشروبات,عصائر,orange juice,,KSA,HIGH,P1,EXISTS_GENERIC_ONLY,orange-juice · عصير برتقال,OFFICIAL_MANUFACTURER,NADEC official product page,,,,,,,,,,NONE,MEDIUM,نادك,NADEC,تغطية OpenFoodFacts للسوق السعودي ضحلة (١٦٤٩٢ منتجًا إجماليًا، وعمق كل علامة عشرات مقابل مئات فعلية) — تُستخدم للتقاطع بالباركود لا كمصدر أول. المصدر المفضّل: كتالوج المصنّع أو كتالوج التجزئة السعودي.
QGAP-00971,نادك عصير مانجو,NADEC mango juice,نادك,NADEC,NADEC,PACKAGED,مشروبات,عصائر,mango juice,,KSA,HIGH,P1,EXISTS_GENERIC_ONLY,mango-juice · عصير مانجو,OFFICIAL_MANUFACTURER,NADEC official product page,,,,,,,,,,NONE,MEDIUM,نادك,NADEC,تغطية OpenFoodFacts للسوق السعودي ضحلة (١٦٤٩٢ منتجًا إجماليًا، وعمق كل علامة عشرات مقابل مئات فعلية) — تُستخدم للتقاطع بالباركود لا كمصدر أول. المصدر المفضّل: كتالوج المصنّع أو كتالوج التجزئة السعودي.
QGAP-00972,نادك عصير تفاح,NADEC apple juice,نادك,NADEC,NADEC,PACKAGED,مشروبات,عصائر,apple juice,,KSA,HIGH,P1,EXISTS_GENERIC_ONLY,apple-juice · عصير تفاح,OFFICIAL_MANUFACTURER,NADEC official product page,,,,,,,,,,NONE,MEDIUM,نادك,NADEC,تغطية OpenFoodFacts للسوق السعودي ضحلة (١٦٤٩٢ منتجًا إجماليًا، وعمق كل علامة عشرات مقابل مئات فعلية) — تُستخدم للتقاطع بالباركود لا كمصدر أول. المصدر المفضّل: كتالوج المصنّع أو كتالوج التجزئة السعودي.
QGAP-00973,نادك عصير كوكتيل,NADEC mixed juice,نادك,NADEC,NADEC,PACKAGED,مشروبات,عصائر,mixed juice,,KSA,HIGH,P1,MISSING,,OFFICIAL_MANUFACTURER,NADEC official product page,,,,,,,,,,NONE,HIGH,نادك,NADEC,تغطية OpenFoodFacts للسوق السعودي ضحلة (١٦٤٩٢ منتجًا إجماليًا، وعمق كل علامة عشرات مقابل مئات فعلية) — تُستخدم للتقاطع بالباركود لا كمصدر أول. المصدر المفضّل: كتالوج المصنّع أو كتالوج التجزئة السعودي.
QGAP-00974,ندى لبن,Nada laban,ندى,Nada,Nada,PACKAGED,ألبان,حليب وألبان,laban,,KSA,VERY_HIGH,P1,MISSING,,OFFICIAL_MANUFACTURER,Nada official product page,,,,,,,,,,NONE,HIGH,ندى,Nada,تغطية OpenFoodFacts للسوق السعودي ضحلة (١٦٤٩٢ منتجًا إجماليًا، وعمق كل علامة عشرات مقابل مئات فعلية) — تُستخدم للتقاطع بالباركود لا كمصدر أول. المصدر المفضّل: كتالوج المصنّع أو كتالوج التجزئة السعودي.
QGAP-00975,ندى زبادي,Nada yogurt,ندى,Nada,Nada,PACKAGED,ألبان,حليب وألبان,yogurt,,KSA,VERY_HIGH,P1,MISSING,,OFFICIAL_MANUFACTURER,Nada official product page,,,,,,,,,,NONE,HIGH,ندى,Nada,تغطية OpenFoodFacts للسوق السعودي ضحلة (١٦٤٩٢ منتجًا إجماليًا، وعمق كل علامة عشرات مقابل مئات فعلية) — تُستخدم للتقاطع بالباركود لا كمصدر أول. المصدر المفضّل: كتالوج المصنّع أو كتالوج التجزئة السعودي.
QGAP-00976,ندى لبنة,Nada labneh,ندى,Nada,Nada,PACKAGED,ألبان,حليب وألبان,labneh,,KSA,VERY_HIGH,P1,EXISTS_GENERIC_ONLY,labneh · لبنة,OFFICIAL_MANUFACTURER,Nada official product page,,,,,,,,,,NONE,MEDIUM,ندى,Nada,تغطية OpenFoodFacts للسوق السعودي ضحلة (١٦٤٩٢ منتجًا إجماليًا، وعمق كل علامة عشرات مقابل مئات فعلية) — تُستخدم للتقاطع بالباركود لا كمصدر أول. المصدر المفضّل: كتالوج المصنّع أو كتالوج التجزئة السعودي.
QGAP-00977,ندى قشطة,Nada cream,ندى,Nada,Nada,PACKAGED,ألبان,حليب وألبان,cream,,KSA,VERY_HIGH,P1,MISSING,,OFFICIAL_MANUFACTURER,Nada official product page,,,,,,,,,,NONE,HIGH,ندى,Nada,تغطية OpenFoodFacts للسوق السعودي ضحلة (١٦٤٩٢ منتجًا إجماليًا، وعمق كل علامة عشرات مقابل مئات فعلية) — تُستخدم للتقاطع بالباركود لا كمصدر أول. المصدر المفضّل: كتالوج المصنّع أو كتالوج التجزئة السعودي.
QGAP-00978,السعودية حليب طويل الأجل كامل الدسم,Saudia (SADAFCO) UHT full-fat milk,السعودية,Saudia (SADAFCO),Saudia (SADAFCO),PACKAGED,ألبان,حليب وآيس كريم,UHT full-fat milk,,KSA,HIGH,P1,MISSING,,OFFICIAL_MANUFACTURER,Saudia (SADAFCO) official product page,,,,,,,,,,NONE,HIGH,السعودية,Saudia (SADAFCO),تغطية OpenFoodFacts للسوق السعودي ضحلة (١٦٤٩٢ منتجًا إجماليًا، وعمق كل علامة عشرات مقابل مئات فعلية) — تُستخدم للتقاطع بالباركود لا كمصدر أول. المصدر المفضّل: كتالوج المصنّع أو كتالوج التجزئة السعودي.
QGAP-00979,السعودية حليب قليل الدسم,Saudia (SADAFCO) low-fat milk,السعودية,Saudia (SADAFCO),Saudia (SADAFCO),PACKAGED,ألبان,حليب وآيس كريم,low-fat milk,,KSA,HIGH,P1,EXISTS_GENERIC_ONLY,milk-low-fat · حليب قليل الدسم,OFFICIAL_MANUFACTURER,Saudia (SADAFCO) official product page,,,,,,,,,,NONE,MEDIUM,السعودية,Saudia (SADAFCO),تغطية OpenFoodFacts للسوق السعودي ضحلة (١٦٤٩٢ منتجًا إجماليًا، وعمق كل علامة عشرات مقابل مئات فعلية) — تُستخدم للتقاطع بالباركود لا كمصدر أول. المصدر المفضّل: كتالوج المصنّع أو كتالوج التجزئة السعودي.
QGAP-00980,السعودية حليب بالشوكولاتة,Saudia (SADAFCO) chocolate milk,السعودية,Saudia (SADAFCO),Saudia (SADAFCO),PACKAGED,ألبان,حليب وآيس كريم,chocolate milk,,KSA,HIGH,P1,EXISTS_GENERIC_ONLY,chocolate-milk · حليب بالشوكولاتة,OFFICIAL_MANUFACTURER,Saudia (SADAFCO) official product page,,,,,,,,,,NONE,MEDIUM,السعودية,Saudia (SADAFCO),تغطية OpenFoodFacts للسوق السعودي ضحلة (١٦٤٩٢ منتجًا إجماليًا، وعمق كل علامة عشرات مقابل مئات فعلية) — تُستخدم للتقاطع بالباركود لا كمصدر أول. المصدر المفضّل: كتالوج المصنّع أو كتالوج التجزئة السعودي.
QGAP-00981,السعودية آيس كريم فانيلا,Saudia (SADAFCO) vanilla ice cream,السعودية,Saudia (SADAFCO),Saudia (SADAFCO),PACKAGED,ألبان,حليب وآيس كريم,vanilla ice cream,,KSA,HIGH,P1,MISSING,,OFFICIAL_MANUFACTURER,Saudia (SADAFCO) official product page,,,,,,,,,,NONE,HIGH,السعودية,Saudia (SADAFCO),تغطية OpenFoodFacts للسوق السعودي ضحلة (١٦٤٩٢ منتجًا إجماليًا، وعمق كل علامة عشرات مقابل مئات فعلية) — تُستخدم للتقاطع بالباركود لا كمصدر أول. المصدر المفضّل: كتالوج المصنّع أو كتالوج التجزئة السعودي.
QGAP-00982,السعودية آيس كريم شوكولاتة,Saudia (SADAFCO) chocolate ice cream,السعودية,Saudia (SADAFCO),Saudia (SADAFCO),PACKAGED,ألبان,حليب وآيس كريم,chocolate ice cream,,KSA,HIGH,P1,MISSING,,OFFICIAL_MANUFACTURER,Saudia (SADAFCO) official product page,,,,,,,,,,NONE,HIGH,السعودية,Saudia (SADAFCO),تغطية OpenFoodFacts للسوق السعودي ضحلة (١٦٤٩٢ منتجًا إجماليًا، وعمق كل علامة عشرات مقابل مئات فعلية) — تُستخدم للتقاطع بالباركود لا كمصدر أول. المصدر المفضّل: كتالوج المصنّع أو كتالوج التجزئة السعودي.
QGAP-00983,السعودية آيس كريم كون,Saudia (SADAFCO) ice cream cone,السعودية,Saudia (SADAFCO),Saudia (SADAFCO),PACKAGED,ألبان,حليب وآيس كريم,ice cream cone,,KSA,HIGH,P1,MISSING,,OFFICIAL_MANUFACTURER,Saudia (SADAFCO) official product page,,,,,,,,,,NONE,HIGH,السعودية,Saudia (SADAFCO),تغطية OpenFoodFacts للسوق السعودي ضحلة (١٦٤٩٢ منتجًا إجماليًا، وعمق كل علامة عشرات مقابل مئات فعلية) — تُستخدم للتقاطع بالباركود لا كمصدر أول. المصدر المفضّل: كتالوج المصنّع أو كتالوج التجزئة السعودي.
QGAP-00984,السعودية قشطة,Saudia (SADAFCO) cream,السعودية,Saudia (SADAFCO),Saudia (SADAFCO),PACKAGED,ألبان,حليب وآيس كريم,cream,,KSA,HIGH,P1,MISSING,,OFFICIAL_MANUFACTURER,Saudia (SADAFCO) official product page,,,,,,,,,,NONE,HIGH,السعودية,Saudia (SADAFCO),تغطية OpenFoodFacts للسوق السعودي ضحلة (١٦٤٩٢ منتجًا إجماليًا، وعمق كل علامة عشرات مقابل مئات فعلية) — تُستخدم للتقاطع بالباركود لا كمصدر أول. المصدر المفضّل: كتالوج المصنّع أو كتالوج التجزئة السعودي.
QGAP-00985,السعودية طماطم معلبة,Saudia (SADAFCO) canned tomato,السعودية,Saudia (SADAFCO),Saudia (SADAFCO),PACKAGED,ألبان,حليب وآيس كريم,canned tomato,,KSA,HIGH,P1,MISSING,,OFFICIAL_MANUFACTURER,Saudia (SADAFCO) official product page,,,,,,,,,,NONE,HIGH,السعودية,Saudia (SADAFCO),تغطية OpenFoodFacts للسوق السعودي ضحلة (١٦٤٩٢ منتجًا إجماليًا، وعمق كل علامة عشرات مقابل مئات فعلية) — تُستخدم للتقاطع بالباركود لا كمصدر أول. المصدر المفضّل: كتالوج المصنّع أو كتالوج التجزئة السعودي.
QGAP-00986,الصافي دانون حليب كامل الدسم,Al Safi Danone full-fat milk,الصافي دانون,Al Safi Danone,Al Safi Danone,PACKAGED,ألبان,ألبان,full-fat milk,,KSA,HIGH,P1,EXISTS_GENERIC_ONLY,milk-full · حليب كامل الدسم,OFFICIAL_MANUFACTURER,Al Safi Danone official product page,,,,,,,,,,NONE,MEDIUM,الصافي دانون,Al Safi Danone,تغطية OpenFoodFacts للسوق السعودي ضحلة (١٦٤٩٢ منتجًا إجماليًا، وعمق كل علامة عشرات مقابل مئات فعلية) — تُستخدم للتقاطع بالباركود لا كمصدر أول. المصدر المفضّل: كتالوج المصنّع أو كتالوج التجزئة السعودي.
QGAP-00987,الصافي دانون لبن,Al Safi Danone laban,الصافي دانون,Al Safi Danone,Al Safi Danone,PACKAGED,ألبان,ألبان,laban,,KSA,HIGH,P1,MISSING,,OFFICIAL_MANUFACTURER,Al Safi Danone official product page,,,,,,,,,,NONE,HIGH,الصافي دانون,Al Safi Danone,تغطية OpenFoodFacts للسوق السعودي ضحلة (١٦٤٩٢ منتجًا إجماليًا، وعمق كل علامة عشرات مقابل مئات فعلية) — تُستخدم للتقاطع بالباركود لا كمصدر أول. المصدر المفضّل: كتالوج المصنّع أو كتالوج التجزئة السعودي.
QGAP-00988,الصافي دانون زبادي,Al Safi Danone yogurt,الصافي دانون,Al Safi Danone,Al Safi Danone,PACKAGED,ألبان,ألبان,yogurt,,KSA,HIGH,P1,MISSING,,OFFICIAL_MANUFACTURER,Al Safi Danone official product page,,,,,,,,,,NONE,HIGH,الصافي دانون,Al Safi Danone,تغطية OpenFoodFacts للسوق السعودي ضحلة (١٦٤٩٢ منتجًا إجماليًا، وعمق كل علامة عشرات مقابل مئات فعلية) — تُستخدم للتقاطع بالباركود لا كمصدر أول. المصدر المفضّل: كتالوج المصنّع أو كتالوج التجزئة السعودي.
QGAP-00989,الصافي دانون زبادي يوناني,Al Safi Danone Greek yogurt,الصافي دانون,Al Safi Danone,Al Safi Danone,PACKAGED,ألبان,ألبان,Greek yogurt,,KSA,HIGH,P1,EXISTS_GENERIC_ONLY,greek-yogurt · زبادي يوناني,OFFICIAL_MANUFACTURER,Al Safi Danone official product page,,,,,,,,,,NONE,MEDIUM,الصافي دانون,Al Safi Danone,تغطية OpenFoodFacts للسوق السعودي ضحلة (١٦٤٩٢ منتجًا إجماليًا، وعمق كل علامة عشرات مقابل مئات فعلية) — تُستخدم للتقاطع بالباركود لا كمصدر أول. المصدر المفضّل: كتالوج المصنّع أو كتالوج التجزئة السعودي.
QGAP-00990,الصافي دانون لبن عالي البروتين,Al Safi Danone high-protein laban,الصافي دانون,Al Safi Danone,Al Safi Danone,PACKAGED,ألبان,ألبان,high-protein laban,,KSA,HIGH,P1,MISSING,,OFFICIAL_MANUFACTURER,Al Safi Danone official product page,,,,,,,,,,NONE,HIGH,الصافي دانون,Al Safi Danone,تغطية OpenFoodFacts للسوق السعودي ضحلة (١٦٤٩٢ منتجًا إجماليًا، وعمق كل علامة عشرات مقابل مئات فعلية) — تُستخدم للتقاطع بالباركود لا كمصدر أول. المصدر المفضّل: كتالوج المصنّع أو كتالوج التجزئة السعودي.
QGAP-00991,الصافي دانون أكتيفيا,Al Safi Danone Activia,الصافي دانون,Al Safi Danone,Al Safi Danone,PACKAGED,ألبان,ألبان,Activia,,KSA,HIGH,P1,MISSING,,OFFICIAL_MANUFACTURER,Al Safi Danone official product page,,,,,,,,,,NONE,HIGH,الصافي دانون,Al Safi Danone,تغطية OpenFoodFacts للسوق السعودي ضحلة (١٦٤٩٢ منتجًا إجماليًا، وعمق كل علامة عشرات مقابل مئات فعلية) — تُستخدم للتقاطع بالباركود لا كمصدر أول. المصدر المفضّل: كتالوج المصنّع أو كتالوج التجزئة السعودي.
QGAP-00992,الصافي دانون دانيت,Al Safi Danone Danette dessert,الصافي دانون,Al Safi Danone,Al Safi Danone,PACKAGED,ألبان,ألبان,Danette dessert,,KSA,HIGH,P1,MISSING,,OFFICIAL_MANUFACTURER,Al Safi Danone official product page,,,,,,,,,,NONE,HIGH,الصافي دانون,Al Safi Danone,تغطية OpenFoodFacts للسوق السعودي ضحلة (١٦٤٩٢ منتجًا إجماليًا، وعمق كل علامة عشرات مقابل مئات فعلية) — تُستخدم للتقاطع بالباركود لا كمصدر أول. المصدر المفضّل: كتالوج المصنّع أو كتالوج التجزئة السعودي.
QGAP-00993,الربيع عصير برتقال,Al Rabie orange juice,الربيع,Al Rabie,Al Rabie,PACKAGED,مشروبات,عصائر,orange juice,,KSA,HIGH,P1,EXISTS_GENERIC_ONLY,orange-juice · عصير برتقال,OFFICIAL_MANUFACTURER,Al Rabie official product page,,,,,,,,,,NONE,MEDIUM,الربيع,Al Rabie,تغطية OpenFoodFacts للسوق السعودي ضحلة (١٦٤٩٢ منتجًا إجماليًا، وعمق كل علامة عشرات مقابل مئات فعلية) — تُستخدم للتقاطع بالباركود لا كمصدر أول. المصدر المفضّل: كتالوج المصنّع أو كتالوج التجزئة السعودي.
QGAP-00994,الربيع عصير مانجو,Al Rabie mango juice,الربيع,Al Rabie,Al Rabie,PACKAGED,مشروبات,عصائر,mango juice,,KSA,HIGH,P1,EXISTS_GENERIC_ONLY,mango-juice · عصير مانجو,OFFICIAL_MANUFACTURER,Al Rabie official product page,,,,,,,,,,NONE,MEDIUM,الربيع,Al Rabie,تغطية OpenFoodFacts للسوق السعودي ضحلة (١٦٤٩٢ منتجًا إجماليًا، وعمق كل علامة عشرات مقابل مئات فعلية) — تُستخدم للتقاطع بالباركود لا كمصدر أول. المصدر المفضّل: كتالوج المصنّع أو كتالوج التجزئة السعودي.
QGAP-00995,الربيع عصير تفاح,Al Rabie apple juice,الربيع,Al Rabie,Al Rabie,PACKAGED,مشروبات,عصائر,apple juice,,KSA,HIGH,P1,EXISTS_GENERIC_ONLY,apple-juice · عصير تفاح,OFFICIAL_MANUFACTURER,Al Rabie official product page,,,,,,,,,,NONE,MEDIUM,الربيع,Al Rabie,تغطية OpenFoodFacts للسوق السعودي ضحلة (١٦٤٩٢ منتجًا إجماليًا، وعمق كل علامة عشرات مقابل مئات فعلية) — تُستخدم للتقاطع بالباركود لا كمصدر أول. المصدر المفضّل: كتالوج المصنّع أو كتالوج التجزئة السعودي.
QGAP-00996,الربيع عصير جوافة,Al Rabie guava juice,الربيع,Al Rabie,Al Rabie,PACKAGED,مشروبات,عصائر,guava juice,,KSA,HIGH,P1,MISSING,,OFFICIAL_MANUFACTURER,Al Rabie official product page,,,,,,,,,,NONE,HIGH,الربيع,Al Rabie,تغطية OpenFoodFacts للسوق السعودي ضحلة (١٦٤٩٢ منتجًا إجماليًا، وعمق كل علامة عشرات مقابل مئات فعلية) — تُستخدم للتقاطع بالباركود لا كمصدر أول. المصدر المفضّل: كتالوج المصنّع أو كتالوج التجزئة السعودي.
QGAP-00997,الربيع عصير كوكتيل,Al Rabie cocktail juice,الربيع,Al Rabie,Al Rabie,PACKAGED,مشروبات,عصائر,cocktail juice,,KSA,HIGH,P1,MISSING,,OFFICIAL_MANUFACTURER,Al Rabie official product page,,,,,,,,,,NONE,HIGH,الربيع,Al Rabie,تغطية OpenFoodFacts للسوق السعودي ضحلة (١٦٤٩٢ منتجًا إجماليًا، وعمق كل علامة عشرات مقابل مئات فعلية) — تُستخدم للتقاطع بالباركود لا كمصدر أول. المصدر المفضّل: كتالوج المصنّع أو كتالوج التجزئة السعودي.
QGAP-00998,الربيع عصير ليمون,Al Rabie lemon juice,الربيع,Al Rabie,Al Rabie,PACKAGED,مشروبات,عصائر,lemon juice,,KSA,HIGH,P1,MISSING,,OFFICIAL_MANUFACTURER,Al Rabie official product page,,,,,,,,,,NONE,HIGH,الربيع,Al Rabie,تغطية OpenFoodFacts للسوق السعودي ضحلة (١٦٤٩٢ منتجًا إجماليًا، وعمق كل علامة عشرات مقابل مئات فعلية) — تُستخدم للتقاطع بالباركود لا كمصدر أول. المصدر المفضّل: كتالوج المصنّع أو كتالوج التجزئة السعودي.
QGAP-00999,الربيع حليب بالشوكولاتة,Al Rabie chocolate milk,الربيع,Al Rabie,Al Rabie,PACKAGED,مشروبات,عصائر,chocolate milk,,KSA,HIGH,P1,EXISTS_GENERIC_ONLY,chocolate-milk · حليب بالشوكولاتة,OFFICIAL_MANUFACTURER,Al Rabie official product page,,,,,,,,,,NONE,MEDIUM,الربيع,Al Rabie,تغطية OpenFoodFacts للسوق السعودي ضحلة (١٦٤٩٢ منتجًا إجماليًا، وعمق كل علامة عشرات مقابل مئات فعلية) — تُستخدم للتقاطع بالباركود لا كمصدر أول. المصدر المفضّل: كتالوج المصنّع أو كتالوج التجزئة السعودي.
QGAP-01000,بوك جبن كريمي لايت,Puck light cream cheese,بوك,Puck,Puck,PACKAGED,ألبان,أجبان,light cream cheese,,KSA,VERY_HIGH,P1,EXISTS_GENERIC_ONLY,cream-cheese · جبن كريمي,OFFICIAL_MANUFACTURER,Puck official product page,,,,,,,,,,NONE,MEDIUM,بوك,Puck,تغطية OpenFoodFacts للسوق السعودي ضحلة (١٦٤٩٢ منتجًا إجماليًا، وعمق كل علامة عشرات مقابل مئات فعلية) — تُستخدم للتقاطع بالباركود لا كمصدر أول. المصدر المفضّل: كتالوج المصنّع أو كتالوج التجزئة السعودي.
QGAP-01001,بوك جبن مثلثات,Puck cheese triangles,بوك,Puck,Puck,PACKAGED,ألبان,أجبان,cheese triangles,,KSA,VERY_HIGH,P1,MISSING,,OFFICIAL_MANUFACTURER,Puck official product page,,,,,,,,,,NONE,HIGH,بوك,Puck,تغطية OpenFoodFacts للسوق السعودي ضحلة (١٦٤٩٢ منتجًا إجماليًا، وعمق كل علامة عشرات مقابل مئات فعلية) — تُستخدم للتقاطع بالباركود لا كمصدر أول. المصدر المفضّل: كتالوج المصنّع أو كتالوج التجزئة السعودي.
QGAP-01002,بوك قشطة,Puck cream,بوك,Puck,Puck,PACKAGED,ألبان,أجبان,cream,,KSA,VERY_HIGH,P1,MISSING,,OFFICIAL_MANUFACTURER,Puck official product page,,,,,,,,,,NONE,HIGH,بوك,Puck,تغطية OpenFoodFacts للسوق السعودي ضحلة (١٦٤٩٢ منتجًا إجماليًا، وعمق كل علامة عشرات مقابل مئات فعلية) — تُستخدم للتقاطع بالباركود لا كمصدر أول. المصدر المفضّل: كتالوج المصنّع أو كتالوج التجزئة السعودي.
QGAP-01003,بوك جبن قابل للدهن بالأعشاب,Puck herb cream cheese,بوك,Puck,Puck,PACKAGED,ألبان,أجبان,herb cream cheese,,KSA,VERY_HIGH,P1,EXISTS_GENERIC_ONLY,cream-cheese · جبن كريمي,OFFICIAL_MANUFACTURER,Puck official product page,,,,,,,,,,NONE,MEDIUM,بوك,Puck,تغطية OpenFoodFacts للسوق السعودي ضحلة (١٦٤٩٢ منتجًا إجماليًا، وعمق كل علامة عشرات مقابل مئات فعلية) — تُستخدم للتقاطع بالباركود لا كمصدر أول. المصدر المفضّل: كتالوج المصنّع أو كتالوج التجزئة السعودي.
QGAP-01004,بوك جبن شيدر قابل للدهن,Puck cheddar spread,بوك,Puck,Puck,PACKAGED,ألبان,أجبان,cheddar spread,,KSA,VERY_HIGH,P1,MISSING,,OFFICIAL_MANUFACTURER,Puck official product page,,,,,,,,,,NONE,HIGH,بوك,Puck,تغطية OpenFoodFacts للسوق السعودي ضحلة (١٦٤٩٢ منتجًا إجماليًا، وعمق كل علامة عشرات مقابل مئات فعلية) — تُستخدم للتقاطع بالباركود لا كمصدر أول. المصدر المفضّل: كتالوج المصنّع أو كتالوج التجزئة السعودي.
QGAP-01005,كيري جبن مكعبات,Kiri cheese cubes,كيري,Kiri,Kiri,PACKAGED,ألبان,أجبان,cheese cubes,,KSA,HIGH,P2,EXISTS_GENERIC_ONLY,kiri-cheese · جبن كيري,OFFICIAL_MANUFACTURER,Kiri official product page,,,,,,,,,,NONE,MEDIUM,كيري,Kiri,تغطية OpenFoodFacts للسوق السعودي ضحلة (١٦٤٩٢ منتجًا إجماليًا، وعمق كل علامة عشرات مقابل مئات فعلية) — تُستخدم للتقاطع بالباركود لا كمصدر أول. المصدر المفضّل: كتالوج المصنّع أو كتالوج التجزئة السعودي.
QGAP-01006,كيري جبن قابل للدهن,Kiri spreadable cheese,كيري,Kiri,Kiri,PACKAGED,ألبان,أجبان,spreadable cheese,,KSA,HIGH,P2,MISSING,,OFFICIAL_MANUFACTURER,Kiri official product page,,,,,,,,,,NONE,HIGH,كيري,Kiri,تغطية OpenFoodFacts للسوق السعودي ضحلة (١٦٤٩٢ منتجًا إجماليًا، وعمق كل علامة عشرات مقابل مئات فعلية) — تُستخدم للتقاطع بالباركود لا كمصدر أول. المصدر المفضّل: كتالوج المصنّع أو كتالوج التجزئة السعودي.
QGAP-01007,بريزيدون جبن كممبير,President Camembert,بريزيدون,President,President,PACKAGED,ألبان,أجبان,Camembert,,KSA,HIGH,P2,MISSING,,OFFICIAL_MANUFACTURER,President official product page,,,,,,,,,,NONE,HIGH,بريزيدون,President,تغطية OpenFoodFacts للسوق السعودي ضحلة (١٦٤٩٢ منتجًا إجماليًا، وعمق كل علامة عشرات مقابل مئات فعلية) — تُستخدم للتقاطع بالباركود لا كمصدر أول. المصدر المفضّل: كتالوج المصنّع أو كتالوج التجزئة السعودي.
QGAP-01008,بريزيدون جبن بري,President Brie,بريزيدون,President,President,PACKAGED,ألبان,أجبان,Brie,,KSA,HIGH,P2,MISSING,,OFFICIAL_MANUFACTURER,President official product page,,,,,,,,,,NONE,HIGH,بريزيدون,President,تغطية OpenFoodFacts للسوق السعودي ضحلة (١٦٤٩٢ منتجًا إجماليًا، وعمق كل علامة عشرات مقابل مئات فعلية) — تُستخدم للتقاطع بالباركود لا كمصدر أول. المصدر المفضّل: كتالوج المصنّع أو كتالوج التجزئة السعودي.
QGAP-01009,بريزيدون جبن موزاريلا,President mozzarella,بريزيدون,President,President,PACKAGED,ألبان,أجبان,mozzarella,,KSA,HIGH,P2,MISSING,,OFFICIAL_MANUFACTURER,President official product page,,,,,,,,,,NONE,HIGH,بريزيدون,President,تغطية OpenFoodFacts للسوق السعودي ضحلة (١٦٤٩٢ منتجًا إجماليًا، وعمق كل علامة عشرات مقابل مئات فعلية) — تُستخدم للتقاطع بالباركود لا كمصدر أول. المصدر المفضّل: كتالوج المصنّع أو كتالوج التجزئة السعودي.
QGAP-01010,بريزيدون زبدة,President butter,بريزيدون,President,President,PACKAGED,ألبان,أجبان,butter,,KSA,HIGH,P2,MISSING,,OFFICIAL_MANUFACTURER,President official product page,,,,,,,,,,NONE,HIGH,بريزيدون,President,تغطية OpenFoodFacts للسوق السعودي ضحلة (١٦٤٩٢ منتجًا إجماليًا، وعمق كل علامة عشرات مقابل مئات فعلية) — تُستخدم للتقاطع بالباركود لا كمصدر أول. المصدر المفضّل: كتالوج المصنّع أو كتالوج التجزئة السعودي.
QGAP-01011,بريزيدون جبن فيتا,President feta,بريزيدون,President,President,PACKAGED,ألبان,أجبان,feta,,KSA,HIGH,P2,EXISTS_GENERIC_ONLY,feta-cheese · جبن فيتا,OFFICIAL_MANUFACTURER,President official product page,,,,,,,,,,NONE,MEDIUM,بريزيدون,President,تغطية OpenFoodFacts للسوق السعودي ضحلة (١٦٤٩٢ منتجًا إجماليًا، وعمق كل علامة عشرات مقابل مئات فعلية) — تُستخدم للتقاطع بالباركود لا كمصدر أول. المصدر المفضّل: كتالوج المصنّع أو كتالوج التجزئة السعودي.
QGAP-01012,بريزيدون جبن شيدر شرائح,President cheddar slices,بريزيدون,President,President,PACKAGED,ألبان,أجبان,cheddar slices,,KSA,HIGH,P2,MISSING,,OFFICIAL_MANUFACTURER,President official product page,,,,,,,,,,NONE,HIGH,بريزيدون,President,تغطية OpenFoodFacts للسوق السعودي ضحلة (١٦٤٩٢ منتجًا إجماليًا، وعمق كل علامة عشرات مقابل مئات فعلية) — تُستخدم للتقاطع بالباركود لا كمصدر أول. المصدر المفضّل: كتالوج المصنّع أو كتالوج التجزئة السعودي.
QGAP-01013,لورباك زبدة مملحة,Lurpak salted butter,لورباك,Lurpak,Lurpak,PACKAGED,ألبان,زبدة,salted butter,,KSA,HIGH,P2,MISSING,,OFFICIAL_MANUFACTURER,Lurpak official product page,,,,,,,,,,NONE,HIGH,لورباك,Lurpak,تغطية OpenFoodFacts للسوق السعودي ضحلة (١٦٤٩٢ منتجًا إجماليًا، وعمق كل علامة عشرات مقابل مئات فعلية) — تُستخدم للتقاطع بالباركود لا كمصدر أول. المصدر المفضّل: كتالوج المصنّع أو كتالوج التجزئة السعودي.
QGAP-01014,لورباك زبدة غير مملحة,Lurpak unsalted butter,لورباك,Lurpak,Lurpak,PACKAGED,ألبان,زبدة,unsalted butter,,KSA,HIGH,P2,MISSING,,OFFICIAL_MANUFACTURER,Lurpak official product page,,,,,,,,,,NONE,HIGH,لورباك,Lurpak,تغطية OpenFoodFacts للسوق السعودي ضحلة (١٦٤٩٢ منتجًا إجماليًا، وعمق كل علامة عشرات مقابل مئات فعلية) — تُستخدم للتقاطع بالباركود لا كمصدر أول. المصدر المفضّل: كتالوج المصنّع أو كتالوج التجزئة السعودي.
QGAP-01015,لورباك زبدة قابلة للدهن,Lurpak spreadable butter,لورباك,Lurpak,Lurpak,PACKAGED,ألبان,زبدة,spreadable butter,,KSA,HIGH,P2,MISSING,,OFFICIAL_MANUFACTURER,Lurpak official product page,,,,,,,,,,NONE,HIGH,لورباك,Lurpak,تغطية OpenFoodFacts للسوق السعودي ضحلة (١٦٤٩٢ منتجًا إجماليًا، وعمق كل علامة عشرات مقابل مئات فعلية) — تُستخدم للتقاطع بالباركود لا كمصدر أول. المصدر المفضّل: كتالوج المصنّع أو كتالوج التجزئة السعودي.
QGAP-01016,أنكور زبدة,Anchor butter,أنكور,Anchor,Anchor,PACKAGED,ألبان,ألبان,butter,,KSA,MEDIUM,P2,EXISTS_GENERIC_ONLY,butter · زبدة,OFFICIAL_MANUFACTURER,Anchor official product page,,,,,,,,,,NONE,MEDIUM,أنكور,Anchor,تغطية OpenFoodFacts للسوق السعودي ضحلة (١٦٤٩٢ منتجًا إجماليًا، وعمق كل علامة عشرات مقابل مئات فعلية) — تُستخدم للتقاطع بالباركود لا كمصدر أول. المصدر المفضّل: كتالوج المصنّع أو كتالوج التجزئة السعودي.
QGAP-01017,أنكور حليب بودرة,Anchor milk powder,أنكور,Anchor,Anchor,PACKAGED,ألبان,ألبان,milk powder,,KSA,MEDIUM,P2,MISSING,,OFFICIAL_MANUFACTURER,Anchor official product page,,,,,,,,,,NONE,HIGH,أنكور,Anchor,تغطية OpenFoodFacts للسوق السعودي ضحلة (١٦٤٩٢ منتجًا إجماليًا، وعمق كل علامة عشرات مقابل مئات فعلية) — تُستخدم للتقاطع بالباركود لا كمصدر أول. المصدر المفضّل: كتالوج المصنّع أو كتالوج التجزئة السعودي.
QGAP-01018,أنكور قشطة,Anchor cream,أنكور,Anchor,Anchor,PACKAGED,ألبان,ألبان,cream,,KSA,MEDIUM,P2,MISSING,,OFFICIAL_MANUFACTURER,Anchor official product page,,,,,,,,,,NONE,HIGH,أنكور,Anchor,تغطية OpenFoodFacts للسوق السعودي ضحلة (١٦٤٩٢ منتجًا إجماليًا، وعمق كل علامة عشرات مقابل مئات فعلية) — تُستخدم للتقاطع بالباركود لا كمصدر أول. المصدر المفضّل: كتالوج المصنّع أو كتالوج التجزئة السعودي.
QGAP-01019,راني فلوت برتقال,Rani Float orange,راني,Rani,Rani,PACKAGED,مشروبات,عصائر,Float orange,,KSA,VERY_HIGH,P1,MISSING,,OFFICIAL_MANUFACTURER,Rani official product page,,,,,,,,,,NONE,HIGH,راني,Rani,تغطية OpenFoodFacts للسوق السعودي ضحلة (١٦٤٩٢ منتجًا إجماليًا، وعمق كل علامة عشرات مقابل مئات فعلية) — تُستخدم للتقاطع بالباركود لا كمصدر أول. المصدر المفضّل: كتالوج المصنّع أو كتالوج التجزئة السعودي.
QGAP-01020,راني فلوت مانجو,Rani Float mango,راني,Rani,Rani,PACKAGED,مشروبات,عصائر,Float mango,,KSA,VERY_HIGH,P1,MISSING,,OFFICIAL_MANUFACTURER,Rani official product page,,,,,,,,,,NONE,HIGH,راني,Rani,تغطية OpenFoodFacts للسوق السعودي ضحلة (١٦٤٩٢ منتجًا إجماليًا، وعمق كل علامة عشرات مقابل مئات فعلية) — تُستخدم للتقاطع بالباركود لا كمصدر أول. المصدر المفضّل: كتالوج المصنّع أو كتالوج التجزئة السعودي.
QGAP-01021,راني فلوت فراولة,Rani Float strawberry,راني,Rani,Rani,PACKAGED,مشروبات,عصائر,Float strawberry,,KSA,VERY_HIGH,P1,MISSING,,OFFICIAL_MANUFACTURER,Rani official product page,,,,,,,,,,NONE,HIGH,راني,Rani,تغطية OpenFoodFacts للسوق السعودي ضحلة (١٦٤٩٢ منتجًا إجماليًا، وعمق كل علامة عشرات مقابل مئات فعلية) — تُستخدم للتقاطع بالباركود لا كمصدر أول. المصدر المفضّل: كتالوج المصنّع أو كتالوج التجزئة السعودي.
QGAP-01022,راني فلوت أناناس,Rani Float pineapple,راني,Rani,Rani,PACKAGED,مشروبات,عصائر,Float pineapple,,KSA,VERY_HIGH,P1,EXISTS_GENERIC_ONLY,pineapple · أناناس,OFFICIAL_MANUFACTURER,Rani official product page,,,,,,,,,,NONE,MEDIUM,راني,Rani,تغطية OpenFoodFacts للسوق السعودي ضحلة (١٦٤٩٢ منتجًا إجماليًا، وعمق كل علامة عشرات مقابل مئات فعلية) — تُستخدم للتقاطع بالباركود لا كمصدر أول. المصدر المفضّل: كتالوج المصنّع أو كتالوج التجزئة السعودي.
QGAP-01023,راني فلوت تفاح,Rani Float apple,راني,Rani,Rani,PACKAGED,مشروبات,عصائر,Float apple,,KSA,VERY_HIGH,P1,MISSING,,OFFICIAL_MANUFACTURER,Rani official product page,,,,,,,,,,NONE,HIGH,راني,Rani,تغطية OpenFoodFacts للسوق السعودي ضحلة (١٦٤٩٢ منتجًا إجماليًا، وعمق كل علامة عشرات مقابل مئات فعلية) — تُستخدم للتقاطع بالباركود لا كمصدر أول. المصدر المفضّل: كتالوج المصنّع أو كتالوج التجزئة السعودي.
QGAP-01024,راني فلوت كوكتيل,Rani Float cocktail,راني,Rani,Rani,PACKAGED,مشروبات,عصائر,Float cocktail,,KSA,VERY_HIGH,P1,MISSING,,OFFICIAL_MANUFACTURER,Rani official product page,,,,,,,,,,NONE,HIGH,راني,Rani,تغطية OpenFoodFacts للسوق السعودي ضحلة (١٦٤٩٢ منتجًا إجماليًا، وعمق كل علامة عشرات مقابل مئات فعلية) — تُستخدم للتقاطع بالباركود لا كمصدر أول. المصدر المفضّل: كتالوج المصنّع أو كتالوج التجزئة السعودي.
QGAP-01025,صن توب برتقال,Suntop orange,صن توب,Suntop,Suntop,PACKAGED,مشروبات,عصائر,orange,,KSA,HIGH,P1,EXISTS_GENERIC_ONLY,orange · برتقال,OFFICIAL_MANUFACTURER,Suntop official product page,,,,,,,,,,NONE,MEDIUM,صن توب,Suntop,تغطية OpenFoodFacts للسوق السعودي ضحلة (١٦٤٩٢ منتجًا إجماليًا، وعمق كل علامة عشرات مقابل مئات فعلية) — تُستخدم للتقاطع بالباركود لا كمصدر أول. المصدر المفضّل: كتالوج المصنّع أو كتالوج التجزئة السعودي.
QGAP-01026,صن توب مانجو,Suntop mango,صن توب,Suntop,Suntop,PACKAGED,مشروبات,عصائر,mango,,KSA,HIGH,P1,EXISTS_GENERIC_ONLY,mango · مانجو,OFFICIAL_MANUFACTURER,Suntop official product page,,,,,,,,,,NONE,MEDIUM,صن توب,Suntop,تغطية OpenFoodFacts للسوق السعودي ضحلة (١٦٤٩٢ منتجًا إجماليًا، وعمق كل علامة عشرات مقابل مئات فعلية) — تُستخدم للتقاطع بالباركود لا كمصدر أول. المصدر المفضّل: كتالوج المصنّع أو كتالوج التجزئة السعودي.
QGAP-01027,صن توب تفاح,Suntop apple,صن توب,Suntop,Suntop,PACKAGED,مشروبات,عصائر,apple,,KSA,HIGH,P1,EXISTS_GENERIC_ONLY,apple · تفاح,OFFICIAL_MANUFACTURER,Suntop official product page,,,,,,,,,,NONE,MEDIUM,صن توب,Suntop,تغطية OpenFoodFacts للسوق السعودي ضحلة (١٦٤٩٢ منتجًا إجماليًا، وعمق كل علامة عشرات مقابل مئات فعلية) — تُستخدم للتقاطع بالباركود لا كمصدر أول. المصدر المفضّل: كتالوج المصنّع أو كتالوج التجزئة السعودي.
QGAP-01028,صن توب كوكتيل,Suntop cocktail,صن توب,Suntop,Suntop,PACKAGED,مشروبات,عصائر,cocktail,,KSA,HIGH,P1,MISSING,,OFFICIAL_MANUFACTURER,Suntop official product page,,,,,,,,,,NONE,HIGH,صن توب,Suntop,تغطية OpenFoodFacts للسوق السعودي ضحلة (١٦٤٩٢ منتجًا إجماليًا، وعمق كل علامة عشرات مقابل مئات فعلية) — تُستخدم للتقاطع بالباركود لا كمصدر أول. المصدر المفضّل: كتالوج المصنّع أو كتالوج التجزئة السعودي.
QGAP-01029,صن توب فراولة,Suntop strawberry,صن توب,Suntop,Suntop,PACKAGED,مشروبات,عصائر,strawberry,,KSA,HIGH,P1,EXISTS_GENERIC_ONLY,strawberry · فراولة,OFFICIAL_MANUFACTURER,Suntop official product page,,,,,,,,,,NONE,MEDIUM,صن توب,Suntop,تغطية OpenFoodFacts للسوق السعودي ضحلة (١٦٤٩٢ منتجًا إجماليًا، وعمق كل علامة عشرات مقابل مئات فعلية) — تُستخدم للتقاطع بالباركود لا كمصدر أول. المصدر المفضّل: كتالوج المصنّع أو كتالوج التجزئة السعودي.
QGAP-01030,لوزين خبز توست أبيض,L'usine white toast bread,لوزين,L'usine,L'usine,PACKAGED,فطور,مخبوزات,white toast bread,,KSA,VERY_HIGH,P0,EXISTS_GENERIC_ONLY,white-toast · خبز توست أبيض,OFFICIAL_LOCAL,Saudi retailer catalogue (Panda/Othaim/Tamimi/Nana) + barcode,,,,,,,,,,NONE,MEDIUM,لوزين,L'usine,تغطية OpenFoodFacts للسوق السعودي ضحلة (١٦٤٩٢ منتجًا إجماليًا، وعمق كل علامة عشرات مقابل مئات فعلية) — تُستخدم للتقاطع بالباركود لا كمصدر أول. المصدر المفضّل: كتالوج المصنّع أو كتالوج التجزئة السعودي.
QGAP-01031,لوزين خبز توست بر,L'usine brown toast bread,لوزين,L'usine,L'usine,PACKAGED,فطور,مخبوزات,brown toast bread,,KSA,VERY_HIGH,P0,MISSING,,OFFICIAL_LOCAL,Saudi retailer catalogue (Panda/Othaim/Tamimi/Nana) + barcode,,,,,,,,,,NONE,HIGH,لوزين,L'usine,تغطية OpenFoodFacts للسوق السعودي ضحلة (١٦٤٩٢ منتجًا إجماليًا، وعمق كل علامة عشرات مقابل مئات فعلية) — تُستخدم للتقاطع بالباركود لا كمصدر أول. المصدر المفضّل: كتالوج المصنّع أو كتالوج التجزئة السعودي.
QGAP-01032,لوزين خبز برجر,L'usine burger buns,لوزين,L'usine,L'usine,PACKAGED,فطور,مخبوزات,burger buns,,KSA,VERY_HIGH,P0,MISSING,,OFFICIAL_LOCAL,Saudi retailer catalogue (Panda/Othaim/Tamimi/Nana) + barcode,,,,,,,,,,NONE,HIGH,لوزين,L'usine,تغطية OpenFoodFacts للسوق السعودي ضحلة (١٦٤٩٢ منتجًا إجماليًا، وعمق كل علامة عشرات مقابل مئات فعلية) — تُستخدم للتقاطع بالباركود لا كمصدر أول. المصدر المفضّل: كتالوج المصنّع أو كتالوج التجزئة السعودي.
QGAP-01033,لوزين خبز هوت دوج,L'usine hot dog buns,لوزين,L'usine,L'usine,PACKAGED,فطور,مخبوزات,hot dog buns,,KSA,VERY_HIGH,P0,MISSING,,OFFICIAL_LOCAL,Saudi retailer catalogue (Panda/Othaim/Tamimi/Nana) + barcode,,,,,,,,,,NONE,HIGH,لوزين,L'usine,تغطية OpenFoodFacts للسوق السعودي ضحلة (١٦٤٩٢ منتجًا إجماليًا، وعمق كل علامة عشرات مقابل مئات فعلية) — تُستخدم للتقاطع بالباركود لا كمصدر أول. المصدر المفضّل: كتالوج المصنّع أو كتالوج التجزئة السعودي.
QGAP-01034,لوزين كرواسون بالزبدة,L'usine butter croissant,لوزين,L'usine,L'usine,PACKAGED,فطور,مخبوزات,butter croissant,,KSA,VERY_HIGH,P0,MISSING,,OFFICIAL_LOCAL,Saudi retailer catalogue (Panda/Othaim/Tamimi/Nana) + barcode,,,,,,,,,,NONE,HIGH,لوزين,L'usine,تغطية OpenFoodFacts للسوق السعودي ضحلة (١٦٤٩٢ منتجًا إجماليًا، وعمق كل علامة عشرات مقابل مئات فعلية) — تُستخدم للتقاطع بالباركود لا كمصدر أول. المصدر المفضّل: كتالوج المصنّع أو كتالوج التجزئة السعودي.
QGAP-01035,لوزين كرواسون بالشوكولاتة,L'usine chocolate croissant,لوزين,L'usine,L'usine,PACKAGED,فطور,مخبوزات,chocolate croissant,,KSA,VERY_HIGH,P0,MISSING,,OFFICIAL_LOCAL,Saudi retailer catalogue (Panda/Othaim/Tamimi/Nana) + barcode,,,,,,,,,,NONE,HIGH,لوزين,L'usine,تغطية OpenFoodFacts للسوق السعودي ضحلة (١٦٤٩٢ منتجًا إجماليًا، وعمق كل علامة عشرات مقابل مئات فعلية) — تُستخدم للتقاطع بالباركود لا كمصدر أول. المصدر المفضّل: كتالوج المصنّع أو كتالوج التجزئة السعودي.
QGAP-01036,لوزين كرواسون بالجبن,L'usine cheese croissant,لوزين,L'usine,L'usine,PACKAGED,فطور,مخبوزات,cheese croissant,,KSA,VERY_HIGH,P0,MISSING,,OFFICIAL_LOCAL,Saudi retailer catalogue (Panda/Othaim/Tamimi/Nana) + barcode,,,,,,,,,,NONE,HIGH,لوزين,L'usine,تغطية OpenFoodFacts للسوق السعودي ضحلة (١٦٤٩٢ منتجًا إجماليًا، وعمق كل علامة عشرات مقابل مئات فعلية) — تُستخدم للتقاطع بالباركود لا كمصدر أول. المصدر المفضّل: كتالوج المصنّع أو كتالوج التجزئة السعودي.
QGAP-01037,لوزين كيك بالشوكولاتة,L'usine chocolate cake,لوزين,L'usine,L'usine,PACKAGED,فطور,مخبوزات,chocolate cake,,KSA,VERY_HIGH,P0,MISSING,,OFFICIAL_LOCAL,Saudi retailer catalogue (Panda/Othaim/Tamimi/Nana) + barcode,,,,,,,,,,NONE,HIGH,لوزين,L'usine,تغطية OpenFoodFacts للسوق السعودي ضحلة (١٦٤٩٢ منتجًا إجماليًا، وعمق كل علامة عشرات مقابل مئات فعلية) — تُستخدم للتقاطع بالباركود لا كمصدر أول. المصدر المفضّل: كتالوج المصنّع أو كتالوج التجزئة السعودي.
QGAP-01038,لوزين مافن,L'usine muffin,لوزين,L'usine,L'usine,PACKAGED,فطور,مخبوزات,muffin,,KSA,VERY_HIGH,P0,MISSING,,OFFICIAL_LOCAL,Saudi retailer catalogue (Panda/Othaim/Tamimi/Nana) + barcode,,,,,,,,,,NONE,HIGH,لوزين,L'usine,تغطية OpenFoodFacts للسوق السعودي ضحلة (١٦٤٩٢ منتجًا إجماليًا، وعمق كل علامة عشرات مقابل مئات فعلية) — تُستخدم للتقاطع بالباركود لا كمصدر أول. المصدر المفضّل: كتالوج المصنّع أو كتالوج التجزئة السعودي.
QGAP-01039,لوزين دونات,L'usine donut,لوزين,L'usine,L'usine,PACKAGED,فطور,مخبوزات,donut,,KSA,VERY_HIGH,P0,MISSING,,OFFICIAL_LOCAL,Saudi retailer catalogue (Panda/Othaim/Tamimi/Nana) + barcode,,,,,,,,,,NONE,HIGH,لوزين,L'usine,تغطية OpenFoodFacts للسوق السعودي ضحلة (١٦٤٩٢ منتجًا إجماليًا، وعمق كل علامة عشرات مقابل مئات فعلية) — تُستخدم للتقاطع بالباركود لا كمصدر أول. المصدر المفضّل: كتالوج المصنّع أو كتالوج التجزئة السعودي.
QGAP-01040,لوزين باي التفاح,L'usine apple pie,لوزين,L'usine,L'usine,PACKAGED,فطور,مخبوزات,apple pie,,KSA,VERY_HIGH,P0,MISSING,,OFFICIAL_LOCAL,Saudi retailer catalogue (Panda/Othaim/Tamimi/Nana) + barcode,,,,,,,,,,NONE,HIGH,لوزين,L'usine,تغطية OpenFoodFacts للسوق السعودي ضحلة (١٦٤٩٢ منتجًا إجماليًا، وعمق كل علامة عشرات مقابل مئات فعلية) — تُستخدم للتقاطع بالباركود لا كمصدر أول. المصدر المفضّل: كتالوج المصنّع أو كتالوج التجزئة السعودي.
QGAP-01041,لوزين صمولي,L'usine samoli bread,لوزين,L'usine,L'usine,PACKAGED,فطور,مخبوزات,samoli bread,,KSA,VERY_HIGH,P0,EXISTS_GENERIC_ONLY,gcc-31 · صمولي,OFFICIAL_LOCAL,Saudi retailer catalogue (Panda/Othaim/Tamimi/Nana) + barcode,,,,,,,,,,NONE,MEDIUM,لوزين,L'usine,تغطية OpenFoodFacts للسوق السعودي ضحلة (١٦٤٩٢ منتجًا إجماليًا، وعمق كل علامة عشرات مقابل مئات فعلية) — تُستخدم للتقاطع بالباركود لا كمصدر أول. المصدر المفضّل: كتالوج المصنّع أو كتالوج التجزئة السعودي.
QGAP-01042,لوزين خبز عربي,L'usine Arabic bread,لوزين,L'usine,L'usine,PACKAGED,فطور,مخبوزات,Arabic bread,,KSA,VERY_HIGH,P0,MISSING,,OFFICIAL_LOCAL,Saudi retailer catalogue (Panda/Othaim/Tamimi/Nana) + barcode,,,,,,,,,,NONE,HIGH,لوزين,L'usine,تغطية OpenFoodFacts للسوق السعودي ضحلة (١٦٤٩٢ منتجًا إجماليًا، وعمق كل علامة عشرات مقابل مئات فعلية) — تُستخدم للتقاطع بالباركود لا كمصدر أول. المصدر المفضّل: كتالوج المصنّع أو كتالوج التجزئة السعودي.
QGAP-01043,لوزين بان كيك,L'usine pancakes,لوزين,L'usine,L'usine,PACKAGED,فطور,مخبوزات,pancakes,,KSA,VERY_HIGH,P0,EXISTS_GENERIC_ONLY,pancakes · بان كيك,OFFICIAL_LOCAL,Saudi retailer catalogue (Panda/Othaim/Tamimi/Nana) + barcode,,,,,,,,,,NONE,MEDIUM,لوزين,L'usine,تغطية OpenFoodFacts للسوق السعودي ضحلة (١٦٤٩٢ منتجًا إجماليًا، وعمق كل علامة عشرات مقابل مئات فعلية) — تُستخدم للتقاطع بالباركود لا كمصدر أول. المصدر المفضّل: كتالوج المصنّع أو كتالوج التجزئة السعودي.
QGAP-01044,لوزين رول بالقرفة,L'usine cinnamon roll,لوزين,L'usine,L'usine,PACKAGED,فطور,مخبوزات,cinnamon roll,,KSA,VERY_HIGH,P0,MISSING,,OFFICIAL_LOCAL,Saudi retailer catalogue (Panda/Othaim/Tamimi/Nana) + barcode,,,,,,,,,,NONE,HIGH,لوزين,L'usine,تغطية OpenFoodFacts للسوق السعودي ضحلة (١٦٤٩٢ منتجًا إجماليًا، وعمق كل علامة عشرات مقابل مئات فعلية) — تُستخدم للتقاطع بالباركود لا كمصدر أول. المصدر المفضّل: كتالوج المصنّع أو كتالوج التجزئة السعودي.
QGAP-01045,قودي زبدة فول سوداني بالقطع,Goody crunchy peanut butter,قودي,Goody,Goody,PACKAGED,أطعمة معلبة,معلبات ومربى,crunchy peanut butter,,KSA,HIGH,P1,EXISTS_GENERIC_ONLY,peanut-butter · زبدة فول سوداني,OFFICIAL_LOCAL,Saudi retailer catalogue (Panda/Othaim/Tamimi/Nana) + barcode,,,,,,,,,,NONE,MEDIUM,قودي,Goody,تغطية OpenFoodFacts للسوق السعودي ضحلة (١٦٤٩٢ منتجًا إجماليًا، وعمق كل علامة عشرات مقابل مئات فعلية) — تُستخدم للتقاطع بالباركود لا كمصدر أول. المصدر المفضّل: كتالوج المصنّع أو كتالوج التجزئة السعودي.
QGAP-01046,قودي مربى فراولة,Goody strawberry jam,قودي,Goody,Goody,PACKAGED,أطعمة معلبة,معلبات ومربى,strawberry jam,,KSA,HIGH,P1,MISSING,,OFFICIAL_LOCAL,Saudi retailer catalogue (Panda/Othaim/Tamimi/Nana) + barcode,,,,,,,,,,NONE,HIGH,قودي,Goody,تغطية OpenFoodFacts للسوق السعودي ضحلة (١٦٤٩٢ منتجًا إجماليًا، وعمق كل علامة عشرات مقابل مئات فعلية) — تُستخدم للتقاطع بالباركود لا كمصدر أول. المصدر المفضّل: كتالوج المصنّع أو كتالوج التجزئة السعودي.
QGAP-01047,قودي مربى مشمش,Goody apricot jam,قودي,Goody,Goody,PACKAGED,أطعمة معلبة,معلبات ومربى,apricot jam,,KSA,HIGH,P1,MISSING,,OFFICIAL_LOCAL,Saudi retailer catalogue (Panda/Othaim/Tamimi/Nana) + barcode,,,,,,,,,,NONE,HIGH,قودي,Goody,تغطية OpenFoodFacts للسوق السعودي ضحلة (١٦٤٩٢ منتجًا إجماليًا، وعمق كل علامة عشرات مقابل مئات فعلية) — تُستخدم للتقاطع بالباركود لا كمصدر أول. المصدر المفضّل: كتالوج المصنّع أو كتالوج التجزئة السعودي.
QGAP-01048,قودي عسل,Goody honey,قودي,Goody,Goody,PACKAGED,أطعمة معلبة,معلبات ومربى,honey,,KSA,HIGH,P1,MISSING,,OFFICIAL_LOCAL,Saudi retailer catalogue (Panda/Othaim/Tamimi/Nana) + barcode,,,,,,,,,,NONE,HIGH,قودي,Goody,تغطية OpenFoodFacts للسوق السعودي ضحلة (١٦٤٩٢ منتجًا إجماليًا، وعمق كل علامة عشرات مقابل مئات فعلية) — تُستخدم للتقاطع بالباركود لا كمصدر أول. المصدر المفضّل: كتالوج المصنّع أو كتالوج التجزئة السعودي.
QGAP-01049,قودي تونة بالزيت,Goody tuna in oil,قودي,Goody,Goody,PACKAGED,أطعمة معلبة,معلبات ومربى,tuna in oil,,KSA,HIGH,P1,EXISTS_GENERIC_ONLY,tuna-oil · تونة بالزيت,OFFICIAL_LOCAL,Saudi retailer catalogue (Panda/Othaim/Tamimi/Nana) + barcode,,,,,,,,,,NONE,MEDIUM,قودي,Goody,تغطية OpenFoodFacts للسوق السعودي ضحلة (١٦٤٩٢ منتجًا إجماليًا، وعمق كل علامة عشرات مقابل مئات فعلية) — تُستخدم للتقاطع بالباركود لا كمصدر أول. المصدر المفضّل: كتالوج المصنّع أو كتالوج التجزئة السعودي.
QGAP-01050,قودي تونة بالماء,Goody tuna in water,قودي,Goody,Goody,PACKAGED,أطعمة معلبة,معلبات ومربى,tuna in water,,KSA,HIGH,P1,MISSING,,OFFICIAL_LOCAL,Saudi retailer catalogue (Panda/Othaim/Tamimi/Nana) + barcode,,,,,,,,,,NONE,HIGH,قودي,Goody,تغطية OpenFoodFacts للسوق السعودي ضحلة (١٦٤٩٢ منتجًا إجماليًا، وعمق كل علامة عشرات مقابل مئات فعلية) — تُستخدم للتقاطع بالباركود لا كمصدر أول. المصدر المفضّل: كتالوج المصنّع أو كتالوج التجزئة السعودي.
QGAP-01051,قودي ذرة معلبة,Goody canned corn,قودي,Goody,Goody,PACKAGED,أطعمة معلبة,معلبات ومربى,canned corn,,KSA,HIGH,P1,MISSING,,OFFICIAL_LOCAL,Saudi retailer catalogue (Panda/Othaim/Tamimi/Nana) + barcode,,,,,,,,,,NONE,HIGH,قودي,Goody,تغطية OpenFoodFacts للسوق السعودي ضحلة (١٦٤٩٢ منتجًا إجماليًا، وعمق كل علامة عشرات مقابل مئات فعلية) — تُستخدم للتقاطع بالباركود لا كمصدر أول. المصدر المفضّل: كتالوج المصنّع أو كتالوج التجزئة السعودي.
QGAP-01052,قودي فول مدمس معلب,Goody canned foul,قودي,Goody,Goody,PACKAGED,أطعمة معلبة,معلبات ومربى,canned foul,,KSA,HIGH,P1,EXISTS_GENERIC_ONLY,foul-mudammas · فول مدمس,OFFICIAL_LOCAL,Saudi retailer catalogue (Panda/Othaim/Tamimi/Nana) + barcode,,,,,,,,,,NONE,MEDIUM,قودي,Goody,تغطية OpenFoodFacts للسوق السعودي ضحلة (١٦٤٩٢ منتجًا إجماليًا، وعمق كل علامة عشرات مقابل مئات فعلية) — تُستخدم للتقاطع بالباركود لا كمصدر أول. المصدر المفضّل: كتالوج المصنّع أو كتالوج التجزئة السعودي.
QGAP-01053,قودي حمص معلب,Goody canned chickpeas,قودي,Goody,Goody,PACKAGED,أطعمة معلبة,معلبات ومربى,canned chickpeas,,KSA,HIGH,P1,MISSING,,OFFICIAL_LOCAL,Saudi retailer catalogue (Panda/Othaim/Tamimi/Nana) + barcode,,,,,,,,,,NONE,HIGH,قودي,Goody,تغطية OpenFoodFacts للسوق السعودي ضحلة (١٦٤٩٢ منتجًا إجماليًا، وعمق كل علامة عشرات مقابل مئات فعلية) — تُستخدم للتقاطع بالباركود لا كمصدر أول. المصدر المفضّل: كتالوج المصنّع أو كتالوج التجزئة السعودي.
QGAP-01054,قودي صلصة معكرونة,Goody pasta sauce,قودي,Goody,Goody,PACKAGED,أطعمة معلبة,معلبات ومربى,pasta sauce,,KSA,HIGH,P1,MISSING,,OFFICIAL_LOCAL,Saudi retailer catalogue (Panda/Othaim/Tamimi/Nana) + barcode,,,,,,,,,,NONE,HIGH,قودي,Goody,تغطية OpenFoodFacts للسوق السعودي ضحلة (١٦٤٩٢ منتجًا إجماليًا، وعمق كل علامة عشرات مقابل مئات فعلية) — تُستخدم للتقاطع بالباركود لا كمصدر أول. المصدر المفضّل: كتالوج المصنّع أو كتالوج التجزئة السعودي.
QGAP-01055,قودي مايونيز,Goody mayonnaise,قودي,Goody,Goody,PACKAGED,أطعمة معلبة,معلبات ومربى,mayonnaise,,KSA,HIGH,P1,MISSING,,OFFICIAL_LOCAL,Saudi retailer catalogue (Panda/Othaim/Tamimi/Nana) + barcode,,,,,,,,,,NONE,HIGH,قودي,Goody,تغطية OpenFoodFacts للسوق السعودي ضحلة (١٦٤٩٢ منتجًا إجماليًا، وعمق كل علامة عشرات مقابل مئات فعلية) — تُستخدم للتقاطع بالباركود لا كمصدر أول. المصدر المفضّل: كتالوج المصنّع أو كتالوج التجزئة السعودي.
QGAP-01056,قودي كاتشب,Goody ketchup,قودي,Goody,Goody,PACKAGED,أطعمة معلبة,معلبات ومربى,ketchup,,KSA,HIGH,P1,MISSING,,OFFICIAL_LOCAL,Saudi retailer catalogue (Panda/Othaim/Tamimi/Nana) + barcode,,,,,,,,,,NONE,HIGH,قودي,Goody,تغطية OpenFoodFacts للسوق السعودي ضحلة (١٦٤٩٢ منتجًا إجماليًا، وعمق كل علامة عشرات مقابل مئات فعلية) — تُستخدم للتقاطع بالباركود لا كمصدر أول. المصدر المفضّل: كتالوج المصنّع أو كتالوج التجزئة السعودي.
QGAP-01057,حلواني إخوان حلاوة طحينية سادة,Halwani Bros plain tahini halawa,حلواني إخوان,Halwani Bros,Halwani Bros,PACKAGED,حلويات,حلويات ومعجنات,plain tahini halawa,,KSA,HIGH,P1,MISSING,,OFFICIAL_LOCAL,Saudi retailer catalogue (Panda/Othaim/Tamimi/Nana) + barcode,,,,,,,,,,NONE,HIGH,حلواني إخوان,Halwani Bros,تغطية OpenFoodFacts للسوق السعودي ضحلة (١٦٤٩٢ منتجًا إجماليًا، وعمق كل علامة عشرات مقابل مئات فعلية) — تُستخدم للتقاطع بالباركود لا كمصدر أول. المصدر المفضّل: كتالوج المصنّع أو كتالوج التجزئة السعودي.
QGAP-01058,حلواني إخوان حلاوة طحينية بالفستق,Halwani Bros pistachio halawa,حلواني إخوان,Halwani Bros,Halwani Bros,PACKAGED,حلويات,حلويات ومعجنات,pistachio halawa,,KSA,HIGH,P1,MISSING,,OFFICIAL_LOCAL,Saudi retailer catalogue (Panda/Othaim/Tamimi/Nana) + barcode,,,,,,,,,,NONE,HIGH,حلواني إخوان,Halwani Bros,تغطية OpenFoodFacts للسوق السعودي ضحلة (١٦٤٩٢ منتجًا إجماليًا، وعمق كل علامة عشرات مقابل مئات فعلية) — تُستخدم للتقاطع بالباركود لا كمصدر أول. المصدر المفضّل: كتالوج المصنّع أو كتالوج التجزئة السعودي.
QGAP-01059,حلواني إخوان معمول تمر,Halwani Bros date maamoul,حلواني إخوان,Halwani Bros,Halwani Bros,PACKAGED,حلويات,حلويات ومعجنات,date maamoul,,KSA,HIGH,P1,MISSING,,OFFICIAL_LOCAL,Saudi retailer catalogue (Panda/Othaim/Tamimi/Nana) + barcode,,,,,,,,,,NONE,HIGH,حلواني إخوان,Halwani Bros,تغطية OpenFoodFacts للسوق السعودي ضحلة (١٦٤٩٢ منتجًا إجماليًا، وعمق كل علامة عشرات مقابل مئات فعلية) — تُستخدم للتقاطع بالباركود لا كمصدر أول. المصدر المفضّل: كتالوج المصنّع أو كتالوج التجزئة السعودي.
QGAP-01060,حلواني إخوان بسكويت التمر,Halwani Bros date biscuit,حلواني إخوان,Halwani Bros,Halwani Bros,PACKAGED,حلويات,حلويات ومعجنات,date biscuit,,KSA,HIGH,P1,MISSING,,OFFICIAL_LOCAL,Saudi retailer catalogue (Panda/Othaim/Tamimi/Nana) + barcode,,,,,,,,,,NONE,HIGH,حلواني إخوان,Halwani Bros,تغطية OpenFoodFacts للسوق السعودي ضحلة (١٦٤٩٢ منتجًا إجماليًا، وعمق كل علامة عشرات مقابل مئات فعلية) — تُستخدم للتقاطع بالباركود لا كمصدر أول. المصدر المفضّل: كتالوج المصنّع أو كتالوج التجزئة السعودي.
QGAP-01061,حلواني إخوان كيك,Halwani Bros cake,حلواني إخوان,Halwani Bros,Halwani Bros,PACKAGED,حلويات,حلويات ومعجنات,cake,,KSA,HIGH,P1,MISSING,,OFFICIAL_LOCAL,Saudi retailer catalogue (Panda/Othaim/Tamimi/Nana) + barcode,,,,,,,,,,NONE,HIGH,حلواني إخوان,Halwani Bros,تغطية OpenFoodFacts للسوق السعودي ضحلة (١٦٤٩٢ منتجًا إجماليًا، وعمق كل علامة عشرات مقابل مئات فعلية) — تُستخدم للتقاطع بالباركود لا كمصدر أول. المصدر المفضّل: كتالوج المصنّع أو كتالوج التجزئة السعودي.
QGAP-01062,حلواني إخوان طحينة,Halwani Bros tahini,حلواني إخوان,Halwani Bros,Halwani Bros,PACKAGED,حلويات,حلويات ومعجنات,tahini,,KSA,HIGH,P1,MISSING,,OFFICIAL_LOCAL,Saudi retailer catalogue (Panda/Othaim/Tamimi/Nana) + barcode,,,,,,,,,,NONE,HIGH,حلواني إخوان,Halwani Bros,تغطية OpenFoodFacts للسوق السعودي ضحلة (١٦٤٩٢ منتجًا إجماليًا، وعمق كل علامة عشرات مقابل مئات فعلية) — تُستخدم للتقاطع بالباركود لا كمصدر أول. المصدر المفضّل: كتالوج المصنّع أو كتالوج التجزئة السعودي.
QGAP-01063,حلواني إخوان بسبوسة,Halwani Bros basbousa,حلواني إخوان,Halwani Bros,Halwani Bros,PACKAGED,حلويات,حلويات ومعجنات,basbousa,,KSA,HIGH,P1,MISSING,,OFFICIAL_LOCAL,Saudi retailer catalogue (Panda/Othaim/Tamimi/Nana) + barcode,,,,,,,,,,NONE,HIGH,حلواني إخوان,Halwani Bros,تغطية OpenFoodFacts للسوق السعودي ضحلة (١٦٤٩٢ منتجًا إجماليًا، وعمق كل علامة عشرات مقابل مئات فعلية) — تُستخدم للتقاطع بالباركود لا كمصدر أول. المصدر المفضّل: كتالوج المصنّع أو كتالوج التجزئة السعودي.
QGAP-01064,حلواني إخوان مربى,Halwani Bros jam,حلواني إخوان,Halwani Bros,Halwani Bros,PACKAGED,حلويات,حلويات ومعجنات,jam,,KSA,HIGH,P1,MISSING,,OFFICIAL_LOCAL,Saudi retailer catalogue (Panda/Othaim/Tamimi/Nana) + barcode,,,,,,,,,,NONE,HIGH,حلواني إخوان,Halwani Bros,تغطية OpenFoodFacts للسوق السعودي ضحلة (١٦٤٩٢ منتجًا إجماليًا، وعمق كل علامة عشرات مقابل مئات فعلية) — تُستخدم للتقاطع بالباركود لا كمصدر أول. المصدر المفضّل: كتالوج المصنّع أو كتالوج التجزئة السعودي.
QGAP-01065,حلواني إخوان لحم مفروم مجمد,Halwani Bros frozen minced meat,حلواني إخوان,Halwani Bros,Halwani Bros,PACKAGED,حلويات,حلويات ومعجنات,frozen minced meat,,KSA,HIGH,P1,MISSING,,OFFICIAL_LOCAL,Saudi retailer catalogue (Panda/Othaim/Tamimi/Nana) + barcode,,,,,,,,,,NONE,HIGH,حلواني إخوان,Halwani Bros,تغطية OpenFoodFacts للسوق السعودي ضحلة (١٦٤٩٢ منتجًا إجماليًا، وعمق كل علامة عشرات مقابل مئات فعلية) — تُستخدم للتقاطع بالباركود لا كمصدر أول. المصدر المفضّل: كتالوج المصنّع أو كتالوج التجزئة السعودي.
QGAP-01066,ديمة بسكويت شاي,Deemah tea biscuit,ديمة,Deemah,Deemah,PACKAGED,حلويات,بسكويت,tea biscuit,,KSA,HIGH,P1,MISSING,,OFFICIAL_LOCAL,Saudi retailer catalogue (Panda/Othaim/Tamimi/Nana) + barcode,,,,,,,,,,NONE,HIGH,ديمة,Deemah,تغطية OpenFoodFacts للسوق السعودي ضحلة (١٦٤٩٢ منتجًا إجماليًا، وعمق كل علامة عشرات مقابل مئات فعلية) — تُستخدم للتقاطع بالباركود لا كمصدر أول. المصدر المفضّل: كتالوج المصنّع أو كتالوج التجزئة السعودي.
QGAP-01067,ديمة بسكويت بالشوكولاتة,Deemah chocolate biscuit,ديمة,Deemah,Deemah,PACKAGED,حلويات,بسكويت,chocolate biscuit,,KSA,HIGH,P1,MISSING,,OFFICIAL_LOCAL,Saudi retailer catalogue (Panda/Othaim/Tamimi/Nana) + barcode,,,,,,,,,,NONE,HIGH,ديمة,Deemah,تغطية OpenFoodFacts للسوق السعودي ضحلة (١٦٤٩٢ منتجًا إجماليًا، وعمق كل علامة عشرات مقابل مئات فعلية) — تُستخدم للتقاطع بالباركود لا كمصدر أول. المصدر المفضّل: كتالوج المصنّع أو كتالوج التجزئة السعودي.
QGAP-01068,ديمة ويفر,Deemah wafer,ديمة,Deemah,Deemah,PACKAGED,حلويات,بسكويت,wafer,,KSA,HIGH,P1,MISSING,,OFFICIAL_LOCAL,Saudi retailer catalogue (Panda/Othaim/Tamimi/Nana) + barcode,,,,,,,,,,NONE,HIGH,ديمة,Deemah,تغطية OpenFoodFacts للسوق السعودي ضحلة (١٦٤٩٢ منتجًا إجماليًا، وعمق كل علامة عشرات مقابل مئات فعلية) — تُستخدم للتقاطع بالباركود لا كمصدر أول. المصدر المفضّل: كتالوج المصنّع أو كتالوج التجزئة السعودي.
QGAP-01069,ديمة بسكويت محشي بالكريمة,Deemah cream-filled biscuit,ديمة,Deemah,Deemah,PACKAGED,حلويات,بسكويت,cream-filled biscuit,,KSA,HIGH,P1,MISSING,,OFFICIAL_LOCAL,Saudi retailer catalogue (Panda/Othaim/Tamimi/Nana) + barcode,,,,,,,,,,NONE,HIGH,ديمة,Deemah,تغطية OpenFoodFacts للسوق السعودي ضحلة (١٦٤٩٢ منتجًا إجماليًا، وعمق كل علامة عشرات مقابل مئات فعلية) — تُستخدم للتقاطع بالباركود لا كمصدر أول. المصدر المفضّل: كتالوج المصنّع أو كتالوج التجزئة السعودي.
QGAP-01070,ديمة كوكيز,Deemah cookies,ديمة,Deemah,Deemah,PACKAGED,حلويات,بسكويت,cookies,,KSA,HIGH,P1,MISSING,,OFFICIAL_LOCAL,Saudi retailer catalogue (Panda/Othaim/Tamimi/Nana) + barcode,,,,,,,,,,NONE,HIGH,ديمة,Deemah,تغطية OpenFoodFacts للسوق السعودي ضحلة (١٦٤٩٢ منتجًا إجماليًا، وعمق كل علامة عشرات مقابل مئات فعلية) — تُستخدم للتقاطع بالباركود لا كمصدر أول. المصدر المفضّل: كتالوج المصنّع أو كتالوج التجزئة السعودي.
QGAP-01071,ديمة بسكويت مالح,Deemah crackers,ديمة,Deemah,Deemah,PACKAGED,حلويات,بسكويت,crackers,,KSA,HIGH,P1,MISSING,,OFFICIAL_LOCAL,Saudi retailer catalogue (Panda/Othaim/Tamimi/Nana) + barcode,,,,,,,,,,NONE,HIGH,ديمة,Deemah,تغطية OpenFoodFacts للسوق السعودي ضحلة (١٦٤٩٢ منتجًا إجماليًا، وعمق كل علامة عشرات مقابل مئات فعلية) — تُستخدم للتقاطع بالباركود لا كمصدر أول. المصدر المفضّل: كتالوج المصنّع أو كتالوج التجزئة السعودي.
QGAP-01072,تيفاني ويفر,Tiffany wafer,تيفاني,Tiffany,Tiffany,PACKAGED,حلويات,بسكويت وويفر,wafer,,KSA,MEDIUM,P2,MISSING,,OFFICIAL_LOCAL,Saudi retailer catalogue (Panda/Othaim/Tamimi/Nana) + barcode,,,,,,,,,,NONE,HIGH,تيفاني,Tiffany,تغطية OpenFoodFacts للسوق السعودي ضحلة (١٦٤٩٢ منتجًا إجماليًا، وعمق كل علامة عشرات مقابل مئات فعلية) — تُستخدم للتقاطع بالباركود لا كمصدر أول. المصدر المفضّل: كتالوج المصنّع أو كتالوج التجزئة السعودي.
QGAP-01073,تيفاني بسكويت,Tiffany biscuit,تيفاني,Tiffany,Tiffany,PACKAGED,حلويات,بسكويت وويفر,biscuit,,KSA,MEDIUM,P2,MISSING,,OFFICIAL_LOCAL,Saudi retailer catalogue (Panda/Othaim/Tamimi/Nana) + barcode,,,,,,,,,,NONE,HIGH,تيفاني,Tiffany,تغطية OpenFoodFacts للسوق السعودي ضحلة (١٦٤٩٢ منتجًا إجماليًا، وعمق كل علامة عشرات مقابل مئات فعلية) — تُستخدم للتقاطع بالباركود لا كمصدر أول. المصدر المفضّل: كتالوج المصنّع أو كتالوج التجزئة السعودي.
QGAP-01074,تيفاني كوكيز,Tiffany cookies,تيفاني,Tiffany,Tiffany,PACKAGED,حلويات,بسكويت وويفر,cookies,,KSA,MEDIUM,P2,MISSING,,OFFICIAL_LOCAL,Saudi retailer catalogue (Panda/Othaim/Tamimi/Nana) + barcode,,,,,,,,,,NONE,HIGH,تيفاني,Tiffany,تغطية OpenFoodFacts للسوق السعودي ضحلة (١٦٤٩٢ منتجًا إجماليًا، وعمق كل علامة عشرات مقابل مئات فعلية) — تُستخدم للتقاطع بالباركود لا كمصدر أول. المصدر المفضّل: كتالوج المصنّع أو كتالوج التجزئة السعودي.
QGAP-01075,تيفاني رقائق,Tiffany crisps,تيفاني,Tiffany,Tiffany,PACKAGED,حلويات,بسكويت وويفر,crisps,,KSA,MEDIUM,P2,MISSING,,OFFICIAL_LOCAL,Saudi retailer catalogue (Panda/Othaim/Tamimi/Nana) + barcode,,,,,,,,,,NONE,HIGH,تيفاني,Tiffany,تغطية OpenFoodFacts للسوق السعودي ضحلة (١٦٤٩٢ منتجًا إجماليًا، وعمق كل علامة عشرات مقابل مئات فعلية) — تُستخدم للتقاطع بالباركود لا كمصدر أول. المصدر المفضّل: كتالوج المصنّع أو كتالوج التجزئة السعودي.
QGAP-01076,أوريو أصلي,Oreo original,أوريو,Oreo,Oreo,PACKAGED,حلويات,بسكويت,original,,KSA,HIGH,P1,MISSING,,OFFICIAL_MANUFACTURER,Oreo official product page,,,,,,,,,,NONE,HIGH,أوريو,Oreo,تغطية OpenFoodFacts للسوق السعودي ضحلة (١٦٤٩٢ منتجًا إجماليًا، وعمق كل علامة عشرات مقابل مئات فعلية) — تُستخدم للتقاطع بالباركود لا كمصدر أول. المصدر المفضّل: كتالوج المصنّع أو كتالوج التجزئة السعودي.
QGAP-01077,أوريو بالشوكولاتة,Oreo chocolate,أوريو,Oreo,Oreo,PACKAGED,حلويات,بسكويت,chocolate,,KSA,HIGH,P1,MISSING,,OFFICIAL_MANUFACTURER,Oreo official product page,,,,,,,,,,NONE,HIGH,أوريو,Oreo,تغطية OpenFoodFacts للسوق السعودي ضحلة (١٦٤٩٢ منتجًا إجماليًا، وعمق كل علامة عشرات مقابل مئات فعلية) — تُستخدم للتقاطع بالباركود لا كمصدر أول. المصدر المفضّل: كتالوج المصنّع أو كتالوج التجزئة السعودي.
QGAP-01078,أوريو فانيلا,Oreo vanilla,أوريو,Oreo,Oreo,PACKAGED,حلويات,بسكويت,vanilla,,KSA,HIGH,P1,MISSING,,OFFICIAL_MANUFACTURER,Oreo official product page,,,,,,,,,,NONE,HIGH,أوريو,Oreo,تغطية OpenFoodFacts للسوق السعودي ضحلة (١٦٤٩٢ منتجًا إجماليًا، وعمق كل علامة عشرات مقابل مئات فعلية) — تُستخدم للتقاطع بالباركود لا كمصدر أول. المصدر المفضّل: كتالوج المصنّع أو كتالوج التجزئة السعودي.
QGAP-01079,أوريو ميني,Oreo mini,أوريو,Oreo,Oreo,PACKAGED,حلويات,بسكويت,mini,,KSA,HIGH,P1,MISSING,,OFFICIAL_MANUFACTURER,Oreo official product page,,,,,,,,,,NONE,HIGH,أوريو,Oreo,تغطية OpenFoodFacts للسوق السعودي ضحلة (١٦٤٩٢ منتجًا إجماليًا، وعمق كل علامة عشرات مقابل مئات فعلية) — تُستخدم للتقاطع بالباركود لا كمصدر أول. المصدر المفضّل: كتالوج المصنّع أو كتالوج التجزئة السعودي.
QGAP-01080,أوريو ويفر,Oreo wafer,أوريو,Oreo,Oreo,PACKAGED,حلويات,بسكويت,wafer,,KSA,HIGH,P1,MISSING,,OFFICIAL_MANUFACTURER,Oreo official product page,,,,,,,,,,NONE,HIGH,أوريو,Oreo,تغطية OpenFoodFacts للسوق السعودي ضحلة (١٦٤٩٢ منتجًا إجماليًا، وعمق كل علامة عشرات مقابل مئات فعلية) — تُستخدم للتقاطع بالباركود لا كمصدر أول. المصدر المفضّل: كتالوج المصنّع أو كتالوج التجزئة السعودي.
QGAP-01081,ماكفيتيز دايجستيف,McVitie's digestive,ماكفيتيز,McVitie's,McVitie's,PACKAGED,حلويات,بسكويت,digestive,,KSA,MEDIUM,P2,MISSING,,OFFICIAL_MANUFACTURER,McVitie's official product page,,,,,,,,,,NONE,HIGH,ماكفيتيز,McVitie's,تغطية OpenFoodFacts للسوق السعودي ضحلة (١٦٤٩٢ منتجًا إجماليًا، وعمق كل علامة عشرات مقابل مئات فعلية) — تُستخدم للتقاطع بالباركود لا كمصدر أول. المصدر المفضّل: كتالوج المصنّع أو كتالوج التجزئة السعودي.
QGAP-01082,ماكفيتيز دايجستيف بالشوكولاتة,McVitie's chocolate digestive,ماكفيتيز,McVitie's,McVitie's,PACKAGED,حلويات,بسكويت,chocolate digestive,,KSA,MEDIUM,P2,MISSING,,OFFICIAL_MANUFACTURER,McVitie's official product page,,,,,,,,,,NONE,HIGH,ماكفيتيز,McVitie's,تغطية OpenFoodFacts للسوق السعودي ضحلة (١٦٤٩٢ منتجًا إجماليًا، وعمق كل علامة عشرات مقابل مئات فعلية) — تُستخدم للتقاطع بالباركود لا كمصدر أول. المصدر المفضّل: كتالوج المصنّع أو كتالوج التجزئة السعودي.
QGAP-01083,ماكفيتيز هوب نوبس,McVitie's hobnobs,ماكفيتيز,McVitie's,McVitie's,PACKAGED,حلويات,بسكويت,hobnobs,,KSA,MEDIUM,P2,MISSING,,OFFICIAL_MANUFACTURER,McVitie's official product page,,,,,,,,,,NONE,HIGH,ماكفيتيز,McVitie's,تغطية OpenFoodFacts للسوق السعودي ضحلة (١٦٤٩٢ منتجًا إجماليًا، وعمق كل علامة عشرات مقابل مئات فعلية) — تُستخدم للتقاطع بالباركود لا كمصدر أول. المصدر المفضّل: كتالوج المصنّع أو كتالوج التجزئة السعودي.
QGAP-01084,أولكر ألبيني,Ülker Albeni,أولكر,Ülker,Ülker,PACKAGED,حلويات,بسكويت وشوكولاتة,Albeni,,KSA,MEDIUM,P2,MISSING,,OFFICIAL_MANUFACTURER,Ülker official product page,,,,,,,,,,NONE,HIGH,أولكر,Ülker,تغطية OpenFoodFacts للسوق السعودي ضحلة (١٦٤٩٢ منتجًا إجماليًا، وعمق كل علامة عشرات مقابل مئات فعلية) — تُستخدم للتقاطع بالباركود لا كمصدر أول. المصدر المفضّل: كتالوج المصنّع أو كتالوج التجزئة السعودي.
QGAP-01085,أولكر شوكوكريم,Ülker Cokokrem,أولكر,Ülker,Ülker,PACKAGED,حلويات,بسكويت وشوكولاتة,Cokokrem,,KSA,MEDIUM,P2,MISSING,,OFFICIAL_MANUFACTURER,Ülker official product page,,,,,,,,,,NONE,HIGH,أولكر,Ülker,تغطية OpenFoodFacts للسوق السعودي ضحلة (١٦٤٩٢ منتجًا إجماليًا، وعمق كل علامة عشرات مقابل مئات فعلية) — تُستخدم للتقاطع بالباركود لا كمصدر أول. المصدر المفضّل: كتالوج المصنّع أو كتالوج التجزئة السعودي.
QGAP-01086,أولكر ويفر,Ülker wafer,أولكر,Ülker,Ülker,PACKAGED,حلويات,بسكويت وشوكولاتة,wafer,,KSA,MEDIUM,P2,MISSING,,OFFICIAL_MANUFACTURER,Ülker official product page,,,,,,,,,,NONE,HIGH,أولكر,Ülker,تغطية OpenFoodFacts للسوق السعودي ضحلة (١٦٤٩٢ منتجًا إجماليًا، وعمق كل علامة عشرات مقابل مئات فعلية) — تُستخدم للتقاطع بالباركود لا كمصدر أول. المصدر المفضّل: كتالوج المصنّع أو كتالوج التجزئة السعودي.
QGAP-01087,أولكر بسكويت,Ülker biscuit,أولكر,Ülker,Ülker,PACKAGED,حلويات,بسكويت وشوكولاتة,biscuit,,KSA,MEDIUM,P2,MISSING,,OFFICIAL_MANUFACTURER,Ülker official product page,,,,,,,,,,NONE,HIGH,أولكر,Ülker,تغطية OpenFoodFacts للسوق السعودي ضحلة (١٦٤٩٢ منتجًا إجماليًا، وعمق كل علامة عشرات مقابل مئات فعلية) — تُستخدم للتقاطع بالباركود لا كمصدر أول. المصدر المفضّل: كتالوج المصنّع أو كتالوج التجزئة السعودي.
QGAP-01088,لواكر ويفر بندق,Loacker hazelnut wafer,لواكر,Loacker,Loacker,PACKAGED,حلويات,ويفر,hazelnut wafer,,KSA,MEDIUM,P2,MISSING,,OFFICIAL_MANUFACTURER,Loacker official product page,,,,,,,,,,NONE,HIGH,لواكر,Loacker,تغطية OpenFoodFacts للسوق السعودي ضحلة (١٦٤٩٢ منتجًا إجماليًا، وعمق كل علامة عشرات مقابل مئات فعلية) — تُستخدم للتقاطع بالباركود لا كمصدر أول. المصدر المفضّل: كتالوج المصنّع أو كتالوج التجزئة السعودي.
QGAP-01089,لواكر ويفر فانيلا,Loacker vanilla wafer,لواكر,Loacker,Loacker,PACKAGED,حلويات,ويفر,vanilla wafer,,KSA,MEDIUM,P2,MISSING,,OFFICIAL_MANUFACTURER,Loacker official product page,,,,,,,,,,NONE,HIGH,لواكر,Loacker,تغطية OpenFoodFacts للسوق السعودي ضحلة (١٦٤٩٢ منتجًا إجماليًا، وعمق كل علامة عشرات مقابل مئات فعلية) — تُستخدم للتقاطع بالباركود لا كمصدر أول. المصدر المفضّل: كتالوج المصنّع أو كتالوج التجزئة السعودي.
QGAP-01090,لواكر كوارتيني,Loacker Quadratini,لواكر,Loacker,Loacker,PACKAGED,حلويات,ويفر,Quadratini,,KSA,MEDIUM,P2,MISSING,,OFFICIAL_MANUFACTURER,Loacker official product page,,,,,,,,,,NONE,HIGH,لواكر,Loacker,تغطية OpenFoodFacts للسوق السعودي ضحلة (١٦٤٩٢ منتجًا إجماليًا، وعمق كل علامة عشرات مقابل مئات فعلية) — تُستخدم للتقاطع بالباركود لا كمصدر أول. المصدر المفضّل: كتالوج المصنّع أو كتالوج التجزئة السعودي.
QGAP-01091,ليز ملح,Lay's salted,ليز,Lay's,Lay's,PACKAGED,حلويات,شيبس,salted,,KSA,VERY_HIGH,P0,MISSING,,OFFICIAL_LOCAL,Saudi retailer catalogue (Panda/Othaim/Tamimi/Nana) + barcode,,,,,,,,,,NONE,HIGH,ليز,Lay's,تغطية OpenFoodFacts للسوق السعودي ضحلة (١٦٤٩٢ منتجًا إجماليًا، وعمق كل علامة عشرات مقابل مئات فعلية) — تُستخدم للتقاطع بالباركود لا كمصدر أول. المصدر المفضّل: كتالوج المصنّع أو كتالوج التجزئة السعودي.
QGAP-01092,ليز كاتشب,Lay's ketchup,ليز,Lay's,Lay's,PACKAGED,حلويات,شيبس,ketchup,,KSA,VERY_HIGH,P0,MISSING,,OFFICIAL_LOCAL,Saudi retailer catalogue (Panda/Othaim/Tamimi/Nana) + barcode,,,,,,,,,,NONE,HIGH,ليز,Lay's,تغطية OpenFoodFacts للسوق السعودي ضحلة (١٦٤٩٢ منتجًا إجماليًا، وعمق كل علامة عشرات مقابل مئات فعلية) — تُستخدم للتقاطع بالباركود لا كمصدر أول. المصدر المفضّل: كتالوج المصنّع أو كتالوج التجزئة السعودي.
QGAP-01093,ليز تشيلي,Lay's chili,ليز,Lay's,Lay's,PACKAGED,حلويات,شيبس,chili,,KSA,VERY_HIGH,P0,MISSING,,OFFICIAL_LOCAL,Saudi retailer catalogue (Panda/Othaim/Tamimi/Nana) + barcode,,,,,,,,,,NONE,HIGH,ليز,Lay's,تغطية OpenFoodFacts للسوق السعودي ضحلة (١٦٤٩٢ منتجًا إجماليًا، وعمق كل علامة عشرات مقابل مئات فعلية) — تُستخدم للتقاطع بالباركود لا كمصدر أول. المصدر المفضّل: كتالوج المصنّع أو كتالوج التجزئة السعودي.
QGAP-01094,ليز جبن,Lay's cheese,ليز,Lay's,Lay's,PACKAGED,حلويات,شيبس,cheese,,KSA,VERY_HIGH,P0,MISSING,,OFFICIAL_LOCAL,Saudi retailer catalogue (Panda/Othaim/Tamimi/Nana) + barcode,,,,,,,,,,NONE,HIGH,ليز,Lay's,تغطية OpenFoodFacts للسوق السعودي ضحلة (١٦٤٩٢ منتجًا إجماليًا، وعمق كل علامة عشرات مقابل مئات فعلية) — تُستخدم للتقاطع بالباركود لا كمصدر أول. المصدر المفضّل: كتالوج المصنّع أو كتالوج التجزئة السعودي.
QGAP-01095,ليز باربكيو,Lay's BBQ,ليز,Lay's,Lay's,PACKAGED,حلويات,شيبس,BBQ,,KSA,VERY_HIGH,P0,MISSING,,OFFICIAL_LOCAL,Saudi retailer catalogue (Panda/Othaim/Tamimi/Nana) + barcode,,,,,,,,,,NONE,HIGH,ليز,Lay's,تغطية OpenFoodFacts للسوق السعودي ضحلة (١٦٤٩٢ منتجًا إجماليًا، وعمق كل علامة عشرات مقابل مئات فعلية) — تُستخدم للتقاطع بالباركود لا كمصدر أول. المصدر المفضّل: كتالوج المصنّع أو كتالوج التجزئة السعودي.
QGAP-01096,ليز فرنش تشيز,Lay's French cheese,ليز,Lay's,Lay's,PACKAGED,حلويات,شيبس,French cheese,,KSA,VERY_HIGH,P0,MISSING,,OFFICIAL_LOCAL,Saudi retailer catalogue (Panda/Othaim/Tamimi/Nana) + barcode,,,,,,,,,,NONE,HIGH,ليز,Lay's,تغطية OpenFoodFacts للسوق السعودي ضحلة (١٦٤٩٢ منتجًا إجماليًا، وعمق كل علامة عشرات مقابل مئات فعلية) — تُستخدم للتقاطع بالباركود لا كمصدر أول. المصدر المفضّل: كتالوج المصنّع أو كتالوج التجزئة السعودي.
QGAP-01097,ليز أوريجينال,Lay's original,ليز,Lay's,Lay's,PACKAGED,حلويات,شيبس,original,,KSA,VERY_HIGH,P0,MISSING,,OFFICIAL_LOCAL,Saudi retailer catalogue (Panda/Othaim/Tamimi/Nana) + barcode,,,,,,,,,,NONE,HIGH,ليز,Lay's,تغطية OpenFoodFacts للسوق السعودي ضحلة (١٦٤٩٢ منتجًا إجماليًا، وعمق كل علامة عشرات مقابل مئات فعلية) — تُستخدم للتقاطع بالباركود لا كمصدر أول. المصدر المفضّل: كتالوج المصنّع أو كتالوج التجزئة السعودي.
QGAP-01098,ليز ماكس,Lay's Max ridged,ليز,Lay's,Lay's,PACKAGED,حلويات,شيبس,Max ridged,,KSA,VERY_HIGH,P0,MISSING,,OFFICIAL_LOCAL,Saudi retailer catalogue (Panda/Othaim/Tamimi/Nana) + barcode,,,,,,,,,,NONE,HIGH,ليز,Lay's,تغطية OpenFoodFacts للسوق السعودي ضحلة (١٦٤٩٢ منتجًا إجماليًا، وعمق كل علامة عشرات مقابل مئات فعلية) — تُستخدم للتقاطع بالباركود لا كمصدر أول. المصدر المفضّل: كتالوج المصنّع أو كتالوج التجزئة السعودي.
QGAP-01099,تسالي ملح,Tasali salted,تسالي,Tasali,Tasali,PACKAGED,حلويات,شيبس,salted,,KSA,VERY_HIGH,P1,MISSING,,OFFICIAL_LOCAL,Saudi retailer catalogue (Panda/Othaim/Tamimi/Nana) + barcode,,,,,,,,,,NONE,HIGH,تسالي,Tasali,تغطية OpenFoodFacts للسوق السعودي ضحلة (١٦٤٩٢ منتجًا إجماليًا، وعمق كل علامة عشرات مقابل مئات فعلية) — تُستخدم للتقاطع بالباركود لا كمصدر أول. المصدر المفضّل: كتالوج المصنّع أو كتالوج التجزئة السعودي.
QGAP-01100,تسالي شطة,Tasali chili,تسالي,Tasali,Tasali,PACKAGED,حلويات,شيبس,chili,,KSA,VERY_HIGH,P1,MISSING,,OFFICIAL_LOCAL,Saudi retailer catalogue (Panda/Othaim/Tamimi/Nana) + barcode,,,,,,,,,,NONE,HIGH,تسالي,Tasali,تغطية OpenFoodFacts للسوق السعودي ضحلة (١٦٤٩٢ منتجًا إجماليًا، وعمق كل علامة عشرات مقابل مئات فعلية) — تُستخدم للتقاطع بالباركود لا كمصدر أول. المصدر المفضّل: كتالوج المصنّع أو كتالوج التجزئة السعودي.
QGAP-01101,تسالي جبن,Tasali cheese,تسالي,Tasali,Tasali,PACKAGED,حلويات,شيبس,cheese,,KSA,VERY_HIGH,P1,MISSING,,OFFICIAL_LOCAL,Saudi retailer catalogue (Panda/Othaim/Tamimi/Nana) + barcode,,,,,,,,,,NONE,HIGH,تسالي,Tasali,تغطية OpenFoodFacts للسوق السعودي ضحلة (١٦٤٩٢ منتجًا إجماليًا، وعمق كل علامة عشرات مقابل مئات فعلية) — تُستخدم للتقاطع بالباركود لا كمصدر أول. المصدر المفضّل: كتالوج المصنّع أو كتالوج التجزئة السعودي.
QGAP-01102,تسالي كاتشب,Tasali ketchup,تسالي,Tasali,Tasali,PACKAGED,حلويات,شيبس,ketchup,,KSA,VERY_HIGH,P1,MISSING,,OFFICIAL_LOCAL,Saudi retailer catalogue (Panda/Othaim/Tamimi/Nana) + barcode,,,,,,,,,,NONE,HIGH,تسالي,Tasali,تغطية OpenFoodFacts للسوق السعودي ضحلة (١٦٤٩٢ منتجًا إجماليًا، وعمق كل علامة عشرات مقابل مئات فعلية) — تُستخدم للتقاطع بالباركود لا كمصدر أول. المصدر المفضّل: كتالوج المصنّع أو كتالوج التجزئة السعودي.
QGAP-01103,تسالي بهارات,Tasali spiced,تسالي,Tasali,Tasali,PACKAGED,حلويات,شيبس,spiced,,KSA,VERY_HIGH,P1,MISSING,,OFFICIAL_LOCAL,Saudi retailer catalogue (Panda/Othaim/Tamimi/Nana) + barcode,,,,,,,,,,NONE,HIGH,تسالي,Tasali,تغطية OpenFoodFacts للسوق السعودي ضحلة (١٦٤٩٢ منتجًا إجماليًا، وعمق كل علامة عشرات مقابل مئات فعلية) — تُستخدم للتقاطع بالباركود لا كمصدر أول. المصدر المفضّل: كتالوج المصنّع أو كتالوج التجزئة السعودي.
QGAP-01104,شيتوس جبن,Cheetos cheese,شيتوس,Cheetos,Cheetos,PACKAGED,حلويات,شيبس,cheese,,KSA,HIGH,P1,MISSING,,OFFICIAL_LOCAL,Saudi retailer catalogue (Panda/Othaim/Tamimi/Nana) + barcode,,,,,,,,,,NONE,HIGH,شيتوس,Cheetos,تغطية OpenFoodFacts للسوق السعودي ضحلة (١٦٤٩٢ منتجًا إجماليًا، وعمق كل علامة عشرات مقابل مئات فعلية) — تُستخدم للتقاطع بالباركود لا كمصدر أول. المصدر المفضّل: كتالوج المصنّع أو كتالوج التجزئة السعودي.
QGAP-01105,شيتوس حار,Cheetos flamin hot,شيتوس,Cheetos,Cheetos,PACKAGED,حلويات,شيبس,flamin hot,,KSA,HIGH,P1,MISSING,,OFFICIAL_LOCAL,Saudi retailer catalogue (Panda/Othaim/Tamimi/Nana) + barcode,,,,,,,,,,NONE,HIGH,شيتوس,Cheetos,تغطية OpenFoodFacts للسوق السعودي ضحلة (١٦٤٩٢ منتجًا إجماليًا، وعمق كل علامة عشرات مقابل مئات فعلية) — تُستخدم للتقاطع بالباركود لا كمصدر أول. المصدر المفضّل: كتالوج المصنّع أو كتالوج التجزئة السعودي.
QGAP-01106,شيتوس كرات,Cheetos puffs,شيتوس,Cheetos,Cheetos,PACKAGED,حلويات,شيبس,puffs,,KSA,HIGH,P1,MISSING,,OFFICIAL_LOCAL,Saudi retailer catalogue (Panda/Othaim/Tamimi/Nana) + barcode,,,,,,,,,,NONE,HIGH,شيتوس,Cheetos,تغطية OpenFoodFacts للسوق السعودي ضحلة (١٦٤٩٢ منتجًا إجماليًا، وعمق كل علامة عشرات مقابل مئات فعلية) — تُستخدم للتقاطع بالباركود لا كمصدر أول. المصدر المفضّل: كتالوج المصنّع أو كتالوج التجزئة السعودي.
QGAP-01107,شيتوس تويستد,Cheetos twisted,شيتوس,Cheetos,Cheetos,PACKAGED,حلويات,شيبس,twisted,,KSA,HIGH,P1,MISSING,,OFFICIAL_LOCAL,Saudi retailer catalogue (Panda/Othaim/Tamimi/Nana) + barcode,,,,,,,,,,NONE,HIGH,شيتوس,Cheetos,تغطية OpenFoodFacts للسوق السعودي ضحلة (١٦٤٩٢ منتجًا إجماليًا، وعمق كل علامة عشرات مقابل مئات فعلية) — تُستخدم للتقاطع بالباركود لا كمصدر أول. المصدر المفضّل: كتالوج المصنّع أو كتالوج التجزئة السعودي.
QGAP-01108,دوريتوس ناتشو تشيز,Doritos nacho cheese,دوريتوس,Doritos,Doritos,PACKAGED,حلويات,شيبس,nacho cheese,,KSA,HIGH,P1,MISSING,,OFFICIAL_LOCAL,Saudi retailer catalogue (Panda/Othaim/Tamimi/Nana) + barcode,,,,,,,,,,NONE,HIGH,دوريتوس,Doritos,تغطية OpenFoodFacts للسوق السعودي ضحلة (١٦٤٩٢ منتجًا إجماليًا، وعمق كل علامة عشرات مقابل مئات فعلية) — تُستخدم للتقاطع بالباركود لا كمصدر أول. المصدر المفضّل: كتالوج المصنّع أو كتالوج التجزئة السعودي.
QGAP-01109,دوريتوس كول رانش,Doritos cool ranch,دوريتوس,Doritos,Doritos,PACKAGED,حلويات,شيبس,cool ranch,,KSA,HIGH,P1,MISSING,,OFFICIAL_LOCAL,Saudi retailer catalogue (Panda/Othaim/Tamimi/Nana) + barcode,,,,,,,,,,NONE,HIGH,دوريتوس,Doritos,تغطية OpenFoodFacts للسوق السعودي ضحلة (١٦٤٩٢ منتجًا إجماليًا، وعمق كل علامة عشرات مقابل مئات فعلية) — تُستخدم للتقاطع بالباركود لا كمصدر أول. المصدر المفضّل: كتالوج المصنّع أو كتالوج التجزئة السعودي.
QGAP-01110,دوريتوس حار,Doritos spicy,دوريتوس,Doritos,Doritos,PACKAGED,حلويات,شيبس,spicy,,KSA,HIGH,P1,MISSING,,OFFICIAL_LOCAL,Saudi retailer catalogue (Panda/Othaim/Tamimi/Nana) + barcode,,,,,,,,,,NONE,HIGH,دوريتوس,Doritos,تغطية OpenFoodFacts للسوق السعودي ضحلة (١٦٤٩٢ منتجًا إجماليًا، وعمق كل علامة عشرات مقابل مئات فعلية) — تُستخدم للتقاطع بالباركود لا كمصدر أول. المصدر المفضّل: كتالوج المصنّع أو كتالوج التجزئة السعودي.
QGAP-01111,برينجلز أصلي,Pringles original,برينجلز,Pringles,Pringles,PACKAGED,حلويات,شيبس,original,,KSA,HIGH,P1,MISSING,,OFFICIAL_MANUFACTURER,Pringles official product page,,,,,,,,,,NONE,HIGH,برينجلز,Pringles,تغطية OpenFoodFacts للسوق السعودي ضحلة (١٦٤٩٢ منتجًا إجماليًا، وعمق كل علامة عشرات مقابل مئات فعلية) — تُستخدم للتقاطع بالباركود لا كمصدر أول. المصدر المفضّل: كتالوج المصنّع أو كتالوج التجزئة السعودي.
QGAP-01112,برينجلز جبن,Pringles cheese,برينجلز,Pringles,Pringles,PACKAGED,حلويات,شيبس,cheese,,KSA,HIGH,P1,MISSING,,OFFICIAL_MANUFACTURER,Pringles official product page,,,,,,,,,,NONE,HIGH,برينجلز,Pringles,تغطية OpenFoodFacts للسوق السعودي ضحلة (١٦٤٩٢ منتجًا إجماليًا، وعمق كل علامة عشرات مقابل مئات فعلية) — تُستخدم للتقاطع بالباركود لا كمصدر أول. المصدر المفضّل: كتالوج المصنّع أو كتالوج التجزئة السعودي.
QGAP-01113,برينجلز حار,Pringles hot and spicy,برينجلز,Pringles,Pringles,PACKAGED,حلويات,شيبس,hot and spicy,,KSA,HIGH,P1,MISSING,,OFFICIAL_MANUFACTURER,Pringles official product page,,,,,,,,,,NONE,HIGH,برينجلز,Pringles,تغطية OpenFoodFacts للسوق السعودي ضحلة (١٦٤٩٢ منتجًا إجماليًا، وعمق كل علامة عشرات مقابل مئات فعلية) — تُستخدم للتقاطع بالباركود لا كمصدر أول. المصدر المفضّل: كتالوج المصنّع أو كتالوج التجزئة السعودي.
QGAP-01114,برينجلز قشطة وبصل,Pringles sour cream and onion,برينجلز,Pringles,Pringles,PACKAGED,حلويات,شيبس,sour cream and onion,,KSA,HIGH,P1,MISSING,,OFFICIAL_MANUFACTURER,Pringles official product page,,,,,,,,,,NONE,HIGH,برينجلز,Pringles,تغطية OpenFoodFacts للسوق السعودي ضحلة (١٦٤٩٢ منتجًا إجماليًا، وعمق كل علامة عشرات مقابل مئات فعلية) — تُستخدم للتقاطع بالباركود لا كمصدر أول. المصدر المفضّل: كتالوج المصنّع أو كتالوج التجزئة السعودي.
QGAP-01115,برينجلز باربكيو,Pringles BBQ,برينجلز,Pringles,Pringles,PACKAGED,حلويات,شيبس,BBQ,,KSA,HIGH,P1,MISSING,,OFFICIAL_MANUFACTURER,Pringles official product page,,,,,,,,,,NONE,HIGH,برينجلز,Pringles,تغطية OpenFoodFacts للسوق السعودي ضحلة (١٦٤٩٢ منتجًا إجماليًا، وعمق كل علامة عشرات مقابل مئات فعلية) — تُستخدم للتقاطع بالباركود لا كمصدر أول. المصدر المفضّل: كتالوج المصنّع أو كتالوج التجزئة السعودي.
QGAP-01116,البطل شيبس,Al Batal chips,البطل,Al Batal,Al Batal,PACKAGED,حلويات,سناكس,chips,,KSA,HIGH,P2,MISSING,,OFFICIAL_LOCAL,Saudi retailer catalogue (Panda/Othaim/Tamimi/Nana) + barcode,,,,,,,,,,NONE,HIGH,البطل,Al Batal,تغطية OpenFoodFacts للسوق السعودي ضحلة (١٦٤٩٢ منتجًا إجماليًا، وعمق كل علامة عشرات مقابل مئات فعلية) — تُستخدم للتقاطع بالباركود لا كمصدر أول. المصدر المفضّل: كتالوج المصنّع أو كتالوج التجزئة السعودي.
QGAP-01117,البطل ذرة,Al Batal corn snack,البطل,Al Batal,Al Batal,PACKAGED,حلويات,سناكس,corn snack,,KSA,HIGH,P2,MISSING,,OFFICIAL_LOCAL,Saudi retailer catalogue (Panda/Othaim/Tamimi/Nana) + barcode,,,,,,,,,,NONE,HIGH,البطل,Al Batal,تغطية OpenFoodFacts للسوق السعودي ضحلة (١٦٤٩٢ منتجًا إجماليًا، وعمق كل علامة عشرات مقابل مئات فعلية) — تُستخدم للتقاطع بالباركود لا كمصدر أول. المصدر المفضّل: كتالوج المصنّع أو كتالوج التجزئة السعودي.
QGAP-01118,البطل مقرمشات,Al Batal crisps,البطل,Al Batal,Al Batal,PACKAGED,حلويات,سناكس,crisps,,KSA,HIGH,P2,MISSING,,OFFICIAL_LOCAL,Saudi retailer catalogue (Panda/Othaim/Tamimi/Nana) + barcode,,,,,,,,,,NONE,HIGH,البطل,Al Batal,تغطية OpenFoodFacts للسوق السعودي ضحلة (١٦٤٩٢ منتجًا إجماليًا، وعمق كل علامة عشرات مقابل مئات فعلية) — تُستخدم للتقاطع بالباركود لا كمصدر أول. المصدر المفضّل: كتالوج المصنّع أو كتالوج التجزئة السعودي.
QGAP-01119,كيتكو شيبس,Kitco chips,كيتكو,Kitco,Kitco,PACKAGED,حلويات,سناكس,chips,,KSA,MEDIUM,P2,MISSING,,OFFICIAL_LOCAL,Saudi retailer catalogue (Panda/Othaim/Tamimi/Nana) + barcode,,,,,,,,,,NONE,HIGH,كيتكو,Kitco,تغطية OpenFoodFacts للسوق السعودي ضحلة (١٦٤٩٢ منتجًا إجماليًا، وعمق كل علامة عشرات مقابل مئات فعلية) — تُستخدم للتقاطع بالباركود لا كمصدر أول. المصدر المفضّل: كتالوج المصنّع أو كتالوج التجزئة السعودي.
QGAP-01120,كيتكو نتز مكسرات,Kitco nuts,كيتكو,Kitco,Kitco,PACKAGED,حلويات,سناكس,nuts,,KSA,MEDIUM,P2,MISSING,,OFFICIAL_LOCAL,Saudi retailer catalogue (Panda/Othaim/Tamimi/Nana) + barcode,,,,,,,,,,NONE,HIGH,كيتكو,Kitco,تغطية OpenFoodFacts للسوق السعودي ضحلة (١٦٤٩٢ منتجًا إجماليًا، وعمق كل علامة عشرات مقابل مئات فعلية) — تُستخدم للتقاطع بالباركود لا كمصدر أول. المصدر المفضّل: كتالوج المصنّع أو كتالوج التجزئة السعودي.
QGAP-01121,كيتكو بوب كورن,Kitco popcorn,كيتكو,Kitco,Kitco,PACKAGED,حلويات,سناكس,popcorn,,KSA,MEDIUM,P2,MISSING,,OFFICIAL_LOCAL,Saudi retailer catalogue (Panda/Othaim/Tamimi/Nana) + barcode,,,,,,,,,,NONE,HIGH,كيتكو,Kitco,تغطية OpenFoodFacts للسوق السعودي ضحلة (١٦٤٩٢ منتجًا إجماليًا، وعمق كل علامة عشرات مقابل مئات فعلية) — تُستخدم للتقاطع بالباركود لا كمصدر أول. المصدر المفضّل: كتالوج المصنّع أو كتالوج التجزئة السعودي.
QGAP-01122,مستر شيبس ملح,Mr Chips salted,مستر شيبس,Mr Chips,Mr Chips,PACKAGED,حلويات,شيبس,salted,,KSA,MEDIUM,P2,MISSING,,OFFICIAL_LOCAL,Saudi retailer catalogue (Panda/Othaim/Tamimi/Nana) + barcode,,,,,,,,,,NONE,HIGH,مستر شيبس,Mr Chips,تغطية OpenFoodFacts للسوق السعودي ضحلة (١٦٤٩٢ منتجًا إجماليًا، وعمق كل علامة عشرات مقابل مئات فعلية) — تُستخدم للتقاطع بالباركود لا كمصدر أول. المصدر المفضّل: كتالوج المصنّع أو كتالوج التجزئة السعودي.
QGAP-01123,مستر شيبس جبن,Mr Chips cheese,مستر شيبس,Mr Chips,Mr Chips,PACKAGED,حلويات,شيبس,cheese,,KSA,MEDIUM,P2,MISSING,,OFFICIAL_LOCAL,Saudi retailer catalogue (Panda/Othaim/Tamimi/Nana) + barcode,,,,,,,,,,NONE,HIGH,مستر شيبس,Mr Chips,تغطية OpenFoodFacts للسوق السعودي ضحلة (١٦٤٩٢ منتجًا إجماليًا، وعمق كل علامة عشرات مقابل مئات فعلية) — تُستخدم للتقاطع بالباركود لا كمصدر أول. المصدر المفضّل: كتالوج المصنّع أو كتالوج التجزئة السعودي.
QGAP-01124,مستر شيبس حار,Mr Chips spicy,مستر شيبس,Mr Chips,Mr Chips,PACKAGED,حلويات,شيبس,spicy,,KSA,MEDIUM,P2,MISSING,,OFFICIAL_LOCAL,Saudi retailer catalogue (Panda/Othaim/Tamimi/Nana) + barcode,,,,,,,,,,NONE,HIGH,مستر شيبس,Mr Chips,تغطية OpenFoodFacts للسوق السعودي ضحلة (١٦٤٩٢ منتجًا إجماليًا، وعمق كل علامة عشرات مقابل مئات فعلية) — تُستخدم للتقاطع بالباركود لا كمصدر أول. المصدر المفضّل: كتالوج المصنّع أو كتالوج التجزئة السعودي.
QGAP-01125,جالاكسي حليب,Galaxy milk chocolate,جالاكسي,Galaxy,Galaxy,PACKAGED,حلويات,شوكولاتة,milk chocolate,,KSA,VERY_HIGH,P0,MISSING,,OFFICIAL_MANUFACTURER,Galaxy official product page,,,,,,,,,,NONE,HIGH,جالاكسي,Galaxy,تغطية OpenFoodFacts للسوق السعودي ضحلة (١٦٤٩٢ منتجًا إجماليًا، وعمق كل علامة عشرات مقابل مئات فعلية) — تُستخدم للتقاطع بالباركود لا كمصدر أول. المصدر المفضّل: كتالوج المصنّع أو كتالوج التجزئة السعودي.
QGAP-01126,جالاكسي بندق,Galaxy hazelnut,جالاكسي,Galaxy,Galaxy,PACKAGED,حلويات,شوكولاتة,hazelnut,,KSA,VERY_HIGH,P0,MISSING,,OFFICIAL_MANUFACTURER,Galaxy official product page,,,,,,,,,,NONE,HIGH,جالاكسي,Galaxy,تغطية OpenFoodFacts للسوق السعودي ضحلة (١٦٤٩٢ منتجًا إجماليًا، وعمق كل علامة عشرات مقابل مئات فعلية) — تُستخدم للتقاطع بالباركود لا كمصدر أول. المصدر المفضّل: كتالوج المصنّع أو كتالوج التجزئة السعودي.
QGAP-01127,جالاكسي كراميل,Galaxy caramel,جالاكسي,Galaxy,Galaxy,PACKAGED,حلويات,شوكولاتة,caramel,,KSA,VERY_HIGH,P0,MISSING,,OFFICIAL_MANUFACTURER,Galaxy official product page,,,,,,,,,,NONE,HIGH,جالاكسي,Galaxy,تغطية OpenFoodFacts للسوق السعودي ضحلة (١٦٤٩٢ منتجًا إجماليًا، وعمق كل علامة عشرات مقابل مئات فعلية) — تُستخدم للتقاطع بالباركود لا كمصدر أول. المصدر المفضّل: كتالوج المصنّع أو كتالوج التجزئة السعودي.
QGAP-01128,جالاكسي جوزيات,Galaxy nut crunch,جالاكسي,Galaxy,Galaxy,PACKAGED,حلويات,شوكولاتة,nut crunch,,KSA,VERY_HIGH,P0,MISSING,,OFFICIAL_MANUFACTURER,Galaxy official product page,,,,,,,,,,NONE,HIGH,جالاكسي,Galaxy,تغطية OpenFoodFacts للسوق السعودي ضحلة (١٦٤٩٢ منتجًا إجماليًا، وعمق كل علامة عشرات مقابل مئات فعلية) — تُستخدم للتقاطع بالباركود لا كمصدر أول. المصدر المفضّل: كتالوج المصنّع أو كتالوج التجزئة السعودي.
QGAP-01129,جالاكسي رايز,Galaxy Ripple,جالاكسي,Galaxy,Galaxy,PACKAGED,حلويات,شوكولاتة,Ripple,,KSA,VERY_HIGH,P0,MISSING,,OFFICIAL_MANUFACTURER,Galaxy official product page,,,,,,,,,,NONE,HIGH,جالاكسي,Galaxy,تغطية OpenFoodFacts للسوق السعودي ضحلة (١٦٤٩٢ منتجًا إجماليًا، وعمق كل علامة عشرات مقابل مئات فعلية) — تُستخدم للتقاطع بالباركود لا كمصدر أول. المصدر المفضّل: كتالوج المصنّع أو كتالوج التجزئة السعودي.
QGAP-01130,جالاكسي ميني,Galaxy minis,جالاكسي,Galaxy,Galaxy,PACKAGED,حلويات,شوكولاتة,minis,,KSA,VERY_HIGH,P0,MISSING,,OFFICIAL_MANUFACTURER,Galaxy official product page,,,,,,,,,,NONE,HIGH,جالاكسي,Galaxy,تغطية OpenFoodFacts للسوق السعودي ضحلة (١٦٤٩٢ منتجًا إجماليًا، وعمق كل علامة عشرات مقابل مئات فعلية) — تُستخدم للتقاطع بالباركود لا كمصدر أول. المصدر المفضّل: كتالوج المصنّع أو كتالوج التجزئة السعودي.
QGAP-01131,جالاكسي شوكولاتة داكنة,Galaxy dark chocolate,جالاكسي,Galaxy,Galaxy,PACKAGED,حلويات,شوكولاتة,dark chocolate,,KSA,VERY_HIGH,P0,MISSING,,OFFICIAL_MANUFACTURER,Galaxy official product page,,,,,,,,,,NONE,HIGH,جالاكسي,Galaxy,تغطية OpenFoodFacts للسوق السعودي ضحلة (١٦٤٩٢ منتجًا إجماليًا، وعمق كل علامة عشرات مقابل مئات فعلية) — تُستخدم للتقاطع بالباركود لا كمصدر أول. المصدر المفضّل: كتالوج المصنّع أو كتالوج التجزئة السعودي.
QGAP-01132,جالاكسي بابلز,Galaxy Bubbles,جالاكسي,Galaxy,Galaxy,PACKAGED,حلويات,شوكولاتة,Bubbles,,KSA,VERY_HIGH,P0,MISSING,,OFFICIAL_MANUFACTURER,Galaxy official product page,,,,,,,,,,NONE,HIGH,جالاكسي,Galaxy,تغطية OpenFoodFacts للسوق السعودي ضحلة (١٦٤٩٢ منتجًا إجماليًا، وعمق كل علامة عشرات مقابل مئات فعلية) — تُستخدم للتقاطع بالباركود لا كمصدر أول. المصدر المفضّل: كتالوج المصنّع أو كتالوج التجزئة السعودي.
QGAP-01133,كت كات أصلي 4 أصابع,KitKat 4 finger,كت كات,KitKat,KitKat,PACKAGED,حلويات,شوكولاتة,4 finger,,KSA,VERY_HIGH,P0,MISSING,,OFFICIAL_MANUFACTURER,KitKat official product page,,,,,,,,,,NONE,HIGH,كت كات,KitKat,تغطية OpenFoodFacts للسوق السعودي ضحلة (١٦٤٩٢ منتجًا إجماليًا، وعمق كل علامة عشرات مقابل مئات فعلية) — تُستخدم للتقاطع بالباركود لا كمصدر أول. المصدر المفضّل: كتالوج المصنّع أو كتالوج التجزئة السعودي.
QGAP-01134,كت كات إصبعان,KitKat 2 finger,كت كات,KitKat,KitKat,PACKAGED,حلويات,شوكولاتة,2 finger,,KSA,VERY_HIGH,P0,MISSING,,OFFICIAL_MANUFACTURER,KitKat official product page,,,,,,,,,,NONE,HIGH,كت كات,KitKat,تغطية OpenFoodFacts للسوق السعودي ضحلة (١٦٤٩٢ منتجًا إجماليًا، وعمق كل علامة عشرات مقابل مئات فعلية) — تُستخدم للتقاطع بالباركود لا كمصدر أول. المصدر المفضّل: كتالوج المصنّع أو كتالوج التجزئة السعودي.
QGAP-01135,كت كات تشنكي,KitKat Chunky,كت كات,KitKat,KitKat,PACKAGED,حلويات,شوكولاتة,Chunky,,KSA,VERY_HIGH,P0,MISSING,,OFFICIAL_MANUFACTURER,KitKat official product page,,,,,,,,,,NONE,HIGH,كت كات,KitKat,تغطية OpenFoodFacts للسوق السعودي ضحلة (١٦٤٩٢ منتجًا إجماليًا، وعمق كل علامة عشرات مقابل مئات فعلية) — تُستخدم للتقاطع بالباركود لا كمصدر أول. المصدر المفضّل: كتالوج المصنّع أو كتالوج التجزئة السعودي.
QGAP-01136,كت كات وايت,KitKat white,كت كات,KitKat,KitKat,PACKAGED,حلويات,شوكولاتة,white,,KSA,VERY_HIGH,P0,MISSING,,OFFICIAL_MANUFACTURER,KitKat official product page,,,,,,,,,,NONE,HIGH,كت كات,KitKat,تغطية OpenFoodFacts للسوق السعودي ضحلة (١٦٤٩٢ منتجًا إجماليًا، وعمق كل علامة عشرات مقابل مئات فعلية) — تُستخدم للتقاطع بالباركود لا كمصدر أول. المصدر المفضّل: كتالوج المصنّع أو كتالوج التجزئة السعودي.
QGAP-01137,كت كات داكن,KitKat dark,كت كات,KitKat,KitKat,PACKAGED,حلويات,شوكولاتة,dark,,KSA,VERY_HIGH,P0,MISSING,,OFFICIAL_MANUFACTURER,KitKat official product page,,,,,,,,,,NONE,HIGH,كت كات,KitKat,تغطية OpenFoodFacts للسوق السعودي ضحلة (١٦٤٩٢ منتجًا إجماليًا، وعمق كل علامة عشرات مقابل مئات فعلية) — تُستخدم للتقاطع بالباركود لا كمصدر أول. المصدر المفضّل: كتالوج المصنّع أو كتالوج التجزئة السعودي.
QGAP-01138,سنيكرز عادي,Snickers original,سنيكرز,Snickers,Snickers,PACKAGED,حلويات,شوكولاتة,original,,KSA,VERY_HIGH,P0,MISSING,,OFFICIAL_MANUFACTURER,Snickers official product page,,,,,,,,,,NONE,HIGH,سنيكرز,Snickers,تغطية OpenFoodFacts للسوق السعودي ضحلة (١٦٤٩٢ منتجًا إجماليًا، وعمق كل علامة عشرات مقابل مئات فعلية) — تُستخدم للتقاطع بالباركود لا كمصدر أول. المصدر المفضّل: كتالوج المصنّع أو كتالوج التجزئة السعودي.
QGAP-01139,سنيكرز ميني,Snickers minis,سنيكرز,Snickers,Snickers,PACKAGED,حلويات,شوكولاتة,minis,,KSA,VERY_HIGH,P0,MISSING,,OFFICIAL_MANUFACTURER,Snickers official product page,,,,,,,,,,NONE,HIGH,سنيكرز,Snickers,تغطية OpenFoodFacts للسوق السعودي ضحلة (١٦٤٩٢ منتجًا إجماليًا، وعمق كل علامة عشرات مقابل مئات فعلية) — تُستخدم للتقاطع بالباركود لا كمصدر أول. المصدر المفضّل: كتالوج المصنّع أو كتالوج التجزئة السعودي.
QGAP-01140,سنيكرز آيس كريم,Snickers ice cream bar,سنيكرز,Snickers,Snickers,PACKAGED,حلويات,شوكولاتة,ice cream bar,,KSA,VERY_HIGH,P0,MISSING,,OFFICIAL_MANUFACTURER,Snickers official product page,,,,,,,,,,NONE,HIGH,سنيكرز,Snickers,تغطية OpenFoodFacts للسوق السعودي ضحلة (١٦٤٩٢ منتجًا إجماليًا، وعمق كل علامة عشرات مقابل مئات فعلية) — تُستخدم للتقاطع بالباركود لا كمصدر أول. المصدر المفضّل: كتالوج المصنّع أو كتالوج التجزئة السعودي.
QGAP-01141,سنيكرز بروتين بار,Snickers protein bar,سنيكرز,Snickers,Snickers,PACKAGED,حلويات,شوكولاتة,protein bar,,KSA,VERY_HIGH,P0,EXISTS_GENERIC_ONLY,protein-bar · بار بروتين,OFFICIAL_MANUFACTURER,Snickers official product page,,,,,,,,,,NONE,MEDIUM,سنيكرز,Snickers,تغطية OpenFoodFacts للسوق السعودي ضحلة (١٦٤٩٢ منتجًا إجماليًا، وعمق كل علامة عشرات مقابل مئات فعلية) — تُستخدم للتقاطع بالباركود لا كمصدر أول. المصدر المفضّل: كتالوج المصنّع أو كتالوج التجزئة السعودي.
QGAP-01142,تويكس عادي,Twix original,تويكس,Twix,Twix,PACKAGED,حلويات,شوكولاتة,original,,KSA,HIGH,P1,MISSING,,OFFICIAL_MANUFACTURER,Twix official product page,,,,,,,,,,NONE,HIGH,تويكس,Twix,تغطية OpenFoodFacts للسوق السعودي ضحلة (١٦٤٩٢ منتجًا إجماليًا، وعمق كل علامة عشرات مقابل مئات فعلية) — تُستخدم للتقاطع بالباركود لا كمصدر أول. المصدر المفضّل: كتالوج المصنّع أو كتالوج التجزئة السعودي.
QGAP-01143,تويكس وايت,Twix white,تويكس,Twix,Twix,PACKAGED,حلويات,شوكولاتة,white,,KSA,HIGH,P1,MISSING,,OFFICIAL_MANUFACTURER,Twix official product page,,,,,,,,,,NONE,HIGH,تويكس,Twix,تغطية OpenFoodFacts للسوق السعودي ضحلة (١٦٤٩٢ منتجًا إجماليًا، وعمق كل علامة عشرات مقابل مئات فعلية) — تُستخدم للتقاطع بالباركود لا كمصدر أول. المصدر المفضّل: كتالوج المصنّع أو كتالوج التجزئة السعودي.
QGAP-01144,تويكس ميني,Twix minis,تويكس,Twix,Twix,PACKAGED,حلويات,شوكولاتة,minis,,KSA,HIGH,P1,MISSING,,OFFICIAL_MANUFACTURER,Twix official product page,,,,,,,,,,NONE,HIGH,تويكس,Twix,تغطية OpenFoodFacts للسوق السعودي ضحلة (١٦٤٩٢ منتجًا إجماليًا، وعمق كل علامة عشرات مقابل مئات فعلية) — تُستخدم للتقاطع بالباركود لا كمصدر أول. المصدر المفضّل: كتالوج المصنّع أو كتالوج التجزئة السعودي.
QGAP-01145,مارس عادي,Mars original,مارس,Mars,Mars,PACKAGED,حلويات,شوكولاتة,original,,KSA,HIGH,P1,MISSING,,OFFICIAL_MANUFACTURER,Mars official product page,,,,,,,,,,NONE,HIGH,مارس,Mars,تغطية OpenFoodFacts للسوق السعودي ضحلة (١٦٤٩٢ منتجًا إجماليًا، وعمق كل علامة عشرات مقابل مئات فعلية) — تُستخدم للتقاطع بالباركود لا كمصدر أول. المصدر المفضّل: كتالوج المصنّع أو كتالوج التجزئة السعودي.
QGAP-01146,مارس ميني,Mars minis,مارس,Mars,Mars,PACKAGED,حلويات,شوكولاتة,minis,,KSA,HIGH,P1,MISSING,,OFFICIAL_MANUFACTURER,Mars official product page,,,,,,,,,,NONE,HIGH,مارس,Mars,تغطية OpenFoodFacts للسوق السعودي ضحلة (١٦٤٩٢ منتجًا إجماليًا، وعمق كل علامة عشرات مقابل مئات فعلية) — تُستخدم للتقاطع بالباركود لا كمصدر أول. المصدر المفضّل: كتالوج المصنّع أو كتالوج التجزئة السعودي.
QGAP-01147,باونتي حليب,Bounty milk,باونتي,Bounty,Bounty,PACKAGED,حلويات,شوكولاتة,milk,,KSA,HIGH,P1,MISSING,,OFFICIAL_MANUFACTURER,Bounty official product page,,,,,,,,,,NONE,HIGH,باونتي,Bounty,تغطية OpenFoodFacts للسوق السعودي ضحلة (١٦٤٩٢ منتجًا إجماليًا، وعمق كل علامة عشرات مقابل مئات فعلية) — تُستخدم للتقاطع بالباركود لا كمصدر أول. المصدر المفضّل: كتالوج المصنّع أو كتالوج التجزئة السعودي.
QGAP-01148,باونتي داكن,Bounty dark,باونتي,Bounty,Bounty,PACKAGED,حلويات,شوكولاتة,dark,,KSA,HIGH,P1,MISSING,,OFFICIAL_MANUFACTURER,Bounty official product page,,,,,,,,,,NONE,HIGH,باونتي,Bounty,تغطية OpenFoodFacts للسوق السعودي ضحلة (١٦٤٩٢ منتجًا إجماليًا، وعمق كل علامة عشرات مقابل مئات فعلية) — تُستخدم للتقاطع بالباركود لا كمصدر أول. المصدر المفضّل: كتالوج المصنّع أو كتالوج التجزئة السعودي.
QGAP-01149,مالتيزرز كيس,Maltesers pouch,مالتيزرز,Maltesers,Maltesers,PACKAGED,حلويات,شوكولاتة,pouch,,KSA,MEDIUM,P2,MISSING,,OFFICIAL_MANUFACTURER,Maltesers official product page,,,,,,,,,,NONE,HIGH,مالتيزرز,Maltesers,تغطية OpenFoodFacts للسوق السعودي ضحلة (١٦٤٩٢ منتجًا إجماليًا، وعمق كل علامة عشرات مقابل مئات فعلية) — تُستخدم للتقاطع بالباركود لا كمصدر أول. المصدر المفضّل: كتالوج المصنّع أو كتالوج التجزئة السعودي.
QGAP-01150,مالتيزرز تيزرز,Maltesers Teasers,مالتيزرز,Maltesers,Maltesers,PACKAGED,حلويات,شوكولاتة,Teasers,,KSA,MEDIUM,P2,MISSING,,OFFICIAL_MANUFACTURER,Maltesers official product page,,,,,,,,,,NONE,HIGH,مالتيزرز,Maltesers,تغطية OpenFoodFacts للسوق السعودي ضحلة (١٦٤٩٢ منتجًا إجماليًا، وعمق كل علامة عشرات مقابل مئات فعلية) — تُستخدم للتقاطع بالباركود لا كمصدر أول. المصدر المفضّل: كتالوج المصنّع أو كتالوج التجزئة السعودي.
QGAP-01151,كادبوري ديري ميلك,Cadbury Dairy Milk,كادبوري,Cadbury,Cadbury,PACKAGED,حلويات,شوكولاتة,Dairy Milk,,KSA,HIGH,P1,MISSING,,OFFICIAL_MANUFACTURER,Cadbury official product page,,,,,,,,,,NONE,HIGH,كادبوري,Cadbury,تغطية OpenFoodFacts للسوق السعودي ضحلة (١٦٤٩٢ منتجًا إجماليًا، وعمق كل علامة عشرات مقابل مئات فعلية) — تُستخدم للتقاطع بالباركود لا كمصدر أول. المصدر المفضّل: كتالوج المصنّع أو كتالوج التجزئة السعودي.
QGAP-01152,كادبوري فروت آند نت,Cadbury Fruit and Nut,كادبوري,Cadbury,Cadbury,PACKAGED,حلويات,شوكولاتة,Fruit and Nut,,KSA,HIGH,P1,MISSING,,OFFICIAL_MANUFACTURER,Cadbury official product page,,,,,,,,,,NONE,HIGH,كادبوري,Cadbury,تغطية OpenFoodFacts للسوق السعودي ضحلة (١٦٤٩٢ منتجًا إجماليًا، وعمق كل علامة عشرات مقابل مئات فعلية) — تُستخدم للتقاطع بالباركود لا كمصدر أول. المصدر المفضّل: كتالوج المصنّع أو كتالوج التجزئة السعودي.
QGAP-01153,كادبوري أوريو,Cadbury Dairy Milk Oreo,كادبوري,Cadbury,Cadbury,PACKAGED,حلويات,شوكولاتة,Dairy Milk Oreo,,KSA,HIGH,P1,MISSING,,OFFICIAL_MANUFACTURER,Cadbury official product page,,,,,,,,,,NONE,HIGH,كادبوري,Cadbury,تغطية OpenFoodFacts للسوق السعودي ضحلة (١٦٤٩٢ منتجًا إجماليًا، وعمق كل علامة عشرات مقابل مئات فعلية) — تُستخدم للتقاطع بالباركود لا كمصدر أول. المصدر المفضّل: كتالوج المصنّع أو كتالوج التجزئة السعودي.
QGAP-01154,كادبوري بابلي,Cadbury Bubbly,كادبوري,Cadbury,Cadbury,PACKAGED,حلويات,شوكولاتة,Bubbly,,KSA,HIGH,P1,MISSING,,OFFICIAL_MANUFACTURER,Cadbury official product page,,,,,,,,,,NONE,HIGH,كادبوري,Cadbury,تغطية OpenFoodFacts للسوق السعودي ضحلة (١٦٤٩٢ منتجًا إجماليًا، وعمق كل علامة عشرات مقابل مئات فعلية) — تُستخدم للتقاطع بالباركود لا كمصدر أول. المصدر المفضّل: كتالوج المصنّع أو كتالوج التجزئة السعودي.
QGAP-01155,كيندر بوينو,Kinder Bueno,كيندر,Kinder,Kinder,PACKAGED,حلويات,شوكولاتة,Bueno,,KSA,HIGH,P1,MISSING,,OFFICIAL_MANUFACTURER,Kinder official product page,,,,,,,,,,NONE,HIGH,كيندر,Kinder,تغطية OpenFoodFacts للسوق السعودي ضحلة (١٦٤٩٢ منتجًا إجماليًا، وعمق كل علامة عشرات مقابل مئات فعلية) — تُستخدم للتقاطع بالباركود لا كمصدر أول. المصدر المفضّل: كتالوج المصنّع أو كتالوج التجزئة السعودي.
QGAP-01156,كيندر شوكولاتة,Kinder chocolate bar,كيندر,Kinder,Kinder,PACKAGED,حلويات,شوكولاتة,chocolate bar,,KSA,HIGH,P1,MISSING,,OFFICIAL_MANUFACTURER,Kinder official product page,,,,,,,,,,NONE,HIGH,كيندر,Kinder,تغطية OpenFoodFacts للسوق السعودي ضحلة (١٦٤٩٢ منتجًا إجماليًا، وعمق كل علامة عشرات مقابل مئات فعلية) — تُستخدم للتقاطع بالباركود لا كمصدر أول. المصدر المفضّل: كتالوج المصنّع أو كتالوج التجزئة السعودي.
QGAP-01157,كيندر سربرايز,Kinder Surprise,كيندر,Kinder,Kinder,PACKAGED,حلويات,شوكولاتة,Surprise,,KSA,HIGH,P1,MISSING,,OFFICIAL_MANUFACTURER,Kinder official product page,,,,,,,,,,NONE,HIGH,كيندر,Kinder,تغطية OpenFoodFacts للسوق السعودي ضحلة (١٦٤٩٢ منتجًا إجماليًا، وعمق كل علامة عشرات مقابل مئات فعلية) — تُستخدم للتقاطع بالباركود لا كمصدر أول. المصدر المفضّل: كتالوج المصنّع أو كتالوج التجزئة السعودي.
QGAP-01158,كيندر ديلس,Kinder Delice,كيندر,Kinder,Kinder,PACKAGED,حلويات,شوكولاتة,Delice,,KSA,HIGH,P1,MISSING,,OFFICIAL_MANUFACTURER,Kinder official product page,,,,,,,,,,NONE,HIGH,كيندر,Kinder,تغطية OpenFoodFacts للسوق السعودي ضحلة (١٦٤٩٢ منتجًا إجماليًا، وعمق كل علامة عشرات مقابل مئات فعلية) — تُستخدم للتقاطع بالباركود لا كمصدر أول. المصدر المفضّل: كتالوج المصنّع أو كتالوج التجزئة السعودي.
QGAP-01159,نوتيلا سبريد,Nutella hazelnut spread,نوتيلا,Nutella,Nutella,PACKAGED,حلويات,سبريد,hazelnut spread,,KSA,HIGH,P1,MISSING,,OFFICIAL_MANUFACTURER,Nutella official product page,,,,,,,,,,NONE,HIGH,نوتيلا,Nutella,تغطية OpenFoodFacts للسوق السعودي ضحلة (١٦٤٩٢ منتجًا إجماليًا، وعمق كل علامة عشرات مقابل مئات فعلية) — تُستخدم للتقاطع بالباركود لا كمصدر أول. المصدر المفضّل: كتالوج المصنّع أو كتالوج التجزئة السعودي.
QGAP-01160,نوتيلا آند جو,Nutella and Go,نوتيلا,Nutella,Nutella,PACKAGED,حلويات,سبريد,and Go,,KSA,HIGH,P1,MISSING,,OFFICIAL_MANUFACTURER,Nutella official product page,,,,,,,,,,NONE,HIGH,نوتيلا,Nutella,تغطية OpenFoodFacts للسوق السعودي ضحلة (١٦٤٩٢ منتجًا إجماليًا، وعمق كل علامة عشرات مقابل مئات فعلية) — تُستخدم للتقاطع بالباركود لا كمصدر أول. المصدر المفضّل: كتالوج المصنّع أو كتالوج التجزئة السعودي.
QGAP-01161,فيريرو روشيه علبة,Ferrero Rocher box,فيريرو روشيه,Ferrero Rocher,Ferrero Rocher,PACKAGED,حلويات,شوكولاتة,box,,KSA,MEDIUM,P2,MISSING,,OFFICIAL_MANUFACTURER,Ferrero Rocher official product page,,,,,,,,,,NONE,HIGH,فيريرو روشيه,Ferrero Rocher,تغطية OpenFoodFacts للسوق السعودي ضحلة (١٦٤٩٢ منتجًا إجماليًا، وعمق كل علامة عشرات مقابل مئات فعلية) — تُستخدم للتقاطع بالباركود لا كمصدر أول. المصدر المفضّل: كتالوج المصنّع أو كتالوج التجزئة السعودي.
QGAP-01162,باتشي شوكولاتة مشكلة,Patchi assorted chocolate,باتشي,Patchi,Patchi,PACKAGED,حلويات,شوكولاتة,assorted chocolate,,KSA,MEDIUM,P2,MISSING,,OFFICIAL_LOCAL,Saudi retailer catalogue (Panda/Othaim/Tamimi/Nana) + barcode,,,,,,,,,,NONE,HIGH,باتشي,Patchi,تغطية OpenFoodFacts للسوق السعودي ضحلة (١٦٤٩٢ منتجًا إجماليًا، وعمق كل علامة عشرات مقابل مئات فعلية) — تُستخدم للتقاطع بالباركود لا كمصدر أول. المصدر المفضّل: كتالوج المصنّع أو كتالوج التجزئة السعودي.
QGAP-01163,باتشي شوكولاتة بالفستق,Patchi pistachio chocolate,باتشي,Patchi,Patchi,PACKAGED,حلويات,شوكولاتة,pistachio chocolate,,KSA,MEDIUM,P2,MISSING,,OFFICIAL_LOCAL,Saudi retailer catalogue (Panda/Othaim/Tamimi/Nana) + barcode,,,,,,,,,,NONE,HIGH,باتشي,Patchi,تغطية OpenFoodFacts للسوق السعودي ضحلة (١٦٤٩٢ منتجًا إجماليًا، وعمق كل علامة عشرات مقابل مئات فعلية) — تُستخدم للتقاطع بالباركود لا كمصدر أول. المصدر المفضّل: كتالوج المصنّع أو كتالوج التجزئة السعودي.
QGAP-01164,كوكا كولا أصلي,Coca-Cola original,كوكا كولا,Coca-Cola,Coca-Cola,PACKAGED,مشروبات,غازية,original,,KSA,VERY_HIGH,P0,MISSING,,OFFICIAL_MANUFACTURER,Coca-Cola official product page,,,,,,,,,,NONE,HIGH,كوكا كولا,Coca-Cola,تغطية OpenFoodFacts للسوق السعودي ضحلة (١٦٤٩٢ منتجًا إجماليًا، وعمق كل علامة عشرات مقابل مئات فعلية) — تُستخدم للتقاطع بالباركود لا كمصدر أول. المصدر المفضّل: كتالوج المصنّع أو كتالوج التجزئة السعودي.
QGAP-01165,كوكا كولا زيرو,Coca-Cola Zero Sugar,كوكا كولا,Coca-Cola,Coca-Cola,PACKAGED,مشروبات,غازية,Zero Sugar,,KSA,VERY_HIGH,P0,MISSING,,OFFICIAL_MANUFACTURER,Coca-Cola official product page,,,,,,,,,,NONE,HIGH,كوكا كولا,Coca-Cola,تغطية OpenFoodFacts للسوق السعودي ضحلة (١٦٤٩٢ منتجًا إجماليًا، وعمق كل علامة عشرات مقابل مئات فعلية) — تُستخدم للتقاطع بالباركود لا كمصدر أول. المصدر المفضّل: كتالوج المصنّع أو كتالوج التجزئة السعودي.
QGAP-01166,كوكا كولا دايت,Coca-Cola Diet,كوكا كولا,Coca-Cola,Coca-Cola,PACKAGED,مشروبات,غازية,Diet,,KSA,VERY_HIGH,P0,MISSING,,OFFICIAL_MANUFACTURER,Coca-Cola official product page,,,,,,,,,,NONE,HIGH,كوكا كولا,Coca-Cola,تغطية OpenFoodFacts للسوق السعودي ضحلة (١٦٤٩٢ منتجًا إجماليًا، وعمق كل علامة عشرات مقابل مئات فعلية) — تُستخدم للتقاطع بالباركود لا كمصدر أول. المصدر المفضّل: كتالوج المصنّع أو كتالوج التجزئة السعودي.
QGAP-01167,كوكا كولا فانيلا,Coca-Cola vanilla,كوكا كولا,Coca-Cola,Coca-Cola,PACKAGED,مشروبات,غازية,vanilla,,KSA,VERY_HIGH,P0,MISSING,,OFFICIAL_MANUFACTURER,Coca-Cola official product page,,,,,,,,,,NONE,HIGH,كوكا كولا,Coca-Cola,تغطية OpenFoodFacts للسوق السعودي ضحلة (١٦٤٩٢ منتجًا إجماليًا، وعمق كل علامة عشرات مقابل مئات فعلية) — تُستخدم للتقاطع بالباركود لا كمصدر أول. المصدر المفضّل: كتالوج المصنّع أو كتالوج التجزئة السعودي.
QGAP-01168,بيبسي أصلي,Pepsi original,بيبسي,Pepsi,Pepsi,PACKAGED,مشروبات,غازية,original,,KSA,VERY_HIGH,P0,MISSING,,OFFICIAL_MANUFACTURER,Pepsi official product page,,,,,,,,,,NONE,HIGH,بيبسي,Pepsi,تغطية OpenFoodFacts للسوق السعودي ضحلة (١٦٤٩٢ منتجًا إجماليًا، وعمق كل علامة عشرات مقابل مئات فعلية) — تُستخدم للتقاطع بالباركود لا كمصدر أول. المصدر المفضّل: كتالوج المصنّع أو كتالوج التجزئة السعودي.
QGAP-01169,بيبسي دايت,Pepsi Diet,بيبسي,Pepsi,Pepsi,PACKAGED,مشروبات,غازية,Diet,,KSA,VERY_HIGH,P0,MISSING,,OFFICIAL_MANUFACTURER,Pepsi official product page,,,,,,,,,,NONE,HIGH,بيبسي,Pepsi,تغطية OpenFoodFacts للسوق السعودي ضحلة (١٦٤٩٢ منتجًا إجماليًا، وعمق كل علامة عشرات مقابل مئات فعلية) — تُستخدم للتقاطع بالباركود لا كمصدر أول. المصدر المفضّل: كتالوج المصنّع أو كتالوج التجزئة السعودي.
QGAP-01170,بيبسي ماكس / بلاك,Pepsi Max / Black,بيبسي,Pepsi,Pepsi,PACKAGED,مشروبات,غازية,Max / Black,,KSA,VERY_HIGH,P0,MISSING,,OFFICIAL_MANUFACTURER,Pepsi official product page,,,,,,,,,,NONE,HIGH,بيبسي,Pepsi,تغطية OpenFoodFacts للسوق السعودي ضحلة (١٦٤٩٢ منتجًا إجماليًا، وعمق كل علامة عشرات مقابل مئات فعلية) — تُستخدم للتقاطع بالباركود لا كمصدر أول. المصدر المفضّل: كتالوج المصنّع أو كتالوج التجزئة السعودي.
QGAP-01171,سفن أب أصلي,7UP original,سفن أب,7UP,7UP,PACKAGED,مشروبات,غازية,original,,KSA,VERY_HIGH,P0,MISSING,,OFFICIAL_MANUFACTURER,7UP official product page,,,,,,,,,,NONE,HIGH,سفن أب,7UP,تغطية OpenFoodFacts للسوق السعودي ضحلة (١٦٤٩٢ منتجًا إجماليًا، وعمق كل علامة عشرات مقابل مئات فعلية) — تُستخدم للتقاطع بالباركود لا كمصدر أول. المصدر المفضّل: كتالوج المصنّع أو كتالوج التجزئة السعودي.
QGAP-01172,سفن أب فري / دايت,7UP Free / Diet,سفن أب,7UP,7UP,PACKAGED,مشروبات,غازية,Free / Diet,,KSA,VERY_HIGH,P0,MISSING,,OFFICIAL_MANUFACTURER,7UP official product page,,,,,,,,,,NONE,HIGH,سفن أب,7UP,تغطية OpenFoodFacts للسوق السعودي ضحلة (١٦٤٩٢ منتجًا إجماليًا، وعمق كل علامة عشرات مقابل مئات فعلية) — تُستخدم للتقاطع بالباركود لا كمصدر أول. المصدر المفضّل: كتالوج المصنّع أو كتالوج التجزئة السعودي.
QGAP-01173,ميرندا برتقال,Mirinda orange,ميرندا,Mirinda,Mirinda,PACKAGED,مشروبات,غازية,orange,,KSA,HIGH,P1,EXISTS_GENERIC_ONLY,orange · برتقال,OFFICIAL_MANUFACTURER,Mirinda official product page,,,,,,,,,,NONE,MEDIUM,ميرندا,Mirinda,تغطية OpenFoodFacts للسوق السعودي ضحلة (١٦٤٩٢ منتجًا إجماليًا، وعمق كل علامة عشرات مقابل مئات فعلية) — تُستخدم للتقاطع بالباركود لا كمصدر أول. المصدر المفضّل: كتالوج المصنّع أو كتالوج التجزئة السعودي.
QGAP-01174,ميرندا فراولة,Mirinda strawberry,ميرندا,Mirinda,Mirinda,PACKAGED,مشروبات,غازية,strawberry,,KSA,HIGH,P1,EXISTS_GENERIC_ONLY,strawberry · فراولة,OFFICIAL_MANUFACTURER,Mirinda official product page,,,,,,,,,,NONE,MEDIUM,ميرندا,Mirinda,تغطية OpenFoodFacts للسوق السعودي ضحلة (١٦٤٩٢ منتجًا إجماليًا، وعمق كل علامة عشرات مقابل مئات فعلية) — تُستخدم للتقاطع بالباركود لا كمصدر أول. المصدر المفضّل: كتالوج المصنّع أو كتالوج التجزئة السعودي.
QGAP-01175,ميرندا تفاح,Mirinda apple,ميرندا,Mirinda,Mirinda,PACKAGED,مشروبات,غازية,apple,,KSA,HIGH,P1,MISSING,,OFFICIAL_MANUFACTURER,Mirinda official product page,,,,,,,,,,NONE,HIGH,ميرندا,Mirinda,تغطية OpenFoodFacts للسوق السعودي ضحلة (١٦٤٩٢ منتجًا إجماليًا، وعمق كل علامة عشرات مقابل مئات فعلية) — تُستخدم للتقاطع بالباركود لا كمصدر أول. المصدر المفضّل: كتالوج المصنّع أو كتالوج التجزئة السعودي.
QGAP-01176,ميرندا عنب,Mirinda grape,ميرندا,Mirinda,Mirinda,PACKAGED,مشروبات,غازية,grape,,KSA,HIGH,P1,MISSING,,OFFICIAL_MANUFACTURER,Mirinda official product page,,,,,,,,,,NONE,HIGH,ميرندا,Mirinda,تغطية OpenFoodFacts للسوق السعودي ضحلة (١٦٤٩٢ منتجًا إجماليًا، وعمق كل علامة عشرات مقابل مئات فعلية) — تُستخدم للتقاطع بالباركود لا كمصدر أول. المصدر المفضّل: كتالوج المصنّع أو كتالوج التجزئة السعودي.
QGAP-01177,سبرايت أصلي,Sprite original,سبرايت,Sprite,Sprite,PACKAGED,مشروبات,غازية,original,,KSA,HIGH,P1,MISSING,,OFFICIAL_MANUFACTURER,Sprite official product page,,,,,,,,,,NONE,HIGH,سبرايت,Sprite,تغطية OpenFoodFacts للسوق السعودي ضحلة (١٦٤٩٢ منتجًا إجماليًا، وعمق كل علامة عشرات مقابل مئات فعلية) — تُستخدم للتقاطع بالباركود لا كمصدر أول. المصدر المفضّل: كتالوج المصنّع أو كتالوج التجزئة السعودي.
QGAP-01178,سبرايت زيرو,Sprite Zero,سبرايت,Sprite,Sprite,PACKAGED,مشروبات,غازية,Zero,,KSA,HIGH,P1,MISSING,,OFFICIAL_MANUFACTURER,Sprite official product page,,,,,,,,,,NONE,HIGH,سبرايت,Sprite,تغطية OpenFoodFacts للسوق السعودي ضحلة (١٦٤٩٢ منتجًا إجماليًا، وعمق كل علامة عشرات مقابل مئات فعلية) — تُستخدم للتقاطع بالباركود لا كمصدر أول. المصدر المفضّل: كتالوج المصنّع أو كتالوج التجزئة السعودي.
QGAP-01179,فانتا برتقال,Fanta orange,فانتا,Fanta,Fanta,PACKAGED,مشروبات,غازية,orange,,KSA,HIGH,P1,EXISTS_GENERIC_ONLY,orange · برتقال,OFFICIAL_MANUFACTURER,Fanta official product page,,,,,,,,,,NONE,MEDIUM,فانتا,Fanta,تغطية OpenFoodFacts للسوق السعودي ضحلة (١٦٤٩٢ منتجًا إجماليًا، وعمق كل علامة عشرات مقابل مئات فعلية) — تُستخدم للتقاطع بالباركود لا كمصدر أول. المصدر المفضّل: كتالوج المصنّع أو كتالوج التجزئة السعودي.
QGAP-01180,فانتا فراولة,Fanta strawberry,فانتا,Fanta,Fanta,PACKAGED,مشروبات,غازية,strawberry,,KSA,HIGH,P1,EXISTS_GENERIC_ONLY,strawberry · فراولة,OFFICIAL_MANUFACTURER,Fanta official product page,,,,,,,,,,NONE,MEDIUM,فانتا,Fanta,تغطية OpenFoodFacts للسوق السعودي ضحلة (١٦٤٩٢ منتجًا إجماليًا، وعمق كل علامة عشرات مقابل مئات فعلية) — تُستخدم للتقاطع بالباركود لا كمصدر أول. المصدر المفضّل: كتالوج المصنّع أو كتالوج التجزئة السعودي.
QGAP-01181,فانتا عنب,Fanta grape,فانتا,Fanta,Fanta,PACKAGED,مشروبات,غازية,grape,,KSA,HIGH,P1,MISSING,,OFFICIAL_MANUFACTURER,Fanta official product page,,,,,,,,,,NONE,HIGH,فانتا,Fanta,تغطية OpenFoodFacts للسوق السعودي ضحلة (١٦٤٩٢ منتجًا إجماليًا، وعمق كل علامة عشرات مقابل مئات فعلية) — تُستخدم للتقاطع بالباركود لا كمصدر أول. المصدر المفضّل: كتالوج المصنّع أو كتالوج التجزئة السعودي.
QGAP-01182,ماونتن ديو أصلي,Mountain Dew original,ماونتن ديو,Mountain Dew,Mountain Dew,PACKAGED,مشروبات,غازية,original,,KSA,MEDIUM,P2,MISSING,,OFFICIAL_MANUFACTURER,Mountain Dew official product page,,,,,,,,,,NONE,HIGH,ماونتن ديو,Mountain Dew,تغطية OpenFoodFacts للسوق السعودي ضحلة (١٦٤٩٢ منتجًا إجماليًا، وعمق كل علامة عشرات مقابل مئات فعلية) — تُستخدم للتقاطع بالباركود لا كمصدر أول. المصدر المفضّل: كتالوج المصنّع أو كتالوج التجزئة السعودي.
QGAP-01183,باربيكان سادة,Barbican plain malt,باربيكان,Barbican,Barbican,PACKAGED,مشروبات,شعير,plain malt,,KSA,VERY_HIGH,P0,MISSING,,OFFICIAL_MANUFACTURER,Barbican official product page,,,,,,,,,,NONE,HIGH,باربيكان,Barbican,تغطية OpenFoodFacts للسوق السعودي ضحلة (١٦٤٩٢ منتجًا إجماليًا، وعمق كل علامة عشرات مقابل مئات فعلية) — تُستخدم للتقاطع بالباركود لا كمصدر أول. المصدر المفضّل: كتالوج المصنّع أو كتالوج التجزئة السعودي.
QGAP-01184,باربيكان تفاح,Barbican apple,باربيكان,Barbican,Barbican,PACKAGED,مشروبات,شعير,apple,,KSA,VERY_HIGH,P0,MISSING,,OFFICIAL_MANUFACTURER,Barbican official product page,,,,,,,,,,NONE,HIGH,باربيكان,Barbican,تغطية OpenFoodFacts للسوق السعودي ضحلة (١٦٤٩٢ منتجًا إجماليًا، وعمق كل علامة عشرات مقابل مئات فعلية) — تُستخدم للتقاطع بالباركود لا كمصدر أول. المصدر المفضّل: كتالوج المصنّع أو كتالوج التجزئة السعودي.
QGAP-01185,باربيكان فراولة,Barbican strawberry,باربيكان,Barbican,Barbican,PACKAGED,مشروبات,شعير,strawberry,,KSA,VERY_HIGH,P0,MISSING,,OFFICIAL_MANUFACTURER,Barbican official product page,,,,,,,,,,NONE,HIGH,باربيكان,Barbican,تغطية OpenFoodFacts للسوق السعودي ضحلة (١٦٤٩٢ منتجًا إجماليًا، وعمق كل علامة عشرات مقابل مئات فعلية) — تُستخدم للتقاطع بالباركود لا كمصدر أول. المصدر المفضّل: كتالوج المصنّع أو كتالوج التجزئة السعودي.
QGAP-01186,باربيكان رمان,Barbican pomegranate,باربيكان,Barbican,Barbican,PACKAGED,مشروبات,شعير,pomegranate,,KSA,VERY_HIGH,P0,EXISTS_GENERIC_ONLY,pomegranate · رمان,OFFICIAL_MANUFACTURER,Barbican official product page,,,,,,,,,,NONE,MEDIUM,باربيكان,Barbican,تغطية OpenFoodFacts للسوق السعودي ضحلة (١٦٤٩٢ منتجًا إجماليًا، وعمق كل علامة عشرات مقابل مئات فعلية) — تُستخدم للتقاطع بالباركود لا كمصدر أول. المصدر المفضّل: كتالوج المصنّع أو كتالوج التجزئة السعودي.
QGAP-01187,باربيكان خوخ,Barbican peach,باربيكان,Barbican,Barbican,PACKAGED,مشروبات,شعير,peach,,KSA,VERY_HIGH,P0,MISSING,,OFFICIAL_MANUFACTURER,Barbican official product page,,,,,,,,,,NONE,HIGH,باربيكان,Barbican,تغطية OpenFoodFacts للسوق السعودي ضحلة (١٦٤٩٢ منتجًا إجماليًا، وعمق كل علامة عشرات مقابل مئات فعلية) — تُستخدم للتقاطع بالباركود لا كمصدر أول. المصدر المفضّل: كتالوج المصنّع أو كتالوج التجزئة السعودي.
QGAP-01188,باربيكان أناناس,Barbican pineapple,باربيكان,Barbican,Barbican,PACKAGED,مشروبات,شعير,pineapple,,KSA,VERY_HIGH,P0,EXISTS_GENERIC_ONLY,pineapple · أناناس,OFFICIAL_MANUFACTURER,Barbican official product page,,,,,,,,,,NONE,MEDIUM,باربيكان,Barbican,تغطية OpenFoodFacts للسوق السعودي ضحلة (١٦٤٩٢ منتجًا إجماليًا، وعمق كل علامة عشرات مقابل مئات فعلية) — تُستخدم للتقاطع بالباركود لا كمصدر أول. المصدر المفضّل: كتالوج المصنّع أو كتالوج التجزئة السعودي.
QGAP-01189,باربيكان ليمون,Barbican lemon,باربيكان,Barbican,Barbican,PACKAGED,مشروبات,شعير,lemon,,KSA,VERY_HIGH,P0,MISSING,,OFFICIAL_MANUFACTURER,Barbican official product page,,,,,,,,,,NONE,HIGH,باربيكان,Barbican,تغطية OpenFoodFacts للسوق السعودي ضحلة (١٦٤٩٢ منتجًا إجماليًا، وعمق كل علامة عشرات مقابل مئات فعلية) — تُستخدم للتقاطع بالباركود لا كمصدر أول. المصدر المفضّل: كتالوج المصنّع أو كتالوج التجزئة السعودي.
QGAP-01190,باربيكان عنب,Barbican grape,باربيكان,Barbican,Barbican,PACKAGED,مشروبات,شعير,grape,,KSA,VERY_HIGH,P0,MISSING,,OFFICIAL_MANUFACTURER,Barbican official product page,,,,,,,,,,NONE,HIGH,باربيكان,Barbican,تغطية OpenFoodFacts للسوق السعودي ضحلة (١٦٤٩٢ منتجًا إجماليًا، وعمق كل علامة عشرات مقابل مئات فعلية) — تُستخدم للتقاطع بالباركود لا كمصدر أول. المصدر المفضّل: كتالوج المصنّع أو كتالوج التجزئة السعودي.
QGAP-01191,موسي سادة,Moussy plain,موسي,Moussy,Moussy,PACKAGED,مشروبات,شعير,plain,,KSA,HIGH,P1,MISSING,,OFFICIAL_MANUFACTURER,Moussy official product page,,,,,,,,,,NONE,HIGH,موسي,Moussy,تغطية OpenFoodFacts للسوق السعودي ضحلة (١٦٤٩٢ منتجًا إجماليًا، وعمق كل علامة عشرات مقابل مئات فعلية) — تُستخدم للتقاطع بالباركود لا كمصدر أول. المصدر المفضّل: كتالوج المصنّع أو كتالوج التجزئة السعودي.
QGAP-01192,موسي تفاح,Moussy apple,موسي,Moussy,Moussy,PACKAGED,مشروبات,شعير,apple,,KSA,HIGH,P1,EXISTS_GENERIC_ONLY,apple · تفاح,OFFICIAL_MANUFACTURER,Moussy official product page,,,,,,,,,,NONE,MEDIUM,موسي,Moussy,تغطية OpenFoodFacts للسوق السعودي ضحلة (١٦٤٩٢ منتجًا إجماليًا، وعمق كل علامة عشرات مقابل مئات فعلية) — تُستخدم للتقاطع بالباركود لا كمصدر أول. المصدر المفضّل: كتالوج المصنّع أو كتالوج التجزئة السعودي.
QGAP-01193,موسي خوخ,Moussy peach,موسي,Moussy,Moussy,PACKAGED,مشروبات,شعير,peach,,KSA,HIGH,P1,MISSING,,OFFICIAL_MANUFACTURER,Moussy official product page,,,,,,,,,,NONE,HIGH,موسي,Moussy,تغطية OpenFoodFacts للسوق السعودي ضحلة (١٦٤٩٢ منتجًا إجماليًا، وعمق كل علامة عشرات مقابل مئات فعلية) — تُستخدم للتقاطع بالباركود لا كمصدر أول. المصدر المفضّل: كتالوج المصنّع أو كتالوج التجزئة السعودي.
QGAP-01194,موسي ليمون,Moussy lemon,موسي,Moussy,Moussy,PACKAGED,مشروبات,شعير,lemon,,KSA,HIGH,P1,MISSING,,OFFICIAL_MANUFACTURER,Moussy official product page,,,,,,,,,,NONE,HIGH,موسي,Moussy,تغطية OpenFoodFacts للسوق السعودي ضحلة (١٦٤٩٢ منتجًا إجماليًا، وعمق كل علامة عشرات مقابل مئات فعلية) — تُستخدم للتقاطع بالباركود لا كمصدر أول. المصدر المفضّل: كتالوج المصنّع أو كتالوج التجزئة السعودي.
QGAP-01195,فيمتو شراب مركّز,Vimto cordial concentrate,فيمتو,Vimto,Vimto,PACKAGED,مشروبات,شراب,cordial concentrate,,KSA,VERY_HIGH,P1,MISSING,,OFFICIAL_MANUFACTURER,Vimto official product page,,,,,,,,,,NONE,HIGH,فيمتو,Vimto,تغطية OpenFoodFacts للسوق السعودي ضحلة (١٦٤٩٢ منتجًا إجماليًا، وعمق كل علامة عشرات مقابل مئات فعلية) — تُستخدم للتقاطع بالباركود لا كمصدر أول. المصدر المفضّل: كتالوج المصنّع أو كتالوج التجزئة السعودي.
QGAP-01196,فيمتو جاهز للشرب,Vimto ready to drink,فيمتو,Vimto,Vimto,PACKAGED,مشروبات,شراب,ready to drink,,KSA,VERY_HIGH,P1,MISSING,,OFFICIAL_MANUFACTURER,Vimto official product page,,,,,,,,,,NONE,HIGH,فيمتو,Vimto,تغطية OpenFoodFacts للسوق السعودي ضحلة (١٦٤٩٢ منتجًا إجماليًا، وعمق كل علامة عشرات مقابل مئات فعلية) — تُستخدم للتقاطع بالباركود لا كمصدر أول. المصدر المفضّل: كتالوج المصنّع أو كتالوج التجزئة السعودي.
QGAP-01197,فيمتو فوّار,Vimto sparkling,فيمتو,Vimto,Vimto,PACKAGED,مشروبات,شراب,sparkling,,KSA,VERY_HIGH,P1,EXISTS_GENERIC_ONLY,vimto · فيمتو,OFFICIAL_MANUFACTURER,Vimto official product page,,,,,,,,,,NONE,MEDIUM,فيمتو,Vimto,تغطية OpenFoodFacts للسوق السعودي ضحلة (١٦٤٩٢ منتجًا إجماليًا، وعمق كل علامة عشرات مقابل مئات فعلية) — تُستخدم للتقاطع بالباركود لا كمصدر أول. المصدر المفضّل: كتالوج المصنّع أو كتالوج التجزئة السعودي.
QGAP-01198,ريد بول أصلي,Red Bull original,ريد بول,Red Bull,Red Bull,PACKAGED,مشروبات,طاقة,original,,KSA,HIGH,P1,MISSING,,OFFICIAL_MANUFACTURER,Red Bull official product page,,,,,,,,,,NONE,HIGH,ريد بول,Red Bull,تغطية OpenFoodFacts للسوق السعودي ضحلة (١٦٤٩٢ منتجًا إجماليًا، وعمق كل علامة عشرات مقابل مئات فعلية) — تُستخدم للتقاطع بالباركود لا كمصدر أول. المصدر المفضّل: كتالوج المصنّع أو كتالوج التجزئة السعودي.
QGAP-01199,ريد بول شوجر فري,Red Bull sugar free,ريد بول,Red Bull,Red Bull,PACKAGED,مشروبات,طاقة,sugar free,,KSA,HIGH,P1,MISSING,,OFFICIAL_MANUFACTURER,Red Bull official product page,,,,,,,,,,NONE,HIGH,ريد بول,Red Bull,تغطية OpenFoodFacts للسوق السعودي ضحلة (١٦٤٩٢ منتجًا إجماليًا، وعمق كل علامة عشرات مقابل مئات فعلية) — تُستخدم للتقاطع بالباركود لا كمصدر أول. المصدر المفضّل: كتالوج المصنّع أو كتالوج التجزئة السعودي.
QGAP-01200,ريد بول إصدار النكهات,Red Bull editions,ريد بول,Red Bull,Red Bull,PACKAGED,مشروبات,طاقة,editions,,KSA,HIGH,P1,MISSING,,OFFICIAL_MANUFACTURER,Red Bull official product page,,,,,,,,,,NONE,HIGH,ريد بول,Red Bull,تغطية OpenFoodFacts للسوق السعودي ضحلة (١٦٤٩٢ منتجًا إجماليًا، وعمق كل علامة عشرات مقابل مئات فعلية) — تُستخدم للتقاطع بالباركود لا كمصدر أول. المصدر المفضّل: كتالوج المصنّع أو كتالوج التجزئة السعودي.
QGAP-01201,كود ريد أصلي,Code Red original,كود ريد,Code Red,Code Red,PACKAGED,مشروبات,طاقة,original,,KSA,HIGH,P2,MISSING,,OFFICIAL_LOCAL,Saudi retailer catalogue (Panda/Othaim/Tamimi/Nana) + barcode,,,,,,,,,,NONE,HIGH,كود ريد,Code Red,تغطية OpenFoodFacts للسوق السعودي ضحلة (١٦٤٩٢ منتجًا إجماليًا، وعمق كل علامة عشرات مقابل مئات فعلية) — تُستخدم للتقاطع بالباركود لا كمصدر أول. المصدر المفضّل: كتالوج المصنّع أو كتالوج التجزئة السعودي.
QGAP-01202,كود ريد خالي السكر,Code Red sugar free,كود ريد,Code Red,Code Red,PACKAGED,مشروبات,طاقة,sugar free,,KSA,HIGH,P2,MISSING,,OFFICIAL_LOCAL,Saudi retailer catalogue (Panda/Othaim/Tamimi/Nana) + barcode,,,,,,,,,,NONE,HIGH,كود ريد,Code Red,تغطية OpenFoodFacts للسوق السعودي ضحلة (١٦٤٩٢ منتجًا إجماليًا، وعمق كل علامة عشرات مقابل مئات فعلية) — تُستخدم للتقاطع بالباركود لا كمصدر أول. المصدر المفضّل: كتالوج المصنّع أو كتالوج التجزئة السعودي.
QGAP-01203,بايسون أصلي,Bison original,بايسون,Bison,Bison,PACKAGED,مشروبات,طاقة,original,,KSA,HIGH,P2,MISSING,,OFFICIAL_LOCAL,Saudi retailer catalogue (Panda/Othaim/Tamimi/Nana) + barcode,,,,,,,,,,NONE,HIGH,بايسون,Bison,تغطية OpenFoodFacts للسوق السعودي ضحلة (١٦٤٩٢ منتجًا إجماليًا، وعمق كل علامة عشرات مقابل مئات فعلية) — تُستخدم للتقاطع بالباركود لا كمصدر أول. المصدر المفضّل: كتالوج المصنّع أو كتالوج التجزئة السعودي.
QGAP-01204,بايسون مالت,Bison malt,بايسون,Bison,Bison,PACKAGED,مشروبات,طاقة,malt,,KSA,HIGH,P2,MISSING,,OFFICIAL_LOCAL,Saudi retailer catalogue (Panda/Othaim/Tamimi/Nana) + barcode,,,,,,,,,,NONE,HIGH,بايسون,Bison,تغطية OpenFoodFacts للسوق السعودي ضحلة (١٦٤٩٢ منتجًا إجماليًا، وعمق كل علامة عشرات مقابل مئات فعلية) — تُستخدم للتقاطع بالباركود لا كمصدر أول. المصدر المفضّل: كتالوج المصنّع أو كتالوج التجزئة السعودي.
QGAP-01205,باور هورس أصلي,Power Horse original,باور هورس,Power Horse,Power Horse,PACKAGED,مشروبات,طاقة,original,,KSA,MEDIUM,P2,MISSING,,OFFICIAL_MANUFACTURER,Power Horse official product page,,,,,,,,,,NONE,HIGH,باور هورس,Power Horse,تغطية OpenFoodFacts للسوق السعودي ضحلة (١٦٤٩٢ منتجًا إجماليًا، وعمق كل علامة عشرات مقابل مئات فعلية) — تُستخدم للتقاطع بالباركود لا كمصدر أول. المصدر المفضّل: كتالوج المصنّع أو كتالوج التجزئة السعودي.
QGAP-01206,نوفا مياه شرب,Nova drinking water,نوفا,Nova,Nova,PACKAGED,مشروبات,مياه,drinking water,,KSA,HIGH,P2,MISSING,,OFFICIAL_LOCAL,Saudi retailer catalogue (Panda/Othaim/Tamimi/Nana) + barcode,,,,,,,,,,NONE,HIGH,نوفا,Nova,مياه — صفر سعرات؛ القيمة في الأملاح المعدنية على الملصق.
QGAP-01207,صفا مياه شرب,Safa drinking water,صفا,Safa,Safa,PACKAGED,مشروبات,مياه,drinking water,,KSA,HIGH,P2,MISSING,,OFFICIAL_LOCAL,Saudi retailer catalogue (Panda/Othaim/Tamimi/Nana) + barcode,,,,,,,,,,NONE,HIGH,صفا,Safa,مياه — صفر سعرات.
QGAP-01208,هنا مياه شرب,Hana drinking water,هنا,Hana,Hana,PACKAGED,مشروبات,مياه,drinking water,,KSA,HIGH,P2,MISSING,,OFFICIAL_LOCAL,Saudi retailer catalogue (Panda/Othaim/Tamimi/Nana) + barcode,,,,,,,,,,NONE,HIGH,هنا,Hana,مياه — صفر سعرات.
QGAP-01209,بيرين مياه شرب,Berain drinking water,بيرين,Berain,Berain,PACKAGED,مشروبات,مياه,drinking water,,KSA,HIGH,P2,MISSING,,OFFICIAL_LOCAL,Saudi retailer catalogue (Panda/Othaim/Tamimi/Nana) + barcode,,,,,,,,,,NONE,HIGH,بيرين,Berain,مياه — صفر سعرات.
QGAP-01210,أكوافينا مياه شرب,Aquafina drinking water,أكوافينا,Aquafina,Aquafina,PACKAGED,مشروبات,مياه,drinking water,,KSA,HIGH,P2,MISSING,,OFFICIAL_MANUFACTURER,Aquafina official product page,,,,,,,,,,NONE,HIGH,أكوافينا,Aquafina,مياه — صفر سعرات.
QGAP-01211,سنبلة سمبوسة جاهزة,Sunbulah samosa pastry,سنبلة,Sunbulah,Sunbulah,PACKAGED,مجمدات,معجنات ومجمدات,samosa pastry,,KSA,VERY_HIGH,P0,MISSING,,OFFICIAL_LOCAL,Saudi retailer catalogue (Panda/Othaim/Tamimi/Nana) + barcode,,,,,,,,,,NONE,HIGH,سنبلة,Sunbulah,تغطية OpenFoodFacts للسوق السعودي ضحلة (١٦٤٩٢ منتجًا إجماليًا، وعمق كل علامة عشرات مقابل مئات فعلية) — تُستخدم للتقاطع بالباركود لا كمصدر أول. المصدر المفضّل: كتالوج المصنّع أو كتالوج التجزئة السعودي.
QGAP-01212,سنبلة عجينة سمبوسة,Sunbulah samosa sheets,سنبلة,Sunbulah,Sunbulah,PACKAGED,مجمدات,معجنات ومجمدات,samosa sheets,,KSA,VERY_HIGH,P0,MISSING,,OFFICIAL_LOCAL,Saudi retailer catalogue (Panda/Othaim/Tamimi/Nana) + barcode,,,,,,,,,,NONE,HIGH,سنبلة,Sunbulah,تغطية OpenFoodFacts للسوق السعودي ضحلة (١٦٤٩٢ منتجًا إجماليًا، وعمق كل علامة عشرات مقابل مئات فعلية) — تُستخدم للتقاطع بالباركود لا كمصدر أول. المصدر المفضّل: كتالوج المصنّع أو كتالوج التجزئة السعودي.
QGAP-01213,سنبلة عجينة بف باستري,Sunbulah puff pastry,سنبلة,Sunbulah,Sunbulah,PACKAGED,مجمدات,معجنات ومجمدات,puff pastry,,KSA,VERY_HIGH,P0,MISSING,,OFFICIAL_LOCAL,Saudi retailer catalogue (Panda/Othaim/Tamimi/Nana) + barcode,,,,,,,,,,NONE,HIGH,سنبلة,Sunbulah,تغطية OpenFoodFacts للسوق السعودي ضحلة (١٦٤٩٢ منتجًا إجماليًا، وعمق كل علامة عشرات مقابل مئات فعلية) — تُستخدم للتقاطع بالباركود لا كمصدر أول. المصدر المفضّل: كتالوج المصنّع أو كتالوج التجزئة السعودي.
QGAP-01214,سنبلة كبة مجمدة,Sunbulah frozen kibbeh,سنبلة,Sunbulah,Sunbulah,PACKAGED,مجمدات,معجنات ومجمدات,frozen kibbeh,,KSA,VERY_HIGH,P0,MISSING,,OFFICIAL_LOCAL,Saudi retailer catalogue (Panda/Othaim/Tamimi/Nana) + barcode,,,,,,,,,,NONE,HIGH,سنبلة,Sunbulah,تغطية OpenFoodFacts للسوق السعودي ضحلة (١٦٤٩٢ منتجًا إجماليًا، وعمق كل علامة عشرات مقابل مئات فعلية) — تُستخدم للتقاطع بالباركود لا كمصدر أول. المصدر المفضّل: كتالوج المصنّع أو كتالوج التجزئة السعودي.
QGAP-01215,سنبلة بطاطس مقلية مجمدة,Sunbulah frozen french fries,سنبلة,Sunbulah,Sunbulah,PACKAGED,مجمدات,معجنات ومجمدات,frozen french fries,,KSA,VERY_HIGH,P0,EXISTS_GENERIC_ONLY,fries · بطاطس مقلية,OFFICIAL_LOCAL,Saudi retailer catalogue (Panda/Othaim/Tamimi/Nana) + barcode,,,,,,,,,,NONE,MEDIUM,سنبلة,Sunbulah,تغطية OpenFoodFacts للسوق السعودي ضحلة (١٦٤٩٢ منتجًا إجماليًا، وعمق كل علامة عشرات مقابل مئات فعلية) — تُستخدم للتقاطع بالباركود لا كمصدر أول. المصدر المفضّل: كتالوج المصنّع أو كتالوج التجزئة السعودي.
QGAP-01216,سنبلة خضار مشكلة مجمدة,Sunbulah frozen mixed vegetables,سنبلة,Sunbulah,Sunbulah,PACKAGED,مجمدات,معجنات ومجمدات,frozen mixed vegetables,,KSA,VERY_HIGH,P0,EXISTS_GENERIC_ONLY,mixed-vegetables · خضار مشكلة,OFFICIAL_LOCAL,Saudi retailer catalogue (Panda/Othaim/Tamimi/Nana) + barcode,,,,,,,,,,NONE,MEDIUM,سنبلة,Sunbulah,تغطية OpenFoodFacts للسوق السعودي ضحلة (١٦٤٩٢ منتجًا إجماليًا، وعمق كل علامة عشرات مقابل مئات فعلية) — تُستخدم للتقاطع بالباركود لا كمصدر أول. المصدر المفضّل: كتالوج المصنّع أو كتالوج التجزئة السعودي.
QGAP-01217,سنبلة بازلاء مجمدة,Sunbulah frozen peas,سنبلة,Sunbulah,Sunbulah,PACKAGED,مجمدات,معجنات ومجمدات,frozen peas,,KSA,VERY_HIGH,P0,MISSING,,OFFICIAL_LOCAL,Saudi retailer catalogue (Panda/Othaim/Tamimi/Nana) + barcode,,,,,,,,,,NONE,HIGH,سنبلة,Sunbulah,تغطية OpenFoodFacts للسوق السعودي ضحلة (١٦٤٩٢ منتجًا إجماليًا، وعمق كل علامة عشرات مقابل مئات فعلية) — تُستخدم للتقاطع بالباركود لا كمصدر أول. المصدر المفضّل: كتالوج المصنّع أو كتالوج التجزئة السعودي.
QGAP-01218,سنبلة بامية مجمدة,Sunbulah frozen okra,سنبلة,Sunbulah,Sunbulah,PACKAGED,مجمدات,معجنات ومجمدات,frozen okra,,KSA,VERY_HIGH,P0,MISSING,,OFFICIAL_LOCAL,Saudi retailer catalogue (Panda/Othaim/Tamimi/Nana) + barcode,,,,,,,,,,NONE,HIGH,سنبلة,Sunbulah,تغطية OpenFoodFacts للسوق السعودي ضحلة (١٦٤٩٢ منتجًا إجماليًا، وعمق كل علامة عشرات مقابل مئات فعلية) — تُستخدم للتقاطع بالباركود لا كمصدر أول. المصدر المفضّل: كتالوج المصنّع أو كتالوج التجزئة السعودي.
QGAP-01219,سنبلة فطائر مجمدة,Sunbulah frozen pastries,سنبلة,Sunbulah,Sunbulah,PACKAGED,مجمدات,معجنات ومجمدات,frozen pastries,,KSA,VERY_HIGH,P0,MISSING,,OFFICIAL_LOCAL,Saudi retailer catalogue (Panda/Othaim/Tamimi/Nana) + barcode,,,,,,,,,,NONE,HIGH,سنبلة,Sunbulah,تغطية OpenFoodFacts للسوق السعودي ضحلة (١٦٤٩٢ منتجًا إجماليًا، وعمق كل علامة عشرات مقابل مئات فعلية) — تُستخدم للتقاطع بالباركود لا كمصدر أول. المصدر المفضّل: كتالوج المصنّع أو كتالوج التجزئة السعودي.
QGAP-01220,سنبلة دجاج مجمد,Sunbulah frozen chicken,سنبلة,Sunbulah,Sunbulah,PACKAGED,مجمدات,معجنات ومجمدات,frozen chicken,,KSA,VERY_HIGH,P0,MISSING,,OFFICIAL_LOCAL,Saudi retailer catalogue (Panda/Othaim/Tamimi/Nana) + barcode,,,,,,,,,,NONE,HIGH,سنبلة,Sunbulah,تغطية OpenFoodFacts للسوق السعودي ضحلة (١٦٤٩٢ منتجًا إجماليًا، وعمق كل علامة عشرات مقابل مئات فعلية) — تُستخدم للتقاطع بالباركود لا كمصدر أول. المصدر المفضّل: كتالوج المصنّع أو كتالوج التجزئة السعودي.
QGAP-01221,سنبلة برجر لحم مجمد,Sunbulah frozen beef burger,سنبلة,Sunbulah,Sunbulah,PACKAGED,مجمدات,معجنات ومجمدات,frozen beef burger,,KSA,VERY_HIGH,P0,MISSING,,OFFICIAL_LOCAL,Saudi retailer catalogue (Panda/Othaim/Tamimi/Nana) + barcode,,,,,,,,,,NONE,HIGH,سنبلة,Sunbulah,تغطية OpenFoodFacts للسوق السعودي ضحلة (١٦٤٩٢ منتجًا إجماليًا، وعمق كل علامة عشرات مقابل مئات فعلية) — تُستخدم للتقاطع بالباركود لا كمصدر أول. المصدر المفضّل: كتالوج المصنّع أو كتالوج التجزئة السعودي.
QGAP-01222,سنبلة نجت دجاج,Sunbulah chicken nuggets,سنبلة,Sunbulah,Sunbulah,PACKAGED,مجمدات,معجنات ومجمدات,chicken nuggets,,KSA,VERY_HIGH,P0,EXISTS_GENERIC_ONLY,chicken-nuggets · ناجتس دجاج,OFFICIAL_LOCAL,Saudi retailer catalogue (Panda/Othaim/Tamimi/Nana) + barcode,,,,,,,,,,NONE,MEDIUM,سنبلة,Sunbulah,تغطية OpenFoodFacts للسوق السعودي ضحلة (١٦٤٩٢ منتجًا إجماليًا، وعمق كل علامة عشرات مقابل مئات فعلية) — تُستخدم للتقاطع بالباركود لا كمصدر أول. المصدر المفضّل: كتالوج المصنّع أو كتالوج التجزئة السعودي.
QGAP-01223,سنبلة معجنات جبن,Sunbulah cheese pastries,سنبلة,Sunbulah,Sunbulah,PACKAGED,مجمدات,معجنات ومجمدات,cheese pastries,,KSA,VERY_HIGH,P0,MISSING,,OFFICIAL_LOCAL,Saudi retailer catalogue (Panda/Othaim/Tamimi/Nana) + barcode,,,,,,,,,,NONE,HIGH,سنبلة,Sunbulah,تغطية OpenFoodFacts للسوق السعودي ضحلة (١٦٤٩٢ منتجًا إجماليًا، وعمق كل علامة عشرات مقابل مئات فعلية) — تُستخدم للتقاطع بالباركود لا كمصدر أول. المصدر المفضّل: كتالوج المصنّع أو كتالوج التجزئة السعودي.
QGAP-01224,سنبلة مسحب,Sunbulah chicken strips,سنبلة,Sunbulah,Sunbulah,PACKAGED,مجمدات,معجنات ومجمدات,chicken strips,,KSA,VERY_HIGH,P0,MISSING,,OFFICIAL_LOCAL,Saudi retailer catalogue (Panda/Othaim/Tamimi/Nana) + barcode,,,,,,,,,,NONE,HIGH,سنبلة,Sunbulah,تغطية OpenFoodFacts للسوق السعودي ضحلة (١٦٤٩٢ منتجًا إجماليًا، وعمق كل علامة عشرات مقابل مئات فعلية) — تُستخدم للتقاطع بالباركود لا كمصدر أول. المصدر المفضّل: كتالوج المصنّع أو كتالوج التجزئة السعودي.
QGAP-01225,الكبير كبة,Al Kabeer kibbeh,الكبير,Al Kabeer,Al Kabeer,PACKAGED,مجمدات,مجمدات,kibbeh,,KSA,VERY_HIGH,P0,MISSING,,OFFICIAL_LOCAL,Saudi retailer catalogue (Panda/Othaim/Tamimi/Nana) + barcode,,,,,,,,,,NONE,HIGH,الكبير,Al Kabeer,تغطية OpenFoodFacts للسوق السعودي ضحلة (١٦٤٩٢ منتجًا إجماليًا، وعمق كل علامة عشرات مقابل مئات فعلية) — تُستخدم للتقاطع بالباركود لا كمصدر أول. المصدر المفضّل: كتالوج المصنّع أو كتالوج التجزئة السعودي.
QGAP-01226,الكبير سمبوسة لحم,Al Kabeer meat samosa,الكبير,Al Kabeer,Al Kabeer,PACKAGED,مجمدات,مجمدات,meat samosa,,KSA,VERY_HIGH,P0,EXISTS_GENERIC_ONLY,samosa-meat · سمبوسة لحم,OFFICIAL_LOCAL,Saudi retailer catalogue (Panda/Othaim/Tamimi/Nana) + barcode,,,,,,,,,,NONE,MEDIUM,الكبير,Al Kabeer,تغطية OpenFoodFacts للسوق السعودي ضحلة (١٦٤٩٢ منتجًا إجماليًا، وعمق كل علامة عشرات مقابل مئات فعلية) — تُستخدم للتقاطع بالباركود لا كمصدر أول. المصدر المفضّل: كتالوج المصنّع أو كتالوج التجزئة السعودي.
QGAP-01227,الكبير سمبوسة خضار,Al Kabeer vegetable samosa,الكبير,Al Kabeer,Al Kabeer,PACKAGED,مجمدات,مجمدات,vegetable samosa,,KSA,VERY_HIGH,P0,MISSING,,OFFICIAL_LOCAL,Saudi retailer catalogue (Panda/Othaim/Tamimi/Nana) + barcode,,,,,,,,,,NONE,HIGH,الكبير,Al Kabeer,تغطية OpenFoodFacts للسوق السعودي ضحلة (١٦٤٩٢ منتجًا إجماليًا، وعمق كل علامة عشرات مقابل مئات فعلية) — تُستخدم للتقاطع بالباركود لا كمصدر أول. المصدر المفضّل: كتالوج المصنّع أو كتالوج التجزئة السعودي.
QGAP-01228,الكبير برجر لحم,Al Kabeer beef burger,الكبير,Al Kabeer,Al Kabeer,PACKAGED,مجمدات,مجمدات,beef burger,,KSA,VERY_HIGH,P0,EXISTS_GENERIC_ONLY,beef-burger · برجر لحم,OFFICIAL_LOCAL,Saudi retailer catalogue (Panda/Othaim/Tamimi/Nana) + barcode,,,,,,,,,,NONE,MEDIUM,الكبير,Al Kabeer,تغطية OpenFoodFacts للسوق السعودي ضحلة (١٦٤٩٢ منتجًا إجماليًا، وعمق كل علامة عشرات مقابل مئات فعلية) — تُستخدم للتقاطع بالباركود لا كمصدر أول. المصدر المفضّل: كتالوج المصنّع أو كتالوج التجزئة السعودي.
QGAP-01229,الكبير برجر دجاج,Al Kabeer chicken burger,الكبير,Al Kabeer,Al Kabeer,PACKAGED,مجمدات,مجمدات,chicken burger,,KSA,VERY_HIGH,P0,EXISTS_GENERIC_ONLY,chicken-burger · برجر دجاج,OFFICIAL_LOCAL,Saudi retailer catalogue (Panda/Othaim/Tamimi/Nana) + barcode,,,,,,,,,,NONE,MEDIUM,الكبير,Al Kabeer,تغطية OpenFoodFacts للسوق السعودي ضحلة (١٦٤٩٢ منتجًا إجماليًا، وعمق كل علامة عشرات مقابل مئات فعلية) — تُستخدم للتقاطع بالباركود لا كمصدر أول. المصدر المفضّل: كتالوج المصنّع أو كتالوج التجزئة السعودي.
QGAP-01230,الكبير نجت دجاج,Al Kabeer chicken nuggets,الكبير,Al Kabeer,Al Kabeer,PACKAGED,مجمدات,مجمدات,chicken nuggets,,KSA,VERY_HIGH,P0,EXISTS_GENERIC_ONLY,chicken-nuggets · ناجتس دجاج,OFFICIAL_LOCAL,Saudi retailer catalogue (Panda/Othaim/Tamimi/Nana) + barcode,,,,,,,,,,NONE,MEDIUM,الكبير,Al Kabeer,تغطية OpenFoodFacts للسوق السعودي ضحلة (١٦٤٩٢ منتجًا إجماليًا، وعمق كل علامة عشرات مقابل مئات فعلية) — تُستخدم للتقاطع بالباركود لا كمصدر أول. المصدر المفضّل: كتالوج المصنّع أو كتالوج التجزئة السعودي.
QGAP-01231,الكبير أصابع سمك,Al Kabeer fish fingers,الكبير,Al Kabeer,Al Kabeer,PACKAGED,مجمدات,مجمدات,fish fingers,,KSA,VERY_HIGH,P0,MISSING,,OFFICIAL_LOCAL,Saudi retailer catalogue (Panda/Othaim/Tamimi/Nana) + barcode,,,,,,,,,,NONE,HIGH,الكبير,Al Kabeer,تغطية OpenFoodFacts للسوق السعودي ضحلة (١٦٤٩٢ منتجًا إجماليًا، وعمق كل علامة عشرات مقابل مئات فعلية) — تُستخدم للتقاطع بالباركود لا كمصدر أول. المصدر المفضّل: كتالوج المصنّع أو كتالوج التجزئة السعودي.
QGAP-01232,الكبير روبيان مجمد,Al Kabeer frozen shrimp,الكبير,Al Kabeer,Al Kabeer,PACKAGED,مجمدات,مجمدات,frozen shrimp,,KSA,VERY_HIGH,P0,MISSING,,OFFICIAL_LOCAL,Saudi retailer catalogue (Panda/Othaim/Tamimi/Nana) + barcode,,,,,,,,,,NONE,HIGH,الكبير,Al Kabeer,تغطية OpenFoodFacts للسوق السعودي ضحلة (١٦٤٩٢ منتجًا إجماليًا، وعمق كل علامة عشرات مقابل مئات فعلية) — تُستخدم للتقاطع بالباركود لا كمصدر أول. المصدر المفضّل: كتالوج المصنّع أو كتالوج التجزئة السعودي.
QGAP-01233,الكبير فلافل مجمدة,Al Kabeer frozen falafel,الكبير,Al Kabeer,Al Kabeer,PACKAGED,مجمدات,مجمدات,frozen falafel,,KSA,VERY_HIGH,P0,MISSING,,OFFICIAL_LOCAL,Saudi retailer catalogue (Panda/Othaim/Tamimi/Nana) + barcode,,,,,,,,,,NONE,HIGH,الكبير,Al Kabeer,تغطية OpenFoodFacts للسوق السعودي ضحلة (١٦٤٩٢ منتجًا إجماليًا، وعمق كل علامة عشرات مقابل مئات فعلية) — تُستخدم للتقاطع بالباركود لا كمصدر أول. المصدر المفضّل: كتالوج المصنّع أو كتالوج التجزئة السعودي.
QGAP-01234,الكبير شاورما مجمدة,Al Kabeer frozen shawarma,الكبير,Al Kabeer,Al Kabeer,PACKAGED,مجمدات,مجمدات,frozen shawarma,,KSA,VERY_HIGH,P0,MISSING,,OFFICIAL_LOCAL,Saudi retailer catalogue (Panda/Othaim/Tamimi/Nana) + barcode,,,,,,,,,,NONE,HIGH,الكبير,Al Kabeer,تغطية OpenFoodFacts للسوق السعودي ضحلة (١٦٤٩٢ منتجًا إجماليًا، وعمق كل علامة عشرات مقابل مئات فعلية) — تُستخدم للتقاطع بالباركود لا كمصدر أول. المصدر المفضّل: كتالوج المصنّع أو كتالوج التجزئة السعودي.
QGAP-01235,الكبير بيتزا مجمدة,Al Kabeer frozen pizza,الكبير,Al Kabeer,Al Kabeer,PACKAGED,مجمدات,مجمدات,frozen pizza,,KSA,VERY_HIGH,P0,MISSING,,OFFICIAL_LOCAL,Saudi retailer catalogue (Panda/Othaim/Tamimi/Nana) + barcode,,,,,,,,,,NONE,HIGH,الكبير,Al Kabeer,تغطية OpenFoodFacts للسوق السعودي ضحلة (١٦٤٩٢ منتجًا إجماليًا، وعمق كل علامة عشرات مقابل مئات فعلية) — تُستخدم للتقاطع بالباركود لا كمصدر أول. المصدر المفضّل: كتالوج المصنّع أو كتالوج التجزئة السعودي.
QGAP-01236,الكبير كفتة,Al Kabeer kofta,الكبير,Al Kabeer,Al Kabeer,PACKAGED,مجمدات,مجمدات,kofta,,KSA,VERY_HIGH,P0,MISSING,,OFFICIAL_LOCAL,Saudi retailer catalogue (Panda/Othaim/Tamimi/Nana) + barcode,,,,,,,,,,NONE,HIGH,الكبير,Al Kabeer,تغطية OpenFoodFacts للسوق السعودي ضحلة (١٦٤٩٢ منتجًا إجماليًا، وعمق كل علامة عشرات مقابل مئات فعلية) — تُستخدم للتقاطع بالباركود لا كمصدر أول. المصدر المفضّل: كتالوج المصنّع أو كتالوج التجزئة السعودي.
QGAP-01237,الكبير دجاج مقرمش,Al Kabeer crispy chicken,الكبير,Al Kabeer,Al Kabeer,PACKAGED,مجمدات,مجمدات,crispy chicken,,KSA,VERY_HIGH,P0,MISSING,,OFFICIAL_LOCAL,Saudi retailer catalogue (Panda/Othaim/Tamimi/Nana) + barcode,,,,,,,,,,NONE,HIGH,الكبير,Al Kabeer,تغطية OpenFoodFacts للسوق السعودي ضحلة (١٦٤٩٢ منتجًا إجماليًا، وعمق كل علامة عشرات مقابل مئات فعلية) — تُستخدم للتقاطع بالباركود لا كمصدر أول. المصدر المفضّل: كتالوج المصنّع أو كتالوج التجزئة السعودي.
QGAP-01238,أمريكانا برجر لحم,Americana beef burger,أمريكانا,Americana,Americana,PACKAGED,مجمدات,مجمدات,beef burger,,KSA,VERY_HIGH,P0,EXISTS_GENERIC_ONLY,beef-burger · برجر لحم,OFFICIAL_LOCAL,Saudi retailer catalogue (Panda/Othaim/Tamimi/Nana) + barcode,,,,,,,,,,NONE,MEDIUM,أمريكانا,Americana,تغطية OpenFoodFacts للسوق السعودي ضحلة (١٦٤٩٢ منتجًا إجماليًا، وعمق كل علامة عشرات مقابل مئات فعلية) — تُستخدم للتقاطع بالباركود لا كمصدر أول. المصدر المفضّل: كتالوج المصنّع أو كتالوج التجزئة السعودي.
QGAP-01239,أمريكانا برجر دجاج,Americana chicken burger,أمريكانا,Americana,Americana,PACKAGED,مجمدات,مجمدات,chicken burger,,KSA,VERY_HIGH,P0,EXISTS_GENERIC_ONLY,chicken-burger · برجر دجاج,OFFICIAL_LOCAL,Saudi retailer catalogue (Panda/Othaim/Tamimi/Nana) + barcode,,,,,,,,,,NONE,MEDIUM,أمريكانا,Americana,تغطية OpenFoodFacts للسوق السعودي ضحلة (١٦٤٩٢ منتجًا إجماليًا، وعمق كل علامة عشرات مقابل مئات فعلية) — تُستخدم للتقاطع بالباركود لا كمصدر أول. المصدر المفضّل: كتالوج المصنّع أو كتالوج التجزئة السعودي.
QGAP-01240,أمريكانا نجت دجاج,Americana chicken nuggets,أمريكانا,Americana,Americana,PACKAGED,مجمدات,مجمدات,chicken nuggets,,KSA,VERY_HIGH,P0,EXISTS_GENERIC_ONLY,chicken-nuggets · ناجتس دجاج,OFFICIAL_LOCAL,Saudi retailer catalogue (Panda/Othaim/Tamimi/Nana) + barcode,,,,,,,,,,NONE,MEDIUM,أمريكانا,Americana,تغطية OpenFoodFacts للسوق السعودي ضحلة (١٦٤٩٢ منتجًا إجماليًا، وعمق كل علامة عشرات مقابل مئات فعلية) — تُستخدم للتقاطع بالباركود لا كمصدر أول. المصدر المفضّل: كتالوج المصنّع أو كتالوج التجزئة السعودي.
QGAP-01241,أمريكانا ستربس دجاج,Americana chicken strips,أمريكانا,Americana,Americana,PACKAGED,مجمدات,مجمدات,chicken strips,,KSA,VERY_HIGH,P0,MISSING,,OFFICIAL_LOCAL,Saudi retailer catalogue (Panda/Othaim/Tamimi/Nana) + barcode,,,,,,,,,,NONE,HIGH,أمريكانا,Americana,تغطية OpenFoodFacts للسوق السعودي ضحلة (١٦٤٩٢ منتجًا إجماليًا، وعمق كل علامة عشرات مقابل مئات فعلية) — تُستخدم للتقاطع بالباركود لا كمصدر أول. المصدر المفضّل: كتالوج المصنّع أو كتالوج التجزئة السعودي.
QGAP-01242,أمريكانا كبة,Americana kibbeh,أمريكانا,Americana,Americana,PACKAGED,مجمدات,مجمدات,kibbeh,,KSA,VERY_HIGH,P0,MISSING,,OFFICIAL_LOCAL,Saudi retailer catalogue (Panda/Othaim/Tamimi/Nana) + barcode,,,,,,,,,,NONE,HIGH,أمريكانا,Americana,تغطية OpenFoodFacts للسوق السعودي ضحلة (١٦٤٩٢ منتجًا إجماليًا، وعمق كل علامة عشرات مقابل مئات فعلية) — تُستخدم للتقاطع بالباركود لا كمصدر أول. المصدر المفضّل: كتالوج المصنّع أو كتالوج التجزئة السعودي.
QGAP-01243,أمريكانا سمبوسة,Americana samosa,أمريكانا,Americana,Americana,PACKAGED,مجمدات,مجمدات,samosa,,KSA,VERY_HIGH,P0,MISSING,,OFFICIAL_LOCAL,Saudi retailer catalogue (Panda/Othaim/Tamimi/Nana) + barcode,,,,,,,,,,NONE,HIGH,أمريكانا,Americana,تغطية OpenFoodFacts للسوق السعودي ضحلة (١٦٤٩٢ منتجًا إجماليًا، وعمق كل علامة عشرات مقابل مئات فعلية) — تُستخدم للتقاطع بالباركود لا كمصدر أول. المصدر المفضّل: كتالوج المصنّع أو كتالوج التجزئة السعودي.
QGAP-01244,أمريكانا بيتزا,Americana pizza,أمريكانا,Americana,Americana,PACKAGED,مجمدات,مجمدات,pizza,,KSA,VERY_HIGH,P0,MISSING,,OFFICIAL_LOCAL,Saudi retailer catalogue (Panda/Othaim/Tamimi/Nana) + barcode,,,,,,,,,,NONE,HIGH,أمريكانا,Americana,تغطية OpenFoodFacts للسوق السعودي ضحلة (١٦٤٩٢ منتجًا إجماليًا، وعمق كل علامة عشرات مقابل مئات فعلية) — تُستخدم للتقاطع بالباركود لا كمصدر أول. المصدر المفضّل: كتالوج المصنّع أو كتالوج التجزئة السعودي.
QGAP-01245,أمريكانا بف باستري,Americana puff pastry,أمريكانا,Americana,Americana,PACKAGED,مجمدات,مجمدات,puff pastry,,KSA,VERY_HIGH,P0,MISSING,,OFFICIAL_LOCAL,Saudi retailer catalogue (Panda/Othaim/Tamimi/Nana) + barcode,,,,,,,,,,NONE,HIGH,أمريكانا,Americana,تغطية OpenFoodFacts للسوق السعودي ضحلة (١٦٤٩٢ منتجًا إجماليًا، وعمق كل علامة عشرات مقابل مئات فعلية) — تُستخدم للتقاطع بالباركود لا كمصدر أول. المصدر المفضّل: كتالوج المصنّع أو كتالوج التجزئة السعودي.
QGAP-01246,أمريكانا بطاطس,Americana french fries,أمريكانا,Americana,Americana,PACKAGED,مجمدات,مجمدات,french fries,,KSA,VERY_HIGH,P0,EXISTS_GENERIC_ONLY,fries · بطاطس مقلية,OFFICIAL_LOCAL,Saudi retailer catalogue (Panda/Othaim/Tamimi/Nana) + barcode,,,,,,,,,,NONE,MEDIUM,أمريكانا,Americana,تغطية OpenFoodFacts للسوق السعودي ضحلة (١٦٤٩٢ منتجًا إجماليًا، وعمق كل علامة عشرات مقابل مئات فعلية) — تُستخدم للتقاطع بالباركود لا كمصدر أول. المصدر المفضّل: كتالوج المصنّع أو كتالوج التجزئة السعودي.
QGAP-01247,أمريكانا هوت دوج,Americana hot dog,أمريكانا,Americana,Americana,PACKAGED,مجمدات,مجمدات,hot dog,,KSA,VERY_HIGH,P0,MISSING,,OFFICIAL_LOCAL,Saudi retailer catalogue (Panda/Othaim/Tamimi/Nana) + barcode,,,,,,,,,,NONE,HIGH,أمريكانا,Americana,تغطية OpenFoodFacts للسوق السعودي ضحلة (١٦٤٩٢ منتجًا إجماليًا، وعمق كل علامة عشرات مقابل مئات فعلية) — تُستخدم للتقاطع بالباركود لا كمصدر أول. المصدر المفضّل: كتالوج المصنّع أو كتالوج التجزئة السعودي.
QGAP-01248,أمريكانا مرتديلا,Americana mortadella,أمريكانا,Americana,Americana,PACKAGED,مجمدات,مجمدات,mortadella,,KSA,VERY_HIGH,P0,EXISTS_GENERIC_ONLY,gcc-28 · مرتديلا,OFFICIAL_LOCAL,Saudi retailer catalogue (Panda/Othaim/Tamimi/Nana) + barcode,,,,,,,,,,NONE,MEDIUM,أمريكانا,Americana,تغطية OpenFoodFacts للسوق السعودي ضحلة (١٦٤٩٢ منتجًا إجماليًا، وعمق كل علامة عشرات مقابل مئات فعلية) — تُستخدم للتقاطع بالباركود لا كمصدر أول. المصدر المفضّل: كتالوج المصنّع أو كتالوج التجزئة السعودي.
QGAP-01249,أمريكانا لحم مفروم,Americana minced meat,أمريكانا,Americana,Americana,PACKAGED,مجمدات,مجمدات,minced meat,,KSA,VERY_HIGH,P0,EXISTS_GENERIC_ONLY,ground-beef · لحم مفروم,OFFICIAL_LOCAL,Saudi retailer catalogue (Panda/Othaim/Tamimi/Nana) + barcode,,,,,,,,,,NONE,MEDIUM,أمريكانا,Americana,تغطية OpenFoodFacts للسوق السعودي ضحلة (١٦٤٩٢ منتجًا إجماليًا، وعمق كل علامة عشرات مقابل مئات فعلية) — تُستخدم للتقاطع بالباركود لا كمصدر أول. المصدر المفضّل: كتالوج المصنّع أو كتالوج التجزئة السعودي.
QGAP-01250,أمريكانا فطائر,Americana pastries,أمريكانا,Americana,Americana,PACKAGED,مجمدات,مجمدات,pastries,,KSA,VERY_HIGH,P0,MISSING,,OFFICIAL_LOCAL,Saudi retailer catalogue (Panda/Othaim/Tamimi/Nana) + barcode,,,,,,,,,,NONE,HIGH,أمريكانا,Americana,تغطية OpenFoodFacts للسوق السعودي ضحلة (١٦٤٩٢ منتجًا إجماليًا، وعمق كل علامة عشرات مقابل مئات فعلية) — تُستخدم للتقاطع بالباركود لا كمصدر أول. المصدر المفضّل: كتالوج المصنّع أو كتالوج التجزئة السعودي.
QGAP-01251,كوكي دجاج كامل مجمد,Koki frozen whole chicken,كوكي,Koki,Koki,PACKAGED,مجمدات,دواجن,frozen whole chicken,,KSA,HIGH,P1,MISSING,,OFFICIAL_LOCAL,Saudi retailer catalogue (Panda/Othaim/Tamimi/Nana) + barcode,,,,,,,,,,NONE,HIGH,كوكي,Koki,تغطية OpenFoodFacts للسوق السعودي ضحلة (١٦٤٩٢ منتجًا إجماليًا، وعمق كل علامة عشرات مقابل مئات فعلية) — تُستخدم للتقاطع بالباركود لا كمصدر أول. المصدر المفضّل: كتالوج المصنّع أو كتالوج التجزئة السعودي.
QGAP-01252,كوكي قطع دجاج,Koki chicken portions,كوكي,Koki,Koki,PACKAGED,مجمدات,دواجن,chicken portions,,KSA,HIGH,P1,MISSING,,OFFICIAL_LOCAL,Saudi retailer catalogue (Panda/Othaim/Tamimi/Nana) + barcode,,,,,,,,,,NONE,HIGH,كوكي,Koki,تغطية OpenFoodFacts للسوق السعودي ضحلة (١٦٤٩٢ منتجًا إجماليًا، وعمق كل علامة عشرات مقابل مئات فعلية) — تُستخدم للتقاطع بالباركود لا كمصدر أول. المصدر المفضّل: كتالوج المصنّع أو كتالوج التجزئة السعودي.
QGAP-01253,كوكي نجت,Koki nuggets,كوكي,Koki,Koki,PACKAGED,مجمدات,دواجن,nuggets,,KSA,HIGH,P1,MISSING,,OFFICIAL_LOCAL,Saudi retailer catalogue (Panda/Othaim/Tamimi/Nana) + barcode,,,,,,,,,,NONE,HIGH,كوكي,Koki,تغطية OpenFoodFacts للسوق السعودي ضحلة (١٦٤٩٢ منتجًا إجماليًا، وعمق كل علامة عشرات مقابل مئات فعلية) — تُستخدم للتقاطع بالباركود لا كمصدر أول. المصدر المفضّل: كتالوج المصنّع أو كتالوج التجزئة السعودي.
QGAP-01254,ساديا دجاج كامل مجمد,Sadia frozen whole chicken,ساديا,Sadia,Sadia,PACKAGED,مجمدات,دواجن,frozen whole chicken,,KSA,VERY_HIGH,P1,MISSING,,OFFICIAL_MANUFACTURER,Sadia official product page,,,,,,,,,,NONE,HIGH,ساديا,Sadia,تغطية OpenFoodFacts للسوق السعودي ضحلة (١٦٤٩٢ منتجًا إجماليًا، وعمق كل علامة عشرات مقابل مئات فعلية) — تُستخدم للتقاطع بالباركود لا كمصدر أول. المصدر المفضّل: كتالوج المصنّع أو كتالوج التجزئة السعودي.
QGAP-01255,ساديا صدور دجاج مجمدة,Sadia frozen chicken breast,ساديا,Sadia,Sadia,PACKAGED,مجمدات,دواجن,frozen chicken breast,,KSA,VERY_HIGH,P1,MISSING,,OFFICIAL_MANUFACTURER,Sadia official product page,,,,,,,,,,NONE,HIGH,ساديا,Sadia,تغطية OpenFoodFacts للسوق السعودي ضحلة (١٦٤٩٢ منتجًا إجماليًا، وعمق كل علامة عشرات مقابل مئات فعلية) — تُستخدم للتقاطع بالباركود لا كمصدر أول. المصدر المفضّل: كتالوج المصنّع أو كتالوج التجزئة السعودي.
QGAP-01256,ساديا ستربس دجاج,Sadia chicken strips,ساديا,Sadia,Sadia,PACKAGED,مجمدات,دواجن,chicken strips,,KSA,VERY_HIGH,P1,MISSING,,OFFICIAL_MANUFACTURER,Sadia official product page,,,,,,,,,,NONE,HIGH,ساديا,Sadia,تغطية OpenFoodFacts للسوق السعودي ضحلة (١٦٤٩٢ منتجًا إجماليًا، وعمق كل علامة عشرات مقابل مئات فعلية) — تُستخدم للتقاطع بالباركود لا كمصدر أول. المصدر المفضّل: كتالوج المصنّع أو كتالوج التجزئة السعودي.
QGAP-01257,ساديا أجنحة دجاج,Sadia chicken wings,ساديا,Sadia,Sadia,PACKAGED,مجمدات,دواجن,chicken wings,,KSA,VERY_HIGH,P1,MISSING,,OFFICIAL_MANUFACTURER,Sadia official product page,,,,,,,,,,NONE,HIGH,ساديا,Sadia,تغطية OpenFoodFacts للسوق السعودي ضحلة (١٦٤٩٢ منتجًا إجماليًا، وعمق كل علامة عشرات مقابل مئات فعلية) — تُستخدم للتقاطع بالباركود لا كمصدر أول. المصدر المفضّل: كتالوج المصنّع أو كتالوج التجزئة السعودي.
QGAP-01258,ساديا ديك رومي,Sadia turkey,ساديا,Sadia,Sadia,PACKAGED,مجمدات,دواجن,turkey,,KSA,VERY_HIGH,P1,MISSING,,OFFICIAL_MANUFACTURER,Sadia official product page,,,,,,,,,,NONE,HIGH,ساديا,Sadia,تغطية OpenFoodFacts للسوق السعودي ضحلة (١٦٤٩٢ منتجًا إجماليًا، وعمق كل علامة عشرات مقابل مئات فعلية) — تُستخدم للتقاطع بالباركود لا كمصدر أول. المصدر المفضّل: كتالوج المصنّع أو كتالوج التجزئة السعودي.
QGAP-01259,سيارا دجاج كامل,Seara whole chicken,سيارا,Seara,Seara,PACKAGED,مجمدات,دواجن,whole chicken,,KSA,HIGH,P1,MISSING,,OFFICIAL_MANUFACTURER,Seara official product page,,,,,,,,,,NONE,HIGH,سيارا,Seara,تغطية OpenFoodFacts للسوق السعودي ضحلة (١٦٤٩٢ منتجًا إجماليًا، وعمق كل علامة عشرات مقابل مئات فعلية) — تُستخدم للتقاطع بالباركود لا كمصدر أول. المصدر المفضّل: كتالوج المصنّع أو كتالوج التجزئة السعودي.
QGAP-01260,سيارا نجت,Seara nuggets,سيارا,Seara,Seara,PACKAGED,مجمدات,دواجن,nuggets,,KSA,HIGH,P1,MISSING,,OFFICIAL_MANUFACTURER,Seara official product page,,,,,,,,,,NONE,HIGH,سيارا,Seara,تغطية OpenFoodFacts للسوق السعودي ضحلة (١٦٤٩٢ منتجًا إجماليًا، وعمق كل علامة عشرات مقابل مئات فعلية) — تُستخدم للتقاطع بالباركود لا كمصدر أول. المصدر المفضّل: كتالوج المصنّع أو كتالوج التجزئة السعودي.
QGAP-01261,سيارا ستربس,Seara strips,سيارا,Seara,Seara,PACKAGED,مجمدات,دواجن,strips,,KSA,HIGH,P1,MISSING,,OFFICIAL_MANUFACTURER,Seara official product page,,,,,,,,,,NONE,HIGH,سيارا,Seara,تغطية OpenFoodFacts للسوق السعودي ضحلة (١٦٤٩٢ منتجًا إجماليًا، وعمق كل علامة عشرات مقابل مئات فعلية) — تُستخدم للتقاطع بالباركود لا كمصدر أول. المصدر المفضّل: كتالوج المصنّع أو كتالوج التجزئة السعودي.
QGAP-01262,الوطنية دجاج طازج كامل,Alwatania Poultry fresh whole chicken,الوطنية,Alwatania Poultry,Alwatania Poultry,PACKAGED,مجمدات,دواجن,fresh whole chicken,,KSA,VERY_HIGH,P1,MISSING,,OFFICIAL_LOCAL,Saudi retailer catalogue (Panda/Othaim/Tamimi/Nana) + barcode,,,,,,,,,,NONE,HIGH,الوطنية,Alwatania Poultry,تغطية OpenFoodFacts للسوق السعودي ضحلة (١٦٤٩٢ منتجًا إجماليًا، وعمق كل علامة عشرات مقابل مئات فعلية) — تُستخدم للتقاطع بالباركود لا كمصدر أول. المصدر المفضّل: كتالوج المصنّع أو كتالوج التجزئة السعودي.
QGAP-01263,الوطنية صدور دجاج,Alwatania Poultry chicken breast,الوطنية,Alwatania Poultry,Alwatania Poultry,PACKAGED,مجمدات,دواجن,chicken breast,,KSA,VERY_HIGH,P1,MISSING,,OFFICIAL_LOCAL,Saudi retailer catalogue (Panda/Othaim/Tamimi/Nana) + barcode,,,,,,,,,,NONE,HIGH,الوطنية,Alwatania Poultry,تغطية OpenFoodFacts للسوق السعودي ضحلة (١٦٤٩٢ منتجًا إجماليًا، وعمق كل علامة عشرات مقابل مئات فعلية) — تُستخدم للتقاطع بالباركود لا كمصدر أول. المصدر المفضّل: كتالوج المصنّع أو كتالوج التجزئة السعودي.
QGAP-01264,الوطنية أفخاذ دجاج,Alwatania Poultry chicken thighs,الوطنية,Alwatania Poultry,Alwatania Poultry,PACKAGED,مجمدات,دواجن,chicken thighs,,KSA,VERY_HIGH,P1,MISSING,,OFFICIAL_LOCAL,Saudi retailer catalogue (Panda/Othaim/Tamimi/Nana) + barcode,,,,,,,,,,NONE,HIGH,الوطنية,Alwatania Poultry,تغطية OpenFoodFacts للسوق السعودي ضحلة (١٦٤٩٢ منتجًا إجماليًا، وعمق كل علامة عشرات مقابل مئات فعلية) — تُستخدم للتقاطع بالباركود لا كمصدر أول. المصدر المفضّل: كتالوج المصنّع أو كتالوج التجزئة السعودي.
QGAP-01265,الوطنية دجاج مفروم,Alwatania Poultry minced chicken,الوطنية,Alwatania Poultry,Alwatania Poultry,PACKAGED,مجمدات,دواجن,minced chicken,,KSA,VERY_HIGH,P1,EXISTS_GENERIC_ONLY,chicken-mince · دجاج مفروم,OFFICIAL_LOCAL,Saudi retailer catalogue (Panda/Othaim/Tamimi/Nana) + barcode,,,,,,,,,,NONE,MEDIUM,الوطنية,Alwatania Poultry,تغطية OpenFoodFacts للسوق السعودي ضحلة (١٦٤٩٢ منتجًا إجماليًا، وعمق كل علامة عشرات مقابل مئات فعلية) — تُستخدم للتقاطع بالباركود لا كمصدر أول. المصدر المفضّل: كتالوج المصنّع أو كتالوج التجزئة السعودي.
QGAP-01266,تنمية دجاج طازج,Tanmiah fresh chicken,تنمية,Tanmiah,Tanmiah,PACKAGED,مجمدات,دواجن,fresh chicken,,KSA,HIGH,P1,MISSING,,OFFICIAL_LOCAL,Saudi retailer catalogue (Panda/Othaim/Tamimi/Nana) + barcode,,,,,,,,,,NONE,HIGH,تنمية,Tanmiah,تغطية OpenFoodFacts للسوق السعودي ضحلة (١٦٤٩٢ منتجًا إجماليًا، وعمق كل علامة عشرات مقابل مئات فعلية) — تُستخدم للتقاطع بالباركود لا كمصدر أول. المصدر المفضّل: كتالوج المصنّع أو كتالوج التجزئة السعودي.
QGAP-01267,تنمية صدور دجاج,Tanmiah chicken breast,تنمية,Tanmiah,Tanmiah,PACKAGED,مجمدات,دواجن,chicken breast,,KSA,HIGH,P1,MISSING,,OFFICIAL_LOCAL,Saudi retailer catalogue (Panda/Othaim/Tamimi/Nana) + barcode,,,,,,,,,,NONE,HIGH,تنمية,Tanmiah,تغطية OpenFoodFacts للسوق السعودي ضحلة (١٦٤٩٢ منتجًا إجماليًا، وعمق كل علامة عشرات مقابل مئات فعلية) — تُستخدم للتقاطع بالباركود لا كمصدر أول. المصدر المفضّل: كتالوج المصنّع أو كتالوج التجزئة السعودي.
QGAP-01268,تنمية نجت,Tanmiah nuggets,تنمية,Tanmiah,Tanmiah,PACKAGED,مجمدات,دواجن,nuggets,,KSA,HIGH,P1,MISSING,,OFFICIAL_LOCAL,Saudi retailer catalogue (Panda/Othaim/Tamimi/Nana) + barcode,,,,,,,,,,NONE,HIGH,تنمية,Tanmiah,تغطية OpenFoodFacts للسوق السعودي ضحلة (١٦٤٩٢ منتجًا إجماليًا، وعمق كل علامة عشرات مقابل مئات فعلية) — تُستخدم للتقاطع بالباركود لا كمصدر أول. المصدر المفضّل: كتالوج المصنّع أو كتالوج التجزئة السعودي.
QGAP-01269,تنمية برجر دجاج,Tanmiah chicken burger,تنمية,Tanmiah,Tanmiah,PACKAGED,مجمدات,دواجن,chicken burger,,KSA,HIGH,P1,EXISTS_GENERIC_ONLY,chicken-burger · برجر دجاج,OFFICIAL_LOCAL,Saudi retailer catalogue (Panda/Othaim/Tamimi/Nana) + barcode,,,,,,,,,,NONE,MEDIUM,تنمية,Tanmiah,تغطية OpenFoodFacts للسوق السعودي ضحلة (١٦٤٩٢ منتجًا إجماليًا، وعمق كل علامة عشرات مقابل مئات فعلية) — تُستخدم للتقاطع بالباركود لا كمصدر أول. المصدر المفضّل: كتالوج المصنّع أو كتالوج التجزئة السعودي.
QGAP-01270,الفقيه دجاج طازج,Al Fakieh fresh chicken,الفقيه,Al Fakieh,Al Fakieh,PACKAGED,مجمدات,دواجن,fresh chicken,,KSA,HIGH,P2,MISSING,,OFFICIAL_LOCAL,Saudi retailer catalogue (Panda/Othaim/Tamimi/Nana) + barcode,,,,,,,,,,NONE,HIGH,الفقيه,Al Fakieh,تغطية OpenFoodFacts للسوق السعودي ضحلة (١٦٤٩٢ منتجًا إجماليًا، وعمق كل علامة عشرات مقابل مئات فعلية) — تُستخدم للتقاطع بالباركود لا كمصدر أول. المصدر المفضّل: كتالوج المصنّع أو كتالوج التجزئة السعودي.
QGAP-01271,الفقيه صدور دجاج,Al Fakieh chicken breast,الفقيه,Al Fakieh,Al Fakieh,PACKAGED,مجمدات,دواجن,chicken breast,,KSA,HIGH,P2,MISSING,,OFFICIAL_LOCAL,Saudi retailer catalogue (Panda/Othaim/Tamimi/Nana) + barcode,,,,,,,,,,NONE,HIGH,الفقيه,Al Fakieh,تغطية OpenFoodFacts للسوق السعودي ضحلة (١٦٤٩٢ منتجًا إجماليًا، وعمق كل علامة عشرات مقابل مئات فعلية) — تُستخدم للتقاطع بالباركود لا كمصدر أول. المصدر المفضّل: كتالوج المصنّع أو كتالوج التجزئة السعودي.
QGAP-01272,إمبورج خضار مجمدة,Emborg frozen vegetables,إمبورج,Emborg,Emborg,PACKAGED,مجمدات,مجمدات,frozen vegetables,,KSA,MEDIUM,P2,MISSING,,OFFICIAL_MANUFACTURER,Emborg official product page,,,,,,,,,,NONE,HIGH,إمبورج,Emborg,تغطية OpenFoodFacts للسوق السعودي ضحلة (١٦٤٩٢ منتجًا إجماليًا، وعمق كل علامة عشرات مقابل مئات فعلية) — تُستخدم للتقاطع بالباركود لا كمصدر أول. المصدر المفضّل: كتالوج المصنّع أو كتالوج التجزئة السعودي.
QGAP-01273,إمبورج بطاطس,Emborg fries,إمبورج,Emborg,Emborg,PACKAGED,مجمدات,مجمدات,fries,,KSA,MEDIUM,P2,MISSING,,OFFICIAL_MANUFACTURER,Emborg official product page,,,,,,,,,,NONE,HIGH,إمبورج,Emborg,تغطية OpenFoodFacts للسوق السعودي ضحلة (١٦٤٩٢ منتجًا إجماليًا، وعمق كل علامة عشرات مقابل مئات فعلية) — تُستخدم للتقاطع بالباركود لا كمصدر أول. المصدر المفضّل: كتالوج المصنّع أو كتالوج التجزئة السعودي.
QGAP-01274,إمبورج زبدة,Emborg butter,إمبورج,Emborg,Emborg,PACKAGED,مجمدات,مجمدات,butter,,KSA,MEDIUM,P2,EXISTS_GENERIC_ONLY,butter · زبدة,OFFICIAL_MANUFACTURER,Emborg official product page,,,,,,,,,,NONE,MEDIUM,إمبورج,Emborg,تغطية OpenFoodFacts للسوق السعودي ضحلة (١٦٤٩٢ منتجًا إجماليًا، وعمق كل علامة عشرات مقابل مئات فعلية) — تُستخدم للتقاطع بالباركود لا كمصدر أول. المصدر المفضّل: كتالوج المصنّع أو كتالوج التجزئة السعودي.
QGAP-01275,إمبورج جبن,Emborg cheese,إمبورج,Emborg,Emborg,PACKAGED,مجمدات,مجمدات,cheese,,KSA,MEDIUM,P2,MISSING,,OFFICIAL_MANUFACTURER,Emborg official product page,,,,,,,,,,NONE,HIGH,إمبورج,Emborg,تغطية OpenFoodFacts للسوق السعودي ضحلة (١٦٤٩٢ منتجًا إجماليًا، وعمق كل علامة عشرات مقابل مئات فعلية) — تُستخدم للتقاطع بالباركود لا كمصدر أول. المصدر المفضّل: كتالوج المصنّع أو كتالوج التجزئة السعودي.
QGAP-01276,أبو كاس أرز بسمتي,Abu Kass basmati rice,أبو كاس,Abu Kass,Abu Kass,PACKAGED,حبوب,أرز,basmati rice,,KSA,VERY_HIGH,P1,MISSING,,OFFICIAL_LOCAL,Saudi retailer catalogue (Panda/Othaim/Tamimi/Nana) + barcode,,,,,,,,,,NONE,HIGH,أبو كاس,Abu Kass,تغطية OpenFoodFacts للسوق السعودي ضحلة (١٦٤٩٢ منتجًا إجماليًا، وعمق كل علامة عشرات مقابل مئات فعلية) — تُستخدم للتقاطع بالباركود لا كمصدر أول. المصدر المفضّل: كتالوج المصنّع أو كتالوج التجزئة السعودي.
QGAP-01277,أبو كاس أرز مزة,Abu Kass mazza rice,أبو كاس,Abu Kass,Abu Kass,PACKAGED,حبوب,أرز,mazza rice,,KSA,VERY_HIGH,P1,MISSING,,OFFICIAL_LOCAL,Saudi retailer catalogue (Panda/Othaim/Tamimi/Nana) + barcode,,,,,,,,,,NONE,HIGH,أبو كاس,Abu Kass,تغطية OpenFoodFacts للسوق السعودي ضحلة (١٦٤٩٢ منتجًا إجماليًا، وعمق كل علامة عشرات مقابل مئات فعلية) — تُستخدم للتقاطع بالباركود لا كمصدر أول. المصدر المفضّل: كتالوج المصنّع أو كتالوج التجزئة السعودي.
QGAP-01278,أبو كاس أرز سيلا,Abu Kass sella rice,أبو كاس,Abu Kass,Abu Kass,PACKAGED,حبوب,أرز,sella rice,,KSA,VERY_HIGH,P1,MISSING,,OFFICIAL_LOCAL,Saudi retailer catalogue (Panda/Othaim/Tamimi/Nana) + barcode,,,,,,,,,,NONE,HIGH,أبو كاس,Abu Kass,تغطية OpenFoodFacts للسوق السعودي ضحلة (١٦٤٩٢ منتجًا إجماليًا، وعمق كل علامة عشرات مقابل مئات فعلية) — تُستخدم للتقاطع بالباركود لا كمصدر أول. المصدر المفضّل: كتالوج المصنّع أو كتالوج التجزئة السعودي.
QGAP-01279,الشعلان أرز بسمتي,Al Shalan basmati rice,الشعلان,Al Shalan,Al Shalan,PACKAGED,حبوب,أرز,basmati rice,,KSA,HIGH,P2,MISSING,,OFFICIAL_LOCAL,Saudi retailer catalogue (Panda/Othaim/Tamimi/Nana) + barcode,,,,,,,,,,NONE,HIGH,الشعلان,Al Shalan,تغطية OpenFoodFacts للسوق السعودي ضحلة (١٦٤٩٢ منتجًا إجماليًا، وعمق كل علامة عشرات مقابل مئات فعلية) — تُستخدم للتقاطع بالباركود لا كمصدر أول. المصدر المفضّل: كتالوج المصنّع أو كتالوج التجزئة السعودي.
QGAP-01280,محمود أرز بسمتي,Mahmood basmati rice,محمود,Mahmood,Mahmood,PACKAGED,حبوب,أرز,basmati rice,,KSA,HIGH,P2,MISSING,,OFFICIAL_LOCAL,Saudi retailer catalogue (Panda/Othaim/Tamimi/Nana) + barcode,,,,,,,,,,NONE,HIGH,محمود,Mahmood,تغطية OpenFoodFacts للسوق السعودي ضحلة (١٦٤٩٢ منتجًا إجماليًا، وعمق كل علامة عشرات مقابل مئات فعلية) — تُستخدم للتقاطع بالباركود لا كمصدر أول. المصدر المفضّل: كتالوج المصنّع أو كتالوج التجزئة السعودي.
QGAP-01281,عافية زيت دوار الشمس,Afia sunflower oil,عافية,Afia,Afia,PACKAGED,دهون,زيوت,sunflower oil,,KSA,VERY_HIGH,P1,MISSING,,OFFICIAL_MANUFACTURER,Afia official product page,,,,,,,,,,NONE,HIGH,عافية,Afia,تغطية OpenFoodFacts للسوق السعودي ضحلة (١٦٤٩٢ منتجًا إجماليًا، وعمق كل علامة عشرات مقابل مئات فعلية) — تُستخدم للتقاطع بالباركود لا كمصدر أول. المصدر المفضّل: كتالوج المصنّع أو كتالوج التجزئة السعودي.
QGAP-01282,عافية زيت ذرة,Afia corn oil,عافية,Afia,Afia,PACKAGED,دهون,زيوت,corn oil,,KSA,VERY_HIGH,P1,MISSING,,OFFICIAL_MANUFACTURER,Afia official product page,,,,,,,,,,NONE,HIGH,عافية,Afia,تغطية OpenFoodFacts للسوق السعودي ضحلة (١٦٤٩٢ منتجًا إجماليًا، وعمق كل علامة عشرات مقابل مئات فعلية) — تُستخدم للتقاطع بالباركود لا كمصدر أول. المصدر المفضّل: كتالوج المصنّع أو كتالوج التجزئة السعودي.
QGAP-01283,عافية زيت نباتي,Afia vegetable oil,عافية,Afia,Afia,PACKAGED,دهون,زيوت,vegetable oil,,KSA,VERY_HIGH,P1,MISSING,,OFFICIAL_MANUFACTURER,Afia official product page,,,,,,,,,,NONE,HIGH,عافية,Afia,تغطية OpenFoodFacts للسوق السعودي ضحلة (١٦٤٩٢ منتجًا إجماليًا، وعمق كل علامة عشرات مقابل مئات فعلية) — تُستخدم للتقاطع بالباركود لا كمصدر أول. المصدر المفضّل: كتالوج المصنّع أو كتالوج التجزئة السعودي.
QGAP-01284,عافية زيت زيتون,Afia olive oil,عافية,Afia,Afia,PACKAGED,دهون,زيوت,olive oil,,KSA,VERY_HIGH,P1,EXISTS_GENERIC_ONLY,olive-oil · زيت زيتون,OFFICIAL_MANUFACTURER,Afia official product page,,,,,,,,,,NONE,MEDIUM,عافية,Afia,تغطية OpenFoodFacts للسوق السعودي ضحلة (١٦٤٩٢ منتجًا إجماليًا، وعمق كل علامة عشرات مقابل مئات فعلية) — تُستخدم للتقاطع بالباركود لا كمصدر أول. المصدر المفضّل: كتالوج المصنّع أو كتالوج التجزئة السعودي.
QGAP-01285,عافية زيت كانولا,Afia canola oil,عافية,Afia,Afia,PACKAGED,دهون,زيوت,canola oil,,KSA,VERY_HIGH,P1,MISSING,,OFFICIAL_MANUFACTURER,Afia official product page,,,,,,,,,,NONE,HIGH,عافية,Afia,تغطية OpenFoodFacts للسوق السعودي ضحلة (١٦٤٩٢ منتجًا إجماليًا، وعمق كل علامة عشرات مقابل مئات فعلية) — تُستخدم للتقاطع بالباركود لا كمصدر أول. المصدر المفضّل: كتالوج المصنّع أو كتالوج التجزئة السعودي.
QGAP-01286,نور زيت نباتي,Noor vegetable oil,نور,Noor,Noor,PACKAGED,دهون,زيوت,vegetable oil,,KSA,HIGH,P2,MISSING,,OFFICIAL_LOCAL,Saudi retailer catalogue (Panda/Othaim/Tamimi/Nana) + barcode,,,,,,,,,,NONE,HIGH,نور,Noor,تغطية OpenFoodFacts للسوق السعودي ضحلة (١٦٤٩٢ منتجًا إجماليًا، وعمق كل علامة عشرات مقابل مئات فعلية) — تُستخدم للتقاطع بالباركود لا كمصدر أول. المصدر المفضّل: كتالوج المصنّع أو كتالوج التجزئة السعودي.
QGAP-01287,نور زيت دوار الشمس,Noor sunflower oil,نور,Noor,Noor,PACKAGED,دهون,زيوت,sunflower oil,,KSA,HIGH,P2,MISSING,,OFFICIAL_LOCAL,Saudi retailer catalogue (Panda/Othaim/Tamimi/Nana) + barcode,,,,,,,,,,NONE,HIGH,نور,Noor,تغطية OpenFoodFacts للسوق السعودي ضحلة (١٦٤٩٢ منتجًا إجماليًا، وعمق كل علامة عشرات مقابل مئات فعلية) — تُستخدم للتقاطع بالباركود لا كمصدر أول. المصدر المفضّل: كتالوج المصنّع أو كتالوج التجزئة السعودي.
QGAP-01288,العربي زيت نباتي,Al Arabi vegetable oil,العربي,Al Arabi,Al Arabi,PACKAGED,دهون,زيوت,vegetable oil,,KSA,HIGH,P2,MISSING,,OFFICIAL_LOCAL,Saudi retailer catalogue (Panda/Othaim/Tamimi/Nana) + barcode,,,,,,,,,,NONE,HIGH,العربي,Al Arabi,تغطية OpenFoodFacts للسوق السعودي ضحلة (١٦٤٩٢ منتجًا إجماليًا، وعمق كل علامة عشرات مقابل مئات فعلية) — تُستخدم للتقاطع بالباركود لا كمصدر أول. المصدر المفضّل: كتالوج المصنّع أو كتالوج التجزئة السعودي.
QGAP-01289,العربي زيت ذرة,Al Arabi corn oil,العربي,Al Arabi,Al Arabi,PACKAGED,دهون,زيوت,corn oil,,KSA,HIGH,P2,MISSING,,OFFICIAL_LOCAL,Saudi retailer catalogue (Panda/Othaim/Tamimi/Nana) + barcode,,,,,,,,,,NONE,HIGH,العربي,Al Arabi,تغطية OpenFoodFacts للسوق السعودي ضحلة (١٦٤٩٢ منتجًا إجماليًا، وعمق كل علامة عشرات مقابل مئات فعلية) — تُستخدم للتقاطع بالباركود لا كمصدر أول. المصدر المفضّل: كتالوج المصنّع أو كتالوج التجزئة السعودي.
QGAP-01290,العلالي فول مدمس,Al Alali foul mudammas,العلالي,Al Alali,Al Alali,PACKAGED,أطعمة معلبة,معلبات,foul mudammas,,KSA,VERY_HIGH,P1,EXISTS_GENERIC_ONLY,foul-mudammas · فول مدمس,OFFICIAL_LOCAL,Saudi retailer catalogue (Panda/Othaim/Tamimi/Nana) + barcode,,,,,,,,,,NONE,MEDIUM,العلالي,Al Alali,تغطية OpenFoodFacts للسوق السعودي ضحلة (١٦٤٩٢ منتجًا إجماليًا، وعمق كل علامة عشرات مقابل مئات فعلية) — تُستخدم للتقاطع بالباركود لا كمصدر أول. المصدر المفضّل: كتالوج المصنّع أو كتالوج التجزئة السعودي.
QGAP-01291,العلالي حمص,Al Alali chickpeas,العلالي,Al Alali,Al Alali,PACKAGED,أطعمة معلبة,معلبات,chickpeas,,KSA,VERY_HIGH,P1,MISSING,,OFFICIAL_LOCAL,Saudi retailer catalogue (Panda/Othaim/Tamimi/Nana) + barcode,,,,,,,,,,NONE,HIGH,العلالي,Al Alali,تغطية OpenFoodFacts للسوق السعودي ضحلة (١٦٤٩٢ منتجًا إجماليًا، وعمق كل علامة عشرات مقابل مئات فعلية) — تُستخدم للتقاطع بالباركود لا كمصدر أول. المصدر المفضّل: كتالوج المصنّع أو كتالوج التجزئة السعودي.
QGAP-01292,العلالي ذرة حلوة,Al Alali sweet corn,العلالي,Al Alali,Al Alali,PACKAGED,أطعمة معلبة,معلبات,sweet corn,,KSA,VERY_HIGH,P1,EXISTS_GENERIC_ONLY,corn · ذرة,OFFICIAL_LOCAL,Saudi retailer catalogue (Panda/Othaim/Tamimi/Nana) + barcode,,,,,,,,,,NONE,MEDIUM,العلالي,Al Alali,تغطية OpenFoodFacts للسوق السعودي ضحلة (١٦٤٩٢ منتجًا إجماليًا، وعمق كل علامة عشرات مقابل مئات فعلية) — تُستخدم للتقاطع بالباركود لا كمصدر أول. المصدر المفضّل: كتالوج المصنّع أو كتالوج التجزئة السعودي.
QGAP-01293,العلالي فاصوليا,Al Alali beans,العلالي,Al Alali,Al Alali,PACKAGED,أطعمة معلبة,معلبات,beans,,KSA,VERY_HIGH,P1,EXISTS_GENERIC_ONLY,beans-white · فاصوليا,OFFICIAL_LOCAL,Saudi retailer catalogue (Panda/Othaim/Tamimi/Nana) + barcode,,,,,,,,,,NONE,MEDIUM,العلالي,Al Alali,تغطية OpenFoodFacts للسوق السعودي ضحلة (١٦٤٩٢ منتجًا إجماليًا، وعمق كل علامة عشرات مقابل مئات فعلية) — تُستخدم للتقاطع بالباركود لا كمصدر أول. المصدر المفضّل: كتالوج المصنّع أو كتالوج التجزئة السعودي.
QGAP-01294,العلالي طماطم مقشرة,Al Alali peeled tomatoes,العلالي,Al Alali,Al Alali,PACKAGED,أطعمة معلبة,معلبات,peeled tomatoes,,KSA,VERY_HIGH,P1,MISSING,,OFFICIAL_LOCAL,Saudi retailer catalogue (Panda/Othaim/Tamimi/Nana) + barcode,,,,,,,,,,NONE,HIGH,العلالي,Al Alali,تغطية OpenFoodFacts للسوق السعودي ضحلة (١٦٤٩٢ منتجًا إجماليًا، وعمق كل علامة عشرات مقابل مئات فعلية) — تُستخدم للتقاطع بالباركود لا كمصدر أول. المصدر المفضّل: كتالوج المصنّع أو كتالوج التجزئة السعودي.
QGAP-01295,العلالي معجون طماطم,Al Alali tomato paste,العلالي,Al Alali,Al Alali,PACKAGED,أطعمة معلبة,معلبات,tomato paste,,KSA,VERY_HIGH,P1,MISSING,,OFFICIAL_LOCAL,Saudi retailer catalogue (Panda/Othaim/Tamimi/Nana) + barcode,,,,,,,,,,NONE,HIGH,العلالي,Al Alali,تغطية OpenFoodFacts للسوق السعودي ضحلة (١٦٤٩٢ منتجًا إجماليًا، وعمق كل علامة عشرات مقابل مئات فعلية) — تُستخدم للتقاطع بالباركود لا كمصدر أول. المصدر المفضّل: كتالوج المصنّع أو كتالوج التجزئة السعودي.
QGAP-01296,العلالي مشروم,Al Alali mushrooms,العلالي,Al Alali,Al Alali,PACKAGED,أطعمة معلبة,معلبات,mushrooms,,KSA,VERY_HIGH,P1,MISSING,,OFFICIAL_LOCAL,Saudi retailer catalogue (Panda/Othaim/Tamimi/Nana) + barcode,,,,,,,,,,NONE,HIGH,العلالي,Al Alali,تغطية OpenFoodFacts للسوق السعودي ضحلة (١٦٤٩٢ منتجًا إجماليًا، وعمق كل علامة عشرات مقابل مئات فعلية) — تُستخدم للتقاطع بالباركود لا كمصدر أول. المصدر المفضّل: كتالوج المصنّع أو كتالوج التجزئة السعودي.
QGAP-01297,العلالي زيتون أخضر,Al Alali green olives,العلالي,Al Alali,Al Alali,PACKAGED,أطعمة معلبة,معلبات,green olives,,KSA,VERY_HIGH,P1,MISSING,,OFFICIAL_LOCAL,Saudi retailer catalogue (Panda/Othaim/Tamimi/Nana) + barcode,,,,,,,,,,NONE,HIGH,العلالي,Al Alali,تغطية OpenFoodFacts للسوق السعودي ضحلة (١٦٤٩٢ منتجًا إجماليًا، وعمق كل علامة عشرات مقابل مئات فعلية) — تُستخدم للتقاطع بالباركود لا كمصدر أول. المصدر المفضّل: كتالوج المصنّع أو كتالوج التجزئة السعودي.
QGAP-01298,العلالي زيتون أسود,Al Alali black olives,العلالي,Al Alali,Al Alali,PACKAGED,أطعمة معلبة,معلبات,black olives,,KSA,VERY_HIGH,P1,MISSING,,OFFICIAL_LOCAL,Saudi retailer catalogue (Panda/Othaim/Tamimi/Nana) + barcode,,,,,,,,,,NONE,HIGH,العلالي,Al Alali,تغطية OpenFoodFacts للسوق السعودي ضحلة (١٦٤٩٢ منتجًا إجماليًا، وعمق كل علامة عشرات مقابل مئات فعلية) — تُستخدم للتقاطع بالباركود لا كمصدر أول. المصدر المفضّل: كتالوج المصنّع أو كتالوج التجزئة السعودي.
QGAP-01299,العلالي مخلل,Al Alali pickles,العلالي,Al Alali,Al Alali,PACKAGED,أطعمة معلبة,معلبات,pickles,,KSA,VERY_HIGH,P1,MISSING,,OFFICIAL_LOCAL,Saudi retailer catalogue (Panda/Othaim/Tamimi/Nana) + barcode,,,,,,,,,,NONE,HIGH,العلالي,Al Alali,تغطية OpenFoodFacts للسوق السعودي ضحلة (١٦٤٩٢ منتجًا إجماليًا، وعمق كل علامة عشرات مقابل مئات فعلية) — تُستخدم للتقاطع بالباركود لا كمصدر أول. المصدر المفضّل: كتالوج المصنّع أو كتالوج التجزئة السعودي.
QGAP-01300,العلالي كاتشب,Al Alali ketchup,العلالي,Al Alali,Al Alali,PACKAGED,أطعمة معلبة,معلبات,ketchup,,KSA,VERY_HIGH,P1,MISSING,,OFFICIAL_LOCAL,Saudi retailer catalogue (Panda/Othaim/Tamimi/Nana) + barcode,,,,,,,,,,NONE,HIGH,العلالي,Al Alali,تغطية OpenFoodFacts للسوق السعودي ضحلة (١٦٤٩٢ منتجًا إجماليًا، وعمق كل علامة عشرات مقابل مئات فعلية) — تُستخدم للتقاطع بالباركود لا كمصدر أول. المصدر المفضّل: كتالوج المصنّع أو كتالوج التجزئة السعودي.
QGAP-01301,العلالي مايونيز,Al Alali mayonnaise,العلالي,Al Alali,Al Alali,PACKAGED,أطعمة معلبة,معلبات,mayonnaise,,KSA,VERY_HIGH,P1,MISSING,,OFFICIAL_LOCAL,Saudi retailer catalogue (Panda/Othaim/Tamimi/Nana) + barcode,,,,,,,,,,NONE,HIGH,العلالي,Al Alali,تغطية OpenFoodFacts للسوق السعودي ضحلة (١٦٤٩٢ منتجًا إجماليًا، وعمق كل علامة عشرات مقابل مئات فعلية) — تُستخدم للتقاطع بالباركود لا كمصدر أول. المصدر المفضّل: كتالوج المصنّع أو كتالوج التجزئة السعودي.
QGAP-01302,العلالي خل,Al Alali vinegar,العلالي,Al Alali,Al Alali,PACKAGED,أطعمة معلبة,معلبات,vinegar,,KSA,VERY_HIGH,P1,MISSING,,OFFICIAL_LOCAL,Saudi retailer catalogue (Panda/Othaim/Tamimi/Nana) + barcode,,,,,,,,,,NONE,HIGH,العلالي,Al Alali,تغطية OpenFoodFacts للسوق السعودي ضحلة (١٦٤٩٢ منتجًا إجماليًا، وعمق كل علامة عشرات مقابل مئات فعلية) — تُستخدم للتقاطع بالباركود لا كمصدر أول. المصدر المفضّل: كتالوج المصنّع أو كتالوج التجزئة السعودي.
QGAP-01303,العلالي صلصة معكرونة,Al Alali pasta sauce,العلالي,Al Alali,Al Alali,PACKAGED,أطعمة معلبة,معلبات,pasta sauce,,KSA,VERY_HIGH,P1,MISSING,,OFFICIAL_LOCAL,Saudi retailer catalogue (Panda/Othaim/Tamimi/Nana) + barcode,,,,,,,,,,NONE,HIGH,العلالي,Al Alali,تغطية OpenFoodFacts للسوق السعودي ضحلة (١٦٤٩٢ منتجًا إجماليًا، وعمق كل علامة عشرات مقابل مئات فعلية) — تُستخدم للتقاطع بالباركود لا كمصدر أول. المصدر المفضّل: كتالوج المصنّع أو كتالوج التجزئة السعودي.
QGAP-01304,العلالي دقيق,Al Alali flour,العلالي,Al Alali,Al Alali,PACKAGED,أطعمة معلبة,معلبات,flour,,KSA,VERY_HIGH,P1,MISSING,,OFFICIAL_LOCAL,Saudi retailer catalogue (Panda/Othaim/Tamimi/Nana) + barcode,,,,,,,,,,NONE,HIGH,العلالي,Al Alali,تغطية OpenFoodFacts للسوق السعودي ضحلة (١٦٤٩٢ منتجًا إجماليًا، وعمق كل علامة عشرات مقابل مئات فعلية) — تُستخدم للتقاطع بالباركود لا كمصدر أول. المصدر المفضّل: كتالوج المصنّع أو كتالوج التجزئة السعودي.
QGAP-01305,العلالي خميرة,Al Alali yeast,العلالي,Al Alali,Al Alali,PACKAGED,أطعمة معلبة,معلبات,yeast,,KSA,VERY_HIGH,P1,MISSING,,OFFICIAL_LOCAL,Saudi retailer catalogue (Panda/Othaim/Tamimi/Nana) + barcode,,,,,,,,,,NONE,HIGH,العلالي,Al Alali,تغطية OpenFoodFacts للسوق السعودي ضحلة (١٦٤٩٢ منتجًا إجماليًا، وعمق كل علامة عشرات مقابل مئات فعلية) — تُستخدم للتقاطع بالباركود لا كمصدر أول. المصدر المفضّل: كتالوج المصنّع أو كتالوج التجزئة السعودي.
QGAP-01306,كاليفورنيا جاردن فول مدمس,California Garden foul mudammas,كاليفورنيا جاردن,California Garden,California Garden,PACKAGED,أطعمة معلبة,معلبات,foul mudammas,,KSA,VERY_HIGH,P1,MISSING,,OFFICIAL_LOCAL,Saudi retailer catalogue (Panda/Othaim/Tamimi/Nana) + barcode,,,,,,,,,,NONE,HIGH,كاليفورنيا جاردن,California Garden,تغطية OpenFoodFacts للسوق السعودي ضحلة (١٦٤٩٢ منتجًا إجماليًا، وعمق كل علامة عشرات مقابل مئات فعلية) — تُستخدم للتقاطع بالباركود لا كمصدر أول. المصدر المفضّل: كتالوج المصنّع أو كتالوج التجزئة السعودي.
QGAP-01307,كاليفورنيا جاردن فول بالزيت الحار,California Garden spicy foul,كاليفورنيا جاردن,California Garden,California Garden,PACKAGED,أطعمة معلبة,معلبات,spicy foul,,KSA,VERY_HIGH,P1,MISSING,,OFFICIAL_LOCAL,Saudi retailer catalogue (Panda/Othaim/Tamimi/Nana) + barcode,,,,,,,,,,NONE,HIGH,كاليفورنيا جاردن,California Garden,تغطية OpenFoodFacts للسوق السعودي ضحلة (١٦٤٩٢ منتجًا إجماليًا، وعمق كل علامة عشرات مقابل مئات فعلية) — تُستخدم للتقاطع بالباركود لا كمصدر أول. المصدر المفضّل: كتالوج المصنّع أو كتالوج التجزئة السعودي.
QGAP-01308,كاليفورنيا جاردن حمص,California Garden chickpeas,كاليفورنيا جاردن,California Garden,California Garden,PACKAGED,أطعمة معلبة,معلبات,chickpeas,,KSA,VERY_HIGH,P1,MISSING,,OFFICIAL_LOCAL,Saudi retailer catalogue (Panda/Othaim/Tamimi/Nana) + barcode,,,,,,,,,,NONE,HIGH,كاليفورنيا جاردن,California Garden,تغطية OpenFoodFacts للسوق السعودي ضحلة (١٦٤٩٢ منتجًا إجماليًا، وعمق كل علامة عشرات مقابل مئات فعلية) — تُستخدم للتقاطع بالباركود لا كمصدر أول. المصدر المفضّل: كتالوج المصنّع أو كتالوج التجزئة السعودي.
QGAP-01309,كاليفورنيا جاردن فاصوليا,California Garden beans,كاليفورنيا جاردن,California Garden,California Garden,PACKAGED,أطعمة معلبة,معلبات,beans,,KSA,VERY_HIGH,P1,MISSING,,OFFICIAL_LOCAL,Saudi retailer catalogue (Panda/Othaim/Tamimi/Nana) + barcode,,,,,,,,,,NONE,HIGH,كاليفورنيا جاردن,California Garden,تغطية OpenFoodFacts للسوق السعودي ضحلة (١٦٤٩٢ منتجًا إجماليًا، وعمق كل علامة عشرات مقابل مئات فعلية) — تُستخدم للتقاطع بالباركود لا كمصدر أول. المصدر المفضّل: كتالوج المصنّع أو كتالوج التجزئة السعودي.
QGAP-01310,كاليفورنيا جاردن تونة,California Garden tuna,كاليفورنيا جاردن,California Garden,California Garden,PACKAGED,أطعمة معلبة,معلبات,tuna,,KSA,VERY_HIGH,P1,MISSING,,OFFICIAL_LOCAL,Saudi retailer catalogue (Panda/Othaim/Tamimi/Nana) + barcode,,,,,,,,,,NONE,HIGH,كاليفورنيا جاردن,California Garden,تغطية OpenFoodFacts للسوق السعودي ضحلة (١٦٤٩٢ منتجًا إجماليًا، وعمق كل علامة عشرات مقابل مئات فعلية) — تُستخدم للتقاطع بالباركود لا كمصدر أول. المصدر المفضّل: كتالوج المصنّع أو كتالوج التجزئة السعودي.
QGAP-01311,كاليفورنيا جاردن ذرة,California Garden corn,كاليفورنيا جاردن,California Garden,California Garden,PACKAGED,أطعمة معلبة,معلبات,corn,,KSA,VERY_HIGH,P1,MISSING,,OFFICIAL_LOCAL,Saudi retailer catalogue (Panda/Othaim/Tamimi/Nana) + barcode,,,,,,,,,,NONE,HIGH,كاليفورنيا جاردن,California Garden,تغطية OpenFoodFacts للسوق السعودي ضحلة (١٦٤٩٢ منتجًا إجماليًا، وعمق كل علامة عشرات مقابل مئات فعلية) — تُستخدم للتقاطع بالباركود لا كمصدر أول. المصدر المفضّل: كتالوج المصنّع أو كتالوج التجزئة السعودي.
QGAP-01312,كاليفورنيا جاردن عدس,California Garden lentils,كاليفورنيا جاردن,California Garden,California Garden,PACKAGED,أطعمة معلبة,معلبات,lentils,,KSA,VERY_HIGH,P1,MISSING,,OFFICIAL_LOCAL,Saudi retailer catalogue (Panda/Othaim/Tamimi/Nana) + barcode,,,,,,,,,,NONE,HIGH,كاليفورنيا جاردن,California Garden,تغطية OpenFoodFacts للسوق السعودي ضحلة (١٦٤٩٢ منتجًا إجماليًا، وعمق كل علامة عشرات مقابل مئات فعلية) — تُستخدم للتقاطع بالباركود لا كمصدر أول. المصدر المفضّل: كتالوج المصنّع أو كتالوج التجزئة السعودي.
QGAP-01313,لونا تونة بالزيت,Luna tuna in oil,لونا,Luna,Luna,PACKAGED,أطعمة معلبة,معلبات,tuna in oil,,KSA,HIGH,P1,EXISTS_GENERIC_ONLY,tuna-oil · تونة بالزيت,OFFICIAL_LOCAL,Saudi retailer catalogue (Panda/Othaim/Tamimi/Nana) + barcode,,,,,,,,,,NONE,MEDIUM,لونا,Luna,تغطية OpenFoodFacts للسوق السعودي ضحلة (١٦٤٩٢ منتجًا إجماليًا، وعمق كل علامة عشرات مقابل مئات فعلية) — تُستخدم للتقاطع بالباركود لا كمصدر أول. المصدر المفضّل: كتالوج المصنّع أو كتالوج التجزئة السعودي.
QGAP-01314,لونا تونة بالماء,Luna tuna in water,لونا,Luna,Luna,PACKAGED,أطعمة معلبة,معلبات,tuna in water,,KSA,HIGH,P1,MISSING,,OFFICIAL_LOCAL,Saudi retailer catalogue (Panda/Othaim/Tamimi/Nana) + barcode,,,,,,,,,,NONE,HIGH,لونا,Luna,تغطية OpenFoodFacts للسوق السعودي ضحلة (١٦٤٩٢ منتجًا إجماليًا، وعمق كل علامة عشرات مقابل مئات فعلية) — تُستخدم للتقاطع بالباركود لا كمصدر أول. المصدر المفضّل: كتالوج المصنّع أو كتالوج التجزئة السعودي.
QGAP-01315,لونا حليب مبخر,Luna evaporated milk,لونا,Luna,Luna,PACKAGED,أطعمة معلبة,معلبات,evaporated milk,,KSA,HIGH,P1,MISSING,,OFFICIAL_LOCAL,Saudi retailer catalogue (Panda/Othaim/Tamimi/Nana) + barcode,,,,,,,,,,NONE,HIGH,لونا,Luna,تغطية OpenFoodFacts للسوق السعودي ضحلة (١٦٤٩٢ منتجًا إجماليًا، وعمق كل علامة عشرات مقابل مئات فعلية) — تُستخدم للتقاطع بالباركود لا كمصدر أول. المصدر المفضّل: كتالوج المصنّع أو كتالوج التجزئة السعودي.
QGAP-01316,لونا فول,Luna foul,لونا,Luna,Luna,PACKAGED,أطعمة معلبة,معلبات,foul,,KSA,HIGH,P1,MISSING,,OFFICIAL_LOCAL,Saudi retailer catalogue (Panda/Othaim/Tamimi/Nana) + barcode,,,,,,,,,,NONE,HIGH,لونا,Luna,تغطية OpenFoodFacts للسوق السعودي ضحلة (١٦٤٩٢ منتجًا إجماليًا، وعمق كل علامة عشرات مقابل مئات فعلية) — تُستخدم للتقاطع بالباركود لا كمصدر أول. المصدر المفضّل: كتالوج المصنّع أو كتالوج التجزئة السعودي.
QGAP-01317,لونا لحم معلب,Luna canned meat,لونا,Luna,Luna,PACKAGED,أطعمة معلبة,معلبات,canned meat,,KSA,HIGH,P1,MISSING,,OFFICIAL_LOCAL,Saudi retailer catalogue (Panda/Othaim/Tamimi/Nana) + barcode,,,,,,,,,,NONE,HIGH,لونا,Luna,تغطية OpenFoodFacts للسوق السعودي ضحلة (١٦٤٩٢ منتجًا إجماليًا، وعمق كل علامة عشرات مقابل مئات فعلية) — تُستخدم للتقاطع بالباركود لا كمصدر أول. المصدر المفضّل: كتالوج المصنّع أو كتالوج التجزئة السعودي.
QGAP-01318,الشفا عسل طبيعي,Al Shifa natural honey,الشفا,Al Shifa,Al Shifa,PACKAGED,أطعمة معلبة,عسل,natural honey,,KSA,HIGH,P2,MISSING,,OFFICIAL_LOCAL,Saudi retailer catalogue (Panda/Othaim/Tamimi/Nana) + barcode,,,,,,,,,,NONE,HIGH,الشفا,Al Shifa,تغطية OpenFoodFacts للسوق السعودي ضحلة (١٦٤٩٢ منتجًا إجماليًا، وعمق كل علامة عشرات مقابل مئات فعلية) — تُستخدم للتقاطع بالباركود لا كمصدر أول. المصدر المفضّل: كتالوج المصنّع أو كتالوج التجزئة السعودي.
QGAP-01319,الشفا عسل بالملكي,Al Shifa royal jelly honey,الشفا,Al Shifa,Al Shifa,PACKAGED,أطعمة معلبة,عسل,royal jelly honey,,KSA,HIGH,P2,MISSING,,OFFICIAL_LOCAL,Saudi retailer catalogue (Panda/Othaim/Tamimi/Nana) + barcode,,,,,,,,,,NONE,HIGH,الشفا,Al Shifa,تغطية OpenFoodFacts للسوق السعودي ضحلة (١٦٤٩٢ منتجًا إجماليًا، وعمق كل علامة عشرات مقابل مئات فعلية) — تُستخدم للتقاطع بالباركود لا كمصدر أول. المصدر المفضّل: كتالوج المصنّع أو كتالوج التجزئة السعودي.
QGAP-01320,إندومي دجاج,Indomie chicken flavour,إندومي,Indomie,Indomie,PACKAGED,حبوب,نودلز,chicken flavour,,KSA,VERY_HIGH,P0,MISSING,,OFFICIAL_MANUFACTURER,Indomie official product page,,,,,,,,,,NONE,HIGH,إندومي,Indomie,تغطية OpenFoodFacts للسوق السعودي ضحلة (١٦٤٩٢ منتجًا إجماليًا، وعمق كل علامة عشرات مقابل مئات فعلية) — تُستخدم للتقاطع بالباركود لا كمصدر أول. المصدر المفضّل: كتالوج المصنّع أو كتالوج التجزئة السعودي.
QGAP-01321,إندومي مي جورينج,Indomie Mi Goreng,إندومي,Indomie,Indomie,PACKAGED,حبوب,نودلز,Mi Goreng,,KSA,VERY_HIGH,P0,MISSING,,OFFICIAL_MANUFACTURER,Indomie official product page,,,,,,,,,,NONE,HIGH,إندومي,Indomie,تغطية OpenFoodFacts للسوق السعودي ضحلة (١٦٤٩٢ منتجًا إجماليًا، وعمق كل علامة عشرات مقابل مئات فعلية) — تُستخدم للتقاطع بالباركود لا كمصدر أول. المصدر المفضّل: كتالوج المصنّع أو كتالوج التجزئة السعودي.
QGAP-01322,إندومي خضار,Indomie vegetable,إندومي,Indomie,Indomie,PACKAGED,حبوب,نودلز,vegetable,,KSA,VERY_HIGH,P0,MISSING,,OFFICIAL_MANUFACTURER,Indomie official product page,,,,,,,,,,NONE,HIGH,إندومي,Indomie,تغطية OpenFoodFacts للسوق السعودي ضحلة (١٦٤٩٢ منتجًا إجماليًا، وعمق كل علامة عشرات مقابل مئات فعلية) — تُستخدم للتقاطع بالباركود لا كمصدر أول. المصدر المفضّل: كتالوج المصنّع أو كتالوج التجزئة السعودي.
QGAP-01323,إندومي كاري,Indomie curry,إندومي,Indomie,Indomie,PACKAGED,حبوب,نودلز,curry,,KSA,VERY_HIGH,P0,MISSING,,OFFICIAL_MANUFACTURER,Indomie official product page,,,,,,,,,,NONE,HIGH,إندومي,Indomie,تغطية OpenFoodFacts للسوق السعودي ضحلة (١٦٤٩٢ منتجًا إجماليًا، وعمق كل علامة عشرات مقابل مئات فعلية) — تُستخدم للتقاطع بالباركود لا كمصدر أول. المصدر المفضّل: كتالوج المصنّع أو كتالوج التجزئة السعودي.
QGAP-01324,إندومي حار,Indomie hot and spicy,إندومي,Indomie,Indomie,PACKAGED,حبوب,نودلز,hot and spicy,,KSA,VERY_HIGH,P0,MISSING,,OFFICIAL_MANUFACTURER,Indomie official product page,,,,,,,,,,NONE,HIGH,إندومي,Indomie,تغطية OpenFoodFacts للسوق السعودي ضحلة (١٦٤٩٢ منتجًا إجماليًا، وعمق كل علامة عشرات مقابل مئات فعلية) — تُستخدم للتقاطع بالباركود لا كمصدر أول. المصدر المفضّل: كتالوج المصنّع أو كتالوج التجزئة السعودي.
QGAP-01325,إندومي باربكيو,Indomie BBQ chicken,إندومي,Indomie,Indomie,PACKAGED,حبوب,نودلز,BBQ chicken,,KSA,VERY_HIGH,P0,MISSING,,OFFICIAL_MANUFACTURER,Indomie official product page,,,,,,,,,,NONE,HIGH,إندومي,Indomie,تغطية OpenFoodFacts للسوق السعودي ضحلة (١٦٤٩٢ منتجًا إجماليًا، وعمق كل علامة عشرات مقابل مئات فعلية) — تُستخدم للتقاطع بالباركود لا كمصدر أول. المصدر المفضّل: كتالوج المصنّع أو كتالوج التجزئة السعودي.
QGAP-01326,إندومي كوب,Indomie cup noodles,إندومي,Indomie,Indomie,PACKAGED,حبوب,نودلز,cup noodles,,KSA,VERY_HIGH,P0,MISSING,,OFFICIAL_MANUFACTURER,Indomie official product page,,,,,,,,,,NONE,HIGH,إندومي,Indomie,تغطية OpenFoodFacts للسوق السعودي ضحلة (١٦٤٩٢ منتجًا إجماليًا، وعمق كل علامة عشرات مقابل مئات فعلية) — تُستخدم للتقاطع بالباركود لا كمصدر أول. المصدر المفضّل: كتالوج المصنّع أو كتالوج التجزئة السعودي.
QGAP-01327,ماجي مكعبات دجاج,Maggi chicken stock cubes,ماجي,Maggi,Maggi,PACKAGED,أطعمة معلبة,توابل وشوربات,chicken stock cubes,,KSA,VERY_HIGH,P1,MISSING,,OFFICIAL_MANUFACTURER,Maggi official product page,,,,,,,,,,NONE,HIGH,ماجي,Maggi,تغطية OpenFoodFacts للسوق السعودي ضحلة (١٦٤٩٢ منتجًا إجماليًا، وعمق كل علامة عشرات مقابل مئات فعلية) — تُستخدم للتقاطع بالباركود لا كمصدر أول. المصدر المفضّل: كتالوج المصنّع أو كتالوج التجزئة السعودي.
QGAP-01328,ماجي مكعبات لحم,Maggi beef stock cubes,ماجي,Maggi,Maggi,PACKAGED,أطعمة معلبة,توابل وشوربات,beef stock cubes,,KSA,VERY_HIGH,P1,MISSING,,OFFICIAL_MANUFACTURER,Maggi official product page,,,,,,,,,,NONE,HIGH,ماجي,Maggi,تغطية OpenFoodFacts للسوق السعودي ضحلة (١٦٤٩٢ منتجًا إجماليًا، وعمق كل علامة عشرات مقابل مئات فعلية) — تُستخدم للتقاطع بالباركود لا كمصدر أول. المصدر المفضّل: كتالوج المصنّع أو كتالوج التجزئة السعودي.
QGAP-01329,ماجي شوربة خضار,Maggi vegetable soup,ماجي,Maggi,Maggi,PACKAGED,أطعمة معلبة,توابل وشوربات,vegetable soup,,KSA,VERY_HIGH,P1,MISSING,,OFFICIAL_MANUFACTURER,Maggi official product page,,,,,,,,,,NONE,HIGH,ماجي,Maggi,تغطية OpenFoodFacts للسوق السعودي ضحلة (١٦٤٩٢ منتجًا إجماليًا، وعمق كل علامة عشرات مقابل مئات فعلية) — تُستخدم للتقاطع بالباركود لا كمصدر أول. المصدر المفضّل: كتالوج المصنّع أو كتالوج التجزئة السعودي.
QGAP-01330,ماجي شوربة دجاج,Maggi chicken soup,ماجي,Maggi,Maggi,PACKAGED,أطعمة معلبة,توابل وشوربات,chicken soup,,KSA,VERY_HIGH,P1,MISSING,,OFFICIAL_MANUFACTURER,Maggi official product page,,,,,,,,,,NONE,HIGH,ماجي,Maggi,تغطية OpenFoodFacts للسوق السعودي ضحلة (١٦٤٩٢ منتجًا إجماليًا، وعمق كل علامة عشرات مقابل مئات فعلية) — تُستخدم للتقاطع بالباركود لا كمصدر أول. المصدر المفضّل: كتالوج المصنّع أو كتالوج التجزئة السعودي.
QGAP-01331,ماجي نودلز,Maggi noodles,ماجي,Maggi,Maggi,PACKAGED,أطعمة معلبة,توابل وشوربات,noodles,,KSA,VERY_HIGH,P1,MISSING,,OFFICIAL_MANUFACTURER,Maggi official product page,,,,,,,,,,NONE,HIGH,ماجي,Maggi,تغطية OpenFoodFacts للسوق السعودي ضحلة (١٦٤٩٢ منتجًا إجماليًا، وعمق كل علامة عشرات مقابل مئات فعلية) — تُستخدم للتقاطع بالباركود لا كمصدر أول. المصدر المفضّل: كتالوج المصنّع أو كتالوج التجزئة السعودي.
QGAP-01332,ماجي خلطة الدجاج,Maggi chicken seasoning mix,ماجي,Maggi,Maggi,PACKAGED,أطعمة معلبة,توابل وشوربات,chicken seasoning mix,,KSA,VERY_HIGH,P1,MISSING,,OFFICIAL_MANUFACTURER,Maggi official product page,,,,,,,,,,NONE,HIGH,ماجي,Maggi,تغطية OpenFoodFacts للسوق السعودي ضحلة (١٦٤٩٢ منتجًا إجماليًا، وعمق كل علامة عشرات مقابل مئات فعلية) — تُستخدم للتقاطع بالباركود لا كمصدر أول. المصدر المفضّل: كتالوج المصنّع أو كتالوج التجزئة السعودي.
QGAP-01333,ماجي صلصة الصويا,Maggi soy sauce,ماجي,Maggi,Maggi,PACKAGED,أطعمة معلبة,توابل وشوربات,soy sauce,,KSA,VERY_HIGH,P1,MISSING,,OFFICIAL_MANUFACTURER,Maggi official product page,,,,,,,,,,NONE,HIGH,ماجي,Maggi,تغطية OpenFoodFacts للسوق السعودي ضحلة (١٦٤٩٢ منتجًا إجماليًا، وعمق كل علامة عشرات مقابل مئات فعلية) — تُستخدم للتقاطع بالباركود لا كمصدر أول. المصدر المفضّل: كتالوج المصنّع أو كتالوج التجزئة السعودي.
QGAP-01334,كنور مكعبات مرق,Knorr stock cubes,كنور,Knorr,Knorr,PACKAGED,أطعمة معلبة,توابل وشوربات,stock cubes,,KSA,HIGH,P2,MISSING,,OFFICIAL_MANUFACTURER,Knorr official product page,,,,,,,,,,NONE,HIGH,كنور,Knorr,تغطية OpenFoodFacts للسوق السعودي ضحلة (١٦٤٩٢ منتجًا إجماليًا، وعمق كل علامة عشرات مقابل مئات فعلية) — تُستخدم للتقاطع بالباركود لا كمصدر أول. المصدر المفضّل: كتالوج المصنّع أو كتالوج التجزئة السعودي.
QGAP-01335,كنور شوربة,Knorr soup,كنور,Knorr,Knorr,PACKAGED,أطعمة معلبة,توابل وشوربات,soup,,KSA,HIGH,P2,MISSING,,OFFICIAL_MANUFACTURER,Knorr official product page,,,,,,,,,,NONE,HIGH,كنور,Knorr,تغطية OpenFoodFacts للسوق السعودي ضحلة (١٦٤٩٢ منتجًا إجماليًا، وعمق كل علامة عشرات مقابل مئات فعلية) — تُستخدم للتقاطع بالباركود لا كمصدر أول. المصدر المفضّل: كتالوج المصنّع أو كتالوج التجزئة السعودي.
QGAP-01336,كنور صلصة,Knorr sauce,كنور,Knorr,Knorr,PACKAGED,أطعمة معلبة,توابل وشوربات,sauce,,KSA,HIGH,P2,MISSING,,OFFICIAL_MANUFACTURER,Knorr official product page,,,,,,,,,,NONE,HIGH,كنور,Knorr,تغطية OpenFoodFacts للسوق السعودي ضحلة (١٦٤٩٢ منتجًا إجماليًا، وعمق كل علامة عشرات مقابل مئات فعلية) — تُستخدم للتقاطع بالباركود لا كمصدر أول. المصدر المفضّل: كتالوج المصنّع أو كتالوج التجزئة السعودي.
QGAP-01337,كيلوقز كورن فليكس,Kellogg's Corn Flakes,كيلوقز,Kellogg's,Kellogg's,PACKAGED,فطور,حبوب إفطار,Corn Flakes,,KSA,HIGH,P1,EXISTS_GENERIC_ONLY,cornflakes · كورن فليكس,OFFICIAL_MANUFACTURER,Kellogg's official product page,,,,,,,,,,NONE,MEDIUM,كيلوقز,Kellogg's,تغطية OpenFoodFacts للسوق السعودي ضحلة (١٦٤٩٢ منتجًا إجماليًا، وعمق كل علامة عشرات مقابل مئات فعلية) — تُستخدم للتقاطع بالباركود لا كمصدر أول. المصدر المفضّل: كتالوج المصنّع أو كتالوج التجزئة السعودي.
QGAP-01338,كيلوقز كوكو بوبس,Kellogg's Coco Pops,كيلوقز,Kellogg's,Kellogg's,PACKAGED,فطور,حبوب إفطار,Coco Pops,,KSA,HIGH,P1,MISSING,,OFFICIAL_MANUFACTURER,Kellogg's official product page,,,,,,,,,,NONE,HIGH,كيلوقز,Kellogg's,تغطية OpenFoodFacts للسوق السعودي ضحلة (١٦٤٩٢ منتجًا إجماليًا، وعمق كل علامة عشرات مقابل مئات فعلية) — تُستخدم للتقاطع بالباركود لا كمصدر أول. المصدر المفضّل: كتالوج المصنّع أو كتالوج التجزئة السعودي.
QGAP-01339,كيلوقز فروست فليكس,Kellogg's Frosties,كيلوقز,Kellogg's,Kellogg's,PACKAGED,فطور,حبوب إفطار,Frosties,,KSA,HIGH,P1,MISSING,,OFFICIAL_MANUFACTURER,Kellogg's official product page,,,,,,,,,,NONE,HIGH,كيلوقز,Kellogg's,تغطية OpenFoodFacts للسوق السعودي ضحلة (١٦٤٩٢ منتجًا إجماليًا، وعمق كل علامة عشرات مقابل مئات فعلية) — تُستخدم للتقاطع بالباركود لا كمصدر أول. المصدر المفضّل: كتالوج المصنّع أو كتالوج التجزئة السعودي.
QGAP-01340,كيلوقز سبيشال كيه,Kellogg's Special K,كيلوقز,Kellogg's,Kellogg's,PACKAGED,فطور,حبوب إفطار,Special K,,KSA,HIGH,P1,MISSING,,OFFICIAL_MANUFACTURER,Kellogg's official product page,,,,,,,,,,NONE,HIGH,كيلوقز,Kellogg's,تغطية OpenFoodFacts للسوق السعودي ضحلة (١٦٤٩٢ منتجًا إجماليًا، وعمق كل علامة عشرات مقابل مئات فعلية) — تُستخدم للتقاطع بالباركود لا كمصدر أول. المصدر المفضّل: كتالوج المصنّع أو كتالوج التجزئة السعودي.
QGAP-01341,كيلوقز رايس كريسبيز,Kellogg's Rice Krispies,كيلوقز,Kellogg's,Kellogg's,PACKAGED,فطور,حبوب إفطار,Rice Krispies,,KSA,HIGH,P1,MISSING,,OFFICIAL_MANUFACTURER,Kellogg's official product page,,,,,,,,,,NONE,HIGH,كيلوقز,Kellogg's,تغطية OpenFoodFacts للسوق السعودي ضحلة (١٦٤٩٢ منتجًا إجماليًا، وعمق كل علامة عشرات مقابل مئات فعلية) — تُستخدم للتقاطع بالباركود لا كمصدر أول. المصدر المفضّل: كتالوج المصنّع أو كتالوج التجزئة السعودي.
QGAP-01342,كيلوقز غرانولا,Kellogg's granola,كيلوقز,Kellogg's,Kellogg's,PACKAGED,فطور,حبوب إفطار,granola,,KSA,HIGH,P1,MISSING,,OFFICIAL_MANUFACTURER,Kellogg's official product page,,,,,,,,,,NONE,HIGH,كيلوقز,Kellogg's,تغطية OpenFoodFacts للسوق السعودي ضحلة (١٦٤٩٢ منتجًا إجماليًا، وعمق كل علامة عشرات مقابل مئات فعلية) — تُستخدم للتقاطع بالباركود لا كمصدر أول. المصدر المفضّل: كتالوج المصنّع أو كتالوج التجزئة السعودي.
QGAP-01343,نستله فيتنس,Nestlé Fitness cereal,نستله,Nestlé,Nestlé,PACKAGED,فطور,حبوب إفطار,Fitness cereal,,KSA,HIGH,P1,MISSING,,OFFICIAL_MANUFACTURER,Nestlé official product page,,,,,,,,,,NONE,HIGH,نستله,Nestlé,تغطية OpenFoodFacts للسوق السعودي ضحلة (١٦٤٩٢ منتجًا إجماليًا، وعمق كل علامة عشرات مقابل مئات فعلية) — تُستخدم للتقاطع بالباركود لا كمصدر أول. المصدر المفضّل: كتالوج المصنّع أو كتالوج التجزئة السعودي.
QGAP-01344,نستله تشيريوز,Nestlé Cheerios,نستله,Nestlé,Nestlé,PACKAGED,فطور,حبوب إفطار,Cheerios,,KSA,HIGH,P1,MISSING,,OFFICIAL_MANUFACTURER,Nestlé official product page,,,,,,,,,,NONE,HIGH,نستله,Nestlé,تغطية OpenFoodFacts للسوق السعودي ضحلة (١٦٤٩٢ منتجًا إجماليًا، وعمق كل علامة عشرات مقابل مئات فعلية) — تُستخدم للتقاطع بالباركود لا كمصدر أول. المصدر المفضّل: كتالوج المصنّع أو كتالوج التجزئة السعودي.
QGAP-01345,نستله نسكويك,Nestlé Nesquik cereal,نستله,Nestlé,Nestlé,PACKAGED,فطور,حبوب إفطار,Nesquik cereal,,KSA,HIGH,P1,MISSING,,OFFICIAL_MANUFACTURER,Nestlé official product page,,,,,,,,,,NONE,HIGH,نستله,Nestlé,تغطية OpenFoodFacts للسوق السعودي ضحلة (١٦٤٩٢ منتجًا إجماليًا، وعمق كل علامة عشرات مقابل مئات فعلية) — تُستخدم للتقاطع بالباركود لا كمصدر أول. المصدر المفضّل: كتالوج المصنّع أو كتالوج التجزئة السعودي.
QGAP-01346,نستله كوكو كرانش,Nestlé Koko Krunch,نستله,Nestlé,Nestlé,PACKAGED,فطور,حبوب إفطار,Koko Krunch,,KSA,HIGH,P1,MISSING,,OFFICIAL_MANUFACTURER,Nestlé official product page,,,,,,,,,,NONE,HIGH,نستله,Nestlé,تغطية OpenFoodFacts للسوق السعودي ضحلة (١٦٤٩٢ منتجًا إجماليًا، وعمق كل علامة عشرات مقابل مئات فعلية) — تُستخدم للتقاطع بالباركود لا كمصدر أول. المصدر المفضّل: كتالوج المصنّع أو كتالوج التجزئة السعودي.
QGAP-01347,كواكر شوفان سريع,Quaker quick oats,كواكر,Quaker,Quaker,PACKAGED,فطور,شوفان,quick oats,,KSA,HIGH,P1,MISSING,,OFFICIAL_MANUFACTURER,Quaker official product page,,,,,,,,,,NONE,HIGH,كواكر,Quaker,تغطية OpenFoodFacts للسوق السعودي ضحلة (١٦٤٩٢ منتجًا إجماليًا، وعمق كل علامة عشرات مقابل مئات فعلية) — تُستخدم للتقاطع بالباركود لا كمصدر أول. المصدر المفضّل: كتالوج المصنّع أو كتالوج التجزئة السعودي.
QGAP-01348,كواكر شوفان بالنكهات,Quaker flavoured oatmeal,كواكر,Quaker,Quaker,PACKAGED,فطور,شوفان,flavoured oatmeal,,KSA,HIGH,P1,MISSING,,OFFICIAL_MANUFACTURER,Quaker official product page,,,,,,,,,,NONE,HIGH,كواكر,Quaker,تغطية OpenFoodFacts للسوق السعودي ضحلة (١٦٤٩٢ منتجًا إجماليًا، وعمق كل علامة عشرات مقابل مئات فعلية) — تُستخدم للتقاطع بالباركود لا كمصدر أول. المصدر المفضّل: كتالوج المصنّع أو كتالوج التجزئة السعودي.
QGAP-01349,كواكر حبوب إفطار,Quaker cereal,كواكر,Quaker,Quaker,PACKAGED,فطور,شوفان,cereal,,KSA,HIGH,P1,MISSING,,OFFICIAL_MANUFACTURER,Quaker official product page,,,,,,,,,,NONE,HIGH,كواكر,Quaker,تغطية OpenFoodFacts للسوق السعودي ضحلة (١٦٤٩٢ منتجًا إجماليًا، وعمق كل علامة عشرات مقابل مئات فعلية) — تُستخدم للتقاطع بالباركود لا كمصدر أول. المصدر المفضّل: كتالوج المصنّع أو كتالوج التجزئة السعودي.
QGAP-01350,بوبينز كورن فليكس,Poppins corn flakes,بوبينز,Poppins,Poppins,PACKAGED,فطور,حبوب إفطار,corn flakes,,KSA,MEDIUM,P2,EXISTS_GENERIC_ONLY,cornflakes · كورن فليكس,OFFICIAL_LOCAL,Saudi retailer catalogue (Panda/Othaim/Tamimi/Nana) + barcode,,,,,,,,,,NONE,MEDIUM,بوبينز,Poppins,تغطية OpenFoodFacts للسوق السعودي ضحلة (١٦٤٩٢ منتجًا إجماليًا، وعمق كل علامة عشرات مقابل مئات فعلية) — تُستخدم للتقاطع بالباركود لا كمصدر أول. المصدر المفضّل: كتالوج المصنّع أو كتالوج التجزئة السعودي.
QGAP-01351,بوبينز حلقات عسل,Poppins honey rings,بوبينز,Poppins,Poppins,PACKAGED,فطور,حبوب إفطار,honey rings,,KSA,MEDIUM,P2,MISSING,,OFFICIAL_LOCAL,Saudi retailer catalogue (Panda/Othaim/Tamimi/Nana) + barcode,,,,,,,,,,NONE,HIGH,بوبينز,Poppins,تغطية OpenFoodFacts للسوق السعودي ضحلة (١٦٤٩٢ منتجًا إجماليًا، وعمق كل علامة عشرات مقابل مئات فعلية) — تُستخدم للتقاطع بالباركود لا كمصدر أول. المصدر المفضّل: كتالوج المصنّع أو كتالوج التجزئة السعودي.
QGAP-01352,بتيل تمر مجدول,Bateel Medjool dates,بتيل,Bateel,Bateel,PACKAGED,فواكه,تمور,Medjool dates,,KSA,HIGH,P2,MISSING,,OFFICIAL_MANUFACTURER,Bateel official product page,,,,,,,,,,NONE,HIGH,بتيل,Bateel,تغطية OpenFoodFacts للسوق السعودي ضحلة (١٦٤٩٢ منتجًا إجماليًا، وعمق كل علامة عشرات مقابل مئات فعلية) — تُستخدم للتقاطع بالباركود لا كمصدر أول. المصدر المفضّل: كتالوج المصنّع أو كتالوج التجزئة السعودي.
QGAP-01353,بتيل تمر خضري,Bateel Khudri dates,بتيل,Bateel,Bateel,PACKAGED,فواكه,تمور,Khudri dates,,KSA,HIGH,P2,MISSING,,OFFICIAL_MANUFACTURER,Bateel official product page,,,,,,,,,,NONE,HIGH,بتيل,Bateel,تغطية OpenFoodFacts للسوق السعودي ضحلة (١٦٤٩٢ منتجًا إجماليًا، وعمق كل علامة عشرات مقابل مئات فعلية) — تُستخدم للتقاطع بالباركود لا كمصدر أول. المصدر المفضّل: كتالوج المصنّع أو كتالوج التجزئة السعودي.
QGAP-01354,بتيل تمر محشي باللوز,Bateel almond-stuffed dates,بتيل,Bateel,Bateel,PACKAGED,فواكه,تمور,almond-stuffed dates,,KSA,HIGH,P2,MISSING,,OFFICIAL_MANUFACTURER,Bateel official product page,,,,,,,,,,NONE,HIGH,بتيل,Bateel,تغطية OpenFoodFacts للسوق السعودي ضحلة (١٦٤٩٢ منتجًا إجماليًا، وعمق كل علامة عشرات مقابل مئات فعلية) — تُستخدم للتقاطع بالباركود لا كمصدر أول. المصدر المفضّل: كتالوج المصنّع أو كتالوج التجزئة السعودي.
QGAP-01355,بتيل تمر مغطى بالشوكولاتة,Bateel chocolate-coated dates,بتيل,Bateel,Bateel,PACKAGED,فواكه,تمور,chocolate-coated dates,,KSA,HIGH,P2,MISSING,,OFFICIAL_MANUFACTURER,Bateel official product page,,,,,,,,,,NONE,HIGH,بتيل,Bateel,تغطية OpenFoodFacts للسوق السعودي ضحلة (١٦٤٩٢ منتجًا إجماليًا، وعمق كل علامة عشرات مقابل مئات فعلية) — تُستخدم للتقاطع بالباركود لا كمصدر أول. المصدر المفضّل: كتالوج المصنّع أو كتالوج التجزئة السعودي.
QGAP-01356,بتيل معجون تمر,Bateel date paste,بتيل,Bateel,Bateel,PACKAGED,فواكه,تمور,date paste,,KSA,HIGH,P2,MISSING,,OFFICIAL_MANUFACTURER,Bateel official product page,,,,,,,,,,NONE,HIGH,بتيل,Bateel,تغطية OpenFoodFacts للسوق السعودي ضحلة (١٦٤٩٢ منتجًا إجماليًا، وعمق كل علامة عشرات مقابل مئات فعلية) — تُستخدم للتقاطع بالباركود لا كمصدر أول. المصدر المفضّل: كتالوج المصنّع أو كتالوج التجزئة السعودي.
QGAP-01357,تمرة تمر باللوز والشوكولاتة,Tamrah date with almond and chocolate,تمرة,Tamrah,Tamrah,PACKAGED,حلويات,تمور,date with almond and chocolate,,KSA,HIGH,P2,MISSING,,OFFICIAL_LOCAL,Saudi retailer catalogue (Panda/Othaim/Tamimi/Nana) + barcode,,,,,,,,,,NONE,HIGH,تمرة,Tamrah,تغطية OpenFoodFacts للسوق السعودي ضحلة (١٦٤٩٢ منتجًا إجماليًا، وعمق كل علامة عشرات مقابل مئات فعلية) — تُستخدم للتقاطع بالباركود لا كمصدر أول. المصدر المفضّل: كتالوج المصنّع أو كتالوج التجزئة السعودي.
QGAP-01358,الفوعة تمر مجدول,Al Foah Medjool dates,الفوعة,Al Foah,Al Foah,PACKAGED,فواكه,تمور,Medjool dates,,KSA,MEDIUM,P2,MISSING,,OFFICIAL_MANUFACTURER,Al Foah official product page,,,,,,,,,,NONE,HIGH,الفوعة,Al Foah,تغطية OpenFoodFacts للسوق السعودي ضحلة (١٦٤٩٢ منتجًا إجماليًا، وعمق كل علامة عشرات مقابل مئات فعلية) — تُستخدم للتقاطع بالباركود لا كمصدر أول. المصدر المفضّل: كتالوج المصنّع أو كتالوج التجزئة السعودي.
QGAP-01359,الفوعة تمر فرض,Al Foah Fard dates,الفوعة,Al Foah,Al Foah,PACKAGED,فواكه,تمور,Fard dates,,KSA,MEDIUM,P2,MISSING,,OFFICIAL_MANUFACTURER,Al Foah official product page,,,,,,,,,,NONE,HIGH,الفوعة,Al Foah,تغطية OpenFoodFacts للسوق السعودي ضحلة (١٦٤٩٢ منتجًا إجماليًا، وعمق كل علامة عشرات مقابل مئات فعلية) — تُستخدم للتقاطع بالباركود لا كمصدر أول. المصدر المفضّل: كتالوج المصنّع أو كتالوج التجزئة السعودي.
QGAP-01360,الفوعة معجون تمر,Al Foah date paste,الفوعة,Al Foah,Al Foah,PACKAGED,فواكه,تمور,date paste,,KSA,MEDIUM,P2,MISSING,,OFFICIAL_MANUFACTURER,Al Foah official product page,,,,,,,,,,NONE,HIGH,الفوعة,Al Foah,تغطية OpenFoodFacts للسوق السعودي ضحلة (١٦٤٩٢ منتجًا إجماليًا، وعمق كل علامة عشرات مقابل مئات فعلية) — تُستخدم للتقاطع بالباركود لا كمصدر أول. المصدر المفضّل: كتالوج المصنّع أو كتالوج التجزئة السعودي.
QGAP-01361,القهوة السعودية بن سعودي مطحون,Saudi Coffee Co. ground Saudi coffee,القهوة السعودية,Saudi Coffee Co.,Saudi Coffee Co.,PACKAGED,مشروبات,قهوة,ground Saudi coffee,,KSA,HIGH,P2,MISSING,,OFFICIAL_LOCAL,Saudi retailer catalogue (Panda/Othaim/Tamimi/Nana) + barcode,,,,,,,,,,NONE,HIGH,القهوة السعودية,Saudi Coffee Co.,تغطية OpenFoodFacts للسوق السعودي ضحلة (١٦٤٩٢ منتجًا إجماليًا، وعمق كل علامة عشرات مقابل مئات فعلية) — تُستخدم للتقاطع بالباركود لا كمصدر أول. المصدر المفضّل: كتالوج المصنّع أو كتالوج التجزئة السعودي.
QGAP-01362,القهوة السعودية قهوة مختصة,Saudi Coffee Co. specialty coffee beans,القهوة السعودية,Saudi Coffee Co.,Saudi Coffee Co.,PACKAGED,مشروبات,قهوة,specialty coffee beans,,KSA,HIGH,P2,MISSING,,OFFICIAL_LOCAL,Saudi retailer catalogue (Panda/Othaim/Tamimi/Nana) + barcode,,,,,,,,,,NONE,HIGH,القهوة السعودية,Saudi Coffee Co.,تغطية OpenFoodFacts للسوق السعودي ضحلة (١٦٤٩٢ منتجًا إجماليًا، وعمق كل علامة عشرات مقابل مئات فعلية) — تُستخدم للتقاطع بالباركود لا كمصدر أول. المصدر المفضّل: كتالوج المصنّع أو كتالوج التجزئة السعودي.
QGAP-01363,بيربلز كوكيز آند كريم,Barebells Cookies and Cream,بيربلز,Barebells,Barebells,PACKAGED,لياقة وبروتين,ألواح بروتين,Cookies and Cream,,KSA,HIGH,P1,MISSING,,OFFICIAL_MANUFACTURER,Barebells official nutrition,,,,,,,,,,NONE,HIGH,بيربلز,Barebells,
QGAP-01364,بيربلز كراميل كاجو,Barebells Caramel Cashew,بيربلز,Barebells,Barebells,PACKAGED,لياقة وبروتين,ألواح بروتين,Caramel Cashew,,KSA,HIGH,P1,MISSING,,OFFICIAL_MANUFACTURER,Barebells official nutrition,,,,,,,,,,NONE,HIGH,بيربلز,Barebells,
QGAP-01365,بيربلز كريمي كراميل,Barebells Creamy Caramel,بيربلز,Barebells,Barebells,PACKAGED,لياقة وبروتين,ألواح بروتين,Creamy Caramel,,KSA,HIGH,P1,MISSING,,OFFICIAL_MANUFACTURER,Barebells official nutrition,,,,,,,,,,NONE,HIGH,بيربلز,Barebells,
QGAP-01366,بيربلز وايت شوكليت,Barebells White Chocolate Almond,بيربلز,Barebells,Barebells,PACKAGED,لياقة وبروتين,ألواح بروتين,White Chocolate Almond,,KSA,HIGH,P1,MISSING,,OFFICIAL_MANUFACTURER,Barebells official nutrition,,,,,,,,,,NONE,HIGH,بيربلز,Barebells,
QGAP-01367,بيربلز هيزلنت,Barebells Hazelnut Nougat,بيربلز,Barebells,Barebells,PACKAGED,لياقة وبروتين,ألواح بروتين,Hazelnut Nougat,,KSA,HIGH,P1,MISSING,,OFFICIAL_MANUFACTURER,Barebells official nutrition,,,,,,,,,,NONE,HIGH,بيربلز,Barebells,
QGAP-01368,بيربلز شوكليت دو,Barebells Chocolate Dough,بيربلز,Barebells,Barebells,PACKAGED,لياقة وبروتين,ألواح بروتين,Chocolate Dough,,KSA,HIGH,P1,MISSING,,OFFICIAL_MANUFACTURER,Barebells official nutrition,,,,,,,,,,NONE,HIGH,بيربلز,Barebells,
QGAP-01369,بيربلز سولتي بينت,Barebells Salty Peanut,بيربلز,Barebells,Barebells,PACKAGED,لياقة وبروتين,ألواح بروتين,Salty Peanut,,KSA,HIGH,P1,MISSING,,OFFICIAL_MANUFACTURER,Barebells official nutrition,,,,,,,,,,NONE,HIGH,بيربلز,Barebells,
QGAP-01370,بيربلز ميلك شيك بروتين,Barebells protein milkshake,بيربلز,Barebells,Barebells,PACKAGED,لياقة وبروتين,ألواح بروتين,protein milkshake,,KSA,HIGH,P1,MISSING,,OFFICIAL_MANUFACTURER,Barebells official nutrition,,,,,,,,,,NONE,HIGH,بيربلز,Barebells,
QGAP-01371,بيربلز سوفت بار,Barebells soft bar,بيربلز,Barebells,Barebells,PACKAGED,لياقة وبروتين,ألواح بروتين,soft bar,,KSA,HIGH,P1,MISSING,,OFFICIAL_MANUFACTURER,Barebells official nutrition,,,,,,,,,,NONE,HIGH,بيربلز,Barebells,
QGAP-01372,كويست شوكولاتة تشيب,Quest Chocolate Chip Cookie Dough,كويست,Quest,Quest,PACKAGED,لياقة وبروتين,ألواح بروتين,Chocolate Chip Cookie Dough,,KSA,MEDIUM,P2,MISSING,,OFFICIAL_MANUFACTURER,Quest Nutrition official,,,,,,,,,,NONE,HIGH,كويست,Quest,
QGAP-01373,كويست كوكيز آند كريم,Quest Cookies and Cream,كويست,Quest,Quest,PACKAGED,لياقة وبروتين,ألواح بروتين,Cookies and Cream,,KSA,MEDIUM,P2,MISSING,,OFFICIAL_MANUFACTURER,Quest Nutrition official,,,,,,,,,,NONE,HIGH,كويست,Quest,
QGAP-01374,كويست بيرثداي كيك,Quest Birthday Cake,كويست,Quest,Quest,PACKAGED,لياقة وبروتين,ألواح بروتين,Birthday Cake,,KSA,MEDIUM,P2,MISSING,,OFFICIAL_MANUFACTURER,Quest Nutrition official,,,,,,,,,,NONE,HIGH,كويست,Quest,
QGAP-01375,كويست شيبس بروتين,Quest protein chips,كويست,Quest,Quest,PACKAGED,لياقة وبروتين,ألواح بروتين,protein chips,,KSA,MEDIUM,P2,MISSING,,OFFICIAL_MANUFACTURER,Quest Nutrition official,,,,,,,,,,NONE,HIGH,كويست,Quest,
QGAP-01376,جرينيد كاربكيلر كراميل,Grenade Carb Killa Caramel,جرينيد,Grenade,Grenade,PACKAGED,لياقة وبروتين,ألواح بروتين,Carb Killa Caramel,,KSA,MEDIUM,P2,MISSING,,OFFICIAL_MANUFACTURER,Grenade official (UK panels),,,,,,,,,,NONE,HIGH,جرينيد,Grenade,
QGAP-01377,جرينيد وايت شوكليت,Grenade White Chocolate,جرينيد,Grenade,Grenade,PACKAGED,لياقة وبروتين,ألواح بروتين,White Chocolate,,KSA,MEDIUM,P2,MISSING,,OFFICIAL_MANUFACTURER,Grenade official (UK panels),,,,,,,,,,NONE,HIGH,جرينيد,Grenade,
QGAP-01378,جرينيد بينت نتر,Grenade Peanut Nutter,جرينيد,Grenade,Grenade,PACKAGED,لياقة وبروتين,ألواح بروتين,Peanut Nutter,,KSA,MEDIUM,P2,MISSING,,OFFICIAL_MANUFACTURER,Grenade official (UK panels),,,,,,,,,,NONE,HIGH,جرينيد,Grenade,
QGAP-01379,جرينيد فدج براوني,Grenade Fudge Brownie,جرينيد,Grenade,Grenade,PACKAGED,لياقة وبروتين,ألواح بروتين,Fudge Brownie,,KSA,MEDIUM,P2,MISSING,,OFFICIAL_MANUFACTURER,Grenade official (UK panels),,,,,,,,,,NONE,HIGH,جرينيد,Grenade,
QGAP-01380,أوبتيموم نيوترشن جولد ستاندرد واي شوكولاتة,Optimum Nutrition Gold Standard Whey Chocolate,أوبتيموم نيوترشن,Optimum Nutrition,Optimum Nutrition,PACKAGED,لياقة وبروتين,بروتين باودر,Gold Standard Whey Chocolate,,KSA,HIGH,P1,MISSING,,OFFICIAL_MANUFACTURER,Optimum Nutrition official,,,,,,,,,,NONE,HIGH,أوبتيموم نيوترشن,Optimum Nutrition,
QGAP-01381,أوبتيموم نيوترشن جولد ستاندرد واي فانيلا,Optimum Nutrition Gold Standard Whey Vanilla,أوبتيموم نيوترشن,Optimum Nutrition,Optimum Nutrition,PACKAGED,لياقة وبروتين,بروتين باودر,Gold Standard Whey Vanilla,,KSA,HIGH,P1,MISSING,,OFFICIAL_MANUFACTURER,Optimum Nutrition official,,,,,,,,,,NONE,HIGH,أوبتيموم نيوترشن,Optimum Nutrition,
QGAP-01382,أوبتيموم نيوترشن جولد ستاندرد واي فراولة,Optimum Nutrition Gold Standard Whey Strawberry,أوبتيموم نيوترشن,Optimum Nutrition,Optimum Nutrition,PACKAGED,لياقة وبروتين,بروتين باودر,Gold Standard Whey Strawberry,,KSA,HIGH,P1,MISSING,,OFFICIAL_MANUFACTURER,Optimum Nutrition official,,,,,,,,,,NONE,HIGH,أوبتيموم نيوترشن,Optimum Nutrition,
QGAP-01383,أوبتيموم نيوترشن آيزوليت,Optimum Nutrition Whey Isolate,أوبتيموم نيوترشن,Optimum Nutrition,Optimum Nutrition,PACKAGED,لياقة وبروتين,بروتين باودر,Whey Isolate,,KSA,HIGH,P1,MISSING,,OFFICIAL_MANUFACTURER,Optimum Nutrition official,,,,,,,,,,NONE,HIGH,أوبتيموم نيوترشن,Optimum Nutrition,
QGAP-01384,أوبتيموم نيوترشن كازيين,Optimum Nutrition Casein,أوبتيموم نيوترشن,Optimum Nutrition,Optimum Nutrition,PACKAGED,لياقة وبروتين,بروتين باودر,Casein,,KSA,HIGH,P1,MISSING,,OFFICIAL_MANUFACTURER,Optimum Nutrition official,,,,,,,,,,NONE,HIGH,أوبتيموم نيوترشن,Optimum Nutrition,
QGAP-01385,أوبتيموم نيوترشن سيريس ماس,Optimum Nutrition Serious Mass gainer,أوبتيموم نيوترشن,Optimum Nutrition,Optimum Nutrition,PACKAGED,لياقة وبروتين,بروتين باودر,Serious Mass gainer,,KSA,HIGH,P1,MISSING,,OFFICIAL_MANUFACTURER,Optimum Nutrition official,,,,,,,,,,NONE,HIGH,أوبتيموم نيوترشن,Optimum Nutrition,
QGAP-01386,أوبتيموم نيوترشن أمينو إنرجي,Optimum Nutrition Amino Energy,أوبتيموم نيوترشن,Optimum Nutrition,Optimum Nutrition,PACKAGED,لياقة وبروتين,بروتين باودر,Amino Energy,,KSA,HIGH,P1,MISSING,,OFFICIAL_MANUFACTURER,Optimum Nutrition official,,,,,,,,,,NONE,HIGH,أوبتيموم نيوترشن,Optimum Nutrition,
QGAP-01387,ماي بروتين إمباكت واي,MyProtein Impact Whey,ماي بروتين,MyProtein,MyProtein,PACKAGED,لياقة وبروتين,بروتين باودر,Impact Whey,,KSA,MEDIUM,P2,MISSING,,OFFICIAL_MANUFACTURER,MyProtein official,,,,,,,,,,NONE,HIGH,ماي بروتين,MyProtein,
QGAP-01388,ماي بروتين كلير واي,MyProtein Clear Whey,ماي بروتين,MyProtein,MyProtein,PACKAGED,لياقة وبروتين,بروتين باودر,Clear Whey,,KSA,MEDIUM,P2,MISSING,,OFFICIAL_MANUFACTURER,MyProtein official,,,,,,,,,,NONE,HIGH,ماي بروتين,MyProtein,
QGAP-01389,ماي بروتين آيزوليت,MyProtein Whey Isolate,ماي بروتين,MyProtein,MyProtein,PACKAGED,لياقة وبروتين,بروتين باودر,Whey Isolate,,KSA,MEDIUM,P2,MISSING,,OFFICIAL_MANUFACTURER,MyProtein official,,,,,,,,,,NONE,HIGH,ماي بروتين,MyProtein,
QGAP-01390,ماي بروتين بروتين بار,MyProtein protein bar,ماي بروتين,MyProtein,MyProtein,PACKAGED,لياقة وبروتين,بروتين باودر,protein bar,,KSA,MEDIUM,P2,EXISTS_GENERIC_ONLY,protein-bar · بار بروتين,OFFICIAL_MANUFACTURER,MyProtein official,,,,,,,,,,NONE,MEDIUM,ماي بروتين,MyProtein,
QGAP-01391,المراعي حليب عالي البروتين,Almarai high-protein milk,المراعي,Almarai,Almarai,PACKAGED,لياقة وبروتين,منتجات عالية البروتين,high-protein milk,,KSA,VERY_HIGH,P0,MISSING,,OFFICIAL_MANUFACTURER,Almarai official product page,,,,,,,,,,NONE,HIGH,المراعي,Almarai,
QGAP-01392,المراعي زبادي عالي البروتين,Almarai high-protein yogurt,المراعي,Almarai,Almarai,PACKAGED,لياقة وبروتين,منتجات عالية البروتين,high-protein yogurt,,KSA,VERY_HIGH,P0,MISSING,,OFFICIAL_MANUFACTURER,Almarai official product page,,,,,,,,,,NONE,HIGH,المراعي,Almarai,
QGAP-01393,المراعي لبن عالي البروتين,Almarai high-protein laban,المراعي,Almarai,Almarai,PACKAGED,لياقة وبروتين,منتجات عالية البروتين,high-protein laban,,KSA,VERY_HIGH,P0,MISSING,,OFFICIAL_MANUFACTURER,Almarai official product page,,,,,,,,,,NONE,HIGH,المراعي,Almarai,
QGAP-01394,نادك حليب بروتين,NADEC protein milk,نادك,NADEC,NADEC,PACKAGED,لياقة وبروتين,منتجات عالية البروتين,protein milk,,KSA,HIGH,P1,MISSING,,OFFICIAL_MANUFACTURER,NADEC official,,,,,,,,,,NONE,HIGH,نادك,NADEC,
QGAP-01395,نادك زبادي بروتين,NADEC protein yogurt,نادك,NADEC,NADEC,PACKAGED,لياقة وبروتين,منتجات عالية البروتين,protein yogurt,,KSA,HIGH,P1,MISSING,,OFFICIAL_MANUFACTURER,NADEC official,,,,,,,,,,NONE,HIGH,نادك,NADEC,
QGAP-01396,الصافي لبن عالي البروتين,Al Safi high-protein laban,الصافي,Al Safi,Al Safi,PACKAGED,لياقة وبروتين,منتجات عالية البروتين,high-protein laban,,KSA,HIGH,P1,MISSING,,OFFICIAL_MANUFACTURER,Al Safi Danone official,,,,,,,,,,NONE,HIGH,الصافي,Al Safi,
QGAP-01397,الصافي زبادي يوناني عالي البروتين,Al Safi high-protein Greek yogurt,الصافي,Al Safi,Al Safi,PACKAGED,لياقة وبروتين,منتجات عالية البروتين,high-protein Greek yogurt,,KSA,HIGH,P1,MISSING,,OFFICIAL_MANUFACTURER,Al Safi Danone official,,,,,,,,,,NONE,HIGH,الصافي,Al Safi,
QGAP-01398,أتكنز بار شوكولاتة,Atkins chocolate bar,أتكنز,Atkins,Atkins,PACKAGED,لياقة وبروتين,ألواح بروتين,chocolate bar,,KSA,MEDIUM,P2,MISSING,,OFFICIAL_MANUFACTURER,Atkins official,,,,,,,,,,NONE,HIGH,أتكنز,Atkins,
QGAP-01399,أتكنز شيك,Atkins shake,أتكنز,Atkins,Atkins,PACKAGED,لياقة وبروتين,ألواح بروتين,shake,,KSA,MEDIUM,P2,MISSING,,OFFICIAL_MANUFACTURER,Atkins official,,,,,,,,,,NONE,HIGH,أتكنز,Atkins,
QGAP-01400,تشوباني زبادي يوناني سادة,Chobani Greek yogurt plain,تشوباني,Chobani,Chobani,PACKAGED,لياقة وبروتين,منتجات عالية البروتين,Greek yogurt plain,,KSA,MEDIUM,P3,EXISTS_GENERIC_ONLY,greek-yogurt · زبادي يوناني,OFFICIAL_MANUFACTURER,Chobani official,,,,,,,,,,NONE,MEDIUM,تشوباني,Chobani,
QGAP-01401,تشوباني زبادي يوناني بالفواكه,Chobani Greek yogurt fruit,تشوباني,Chobani,Chobani,PACKAGED,لياقة وبروتين,منتجات عالية البروتين,Greek yogurt fruit,,KSA,MEDIUM,P3,EXISTS_GENERIC_ONLY,greek-yogurt · زبادي يوناني,OFFICIAL_MANUFACTURER,Chobani official,,,,,,,,,,NONE,MEDIUM,تشوباني,Chobani,
QGAP-01402,تشوباني زبادي خالي الدسم,Chobani non-fat Greek yogurt,تشوباني,Chobani,Chobani,PACKAGED,لياقة وبروتين,منتجات عالية البروتين,non-fat Greek yogurt,,KSA,MEDIUM,P3,EXISTS_GENERIC_ONLY,greek-yogurt · زبادي يوناني,OFFICIAL_MANUFACTURER,Chobani official,,,,,,,,,,NONE,MEDIUM,تشوباني,Chobani,
QGAP-01403,محلي سكرالوز,Sucralose sweetener,,,,GENERIC,لياقة وبروتين,محليات,,,KSA,HIGH,P2,MISSING,,OFFICIAL_MANUFACTURER,ملصق المنتج / صفحة المصنّع,,,,,,,,,,NONE,MEDIUM,,,يُسجَّل بالعلامة التجارية الفعلية عند الاستيراد.
QGAP-01404,شراب خالي السكر,Sugar-free syrup,,,,GENERIC,لياقة وبروتين,محليات,,,KSA,HIGH,P2,MISSING,,OFFICIAL_MANUFACTURER,ملصق المنتج / صفحة المصنّع,,,,,,,,,,NONE,MEDIUM,,,يُسجَّل بالعلامة التجارية الفعلية عند الاستيراد.
QGAP-01405,صلصة خالية السعرات,Zero-calorie sauce,,,,GENERIC,لياقة وبروتين,صلصات,,,KSA,HIGH,P2,MISSING,,OFFICIAL_MANUFACTURER,ملصق المنتج / صفحة المصنّع,,,,,,,,,,NONE,MEDIUM,,,يُسجَّل بالعلامة التجارية الفعلية عند الاستيراد.
QGAP-01406,كاتشب خالي السكر,Sugar-free ketchup,,,,GENERIC,لياقة وبروتين,صلصات,,,KSA,HIGH,P2,MISSING,,OFFICIAL_MANUFACTURER,ملصق المنتج / صفحة المصنّع,,,,,,,,,,NONE,MEDIUM,,,يُسجَّل بالعلامة التجارية الفعلية عند الاستيراد.
QGAP-01407,مايونيز خالي الدهن,Fat-free mayonnaise,,,,GENERIC,لياقة وبروتين,صلصات,,,KSA,HIGH,P2,MISSING,,OFFICIAL_MANUFACTURER,ملصق المنتج / صفحة المصنّع,,,,,,,,,,NONE,MEDIUM,,,يُسجَّل بالعلامة التجارية الفعلية عند الاستيراد.
QGAP-01408,زبدة فول سوداني خالية السكر,Sugar-free peanut butter,,,,GENERIC,لياقة وبروتين,سبريد,,,KSA,HIGH,P2,EXISTS_GENERIC_ONLY,peanut-butter · زبدة فول سوداني,OFFICIAL_MANUFACTURER,ملصق المنتج / صفحة المصنّع,,,,,,,,,,NONE,MEDIUM,,,يُسجَّل بالعلامة التجارية الفعلية عند الاستيراد.
QGAP-01409,جيلي خالي السكر,Sugar-free jelly,,,,GENERIC,لياقة وبروتين,حلويات,,,KSA,HIGH,P2,MISSING,,OFFICIAL_MANUFACTURER,ملصق المنتج / صفحة المصنّع,,,,,,,,,,NONE,MEDIUM,,,يُسجَّل بالعلامة التجارية الفعلية عند الاستيراد.
QGAP-01410,شوكولاتة خالية السكر,Sugar-free chocolate,,,,GENERIC,لياقة وبروتين,حلويات,,,KSA,HIGH,P2,MISSING,,OFFICIAL_MANUFACTURER,ملصق المنتج / صفحة المصنّع,,,,,,,,,,NONE,MEDIUM,,,يُسجَّل بالعلامة التجارية الفعلية عند الاستيراد.
QGAP-01411,بسكويت خالي السكر,Sugar-free biscuit,,,,GENERIC,لياقة وبروتين,حلويات,,,KSA,HIGH,P2,MISSING,,OFFICIAL_MANUFACTURER,ملصق المنتج / صفحة المصنّع,,,,,,,,,,NONE,MEDIUM,,,يُسجَّل بالعلامة التجارية الفعلية عند الاستيراد.
QGAP-01412,معكرونة كونجاك (شيراتاكي),Shirataki konjac noodles,,,,GENERIC,لياقة وبروتين,بدائل كارب,,,KSA,HIGH,P2,MISSING,,OFFICIAL_MANUFACTURER,ملصق المنتج / صفحة المصنّع,,,,,,,,,,NONE,MEDIUM,,,يُسجَّل بالعلامة التجارية الفعلية عند الاستيراد.
QGAP-01413,أرز القرنبيط,Cauliflower rice,,,,GENERIC,لياقة وبروتين,بدائل كارب,,,KSA,HIGH,P2,MISSING,,OFFICIAL_MANUFACTURER,ملصق المنتج / صفحة المصنّع,,,,,,,,,,NONE,MEDIUM,,,يُسجَّل بالعلامة التجارية الفعلية عند الاستيراد.
QGAP-01414,خبز كيتو,Keto bread,,,,GENERIC,لياقة وبروتين,بدائل كارب,,,KSA,HIGH,P2,MISSING,,OFFICIAL_MANUFACTURER,ملصق المنتج / صفحة المصنّع,,,,,,,,,,NONE,MEDIUM,,,يُسجَّل بالعلامة التجارية الفعلية عند الاستيراد.
QGAP-01415,رقائق بروتين,Protein chips,,,,GENERIC,لياقة وبروتين,سناكس,,,KSA,HIGH,P2,MISSING,,OFFICIAL_MANUFACTURER,ملصق المنتج / صفحة المصنّع,,,,,,,,,,NONE,MEDIUM,,,يُسجَّل بالعلامة التجارية الفعلية عند الاستيراد.
QGAP-01416,بوب كورن قليل السعرات,Low-calorie popcorn,,,,GENERIC,لياقة وبروتين,سناكس,,,KSA,HIGH,P2,MISSING,,OFFICIAL_MANUFACTURER,ملصق المنتج / صفحة المصنّع,,,,,,,,,,NONE,MEDIUM,,,يُسجَّل بالعلامة التجارية الفعلية عند الاستيراد.
QGAP-01417,جرانولا بروتين,Protein granola,,,,GENERIC,لياقة وبروتين,فطور,,,KSA,HIGH,P2,MISSING,,OFFICIAL_MANUFACTURER,ملصق المنتج / صفحة المصنّع,,,,,,,,,,NONE,MEDIUM,,,يُسجَّل بالعلامة التجارية الفعلية عند الاستيراد.
QGAP-01418,حبوب إفطار عالية البروتين,High-protein cereal,,,,GENERIC,لياقة وبروتين,فطور,,,KSA,HIGH,P2,MISSING,,OFFICIAL_MANUFACTURER,ملصق المنتج / صفحة المصنّع,,,,,,,,,,NONE,MEDIUM,,,يُسجَّل بالعلامة التجارية الفعلية عند الاستيراد.
QGAP-01419,مشروب كولاجين,Collagen drink,,,,GENERIC,لياقة وبروتين,مكملات,,,KSA,HIGH,P2,MISSING,,OFFICIAL_MANUFACTURER,ملصق المنتج / صفحة المصنّع,,,,,,,,,,NONE,MEDIUM,,,يُسجَّل بالعلامة التجارية الفعلية عند الاستيراد.
QGAP-01420,بري ورك آوت,Pre-workout supplement,,,,GENERIC,لياقة وبروتين,مكملات,,,KSA,HIGH,P2,MISSING,,OFFICIAL_MANUFACTURER,ملصق المنتج / صفحة المصنّع,,,,,,,,,,NONE,MEDIUM,,,يُسجَّل بالعلامة التجارية الفعلية عند الاستيراد.
QGAP-01421,جلوتامين,Glutamine,,,,GENERIC,لياقة وبروتين,مكملات,,,KSA,HIGH,P2,MISSING,,OFFICIAL_MANUFACTURER,ملصق المنتج / صفحة المصنّع,,,,,,,,,,NONE,MEDIUM,,,يُسجَّل بالعلامة التجارية الفعلية عند الاستيراد.
QGAP-01422,أوميغا 3,Omega-3,,,,GENERIC,لياقة وبروتين,مكملات,,,KSA,HIGH,P2,MISSING,,OFFICIAL_MANUFACTURER,ملصق المنتج / صفحة المصنّع,,,,,,,,,,NONE,MEDIUM,,,يُسجَّل بالعلامة التجارية الفعلية عند الاستيراد.
QGAP-01423,فيتامين د,Vitamin D,,,,GENERIC,لياقة وبروتين,مكملات,,,KSA,HIGH,P2,MISSING,,OFFICIAL_MANUFACTURER,ملصق المنتج / صفحة المصنّع,,,,,,,,,,NONE,MEDIUM,,,يُسجَّل بالعلامة التجارية الفعلية عند الاستيراد.
QGAP-01424,ملتي فيتامين,Multivitamin,,,,GENERIC,لياقة وبروتين,مكملات,,,KSA,HIGH,P2,MISSING,,OFFICIAL_MANUFACTURER,ملصق المنتج / صفحة المصنّع,,,,,,,,,,NONE,MEDIUM,,,يُسجَّل بالعلامة التجارية الفعلية عند الاستيراد.
QGAP-01425,حارق دهون,Fat burner,,,,GENERIC,لياقة وبروتين,مكملات,,,KSA,HIGH,P2,MISSING,,OFFICIAL_MANUFACTURER,ملصق المنتج / صفحة المصنّع,,,,,,,,,,NONE,MEDIUM,,,يُسجَّل بالعلامة التجارية الفعلية عند الاستيراد.
QGAP-01426,ألياف سيلليوم,Psyllium fibre,,,,GENERIC,لياقة وبروتين,مكملات,,,KSA,HIGH,P2,MISSING,,OFFICIAL_MANUFACTURER,ملصق المنتج / صفحة المصنّع,,,,,,,,,,NONE,MEDIUM,,,يُسجَّل بالعلامة التجارية الفعلية عند الاستيراد.
QGAP-01427,مطبق لحم (حجازي),Mutabbaq with meat,,,,SAUDI_DISH,أطباق سعودية وخليجية,معجنات,,,KSA,VERY_HIGH,P1,EXISTS_GENERIC_ONLY,mutabbaq-meat · مطبق لحم,RECIPE_ESTIMATE,جداول تركيب الأغذية السعودية / وصفة موثّقة,,,,,,,,,,NONE,MEDIUM,,,يُحسب من مكوّنات موثّقة أو جداول التركيب السعودية — لا يُقدَّر اعتباطًا.
QGAP-01428,مطبق دجاج,Chicken mutabbaq,,,,SAUDI_DISH,أطباق سعودية وخليجية,معجنات,,,KSA,VERY_HIGH,P1,MISSING,,RECIPE_ESTIMATE,جداول تركيب الأغذية السعودية / وصفة موثّقة,,,,,,,,,,NONE,MEDIUM,,,يُحسب من مكوّنات موثّقة أو جداول التركيب السعودية — لا يُقدَّر اعتباطًا.
QGAP-01429,سمبوسة روبيان,Shrimp samosa,,,,SAUDI_DISH,أطباق سعودية وخليجية,معجنات,,,KSA,VERY_HIGH,P1,EXISTS_GENERIC_ONLY,shrimp · روبيان,RECIPE_ESTIMATE,جداول تركيب الأغذية السعودية / وصفة موثّقة,,,,,,,,,,NONE,MEDIUM,,,يُحسب من مكوّنات موثّقة أو جداول التركيب السعودية — لا يُقدَّر اعتباطًا.
QGAP-01430,سمبوسة بطاطس,Potato samosa,,,,SAUDI_DISH,أطباق سعودية وخليجية,معجنات,,,KSA,VERY_HIGH,P1,EXISTS_GENERIC_ONLY,samosa · سمبوسة,RECIPE_ESTIMATE,جداول تركيب الأغذية السعودية / وصفة موثّقة,,,,,,,,,,NONE,MEDIUM,,,يُحسب من مكوّنات موثّقة أو جداول التركيب السعودية — لا يُقدَّر اعتباطًا.
QGAP-01431,فطيرة زعتر,Zaatar pie,,,,SAUDI_DISH,أطباق سعودية وخليجية,معجنات,,,KSA,VERY_HIGH,P1,MISSING,,RECIPE_ESTIMATE,جداول تركيب الأغذية السعودية / وصفة موثّقة,,,,,,,,,,NONE,MEDIUM,,,يُحسب من مكوّنات موثّقة أو جداول التركيب السعودية — لا يُقدَّر اعتباطًا.
QGAP-01432,مناقيش لحم,Meat manakish,,,,SAUDI_DISH,أطباق سعودية وخليجية,معجنات,,,KSA,VERY_HIGH,P1,MISSING,,RECIPE_ESTIMATE,جداول تركيب الأغذية السعودية / وصفة موثّقة,,,,,,,,,,NONE,MEDIUM,,,يُحسب من مكوّنات موثّقة أو جداول التركيب السعودية — لا يُقدَّر اعتباطًا.
QGAP-01433,رقاق لحم,Meat ruqaq,,,,SAUDI_DISH,أطباق سعودية وخليجية,معجنات,,,KSA,VERY_HIGH,P1,MISSING,,RECIPE_ESTIMATE,جداول تركيب الأغذية السعودية / وصفة موثّقة,,,,,,,,,,NONE,MEDIUM,,,يُحسب من مكوّنات موثّقة أو جداول التركيب السعودية — لا يُقدَّر اعتباطًا.
QGAP-01434,خبز رقاق (إماراتي),Ruqaq bread,,,,SAUDI_DISH,أطباق سعودية وخليجية,خبز,,,KSA,VERY_HIGH,P1,MISSING,,RECIPE_ESTIMATE,جداول تركيب الأغذية السعودية / وصفة موثّقة,,,,,,,,,,NONE,MEDIUM,,,يُحسب من مكوّنات موثّقة أو جداول التركيب السعودية — لا يُقدَّر اعتباطًا.
QGAP-01435,شوربة شوفان رمضانية,Ramadan oat soup,,,,SAUDI_DISH,أطباق سعودية وخليجية,شوربات,,,KSA,VERY_HIGH,P1,MISSING,,RECIPE_ESTIMATE,جداول تركيب الأغذية السعودية / وصفة موثّقة,,,,,,,,,,NONE,MEDIUM,,,يُحسب من مكوّنات موثّقة أو جداول التركيب السعودية — لا يُقدَّر اعتباطًا.
QGAP-01436,شوربة الخضار,Vegetable soup,,,,SAUDI_DISH,أطباق سعودية وخليجية,شوربات,,,KSA,VERY_HIGH,P1,MISSING,,RECIPE_ESTIMATE,جداول تركيب الأغذية السعودية / وصفة موثّقة,,,,,,,,,,NONE,MEDIUM,,,يُحسب من مكوّنات موثّقة أو جداول التركيب السعودية — لا يُقدَّر اعتباطًا.
QGAP-01437,شوربة الدجاج بالشعيرية,Chicken vermicelli soup,,,,SAUDI_DISH,أطباق سعودية وخليجية,شوربات,,,KSA,VERY_HIGH,P1,MISSING,,RECIPE_ESTIMATE,جداول تركيب الأغذية السعودية / وصفة موثّقة,,,,,,,,,,NONE,MEDIUM,,,يُحسب من مكوّنات موثّقة أو جداول التركيب السعودية — لا يُقدَّر اعتباطًا.
QGAP-01438,شوربة فريكة,Freekeh soup,,,,SAUDI_DISH,أطباق سعودية وخليجية,شوربات,,,KSA,VERY_HIGH,P1,MISSING,,RECIPE_ESTIMATE,جداول تركيب الأغذية السعودية / وصفة موثّقة,,,,,,,,,,NONE,MEDIUM,,,يُحسب من مكوّنات موثّقة أو جداول التركيب السعودية — لا يُقدَّر اعتباطًا.
QGAP-01439,مضغوط سمك,Fish madghoot,,,,SAUDI_DISH,أطباق سعودية وخليجية,أرز,,,KSA,VERY_HIGH,P1,MISSING,,RECIPE_ESTIMATE,جداول تركيب الأغذية السعودية / وصفة موثّقة,,,,,,,,,,NONE,MEDIUM,,,يُحسب من مكوّنات موثّقة أو جداول التركيب السعودية — لا يُقدَّر اعتباطًا.
QGAP-01440,زربيان لحم,Lamb zurbian,,,,SAUDI_DISH,أطباق سعودية وخليجية,أرز,,,KSA,VERY_HIGH,P1,MISSING,,RECIPE_ESTIMATE,جداول تركيب الأغذية السعودية / وصفة موثّقة,,,,,,,,,,NONE,MEDIUM,,,يُحسب من مكوّنات موثّقة أو جداول التركيب السعودية — لا يُقدَّر اعتباطًا.
QGAP-01441,مجبوس روبيان,Shrimp majboos,,,,SAUDI_DISH,أطباق سعودية وخليجية,أرز,,,KSA,VERY_HIGH,P1,EXISTS_GENERIC_ONLY,shrimp · روبيان,RECIPE_ESTIMATE,جداول تركيب الأغذية السعودية / وصفة موثّقة,,,,,,,,,,NONE,MEDIUM,,,يُحسب من مكوّنات موثّقة أو جداول التركيب السعودية — لا يُقدَّر اعتباطًا.
QGAP-01442,أرز بالخضار,Vegetable rice,,,,SAUDI_DISH,أطباق سعودية وخليجية,أرز,,,KSA,VERY_HIGH,P1,MISSING,,RECIPE_ESTIMATE,جداول تركيب الأغذية السعودية / وصفة موثّقة,,,,,,,,,,NONE,MEDIUM,,,يُحسب من مكوّنات موثّقة أو جداول التركيب السعودية — لا يُقدَّر اعتباطًا.
QGAP-01443,معمر (طبق حجازي),Muammar,,,,SAUDI_DISH,أطباق سعودية وخليجية,أرز,,,KSA,VERY_HIGH,P1,MISSING,,RECIPE_ESTIMATE,جداول تركيب الأغذية السعودية / وصفة موثّقة,,,,,,,,,,NONE,MEDIUM,,,يُحسب من مكوّنات موثّقة أو جداول التركيب السعودية — لا يُقدَّر اعتباطًا.
QGAP-01444,فوالة (ضيافة),Fawalah spread,,,,SAUDI_DISH,أطباق سعودية وخليجية,ضيافة,,,KSA,VERY_HIGH,P1,MISSING,,RECIPE_ESTIMATE,جداول تركيب الأغذية السعودية / وصفة موثّقة,,,,,,,,,,NONE,MEDIUM,,,يُحسب من مكوّنات موثّقة أو جداول التركيب السعودية — لا يُقدَّر اعتباطًا.
QGAP-01445,تمر بالقشطة,Dates with cream,,,,SAUDI_DISH,أطباق سعودية وخليجية,ضيافة,,,KSA,VERY_HIGH,P1,MISSING,,RECIPE_ESTIMATE,جداول تركيب الأغذية السعودية / وصفة موثّقة,,,,,,,,,,NONE,MEDIUM,,,يُحسب من مكوّنات موثّقة أو جداول التركيب السعودية — لا يُقدَّر اعتباطًا.
QGAP-01446,قهوة عربية بالزعفران,Saffron Arabic coffee,,,,SAUDI_DISH,أطباق سعودية وخليجية,مشروبات,,,KSA,VERY_HIGH,P1,EXISTS_GENERIC_ONLY,arabic-coffee · قهوة عربية,RECIPE_ESTIMATE,جداول تركيب الأغذية السعودية / وصفة موثّقة,,,,,,,,,,NONE,MEDIUM,,,يُحسب من مكوّنات موثّقة أو جداول التركيب السعودية — لا يُقدَّر اعتباطًا.
QGAP-01447,شاي أخضر بالنعناع,Green mint tea,,,,SAUDI_DISH,أطباق سعودية وخليجية,مشروبات,,,KSA,VERY_HIGH,P1,EXISTS_GENERIC_ONLY,green-tea · شاي أخضر,RECIPE_ESTIMATE,جداول تركيب الأغذية السعودية / وصفة موثّقة,,,,,,,,,,NONE,MEDIUM,,,يُحسب من مكوّنات موثّقة أو جداول التركيب السعودية — لا يُقدَّر اعتباطًا.
QGAP-01448,قمر الدين مشروب,Qamar al-din drink,,,,SAUDI_DISH,أطباق سعودية وخليجية,مشروبات,,,KSA,VERY_HIGH,P1,EXISTS_GENERIC_ONLY,qamar-aldin · قمر الدين,RECIPE_ESTIMATE,جداول تركيب الأغذية السعودية / وصفة موثّقة,,,,,,,,,,NONE,MEDIUM,,,يُحسب من مكوّنات موثّقة أو جداول التركيب السعودية — لا يُقدَّر اعتباطًا.
QGAP-01449,تمر هندي,Tamarind drink,,,,SAUDI_DISH,أطباق سعودية وخليجية,مشروبات,,,KSA,VERY_HIGH,P1,MISSING,,RECIPE_ESTIMATE,جداول تركيب الأغذية السعودية / وصفة موثّقة,,,,,,,,,,NONE,MEDIUM,,,يُحسب من مكوّنات موثّقة أو جداول التركيب السعودية — لا يُقدَّر اعتباطًا.
QGAP-01450,عصير سوبيا حجازي,Hijazi sobia,,,,SAUDI_DISH,أطباق سعودية وخليجية,مشروبات,,,KSA,VERY_HIGH,P1,EXISTS_GENERIC_ONLY,sobia · سوبيا,RECIPE_ESTIMATE,جداول تركيب الأغذية السعودية / وصفة موثّقة,,,,,,,,,,NONE,MEDIUM,,,يُحسب من مكوّنات موثّقة أو جداول التركيب السعودية — لا يُقدَّر اعتباطًا.
QGAP-01451,لبن عيران,Ayran,,,,SAUDI_DISH,أطباق سعودية وخليجية,مشروبات,,,KSA,VERY_HIGH,P1,MISSING,,RECIPE_ESTIMATE,جداول تركيب الأغذية السعودية / وصفة موثّقة,,,,,,,,,,NONE,MEDIUM,,,يُحسب من مكوّنات موثّقة أو جداول التركيب السعودية — لا يُقدَّر اعتباطًا.
QGAP-01452,حليب بالزعفران,Saffron milk,,,,SAUDI_DISH,أطباق سعودية وخليجية,مشروبات,,,KSA,VERY_HIGH,P1,MISSING,,RECIPE_ESTIMATE,جداول تركيب الأغذية السعودية / وصفة موثّقة,,,,,,,,,,NONE,MEDIUM,,,يُحسب من مكوّنات موثّقة أو جداول التركيب السعودية — لا يُقدَّر اعتباطًا.
QGAP-01453,مهلبية بالفستق,Pistachio muhallabia,,,,SAUDI_DISH,أطباق سعودية وخليجية,حلويات,,,KSA,VERY_HIGH,P1,EXISTS_GENERIC_ONLY,muhallabia · مهلبية,RECIPE_ESTIMATE,جداول تركيب الأغذية السعودية / وصفة موثّقة,,,,,,,,,,NONE,MEDIUM,,,يُحسب من مكوّنات موثّقة أو جداول التركيب السعودية — لا يُقدَّر اعتباطًا.
QGAP-01454,أم علي بالمكسرات,Om Ali with nuts,,,,SAUDI_DISH,أطباق سعودية وخليجية,حلويات,,,KSA,VERY_HIGH,P1,MISSING,,RECIPE_ESTIMATE,جداول تركيب الأغذية السعودية / وصفة موثّقة,,,,,,,,,,NONE,MEDIUM,,,يُحسب من مكوّنات موثّقة أو جداول التركيب السعودية — لا يُقدَّر اعتباطًا.
QGAP-01455,كيك التمر,Date cake,,,,SAUDI_DISH,أطباق سعودية وخليجية,حلويات,,,KSA,VERY_HIGH,P1,MISSING,,RECIPE_ESTIMATE,جداول تركيب الأغذية السعودية / وصفة موثّقة,,,,,,,,,,NONE,MEDIUM,,,يُحسب من مكوّنات موثّقة أو جداول التركيب السعودية — لا يُقدَّر اعتباطًا.
QGAP-01456,معمول بالجوز,Walnut maamoul,,,,SAUDI_DISH,أطباق سعودية وخليجية,حلويات,,,KSA,VERY_HIGH,P1,MISSING,,RECIPE_ESTIMATE,جداول تركيب الأغذية السعودية / وصفة موثّقة,,,,,,,,,,NONE,MEDIUM,,,يُحسب من مكوّنات موثّقة أو جداول التركيب السعودية — لا يُقدَّر اعتباطًا.
QGAP-01457,معمول بالفستق,Pistachio maamoul,,,,SAUDI_DISH,أطباق سعودية وخليجية,حلويات,,,KSA,VERY_HIGH,P1,MISSING,,RECIPE_ESTIMATE,جداول تركيب الأغذية السعودية / وصفة موثّقة,,,,,,,,,,NONE,MEDIUM,,,يُحسب من مكوّنات موثّقة أو جداول التركيب السعودية — لا يُقدَّر اعتباطًا.
QGAP-01458,بسبوسة بالقشطة,Basbousa with cream,,,,SAUDI_DISH,أطباق سعودية وخليجية,حلويات,,,KSA,VERY_HIGH,P1,EXISTS_GENERIC_ONLY,basbousa · بسبوسة,RECIPE_ESTIMATE,جداول تركيب الأغذية السعودية / وصفة موثّقة,,,,,,,,,,NONE,MEDIUM,,,يُحسب من مكوّنات موثّقة أو جداول التركيب السعودية — لا يُقدَّر اعتباطًا.
QGAP-01459,كنافة بالمانجو,Mango kunafa,,,,SAUDI_DISH,أطباق سعودية وخليجية,حلويات,,,KSA,VERY_HIGH,P1,EXISTS_GENERIC_ONLY,kunafa · كنافة,RECIPE_ESTIMATE,جداول تركيب الأغذية السعودية / وصفة موثّقة,,,,,,,,,,NONE,MEDIUM,,,يُحسب من مكوّنات موثّقة أو جداول التركيب السعودية — لا يُقدَّر اعتباطًا.
QGAP-01460,لقيمات بالنوتيلا,Nutella luqaimat,,,,SAUDI_DISH,أطباق سعودية وخليجية,حلويات,,,KSA,VERY_HIGH,P1,EXISTS_GENERIC_ONLY,luqaimat · لقيمات,RECIPE_ESTIMATE,جداول تركيب الأغذية السعودية / وصفة موثّقة,,,,,,,,,,NONE,MEDIUM,,,يُحسب من مكوّنات موثّقة أو جداول التركيب السعودية — لا يُقدَّر اعتباطًا.
QGAP-01461,عصيدة تمر بالسمن,Date aseedah with ghee,,,,SAUDI_DISH,أطباق سعودية وخليجية,حلويات,,,KSA,VERY_HIGH,P1,EXISTS_GENERIC_ONLY,sfct-49 · عصيدة تمر,RECIPE_ESTIMATE,جداول تركيب الأغذية السعودية / وصفة موثّقة,,,,,,,,,,NONE,MEDIUM,,,يُحسب من مكوّنات موثّقة أو جداول التركيب السعودية — لا يُقدَّر اعتباطًا.
QGAP-01462,حلى الكيري,Kiri dessert,,,,SAUDI_DISH,أطباق سعودية وخليجية,حلويات,,,KSA,VERY_HIGH,P1,MISSING,,RECIPE_ESTIMATE,جداول تركيب الأغذية السعودية / وصفة موثّقة,,,,,,,,,,NONE,MEDIUM,,,يُحسب من مكوّنات موثّقة أو جداول التركيب السعودية — لا يُقدَّر اعتباطًا.
QGAP-01463,حلى البسكويت بالقشطة,Biscuit cream dessert,,,,SAUDI_DISH,أطباق سعودية وخليجية,حلويات,,,KSA,VERY_HIGH,P1,MISSING,,RECIPE_ESTIMATE,جداول تركيب الأغذية السعودية / وصفة موثّقة,,,,,,,,,,NONE,MEDIUM,,,يُحسب من مكوّنات موثّقة أو جداول التركيب السعودية — لا يُقدَّر اعتباطًا.
QGAP-01464,ترمس مملح,Salted lupini,,,,SAUDI_DISH,أطباق سعودية وخليجية,مقبلات,,,KSA,VERY_HIGH,P1,MISSING,,RECIPE_ESTIMATE,جداول تركيب الأغذية السعودية / وصفة موثّقة,,,,,,,,,,NONE,MEDIUM,,,يُحسب من مكوّنات موثّقة أو جداول التركيب السعودية — لا يُقدَّر اعتباطًا.
QGAP-01465,مخلل لفت,Pickled turnip,,,,SAUDI_DISH,أطباق سعودية وخليجية,مقبلات,,,KSA,VERY_HIGH,P1,MISSING,,RECIPE_ESTIMATE,جداول تركيب الأغذية السعودية / وصفة موثّقة,,,,,,,,,,NONE,MEDIUM,,,يُحسب من مكوّنات موثّقة أو جداول التركيب السعودية — لا يُقدَّر اعتباطًا.
QGAP-01466,سلطة الزبادي بالخيار,Cucumber yogurt salad,,,,SAUDI_DISH,أطباق سعودية وخليجية,مقبلات,,,KSA,VERY_HIGH,P1,MISSING,,RECIPE_ESTIMATE,جداول تركيب الأغذية السعودية / وصفة موثّقة,,,,,,,,,,NONE,MEDIUM,,,يُحسب من مكوّنات موثّقة أو جداول التركيب السعودية — لا يُقدَّر اعتباطًا.
QGAP-01467,سلطة الروب,Roub salad,,,,SAUDI_DISH,أطباق سعودية وخليجية,مقبلات,,,KSA,VERY_HIGH,P1,MISSING,,RECIPE_ESTIMATE,جداول تركيب الأغذية السعودية / وصفة موثّقة,,,,,,,,,,NONE,MEDIUM,,,يُحسب من مكوّنات موثّقة أو جداول التركيب السعودية — لا يُقدَّر اعتباطًا.
QGAP-01468,متبل كوسا,Zucchini moutabbal,,,,SAUDI_DISH,أطباق سعودية وخليجية,مقبلات,,,KSA,VERY_HIGH,P1,MISSING,,RECIPE_ESTIMATE,جداول تركيب الأغذية السعودية / وصفة موثّقة,,,,,,,,,,NONE,MEDIUM,,,يُحسب من مكوّنات موثّقة أو جداول التركيب السعودية — لا يُقدَّر اعتباطًا.
QGAP-01469,شكشوكة بالجبن,Cheese shakshouka,,,,SAUDI_DISH,أطباق سعودية وخليجية,فطور,,,KSA,VERY_HIGH,P1,EXISTS_GENERIC_ONLY,shakshouka · شكشوكة,RECIPE_ESTIMATE,جداول تركيب الأغذية السعودية / وصفة موثّقة,,,,,,,,,,NONE,MEDIUM,,,يُحسب من مكوّنات موثّقة أو جداول التركيب السعودية — لا يُقدَّر اعتباطًا.
QGAP-01470,فول بالطحينة,Foul with tahini,,,,SAUDI_DISH,أطباق سعودية وخليجية,فطور,,,KSA,VERY_HIGH,P1,EXISTS_GENERIC_ONLY,tahini · طحينة,RECIPE_ESTIMATE,جداول تركيب الأغذية السعودية / وصفة موثّقة,,,,,,,,,,NONE,MEDIUM,,,يُحسب من مكوّنات موثّقة أو جداول التركيب السعودية — لا يُقدَّر اعتباطًا.
QGAP-01471,فول بالسمن,Foul with ghee,,,,SAUDI_DISH,أطباق سعودية وخليجية,فطور,,,KSA,VERY_HIGH,P1,MISSING,,RECIPE_ESTIMATE,جداول تركيب الأغذية السعودية / وصفة موثّقة,,,,,,,,,,NONE,MEDIUM,,,يُحسب من مكوّنات موثّقة أو جداول التركيب السعودية — لا يُقدَّر اعتباطًا.
QGAP-01472,بيض بالبسطرمة,Eggs with basturma,,,,SAUDI_DISH,أطباق سعودية وخليجية,فطور,,,KSA,VERY_HIGH,P1,MISSING,,RECIPE_ESTIMATE,جداول تركيب الأغذية السعودية / وصفة موثّقة,,,,,,,,,,NONE,MEDIUM,,,يُحسب من مكوّنات موثّقة أو جداول التركيب السعودية — لا يُقدَّر اعتباطًا.
QGAP-01473,شاورما صحن مع خبز,Shawarma plate with bread,,,,SAUDI_DISH,أطباق سعودية وخليجية,مطاعم,,,KSA,VERY_HIGH,P1,EXISTS_GENERIC_ONLY,shawarma-plate · شاورما صحن,RECIPE_ESTIMATE,جداول تركيب الأغذية السعودية / وصفة موثّقة,,,,,,,,,,NONE,MEDIUM,,,يُحسب من مكوّنات موثّقة أو جداول التركيب السعودية — لا يُقدَّر اعتباطًا.
QGAP-01474,ساندويتش كبدة,Liver sandwich,,,,SAUDI_DISH,أطباق سعودية وخليجية,مطاعم,,,KSA,VERY_HIGH,P1,MISSING,,RECIPE_ESTIMATE,جداول تركيب الأغذية السعودية / وصفة موثّقة,,,,,,,,,,NONE,MEDIUM,,,يُحسب من مكوّنات موثّقة أو جداول التركيب السعودية — لا يُقدَّر اعتباطًا.
QGAP-01475,ساندويتش بطاطس,Potato sandwich,,,,SAUDI_DISH,أطباق سعودية وخليجية,مطاعم,,,KSA,VERY_HIGH,P1,MISSING,,RECIPE_ESTIMATE,جداول تركيب الأغذية السعودية / وصفة موثّقة,,,,,,,,,,NONE,MEDIUM,,,يُحسب من مكوّنات موثّقة أو جداول التركيب السعودية — لا يُقدَّر اعتباطًا.
QGAP-01476,ساندويتش تونة,Tuna sandwich,,,,SAUDI_DISH,أطباق سعودية وخليجية,مطاعم,,,KSA,VERY_HIGH,P1,EXISTS_GENERIC_ONLY,subway-tuna-6 · صب واي - ساندويتش تونة (15سم),RECIPE_ESTIMATE,جداول تركيب الأغذية السعودية / وصفة موثّقة,,,,,,,,,,NONE,MEDIUM,,,يُحسب من مكوّنات موثّقة أو جداول التركيب السعودية — لا يُقدَّر اعتباطًا.
QGAP-01477,فاهيتا لحم,Beef fajita,,,,SAUDI_DISH,أطباق سعودية وخليجية,مطاعم,,,KSA,VERY_HIGH,P1,MISSING,,RECIPE_ESTIMATE,جداول تركيب الأغذية السعودية / وصفة موثّقة,,,,,,,,,,NONE,MEDIUM,,,يُحسب من مكوّنات موثّقة أو جداول التركيب السعودية — لا يُقدَّر اعتباطًا.
QGAP-01478,برياني روبيان,Shrimp biryani,,,,SAUDI_DISH,أطباق سعودية وخليجية,أرز,,,KSA,VERY_HIGH,P1,EXISTS_GENERIC_ONLY,shrimp · روبيان,RECIPE_ESTIMATE,جداول تركيب الأغذية السعودية / وصفة موثّقة,,,,,,,,,,NONE,MEDIUM,,,يُحسب من مكوّنات موثّقة أو جداول التركيب السعودية — لا يُقدَّر اعتباطًا.
QGAP-01479,كبسة خضار,Vegetable kabsa,,,,SAUDI_DISH,أطباق سعودية وخليجية,أرز,,,KSA,VERY_HIGH,P1,MISSING,,RECIPE_ESTIMATE,جداول تركيب الأغذية السعودية / وصفة موثّقة,,,,,,,,,,NONE,MEDIUM,,,يُحسب من مكوّنات موثّقة أو جداول التركيب السعودية — لا يُقدَّر اعتباطًا.
QGAP-01480,مندي حاشي,Camel mandi,,,,SAUDI_DISH,أطباق سعودية وخليجية,أرز,,,KSA,VERY_HIGH,P1,MISSING,,RECIPE_ESTIMATE,جداول تركيب الأغذية السعودية / وصفة موثّقة,,,,,,,,,,NONE,MEDIUM,,,يُحسب من مكوّنات موثّقة أو جداول التركيب السعودية — لا يُقدَّر اعتباطًا.
QGAP-01481,هريس بالدجاج,Chicken harees,,,,SAUDI_DISH,أطباق سعودية وخليجية,تقليدي,,,KSA,VERY_HIGH,P1,MISSING,,RECIPE_ESTIMATE,جداول تركيب الأغذية السعودية / وصفة موثّقة,,,,,,,,,,NONE,MEDIUM,,,يُحسب من مكوّنات موثّقة أو جداول التركيب السعودية — لا يُقدَّر اعتباطًا.
QGAP-01482,ثريد خضار,Vegetable thareed,,,,SAUDI_DISH,أطباق سعودية وخليجية,تقليدي,,,KSA,VERY_HIGH,P1,MISSING,,RECIPE_ESTIMATE,جداول تركيب الأغذية السعودية / وصفة موثّقة,,,,,,,,,,NONE,MEDIUM,,,يُحسب من مكوّنات موثّقة أو جداول التركيب السعودية — لا يُقدَّر اعتباطًا.
QGAP-01483,قرصان خضار,Vegetable qursan,,,,SAUDI_DISH,أطباق سعودية وخليجية,تقليدي,,,KSA,VERY_HIGH,P1,EXISTS_GENERIC_ONLY,qursan · قرصان,RECIPE_ESTIMATE,جداول تركيب الأغذية السعودية / وصفة موثّقة,,,,,,,,,,NONE,MEDIUM,,,يُحسب من مكوّنات موثّقة أو جداول التركيب السعودية — لا يُقدَّر اعتباطًا.
QGAP-01484,صالونة خضار,Vegetable salona,,,,SAUDI_DISH,أطباق سعودية وخليجية,تقليدي,,,KSA,VERY_HIGH,P1,MISSING,,RECIPE_ESTIMATE,جداول تركيب الأغذية السعودية / وصفة موثّقة,,,,,,,,,,NONE,MEDIUM,,,يُحسب من مكوّنات موثّقة أو جداول التركيب السعودية — لا يُقدَّر اعتباطًا.
QGAP-01485,مقلقل دجاج,Chicken maqalqal,,,,SAUDI_DISH,أطباق سعودية وخليجية,تقليدي,,,KSA,VERY_HIGH,P1,EXISTS_GENERIC_ONLY,mugalgal · مقلقل,RECIPE_ESTIMATE,جداول تركيب الأغذية السعودية / وصفة موثّقة,,,,,,,,,,NONE,MEDIUM,,,يُحسب من مكوّنات موثّقة أو جداول التركيب السعودية — لا يُقدَّر اعتباطًا.
QGAP-01486,سوشي رول كاليفورنيا,California sushi roll,,,,INTERNATIONAL,مطبخ عالمي,آسيوي,,,KSA,HIGH,P2,MISSING,,USDA,USDA FoodData Central,https://fdc.nal.usda.gov/,,,,,,,,,NONE,MEDIUM,,,
QGAP-01487,ساشيمي سلمون,Salmon sashimi,,,,INTERNATIONAL,مطبخ عالمي,آسيوي,,,KSA,MEDIUM,P2,EXISTS_GENERIC_ONLY,salmon · سلمون,USDA,USDA FoodData Central,https://fdc.nal.usda.gov/,,,,,,,,,NONE,MEDIUM,,,
QGAP-01488,رامن,Ramen,,,,INTERNATIONAL,مطبخ عالمي,آسيوي,,,KSA,MEDIUM,P2,MISSING,,USDA,USDA FoodData Central,https://fdc.nal.usda.gov/,,,,,,,,,NONE,MEDIUM,,,
QGAP-01489,باد تاي,Pad Thai,,,,INTERNATIONAL,مطبخ عالمي,آسيوي,,,KSA,MEDIUM,P2,MISSING,,USDA,USDA FoodData Central,https://fdc.nal.usda.gov/,,,,,,,,,NONE,MEDIUM,,,
QGAP-01490,دجاج بالكاجو,Cashew chicken,,,,INTERNATIONAL,مطبخ عالمي,آسيوي,,,KSA,HIGH,P2,MISSING,,USDA,USDA FoodData Central,https://fdc.nal.usda.gov/,,,,,,,,,NONE,MEDIUM,,,
QGAP-01491,أرز مقلي صيني,Chinese fried rice,,,,INTERNATIONAL,مطبخ عالمي,آسيوي,,,KSA,HIGH,P2,MISSING,,USDA,USDA FoodData Central,https://fdc.nal.usda.gov/,,,,,,,,,NONE,MEDIUM,,,
QGAP-01492,نودلز مقلية,Stir-fried noodles,,,,INTERNATIONAL,مطبخ عالمي,آسيوي,,,KSA,HIGH,P2,MISSING,,USDA,USDA FoodData Central,https://fdc.nal.usda.gov/,,,,,,,,,NONE,MEDIUM,,,
QGAP-01493,دجاج تكا,Chicken tikka,,,,INTERNATIONAL,مطبخ عالمي,هندي,,,KSA,HIGH,P2,MISSING,,USDA,USDA FoodData Central,https://fdc.nal.usda.gov/,,,,,,,,,NONE,MEDIUM,,,
QGAP-01494,بتر تشيكن,Butter chicken,,,,INTERNATIONAL,مطبخ عالمي,هندي,,,KSA,HIGH,P2,EXISTS_GENERIC_ONLY,butter · زبدة,USDA,USDA FoodData Central,https://fdc.nal.usda.gov/,,,,,,,,,NONE,MEDIUM,,,
QGAP-01495,دال,Dal lentils,,,,INTERNATIONAL,مطبخ عالمي,هندي,,,KSA,MEDIUM,P2,EXISTS_GENERIC_ONLY,lentils · عدس,USDA,USDA FoodData Central,https://fdc.nal.usda.gov/,,,,,,,,,NONE,MEDIUM,,,
QGAP-01496,نان,Naan bread,,,,INTERNATIONAL,مطبخ عالمي,هندي,,,KSA,HIGH,P2,EXISTS_GENERIC_ONLY,pineapple · أناناس,USDA,USDA FoodData Central,https://fdc.nal.usda.gov/,,,,,,,,,NONE,MEDIUM,,,
QGAP-01497,بيرياني هندي,Indian biryani,,,,INTERNATIONAL,مطبخ عالمي,هندي,,,KSA,HIGH,P2,MISSING,,USDA,USDA FoodData Central,https://fdc.nal.usda.gov/,,,,,,,,,NONE,MEDIUM,,,
QGAP-01498,سمبوسة هندية,Indian samosa,,,,INTERNATIONAL,مطبخ عالمي,هندي,,,KSA,HIGH,P2,EXISTS_GENERIC_ONLY,samosa · سمبوسة,USDA,USDA FoodData Central,https://fdc.nal.usda.gov/,,,,,,,,,NONE,MEDIUM,,,
QGAP-01499,كاري خضار,Vegetable curry,,,,INTERNATIONAL,مطبخ عالمي,هندي,,,KSA,MEDIUM,P2,MISSING,,USDA,USDA FoodData Central,https://fdc.nal.usda.gov/,,,,,,,,,NONE,MEDIUM,,,
QGAP-01500,باستا ألفريدو,Alfredo pasta,,,,INTERNATIONAL,مطبخ عالمي,إيطالي,,,KSA,HIGH,P2,MISSING,,USDA,USDA FoodData Central,https://fdc.nal.usda.gov/,,,,,,,,,NONE,MEDIUM,,,
QGAP-01501,باستا بولونيز,Bolognese pasta,,,,INTERNATIONAL,مطبخ عالمي,إيطالي,,,KSA,HIGH,P2,MISSING,,USDA,USDA FoodData Central,https://fdc.nal.usda.gov/,,,,,,,,,NONE,MEDIUM,,,
QGAP-01502,لازانيا,Lasagna,,,,INTERNATIONAL,مطبخ عالمي,إيطالي,,,KSA,HIGH,P2,MISSING,,USDA,USDA FoodData Central,https://fdc.nal.usda.gov/,,,,,,,,,NONE,MEDIUM,,,
QGAP-01503,ريزوتو,Risotto,,,,INTERNATIONAL,مطبخ عالمي,إيطالي,,,KSA,MEDIUM,P2,MISSING,,USDA,USDA FoodData Central,https://fdc.nal.usda.gov/,,,,,,,,,NONE,MEDIUM,,,
QGAP-01504,بيتزا مارغريتا,Margherita pizza,,,,INTERNATIONAL,مطبخ عالمي,إيطالي,,,KSA,HIGH,P2,MISSING,,USDA,USDA FoodData Central,https://fdc.nal.usda.gov/,,,,,,,,,NONE,MEDIUM,,,
QGAP-01505,تيراميسو,Tiramisu,,,,INTERNATIONAL,مطبخ عالمي,إيطالي,,,KSA,MEDIUM,P2,MISSING,,USDA,USDA FoodData Central,https://fdc.nal.usda.gov/,,,,,,,,,NONE,MEDIUM,,,
QGAP-01506,تاكو لحم,Beef taco,,,,INTERNATIONAL,مطبخ عالمي,مكسيكي,,,KSA,MEDIUM,P2,MISSING,,USDA,USDA FoodData Central,https://fdc.nal.usda.gov/,,,,,,,,,NONE,MEDIUM,,,
QGAP-01507,بوريتو دجاج,Chicken burrito,,,,INTERNATIONAL,مطبخ عالمي,مكسيكي,,,KSA,MEDIUM,P2,MISSING,,USDA,USDA FoodData Central,https://fdc.nal.usda.gov/,,,,,,,,,NONE,MEDIUM,,,
QGAP-01508,ناتشوز بالجبن,Cheese nachos,,,,INTERNATIONAL,مطبخ عالمي,مكسيكي,,,KSA,HIGH,P2,MISSING,,USDA,USDA FoodData Central,https://fdc.nal.usda.gov/,,,,,,,,,NONE,MEDIUM,,,
QGAP-01509,كيساديا,Quesadilla,,,,INTERNATIONAL,مطبخ عالمي,مكسيكي,,,KSA,MEDIUM,P2,MISSING,,USDA,USDA FoodData Central,https://fdc.nal.usda.gov/,,,,,,,,,NONE,MEDIUM,,,
QGAP-01510,جواكامولي,Guacamole,,,,INTERNATIONAL,مطبخ عالمي,مكسيكي,,,KSA,MEDIUM,P2,MISSING,,USDA,USDA FoodData Central,https://fdc.nal.usda.gov/,,,,,,,,,NONE,MEDIUM,,,
QGAP-01511,سلطة سيزر,Caesar salad,,,,INTERNATIONAL,مطبخ عالمي,غربي,,,KSA,HIGH,P2,MISSING,,USDA,USDA FoodData Central,https://fdc.nal.usda.gov/,,,,,,,,,NONE,MEDIUM,,,
QGAP-01512,سلطة يونانية,Greek salad,,,,INTERNATIONAL,مطبخ عالمي,غربي,,,KSA,HIGH,P2,MISSING,,USDA,USDA FoodData Central,https://fdc.nal.usda.gov/,,,,,,,,,NONE,MEDIUM,,,
QGAP-01513,ستيك مع بطاطس,Steak and fries,,,,INTERNATIONAL,مطبخ عالمي,غربي,,,KSA,HIGH,P2,MISSING,,USDA,USDA FoodData Central,https://fdc.nal.usda.gov/,,,,,,,,,NONE,MEDIUM,,,
QGAP-01514,بانكيك بالعسل,Pancakes with honey,,,,INTERNATIONAL,مطبخ عالمي,غربي,,,KSA,HIGH,P2,EXISTS_GENERIC_ONLY,pancakes · بان كيك,USDA,USDA FoodData Central,https://fdc.nal.usda.gov/,,,,,,,,,NONE,MEDIUM,,,
QGAP-01515,وافل بلجيكي,Belgian waffle,,,,INTERNATIONAL,مطبخ عالمي,غربي,,,KSA,HIGH,P2,EXISTS_GENERIC_ONLY,gcc-40 · وافل,USDA,USDA FoodData Central,https://fdc.nal.usda.gov/,,,,,,,,,NONE,MEDIUM,,,
QGAP-01516,فرنش توست,French toast,,,,INTERNATIONAL,مطبخ عالمي,غربي,,,KSA,HIGH,P2,MISSING,,USDA,USDA FoodData Central,https://fdc.nal.usda.gov/,,,,,,,,,NONE,MEDIUM,,,
QGAP-01517,أومليت بالجبن,Cheese omelette,,,,INTERNATIONAL,مطبخ عالمي,غربي,,,KSA,HIGH,P2,MISSING,,USDA,USDA FoodData Central,https://fdc.nal.usda.gov/,,,,,,,,,NONE,MEDIUM,,,
QGAP-01518,بيض بنديكت,Eggs Benedict,,,,INTERNATIONAL,مطبخ عالمي,غربي,,,KSA,MEDIUM,P2,MISSING,,USDA,USDA FoodData Central,https://fdc.nal.usda.gov/,,,,,,,,,NONE,MEDIUM,,,
QGAP-01519,تشيز كيك,Cheesecake,,,,INTERNATIONAL,مطبخ عالمي,حلويات,,,KSA,HIGH,P2,MISSING,,USDA,USDA FoodData Central,https://fdc.nal.usda.gov/,,,,,,,,,NONE,MEDIUM,,,
QGAP-01520,براوني,Brownie,,,,INTERNATIONAL,مطبخ عالمي,حلويات,,,KSA,HIGH,P2,MISSING,,USDA,USDA FoodData Central,https://fdc.nal.usda.gov/,,,,,,,,,NONE,MEDIUM,,,
QGAP-01521,كب كيك,Cupcake,,,,INTERNATIONAL,مطبخ عالمي,حلويات,,,KSA,MEDIUM,P2,MISSING,,USDA,USDA FoodData Central,https://fdc.nal.usda.gov/,,,,,,,,,NONE,MEDIUM,,,
QGAP-01522,كوكيز بالشوكولاتة,Chocolate chip cookie,,,,INTERNATIONAL,مطبخ عالمي,حلويات,,,KSA,HIGH,P2,MISSING,,USDA,USDA FoodData Central,https://fdc.nal.usda.gov/,,,,,,,,,NONE,MEDIUM,,,
QGAP-01523,آيس كريم مثلج بالفواكه,Frozen yogurt,,,,INTERNATIONAL,مطبخ عالمي,حلويات,,,KSA,MEDIUM,P2,MISSING,,USDA,USDA FoodData Central,https://fdc.nal.usda.gov/,,,,,,,,,NONE,MEDIUM,,,
QGAP-01524,كريب بالنوتيلا,Nutella crepe,,,,INTERNATIONAL,مطبخ عالمي,حلويات,,,KSA,HIGH,P2,MISSING,,USDA,USDA FoodData Central,https://fdc.nal.usda.gov/,,,,,,,,,NONE,MEDIUM,,,
QGAP-01525,تشوروس,Churros,,,,INTERNATIONAL,مطبخ عالمي,حلويات,,,KSA,MEDIUM,P2,MISSING,,USDA,USDA FoodData Central,https://fdc.nal.usda.gov/,,,,,,,,,NONE,MEDIUM,,,
QGAP-01526,سلطة كينوا,Quinoa salad,,,,INTERNATIONAL,مطبخ عالمي,صحي,,,KSA,HIGH,P2,EXISTS_GENERIC_ONLY,quinoa · كينوا,USDA,USDA FoodData Central,https://fdc.nal.usda.gov/,,,,,,,,,NONE,MEDIUM,,,
QGAP-01527,بول بوكس دجاج,Chicken bowl,,,,INTERNATIONAL,مطبخ عالمي,صحي,,,KSA,HIGH,P2,MISSING,,USDA,USDA FoodData Central,https://fdc.nal.usda.gov/,,,,,,,,,NONE,MEDIUM,,,
QGAP-01528,رابس دجاج مشوي,Grilled chicken wrap,,,,INTERNATIONAL,مطبخ عالمي,صحي,,,KSA,HIGH,P2,MISSING,,USDA,USDA FoodData Central,https://fdc.nal.usda.gov/,,,,,,,,,NONE,MEDIUM,,,
QGAP-01529,سموذي بروتين,Protein smoothie,,,,INTERNATIONAL,مطبخ عالمي,صحي,,,KSA,HIGH,P2,MISSING,,USDA,USDA FoodData Central,https://fdc.nal.usda.gov/,,,,,,,,,NONE,MEDIUM,,,
QGAP-01530,أسياي بول,Acai bowl,,,,INTERNATIONAL,مطبخ عالمي,صحي,,,KSA,MEDIUM,P2,MISSING,,USDA,USDA FoodData Central,https://fdc.nal.usda.gov/,,,,,,,,,NONE,MEDIUM,,,
QGAP-01531,أوفر نايت أوتس,Overnight oats,,,,INTERNATIONAL,مطبخ عالمي,صحي,,,KSA,HIGH,P2,MISSING,,USDA,USDA FoodData Central,https://fdc.nal.usda.gov/,,,,,,,,,NONE,MEDIUM,,,
QGAP-01532,شوربة مشروم,Mushroom soup,,,,INTERNATIONAL,مطبخ عالمي,غربي,,,KSA,MEDIUM,P2,MISSING,,USDA,USDA FoodData Central,https://fdc.nal.usda.gov/,,,,,,,,,NONE,MEDIUM,,,
QGAP-01533,شوربة طماطم,Tomato soup,,,,INTERNATIONAL,مطبخ عالمي,غربي,,,KSA,MEDIUM,P2,EXISTS_GENERIC_ONLY,tomato · طماطم,USDA,USDA FoodData Central,https://fdc.nal.usda.gov/,,,,,,,,,NONE,MEDIUM,,,
QGAP-01534,فيتوتشيني بالدجاج,Chicken fettuccine,,,,INTERNATIONAL,مطبخ عالمي,إيطالي,,,KSA,HIGH,P2,MISSING,,USDA,USDA FoodData Central,https://fdc.nal.usda.gov/,,,,,,,,,NONE,MEDIUM,,,
QGAP-01535,بيتزا بالخضار,Vegetable pizza,,,,INTERNATIONAL,مطبخ عالمي,إيطالي,,,KSA,HIGH,P2,EXISTS_GENERIC_ONLY,r2-eat-058 · بيتزا خضار مخبز قطعة,USDA,USDA FoodData Central,https://fdc.nal.usda.gov/,,,,,,,,,NONE,MEDIUM,,,
QGAP-01536,أجنحة بافلو,Buffalo wings,,,,INTERNATIONAL,مطبخ عالمي,غربي,,,KSA,HIGH,P2,MISSING,,USDA,USDA FoodData Central,https://fdc.nal.usda.gov/,,,,,,,,,NONE,MEDIUM,,,
QGAP-01537,ماك آند تشيز,Mac and cheese,,,,INTERNATIONAL,مطبخ عالمي,غربي,,,KSA,MEDIUM,P2,MISSING,,USDA,USDA FoodData Central,https://fdc.nal.usda.gov/,,,,,,,,,NONE,MEDIUM,,,
QGAP-01538,كول سلو,Coleslaw,,,,INTERNATIONAL,مطبخ عالمي,غربي,,,KSA,HIGH,P2,EXISTS_GENERIC_ONLY,r2-eat-010 · سلطة ملفوف مع البروست,USDA,USDA FoodData Central,https://fdc.nal.usda.gov/,,,,,,,,,NONE,MEDIUM,,,
