candidate_id,status,status_reason,name_ar,name_en,brand_ar,brand_en,restaurant_or_brand,food_type,category,subcategory,variant,preparation,market,data_market,saudi_market_verified,saudi_relevance,priority,match_status,existing_qimmah_match,source_class,source_name,source_url,barcode_gtin,package_size,serving_description,serving_grams,calories,protein_g,carbs_g,fat_g,fiber_g,sugar_g,sodium_mg,nutrition_completeness,confidence,energy_check,usda_fdc_id,usda_desc,off_product_name,off_product_name_ar,match_score,dropped_fields,invalid_barcode_seen,aliases_ar,aliases_en,notes
QGAP-00006,NEEDS_SOURCE,لم يُعثر على مصدر آلي — يحتاج جلبًا من المصنّع أو كتالوج التجزئة,دجاج كامل مشوي,Whole roast chicken,,,,GENERIC,أطعمة عامة,لحوم ودواجن,,—,KSA,GLOBAL_REFERENCE,,HIGH,P1,MISSING,,USDA,USDA FoodData Central,https://fdc.nal.usda.gov/,,,,,,,,,,,,NONE,MEDIUM,,,,,,,,,,,
QGAP-00019,NEEDS_SOURCE,لم يُعثر على مصدر آلي — يحتاج جلبًا من المصنّع أو كتالوج التجزئة,سنام الجمل,Camel hump,,,,GENERIC,أطعمة عامة,لحوم ودواجن,,—,KSA,GLOBAL_REFERENCE,,HIGH,P1,MISSING,,USDA,USDA FoodData Central,https://fdc.nal.usda.gov/,,,,,,,,,,,,NONE,MEDIUM,,,,,,,,,,,
QGAP-00024,NEEDS_SOURCE,لم يُعثر على مصدر آلي — يحتاج جلبًا من المصنّع أو كتالوج التجزئة,بسطرمة,Basturma,,,,GENERIC,أطعمة عامة,لحوم ودواجن,,—,KSA,GLOBAL_REFERENCE,,HIGH,P1,MISSING,,USDA,USDA FoodData Central,https://fdc.nal.usda.gov/,,,,,,,,,,,,NONE,MEDIUM,,,,,,,,,,,
QGAP-00029,NEEDS_SOURCE,لم يُعثر على مصدر آلي — يحتاج جلبًا من المصنّع أو كتالوج التجزئة,شرائح ديك رومي مدخن,Smoked turkey slices,,,,GENERIC,أطعمة عامة,لحوم ودواجن,,—,KSA,GLOBAL_REFERENCE,,HIGH,P1,MISSING,,USDA,USDA FoodData Central,https://fdc.nal.usda.gov/,,,,,,,,,,,,NONE,MEDIUM,,,,,,,,,,,
QGAP-00030,NEEDS_SOURCE,لم يُعثر على مصدر آلي — يحتاج جلبًا من المصنّع أو كتالوج التجزئة,صدر دجاج مدخن,Smoked chicken breast,,,,GENERIC,أطعمة عامة,لحوم ودواجن,,—,KSA,GLOBAL_REFERENCE,,HIGH,P1,MISSING,,USDA,USDA FoodData Central,https://fdc.nal.usda.gov/,,,,,,,,,,,,NONE,MEDIUM,,,,,,,,,,,
QGAP-00031,NEEDS_SOURCE,لم يُعثر على مصدر آلي — يحتاج جلبًا من المصنّع أو كتالوج التجزئة,سمك ناجل,Coral trout (Najil),,,,GENERIC,أطعمة عامة,أسماك ومأكولات بحرية,,,KSA,GLOBAL_REFERENCE,,HIGH,P2,MISSING,,USDA,USDA FoodData Central,https://fdc.nal.usda.gov/,,,,,,,,,,,,NONE,MEDIUM,,,,,,,,,,,
QGAP-00032,NEEDS_SOURCE,لم يُعثر على مصدر آلي — يحتاج جلبًا من المصنّع أو كتالوج التجزئة,سمك شعري,Emperor fish (Shaari),,,,GENERIC,أطعمة عامة,أسماك ومأكولات بحرية,,,KSA,GLOBAL_REFERENCE,,HIGH,P2,MISSING,,USDA,USDA FoodData Central,https://fdc.nal.usda.gov/,,,,,,,,,,,,NONE,MEDIUM,,,,,,,,,,,
QGAP-00033,NEEDS_SOURCE,لم يُعثر على مصدر آلي — يحتاج جلبًا من المصنّع أو كتالوج التجزئة,سمك كنعد,Kingfish (Kanaad),,,,GENERIC,أطعمة عامة,أسماك ومأكولات بحرية,,,KSA,GLOBAL_REFERENCE,,HIGH,P2,MISSING,,USDA,USDA FoodData Central,https://fdc.nal.usda.gov/,,,,,,,,,,,,NONE,MEDIUM,,,,,,,,,,,
QGAP-00034,NEEDS_SOURCE,لم يُعثر على مصدر آلي — يحتاج جلبًا من المصنّع أو كتالوج التجزئة,سمك سبيطي,Sobaity seabream,,,,GENERIC,أطعمة عامة,أسماك ومأكولات بحرية,,,KSA,GLOBAL_REFERENCE,,HIGH,P2,MISSING,,USDA,USDA FoodData Central,https://fdc.nal.usda.gov/,,,,,,,,,,,,NONE,MEDIUM,,,,,,,,,,,
QGAP-00036,NEEDS_SOURCE,لم يُعثر على مصدر آلي — يحتاج جلبًا من المصنّع أو كتالوج التجزئة,سمك زبيدي,Pomfret (Zubaidi),,,,GENERIC,أطعمة عامة,أسماك ومأكولات بحرية,,,KSA,GLOBAL_REFERENCE,,HIGH,P2,MISSING,,USDA,USDA FoodData Central,https://fdc.nal.usda.gov/,,,,,,,,,,,,NONE,MEDIUM,,,,,,,,,,,
QGAP-00037,NEEDS_SOURCE,لم يُعثر على مصدر آلي — يحتاج جلبًا من المصنّع أو كتالوج التجزئة,سمك صافي,Rabbitfish (Safi),,,,GENERIC,أطعمة عامة,أسماك ومأكولات بحرية,,,KSA,GLOBAL_REFERENCE,,HIGH,P2,MISSING,,USDA,USDA FoodData Central,https://fdc.nal.usda.gov/,,,,,,,,,,,,NONE,MEDIUM,,,,,,,,,,,
QGAP-00038,NEEDS_SOURCE,لم يُعثر على مصدر آلي — يحتاج جلبًا من المصنّع أو كتالوج التجزئة,سمك حريد,Parrotfish (Hareed),,,,GENERIC,أطعمة عامة,أسماك ومأكولات بحرية,,,KSA,GLOBAL_REFERENCE,,HIGH,P2,MISSING,,USDA,USDA FoodData Central,https://fdc.nal.usda.gov/,,,,,,,,,,,,NONE,MEDIUM,,,,,,,,,,,
QGAP-00039,NEEDS_SOURCE,لم يُعثر على مصدر آلي — يحتاج جلبًا من المصنّع أو كتالوج التجزئة,سمك بياض,Catfish (Bayad),,,,GENERIC,أطعمة عامة,أسماك ومأكولات بحرية,,,KSA,GLOBAL_REFERENCE,,HIGH,P2,MISSING,,USDA,USDA FoodData Central,https://fdc.nal.usda.gov/,,,,,,,,,,,,NONE,MEDIUM,,,,,,,,,,,
QGAP-00044,NEEDS_SOURCE,لم يُعثر على مصدر آلي — يحتاج جلبًا من المصنّع أو كتالوج التجزئة,سمك فيليه بلطي مقلي,Fried tilapia fillet,,,,GENERIC,أطعمة عامة,أسماك ومأكولات بحرية,,,KSA,GLOBAL_REFERENCE,,HIGH,P2,MISSING,,USDA,USDA FoodData Central,https://fdc.nal.usda.gov/,,,,,,,,,,,,NONE,MEDIUM,,,,,,,,,,,
QGAP-00052,NEEDS_SOURCE,لم يُعثر على مصدر آلي — يحتاج جلبًا من المصنّع أو كتالوج التجزئة,أصابع سمك,Fish fingers,,,,GENERIC,أطعمة عامة,أسماك ومأكولات بحرية,,,KSA,GLOBAL_REFERENCE,,HIGH,P2,MISSING,,USDA,USDA FoodData Central,https://fdc.nal.usda.gov/,,,,,,,,,,,,NONE,MEDIUM,,,,,,,,,,,
QGAP-00081,NEEDS_SOURCE,لم يُعثر على مصدر آلي — يحتاج جلبًا من المصنّع أو كتالوج التجزئة,كوسا مقلي بالزيت,"Zucchini, Deep fried",,,,GENERIC,أطعمة عامة,طرق الطهي,,fried,KSA,GLOBAL_REFERENCE,,HIGH,P2,MISSING,,USDA,USDA FoodData Central,https://fdc.nal.usda.gov/,,,,,,,,,,,,NONE,MEDIUM,,168471,"Squash, summer, zucchini, italian style, canned",,,0.3,,,,,يُضاف فقط إذا اختلفت القيم ماديًا عن الصنف الأساسي الموجود.
QGAP-00082,NEEDS_SOURCE,لم يُعثر على مصدر آلي — يحتاج جلبًا من المصنّع أو كتالوج التجزئة,كوسا مقلي بالهواء,"Zucchini, Air fried",,,,GENERIC,أطعمة عامة,طرق الطهي,,air_fried,KSA,GLOBAL_REFERENCE,,HIGH,P2,MISSING,,USDA,USDA FoodData Central,https://fdc.nal.usda.gov/,,,,,,,,,,,,NONE,MEDIUM,,168471,"Squash, summer, zucchini, italian style, canned",,,0.3,,,,,يُضاف فقط إذا اختلفت القيم ماديًا عن الصنف الأساسي الموجود.
QGAP-00083,NEEDS_SOURCE,لم يُعثر على مصدر آلي — يحتاج جلبًا من المصنّع أو كتالوج التجزئة,كوسا مشوي بالفرن,"Zucchini, Oven baked",,,,GENERIC,أطعمة عامة,طرق الطهي,,baked,KSA,GLOBAL_REFERENCE,,HIGH,P2,MISSING,,USDA,USDA FoodData Central,https://fdc.nal.usda.gov/,,,,,,,,,,,,NONE,MEDIUM,,168471,"Squash, summer, zucchini, italian style, canned",,,0.3,,,,,يُضاف فقط إذا اختلفت القيم ماديًا عن الصنف الأساسي الموجود.
QGAP-00095,NEEDS_SOURCE,لم يُعثر على مصدر آلي — يحتاج جلبًا من المصنّع أو كتالوج التجزئة,شمندر,Beetroot,,,,GENERIC,أطعمة عامة,خضار,,,KSA,GLOBAL_REFERENCE,,HIGH,P1,MISSING,,USDA,USDA FoodData Central,https://fdc.nal.usda.gov/,,,,,,,,,,,,NONE,MEDIUM,,,,,,,,,,,
QGAP-00098,NEEDS_SOURCE,لم يُعثر على مصدر آلي — يحتاج جلبًا من المصنّع أو كتالوج التجزئة,كزبرة خضراء,Fresh coriander,,,,GENERIC,أطعمة عامة,خضار,,,KSA,GLOBAL_REFERENCE,,HIGH,P1,MISSING,,USDA,USDA FoodData Central,https://fdc.nal.usda.gov/,,,,,,,,,,,,NONE,MEDIUM,,,,,,,,,,,
QGAP-00105,NEEDS_SOURCE,لم يُعثر على مصدر آلي — يحتاج جلبًا من المصنّع أو كتالوج التجزئة,فطر بورتوبيللو,Portobello mushroom,,,,GENERIC,أطعمة عامة,خضار,,,KSA,GLOBAL_REFERENCE,,HIGH,P1,MISSING,,USDA,USDA FoodData Central,https://fdc.nal.usda.gov/,,,,,,,,,,,,NONE,MEDIUM,,,,,,,,,,,
QGAP-00114,NEEDS_SOURCE,لم يُعثر على مصدر آلي — يحتاج جلبًا من المصنّع أو كتالوج التجزئة,كراث,Leek,,,,GENERIC,أطعمة عامة,خضار,,,KSA,GLOBAL_REFERENCE,,HIGH,P1,MISSING,,USDA,USDA FoodData Central,https://fdc.nal.usda.gov/,,,,,,,,,,,,NONE,MEDIUM,,,,,,,,,,,
QGAP-00116,NEEDS_SOURCE,لم يُعثر على مصدر آلي — يحتاج جلبًا من المصنّع أو كتالوج التجزئة,خرشوف,Artichoke,,,,GENERIC,أطعمة عامة,خضار,,,KSA,GLOBAL_REFERENCE,,HIGH,P1,MISSING,,USDA,USDA FoodData Central,https://fdc.nal.usda.gov/,,,,,,,,,,,,NONE,MEDIUM,,,,,,,,,,,
QGAP-00121,NEEDS_SOURCE,لم يُعثر على مصدر آلي — يحتاج جلبًا من المصنّع أو كتالوج التجزئة,مخلل مشكل,Mixed pickles,,,,GENERIC,أطعمة عامة,خضار,,,KSA,GLOBAL_REFERENCE,,HIGH,P1,MISSING,,USDA,USDA FoodData Central,https://fdc.nal.usda.gov/,,,,,,,,,,,,NONE,MEDIUM,,,,,,,,,,,
QGAP-00123,NEEDS_SOURCE,لم يُعثر على مصدر آلي — يحتاج جلبًا من المصنّع أو كتالوج التجزئة,فقع (كمأة),Truffle (Faqaa),,,,GENERIC,أطعمة عامة,خضار,,,KSA,GLOBAL_REFERENCE,,HIGH,P1,MISSING,,USDA,USDA FoodData Central,https://fdc.nal.usda.gov/,,,,,,,,,,,,NONE,MEDIUM,,,,,,,,,,,
QGAP-00136,NEEDS_SOURCE,لم يُعثر على مصدر آلي — يحتاج جلبًا من المصنّع أو كتالوج التجزئة,ليمون أخضر,Lime,,,,GENERIC,أطعمة عامة,فواكه,,,KSA,GLOBAL_REFERENCE,,HIGH,P1,MISSING,,USDA,USDA FoodData Central,https://fdc.nal.usda.gov/,,,,,,,,,,,,NONE,MEDIUM,,,,,,,,,,,
QGAP-00141,NEEDS_SOURCE,لم يُعثر على مصدر آلي — يحتاج جلبًا من المصنّع أو كتالوج التجزئة,ليتشي,Lychee,,,,GENERIC,أطعمة عامة,فواكه,,,KSA,GLOBAL_REFERENCE,,HIGH,P1,MISSING,,USDA,USDA FoodData Central,https://fdc.nal.usda.gov/,,,,,,,,,,,,NONE,MEDIUM,,,,,,,,,,,
QGAP-00142,NEEDS_SOURCE,لم يُعثر على مصدر آلي — يحتاج جلبًا من المصنّع أو كتالوج التجزئة,فاكهة التنين,Dragon fruit,,,,GENERIC,أطعمة عامة,فواكه,,,KSA,GLOBAL_REFERENCE,,HIGH,P1,MISSING,,USDA,USDA FoodData Central,https://fdc.nal.usda.gov/,,,,,,,,,,,,NONE,MEDIUM,,,,,,,,,,,
QGAP-00143,NEEDS_SOURCE,لم يُعثر على مصدر آلي — يحتاج جلبًا من المصنّع أو كتالوج التجزئة,نكتارين,Nectarine,,,,GENERIC,أطعمة عامة,فواكه,,,KSA,GLOBAL_REFERENCE,,HIGH,P1,MISSING,,USDA,USDA FoodData Central,https://fdc.nal.usda.gov/,,,,,,,,,,,,NONE,MEDIUM,,,,,,,,,,,
QGAP-00144,NEEDS_SOURCE,لم يُعثر على مصدر آلي — يحتاج جلبًا من المصنّع أو كتالوج التجزئة,سفرجل,Quince,,,,GENERIC,أطعمة عامة,فواكه,,,KSA,GLOBAL_REFERENCE,,HIGH,P1,MISSING,,USDA,USDA FoodData Central,https://fdc.nal.usda.gov/,,,,,,,,,,,,NONE,MEDIUM,,,,,,,,,,,
QGAP-00150,NEEDS_SOURCE,لم يُعثر على مصدر آلي — يحتاج جلبًا من المصنّع أو كتالوج التجزئة,جوز الهند طازج,Fresh coconut,,,,GENERIC,أطعمة عامة,فواكه,,,KSA,GLOBAL_REFERENCE,,HIGH,P1,MISSING,,USDA,USDA FoodData Central,https://fdc.nal.usda.gov/,,,,,,,,,,,,NONE,MEDIUM,,,,,,,,,,,
QGAP-00154,NEEDS_SOURCE,لم يُعثر على مصدر آلي — يحتاج جلبًا من المصنّع أو كتالوج التجزئة,تمر روثانة,Rothana dates,,,,GENERIC,أطعمة عامة,فواكه,,,KSA,GLOBAL_REFERENCE,,HIGH,P1,MISSING,,USDA,USDA FoodData Central,https://fdc.nal.usda.gov/,,,,,,,,,,,,NONE,MEDIUM,,,,,,,,,,,
QGAP-00156,NEEDS_SOURCE,لم يُعثر على مصدر آلي — يحتاج جلبًا من المصنّع أو كتالوج التجزئة,تمر مبروم,Mabroom dates,,,,GENERIC,أطعمة عامة,فواكه,,,KSA,GLOBAL_REFERENCE,,HIGH,P1,MISSING,,USDA,USDA FoodData Central,https://fdc.nal.usda.gov/,,,,,,,,,,,,NONE,MEDIUM,,,,,,,,,,,
QGAP-00157,NEEDS_SOURCE,لم يُعثر على مصدر آلي — يحتاج جلبًا من المصنّع أو كتالوج التجزئة,تمر نبتة علي,Nabtat Ali dates,,,,GENERIC,أطعمة عامة,فواكه,,,KSA,GLOBAL_REFERENCE,,HIGH,P1,MISSING,,USDA,USDA FoodData Central,https://fdc.nal.usda.gov/,,,,,,,,,,,,NONE,MEDIUM,,,,,,,,,,,
QGAP-00159,NEEDS_SOURCE,لم يُعثر على مصدر آلي — يحتاج جلبًا من المصنّع أو كتالوج التجزئة,تمر مكتوم,Maktoumi dates,,,,GENERIC,أطعمة عامة,فواكه,,,KSA,GLOBAL_REFERENCE,,HIGH,P1,MISSING,,USDA,USDA FoodData Central,https://fdc.nal.usda.gov/,,,,,,,,,,,,NONE,MEDIUM,,,,,,,,,,,
QGAP-00160,NEEDS_SOURCE,لم يُعثر على مصدر آلي — يحتاج جلبًا من المصنّع أو كتالوج التجزئة,كوكتيل فواكه معلب,Canned fruit cocktail,,,,GENERIC,أطعمة عامة,فواكه,,,KSA,GLOBAL_REFERENCE,,HIGH,P1,MISSING,,USDA,USDA FoodData Central,https://fdc.nal.usda.gov/,,,,,,,,,,,,NONE,MEDIUM,,,,,,,,,,,
QGAP-00162,NEEDS_SOURCE,لم يُعثر على مصدر آلي — يحتاج جلبًا من المصنّع أو كتالوج التجزئة,فواكه مجمدة مشكلة,Frozen mixed berries,,,,GENERIC,أطعمة عامة,فواكه,,,KSA,GLOBAL_REFERENCE,,HIGH,P1,MISSING,,USDA,USDA FoodData Central,https://fdc.nal.usda.gov/,,,,,,,,,,,,NONE,MEDIUM,,,,,,,,,,,
QGAP-00163,NEEDS_SOURCE,لم يُعثر على مصدر آلي — يحتاج جلبًا من المصنّع أو كتالوج التجزئة,أرز بسمتي مطبوخ,Cooked basmati rice,,,,GENERIC,أطعمة عامة,حبوب وخبز,,,KSA,GLOBAL_REFERENCE,,HIGH,P1,MISSING,,USDA,USDA FoodData Central,https://fdc.nal.usda.gov/,,,,,,,,,,,,NONE,MEDIUM,,,,,,,,,,,
QGAP-00164,NEEDS_SOURCE,لم يُعثر على مصدر آلي — يحتاج جلبًا من المصنّع أو كتالوج التجزئة,أرز مصري مطبوخ,Cooked Egyptian rice,,,,GENERIC,أطعمة عامة,حبوب وخبز,,,KSA,GLOBAL_REFERENCE,,HIGH,P1,MISSING,,USDA,USDA FoodData Central,https://fdc.nal.usda.gov/,,,,,,,,,,,,NONE,MEDIUM,,,,,,,,,,,
QGAP-00165,NEEDS_SOURCE,لم يُعثر على مصدر آلي — يحتاج جلبًا من المصنّع أو كتالوج التجزئة,أرز أحمر,Red rice,,,,GENERIC,أطعمة عامة,حبوب وخبز,,,KSA,GLOBAL_REFERENCE,,HIGH,P1,MISSING,,USDA,USDA FoodData Central,https://fdc.nal.usda.gov/,,,,,,,,,,,,NONE,MEDIUM,,168065,"Restaurant, Latino, Arroz con habichuelas colorados (Rice And Red Beans)",,,0.02,,,,,
QGAP-00178,NEEDS_SOURCE,لم يُعثر على مصدر آلي — يحتاج جلبًا من المصنّع أو كتالوج التجزئة,لازانيا,Lasagna sheets,,,,GENERIC,أطعمة عامة,حبوب وخبز,,,KSA,GLOBAL_REFERENCE,,HIGH,P1,MISSING,,USDA,USDA FoodData Central,https://fdc.nal.usda.gov/,,,,,,,,,,,,NONE,MEDIUM,,,,,,,,,,,
QGAP-00180,NEEDS_SOURCE,لم يُعثر على مصدر آلي — يحتاج جلبًا من المصنّع أو كتالوج التجزئة,خبز صاج,Saj bread,,,,GENERIC,أطعمة عامة,حبوب وخبز,,,KSA,GLOBAL_REFERENCE,,HIGH,P1,MISSING,,USDA,USDA FoodData Central,https://fdc.nal.usda.gov/,,,,,,,,,,,,NONE,MEDIUM,,,,,,,,,,,
QGAP-00183,NEEDS_SOURCE,لم يُعثر على مصدر آلي — يحتاج جلبًا من المصنّع أو كتالوج التجزئة,خبز فرنسي (باغيت),Baguette,,,,GENERIC,أطعمة عامة,حبوب وخبز,,,KSA,GLOBAL_REFERENCE,,HIGH,P1,MISSING,,USDA,USDA FoodData Central,https://fdc.nal.usda.gov/,,,,,,,,,,,,NONE,MEDIUM,,,,,,,,,,,
QGAP-00184,NEEDS_SOURCE,لم يُعثر على مصدر آلي — يحتاج جلبًا من المصنّع أو كتالوج التجزئة,خبز برجر بريوش,Brioche bun,,,,GENERIC,أطعمة عامة,حبوب وخبز,,,KSA,GLOBAL_REFERENCE,,HIGH,P1,MISSING,,USDA,USDA FoodData Central,https://fdc.nal.usda.gov/,,,,,,,,,,,,NONE,MEDIUM,,,,,,,,,,,
QGAP-00186,NEEDS_SOURCE,لم يُعثر على مصدر آلي — يحتاج جلبًا من المصنّع أو كتالوج التجزئة,خبز منخفض الكارب,Low-carb bread,,,,GENERIC,أطعمة عامة,حبوب وخبز,,,KSA,GLOBAL_REFERENCE,,HIGH,P1,MISSING,,USDA,USDA FoodData Central,https://fdc.nal.usda.gov/,,,,,,,,,,,,NONE,MEDIUM,,,,,,,,,,,
QGAP-00187,NEEDS_SOURCE,لم يُعثر على مصدر آلي — يحتاج جلبًا من المصنّع أو كتالوج التجزئة,خبز صامولي أسمر,Brown samoli,,,,GENERIC,أطعمة عامة,حبوب وخبز,,,KSA,GLOBAL_REFERENCE,,HIGH,P1,MISSING,,USDA,USDA FoodData Central,https://fdc.nal.usda.gov/,,,,,,,,,,,,NONE,MEDIUM,,,,,,,,,,,
QGAP-00189,NEEDS_SOURCE,لم يُعثر على مصدر آلي — يحتاج جلبًا من المصنّع أو كتالوج التجزئة,شوفان مجروش (ستيل كت),Steel-cut oats,,,,GENERIC,أطعمة عامة,حبوب وخبز,,,KSA,GLOBAL_REFERENCE,,HIGH,P1,MISSING,,USDA,USDA FoodData Central,https://fdc.nal.usda.gov/,,,,,,,,,,,,NONE,MEDIUM,,,,,,,,,,,
QGAP-00191,NEEDS_SOURCE,لم يُعثر على مصدر آلي — يحتاج جلبًا من المصنّع أو كتالوج التجزئة,بسكويت الشعير,Barley rusk,,,,GENERIC,أطعمة عامة,حبوب وخبز,,,KSA,GLOBAL_REFERENCE,,HIGH,P1,MISSING,,USDA,USDA FoodData Central,https://fdc.nal.usda.gov/,,,,,,,,,,,,NONE,MEDIUM,,,,,,,,,,,
QGAP-00193,NEEDS_SOURCE,لم يُعثر على مصدر آلي — يحتاج جلبًا من المصنّع أو كتالوج التجزئة,كعك القدس,Jerusalem kaak,,,,GENERIC,أطعمة عامة,حبوب وخبز,,,KSA,GLOBAL_REFERENCE,,HIGH,P1,MISSING,,USDA,USDA FoodData Central,https://fdc.nal.usda.gov/,,,,,,,,,,,,NONE,MEDIUM,,,,,,,,,,,
QGAP-00194,NEEDS_SOURCE,لم يُعثر على مصدر آلي — يحتاج جلبًا من المصنّع أو كتالوج التجزئة,فطير مشلتت,Feteer meshaltet,,,,GENERIC,أطعمة عامة,حبوب وخبز,,,KSA,GLOBAL_REFERENCE,,HIGH,P1,MISSING,,USDA,USDA FoodData Central,https://fdc.nal.usda.gov/,,,,,,,,,,,,NONE,MEDIUM,,,,,,,,,,,
QGAP-00195,NEEDS_SOURCE,لم يُعثر على مصدر آلي — يحتاج جلبًا من المصنّع أو كتالوج التجزئة,فول مجروش,Split fava beans,,,,GENERIC,أطعمة عامة,بقوليات ومكسرات,,,KSA,GLOBAL_REFERENCE,,HIGH,P1,MISSING,,USDA,USDA FoodData Central,https://fdc.nal.usda.gov/,,,,,,,,,,,,NONE,MEDIUM,,,,,,,,,,,
QGAP-00198,NEEDS_SOURCE,لم يُعثر على مصدر آلي — يحتاج جلبًا من المصنّع أو كتالوج التجزئة,حمص جاف,Dry chickpeas,,,,GENERIC,أطعمة عامة,بقوليات ومكسرات,,,KSA,GLOBAL_REFERENCE,,HIGH,P1,MISSING,,USDA,USDA FoodData Central,https://fdc.nal.usda.gov/,,,,,,,,,,,,NONE,MEDIUM,,,,,,,,,,,
QGAP-00201,NEEDS_SOURCE,لم يُعثر على مصدر آلي — يحتاج جلبًا من المصنّع أو كتالوج التجزئة,لوبيا مدمسة,Stewed cowpeas,,,,GENERIC,أطعمة عامة,بقوليات ومكسرات,,,KSA,GLOBAL_REFERENCE,,HIGH,P1,MISSING,,USDA,USDA FoodData Central,https://fdc.nal.usda.gov/,,,,,,,,,,,,NONE,MEDIUM,,,,,,,,,,,
QGAP-00203,NEEDS_SOURCE,لم يُعثر على مصدر آلي — يحتاج جلبًا من المصنّع أو كتالوج التجزئة,ترمس,Lupini beans,,,,GENERIC,أطعمة عامة,بقوليات ومكسرات,,,KSA,GLOBAL_REFERENCE,,HIGH,P1,MISSING,,USDA,USDA FoodData Central,https://fdc.nal.usda.gov/,,,,,,,,,,,,NONE,MEDIUM,,,,,,,,,,,
QGAP-00207,NEEDS_SOURCE,لم يُعثر على مصدر آلي — يحتاج جلبًا من المصنّع أو كتالوج التجزئة,جوز برازيلي,Brazil nuts,,,,GENERIC,أطعمة عامة,بقوليات ومكسرات,,,KSA,GLOBAL_REFERENCE,,HIGH,P1,MISSING,,USDA,USDA FoodData Central,https://fdc.nal.usda.gov/,,,,,,,,,,,,NONE,MEDIUM,,,,,,,,,,,
QGAP-00213,NEEDS_SOURCE,لم يُعثر على مصدر آلي — يحتاج جلبًا من المصنّع أو كتالوج التجزئة,لب أبيض,White melon seeds,,,,GENERIC,أطعمة عامة,بقوليات ومكسرات,,,KSA,GLOBAL_REFERENCE,,HIGH,P1,MISSING,,USDA,USDA FoodData Central,https://fdc.nal.usda.gov/,,,,,,,,,,,,NONE,MEDIUM,,,,,,,,,,,
QGAP-00224,NEEDS_SOURCE,لم يُعثر على مصدر آلي — يحتاج جلبًا من المصنّع أو كتالوج التجزئة,سمن بلدي,Ghee (samn),,,,GENERIC,أطعمة عامة,دهون وصلصات,,,KSA,GLOBAL_REFERENCE,,HIGH,P1,MISSING,,USDA,USDA FoodData Central,https://fdc.nal.usda.gov/,,,,,,,,,,,,NONE,MEDIUM,,,,,,,,,,,
QGAP-00225,NEEDS_SOURCE,لم يُعثر على مصدر آلي — يحتاج جلبًا من المصنّع أو كتالوج التجزئة,سمن نباتي,Vegetable ghee,,,,GENERIC,أطعمة عامة,دهون وصلصات,,,KSA,GLOBAL_REFERENCE,,HIGH,P1,MISSING,,USDA,USDA FoodData Central,https://fdc.nal.usda.gov/,,,,,,,,,,,,NONE,MEDIUM,,,,,,,,,,,
QGAP-00226,NEEDS_SOURCE,لم يُعثر على مصدر آلي — يحتاج جلبًا من المصنّع أو كتالوج التجزئة,زبدة غير مملحة,Unsalted butter,,,,GENERIC,أطعمة عامة,دهون وصلصات,,,KSA,GLOBAL_REFERENCE,,HIGH,P1,MISSING,,USDA,USDA FoodData Central,https://fdc.nal.usda.gov/,,,,,,,,,,,,NONE,MEDIUM,,,,,,,,,,,
QGAP-00228,NEEDS_SOURCE,لم يُعثر على مصدر آلي — يحتاج جلبًا من المصنّع أو كتالوج التجزئة,كريمة طبخ,Cooking cream,,,,GENERIC,أطعمة عامة,دهون وصلصات,,,KSA,GLOBAL_REFERENCE,,HIGH,P1,MISSING,,USDA,USDA FoodData Central,https://fdc.nal.usda.gov/,,,,,,,,,,,,NONE,MEDIUM,,,,,,,,,,,
QGAP-00232,NEEDS_SOURCE,لم يُعثر على مصدر آلي — يحتاج جلبًا من المصنّع أو كتالوج التجزئة,كاتشب,Ketchup,,,,GENERIC,أطعمة عامة,دهون وصلصات,,,KSA,GLOBAL_REFERENCE,,HIGH,P1,MISSING,,USDA,USDA FoodData Central,https://fdc.nal.usda.gov/,,,,,,,,,,,,NONE,MEDIUM,,747693,"Ketchup, restaurant",,,0.56,,,,,
QGAP-00234,NEEDS_SOURCE,لم يُعثر على مصدر آلي — يحتاج جلبًا من المصنّع أو كتالوج التجزئة,صلصة الباربكيو,BBQ sauce,,,,GENERIC,أطعمة عامة,دهون وصلصات,,,KSA,GLOBAL_REFERENCE,,HIGH,P1,MISSING,,USDA,USDA FoodData Central,https://fdc.nal.usda.gov/,,,,,,,,,,,,NONE,MEDIUM,,,,,,,,,,,
QGAP-00235,NEEDS_SOURCE,لم يُعثر على مصدر آلي — يحتاج جلبًا من المصنّع أو كتالوج التجزئة,صلصة الثوم (تومية),Garlic sauce (toum),,,,GENERIC,أطعمة عامة,دهون وصلصات,,,KSA,GLOBAL_REFERENCE,,HIGH,P1,MISSING,,USDA,USDA FoodData Central,https://fdc.nal.usda.gov/,,,,,,,,,,,,NONE,MEDIUM,,,,,,,,,,,
QGAP-00241,NEEDS_SOURCE,لم يُعثر على مصدر آلي — يحتاج جلبًا من المصنّع أو كتالوج التجزئة,شطة يمنية (سحاوق),Sahawiq,,,,GENERIC,أطعمة عامة,دهون وصلصات,,,KSA,GLOBAL_REFERENCE,,HIGH,P1,MISSING,,USDA,USDA FoodData Central,https://fdc.nal.usda.gov/,,,,,,,,,,,,NONE,MEDIUM,,,,,,,,,,,
QGAP-00242,NEEDS_SOURCE,لم يُعثر على مصدر آلي — يحتاج جلبًا من المصنّع أو كتالوج التجزئة,صلصة البيستو,Pesto,,,,GENERIC,أطعمة عامة,دهون وصلصات,,,KSA,GLOBAL_REFERENCE,,HIGH,P1,MISSING,,USDA,USDA FoodData Central,https://fdc.nal.usda.gov/,,,,,,,,,,,,NONE,MEDIUM,,,,,,,,,,,
QGAP-00246,NEEDS_SOURCE,لم يُعثر على مصدر آلي — يحتاج جلبًا من المصنّع أو كتالوج التجزئة,خل أبيض,White vinegar,,,,GENERIC,أطعمة عامة,دهون وصلصات,,,KSA,GLOBAL_REFERENCE,,HIGH,P1,MISSING,,USDA,USDA FoodData Central,https://fdc.nal.usda.gov/,,,,,,,,,,,,NONE,MEDIUM,,,,,,,,,,,
QGAP-00250,NEEDS_SOURCE,لم يُعثر على مصدر آلي — يحتاج جلبًا من المصنّع أو كتالوج التجزئة,صلصة الفلفل الحلو,Sweet chili sauce,,,,GENERIC,أطعمة عامة,دهون وصلصات,,,KSA,GLOBAL_REFERENCE,,HIGH,P1,MISSING,,USDA,USDA FoodData Central,https://fdc.nal.usda.gov/,,,,,,,,,,,,NONE,MEDIUM,,,,,,,,,,,
QGAP-00252,NEEDS_SOURCE,لم يُعثر على مصدر آلي — يحتاج جلبًا من المصنّع أو كتالوج التجزئة,صلصة المشروم,Mushroom sauce,,,,GENERIC,أطعمة عامة,دهون وصلصات,,,KSA,GLOBAL_REFERENCE,,HIGH,P1,MISSING,,USDA,USDA FoodData Central,https://fdc.nal.usda.gov/,,,,,,,,,,,,NONE,MEDIUM,,170055,"Tomato products, canned, sauce, with mushrooms",,,0.43,,,,,
QGAP-00253,NEEDS_SOURCE,لم يُعثر على مصدر آلي — يحتاج جلبًا من المصنّع أو كتالوج التجزئة,حليب خالي الدسم,Skimmed milk,,,,GENERIC,أطعمة عامة,ألبان,,,KSA,GLOBAL_REFERENCE,,HIGH,P1,MISSING,,USDA,USDA FoodData Central,https://fdc.nal.usda.gov/,,,,,,,,,,,,NONE,MEDIUM,,,,,,,,,,,
QGAP-00254,NEEDS_SOURCE,لم يُعثر على مصدر آلي — يحتاج جلبًا من المصنّع أو كتالوج التجزئة,حليب لوز,Almond milk,,,,GENERIC,أطعمة عامة,ألبان,,,KSA,GLOBAL_REFERENCE,,HIGH,P1,MISSING,,USDA,USDA FoodData Central,https://fdc.nal.usda.gov/,,,,,,,,,,,,NONE,MEDIUM,,,,,,,,,,,
QGAP-00257,NEEDS_SOURCE,لم يُعثر على مصدر آلي — يحتاج جلبًا من المصنّع أو كتالوج التجزئة,حليب جوز الهند,Coconut milk,,,,GENERIC,أطعمة عامة,ألبان,,,KSA,GLOBAL_REFERENCE,,HIGH,P1,MISSING,,USDA,USDA FoodData Central,https://fdc.nal.usda.gov/,,,,,,,,,,,,NONE,MEDIUM,,,,,,,,,,,
QGAP-00258,NEEDS_SOURCE,لم يُعثر على مصدر آلي — يحتاج جلبًا من المصنّع أو كتالوج التجزئة,حليب بودرة كامل,Full cream milk powder,,,,GENERIC,أطعمة عامة,ألبان,,,KSA,GLOBAL_REFERENCE,,HIGH,P1,MISSING,,USDA,USDA FoodData Central,https://fdc.nal.usda.gov/,,,,,,,,,,,,NONE,MEDIUM,,,,,,,,,,,
QGAP-00259,NEEDS_SOURCE,لم يُعثر على مصدر آلي — يحتاج جلبًا من المصنّع أو كتالوج التجزئة,حليب خالي اللاكتوز,Lactose-free milk,,,,GENERIC,أطعمة عامة,ألبان,,,KSA,GLOBAL_REFERENCE,,HIGH,P1,MISSING,,USDA,USDA FoodData Central,https://fdc.nal.usda.gov/,,,,,,,,,,,,NONE,MEDIUM,,,,,,,,,,,
QGAP-00264,NEEDS_SOURCE,لم يُعثر على مصدر آلي — يحتاج جلبًا من المصنّع أو كتالوج التجزئة,جبن عكاوي,Akkawi cheese,,,,GENERIC,أطعمة عامة,ألبان,,,KSA,GLOBAL_REFERENCE,,HIGH,P1,MISSING,,USDA,USDA FoodData Central,https://fdc.nal.usda.gov/,,,,,,,,,,,,NONE,MEDIUM,,,,,,,,,,,
QGAP-00265,NEEDS_SOURCE,لم يُعثر على مصدر آلي — يحتاج جلبًا من المصنّع أو كتالوج التجزئة,جبن نابلسي,Nabulsi cheese,,,,GENERIC,أطعمة عامة,ألبان,,,KSA,GLOBAL_REFERENCE,,HIGH,P1,MISSING,,USDA,USDA FoodData Central,https://fdc.nal.usda.gov/,,,,,,,,,,,,NONE,MEDIUM,,,,,,,,,,,
QGAP-00266,NEEDS_SOURCE,لم يُعثر على مصدر آلي — يحتاج جلبًا من المصنّع أو كتالوج التجزئة,جبن شنكليش,Shanklish,,,,GENERIC,أطعمة عامة,ألبان,,,KSA,GLOBAL_REFERENCE,,HIGH,P1,MISSING,,USDA,USDA FoodData Central,https://fdc.nal.usda.gov/,,,,,,,,,,,,NONE,MEDIUM,,,,,,,,,,,
QGAP-00267,NEEDS_SOURCE,لم يُعثر على مصدر آلي — يحتاج جلبًا من المصنّع أو كتالوج التجزئة,جبن بلدي أبيض,White baladi cheese,,,,GENERIC,أطعمة عامة,ألبان,,,KSA,GLOBAL_REFERENCE,,HIGH,P1,MISSING,,USDA,USDA FoodData Central,https://fdc.nal.usda.gov/,,,,,,,,,,,,NONE,MEDIUM,,,,,,,,,,,
QGAP-00268,NEEDS_SOURCE,لم يُعثر على مصدر آلي — يحتاج جلبًا من المصنّع أو كتالوج التجزئة,جبن مثلثات,Cheese triangles,,,,GENERIC,أطعمة عامة,ألبان,,,KSA,GLOBAL_REFERENCE,,HIGH,P1,MISSING,,USDA,USDA FoodData Central,https://fdc.nal.usda.gov/,,,,,,,,,,,,NONE,MEDIUM,,,,,,,,,,,
QGAP-00269,NEEDS_SOURCE,لم يُعثر على مصدر آلي — يحتاج جلبًا من المصنّع أو كتالوج التجزئة,جبن قابل للدهن,Spreadable cheese,,,,GENERIC,أطعمة عامة,ألبان,,,KSA,GLOBAL_REFERENCE,,HIGH,P1,MISSING,,USDA,USDA FoodData Central,https://fdc.nal.usda.gov/,,,,,,,,,,,,NONE,MEDIUM,,,,,,,,,,,
QGAP-00273,NEEDS_SOURCE,لم يُعثر على مصدر آلي — يحتاج جلبًا من المصنّع أو كتالوج التجزئة,قشطة طازجة,Fresh cream (qishta),,,,GENERIC,أطعمة عامة,ألبان,,,KSA,GLOBAL_REFERENCE,,HIGH,P1,MISSING,,USDA,USDA FoodData Central,https://fdc.nal.usda.gov/,,,,,,,,,,,,NONE,MEDIUM,,,,,,,,,,,
QGAP-00276,NEEDS_SOURCE,لم يُعثر على مصدر آلي — يحتاج جلبًا من المصنّع أو كتالوج التجزئة,مثلجات مخفوقة (سوفت),Soft serve,,,,GENERIC,أطعمة عامة,ألبان,,,KSA,GLOBAL_REFERENCE,,HIGH,P1,MISSING,,USDA,USDA FoodData Central,https://fdc.nal.usda.gov/,,,,,,,,,,,,NONE,MEDIUM,,,,,,,,,,,
QGAP-00277,NEEDS_SOURCE,لم يُعثر على مصدر آلي — يحتاج جلبًا من المصنّع أو كتالوج التجزئة,لبن الإبل,Camel milk,,,,GENERIC,أطعمة عامة,ألبان,,,KSA,GLOBAL_REFERENCE,,HIGH,P1,MISSING,,USDA,USDA FoodData Central,https://fdc.nal.usda.gov/,,,,,,,,,,,,NONE,MEDIUM,,,,,,,,,,,
QGAP-00279,NEEDS_SOURCE,لم يُعثر على مصدر آلي — يحتاج جلبًا من المصنّع أو كتالوج التجزئة,أقط (جميد),Jameed,,,,GENERIC,أطعمة عامة,ألبان,,,KSA,GLOBAL_REFERENCE,,HIGH,P1,MISSING,,USDA,USDA FoodData Central,https://fdc.nal.usda.gov/,,,,,,,,,,,,NONE,MEDIUM,,,,,,,,,,,
QGAP-00282,NEEDS_SOURCE,لم يُعثر على مصدر آلي — يحتاج جلبًا من المصنّع أو كتالوج التجزئة,بهارات كبسة,Kabsa spice mix,,,,GENERIC,أطعمة عامة,توابل ومحليات,,,KSA,GLOBAL_REFERENCE,,MEDIUM,P2,MISSING,,USDA,USDA FoodData Central,https://fdc.nal.usda.gov/,,,,,,,,,,,,NONE,MEDIUM,,,,,,,,,,,
QGAP-00288,NEEDS_SOURCE,لم يُعثر على مصدر آلي — يحتاج جلبًا من المصنّع أو كتالوج التجزئة,سماق,Sumac,,,,GENERIC,أطعمة عامة,توابل ومحليات,,,KSA,GLOBAL_REFERENCE,,MEDIUM,P2,MISSING,,USDA,USDA FoodData Central,https://fdc.nal.usda.gov/,,,,,,,,,,,,NONE,MEDIUM,,,,,,,,,,,
QGAP-00289,NEEDS_SOURCE,لم يُعثر على مصدر آلي — يحتاج جلبًا من المصنّع أو كتالوج التجزئة,زعتر,Zaatar,,,,GENERIC,أطعمة عامة,توابل ومحليات,,,KSA,GLOBAL_REFERENCE,,MEDIUM,P2,MISSING,,USDA,USDA FoodData Central,https://fdc.nal.usda.gov/,,,,,,,,,,,,NONE,MEDIUM,,,,,,,,,,,
QGAP-00293,NEEDS_SOURCE,لم يُعثر على مصدر آلي — يحتاج جلبًا من المصنّع أو كتالوج التجزئة,لومي (ليمون أسود),Dried lime (loomi),,,,GENERIC,أطعمة عامة,توابل ومحليات,,,KSA,GLOBAL_REFERENCE,,MEDIUM,P2,MISSING,,USDA,USDA FoodData Central,https://fdc.nal.usda.gov/,,,,,,,,,,,,NONE,MEDIUM,,,,,,,,,,,
QGAP-00299,NEEDS_SOURCE,لم يُعثر على مصدر آلي — يحتاج جلبًا من المصنّع أو كتالوج التجزئة,سكر أبيض,White sugar,,,,GENERIC,أطعمة عامة,توابل ومحليات,,,KSA,GLOBAL_REFERENCE,,MEDIUM,P2,MISSING,,USDA,USDA FoodData Central,https://fdc.nal.usda.gov/,,,,,,,,,,,,NONE,MEDIUM,,,,,,,,,,,
QGAP-00301,NEEDS_SOURCE,لم يُعثر على مصدر آلي — يحتاج جلبًا من المصنّع أو كتالوج التجزئة,محلي ستيفيا,Stevia sweetener,,,,GENERIC,أطعمة عامة,توابل ومحليات,,,KSA,GLOBAL_REFERENCE,,MEDIUM,P2,MISSING,,USDA,USDA FoodData Central,https://fdc.nal.usda.gov/,,,,,,,,,,,,NONE,MEDIUM,,,,,,,,,,,
QGAP-00304,NEEDS_SOURCE,لم يُعثر على مصدر آلي — يحتاج جلبًا من المصنّع أو كتالوج التجزئة,ماء زهر,Orange blossom water,,,,GENERIC,أطعمة عامة,توابل ومحليات,,,KSA,GLOBAL_REFERENCE,,MEDIUM,P2,MISSING,,USDA,USDA FoodData Central,https://fdc.nal.usda.gov/,,,,,,,,,,,,NONE,MEDIUM,,,,,,,,,,,
QGAP-00305,NEEDS_SOURCE,سعرات رسمية على قائمة الفرع/التطبيق (إلزام SFDA) — تُقرأ يدويًا؛ الماكروز غير منشورة,البيك - وجبة بروستد 4 قطع,AlBaik - Broasted chicken meal 4 pcs,البيك,AlBaik,AlBaik,RESTAURANT,مطاعم,دجاج مقلي,,,KSA,KSA,,VERY_HIGH,P1,MISSING,,OFFICIAL_LOCAL_KCAL,AlBaik menu / app (SFDA),,,,,,,,,,,,,NONE,HIGH,,,,,,,,,البيك,AlBaik,السعرات متاحة رسميًا على قائمة الفرع/التطبيق (إلزام SFDA منذ ١ يوليو ٢٠٢٥). الماكروز غير منشورة — تبقى فارغة.
QGAP-00306,NEEDS_SOURCE,سعرات رسمية على قائمة الفرع/التطبيق (إلزام SFDA) — تُقرأ يدويًا؛ الماكروز غير منشورة,البيك - وجبة بروستد 5 قطع,AlBaik - Broasted chicken meal 5 pcs,البيك,AlBaik,AlBaik,RESTAURANT,مطاعم,دجاج مقلي,,,KSA,KSA,,VERY_HIGH,P1,MISSING,,OFFICIAL_LOCAL_KCAL,AlBaik menu / app (SFDA),,,,,,,,,,,,,NONE,HIGH,,,,,,,,,البيك,AlBaik,السعرات متاحة رسميًا على قائمة الفرع/التطبيق (إلزام SFDA منذ ١ يوليو ٢٠٢٥). الماكروز غير منشورة — تبقى فارغة.
QGAP-00307,NEEDS_SOURCE,سعرات رسمية على قائمة الفرع/التطبيق (إلزام SFDA) — تُقرأ يدويًا؛ الماكروز غير منشورة,البيك - بروستد 10 قطع (عائلي),AlBaik - Broasted chicken 10 pcs family,البيك,AlBaik,AlBaik,RESTAURANT,مطاعم,دجاج مقلي,,,KSA,KSA,,VERY_HIGH,P1,MISSING,,OFFICIAL_LOCAL_KCAL,AlBaik menu / app (SFDA),,,,,,,,,,,,,NONE,HIGH,,,,,,,,,البيك,AlBaik,السعرات متاحة رسميًا على قائمة الفرع/التطبيق (إلزام SFDA منذ ١ يوليو ٢٠٢٥). الماكروز غير منشورة — تبقى فارغة.
QGAP-00308,NEEDS_SOURCE,سعرات رسمية على قائمة الفرع/التطبيق (إلزام SFDA) — تُقرأ يدويًا؛ الماكروز غير منشورة,البيك - بيغ بيك,AlBaik - Big Baik sandwich,البيك,AlBaik,AlBaik,RESTAURANT,مطاعم,دجاج مقلي,,,KSA,KSA,,VERY_HIGH,P1,MISSING,,OFFICIAL_LOCAL_KCAL,AlBaik menu / app (SFDA),,,,,,,,,,,,,NONE,HIGH,,,,,,,,,البيك,AlBaik,السعرات متاحة رسميًا على قائمة الفرع/التطبيق (إلزام SFDA منذ ١ يوليو ٢٠٢٥). الماكروز غير منشورة — تبقى فارغة.
QGAP-00309,NEEDS_SOURCE,سعرات رسمية على قائمة الفرع/التطبيق (إلزام SFDA) — تُقرأ يدويًا؛ الماكروز غير منشورة,البيك - ساندويتش فيليه,AlBaik - Fillet sandwich,البيك,AlBaik,AlBaik,RESTAURANT,مطاعم,دجاج مقلي,,,KSA,KSA,,VERY_HIGH,P1,MISSING,,OFFICIAL_LOCAL_KCAL,AlBaik menu / app (SFDA),,,,,,,,,,,,,NONE,HIGH,,,,,,,,,البيك,AlBaik,السعرات متاحة رسميًا على قائمة الفرع/التطبيق (إلزام SFDA منذ ١ يوليو ٢٠٢٥). الماكروز غير منشورة — تبقى فارغة.
QGAP-00310,NEEDS_SOURCE,سعرات رسمية على قائمة الفرع/التطبيق (إلزام SFDA) — تُقرأ يدويًا؛ الماكروز غير منشورة,البيك - ساندويتش نجت,AlBaik - Nugget sandwich,البيك,AlBaik,AlBaik,RESTAURANT,مطاعم,دجاج مقلي,,,KSA,KSA,,VERY_HIGH,P1,MISSING,,OFFICIAL_LOCAL_KCAL,AlBaik menu / app (SFDA),,,,,,,,,,,,,NONE,HIGH,,,,,,,,,البيك,AlBaik,السعرات متاحة رسميًا على قائمة الفرع/التطبيق (إلزام SFDA منذ ١ يوليو ٢٠٢٥). الماكروز غير منشورة — تبقى فارغة.
QGAP-00313,NEEDS_SOURCE,سعرات رسمية على قائمة الفرع/التطبيق (إلزام SFDA) — تُقرأ يدويًا؛ الماكروز غير منشورة,البيك - فيليه دجاج 5 قطع,AlBaik - Chicken fillet 5 pcs,البيك,AlBaik,AlBaik,RESTAURANT,مطاعم,دجاج مقلي,,,KSA,KSA,,VERY_HIGH,P1,MISSING,,OFFICIAL_LOCAL_KCAL,AlBaik menu / app (SFDA),,,,,,,,,,,,,NONE,HIGH,,,,,,,,,البيك,AlBaik,السعرات متاحة رسميًا على قائمة الفرع/التطبيق (إلزام SFDA منذ ١ يوليو ٢٠٢٥). الماكروز غير منشورة — تبقى فارغة.
QGAP-00314,NEEDS_SOURCE,سعرات رسمية على قائمة الفرع/التطبيق (إلزام SFDA) — تُقرأ يدويًا؛ الماكروز غير منشورة,البيك - وجبة روبيان,AlBaik - Shrimp meal,البيك,AlBaik,AlBaik,RESTAURANT,مطاعم,دجاج مقلي,,,KSA,KSA,,VERY_HIGH,P1,MISSING,,OFFICIAL_LOCAL_KCAL,AlBaik menu / app (SFDA),,,,,,,,,,,,,NONE,HIGH,,,,,,,,,البيك,AlBaik,السعرات متاحة رسميًا على قائمة الفرع/التطبيق (إلزام SFDA منذ ١ يوليو ٢٠٢٥). الماكروز غير منشورة — تبقى فارغة.
QGAP-00315,NEEDS_SOURCE,سعرات رسمية على قائمة الفرع/التطبيق (إلزام SFDA) — تُقرأ يدويًا؛ الماكروز غير منشورة,البيك - روبيان 12 قطعة,AlBaik - Shrimp 12 pcs,البيك,AlBaik,AlBaik,RESTAURANT,مطاعم,دجاج مقلي,,,KSA,KSA,,VERY_HIGH,P1,MISSING,,OFFICIAL_LOCAL_KCAL,AlBaik menu / app (SFDA),,,,,,,,,,,,,NONE,HIGH,,,,,,,,,البيك,AlBaik,السعرات متاحة رسميًا على قائمة الفرع/التطبيق (إلزام SFDA منذ ١ يوليو ٢٠٢٥). الماكروز غير منشورة — تبقى فارغة.
QGAP-00316,NEEDS_SOURCE,سعرات رسمية على قائمة الفرع/التطبيق (إلزام SFDA) — تُقرأ يدويًا؛ الماكروز غير منشورة,البيك - فيليه سمك 5 قطع,AlBaik - Fish fillet 5 pcs,البيك,AlBaik,AlBaik,RESTAURANT,مطاعم,دجاج مقلي,,,KSA,KSA,,VERY_HIGH,P1,MISSING,,OFFICIAL_LOCAL_KCAL,AlBaik menu / app (SFDA),,,,,,,,,,,,,NONE,HIGH,,,,,,,,,البيك,AlBaik,السعرات متاحة رسميًا على قائمة الفرع/التطبيق (إلزام SFDA منذ ١ يوليو ٢٠٢٥). الماكروز غير منشورة — تبقى فارغة.
QGAP-00317,NEEDS_SOURCE,سعرات رسمية على قائمة الفرع/التطبيق (إلزام SFDA) — تُقرأ يدويًا؛ الماكروز غير منشورة,البيك - ساندويتش سمك,AlBaik - Fish sandwich,البيك,AlBaik,AlBaik,RESTAURANT,مطاعم,دجاج مقلي,,,KSA,KSA,,VERY_HIGH,P1,MISSING,,OFFICIAL_LOCAL_KCAL,AlBaik menu / app (SFDA),,,,,,,,,,,,,NONE,HIGH,,,,,,,,,البيك,AlBaik,السعرات متاحة رسميًا على قائمة الفرع/التطبيق (إلزام SFDA منذ ١ يوليو ٢٠٢٥). الماكروز غير منشورة — تبقى فارغة.
QGAP-00318,NEEDS_SOURCE,سعرات رسمية على قائمة الفرع/التطبيق (إلزام SFDA) — تُقرأ يدويًا؛ الماكروز غير منشورة,البيك - كول سلو,AlBaik - Coleslaw,البيك,AlBaik,AlBaik,RESTAURANT,مطاعم,دجاج مقلي,,,KSA,KSA,,VERY_HIGH,P1,MISSING,,OFFICIAL_LOCAL_KCAL,AlBaik menu / app (SFDA),,,,,,,,,,,,,NONE,HIGH,,,,,,,,,البيك,AlBaik,السعرات متاحة رسميًا على قائمة الفرع/التطبيق (إلزام SFDA منذ ١ يوليو ٢٠٢٥). الماكروز غير منشورة — تبقى فارغة.
QGAP-00319,NEEDS_SOURCE,سعرات رسمية على قائمة الفرع/التطبيق (إلزام SFDA) — تُقرأ يدويًا؛ الماكروز غير منشورة,البيك - خبز البيك,AlBaik - AlBaik bread,البيك,AlBaik,AlBaik,RESTAURANT,مطاعم,دجاج مقلي,,,KSA,KSA,,VERY_HIGH,P1,MISSING,,OFFICIAL_LOCAL_KCAL,AlBaik menu / app (SFDA),,,,,,,,,,,,,NONE,HIGH,,,,,,,,,البيك,AlBaik,السعرات متاحة رسميًا على قائمة الفرع/التطبيق (إلزام SFDA منذ ١ يوليو ٢٠٢٥). الماكروز غير منشورة — تبقى فارغة.
QGAP-00320,NEEDS_SOURCE,سعرات رسمية على قائمة الفرع/التطبيق (إلزام SFDA) — تُقرأ يدويًا؛ الماكروز غير منشورة,البيك - صوص حار,AlBaik - Hot sauce,البيك,AlBaik,AlBaik,RESTAURANT,مطاعم,دجاج مقلي,,,KSA,KSA,,VERY_HIGH,P1,MISSING,,OFFICIAL_LOCAL_KCAL,AlBaik menu / app (SFDA),,,,,,,,,,,,,NONE,HIGH,,,,,,,,,البيك,AlBaik,السعرات متاحة رسميًا على قائمة الفرع/التطبيق (إلزام SFDA منذ ١ يوليو ٢٠٢٥). الماكروز غير منشورة — تبقى فارغة.
QGAP-00321,NEEDS_SOURCE,سعرات رسمية على قائمة الفرع/التطبيق (إلزام SFDA) — تُقرأ يدويًا؛ الماكروز غير منشورة,البيك - بطاطس كبيرة,AlBaik - Large fries,البيك,AlBaik,AlBaik,RESTAURANT,مطاعم,دجاج مقلي,,,KSA,KSA,,VERY_HIGH,P1,MISSING,,OFFICIAL_LOCAL_KCAL,AlBaik menu / app (SFDA),,,,,,,,,,,,,NONE,HIGH,,,,,,,,,البيك,AlBaik,السعرات متاحة رسميًا على قائمة الفرع/التطبيق (إلزام SFDA منذ ١ يوليو ٢٠٢٥). الماكروز غير منشورة — تبقى فارغة.
QGAP-00322,NEEDS_SOURCE,سعرات رسمية على قائمة الفرع/التطبيق (إلزام SFDA) — تُقرأ يدويًا؛ الماكروز غير منشورة,البيك - كاتشب,AlBaik - Ketchup,البيك,AlBaik,AlBaik,RESTAURANT,مطاعم,دجاج مقلي,,,KSA,KSA,,VERY_HIGH,P1,MISSING,,OFFICIAL_LOCAL_KCAL,AlBaik menu / app (SFDA),,,,,,,,,,,,,NONE,HIGH,,,,,,,,,البيك,AlBaik,السعرات متاحة رسميًا على قائمة الفرع/التطبيق (إلزام SFDA منذ ١ يوليو ٢٠٢٥). الماكروز غير منشورة — تبقى فارغة.
QGAP-00323,NEEDS_SOURCE,سعرات رسمية على قائمة الفرع/التطبيق (إلزام SFDA) — تُقرأ يدويًا؛ الماكروز غير منشورة,البيك - وجبة فيليه مع بطاطس,AlBaik - Fillet meal with fries,البيك,AlBaik,AlBaik,RESTAURANT,مطاعم,دجاج مقلي,,,KSA,KSA,,VERY_HIGH,P1,MISSING,,OFFICIAL_LOCAL_KCAL,AlBaik menu / app (SFDA),,,,,,,,,,,,,NONE,HIGH,,,,,,,,,البيك,AlBaik,السعرات متاحة رسميًا على قائمة الفرع/التطبيق (إلزام SFDA منذ ١ يوليو ٢٠٢٥). الماكروز غير منشورة — تبقى فارغة.
QGAP-00324,NEEDS_SOURCE,سعرات رسمية على قائمة الفرع/التطبيق (إلزام SFDA) — تُقرأ يدويًا؛ الماكروز غير منشورة,البيك - دجاج مشوي (شواية),AlBaik - Grilled chicken,البيك,AlBaik,AlBaik,RESTAURANT,مطاعم,دجاج مقلي,,,KSA,KSA,,VERY_HIGH,P1,MISSING,,OFFICIAL_LOCAL_KCAL,AlBaik menu / app (SFDA),,,,,,,,,,,,,NONE,HIGH,,,,,,,,,البيك,AlBaik,السعرات متاحة رسميًا على قائمة الفرع/التطبيق (إلزام SFDA منذ ١ يوليو ٢٠٢٥). الماكروز غير منشورة — تبقى فارغة.
QGAP-00326,NEEDS_SOURCE,سعرات رسمية على قائمة الفرع/التطبيق (إلزام SFDA) — تُقرأ يدويًا؛ الماكروز غير منشورة,هرفي - دبل سوبر برجر,Herfy - Double Super Burger,هرفي,Herfy,Herfy,RESTAURANT,مطاعم,برجر,,,KSA,KSA,,VERY_HIGH,P1,MISSING,,OFFICIAL_LOCAL_KCAL,Herfy menu / app (SFDA),,,,,,,,,,,,,NONE,HIGH,,,,,,,,,هرفي,Herfy,السعرات متاحة رسميًا على قائمة الفرع/التطبيق (إلزام SFDA منذ ١ يوليو ٢٠٢٥). الماكروز غير منشورة — تبقى فارغة.
QGAP-00327,NEEDS_SOURCE,سعرات رسمية على قائمة الفرع/التطبيق (إلزام SFDA) — تُقرأ يدويًا؛ الماكروز غير منشورة,هرفي - مشرووم برجر,Herfy - Mushroom burger,هرفي,Herfy,Herfy,RESTAURANT,مطاعم,برجر,,,KSA,KSA,,VERY_HIGH,P1,MISSING,,OFFICIAL_LOCAL_KCAL,Herfy menu / app (SFDA),,,,,,,,,,,,,NONE,HIGH,,,,,,,,,هرفي,Herfy,السعرات متاحة رسميًا على قائمة الفرع/التطبيق (إلزام SFDA منذ ١ يوليو ٢٠٢٥). الماكروز غير منشورة — تبقى فارغة.
QGAP-00328,NEEDS_SOURCE,سعرات رسمية على قائمة الفرع/التطبيق (إلزام SFDA) — تُقرأ يدويًا؛ الماكروز غير منشورة,هرفي - ساندويتش تشيكن ستربس,Herfy - Chicken strips sandwich,هرفي,Herfy,Herfy,RESTAURANT,مطاعم,برجر,,,KSA,KSA,,VERY_HIGH,P1,MISSING,,OFFICIAL_LOCAL_KCAL,Herfy menu / app (SFDA),,,,,,,,,,,,,NONE,HIGH,,,,,,,,,هرفي,Herfy,السعرات متاحة رسميًا على قائمة الفرع/التطبيق (إلزام SFDA منذ ١ يوليو ٢٠٢٥). الماكروز غير منشورة — تبقى فارغة.
QGAP-00329,NEEDS_SOURCE,سعرات رسمية على قائمة الفرع/التطبيق (إلزام SFDA) — تُقرأ يدويًا؛ الماكروز غير منشورة,هرفي - ستربس دجاج 4 قطع,Herfy - Chicken strips 4 pcs,هرفي,Herfy,Herfy,RESTAURANT,مطاعم,برجر,,,KSA,KSA,,VERY_HIGH,P1,MISSING,,OFFICIAL_LOCAL_KCAL,Herfy menu / app (SFDA),,,,,,,,,,,,,NONE,HIGH,,,,,,,,,هرفي,Herfy,السعرات متاحة رسميًا على قائمة الفرع/التطبيق (إلزام SFDA منذ ١ يوليو ٢٠٢٥). الماكروز غير منشورة — تبقى فارغة.
QGAP-00330,NEEDS_SOURCE,سعرات رسمية على قائمة الفرع/التطبيق (إلزام SFDA) — تُقرأ يدويًا؛ الماكروز غير منشورة,هرفي - وجبة دجاج مقلي,Herfy - Fried chicken meal,هرفي,Herfy,Herfy,RESTAURANT,مطاعم,برجر,,,KSA,KSA,,VERY_HIGH,P1,MISSING,,OFFICIAL_LOCAL_KCAL,Herfy menu / app (SFDA),,,,,,,,,,,,,NONE,HIGH,,,,,,,,,هرفي,Herfy,السعرات متاحة رسميًا على قائمة الفرع/التطبيق (إلزام SFDA منذ ١ يوليو ٢٠٢٥). الماكروز غير منشورة — تبقى فارغة.
QGAP-00332,NEEDS_SOURCE,سعرات رسمية على قائمة الفرع/التطبيق (إلزام SFDA) — تُقرأ يدويًا؛ الماكروز غير منشورة,هرفي - بطاطس كبيرة,Herfy - Large fries,هرفي,Herfy,Herfy,RESTAURANT,مطاعم,برجر,,,KSA,KSA,,VERY_HIGH,P1,MISSING,,OFFICIAL_LOCAL_KCAL,Herfy menu / app (SFDA),,,,,,,,,,,,,NONE,HIGH,,,,,,,,,هرفي,Herfy,السعرات متاحة رسميًا على قائمة الفرع/التطبيق (إلزام SFDA منذ ١ يوليو ٢٠٢٥). الماكروز غير منشورة — تبقى فارغة.
QGAP-00334,NEEDS_SOURCE,سعرات رسمية على قائمة الفرع/التطبيق (إلزام SFDA) — تُقرأ يدويًا؛ الماكروز غير منشورة,هرفي - آيس كريم صنداي,Herfy - Sundae ice cream,هرفي,Herfy,Herfy,RESTAURANT,مطاعم,برجر,,,KSA,KSA,,VERY_HIGH,P1,MISSING,,OFFICIAL_LOCAL_KCAL,Herfy menu / app (SFDA),,,,,,,,,,,,,NONE,HIGH,,,,,,,,,هرفي,Herfy,السعرات متاحة رسميًا على قائمة الفرع/التطبيق (إلزام SFDA منذ ١ يوليو ٢٠٢٥). الماكروز غير منشورة — تبقى فارغة.
QGAP-00337,NEEDS_SOURCE,سعرات رسمية على قائمة الفرع/التطبيق (إلزام SFDA) — تُقرأ يدويًا؛ الماكروز غير منشورة,هرفي - ساندويتش فطور بالبيض,Herfy - Egg breakfast sandwich,هرفي,Herfy,Herfy,RESTAURANT,مطاعم,برجر,,,KSA,KSA,,VERY_HIGH,P1,MISSING,,OFFICIAL_LOCAL_KCAL,Herfy menu / app (SFDA),,,,,,,,,,,,,NONE,HIGH,,,,,,,,,هرفي,Herfy,السعرات متاحة رسميًا على قائمة الفرع/التطبيق (إلزام SFDA منذ ١ يوليو ٢٠٢٥). الماكروز غير منشورة — تبقى فارغة.
QGAP-00338,NEEDS_SOURCE,سعرات رسمية على قائمة الفرع/التطبيق (إلزام SFDA) — تُقرأ يدويًا؛ الماكروز غير منشورة,هرفي - مافن,Herfy - Muffin,هرفي,Herfy,Herfy,RESTAURANT,مطاعم,برجر,,,KSA,KSA,,VERY_HIGH,P1,MISSING,,OFFICIAL_LOCAL_KCAL,Herfy menu / app (SFDA),,,,,,,,,,,,,NONE,HIGH,,,,,,,,,هرفي,Herfy,السعرات متاحة رسميًا على قائمة الفرع/التطبيق (إلزام SFDA منذ ١ يوليو ٢٠٢٥). الماكروز غير منشورة — تبقى فارغة.
QGAP-00339,NEEDS_SOURCE,سعرات رسمية على قائمة الفرع/التطبيق (إلزام SFDA) — تُقرأ يدويًا؛ الماكروز غير منشورة,هرفي - كيك شوكولاتة,Herfy - Chocolate cake,هرفي,Herfy,Herfy,RESTAURANT,مطاعم,برجر,,,KSA,KSA,,VERY_HIGH,P1,MISSING,,OFFICIAL_LOCAL_KCAL,Herfy menu / app (SFDA),,,,,,,,,,,,,NONE,HIGH,,,,,,,,,هرفي,Herfy,السعرات متاحة رسميًا على قائمة الفرع/التطبيق (إلزام SFDA منذ ١ يوليو ٢٠٢٥). الماكروز غير منشورة — تبقى فارغة.
QGAP-00341,NEEDS_SOURCE,سعرات رسمية على قائمة الفرع/التطبيق (إلزام SFDA) — تُقرأ يدويًا؛ الماكروز غير منشورة,هرفي - قهوة هرفي,Herfy - Herfy coffee,هرفي,Herfy,Herfy,RESTAURANT,مطاعم,برجر,,,KSA,KSA,,VERY_HIGH,P1,MISSING,,OFFICIAL_LOCAL_KCAL,Herfy menu / app (SFDA),,,,,,,,,,,,,NONE,HIGH,,,,,,,,,هرفي,Herfy,السعرات متاحة رسميًا على قائمة الفرع/التطبيق (إلزام SFDA منذ ١ يوليو ٢٠٢٥). الماكروز غير منشورة — تبقى فارغة.
QGAP-00343,NEEDS_SOURCE,سعرات رسمية على قائمة الفرع/التطبيق (إلزام SFDA) — تُقرأ يدويًا؛ الماكروز غير منشورة,هرفي - سلطة سيزر,Herfy - Caesar salad,هرفي,Herfy,Herfy,RESTAURANT,مطاعم,برجر,,,KSA,KSA,,VERY_HIGH,P1,MISSING,,OFFICIAL_LOCAL_KCAL,Herfy menu / app (SFDA),,,,,,,,,,,,,NONE,HIGH,,,,,,,,,هرفي,Herfy,السعرات متاحة رسميًا على قائمة الفرع/التطبيق (إلزام SFDA منذ ١ يوليو ٢٠٢٥). الماكروز غير منشورة — تبقى فارغة.
QGAP-00345,NEEDS_SOURCE,سعرات رسمية على قائمة الفرع/التطبيق (إلزام SFDA) — تُقرأ يدويًا؛ الماكروز غير منشورة,هرفي - ساندويتش تونة,Herfy - Tuna sandwich,هرفي,Herfy,Herfy,RESTAURANT,مطاعم,برجر,,,KSA,KSA,,VERY_HIGH,P1,MISSING,,OFFICIAL_LOCAL_KCAL,Herfy menu / app (SFDA),,,,,,,,,,,,,NONE,HIGH,,,,,,,,,هرفي,Herfy,السعرات متاحة رسميًا على قائمة الفرع/التطبيق (إلزام SFDA منذ ١ يوليو ٢٠٢٥). الماكروز غير منشورة — تبقى فارغة.
QGAP-00346,NEEDS_SOURCE,سعرات رسمية على قائمة الفرع/التطبيق (إلزام SFDA) — تُقرأ يدويًا؛ الماكروز غير منشورة,كودو - ساندويتش كودو الأصلي,Kudu - Original Kudu sandwich,كودو,Kudu,Kudu,RESTAURANT,مطاعم,برجر,,,KSA,KSA,,VERY_HIGH,P1,MISSING,,OFFICIAL_LOCAL_KCAL,Kudu app (SFDA),,,,,,,,,,,,,NONE,HIGH,,,,,,,,,كودو,Kudu,السعرات متاحة رسميًا على قائمة الفرع/التطبيق (إلزام SFDA منذ ١ يوليو ٢٠٢٥). الماكروز غير منشورة — تبقى فارغة.
QGAP-00347,NEEDS_SOURCE,سعرات رسمية على قائمة الفرع/التطبيق (إلزام SFDA) — تُقرأ يدويًا؛ الماكروز غير منشورة,كودو - ساندويتش تشيكن سوبريم,Kudu - Chicken supreme sandwich,كودو,Kudu,Kudu,RESTAURANT,مطاعم,برجر,,,KSA,KSA,,VERY_HIGH,P1,MISSING,,OFFICIAL_LOCAL_KCAL,Kudu app (SFDA),,,,,,,,,,,,,NONE,HIGH,,,,,,,,,كودو,Kudu,السعرات متاحة رسميًا على قائمة الفرع/التطبيق (إلزام SFDA منذ ١ يوليو ٢٠٢٥). الماكروز غير منشورة — تبقى فارغة.
QGAP-00348,NEEDS_SOURCE,سعرات رسمية على قائمة الفرع/التطبيق (إلزام SFDA) — تُقرأ يدويًا؛ الماكروز غير منشورة,كودو - ساندويتش شاورما,Kudu - Shawarma sandwich,كودو,Kudu,Kudu,RESTAURANT,مطاعم,برجر,,,KSA,KSA,,VERY_HIGH,P1,MISSING,,OFFICIAL_LOCAL_KCAL,Kudu app (SFDA),,,,,,,,,,,,,NONE,HIGH,,,,,,,,,كودو,Kudu,السعرات متاحة رسميًا على قائمة الفرع/التطبيق (إلزام SFDA منذ ١ يوليو ٢٠٢٥). الماكروز غير منشورة — تبقى فارغة.
QGAP-00349,NEEDS_SOURCE,سعرات رسمية على قائمة الفرع/التطبيق (إلزام SFDA) — تُقرأ يدويًا؛ الماكروز غير منشورة,كودو - فطور كودو (فول),Kudu - Kudu breakfast foul,كودو,Kudu,Kudu,RESTAURANT,مطاعم,برجر,,,KSA,KSA,,VERY_HIGH,P1,MISSING,,OFFICIAL_LOCAL_KCAL,Kudu app (SFDA),,,,,,,,,,,,,NONE,HIGH,,,,,,,,,كودو,Kudu,السعرات متاحة رسميًا على قائمة الفرع/التطبيق (إلزام SFDA منذ ١ يوليو ٢٠٢٥). الماكروز غير منشورة — تبقى فارغة.
QGAP-00350,NEEDS_SOURCE,سعرات رسمية على قائمة الفرع/التطبيق (إلزام SFDA) — تُقرأ يدويًا؛ الماكروز غير منشورة,كودو - ساندويتش جبن وبيض,Kudu - Cheese and egg sandwich,كودو,Kudu,Kudu,RESTAURANT,مطاعم,برجر,,,KSA,KSA,,VERY_HIGH,P1,MISSING,,OFFICIAL_LOCAL_KCAL,Kudu app (SFDA),,,,,,,,,,,,,NONE,HIGH,,,,,,,,,كودو,Kudu,السعرات متاحة رسميًا على قائمة الفرع/التطبيق (إلزام SFDA منذ ١ يوليو ٢٠٢٥). الماكروز غير منشورة — تبقى فارغة.
QGAP-00353,NEEDS_SOURCE,سعرات رسمية على قائمة الفرع/التطبيق (إلزام SFDA) — تُقرأ يدويًا؛ الماكروز غير منشورة,كودو - ساندويتش تونة,Kudu - Tuna sandwich,كودو,Kudu,Kudu,RESTAURANT,مطاعم,برجر,,,KSA,KSA,,VERY_HIGH,P1,MISSING,,OFFICIAL_LOCAL_KCAL,Kudu app (SFDA),,,,,,,,,,,,,NONE,HIGH,,,,,,,,,كودو,Kudu,السعرات متاحة رسميًا على قائمة الفرع/التطبيق (إلزام SFDA منذ ١ يوليو ٢٠٢٥). الماكروز غير منشورة — تبقى فارغة.
QGAP-00355,NEEDS_SOURCE,سعرات رسمية على قائمة الفرع/التطبيق (إلزام SFDA) — تُقرأ يدويًا؛ الماكروز غير منشورة,كودو - سلطة كول سلو,Kudu - Coleslaw,كودو,Kudu,Kudu,RESTAURANT,مطاعم,برجر,,,KSA,KSA,,VERY_HIGH,P1,MISSING,,OFFICIAL_LOCAL_KCAL,Kudu app (SFDA),,,,,,,,,,,,,NONE,HIGH,,,,,,,,,كودو,Kudu,السعرات متاحة رسميًا على قائمة الفرع/التطبيق (إلزام SFDA منذ ١ يوليو ٢٠٢٥). الماكروز غير منشورة — تبقى فارغة.
QGAP-00356,NEEDS_SOURCE,سعرات رسمية على قائمة الفرع/التطبيق (إلزام SFDA) — تُقرأ يدويًا؛ الماكروز غير منشورة,كودو - آيس كريم,Kudu - Ice cream,كودو,Kudu,Kudu,RESTAURANT,مطاعم,برجر,,,KSA,KSA,,VERY_HIGH,P1,MISSING,,OFFICIAL_LOCAL_KCAL,Kudu app (SFDA),,,,,,,,,,,,,NONE,HIGH,,,,,,,,,كودو,Kudu,السعرات متاحة رسميًا على قائمة الفرع/التطبيق (إلزام SFDA منذ ١ يوليو ٢٠٢٥). الماكروز غير منشورة — تبقى فارغة.
QGAP-00358,NEEDS_SOURCE,سعرات رسمية على قائمة الفرع/التطبيق (إلزام SFDA) — تُقرأ يدويًا؛ الماكروز غير منشورة,كودو - قهوة كودو,Kudu - Kudu coffee,كودو,Kudu,Kudu,RESTAURANT,مطاعم,برجر,,,KSA,KSA,,VERY_HIGH,P1,MISSING,,OFFICIAL_LOCAL_KCAL,Kudu app (SFDA),,,,,,,,,,,,,NONE,HIGH,,,,,,,,,كودو,Kudu,السعرات متاحة رسميًا على قائمة الفرع/التطبيق (إلزام SFDA منذ ١ يوليو ٢٠٢٥). الماكروز غير منشورة — تبقى فارغة.
QGAP-00360,NEEDS_SOURCE,سعرات رسمية على قائمة الفرع/التطبيق (إلزام SFDA) — تُقرأ يدويًا؛ الماكروز غير منشورة,كودو - عصير طازج,Kudu - Fresh juice,كودو,Kudu,Kudu,RESTAURANT,مطاعم,برجر,,,KSA,KSA,,VERY_HIGH,P1,MISSING,,OFFICIAL_LOCAL_KCAL,Kudu app (SFDA),,,,,,,,,,,,,NONE,HIGH,,,,,,,,,كودو,Kudu,السعرات متاحة رسميًا على قائمة الفرع/التطبيق (إلزام SFDA منذ ١ يوليو ٢٠٢٥). الماكروز غير منشورة — تبقى فارغة.
QGAP-00361,NEEDS_SOURCE,سعرات رسمية على قائمة الفرع/التطبيق (إلزام SFDA) — تُقرأ يدويًا؛ الماكروز غير منشورة,كودو - وجبة أطفال,Kudu - Kids meal,كودو,Kudu,Kudu,RESTAURANT,مطاعم,برجر,,,KSA,KSA,,VERY_HIGH,P1,MISSING,,OFFICIAL_LOCAL_KCAL,Kudu app (SFDA),,,,,,,,,,,,,NONE,HIGH,,,,,,,,,كودو,Kudu,السعرات متاحة رسميًا على قائمة الفرع/التطبيق (إلزام SFDA منذ ١ يوليو ٢٠٢٥). الماكروز غير منشورة — تبقى فارغة.
QGAP-00362,NEEDS_SOURCE,سعرات رسمية على قائمة الفرع/التطبيق (إلزام SFDA) — تُقرأ يدويًا؛ الماكروز غير منشورة,كودو - فطيرة,Kudu - Pie,كودو,Kudu,Kudu,RESTAURANT,مطاعم,برجر,,,KSA,KSA,,VERY_HIGH,P1,MISSING,,OFFICIAL_LOCAL_KCAL,Kudu app (SFDA),,,,,,,,,,,,,NONE,HIGH,,,,,,,,,كودو,Kudu,السعرات متاحة رسميًا على قائمة الفرع/التطبيق (إلزام SFDA منذ ١ يوليو ٢٠٢٥). الماكروز غير منشورة — تبقى فارغة.
QGAP-00363,NEEDS_SOURCE,سعرات رسمية على قائمة الفرع/التطبيق (إلزام SFDA) — تُقرأ يدويًا؛ الماكروز غير منشورة,كودو - كوكيز,Kudu - Cookie,كودو,Kudu,Kudu,RESTAURANT,مطاعم,برجر,,,KSA,KSA,,VERY_HIGH,P1,MISSING,,OFFICIAL_LOCAL_KCAL,Kudu app (SFDA),,,,,,,,,,,,,NONE,HIGH,,,,,,,,,كودو,Kudu,السعرات متاحة رسميًا على قائمة الفرع/التطبيق (إلزام SFDA منذ ١ يوليو ٢٠٢٥). الماكروز غير منشورة — تبقى فارغة.
QGAP-00364,NEEDS_SOURCE,سعرات رسمية على قائمة الفرع/التطبيق (إلزام SFDA) — تُقرأ يدويًا؛ الماكروز غير منشورة,كودو - ساندويتش لحم مشوي,Kudu - Grilled beef sandwich,كودو,Kudu,Kudu,RESTAURANT,مطاعم,برجر,,,KSA,KSA,,VERY_HIGH,P1,MISSING,,OFFICIAL_LOCAL_KCAL,Kudu app (SFDA),,,,,,,,,,,,,NONE,HIGH,,,,,,,,,كودو,Kudu,السعرات متاحة رسميًا على قائمة الفرع/التطبيق (إلزام SFDA منذ ١ يوليو ٢٠٢٥). الماكروز غير منشورة — تبقى فارغة.
QGAP-00365,NEEDS_SOURCE,سعرات رسمية على قائمة الفرع/التطبيق (إلزام SFDA) — تُقرأ يدويًا؛ الماكروز غير منشورة,كودو - سلطة دجاج,Kudu - Chicken salad,كودو,Kudu,Kudu,RESTAURANT,مطاعم,برجر,,,KSA,KSA,,VERY_HIGH,P1,MISSING,,OFFICIAL_LOCAL_KCAL,Kudu app (SFDA),,,,,,,,,,,,,NONE,HIGH,,,,,,,,,كودو,Kudu,السعرات متاحة رسميًا على قائمة الفرع/التطبيق (إلزام SFDA منذ ١ يوليو ٢٠٢٥). الماكروز غير منشورة — تبقى فارغة.
QGAP-00366,NEEDS_SOURCE,سعرات رسمية على قائمة الفرع/التطبيق (إلزام SFDA) — تُقرأ يدويًا؛ الماكروز غير منشورة,الطازج - دجاجة كاملة مشوية,Al Tazaj - Whole grilled chicken,الطازج,Al Tazaj,Al Tazaj,RESTAURANT,مطاعم,دجاج مشوي,,,KSA,KSA,,VERY_HIGH,P1,MISSING,,OFFICIAL_LOCAL_KCAL,Al Tazaj menu (SFDA),,,,,,,,,,,,,NONE,HIGH,,,,,,,,,الطازج,Al Tazaj,السعرات متاحة رسميًا على قائمة الفرع/التطبيق (إلزام SFDA منذ ١ يوليو ٢٠٢٥). الماكروز غير منشورة — تبقى فارغة.
QGAP-00367,NEEDS_SOURCE,سعرات رسمية على قائمة الفرع/التطبيق (إلزام SFDA) — تُقرأ يدويًا؛ الماكروز غير منشورة,الطازج - نصف دجاجة مع رز,Al Tazaj - Half chicken with rice,الطازج,Al Tazaj,Al Tazaj,RESTAURANT,مطاعم,دجاج مشوي,,,KSA,KSA,,VERY_HIGH,P1,MISSING,,OFFICIAL_LOCAL_KCAL,Al Tazaj menu (SFDA),,,,,,,,,,,,,NONE,HIGH,,,,,,,,,الطازج,Al Tazaj,السعرات متاحة رسميًا على قائمة الفرع/التطبيق (إلزام SFDA منذ ١ يوليو ٢٠٢٥). الماكروز غير منشورة — تبقى فارغة.
QGAP-00368,NEEDS_SOURCE,سعرات رسمية على قائمة الفرع/التطبيق (إلزام SFDA) — تُقرأ يدويًا؛ الماكروز غير منشورة,الطازج - وجبة فيليه مشوي,Al Tazaj - Grilled fillet meal,الطازج,Al Tazaj,Al Tazaj,RESTAURANT,مطاعم,دجاج مشوي,,,KSA,KSA,,VERY_HIGH,P1,MISSING,,OFFICIAL_LOCAL_KCAL,Al Tazaj menu (SFDA),,,,,,,,,,,,,NONE,HIGH,,,,,,,,,الطازج,Al Tazaj,السعرات متاحة رسميًا على قائمة الفرع/التطبيق (إلزام SFDA منذ ١ يوليو ٢٠٢٥). الماكروز غير منشورة — تبقى فارغة.
QGAP-00369,NEEDS_SOURCE,سعرات رسمية على قائمة الفرع/التطبيق (إلزام SFDA) — تُقرأ يدويًا؛ الماكروز غير منشورة,الطازج - سلطة طحينة,Al Tazaj - Tahini salad,الطازج,Al Tazaj,Al Tazaj,RESTAURANT,مطاعم,دجاج مشوي,,,KSA,KSA,,VERY_HIGH,P1,MISSING,,OFFICIAL_LOCAL_KCAL,Al Tazaj menu (SFDA),,,,,,,,,,,,,NONE,HIGH,,,,,,,,,الطازج,Al Tazaj,السعرات متاحة رسميًا على قائمة الفرع/التطبيق (إلزام SFDA منذ ١ يوليو ٢٠٢٥). الماكروز غير منشورة — تبقى فارغة.
QGAP-00375,NEEDS_SOURCE,سعرات رسمية على قائمة الفرع/التطبيق (إلزام SFDA) — تُقرأ يدويًا؛ الماكروز غير منشورة,الطازج - شوربة,Al Tazaj - Soup,الطازج,Al Tazaj,Al Tazaj,RESTAURANT,مطاعم,دجاج مشوي,,,KSA,KSA,,VERY_HIGH,P1,MISSING,,OFFICIAL_LOCAL_KCAL,Al Tazaj menu (SFDA),,,,,,,,,,,,,NONE,HIGH,,,,,,,,,الطازج,Al Tazaj,السعرات متاحة رسميًا على قائمة الفرع/التطبيق (إلزام SFDA منذ ١ يوليو ٢٠٢٥). الماكروز غير منشورة — تبقى فارغة.
QGAP-00376,NEEDS_SOURCE,سعرات رسمية على قائمة الفرع/التطبيق (إلزام SFDA) — تُقرأ يدويًا؛ الماكروز غير منشورة,الطازج - صوص حار,Al Tazaj - Hot sauce,الطازج,Al Tazaj,Al Tazaj,RESTAURANT,مطاعم,دجاج مشوي,,,KSA,KSA,,VERY_HIGH,P1,MISSING,,OFFICIAL_LOCAL_KCAL,Al Tazaj menu (SFDA),,,,,,,,,,,,,NONE,HIGH,,,,,,,,,الطازج,Al Tazaj,السعرات متاحة رسميًا على قائمة الفرع/التطبيق (إلزام SFDA منذ ١ يوليو ٢٠٢٥). الماكروز غير منشورة — تبقى فارغة.
QGAP-00377,NEEDS_SOURCE,سعرات رسمية على قائمة الفرع/التطبيق (إلزام SFDA) — تُقرأ يدويًا؛ الماكروز غير منشورة,الطازج - وجبة ربع دجاج مع رز,Al Tazaj - Quarter chicken with rice meal,الطازج,Al Tazaj,Al Tazaj,RESTAURANT,مطاعم,دجاج مشوي,,,KSA,KSA,,VERY_HIGH,P1,MISSING,,OFFICIAL_LOCAL_KCAL,Al Tazaj menu (SFDA),,,,,,,,,,,,,NONE,HIGH,,,,,,,,,الطازج,Al Tazaj,السعرات متاحة رسميًا على قائمة الفرع/التطبيق (إلزام SFDA منذ ١ يوليو ٢٠٢٥). الماكروز غير منشورة — تبقى فارغة.
QGAP-00380,NEEDS_SOURCE,سعرات رسمية على قائمة الفرع/التطبيق (إلزام SFDA) — تُقرأ يدويًا؛ الماكروز غير منشورة,الرومانسية - كبسة دجاج (نصف),Al Romansiah - Chicken kabsa half,الرومانسية,Al Romansiah,Al Romansiah,RESTAURANT,مطاعم,أكل سعودي,,,KSA,KSA,,VERY_HIGH,P1,MISSING,,OFFICIAL_LOCAL_KCAL,Al Romansiah app (SFDA),,,,,,,,,,,,,NONE,HIGH,,,,,,,,,الرومانسية,Al Romansiah,السعرات متاحة رسميًا على قائمة الفرع/التطبيق (إلزام SFDA منذ ١ يوليو ٢٠٢٥). الماكروز غير منشورة — تبقى فارغة.
QGAP-00382,NEEDS_SOURCE,سعرات رسمية على قائمة الفرع/التطبيق (إلزام SFDA) — تُقرأ يدويًا؛ الماكروز غير منشورة,الرومانسية - مندي دجاج كامل,Al Romansiah - Whole chicken mandi,الرومانسية,Al Romansiah,Al Romansiah,RESTAURANT,مطاعم,أكل سعودي,,,KSA,KSA,,VERY_HIGH,P1,MISSING,,OFFICIAL_LOCAL_KCAL,Al Romansiah app (SFDA),,,,,,,,,,,,,NONE,HIGH,,,,,,,,,الرومانسية,Al Romansiah,السعرات متاحة رسميًا على قائمة الفرع/التطبيق (إلزام SFDA منذ ١ يوليو ٢٠٢٥). الماكروز غير منشورة — تبقى فارغة.
QGAP-00383,NEEDS_SOURCE,سعرات رسمية على قائمة الفرع/التطبيق (إلزام SFDA) — تُقرأ يدويًا؛ الماكروز غير منشورة,الرومانسية - مظبي دجاج,Al Romansiah - Chicken madhbi,الرومانسية,Al Romansiah,Al Romansiah,RESTAURANT,مطاعم,أكل سعودي,,,KSA,KSA,,VERY_HIGH,P1,MISSING,,OFFICIAL_LOCAL_KCAL,Al Romansiah app (SFDA),,,,,,,,,,,,,NONE,HIGH,,,,,,,,,الرومانسية,Al Romansiah,السعرات متاحة رسميًا على قائمة الفرع/التطبيق (إلزام SFDA منذ ١ يوليو ٢٠٢٥). الماكروز غير منشورة — تبقى فارغة.
QGAP-00385,NEEDS_SOURCE,سعرات رسمية على قائمة الفرع/التطبيق (إلزام SFDA) — تُقرأ يدويًا؛ الماكروز غير منشورة,الرومانسية - حنيذ لحم,Al Romansiah - Lamb haneeth,الرومانسية,Al Romansiah,Al Romansiah,RESTAURANT,مطاعم,أكل سعودي,,,KSA,KSA,,VERY_HIGH,P1,MISSING,,OFFICIAL_LOCAL_KCAL,Al Romansiah app (SFDA),,,,,,,,,,,,,NONE,HIGH,,,,,,,,,الرومانسية,Al Romansiah,السعرات متاحة رسميًا على قائمة الفرع/التطبيق (إلزام SFDA منذ ١ يوليو ٢٠٢٥). الماكروز غير منشورة — تبقى فارغة.
QGAP-00387,NEEDS_SOURCE,سعرات رسمية على قائمة الفرع/التطبيق (إلزام SFDA) — تُقرأ يدويًا؛ الماكروز غير منشورة,الرومانسية - جريش,Al Romansiah - Jareesh,الرومانسية,Al Romansiah,Al Romansiah,RESTAURANT,مطاعم,أكل سعودي,,,KSA,KSA,,VERY_HIGH,P1,MISSING,,OFFICIAL_LOCAL_KCAL,Al Romansiah app (SFDA),,,,,,,,,,,,,NONE,HIGH,,,,,,,,,الرومانسية,Al Romansiah,السعرات متاحة رسميًا على قائمة الفرع/التطبيق (إلزام SFDA منذ ١ يوليو ٢٠٢٥). الماكروز غير منشورة — تبقى فارغة.
QGAP-00388,NEEDS_SOURCE,سعرات رسمية على قائمة الفرع/التطبيق (إلزام SFDA) — تُقرأ يدويًا؛ الماكروز غير منشورة,الرومانسية - قرصان,Al Romansiah - Qursan,الرومانسية,Al Romansiah,Al Romansiah,RESTAURANT,مطاعم,أكل سعودي,,,KSA,KSA,,VERY_HIGH,P1,MISSING,,OFFICIAL_LOCAL_KCAL,Al Romansiah app (SFDA),,,,,,,,,,,,,NONE,HIGH,,,,,,,,,الرومانسية,Al Romansiah,السعرات متاحة رسميًا على قائمة الفرع/التطبيق (إلزام SFDA منذ ١ يوليو ٢٠٢٥). الماكروز غير منشورة — تبقى فارغة.
QGAP-00389,NEEDS_SOURCE,سعرات رسمية على قائمة الفرع/التطبيق (إلزام SFDA) — تُقرأ يدويًا؛ الماكروز غير منشورة,الرومانسية - مرقوق,Al Romansiah - Marqouq,الرومانسية,Al Romansiah,Al Romansiah,RESTAURANT,مطاعم,أكل سعودي,,,KSA,KSA,,VERY_HIGH,P1,MISSING,,OFFICIAL_LOCAL_KCAL,Al Romansiah app (SFDA),,,,,,,,,,,,,NONE,HIGH,,,,,,,,,الرومانسية,Al Romansiah,السعرات متاحة رسميًا على قائمة الفرع/التطبيق (إلزام SFDA منذ ١ يوليو ٢٠٢٥). الماكروز غير منشورة — تبقى فارغة.
QGAP-00390,NEEDS_SOURCE,سعرات رسمية على قائمة الفرع/التطبيق (إلزام SFDA) — تُقرأ يدويًا؛ الماكروز غير منشورة,الرومانسية - مطازيز,Al Romansiah - Matazeez,الرومانسية,Al Romansiah,Al Romansiah,RESTAURANT,مطاعم,أكل سعودي,,,KSA,KSA,,VERY_HIGH,P1,MISSING,,OFFICIAL_LOCAL_KCAL,Al Romansiah app (SFDA),,,,,,,,,,,,,NONE,HIGH,,,,,,,,,الرومانسية,Al Romansiah,السعرات متاحة رسميًا على قائمة الفرع/التطبيق (إلزام SFDA منذ ١ يوليو ٢٠٢٥). الماكروز غير منشورة — تبقى فارغة.
QGAP-00391,NEEDS_SOURCE,سعرات رسمية على قائمة الفرع/التطبيق (إلزام SFDA) — تُقرأ يدويًا؛ الماكروز غير منشورة,الرومانسية - سليق,Al Romansiah - Saleeg,الرومانسية,Al Romansiah,Al Romansiah,RESTAURANT,مطاعم,أكل سعودي,,,KSA,KSA,,VERY_HIGH,P1,MISSING,,OFFICIAL_LOCAL_KCAL,Al Romansiah app (SFDA),,,,,,,,,,,,,NONE,HIGH,,,,,,,,,الرومانسية,Al Romansiah,السعرات متاحة رسميًا على قائمة الفرع/التطبيق (إلزام SFDA منذ ١ يوليو ٢٠٢٥). الماكروز غير منشورة — تبقى فارغة.
QGAP-00392,NEEDS_SOURCE,سعرات رسمية على قائمة الفرع/التطبيق (إلزام SFDA) — تُقرأ يدويًا؛ الماكروز غير منشورة,الرومانسية - شوربة حب,Al Romansiah - Grain soup,الرومانسية,Al Romansiah,Al Romansiah,RESTAURANT,مطاعم,أكل سعودي,,,KSA,KSA,,VERY_HIGH,P1,MISSING,,OFFICIAL_LOCAL_KCAL,Al Romansiah app (SFDA),,,,,,,,,,,,,NONE,HIGH,,,,,,,,,الرومانسية,Al Romansiah,السعرات متاحة رسميًا على قائمة الفرع/التطبيق (إلزام SFDA منذ ١ يوليو ٢٠٢٥). الماكروز غير منشورة — تبقى فارغة.
QGAP-00393,NEEDS_SOURCE,سعرات رسمية على قائمة الفرع/التطبيق (إلزام SFDA) — تُقرأ يدويًا؛ الماكروز غير منشورة,الرومانسية - سمبوسة,Al Romansiah - Samosa,الرومانسية,Al Romansiah,Al Romansiah,RESTAURANT,مطاعم,أكل سعودي,,,KSA,KSA,,VERY_HIGH,P1,MISSING,,OFFICIAL_LOCAL_KCAL,Al Romansiah app (SFDA),,,,,,,,,,,,,NONE,HIGH,,,,,,,,,الرومانسية,Al Romansiah,السعرات متاحة رسميًا على قائمة الفرع/التطبيق (إلزام SFDA منذ ١ يوليو ٢٠٢٥). الماكروز غير منشورة — تبقى فارغة.
QGAP-00394,NEEDS_SOURCE,سعرات رسمية على قائمة الفرع/التطبيق (إلزام SFDA) — تُقرأ يدويًا؛ الماكروز غير منشورة,الرومانسية - سلطة الرومانسية,Al Romansiah - Al Romansiah salad,الرومانسية,Al Romansiah,Al Romansiah,RESTAURANT,مطاعم,أكل سعودي,,,KSA,KSA,,VERY_HIGH,P1,MISSING,,OFFICIAL_LOCAL_KCAL,Al Romansiah app (SFDA),,,,,,,,,,,,,NONE,HIGH,,,,,,,,,الرومانسية,Al Romansiah,السعرات متاحة رسميًا على قائمة الفرع/التطبيق (إلزام SFDA منذ ١ يوليو ٢٠٢٥). الماكروز غير منشورة — تبقى فارغة.
QGAP-00395,NEEDS_SOURCE,سعرات رسمية على قائمة الفرع/التطبيق (إلزام SFDA) — تُقرأ يدويًا؛ الماكروز غير منشورة,الرومانسية - داقوس,Al Romansiah - Daqoos,الرومانسية,Al Romansiah,Al Romansiah,RESTAURANT,مطاعم,أكل سعودي,,,KSA,KSA,,VERY_HIGH,P1,MISSING,,OFFICIAL_LOCAL_KCAL,Al Romansiah app (SFDA),,,,,,,,,,,,,NONE,HIGH,,,,,,,,,الرومانسية,Al Romansiah,السعرات متاحة رسميًا على قائمة الفرع/التطبيق (إلزام SFDA منذ ١ يوليو ٢٠٢٥). الماكروز غير منشورة — تبقى فارغة.
QGAP-00396,NEEDS_SOURCE,سعرات رسمية على قائمة الفرع/التطبيق (إلزام SFDA) — تُقرأ يدويًا؛ الماكروز غير منشورة,الرومانسية - لقيمات,Al Romansiah - Luqaimat,الرومانسية,Al Romansiah,Al Romansiah,RESTAURANT,مطاعم,أكل سعودي,,,KSA,KSA,,VERY_HIGH,P1,MISSING,,OFFICIAL_LOCAL_KCAL,Al Romansiah app (SFDA),,,,,,,,,,,,,NONE,HIGH,,,,,,,,,الرومانسية,Al Romansiah,السعرات متاحة رسميًا على قائمة الفرع/التطبيق (إلزام SFDA منذ ١ يوليو ٢٠٢٥). الماكروز غير منشورة — تبقى فارغة.
QGAP-00397,NEEDS_SOURCE,سعرات رسمية على قائمة الفرع/التطبيق (إلزام SFDA) — تُقرأ يدويًا؛ الماكروز غير منشورة,الرومانسية - كنافة,Al Romansiah - Kunafa,الرومانسية,Al Romansiah,Al Romansiah,RESTAURANT,مطاعم,أكل سعودي,,,KSA,KSA,,VERY_HIGH,P1,MISSING,,OFFICIAL_LOCAL_KCAL,Al Romansiah app (SFDA),,,,,,,,,,,,,NONE,HIGH,,,,,,,,,الرومانسية,Al Romansiah,السعرات متاحة رسميًا على قائمة الفرع/التطبيق (إلزام SFDA منذ ١ يوليو ٢٠٢٥). الماكروز غير منشورة — تبقى فارغة.
QGAP-00398,NEEDS_SOURCE,سعرات رسمية على قائمة الفرع/التطبيق (إلزام SFDA) — تُقرأ يدويًا؛ الماكروز غير منشورة,الرومانسية - معصوب,Al Romansiah - Masoub,الرومانسية,Al Romansiah,Al Romansiah,RESTAURANT,مطاعم,أكل سعودي,,,KSA,KSA,,VERY_HIGH,P1,MISSING,,OFFICIAL_LOCAL_KCAL,Al Romansiah app (SFDA),,,,,,,,,,,,,NONE,HIGH,,,,,,,,,الرومانسية,Al Romansiah,السعرات متاحة رسميًا على قائمة الفرع/التطبيق (إلزام SFDA منذ ١ يوليو ٢٠٢٥). الماكروز غير منشورة — تبقى فارغة.
QGAP-00399,NEEDS_SOURCE,سعرات رسمية على قائمة الفرع/التطبيق (إلزام SFDA) — تُقرأ يدويًا؛ الماكروز غير منشورة,الرومانسية - عريكة,Al Romansiah - Areekah,الرومانسية,Al Romansiah,Al Romansiah,RESTAURANT,مطاعم,أكل سعودي,,,KSA,KSA,,VERY_HIGH,P1,MISSING,,OFFICIAL_LOCAL_KCAL,Al Romansiah app (SFDA),,,,,,,,,,,,,NONE,HIGH,,,,,,,,,الرومانسية,Al Romansiah,السعرات متاحة رسميًا على قائمة الفرع/التطبيق (إلزام SFDA منذ ١ يوليو ٢٠٢٥). الماكروز غير منشورة — تبقى فارغة.
QGAP-00401,NEEDS_SOURCE,سعرات رسمية على قائمة الفرع/التطبيق (إلزام SFDA) — تُقرأ يدويًا؛ الماكروز غير منشورة,الرومانسية - تمر,Al Romansiah - Dates,الرومانسية,Al Romansiah,Al Romansiah,RESTAURANT,مطاعم,أكل سعودي,,,KSA,KSA,,VERY_HIGH,P1,MISSING,,OFFICIAL_LOCAL_KCAL,Al Romansiah app (SFDA),,,,,,,,,,,,,NONE,HIGH,,,,,,,,,الرومانسية,Al Romansiah,السعرات متاحة رسميًا على قائمة الفرع/التطبيق (إلزام SFDA منذ ١ يوليو ٢٠٢٥). الماكروز غير منشورة — تبقى فارغة.
QGAP-00402,NEEDS_SOURCE,سعرات رسمية على قائمة الفرع/التطبيق (إلزام SFDA) — تُقرأ يدويًا؛ الماكروز غير منشورة,الرومانسية - مفطح لحم,Al Romansiah - Maftah lamb,الرومانسية,Al Romansiah,Al Romansiah,RESTAURANT,مطاعم,أكل سعودي,,,KSA,KSA,,VERY_HIGH,P1,MISSING,,OFFICIAL_LOCAL_KCAL,Al Romansiah app (SFDA),,,,,,,,,,,,,NONE,HIGH,,,,,,,,,الرومانسية,Al Romansiah,السعرات متاحة رسميًا على قائمة الفرع/التطبيق (إلزام SFDA منذ ١ يوليو ٢٠٢٥). الماكروز غير منشورة — تبقى فارغة.
QGAP-00404,NEEDS_SOURCE,سعرات رسمية على قائمة الفرع/التطبيق (إلزام SFDA) — تُقرأ يدويًا؛ الماكروز غير منشورة,الرومانسية - صحن خضار مشوي,Al Romansiah - Grilled vegetables,الرومانسية,Al Romansiah,Al Romansiah,RESTAURANT,مطاعم,أكل سعودي,,,KSA,KSA,,VERY_HIGH,P1,MISSING,,OFFICIAL_LOCAL_KCAL,Al Romansiah app (SFDA),,,,,,,,,,,,,NONE,HIGH,,,,,,,,,الرومانسية,Al Romansiah,السعرات متاحة رسميًا على قائمة الفرع/التطبيق (إلزام SFDA منذ ١ يوليو ٢٠٢٥). الماكروز غير منشورة — تبقى فارغة.
QGAP-00407,NEEDS_SOURCE,سعرات رسمية على قائمة الفرع/التطبيق (إلزام SFDA) — تُقرأ يدويًا؛ الماكروز غير منشورة,شاورمر - شاورمر ميكس,Shawarmer - Shawarmer mix,شاورمر,Shawarmer,Shawarmer,RESTAURANT,مطاعم,شاورما,,,KSA,KSA,,VERY_HIGH,P1,MISSING,,OFFICIAL_LOCAL_KCAL,Shawarmer app (SFDA),,,,,,,,,,,,,NONE,HIGH,,,,,,,,,شاورمر,Shawarmer,السعرات متاحة رسميًا على قائمة الفرع/التطبيق (إلزام SFDA منذ ١ يوليو ٢٠٢٥). الماكروز غير منشورة — تبقى فارغة.
QGAP-00409,NEEDS_SOURCE,سعرات رسمية على قائمة الفرع/التطبيق (إلزام SFDA) — تُقرأ يدويًا؛ الماكروز غير منشورة,شاورمر - شاورما صاروخ,Shawarmer - Rocket shawarma,شاورمر,Shawarmer,Shawarmer,RESTAURANT,مطاعم,شاورما,,,KSA,KSA,,VERY_HIGH,P1,MISSING,,OFFICIAL_LOCAL_KCAL,Shawarmer app (SFDA),,,,,,,,,,,,,NONE,HIGH,,,,,,,,,شاورمر,Shawarmer,السعرات متاحة رسميًا على قائمة الفرع/التطبيق (إلزام SFDA منذ ١ يوليو ٢٠٢٥). الماكروز غير منشورة — تبقى فارغة.
QGAP-00410,NEEDS_SOURCE,سعرات رسمية على قائمة الفرع/التطبيق (إلزام SFDA) — تُقرأ يدويًا؛ الماكروز غير منشورة,شاورمر - شاورما بالجبن,Shawarmer - Cheese shawarma,شاورمر,Shawarmer,Shawarmer,RESTAURANT,مطاعم,شاورما,,,KSA,KSA,,VERY_HIGH,P1,MISSING,,OFFICIAL_LOCAL_KCAL,Shawarmer app (SFDA),,,,,,,,,,,,,NONE,HIGH,,,,,,,,,شاورمر,Shawarmer,السعرات متاحة رسميًا على قائمة الفرع/التطبيق (إلزام SFDA منذ ١ يوليو ٢٠٢٥). الماكروز غير منشورة — تبقى فارغة.
QGAP-00415,NEEDS_SOURCE,سعرات رسمية على قائمة الفرع/التطبيق (إلزام SFDA) — تُقرأ يدويًا؛ الماكروز غير منشورة,شاورمر - كبة,Shawarmer - Kibbeh,شاورمر,Shawarmer,Shawarmer,RESTAURANT,مطاعم,شاورما,,,KSA,KSA,,VERY_HIGH,P1,MISSING,,OFFICIAL_LOCAL_KCAL,Shawarmer app (SFDA),,,,,,,,,,,,,NONE,HIGH,,,,,,,,,شاورمر,Shawarmer,السعرات متاحة رسميًا على قائمة الفرع/التطبيق (إلزام SFDA منذ ١ يوليو ٢٠٢٥). الماكروز غير منشورة — تبقى فارغة.
QGAP-00418,NEEDS_SOURCE,سعرات رسمية على قائمة الفرع/التطبيق (إلزام SFDA) — تُقرأ يدويًا؛ الماكروز غير منشورة,شاورمر - شاورما صحي (خبز أسمر),Shawarmer - Healthy brown bread shawarma,شاورمر,Shawarmer,Shawarmer,RESTAURANT,مطاعم,شاورما,,,KSA,KSA,,VERY_HIGH,P1,MISSING,,OFFICIAL_LOCAL_KCAL,Shawarmer app (SFDA),,,,,,,,,,,,,NONE,HIGH,,,,,,,,,شاورمر,Shawarmer,السعرات متاحة رسميًا على قائمة الفرع/التطبيق (إلزام SFDA منذ ١ يوليو ٢٠٢٥). الماكروز غير منشورة — تبقى فارغة.
QGAP-00419,NEEDS_SOURCE,سعرات رسمية على قائمة الفرع/التطبيق (إلزام SFDA) — تُقرأ يدويًا؛ الماكروز غير منشورة,شاورمر - وجبة شاورما عائلية,Shawarmer - Family shawarma meal,شاورمر,Shawarmer,Shawarmer,RESTAURANT,مطاعم,شاورما,,,KSA,KSA,,VERY_HIGH,P1,MISSING,,OFFICIAL_LOCAL_KCAL,Shawarmer app (SFDA),,,,,,,,,,,,,NONE,HIGH,,,,,,,,,شاورمر,Shawarmer,السعرات متاحة رسميًا على قائمة الفرع/التطبيق (إلزام SFDA منذ ١ يوليو ٢٠٢٥). الماكروز غير منشورة — تبقى فارغة.
QGAP-00420,NEEDS_SOURCE,سعرات رسمية على قائمة الفرع/التطبيق (إلزام SFDA) — تُقرأ يدويًا؛ الماكروز غير منشورة,شاورمر - مقبلات مشكلة,Shawarmer - Mixed appetizers,شاورمر,Shawarmer,Shawarmer,RESTAURANT,مطاعم,شاورما,,,KSA,KSA,,VERY_HIGH,P1,MISSING,,OFFICIAL_LOCAL_KCAL,Shawarmer app (SFDA),,,,,,,,,,,,,NONE,HIGH,,,,,,,,,شاورمر,Shawarmer,السعرات متاحة رسميًا على قائمة الفرع/التطبيق (إلزام SFDA منذ ١ يوليو ٢٠٢٥). الماكروز غير منشورة — تبقى فارغة.
QGAP-00422,NEEDS_SOURCE,سعرات رسمية على قائمة الفرع/التطبيق (إلزام SFDA) — تُقرأ يدويًا؛ الماكروز غير منشورة,ماما نورة - ساندويتش شاورما عربي,Mama Noura - Arabic shawarma sandwich,ماما نورة,Mama Noura,Mama Noura,RESTAURANT,مطاعم,شاورما,,,KSA,KSA,,VERY_HIGH,P1,MISSING,,OFFICIAL_LOCAL_KCAL,Mama Noura menu (SFDA),,,,,,,,,,,,,NONE,HIGH,,,,,,,,,ماما نورة,Mama Noura,السعرات متاحة رسميًا على قائمة الفرع/التطبيق (إلزام SFDA منذ ١ يوليو ٢٠٢٥). الماكروز غير منشورة — تبقى فارغة.
QGAP-00424,NEEDS_SOURCE,سعرات رسمية على قائمة الفرع/التطبيق (إلزام SFDA) — تُقرأ يدويًا؛ الماكروز غير منشورة,ماما نورة - مشاوي مشكلة,Mama Noura - Mixed grill,ماما نورة,Mama Noura,Mama Noura,RESTAURANT,مطاعم,شاورما,,,KSA,KSA,,VERY_HIGH,P1,MISSING,,OFFICIAL_LOCAL_KCAL,Mama Noura menu (SFDA),,,,,,,,,,,,,NONE,HIGH,,,,,,,,,ماما نورة,Mama Noura,السعرات متاحة رسميًا على قائمة الفرع/التطبيق (إلزام SFDA منذ ١ يوليو ٢٠٢٥). الماكروز غير منشورة — تبقى فارغة.
QGAP-00425,NEEDS_SOURCE,سعرات رسمية على قائمة الفرع/التطبيق (إلزام SFDA) — تُقرأ يدويًا؛ الماكروز غير منشورة,ماما نورة - فتة حمص,Mama Noura - Fatteh hummus,ماما نورة,Mama Noura,Mama Noura,RESTAURANT,مطاعم,شاورما,,,KSA,KSA,,VERY_HIGH,P1,MISSING,,OFFICIAL_LOCAL_KCAL,Mama Noura menu (SFDA),,,,,,,,,,,,,NONE,HIGH,,,,,,,,,ماما نورة,Mama Noura,السعرات متاحة رسميًا على قائمة الفرع/التطبيق (إلزام SFDA منذ ١ يوليو ٢٠٢٥). الماكروز غير منشورة — تبقى فارغة.
QGAP-00430,NEEDS_SOURCE,سعرات رسمية على قائمة الفرع/التطبيق (إلزام SFDA) — تُقرأ يدويًا؛ الماكروز غير منشورة,ماما نورة - حمص,Mama Noura - Hummus,ماما نورة,Mama Noura,Mama Noura,RESTAURANT,مطاعم,شاورما,,,KSA,KSA,,VERY_HIGH,P1,MISSING,,OFFICIAL_LOCAL_KCAL,Mama Noura menu (SFDA),,,,,,,,,,,,,NONE,HIGH,,,,,,,,,ماما نورة,Mama Noura,السعرات متاحة رسميًا على قائمة الفرع/التطبيق (إلزام SFDA منذ ١ يوليو ٢٠٢٥). الماكروز غير منشورة — تبقى فارغة.
QGAP-00433,NEEDS_SOURCE,سعرات رسمية على قائمة الفرع/التطبيق (إلزام SFDA) — تُقرأ يدويًا؛ الماكروز غير منشورة,ماما نورة - عصير كوكتيل,Mama Noura - Cocktail juice,ماما نورة,Mama Noura,Mama Noura,RESTAURANT,مطاعم,شاورما,,,KSA,KSA,,VERY_HIGH,P1,MISSING,,OFFICIAL_LOCAL_KCAL,Mama Noura menu (SFDA),,,,,,,,,,,,,NONE,HIGH,,,,,,,,,ماما نورة,Mama Noura,السعرات متاحة رسميًا على قائمة الفرع/التطبيق (إلزام SFDA منذ ١ يوليو ٢٠٢٥). الماكروز غير منشورة — تبقى فارغة.
QGAP-00435,NEEDS_SOURCE,سعرات رسمية على قائمة الفرع/التطبيق (إلزام SFDA) — تُقرأ يدويًا؛ الماكروز غير منشورة,برجرايزر - كلاسيك دبل,Burgerizzr - Classic double,برجرايزر,Burgerizzr,Burgerizzr,RESTAURANT,مطاعم,برجر,,,KSA,KSA,,VERY_HIGH,P1,MISSING,,OFFICIAL_LOCAL_KCAL,Burgerizzr app (SFDA),,,,,,,,,,,,,NONE,HIGH,,,,,,,,,برجرايزر,Burgerizzr,السعرات متاحة رسميًا على قائمة الفرع/التطبيق (إلزام SFDA منذ ١ يوليو ٢٠٢٥). الماكروز غير منشورة — تبقى فارغة.
QGAP-00436,NEEDS_SOURCE,سعرات رسمية على قائمة الفرع/التطبيق (إلزام SFDA) — تُقرأ يدويًا؛ الماكروز غير منشورة,برجرايزر - تشيز برجر,Burgerizzr - Cheeseburger,برجرايزر,Burgerizzr,Burgerizzr,RESTAURANT,مطاعم,برجر,,,KSA,KSA,,VERY_HIGH,P1,MISSING,,OFFICIAL_LOCAL_KCAL,Burgerizzr app (SFDA),,,,,,,,,,,,,NONE,HIGH,,,,,,,,,برجرايزر,Burgerizzr,السعرات متاحة رسميًا على قائمة الفرع/التطبيق (إلزام SFDA منذ ١ يوليو ٢٠٢٥). الماكروز غير منشورة — تبقى فارغة.
QGAP-00437,NEEDS_SOURCE,سعرات رسمية على قائمة الفرع/التطبيق (إلزام SFDA) — تُقرأ يدويًا؛ الماكروز غير منشورة,برجرايزر - مشروم سويس,Burgerizzr - Mushroom Swiss,برجرايزر,Burgerizzr,Burgerizzr,RESTAURANT,مطاعم,برجر,,,KSA,KSA,,VERY_HIGH,P1,MISSING,,OFFICIAL_LOCAL_KCAL,Burgerizzr app (SFDA),,,,,,,,,,,,,NONE,HIGH,,,,,,,,,برجرايزر,Burgerizzr,السعرات متاحة رسميًا على قائمة الفرع/التطبيق (إلزام SFDA منذ ١ يوليو ٢٠٢٥). الماكروز غير منشورة — تبقى فارغة.
QGAP-00438,NEEDS_SOURCE,سعرات رسمية على قائمة الفرع/التطبيق (إلزام SFDA) — تُقرأ يدويًا؛ الماكروز غير منشورة,برجرايزر - برجر حار,Burgerizzr - Spicy burger,برجرايزر,Burgerizzr,Burgerizzr,RESTAURANT,مطاعم,برجر,,,KSA,KSA,,VERY_HIGH,P1,MISSING,,OFFICIAL_LOCAL_KCAL,Burgerizzr app (SFDA),,,,,,,,,,,,,NONE,HIGH,,,,,,,,,برجرايزر,Burgerizzr,السعرات متاحة رسميًا على قائمة الفرع/التطبيق (إلزام SFDA منذ ١ يوليو ٢٠٢٥). الماكروز غير منشورة — تبقى فارغة.
QGAP-00439,NEEDS_SOURCE,سعرات رسمية على قائمة الفرع/التطبيق (إلزام SFDA) — تُقرأ يدويًا؛ الماكروز غير منشورة,برجرايزر - تشيكن ستربس,Burgerizzr - Chicken strips,برجرايزر,Burgerizzr,Burgerizzr,RESTAURANT,مطاعم,برجر,,,KSA,KSA,,VERY_HIGH,P1,MISSING,,OFFICIAL_LOCAL_KCAL,Burgerizzr app (SFDA),,,,,,,,,,,,,NONE,HIGH,,,,,,,,,برجرايزر,Burgerizzr,السعرات متاحة رسميًا على قائمة الفرع/التطبيق (إلزام SFDA منذ ١ يوليو ٢٠٢٥). الماكروز غير منشورة — تبقى فارغة.
QGAP-00441,NEEDS_SOURCE,سعرات رسمية على قائمة الفرع/التطبيق (إلزام SFDA) — تُقرأ يدويًا؛ الماكروز غير منشورة,برجرايزر - بطاطس كبيرة,Burgerizzr - Large fries,برجرايزر,Burgerizzr,Burgerizzr,RESTAURANT,مطاعم,برجر,,,KSA,KSA,,VERY_HIGH,P1,MISSING,,OFFICIAL_LOCAL_KCAL,Burgerizzr app (SFDA),,,,,,,,,,,,,NONE,HIGH,,,,,,,,,برجرايزر,Burgerizzr,السعرات متاحة رسميًا على قائمة الفرع/التطبيق (إلزام SFDA منذ ١ يوليو ٢٠٢٥). الماكروز غير منشورة — تبقى فارغة.
QGAP-00444,NEEDS_SOURCE,سعرات رسمية على قائمة الفرع/التطبيق (إلزام SFDA) — تُقرأ يدويًا؛ الماكروز غير منشورة,برجرايزر - صوص برجرايزر,Burgerizzr - Burgerizzr sauce,برجرايزر,Burgerizzr,Burgerizzr,RESTAURANT,مطاعم,برجر,,,KSA,KSA,,VERY_HIGH,P1,MISSING,,OFFICIAL_LOCAL_KCAL,Burgerizzr app (SFDA),,,,,,,,,,,,,NONE,HIGH,,,,,,,,,برجرايزر,Burgerizzr,السعرات متاحة رسميًا على قائمة الفرع/التطبيق (إلزام SFDA منذ ١ يوليو ٢٠٢٥). الماكروز غير منشورة — تبقى فارغة.
QGAP-00445,NEEDS_SOURCE,سعرات رسمية على قائمة الفرع/التطبيق (إلزام SFDA) — تُقرأ يدويًا؛ الماكروز غير منشورة,برجرايزر - وجبة كومبو,Burgerizzr - Combo meal,برجرايزر,Burgerizzr,Burgerizzr,RESTAURANT,مطاعم,برجر,,,KSA,KSA,,VERY_HIGH,P1,MISSING,,OFFICIAL_LOCAL_KCAL,Burgerizzr app (SFDA),,,,,,,,,,,,,NONE,HIGH,,,,,,,,,برجرايزر,Burgerizzr,السعرات متاحة رسميًا على قائمة الفرع/التطبيق (إلزام SFDA منذ ١ يوليو ٢٠٢٥). الماكروز غير منشورة — تبقى فارغة.
QGAP-00446,NEEDS_SOURCE,سعرات رسمية على قائمة الفرع/التطبيق (إلزام SFDA) — تُقرأ يدويًا؛ الماكروز غير منشورة,ماسترو بيتزا - بيتزا مارغريتا وسط,Maestro Pizza - Margherita medium,ماسترو بيتزا,Maestro Pizza,Maestro Pizza,RESTAURANT,مطاعم,بيتزا,,,KSA,KSA,,VERY_HIGH,P1,MISSING,,OFFICIAL_LOCAL_KCAL,Maestro Pizza app (SFDA),,,,,,,,,,,,,NONE,HIGH,,,,,,,,,ماسترو بيتزا,Maestro Pizza,السعرات متاحة رسميًا على قائمة الفرع/التطبيق (إلزام SFDA منذ ١ يوليو ٢٠٢٥). الماكروز غير منشورة — تبقى فارغة.
QGAP-00447,NEEDS_SOURCE,سعرات رسمية على قائمة الفرع/التطبيق (إلزام SFDA) — تُقرأ يدويًا؛ الماكروز غير منشورة,ماسترو بيتزا - بيتزا ببروني كبيرة,Maestro Pizza - Pepperoni large,ماسترو بيتزا,Maestro Pizza,Maestro Pizza,RESTAURANT,مطاعم,بيتزا,,,KSA,KSA,,VERY_HIGH,P1,MISSING,,OFFICIAL_LOCAL_KCAL,Maestro Pizza app (SFDA),,,,,,,,,,,,,NONE,HIGH,,,,,,,,,ماسترو بيتزا,Maestro Pizza,السعرات متاحة رسميًا على قائمة الفرع/التطبيق (إلزام SFDA منذ ١ يوليو ٢٠٢٥). الماكروز غير منشورة — تبقى فارغة.
QGAP-00448,NEEDS_SOURCE,سعرات رسمية على قائمة الفرع/التطبيق (إلزام SFDA) — تُقرأ يدويًا؛ الماكروز غير منشورة,ماسترو بيتزا - بيتزا دجاج رانش,Maestro Pizza - Chicken ranch pizza,ماسترو بيتزا,Maestro Pizza,Maestro Pizza,RESTAURANT,مطاعم,بيتزا,,,KSA,KSA,,VERY_HIGH,P1,MISSING,,OFFICIAL_LOCAL_KCAL,Maestro Pizza app (SFDA),,,,,,,,,,,,,NONE,HIGH,,,,,,,,,ماسترو بيتزا,Maestro Pizza,السعرات متاحة رسميًا على قائمة الفرع/التطبيق (إلزام SFDA منذ ١ يوليو ٢٠٢٥). الماكروز غير منشورة — تبقى فارغة.
QGAP-00449,NEEDS_SOURCE,سعرات رسمية على قائمة الفرع/التطبيق (إلزام SFDA) — تُقرأ يدويًا؛ الماكروز غير منشورة,ماسترو بيتزا - بيتزا سوبر سوبريم,Maestro Pizza - Super supreme pizza,ماسترو بيتزا,Maestro Pizza,Maestro Pizza,RESTAURANT,مطاعم,بيتزا,,,KSA,KSA,,VERY_HIGH,P1,MISSING,,OFFICIAL_LOCAL_KCAL,Maestro Pizza app (SFDA),,,,,,,,,,,,,NONE,HIGH,,,,,,,,,ماسترو بيتزا,Maestro Pizza,السعرات متاحة رسميًا على قائمة الفرع/التطبيق (إلزام SFDA منذ ١ يوليو ٢٠٢٥). الماكروز غير منشورة — تبقى فارغة.
QGAP-00450,NEEDS_SOURCE,سعرات رسمية على قائمة الفرع/التطبيق (إلزام SFDA) — تُقرأ يدويًا؛ الماكروز غير منشورة,ماسترو بيتزا - بيتزا خضار,Maestro Pizza - Veggie pizza,ماسترو بيتزا,Maestro Pizza,Maestro Pizza,RESTAURANT,مطاعم,بيتزا,,,KSA,KSA,,VERY_HIGH,P1,MISSING,,OFFICIAL_LOCAL_KCAL,Maestro Pizza app (SFDA),,,,,,,,,,,,,NONE,HIGH,,,,,,,,,ماسترو بيتزا,Maestro Pizza,السعرات متاحة رسميًا على قائمة الفرع/التطبيق (إلزام SFDA منذ ١ يوليو ٢٠٢٥). الماكروز غير منشورة — تبقى فارغة.
QGAP-00451,NEEDS_SOURCE,سعرات رسمية على قائمة الفرع/التطبيق (إلزام SFDA) — تُقرأ يدويًا؛ الماكروز غير منشورة,ماسترو بيتزا - بيتزا باربكيو دجاج,Maestro Pizza - BBQ chicken pizza,ماسترو بيتزا,Maestro Pizza,Maestro Pizza,RESTAURANT,مطاعم,بيتزا,,,KSA,KSA,,VERY_HIGH,P1,MISSING,,OFFICIAL_LOCAL_KCAL,Maestro Pizza app (SFDA),,,,,,,,,,,,,NONE,HIGH,,,,,,,,,ماسترو بيتزا,Maestro Pizza,السعرات متاحة رسميًا على قائمة الفرع/التطبيق (إلزام SFDA منذ ١ يوليو ٢٠٢٥). الماكروز غير منشورة — تبقى فارغة.
QGAP-00452,NEEDS_SOURCE,سعرات رسمية على قائمة الفرع/التطبيق (إلزام SFDA) — تُقرأ يدويًا؛ الماكروز غير منشورة,ماسترو بيتزا - بيتزا فور شيز,Maestro Pizza - Four cheese pizza,ماسترو بيتزا,Maestro Pizza,Maestro Pizza,RESTAURANT,مطاعم,بيتزا,,,KSA,KSA,,VERY_HIGH,P1,MISSING,,OFFICIAL_LOCAL_KCAL,Maestro Pizza app (SFDA),,,,,,,,,,,,,NONE,HIGH,,,,,,,,,ماسترو بيتزا,Maestro Pizza,السعرات متاحة رسميًا على قائمة الفرع/التطبيق (إلزام SFDA منذ ١ يوليو ٢٠٢٥). الماكروز غير منشورة — تبقى فارغة.
QGAP-00453,NEEDS_SOURCE,سعرات رسمية على قائمة الفرع/التطبيق (إلزام SFDA) — تُقرأ يدويًا؛ الماكروز غير منشورة,ماسترو بيتزا - عيدان الجبن,Maestro Pizza - Cheese sticks,ماسترو بيتزا,Maestro Pizza,Maestro Pizza,RESTAURANT,مطاعم,بيتزا,,,KSA,KSA,,VERY_HIGH,P1,MISSING,,OFFICIAL_LOCAL_KCAL,Maestro Pizza app (SFDA),,,,,,,,,,,,,NONE,HIGH,,,,,,,,,ماسترو بيتزا,Maestro Pizza,السعرات متاحة رسميًا على قائمة الفرع/التطبيق (إلزام SFDA منذ ١ يوليو ٢٠٢٥). الماكروز غير منشورة — تبقى فارغة.
QGAP-00454,NEEDS_SOURCE,سعرات رسمية على قائمة الفرع/التطبيق (إلزام SFDA) — تُقرأ يدويًا؛ الماكروز غير منشورة,ماسترو بيتزا - خبز بالثوم,Maestro Pizza - Garlic bread,ماسترو بيتزا,Maestro Pizza,Maestro Pizza,RESTAURANT,مطاعم,بيتزا,,,KSA,KSA,,VERY_HIGH,P1,MISSING,,OFFICIAL_LOCAL_KCAL,Maestro Pizza app (SFDA),,,,,,,,,,,,,NONE,HIGH,,,,,,,,,ماسترو بيتزا,Maestro Pizza,السعرات متاحة رسميًا على قائمة الفرع/التطبيق (إلزام SFDA منذ ١ يوليو ٢٠٢٥). الماكروز غير منشورة — تبقى فارغة.
QGAP-00455,NEEDS_SOURCE,سعرات رسمية على قائمة الفرع/التطبيق (إلزام SFDA) — تُقرأ يدويًا؛ الماكروز غير منشورة,ماسترو بيتزا - أجنحة دجاج حارة,Maestro Pizza - Spicy chicken wings,ماسترو بيتزا,Maestro Pizza,Maestro Pizza,RESTAURANT,مطاعم,بيتزا,,,KSA,KSA,,VERY_HIGH,P1,MISSING,,OFFICIAL_LOCAL_KCAL,Maestro Pizza app (SFDA),,,,,,,,,,,,,NONE,HIGH,,,,,,,,,ماسترو بيتزا,Maestro Pizza,السعرات متاحة رسميًا على قائمة الفرع/التطبيق (إلزام SFDA منذ ١ يوليو ٢٠٢٥). الماكروز غير منشورة — تبقى فارغة.
QGAP-00456,NEEDS_SOURCE,سعرات رسمية على قائمة الفرع/التطبيق (إلزام SFDA) — تُقرأ يدويًا؛ الماكروز غير منشورة,ماسترو بيتزا - بطاطس ودجز,Maestro Pizza - Potato wedges,ماسترو بيتزا,Maestro Pizza,Maestro Pizza,RESTAURANT,مطاعم,بيتزا,,,KSA,KSA,,VERY_HIGH,P1,MISSING,,OFFICIAL_LOCAL_KCAL,Maestro Pizza app (SFDA),,,,,,,,,,,,,NONE,HIGH,,,,,,,,,ماسترو بيتزا,Maestro Pizza,السعرات متاحة رسميًا على قائمة الفرع/التطبيق (إلزام SFDA منذ ١ يوليو ٢٠٢٥). الماكروز غير منشورة — تبقى فارغة.
QGAP-00457,NEEDS_SOURCE,سعرات رسمية على قائمة الفرع/التطبيق (إلزام SFDA) — تُقرأ يدويًا؛ الماكروز غير منشورة,ماسترو بيتزا - سلطة سيزر,Maestro Pizza - Caesar salad,ماسترو بيتزا,Maestro Pizza,Maestro Pizza,RESTAURANT,مطاعم,بيتزا,,,KSA,KSA,,VERY_HIGH,P1,MISSING,,OFFICIAL_LOCAL_KCAL,Maestro Pizza app (SFDA),,,,,,,,,,,,,NONE,HIGH,,,,,,,,,ماسترو بيتزا,Maestro Pizza,السعرات متاحة رسميًا على قائمة الفرع/التطبيق (إلزام SFDA منذ ١ يوليو ٢٠٢٥). الماكروز غير منشورة — تبقى فارغة.
QGAP-00458,NEEDS_SOURCE,سعرات رسمية على قائمة الفرع/التطبيق (إلزام SFDA) — تُقرأ يدويًا؛ الماكروز غير منشورة,ماسترو بيتزا - حلى لافا كيك,Maestro Pizza - Lava cake,ماسترو بيتزا,Maestro Pizza,Maestro Pizza,RESTAURANT,مطاعم,بيتزا,,,KSA,KSA,,VERY_HIGH,P1,MISSING,,OFFICIAL_LOCAL_KCAL,Maestro Pizza app (SFDA),,,,,,,,,,,,,NONE,HIGH,,,,,,,,,ماسترو بيتزا,Maestro Pizza,السعرات متاحة رسميًا على قائمة الفرع/التطبيق (إلزام SFDA منذ ١ يوليو ٢٠٢٥). الماكروز غير منشورة — تبقى فارغة.
QGAP-00459,NEEDS_SOURCE,سعرات رسمية على قائمة الفرع/التطبيق (إلزام SFDA) — تُقرأ يدويًا؛ الماكروز غير منشورة,ماسترو بيتزا - كولا,Maestro Pizza - Cola,ماسترو بيتزا,Maestro Pizza,Maestro Pizza,RESTAURANT,مطاعم,بيتزا,,,KSA,KSA,,VERY_HIGH,P1,MISSING,,OFFICIAL_LOCAL_KCAL,Maestro Pizza app (SFDA),,,,,,,,,,,,,NONE,HIGH,,,,,,,,,ماسترو بيتزا,Maestro Pizza,السعرات متاحة رسميًا على قائمة الفرع/التطبيق (إلزام SFDA منذ ١ يوليو ٢٠٢٥). الماكروز غير منشورة — تبقى فارغة.
QGAP-00460,NEEDS_SOURCE,سعرات رسمية على قائمة الفرع/التطبيق (إلزام SFDA) — تُقرأ يدويًا؛ الماكروز غير منشورة,ماسترو بيتزا - بيتزا كرست محشي,Maestro Pizza - Stuffed crust pizza,ماسترو بيتزا,Maestro Pizza,Maestro Pizza,RESTAURANT,مطاعم,بيتزا,,,KSA,KSA,,VERY_HIGH,P1,MISSING,,OFFICIAL_LOCAL_KCAL,Maestro Pizza app (SFDA),,,,,,,,,,,,,NONE,HIGH,,,,,,,,,ماسترو بيتزا,Maestro Pizza,السعرات متاحة رسميًا على قائمة الفرع/التطبيق (إلزام SFDA منذ ١ يوليو ٢٠٢٥). الماكروز غير منشورة — تبقى فارغة.
QGAP-00461,NEEDS_SOURCE,لم يُعثر على مصدر آلي — يحتاج جلبًا من المصنّع أو كتالوج التجزئة,ماكدونالدز - ماك رويال ديلوكس,McDonald's - McRoyale Deluxe,ماكدونالدز,McDonald's,McDonald's,RESTAURANT,مطاعم,برجر,,,KSA,KSA,,VERY_HIGH,P0,MISSING,,OFFICIAL_LOCAL,McDonald's Arabia nutrition (KSA),https://www.mcdonalds.com/content/dam/sites/ArabiaGWS/english/nfl/html/nutrition-info-jeddah-en-new.pdf,,,,,,,,,,,,NONE,HIGH,,,,,,,,,ماكدونالدز,McDonald's,
QGAP-00463,NEEDS_SOURCE,لم يُعثر على مصدر آلي — يحتاج جلبًا من المصنّع أو كتالوج التجزئة,ماكدونالدز - تشيكن ماك دو,McDonald's - Chicken McDo,ماكدونالدز,McDonald's,McDonald's,RESTAURANT,مطاعم,برجر,,,KSA,KSA,,VERY_HIGH,P0,MISSING,,OFFICIAL_LOCAL,McDonald's Arabia nutrition (KSA),https://www.mcdonalds.com/content/dam/sites/ArabiaGWS/english/nfl/html/nutrition-info-jeddah-en-new.pdf,,,,,,,,,,,,NONE,HIGH,,,,,,,,,ماكدونالدز,McDonald's,
QGAP-00464,NEEDS_SOURCE,لم يُعثر على مصدر آلي — يحتاج جلبًا من المصنّع أو كتالوج التجزئة,ماكدونالدز - ماك أرابيا دجاج,McDonald's - McArabia Chicken,ماكدونالدز,McDonald's,McDonald's,RESTAURANT,مطاعم,برجر,,,KSA,KSA,,VERY_HIGH,P0,MISSING,,OFFICIAL_LOCAL,McDonald's Arabia nutrition (KSA),https://www.mcdonalds.com/content/dam/sites/ArabiaGWS/english/nfl/html/nutrition-info-jeddah-en-new.pdf,,,,,,,,,,,,NONE,HIGH,,,,,,,,,ماكدونالدز,McDonald's,
QGAP-00465,NEEDS_SOURCE,لم يُعثر على مصدر آلي — يحتاج جلبًا من المصنّع أو كتالوج التجزئة,ماكدونالدز - ماك أرابيا كفتة,McDonald's - McArabia Kofta,ماكدونالدز,McDonald's,McDonald's,RESTAURANT,مطاعم,برجر,,,KSA,KSA,,VERY_HIGH,P0,MISSING,,OFFICIAL_LOCAL,McDonald's Arabia nutrition (KSA),https://www.mcdonalds.com/content/dam/sites/ArabiaGWS/english/nfl/html/nutrition-info-jeddah-en-new.pdf,,,,,,,,,,,,NONE,HIGH,,,,,,,,,ماكدونالدز,McDonald's,
QGAP-00466,NEEDS_SOURCE,لم يُعثر على مصدر آلي — يحتاج جلبًا من المصنّع أو كتالوج التجزئة,ماكدونالدز - جبن برجر,McDonald's - Cheeseburger,ماكدونالدز,McDonald's,McDonald's,RESTAURANT,مطاعم,برجر,,,KSA,KSA,,VERY_HIGH,P0,MISSING,,OFFICIAL_LOCAL,McDonald's Arabia nutrition (KSA),https://www.mcdonalds.com/content/dam/sites/ArabiaGWS/english/nfl/html/nutrition-info-jeddah-en-new.pdf,,,,,,,,,,,,NONE,HIGH,,,,,,,,,ماكدونالدز,McDonald's,
QGAP-00467,NEEDS_SOURCE,لم يُعثر على مصدر آلي — يحتاج جلبًا من المصنّع أو كتالوج التجزئة,ماكدونالدز - هامبرجر,McDonald's - Hamburger,ماكدونالدز,McDonald's,McDonald's,RESTAURANT,مطاعم,برجر,,,KSA,KSA,,VERY_HIGH,P0,MISSING,,OFFICIAL_LOCAL,McDonald's Arabia nutrition (KSA),https://www.mcdonalds.com/content/dam/sites/ArabiaGWS/english/nfl/html/nutrition-info-jeddah-en-new.pdf,,,,,,,,,,,,NONE,HIGH,,,,,,,,,ماكدونالدز,McDonald's,
QGAP-00468,NEEDS_SOURCE,لم يُعثر على مصدر آلي — يحتاج جلبًا من المصنّع أو كتالوج التجزئة,ماكدونالدز - ناجتس 9 قطع,McDonald's - McNuggets 9 pcs,ماكدونالدز,McDonald's,McDonald's,RESTAURANT,مطاعم,برجر,,,KSA,KSA,,VERY_HIGH,P0,MISSING,,OFFICIAL_LOCAL,McDonald's Arabia nutrition (KSA),https://www.mcdonalds.com/content/dam/sites/ArabiaGWS/english/nfl/html/nutrition-info-jeddah-en-new.pdf,,,,,,,,,,,,NONE,HIGH,,,,,,,,,ماكدونالدز,McDonald's,
QGAP-00469,NEEDS_SOURCE,لم يُعثر على مصدر آلي — يحتاج جلبًا من المصنّع أو كتالوج التجزئة,ماكدونالدز - ناجتس 20 قطعة,McDonald's - McNuggets 20 pcs,ماكدونالدز,McDonald's,McDonald's,RESTAURANT,مطاعم,برجر,,,KSA,KSA,,VERY_HIGH,P0,MISSING,,OFFICIAL_LOCAL,McDonald's Arabia nutrition (KSA),https://www.mcdonalds.com/content/dam/sites/ArabiaGWS/english/nfl/html/nutrition-info-jeddah-en-new.pdf,,,,,,,,,,,,NONE,HIGH,,,,,,,,,ماكدونالدز,McDonald's,
QGAP-00470,NEEDS_SOURCE,لم يُعثر على مصدر آلي — يحتاج جلبًا من المصنّع أو كتالوج التجزئة,ماكدونالدز - ماك فلوري أوريو,McDonald's - McFlurry Oreo,ماكدونالدز,McDonald's,McDonald's,RESTAURANT,مطاعم,برجر,,,KSA,KSA,,VERY_HIGH,P0,MISSING,,OFFICIAL_LOCAL,McDonald's Arabia nutrition (KSA),https://www.mcdonalds.com/content/dam/sites/ArabiaGWS/english/nfl/html/nutrition-info-jeddah-en-new.pdf,,,,,,,,,,,,NONE,HIGH,,,,,,,,,ماكدونالدز,McDonald's,
QGAP-00471,NEEDS_SOURCE,لم يُعثر على مصدر آلي — يحتاج جلبًا من المصنّع أو كتالوج التجزئة,ماكدونالدز - ساندويتش فطور مافن بالبيض,McDonald's - Egg McMuffin,ماكدونالدز,McDonald's,McDonald's,RESTAURANT,مطاعم,برجر,,,KSA,KSA,,VERY_HIGH,P0,MISSING,,OFFICIAL_LOCAL,McDonald's Arabia nutrition (KSA),https://www.mcdonalds.com/content/dam/sites/ArabiaGWS/english/nfl/html/nutrition-info-jeddah-en-new.pdf,,,,,,,,,,,,NONE,HIGH,,,,,,,,,ماكدونالدز,McDonald's,
QGAP-00472,NEEDS_SOURCE,لم يُعثر على مصدر آلي — يحتاج جلبًا من المصنّع أو كتالوج التجزئة,ماكدونالدز - هوت كيك,McDonald's - Hotcakes,ماكدونالدز,McDonald's,McDonald's,RESTAURANT,مطاعم,برجر,,,KSA,KSA,,VERY_HIGH,P0,MISSING,,OFFICIAL_LOCAL,McDonald's Arabia nutrition (KSA),https://www.mcdonalds.com/content/dam/sites/ArabiaGWS/english/nfl/html/nutrition-info-jeddah-en-new.pdf,,,,,,,,,,,,NONE,HIGH,,,,,,,,,ماكدونالدز,McDonald's,
QGAP-00473,NEEDS_SOURCE,لم يُعثر على مصدر آلي — يحتاج جلبًا من المصنّع أو كتالوج التجزئة,ماكدونالدز - هاش براون,McDonald's - Hash brown,ماكدونالدز,McDonald's,McDonald's,RESTAURANT,مطاعم,برجر,,,KSA,KSA,,VERY_HIGH,P0,MISSING,,OFFICIAL_LOCAL,McDonald's Arabia nutrition (KSA),https://www.mcdonalds.com/content/dam/sites/ArabiaGWS/english/nfl/html/nutrition-info-jeddah-en-new.pdf,,,,,,,,,,,,NONE,HIGH,,,,,,,,,ماكدونالدز,McDonald's,
QGAP-00474,NEEDS_SOURCE,لم يُعثر على مصدر آلي — يحتاج جلبًا من المصنّع أو كتالوج التجزئة,ماكدونالدز - ماك شيكن سبايسي,McDonald's - Spicy McChicken,ماكدونالدز,McDonald's,McDonald's,RESTAURANT,مطاعم,برجر,,,KSA,KSA,,VERY_HIGH,P0,MISSING,,OFFICIAL_LOCAL,McDonald's Arabia nutrition (KSA),https://www.mcdonalds.com/content/dam/sites/ArabiaGWS/english/nfl/html/nutrition-info-jeddah-en-new.pdf,,,,,,,,,,,,NONE,HIGH,,,,,,,,,ماكدونالدز,McDonald's,
QGAP-00475,NEEDS_SOURCE,لم يُعثر على مصدر آلي — يحتاج جلبًا من المصنّع أو كتالوج التجزئة,ماكدونالدز - سلطة دجاج مشوي,McDonald's - Grilled chicken salad,ماكدونالدز,McDonald's,McDonald's,RESTAURANT,مطاعم,برجر,,,KSA,KSA,,VERY_HIGH,P0,MISSING,,OFFICIAL_LOCAL,McDonald's Arabia nutrition (KSA),https://www.mcdonalds.com/content/dam/sites/ArabiaGWS/english/nfl/html/nutrition-info-jeddah-en-new.pdf,,,,,,,,,,,,NONE,HIGH,,,,,,,,,ماكدونالدز,McDonald's,
QGAP-00476,NEEDS_SOURCE,لم يُعثر على مصدر آلي — يحتاج جلبًا من المصنّع أو كتالوج التجزئة,ماكدونالدز - آيس كريم كون,McDonald's - Ice cream cone,ماكدونالدز,McDonald's,McDonald's,RESTAURANT,مطاعم,برجر,,,KSA,KSA,,VERY_HIGH,P0,MISSING,,OFFICIAL_LOCAL,McDonald's Arabia nutrition (KSA),https://www.mcdonalds.com/content/dam/sites/ArabiaGWS/english/nfl/html/nutrition-info-jeddah-en-new.pdf,,,,,,,,,,,,NONE,HIGH,,,,,,,,,ماكدونالدز,McDonald's,
QGAP-00477,NEEDS_SOURCE,لم يُعثر على مصدر آلي — يحتاج جلبًا من المصنّع أو كتالوج التجزئة,ماكدونالدز - ميلك شيك فراولة,McDonald's - Strawberry milkshake,ماكدونالدز,McDonald's,McDonald's,RESTAURANT,مطاعم,برجر,,,KSA,KSA,,VERY_HIGH,P0,MISSING,,OFFICIAL_LOCAL,McDonald's Arabia nutrition (KSA),https://www.mcdonalds.com/content/dam/sites/ArabiaGWS/english/nfl/html/nutrition-info-jeddah-en-new.pdf,,,,,,,,,,,,NONE,HIGH,,,,,,,,,ماكدونالدز,McDonald's,
QGAP-00478,NEEDS_SOURCE,لم يُعثر على مصدر آلي — يحتاج جلبًا من المصنّع أو كتالوج التجزئة,ماكدونالدز - قهوة ماك كافيه لاتيه,McDonald's - McCafé Latte,ماكدونالدز,McDonald's,McDonald's,RESTAURANT,مطاعم,برجر,,,KSA,KSA,,VERY_HIGH,P0,MISSING,,OFFICIAL_LOCAL,McDonald's Arabia nutrition (KSA),https://www.mcdonalds.com/content/dam/sites/ArabiaGWS/english/nfl/html/nutrition-info-jeddah-en-new.pdf,,,,,,,,,,,,NONE,HIGH,,,,,,,,,ماكدونالدز,McDonald's,
QGAP-00479,NEEDS_SOURCE,لم يُعثر على مصدر آلي — يحتاج جلبًا من المصنّع أو كتالوج التجزئة,ماكدونالدز - فرابيه كراميل,McDonald's - Caramel Frappé,ماكدونالدز,McDonald's,McDonald's,RESTAURANT,مطاعم,برجر,,,KSA,KSA,,VERY_HIGH,P0,MISSING,,OFFICIAL_LOCAL,McDonald's Arabia nutrition (KSA),https://www.mcdonalds.com/content/dam/sites/ArabiaGWS/english/nfl/html/nutrition-info-jeddah-en-new.pdf,,,,,,,,,,,,NONE,HIGH,,,,,,,,,ماكدونالدز,McDonald's,
QGAP-00480,NEEDS_SOURCE,لم يُعثر على مصدر آلي — يحتاج جلبًا من المصنّع أو كتالوج التجزئة,ماكدونالدز - باي التفاح,McDonald's - Apple pie,ماكدونالدز,McDonald's,McDonald's,RESTAURANT,مطاعم,برجر,,,KSA,KSA,,VERY_HIGH,P0,MISSING,,OFFICIAL_LOCAL,McDonald's Arabia nutrition (KSA),https://www.mcdonalds.com/content/dam/sites/ArabiaGWS/english/nfl/html/nutrition-info-jeddah-en-new.pdf,,,,,,,,,,,,NONE,HIGH,,,,,,,,,ماكدونالدز,McDonald's,
QGAP-00481,NEEDS_SOURCE,لم يُعثر على مصدر آلي — يحتاج جلبًا من المصنّع أو كتالوج التجزئة,ماكدونالدز - وجبة هابي ميل,McDonald's - Happy Meal,ماكدونالدز,McDonald's,McDonald's,RESTAURANT,مطاعم,برجر,,,KSA,KSA,,VERY_HIGH,P0,MISSING,,OFFICIAL_LOCAL,McDonald's Arabia nutrition (KSA),https://www.mcdonalds.com/content/dam/sites/ArabiaGWS/english/nfl/html/nutrition-info-jeddah-en-new.pdf,,,,,,,,,,,,NONE,HIGH,,,,,,,,,ماكدونالدز,McDonald's,
QGAP-00482,NEEDS_SOURCE,لم يُعثر على مصدر آلي — يحتاج جلبًا من المصنّع أو كتالوج التجزئة,ماكدونالدز - ماك ريب,McDonald's - McRib,ماكدونالدز,McDonald's,McDonald's,RESTAURANT,مطاعم,برجر,,,KSA,KSA,,VERY_HIGH,P0,MISSING,,OFFICIAL_LOCAL,McDonald's Arabia nutrition (KSA),https://www.mcdonalds.com/content/dam/sites/ArabiaGWS/english/nfl/html/nutrition-info-jeddah-en-new.pdf,,,,,,,,,,,,NONE,HIGH,,,,,,,,,ماكدونالدز,McDonald's,
QGAP-00485,NEEDS_SOURCE,سعرات رسمية على قائمة الفرع/التطبيق (إلزام SFDA) — تُقرأ يدويًا؛ الماكروز غير منشورة,برجر كنج - تشيكن كرسبي,Burger King - Crispy chicken,برجر كنج,Burger King,Burger King,RESTAURANT,مطاعم,برجر,,,KSA,KSA,,VERY_HIGH,P1,MISSING,,OFFICIAL_LOCAL_KCAL,Burger King KSA menu (SFDA),,,,,,,,,,,,,NONE,HIGH,,,,,,,,,برجر كنج,Burger King,السعرات متاحة رسميًا على قائمة الفرع/التطبيق (إلزام SFDA منذ ١ يوليو ٢٠٢٥). الماكروز غير منشورة — تبقى فارغة.
QGAP-00486,NEEDS_SOURCE,سعرات رسمية على قائمة الفرع/التطبيق (إلزام SFDA) — تُقرأ يدويًا؛ الماكروز غير منشورة,برجر كنج - ستيك هاوس برجر,Burger King - Steakhouse burger,برجر كنج,Burger King,Burger King,RESTAURANT,مطاعم,برجر,,,KSA,KSA,,VERY_HIGH,P1,MISSING,,OFFICIAL_LOCAL_KCAL,Burger King KSA menu (SFDA),,,,,,,,,,,,,NONE,HIGH,,,,,,,,,برجر كنج,Burger King,السعرات متاحة رسميًا على قائمة الفرع/التطبيق (إلزام SFDA منذ ١ يوليو ٢٠٢٥). الماكروز غير منشورة — تبقى فارغة.
QGAP-00487,NEEDS_SOURCE,سعرات رسمية على قائمة الفرع/التطبيق (إلزام SFDA) — تُقرأ يدويًا؛ الماكروز غير منشورة,برجر كنج - كينج دبل تشيز,Burger King - King double cheese,برجر كنج,Burger King,Burger King,RESTAURANT,مطاعم,برجر,,,KSA,KSA,,VERY_HIGH,P1,MISSING,,OFFICIAL_LOCAL_KCAL,Burger King KSA menu (SFDA),,,,,,,,,,,,,NONE,HIGH,,,,,,,,,برجر كنج,Burger King,السعرات متاحة رسميًا على قائمة الفرع/التطبيق (إلزام SFDA منذ ١ يوليو ٢٠٢٥). الماكروز غير منشورة — تبقى فارغة.
QGAP-00488,NEEDS_SOURCE,سعرات رسمية على قائمة الفرع/التطبيق (إلزام SFDA) — تُقرأ يدويًا؛ الماكروز غير منشورة,برجر كنج - ناجتس 10 قطع,Burger King - Nuggets 10 pcs,برجر كنج,Burger King,Burger King,RESTAURANT,مطاعم,برجر,,,KSA,KSA,,VERY_HIGH,P1,MISSING,,OFFICIAL_LOCAL_KCAL,Burger King KSA menu (SFDA),,,,,,,,,,,,,NONE,HIGH,,,,,,,,,برجر كنج,Burger King,السعرات متاحة رسميًا على قائمة الفرع/التطبيق (إلزام SFDA منذ ١ يوليو ٢٠٢٥). الماكروز غير منشورة — تبقى فارغة.
QGAP-00489,NEEDS_SOURCE,سعرات رسمية على قائمة الفرع/التطبيق (إلزام SFDA) — تُقرأ يدويًا؛ الماكروز غير منشورة,برجر كنج - بطاطس كبيرة,Burger King - Large fries,برجر كنج,Burger King,Burger King,RESTAURANT,مطاعم,برجر,,,KSA,KSA,,VERY_HIGH,P1,MISSING,,OFFICIAL_LOCAL_KCAL,Burger King KSA menu (SFDA),,,,,,,,,,,,,NONE,HIGH,,,,,,,,,برجر كنج,Burger King,السعرات متاحة رسميًا على قائمة الفرع/التطبيق (إلزام SFDA منذ ١ يوليو ٢٠٢٥). الماكروز غير منشورة — تبقى فارغة.
QGAP-00491,NEEDS_SOURCE,سعرات رسمية على قائمة الفرع/التطبيق (إلزام SFDA) — تُقرأ يدويًا؛ الماكروز غير منشورة,برجر كنج - ساندويتش سمك,Burger King - Fish sandwich,برجر كنج,Burger King,Burger King,RESTAURANT,مطاعم,برجر,,,KSA,KSA,,VERY_HIGH,P1,MISSING,,OFFICIAL_LOCAL_KCAL,Burger King KSA menu (SFDA),,,,,,,,,,,,,NONE,HIGH,,,,,,,,,برجر كنج,Burger King,السعرات متاحة رسميًا على قائمة الفرع/التطبيق (إلزام SFDA منذ ١ يوليو ٢٠٢٥). الماكروز غير منشورة — تبقى فارغة.
QGAP-00492,NEEDS_SOURCE,سعرات رسمية على قائمة الفرع/التطبيق (إلزام SFDA) — تُقرأ يدويًا؛ الماكروز غير منشورة,برجر كنج - صنداي شوكولاتة,Burger King - Chocolate sundae,برجر كنج,Burger King,Burger King,RESTAURANT,مطاعم,برجر,,,KSA,KSA,,VERY_HIGH,P1,MISSING,,OFFICIAL_LOCAL_KCAL,Burger King KSA menu (SFDA),,,,,,,,,,,,,NONE,HIGH,,,,,,,,,برجر كنج,Burger King,السعرات متاحة رسميًا على قائمة الفرع/التطبيق (إلزام SFDA منذ ١ يوليو ٢٠٢٥). الماكروز غير منشورة — تبقى فارغة.
QGAP-00494,NEEDS_SOURCE,سعرات رسمية على قائمة الفرع/التطبيق (إلزام SFDA) — تُقرأ يدويًا؛ الماكروز غير منشورة,برجر كنج - فطور كروسان ويتش,Burger King - Croissan wich breakfast,برجر كنج,Burger King,Burger King,RESTAURANT,مطاعم,برجر,,,KSA,KSA,,VERY_HIGH,P1,MISSING,,OFFICIAL_LOCAL_KCAL,Burger King KSA menu (SFDA),,,,,,,,,,,,,NONE,HIGH,,,,,,,,,برجر كنج,Burger King,السعرات متاحة رسميًا على قائمة الفرع/التطبيق (إلزام SFDA منذ ١ يوليو ٢٠٢٥). الماكروز غير منشورة — تبقى فارغة.
QGAP-00495,NEEDS_SOURCE,سعرات رسمية على قائمة الفرع/التطبيق (إلزام SFDA) — تُقرأ يدويًا؛ الماكروز غير منشورة,برجر كنج - وجبة أطفال,Burger King - Kids meal,برجر كنج,Burger King,Burger King,RESTAURANT,مطاعم,برجر,,,KSA,KSA,,VERY_HIGH,P1,MISSING,,OFFICIAL_LOCAL_KCAL,Burger King KSA menu (SFDA),,,,,,,,,,,,,NONE,HIGH,,,,,,,,,برجر كنج,Burger King,السعرات متاحة رسميًا على قائمة الفرع/التطبيق (إلزام SFDA منذ ١ يوليو ٢٠٢٥). الماكروز غير منشورة — تبقى فارغة.
QGAP-00496,NEEDS_SOURCE,سعرات رسمية على قائمة الفرع/التطبيق (إلزام SFDA) — تُقرأ يدويًا؛ الماكروز غير منشورة,برجر كنج - أجنحة دجاج,Burger King - Chicken wings,برجر كنج,Burger King,Burger King,RESTAURANT,مطاعم,برجر,,,KSA,KSA,,VERY_HIGH,P1,MISSING,,OFFICIAL_LOCAL_KCAL,Burger King KSA menu (SFDA),,,,,,,,,,,,,NONE,HIGH,,,,,,,,,برجر كنج,Burger King,السعرات متاحة رسميًا على قائمة الفرع/التطبيق (إلزام SFDA منذ ١ يوليو ٢٠٢٥). الماكروز غير منشورة — تبقى فارغة.
QGAP-00497,NEEDS_SOURCE,سعرات رسمية على قائمة الفرع/التطبيق (إلزام SFDA) — تُقرأ يدويًا؛ الماكروز غير منشورة,برجر كنج - برجر نباتي,Burger King - Veggie burger,برجر كنج,Burger King,Burger King,RESTAURANT,مطاعم,برجر,,,KSA,KSA,,VERY_HIGH,P1,MISSING,,OFFICIAL_LOCAL_KCAL,Burger King KSA menu (SFDA),,,,,,,,,,,,,NONE,HIGH,,,,,,,,,برجر كنج,Burger King,السعرات متاحة رسميًا على قائمة الفرع/التطبيق (إلزام SFDA منذ ١ يوليو ٢٠٢٥). الماكروز غير منشورة — تبقى فارغة.
QGAP-00498,NEEDS_SOURCE,سعرات رسمية على قائمة الفرع/التطبيق (إلزام SFDA) — تُقرأ يدويًا؛ الماكروز غير منشورة,كنتاكي - دجاج مقرمش 3 قطع,KFC - Crispy chicken 3 pcs,كنتاكي,KFC,KFC,RESTAURANT,مطاعم,دجاج مقلي,,,KSA,KSA,,VERY_HIGH,P0,MISSING,,OFFICIAL_LOCAL_KCAL,KFC Arabia app (SFDA),,,,,,,,,,,,,NONE,HIGH,,,,,,,,,كنتاكي,KFC,السعرات متاحة رسميًا على قائمة الفرع/التطبيق (إلزام SFDA منذ ١ يوليو ٢٠٢٥). الماكروز غير منشورة — تبقى فارغة.
QGAP-00499,NEEDS_SOURCE,سعرات رسمية على قائمة الفرع/التطبيق (إلزام SFDA) — تُقرأ يدويًا؛ الماكروز غير منشورة,كنتاكي - دلو دجاج 8 قطع,KFC - Bucket 8 pcs,كنتاكي,KFC,KFC,RESTAURANT,مطاعم,دجاج مقلي,,,KSA,KSA,,VERY_HIGH,P0,MISSING,,OFFICIAL_LOCAL_KCAL,KFC Arabia app (SFDA),,,,,,,,,,,,,NONE,HIGH,,,,,,,,,كنتاكي,KFC,السعرات متاحة رسميًا على قائمة الفرع/التطبيق (إلزام SFDA منذ ١ يوليو ٢٠٢٥). الماكروز غير منشورة — تبقى فارغة.
QGAP-00500,NEEDS_SOURCE,سعرات رسمية على قائمة الفرع/التطبيق (إلزام SFDA) — تُقرأ يدويًا؛ الماكروز غير منشورة,كنتاكي - دلو دجاج 12 قطعة,KFC - Bucket 12 pcs,كنتاكي,KFC,KFC,RESTAURANT,مطاعم,دجاج مقلي,,,KSA,KSA,,VERY_HIGH,P0,MISSING,,OFFICIAL_LOCAL_KCAL,KFC Arabia app (SFDA),,,,,,,,,,,,,NONE,HIGH,,,,,,,,,كنتاكي,KFC,السعرات متاحة رسميًا على قائمة الفرع/التطبيق (إلزام SFDA منذ ١ يوليو ٢٠٢٥). الماكروز غير منشورة — تبقى فارغة.
QGAP-00501,NEEDS_SOURCE,سعرات رسمية على قائمة الفرع/التطبيق (إلزام SFDA) — تُقرأ يدويًا؛ الماكروز غير منشورة,كنتاكي - زنجر سوبريم,KFC - Zinger Supreme,كنتاكي,KFC,KFC,RESTAURANT,مطاعم,دجاج مقلي,,,KSA,KSA,,VERY_HIGH,P0,MISSING,,OFFICIAL_LOCAL_KCAL,KFC Arabia app (SFDA),,,,,,,,,,,,,NONE,HIGH,,,,,,,,,كنتاكي,KFC,السعرات متاحة رسميًا على قائمة الفرع/التطبيق (إلزام SFDA منذ ١ يوليو ٢٠٢٥). الماكروز غير منشورة — تبقى فارغة.
QGAP-00502,NEEDS_SOURCE,سعرات رسمية على قائمة الفرع/التطبيق (إلزام SFDA) — تُقرأ يدويًا؛ الماكروز غير منشورة,كنتاكي - دبل زنجر,KFC - Double Zinger,كنتاكي,KFC,KFC,RESTAURANT,مطاعم,دجاج مقلي,,,KSA,KSA,,VERY_HIGH,P0,MISSING,,OFFICIAL_LOCAL_KCAL,KFC Arabia app (SFDA),,,,,,,,,,,,,NONE,HIGH,,,,,,,,,كنتاكي,KFC,السعرات متاحة رسميًا على قائمة الفرع/التطبيق (إلزام SFDA منذ ١ يوليو ٢٠٢٥). الماكروز غير منشورة — تبقى فارغة.
QGAP-00503,NEEDS_SOURCE,سعرات رسمية على قائمة الفرع/التطبيق (إلزام SFDA) — تُقرأ يدويًا؛ الماكروز غير منشورة,كنتاكي - رايس بوكس دجاج,KFC - Chicken rice box,كنتاكي,KFC,KFC,RESTAURANT,مطاعم,دجاج مقلي,,,KSA,KSA,,VERY_HIGH,P0,MISSING,,OFFICIAL_LOCAL_KCAL,KFC Arabia app (SFDA),,,,,,,,,,,,,NONE,HIGH,,,,,,,,,كنتاكي,KFC,السعرات متاحة رسميًا على قائمة الفرع/التطبيق (إلزام SFDA منذ ١ يوليو ٢٠٢٥). الماكروز غير منشورة — تبقى فارغة.
QGAP-00504,NEEDS_SOURCE,سعرات رسمية على قائمة الفرع/التطبيق (إلزام SFDA) — تُقرأ يدويًا؛ الماكروز غير منشورة,كنتاكي - فيلي برجر,KFC - Fillet burger,كنتاكي,KFC,KFC,RESTAURANT,مطاعم,دجاج مقلي,,,KSA,KSA,,VERY_HIGH,P0,MISSING,,OFFICIAL_LOCAL_KCAL,KFC Arabia app (SFDA),,,,,,,,,,,,,NONE,HIGH,,,,,,,,,كنتاكي,KFC,السعرات متاحة رسميًا على قائمة الفرع/التطبيق (إلزام SFDA منذ ١ يوليو ٢٠٢٥). الماكروز غير منشورة — تبقى فارغة.
QGAP-00505,NEEDS_SOURCE,سعرات رسمية على قائمة الفرع/التطبيق (إلزام SFDA) — تُقرأ يدويًا؛ الماكروز غير منشورة,كنتاكي - ستربس دجاج 5 قطع,KFC - Chicken strips 5 pcs,كنتاكي,KFC,KFC,RESTAURANT,مطاعم,دجاج مقلي,,,KSA,KSA,,VERY_HIGH,P0,MISSING,,OFFICIAL_LOCAL_KCAL,KFC Arabia app (SFDA),,,,,,,,,,,,,NONE,HIGH,,,,,,,,,كنتاكي,KFC,السعرات متاحة رسميًا على قائمة الفرع/التطبيق (إلزام SFDA منذ ١ يوليو ٢٠٢٥). الماكروز غير منشورة — تبقى فارغة.
QGAP-00506,NEEDS_SOURCE,سعرات رسمية على قائمة الفرع/التطبيق (إلزام SFDA) — تُقرأ يدويًا؛ الماكروز غير منشورة,كنتاكي - بوب كورن دجاج,KFC - Popcorn chicken,كنتاكي,KFC,KFC,RESTAURANT,مطاعم,دجاج مقلي,,,KSA,KSA,,VERY_HIGH,P0,MISSING,,OFFICIAL_LOCAL_KCAL,KFC Arabia app (SFDA),,,,,,,,,,,,,NONE,HIGH,,,,,,,,,كنتاكي,KFC,السعرات متاحة رسميًا على قائمة الفرع/التطبيق (إلزام SFDA منذ ١ يوليو ٢٠٢٥). الماكروز غير منشورة — تبقى فارغة.
QGAP-00507,NEEDS_SOURCE,سعرات رسمية على قائمة الفرع/التطبيق (إلزام SFDA) — تُقرأ يدويًا؛ الماكروز غير منشورة,كنتاكي - بطاطس كبيرة,KFC - Large fries,كنتاكي,KFC,KFC,RESTAURANT,مطاعم,دجاج مقلي,,,KSA,KSA,,VERY_HIGH,P0,MISSING,,OFFICIAL_LOCAL_KCAL,KFC Arabia app (SFDA),,,,,,,,,,,,,NONE,HIGH,,,,,,,,,كنتاكي,KFC,السعرات متاحة رسميًا على قائمة الفرع/التطبيق (إلزام SFDA منذ ١ يوليو ٢٠٢٥). الماكروز غير منشورة — تبقى فارغة.
QGAP-00508,NEEDS_SOURCE,سعرات رسمية على قائمة الفرع/التطبيق (إلزام SFDA) — تُقرأ يدويًا؛ الماكروز غير منشورة,كنتاكي - كول سلو,KFC - Coleslaw,كنتاكي,KFC,KFC,RESTAURANT,مطاعم,دجاج مقلي,,,KSA,KSA,,VERY_HIGH,P0,MISSING,,OFFICIAL_LOCAL_KCAL,KFC Arabia app (SFDA),,,,,,,,,,,,,NONE,HIGH,,,,,,,,,كنتاكي,KFC,السعرات متاحة رسميًا على قائمة الفرع/التطبيق (إلزام SFDA منذ ١ يوليو ٢٠٢٥). الماكروز غير منشورة — تبقى فارغة.
QGAP-00509,NEEDS_SOURCE,سعرات رسمية على قائمة الفرع/التطبيق (إلزام SFDA) — تُقرأ يدويًا؛ الماكروز غير منشورة,كنتاكي - خبز الثوم,KFC - Garlic bread,كنتاكي,KFC,KFC,RESTAURANT,مطاعم,دجاج مقلي,,,KSA,KSA,,VERY_HIGH,P0,MISSING,,OFFICIAL_LOCAL_KCAL,KFC Arabia app (SFDA),,,,,,,,,,,,,NONE,HIGH,,,,,,,,,كنتاكي,KFC,السعرات متاحة رسميًا على قائمة الفرع/التطبيق (إلزام SFDA منذ ١ يوليو ٢٠٢٥). الماكروز غير منشورة — تبقى فارغة.
QGAP-00510,NEEDS_SOURCE,سعرات رسمية على قائمة الفرع/التطبيق (إلزام SFDA) — تُقرأ يدويًا؛ الماكروز غير منشورة,كنتاكي - أجنحة حارة 6 قطع,KFC - Hot wings 6 pcs,كنتاكي,KFC,KFC,RESTAURANT,مطاعم,دجاج مقلي,,,KSA,KSA,,VERY_HIGH,P0,MISSING,,OFFICIAL_LOCAL_KCAL,KFC Arabia app (SFDA),,,,,,,,,,,,,NONE,HIGH,,,,,,,,,كنتاكي,KFC,السعرات متاحة رسميًا على قائمة الفرع/التطبيق (إلزام SFDA منذ ١ يوليو ٢٠٢٥). الماكروز غير منشورة — تبقى فارغة.
QGAP-00511,NEEDS_SOURCE,سعرات رسمية على قائمة الفرع/التطبيق (إلزام SFDA) — تُقرأ يدويًا؛ الماكروز غير منشورة,كنتاكي - سلطة,KFC - Salad,كنتاكي,KFC,KFC,RESTAURANT,مطاعم,دجاج مقلي,,,KSA,KSA,,VERY_HIGH,P0,MISSING,,OFFICIAL_LOCAL_KCAL,KFC Arabia app (SFDA),,,,,,,,,,,,,NONE,HIGH,,,,,,,,,كنتاكي,KFC,السعرات متاحة رسميًا على قائمة الفرع/التطبيق (إلزام SFDA منذ ١ يوليو ٢٠٢٥). الماكروز غير منشورة — تبقى فارغة.
QGAP-00512,NEEDS_SOURCE,سعرات رسمية على قائمة الفرع/التطبيق (إلزام SFDA) — تُقرأ يدويًا؛ الماكروز غير منشورة,كنتاكي - كريمي شيك,KFC - Creamy shake,كنتاكي,KFC,KFC,RESTAURANT,مطاعم,دجاج مقلي,,,KSA,KSA,,VERY_HIGH,P0,MISSING,,OFFICIAL_LOCAL_KCAL,KFC Arabia app (SFDA),,,,,,,,,,,,,NONE,HIGH,,,,,,,,,كنتاكي,KFC,السعرات متاحة رسميًا على قائمة الفرع/التطبيق (إلزام SFDA منذ ١ يوليو ٢٠٢٥). الماكروز غير منشورة — تبقى فارغة.
QGAP-00513,NEEDS_SOURCE,سعرات رسمية على قائمة الفرع/التطبيق (إلزام SFDA) — تُقرأ يدويًا؛ الماكروز غير منشورة,كنتاكي - وجبة دجاج بالرز,KFC - Chicken with rice meal,كنتاكي,KFC,KFC,RESTAURANT,مطاعم,دجاج مقلي,,,KSA,KSA,,VERY_HIGH,P0,MISSING,,OFFICIAL_LOCAL_KCAL,KFC Arabia app (SFDA),,,,,,,,,,,,,NONE,HIGH,,,,,,,,,كنتاكي,KFC,السعرات متاحة رسميًا على قائمة الفرع/التطبيق (إلزام SFDA منذ ١ يوليو ٢٠٢٥). الماكروز غير منشورة — تبقى فارغة.
QGAP-00514,NEEDS_SOURCE,سعرات رسمية على قائمة الفرع/التطبيق (إلزام SFDA) — تُقرأ يدويًا؛ الماكروز غير منشورة,كنتاكي - ميني فيليه,KFC - Mini fillet,كنتاكي,KFC,KFC,RESTAURANT,مطاعم,دجاج مقلي,,,KSA,KSA,,VERY_HIGH,P0,MISSING,,OFFICIAL_LOCAL_KCAL,KFC Arabia app (SFDA),,,,,,,,,,,,,NONE,HIGH,,,,,,,,,كنتاكي,KFC,السعرات متاحة رسميًا على قائمة الفرع/التطبيق (إلزام SFDA منذ ١ يوليو ٢٠٢٥). الماكروز غير منشورة — تبقى فارغة.
QGAP-00515,NEEDS_SOURCE,سعرات رسمية على قائمة الفرع/التطبيق (إلزام SFDA) — تُقرأ يدويًا؛ الماكروز غير منشورة,كنتاكي - دجاج مشوي,KFC - Grilled chicken,كنتاكي,KFC,KFC,RESTAURANT,مطاعم,دجاج مقلي,,,KSA,KSA,,VERY_HIGH,P0,MISSING,,OFFICIAL_LOCAL_KCAL,KFC Arabia app (SFDA),,,,,,,,,,,,,NONE,HIGH,,,,,,,,,كنتاكي,KFC,السعرات متاحة رسميًا على قائمة الفرع/التطبيق (إلزام SFDA منذ ١ يوليو ٢٠٢٥). الماكروز غير منشورة — تبقى فارغة.
QGAP-00516,NEEDS_SOURCE,سعرات رسمية على قائمة الفرع/التطبيق (إلزام SFDA) — تُقرأ يدويًا؛ الماكروز غير منشورة,كنتاكي - صوص,KFC - Sauce,كنتاكي,KFC,KFC,RESTAURANT,مطاعم,دجاج مقلي,,,KSA,KSA,,VERY_HIGH,P0,MISSING,,OFFICIAL_LOCAL_KCAL,KFC Arabia app (SFDA),,,,,,,,,,,,,NONE,HIGH,,,,,,,,,كنتاكي,KFC,السعرات متاحة رسميًا على قائمة الفرع/التطبيق (إلزام SFDA منذ ١ يوليو ٢٠٢٥). الماكروز غير منشورة — تبقى فارغة.
QGAP-00517,NEEDS_SOURCE,سعرات رسمية على قائمة الفرع/التطبيق (إلزام SFDA) — تُقرأ يدويًا؛ الماكروز غير منشورة,هارديز - مشروم أند سويس,Hardee's - Mushroom and Swiss,هارديز,Hardee's,Hardee's,RESTAURANT,مطاعم,برجر,,,KSA,KSA,,VERY_HIGH,P1,MISSING,,OFFICIAL_LOCAL_KCAL,Hardee's Arabia menu (SFDA),,,,,,,,,,,,,NONE,HIGH,,,,,,,,,هارديز,Hardee's,السعرات متاحة رسميًا على قائمة الفرع/التطبيق (إلزام SFDA منذ ١ يوليو ٢٠٢٥). الماكروز غير منشورة — تبقى فارغة.
QGAP-00518,NEEDS_SOURCE,سعرات رسمية على قائمة الفرع/التطبيق (إلزام SFDA) — تُقرأ يدويًا؛ الماكروز غير منشورة,هارديز - سوبر ستار,Hardee's - Super Star,هارديز,Hardee's,Hardee's,RESTAURANT,مطاعم,برجر,,,KSA,KSA,,VERY_HIGH,P1,MISSING,,OFFICIAL_LOCAL_KCAL,Hardee's Arabia menu (SFDA),,,,,,,,,,,,,NONE,HIGH,,,,,,,,,هارديز,Hardee's,السعرات متاحة رسميًا على قائمة الفرع/التطبيق (إلزام SFDA منذ ١ يوليو ٢٠٢٥). الماكروز غير منشورة — تبقى فارغة.
QGAP-00519,NEEDS_SOURCE,سعرات رسمية على قائمة الفرع/التطبيق (إلزام SFDA) — تُقرأ يدويًا؛ الماكروز غير منشورة,هارديز - فرش برجر,Hardee's - Fresh burger,هارديز,Hardee's,Hardee's,RESTAURANT,مطاعم,برجر,,,KSA,KSA,,VERY_HIGH,P1,MISSING,,OFFICIAL_LOCAL_KCAL,Hardee's Arabia menu (SFDA),,,,,,,,,,,,,NONE,HIGH,,,,,,,,,هارديز,Hardee's,السعرات متاحة رسميًا على قائمة الفرع/التطبيق (إلزام SFDA منذ ١ يوليو ٢٠٢٥). الماكروز غير منشورة — تبقى فارغة.
QGAP-00520,NEEDS_SOURCE,سعرات رسمية على قائمة الفرع/التطبيق (إلزام SFDA) — تُقرأ يدويًا؛ الماكروز غير منشورة,هارديز - ساندويتش سمك,Hardee's - Fish sandwich,هارديز,Hardee's,Hardee's,RESTAURANT,مطاعم,برجر,,,KSA,KSA,,VERY_HIGH,P1,MISSING,,OFFICIAL_LOCAL_KCAL,Hardee's Arabia menu (SFDA),,,,,,,,,,,,,NONE,HIGH,,,,,,,,,هارديز,Hardee's,السعرات متاحة رسميًا على قائمة الفرع/التطبيق (إلزام SFDA منذ ١ يوليو ٢٠٢٥). الماكروز غير منشورة — تبقى فارغة.
QGAP-00521,NEEDS_SOURCE,سعرات رسمية على قائمة الفرع/التطبيق (إلزام SFDA) — تُقرأ يدويًا؛ الماكروز غير منشورة,هارديز - بطاطس كيرلي كبيرة,Hardee's - Large curly fries,هارديز,Hardee's,Hardee's,RESTAURANT,مطاعم,برجر,,,KSA,KSA,,VERY_HIGH,P1,MISSING,,OFFICIAL_LOCAL_KCAL,Hardee's Arabia menu (SFDA),,,,,,,,,,,,,NONE,HIGH,,,,,,,,,هارديز,Hardee's,السعرات متاحة رسميًا على قائمة الفرع/التطبيق (إلزام SFDA منذ ١ يوليو ٢٠٢٥). الماكروز غير منشورة — تبقى فارغة.
QGAP-00523,NEEDS_SOURCE,سعرات رسمية على قائمة الفرع/التطبيق (إلزام SFDA) — تُقرأ يدويًا؛ الماكروز غير منشورة,هارديز - بسكويت فطور,Hardee's - Breakfast biscuit,هارديز,Hardee's,Hardee's,RESTAURANT,مطاعم,برجر,,,KSA,KSA,,VERY_HIGH,P1,MISSING,,OFFICIAL_LOCAL_KCAL,Hardee's Arabia menu (SFDA),,,,,,,,,,,,,NONE,HIGH,,,,,,,,,هارديز,Hardee's,السعرات متاحة رسميًا على قائمة الفرع/التطبيق (إلزام SFDA منذ ١ يوليو ٢٠٢٥). الماكروز غير منشورة — تبقى فارغة.
QGAP-00524,NEEDS_SOURCE,سعرات رسمية على قائمة الفرع/التطبيق (إلزام SFDA) — تُقرأ يدويًا؛ الماكروز غير منشورة,هارديز - ساندويتش فطور,Hardee's - Breakfast sandwich,هارديز,Hardee's,Hardee's,RESTAURANT,مطاعم,برجر,,,KSA,KSA,,VERY_HIGH,P1,MISSING,,OFFICIAL_LOCAL_KCAL,Hardee's Arabia menu (SFDA),,,,,,,,,,,,,NONE,HIGH,,,,,,,,,هارديز,Hardee's,السعرات متاحة رسميًا على قائمة الفرع/التطبيق (إلزام SFDA منذ ١ يوليو ٢٠٢٥). الماكروز غير منشورة — تبقى فارغة.
QGAP-00526,NEEDS_SOURCE,سعرات رسمية على قائمة الفرع/التطبيق (إلزام SFDA) — تُقرأ يدويًا؛ الماكروز غير منشورة,هارديز - آيس كريم,Hardee's - Ice cream,هارديز,Hardee's,Hardee's,RESTAURANT,مطاعم,برجر,,,KSA,KSA,,VERY_HIGH,P1,MISSING,,OFFICIAL_LOCAL_KCAL,Hardee's Arabia menu (SFDA),,,,,,,,,,,,,NONE,HIGH,,,,,,,,,هارديز,Hardee's,السعرات متاحة رسميًا على قائمة الفرع/التطبيق (إلزام SFDA منذ ١ يوليو ٢٠٢٥). الماكروز غير منشورة — تبقى فارغة.
QGAP-00527,NEEDS_SOURCE,سعرات رسمية على قائمة الفرع/التطبيق (إلزام SFDA) — تُقرأ يدويًا؛ الماكروز غير منشورة,هارديز - وجبة أطفال,Hardee's - Kids meal,هارديز,Hardee's,Hardee's,RESTAURANT,مطاعم,برجر,,,KSA,KSA,,VERY_HIGH,P1,MISSING,,OFFICIAL_LOCAL_KCAL,Hardee's Arabia menu (SFDA),,,,,,,,,,,,,NONE,HIGH,,,,,,,,,هارديز,Hardee's,السعرات متاحة رسميًا على قائمة الفرع/التطبيق (إلزام SFDA منذ ١ يوليو ٢٠٢٥). الماكروز غير منشورة — تبقى فارغة.
QGAP-00528,NEEDS_SOURCE,سعرات رسمية على قائمة الفرع/التطبيق (إلزام SFDA) — تُقرأ يدويًا؛ الماكروز غير منشورة,هارديز - سلطة,Hardee's - Side salad,هارديز,Hardee's,Hardee's,RESTAURANT,مطاعم,برجر,,,KSA,KSA,,VERY_HIGH,P1,MISSING,,OFFICIAL_LOCAL_KCAL,Hardee's Arabia menu (SFDA),,,,,,,,,,,,,NONE,HIGH,,,,,,,,,هارديز,Hardee's,السعرات متاحة رسميًا على قائمة الفرع/التطبيق (إلزام SFDA منذ ١ يوليو ٢٠٢٥). الماكروز غير منشورة — تبقى فارغة.
QGAP-00529,NEEDS_SOURCE,سعرات رسمية على قائمة الفرع/التطبيق (إلزام SFDA) — تُقرأ يدويًا؛ الماكروز غير منشورة,هارديز - ثيك برجر دبل,Hardee's - Double Thickburger,هارديز,Hardee's,Hardee's,RESTAURANT,مطاعم,برجر,,,KSA,KSA,,VERY_HIGH,P1,MISSING,,OFFICIAL_LOCAL_KCAL,Hardee's Arabia menu (SFDA),,,,,,,,,,,,,NONE,HIGH,,,,,,,,,هارديز,Hardee's,السعرات متاحة رسميًا على قائمة الفرع/التطبيق (إلزام SFDA منذ ١ يوليو ٢٠٢٥). الماكروز غير منشورة — تبقى فارغة.
QGAP-00530,NEEDS_SOURCE,سعرات رسمية على قائمة الفرع/التطبيق (إلزام SFDA) — تُقرأ يدويًا؛ الماكروز غير منشورة,هارديز - برجر جالابينو,Hardee's - Jalapeno burger,هارديز,Hardee's,Hardee's,RESTAURANT,مطاعم,برجر,,,KSA,KSA,,VERY_HIGH,P1,MISSING,,OFFICIAL_LOCAL_KCAL,Hardee's Arabia menu (SFDA),,,,,,,,,,,,,NONE,HIGH,,,,,,,,,هارديز,Hardee's,السعرات متاحة رسميًا على قائمة الفرع/التطبيق (إلزام SFDA منذ ١ يوليو ٢٠٢٥). الماكروز غير منشورة — تبقى فارغة.
QGAP-00531,NEEDS_SOURCE,سعرات رسمية على قائمة الفرع/التطبيق (إلزام SFDA) — تُقرأ يدويًا؛ الماكروز غير منشورة,تكساس تشيكن - دجاج مقرمش حار,Texas Chicken - Spicy crispy chicken,تكساس تشيكن,Texas Chicken,Texas Chicken,RESTAURANT,مطاعم,دجاج مقلي,,,KSA,KSA,,HIGH,P1,MISSING,,OFFICIAL_LOCAL_KCAL,Texas Chicken KSA menu (SFDA),,,,,,,,,,,,,NONE,HIGH,,,,,,,,,تكساس تشيكن,Texas Chicken,السعرات متاحة رسميًا على قائمة الفرع/التطبيق (إلزام SFDA منذ ١ يوليو ٢٠٢٥). الماكروز غير منشورة — تبقى فارغة.
QGAP-00532,NEEDS_SOURCE,سعرات رسمية على قائمة الفرع/التطبيق (إلزام SFDA) — تُقرأ يدويًا؛ الماكروز غير منشورة,تكساس تشيكن - دلو 8 قطع,Texas Chicken - Bucket 8 pcs,تكساس تشيكن,Texas Chicken,Texas Chicken,RESTAURANT,مطاعم,دجاج مقلي,,,KSA,KSA,,HIGH,P1,MISSING,,OFFICIAL_LOCAL_KCAL,Texas Chicken KSA menu (SFDA),,,,,,,,,,,,,NONE,HIGH,,,,,,,,,تكساس تشيكن,Texas Chicken,السعرات متاحة رسميًا على قائمة الفرع/التطبيق (إلزام SFDA منذ ١ يوليو ٢٠٢٥). الماكروز غير منشورة — تبقى فارغة.
QGAP-00533,NEEDS_SOURCE,سعرات رسمية على قائمة الفرع/التطبيق (إلزام SFDA) — تُقرأ يدويًا؛ الماكروز غير منشورة,تكساس تشيكن - تندرز 5 قطع,Texas Chicken - Tenders 5 pcs,تكساس تشيكن,Texas Chicken,Texas Chicken,RESTAURANT,مطاعم,دجاج مقلي,,,KSA,KSA,,HIGH,P1,MISSING,,OFFICIAL_LOCAL_KCAL,Texas Chicken KSA menu (SFDA),,,,,,,,,,,,,NONE,HIGH,,,,,,,,,تكساس تشيكن,Texas Chicken,السعرات متاحة رسميًا على قائمة الفرع/التطبيق (إلزام SFDA منذ ١ يوليو ٢٠٢٥). الماكروز غير منشورة — تبقى فارغة.
QGAP-00535,NEEDS_SOURCE,سعرات رسمية على قائمة الفرع/التطبيق (إلزام SFDA) — تُقرأ يدويًا؛ الماكروز غير منشورة,تكساس تشيكن - كول سلو,Texas Chicken - Coleslaw,تكساس تشيكن,Texas Chicken,Texas Chicken,RESTAURANT,مطاعم,دجاج مقلي,,,KSA,KSA,,HIGH,P1,MISSING,,OFFICIAL_LOCAL_KCAL,Texas Chicken KSA menu (SFDA),,,,,,,,,,,,,NONE,HIGH,,,,,,,,,تكساس تشيكن,Texas Chicken,السعرات متاحة رسميًا على قائمة الفرع/التطبيق (إلزام SFDA منذ ١ يوليو ٢٠٢٥). الماكروز غير منشورة — تبقى فارغة.
QGAP-00536,NEEDS_SOURCE,سعرات رسمية على قائمة الفرع/التطبيق (إلزام SFDA) — تُقرأ يدويًا؛ الماكروز غير منشورة,تكساس تشيكن - ماش بوتيتو,Texas Chicken - Mashed potato,تكساس تشيكن,Texas Chicken,Texas Chicken,RESTAURANT,مطاعم,دجاج مقلي,,,KSA,KSA,,HIGH,P1,MISSING,,OFFICIAL_LOCAL_KCAL,Texas Chicken KSA menu (SFDA),,,,,,,,,,,,,NONE,HIGH,,,,,,,,,تكساس تشيكن,Texas Chicken,السعرات متاحة رسميًا على قائمة الفرع/التطبيق (إلزام SFDA منذ ١ يوليو ٢٠٢٥). الماكروز غير منشورة — تبقى فارغة.
QGAP-00537,NEEDS_SOURCE,سعرات رسمية على قائمة الفرع/التطبيق (إلزام SFDA) — تُقرأ يدويًا؛ الماكروز غير منشورة,تكساس تشيكن - ذرة,Texas Chicken - Corn on the cob,تكساس تشيكن,Texas Chicken,Texas Chicken,RESTAURANT,مطاعم,دجاج مقلي,,,KSA,KSA,,HIGH,P1,MISSING,,OFFICIAL_LOCAL_KCAL,Texas Chicken KSA menu (SFDA),,,,,,,,,,,,,NONE,HIGH,,,,,,,,,تكساس تشيكن,Texas Chicken,السعرات متاحة رسميًا على قائمة الفرع/التطبيق (إلزام SFDA منذ ١ يوليو ٢٠٢٥). الماكروز غير منشورة — تبقى فارغة.
QGAP-00538,NEEDS_SOURCE,سعرات رسمية على قائمة الفرع/التطبيق (إلزام SFDA) — تُقرأ يدويًا؛ الماكروز غير منشورة,تكساس تشيكن - ساندويتش سمك,Texas Chicken - Fish sandwich,تكساس تشيكن,Texas Chicken,Texas Chicken,RESTAURANT,مطاعم,دجاج مقلي,,,KSA,KSA,,HIGH,P1,MISSING,,OFFICIAL_LOCAL_KCAL,Texas Chicken KSA menu (SFDA),,,,,,,,,,,,,NONE,HIGH,,,,,,,,,تكساس تشيكن,Texas Chicken,السعرات متاحة رسميًا على قائمة الفرع/التطبيق (إلزام SFDA منذ ١ يوليو ٢٠٢٥). الماكروز غير منشورة — تبقى فارغة.
QGAP-00539,NEEDS_SOURCE,سعرات رسمية على قائمة الفرع/التطبيق (إلزام SFDA) — تُقرأ يدويًا؛ الماكروز غير منشورة,بوبايز - ساندويتش دجاج كلاسيك,Popeyes - Classic chicken sandwich,بوبايز,Popeyes,Popeyes,RESTAURANT,مطاعم,دجاج مقلي,,,KSA,KSA,,HIGH,P1,MISSING,,OFFICIAL_LOCAL_KCAL,Popeyes KSA menu (SFDA),,,,,,,,,,,,,NONE,HIGH,,,,,,,,,بوبايز,Popeyes,السعرات متاحة رسميًا على قائمة الفرع/التطبيق (إلزام SFDA منذ ١ يوليو ٢٠٢٥). الماكروز غير منشورة — تبقى فارغة.
QGAP-00540,NEEDS_SOURCE,سعرات رسمية على قائمة الفرع/التطبيق (إلزام SFDA) — تُقرأ يدويًا؛ الماكروز غير منشورة,بوبايز - ساندويتش دجاج حار,Popeyes - Spicy chicken sandwich,بوبايز,Popeyes,Popeyes,RESTAURANT,مطاعم,دجاج مقلي,,,KSA,KSA,,HIGH,P1,MISSING,,OFFICIAL_LOCAL_KCAL,Popeyes KSA menu (SFDA),,,,,,,,,,,,,NONE,HIGH,,,,,,,,,بوبايز,Popeyes,السعرات متاحة رسميًا على قائمة الفرع/التطبيق (إلزام SFDA منذ ١ يوليو ٢٠٢٥). الماكروز غير منشورة — تبقى فارغة.
QGAP-00541,NEEDS_SOURCE,سعرات رسمية على قائمة الفرع/التطبيق (إلزام SFDA) — تُقرأ يدويًا؛ الماكروز غير منشورة,بوبايز - دجاج مقرمش 3 قطع,Popeyes - Crispy chicken 3 pcs,بوبايز,Popeyes,Popeyes,RESTAURANT,مطاعم,دجاج مقلي,,,KSA,KSA,,HIGH,P1,MISSING,,OFFICIAL_LOCAL_KCAL,Popeyes KSA menu (SFDA),,,,,,,,,,,,,NONE,HIGH,,,,,,,,,بوبايز,Popeyes,السعرات متاحة رسميًا على قائمة الفرع/التطبيق (إلزام SFDA منذ ١ يوليو ٢٠٢٥). الماكروز غير منشورة — تبقى فارغة.
QGAP-00542,NEEDS_SOURCE,سعرات رسمية على قائمة الفرع/التطبيق (إلزام SFDA) — تُقرأ يدويًا؛ الماكروز غير منشورة,بوبايز - تندرز 4 قطع,Popeyes - Tenders 4 pcs,بوبايز,Popeyes,Popeyes,RESTAURANT,مطاعم,دجاج مقلي,,,KSA,KSA,,HIGH,P1,MISSING,,OFFICIAL_LOCAL_KCAL,Popeyes KSA menu (SFDA),,,,,,,,,,,,,NONE,HIGH,,,,,,,,,بوبايز,Popeyes,السعرات متاحة رسميًا على قائمة الفرع/التطبيق (إلزام SFDA منذ ١ يوليو ٢٠٢٥). الماكروز غير منشورة — تبقى فارغة.
QGAP-00543,NEEDS_SOURCE,سعرات رسمية على قائمة الفرع/التطبيق (إلزام SFDA) — تُقرأ يدويًا؛ الماكروز غير منشورة,بوبايز - بطاطس كاجون,Popeyes - Cajun fries,بوبايز,Popeyes,Popeyes,RESTAURANT,مطاعم,دجاج مقلي,,,KSA,KSA,,HIGH,P1,MISSING,,OFFICIAL_LOCAL_KCAL,Popeyes KSA menu (SFDA),,,,,,,,,,,,,NONE,HIGH,,,,,,,,,بوبايز,Popeyes,السعرات متاحة رسميًا على قائمة الفرع/التطبيق (إلزام SFDA منذ ١ يوليو ٢٠٢٥). الماكروز غير منشورة — تبقى فارغة.
QGAP-00544,NEEDS_SOURCE,سعرات رسمية على قائمة الفرع/التطبيق (إلزام SFDA) — تُقرأ يدويًا؛ الماكروز غير منشورة,بوبايز - بيسكويت,Popeyes - Biscuit,بوبايز,Popeyes,Popeyes,RESTAURANT,مطاعم,دجاج مقلي,,,KSA,KSA,,HIGH,P1,MISSING,,OFFICIAL_LOCAL_KCAL,Popeyes KSA menu (SFDA),,,,,,,,,,,,,NONE,HIGH,,,,,,,,,بوبايز,Popeyes,السعرات متاحة رسميًا على قائمة الفرع/التطبيق (إلزام SFDA منذ ١ يوليو ٢٠٢٥). الماكروز غير منشورة — تبقى فارغة.
QGAP-00545,NEEDS_SOURCE,سعرات رسمية على قائمة الفرع/التطبيق (إلزام SFDA) — تُقرأ يدويًا؛ الماكروز غير منشورة,بوبايز - كول سلو,Popeyes - Coleslaw,بوبايز,Popeyes,Popeyes,RESTAURANT,مطاعم,دجاج مقلي,,,KSA,KSA,,HIGH,P1,MISSING,,OFFICIAL_LOCAL_KCAL,Popeyes KSA menu (SFDA),,,,,,,,,,,,,NONE,HIGH,,,,,,,,,بوبايز,Popeyes,السعرات متاحة رسميًا على قائمة الفرع/التطبيق (إلزام SFDA منذ ١ يوليو ٢٠٢٥). الماكروز غير منشورة — تبقى فارغة.
QGAP-00546,NEEDS_SOURCE,سعرات رسمية على قائمة الفرع/التطبيق (إلزام SFDA) — تُقرأ يدويًا؛ الماكروز غير منشورة,بوبايز - رز كاجون,Popeyes - Cajun rice,بوبايز,Popeyes,Popeyes,RESTAURANT,مطاعم,دجاج مقلي,,,KSA,KSA,,HIGH,P1,MISSING,,OFFICIAL_LOCAL_KCAL,Popeyes KSA menu (SFDA),,,,,,,,,,,,,NONE,HIGH,,,,,,,,,بوبايز,Popeyes,السعرات متاحة رسميًا على قائمة الفرع/التطبيق (إلزام SFDA منذ ١ يوليو ٢٠٢٥). الماكروز غير منشورة — تبقى فارغة.
QGAP-00547,NEEDS_SOURCE,سعرات رسمية على قائمة الفرع/التطبيق (إلزام SFDA) — تُقرأ يدويًا؛ الماكروز غير منشورة,بوبايز - أجنحة,Popeyes - Wings,بوبايز,Popeyes,Popeyes,RESTAURANT,مطاعم,دجاج مقلي,,,KSA,KSA,,HIGH,P1,MISSING,,OFFICIAL_LOCAL_KCAL,Popeyes KSA menu (SFDA),,,,,,,,,,,,,NONE,HIGH,,,,,,,,,بوبايز,Popeyes,السعرات متاحة رسميًا على قائمة الفرع/التطبيق (إلزام SFDA منذ ١ يوليو ٢٠٢٥). الماكروز غير منشورة — تبقى فارغة.
QGAP-00548,NEEDS_SOURCE,سعرات رسمية على قائمة الفرع/التطبيق (إلزام SFDA) — تُقرأ يدويًا؛ الماكروز غير منشورة,بوبايز - ماك أند تشيز,Popeyes - Mac and cheese,بوبايز,Popeyes,Popeyes,RESTAURANT,مطاعم,دجاج مقلي,,,KSA,KSA,,HIGH,P1,MISSING,,OFFICIAL_LOCAL_KCAL,Popeyes KSA menu (SFDA),,,,,,,,,,,,,NONE,HIGH,,,,,,,,,بوبايز,Popeyes,السعرات متاحة رسميًا على قائمة الفرع/التطبيق (إلزام SFDA منذ ١ يوليو ٢٠٢٥). الماكروز غير منشورة — تبقى فارغة.
QGAP-00549,NEEDS_SOURCE,لم يُعثر على مصدر آلي — يحتاج جلبًا من المصنّع أو كتالوج التجزئة,صب واي - ساندويتش لحم بقري (30سم),Subway - Beef sub footlong,صب واي,Subway,Subway,RESTAURANT,مطاعم,ساندويتش,,,KSA,FOREIGN,,VERY_HIGH,P1,MISSING,,OFFICIAL_FOREIGN_MARKET,Subway corporate nutrition (US/UK),,,,,,,,,,,,,NONE,HIGH,,,,,,,,,صب واي,Subway,بيانات السوق الأجنبي فقط — تُوسم صراحةً ولا تُقدَّم كقيم سعودية.
QGAP-00550,NEEDS_SOURCE,لم يُعثر على مصدر آلي — يحتاج جلبًا من المصنّع أو كتالوج التجزئة,صب واي - ساندويتش تشيكن تريّاكي,Subway - Chicken teriyaki sub,صب واي,Subway,Subway,RESTAURANT,مطاعم,ساندويتش,,,KSA,FOREIGN,,VERY_HIGH,P1,MISSING,,OFFICIAL_FOREIGN_MARKET,Subway corporate nutrition (US/UK),,,,,,,,,,,,,NONE,HIGH,,,,,,,,,صب واي,Subway,بيانات السوق الأجنبي فقط — تُوسم صراحةً ولا تُقدَّم كقيم سعودية.
QGAP-00551,NEEDS_SOURCE,لم يُعثر على مصدر آلي — يحتاج جلبًا من المصنّع أو كتالوج التجزئة,صب واي - ساندويتش ستيك وجبن,Subway - Steak and cheese sub,صب واي,Subway,Subway,RESTAURANT,مطاعم,ساندويتش,,,KSA,FOREIGN,,VERY_HIGH,P1,MISSING,,OFFICIAL_FOREIGN_MARKET,Subway corporate nutrition (US/UK),,,,,,,,,,,,,NONE,HIGH,,,,,,,,,صب واي,Subway,بيانات السوق الأجنبي فقط — تُوسم صراحةً ولا تُقدَّم كقيم سعودية.
QGAP-00552,NEEDS_SOURCE,لم يُعثر على مصدر آلي — يحتاج جلبًا من المصنّع أو كتالوج التجزئة,صب واي - ساندويتش إيطالي,Subway - Italian BMT sub,صب واي,Subway,Subway,RESTAURANT,مطاعم,ساندويتش,,,KSA,FOREIGN,,VERY_HIGH,P1,MISSING,,OFFICIAL_FOREIGN_MARKET,Subway corporate nutrition (US/UK),,,,,,,,,,,,,NONE,HIGH,,,,,,,,,صب واي,Subway,بيانات السوق الأجنبي فقط — تُوسم صراحةً ولا تُقدَّم كقيم سعودية.
QGAP-00553,NEEDS_SOURCE,لم يُعثر على مصدر آلي — يحتاج جلبًا من المصنّع أو كتالوج التجزئة,صب واي - ساندويتش خضار,Subway - Veggie delite sub,صب واي,Subway,Subway,RESTAURANT,مطاعم,ساندويتش,,,KSA,FOREIGN,,VERY_HIGH,P1,MISSING,,OFFICIAL_FOREIGN_MARKET,Subway corporate nutrition (US/UK),,,,,,,,,,,,,NONE,HIGH,,,,,,,,,صب واي,Subway,بيانات السوق الأجنبي فقط — تُوسم صراحةً ولا تُقدَّم كقيم سعودية.
QGAP-00554,NEEDS_SOURCE,لم يُعثر على مصدر آلي — يحتاج جلبًا من المصنّع أو كتالوج التجزئة,صب واي - سلطة دجاج مشوي,Subway - Grilled chicken salad,صب واي,Subway,Subway,RESTAURANT,مطاعم,ساندويتش,,,KSA,FOREIGN,,VERY_HIGH,P1,MISSING,,OFFICIAL_FOREIGN_MARKET,Subway corporate nutrition (US/UK),,,,,,,,,,,,,NONE,HIGH,,,,,,,,,صب واي,Subway,بيانات السوق الأجنبي فقط — تُوسم صراحةً ولا تُقدَّم كقيم سعودية.
QGAP-00555,NEEDS_SOURCE,لم يُعثر على مصدر آلي — يحتاج جلبًا من المصنّع أو كتالوج التجزئة,صب واي - ساندويتش تشيكن بارميزان,Subway - Chicken parmesan sub,صب واي,Subway,Subway,RESTAURANT,مطاعم,ساندويتش,,,KSA,FOREIGN,,VERY_HIGH,P1,MISSING,,OFFICIAL_FOREIGN_MARKET,Subway corporate nutrition (US/UK),,,,,,,,,,,,,NONE,HIGH,,,,,,,,,صب واي,Subway,بيانات السوق الأجنبي فقط — تُوسم صراحةً ولا تُقدَّم كقيم سعودية.
QGAP-00556,NEEDS_SOURCE,لم يُعثر على مصدر آلي — يحتاج جلبًا من المصنّع أو كتالوج التجزئة,صب واي - ساندويتش فطور بيض وجبن,Subway - Egg and cheese breakfast sub,صب واي,Subway,Subway,RESTAURANT,مطاعم,ساندويتش,,,KSA,FOREIGN,,VERY_HIGH,P1,MISSING,,OFFICIAL_FOREIGN_MARKET,Subway corporate nutrition (US/UK),,,,,,,,,,,,,NONE,HIGH,,,,,,,,,صب واي,Subway,بيانات السوق الأجنبي فقط — تُوسم صراحةً ولا تُقدَّم كقيم سعودية.
QGAP-00557,NEEDS_SOURCE,لم يُعثر على مصدر آلي — يحتاج جلبًا من المصنّع أو كتالوج التجزئة,صب واي - رابس دجاج,Subway - Chicken wrap,صب واي,Subway,Subway,RESTAURANT,مطاعم,ساندويتش,,,KSA,FOREIGN,,VERY_HIGH,P1,MISSING,,OFFICIAL_FOREIGN_MARKET,Subway corporate nutrition (US/UK),,,,,,,,,,,,,NONE,HIGH,,,,,,,,,صب واي,Subway,بيانات السوق الأجنبي فقط — تُوسم صراحةً ولا تُقدَّم كقيم سعودية.
QGAP-00558,NEEDS_SOURCE,لم يُعثر على مصدر آلي — يحتاج جلبًا من المصنّع أو كتالوج التجزئة,صب واي - شوربة اليوم,Subway - Soup of the day,صب واي,Subway,Subway,RESTAURANT,مطاعم,ساندويتش,,,KSA,FOREIGN,,VERY_HIGH,P1,MISSING,,OFFICIAL_FOREIGN_MARKET,Subway corporate nutrition (US/UK),,,,,,,,,,,,,NONE,HIGH,,,,,,,,,صب واي,Subway,بيانات السوق الأجنبي فقط — تُوسم صراحةً ولا تُقدَّم كقيم سعودية.
QGAP-00559,NEEDS_SOURCE,لم يُعثر على مصدر آلي — يحتاج جلبًا من المصنّع أو كتالوج التجزئة,صب واي - كوكيز شوكولاتة,Subway - Chocolate chip cookie,صب واي,Subway,Subway,RESTAURANT,مطاعم,ساندويتش,,,KSA,FOREIGN,,VERY_HIGH,P1,MISSING,,OFFICIAL_FOREIGN_MARKET,Subway corporate nutrition (US/UK),,,,,,,,,,,,,NONE,HIGH,,,,,,,,,صب واي,Subway,بيانات السوق الأجنبي فقط — تُوسم صراحةً ولا تُقدَّم كقيم سعودية.
QGAP-00560,NEEDS_SOURCE,لم يُعثر على مصدر آلي — يحتاج جلبًا من المصنّع أو كتالوج التجزئة,صب واي - بطاطس شيبس,Subway - Chips,صب واي,Subway,Subway,RESTAURANT,مطاعم,ساندويتش,,,KSA,FOREIGN,,VERY_HIGH,P1,MISSING,,OFFICIAL_FOREIGN_MARKET,Subway corporate nutrition (US/UK),,,,,,,,,,,,,NONE,HIGH,,,,,,,,,صب واي,Subway,بيانات السوق الأجنبي فقط — تُوسم صراحةً ولا تُقدَّم كقيم سعودية.
QGAP-00561,NEEDS_SOURCE,لم يُعثر على مصدر آلي — يحتاج جلبًا من المصنّع أو كتالوج التجزئة,دومينوز - بيتزا بيبروني وسط,Domino's - Pepperoni medium pizza,دومينوز,Domino's,Domino's,RESTAURANT,مطاعم,بيتزا,,,KSA,FOREIGN,,VERY_HIGH,P1,MISSING,,OFFICIAL_FOREIGN_MARKET,Domino's corporate nutrition,,,,,,,,,,,,,NONE,HIGH,,,,,,,,,دومينوز,Domino's,بيانات السوق الأجنبي فقط — تُوسم صراحةً ولا تُقدَّم كقيم سعودية.
QGAP-00562,NEEDS_SOURCE,لم يُعثر على مصدر آلي — يحتاج جلبًا من المصنّع أو كتالوج التجزئة,دومينوز - بيتزا سوبريم كبيرة,Domino's - Supreme large pizza,دومينوز,Domino's,Domino's,RESTAURANT,مطاعم,بيتزا,,,KSA,FOREIGN,,VERY_HIGH,P1,MISSING,,OFFICIAL_FOREIGN_MARKET,Domino's corporate nutrition,,,,,,,,,,,,,NONE,HIGH,,,,,,,,,دومينوز,Domino's,بيانات السوق الأجنبي فقط — تُوسم صراحةً ولا تُقدَّم كقيم سعودية.
QGAP-00563,NEEDS_SOURCE,لم يُعثر على مصدر آلي — يحتاج جلبًا من المصنّع أو كتالوج التجزئة,دومينوز - بيتزا دجاج باربكيو,Domino's - BBQ chicken pizza,دومينوز,Domino's,Domino's,RESTAURANT,مطاعم,بيتزا,,,KSA,FOREIGN,,VERY_HIGH,P1,MISSING,,OFFICIAL_FOREIGN_MARKET,Domino's corporate nutrition,,,,,,,,,,,,,NONE,HIGH,,,,,,,,,دومينوز,Domino's,بيانات السوق الأجنبي فقط — تُوسم صراحةً ولا تُقدَّم كقيم سعودية.
QGAP-00564,NEEDS_SOURCE,لم يُعثر على مصدر آلي — يحتاج جلبًا من المصنّع أو كتالوج التجزئة,دومينوز - بيتزا مارغريتا,Domino's - Margherita pizza,دومينوز,Domino's,Domino's,RESTAURANT,مطاعم,بيتزا,,,KSA,FOREIGN,,VERY_HIGH,P1,MISSING,,OFFICIAL_FOREIGN_MARKET,Domino's corporate nutrition,,,,,,,,,,,,,NONE,HIGH,,,,,,,,,دومينوز,Domino's,بيانات السوق الأجنبي فقط — تُوسم صراحةً ولا تُقدَّم كقيم سعودية.
QGAP-00565,NEEDS_SOURCE,لم يُعثر على مصدر آلي — يحتاج جلبًا من المصنّع أو كتالوج التجزئة,دومينوز - بيتزا لحم مشكل,Domino's - Meat lovers pizza,دومينوز,Domino's,Domino's,RESTAURANT,مطاعم,بيتزا,,,KSA,FOREIGN,,VERY_HIGH,P1,MISSING,,OFFICIAL_FOREIGN_MARKET,Domino's corporate nutrition,,,,,,,,,,,,,NONE,HIGH,,,,,,,,,دومينوز,Domino's,بيانات السوق الأجنبي فقط — تُوسم صراحةً ولا تُقدَّم كقيم سعودية.
QGAP-00566,NEEDS_SOURCE,لم يُعثر على مصدر آلي — يحتاج جلبًا من المصنّع أو كتالوج التجزئة,دومينوز - باستا الفريدو,Domino's - Alfredo pasta,دومينوز,Domino's,Domino's,RESTAURANT,مطاعم,بيتزا,,,KSA,FOREIGN,,VERY_HIGH,P1,MISSING,,OFFICIAL_FOREIGN_MARKET,Domino's corporate nutrition,,,,,,,,,,,,,NONE,HIGH,,,,,,,,,دومينوز,Domino's,بيانات السوق الأجنبي فقط — تُوسم صراحةً ولا تُقدَّم كقيم سعودية.
QGAP-00567,NEEDS_SOURCE,لم يُعثر على مصدر آلي — يحتاج جلبًا من المصنّع أو كتالوج التجزئة,دومينوز - ساندويتش دجاج,Domino's - Chicken sandwich,دومينوز,Domino's,Domino's,RESTAURANT,مطاعم,بيتزا,,,KSA,FOREIGN,,VERY_HIGH,P1,MISSING,,OFFICIAL_FOREIGN_MARKET,Domino's corporate nutrition,,,,,,,,,,,,,NONE,HIGH,,,,,,,,,دومينوز,Domino's,بيانات السوق الأجنبي فقط — تُوسم صراحةً ولا تُقدَّم كقيم سعودية.
QGAP-00568,NEEDS_SOURCE,لم يُعثر على مصدر آلي — يحتاج جلبًا من المصنّع أو كتالوج التجزئة,دومينوز - عيدان الجبن,Domino's - Cheesy bread,دومينوز,Domino's,Domino's,RESTAURANT,مطاعم,بيتزا,,,KSA,FOREIGN,,VERY_HIGH,P1,MISSING,,OFFICIAL_FOREIGN_MARKET,Domino's corporate nutrition,,,,,,,,,,,,,NONE,HIGH,,,,,,,,,دومينوز,Domino's,بيانات السوق الأجنبي فقط — تُوسم صراحةً ولا تُقدَّم كقيم سعودية.
QGAP-00569,NEEDS_SOURCE,لم يُعثر على مصدر آلي — يحتاج جلبًا من المصنّع أو كتالوج التجزئة,دومينوز - أجنحة باربكيو,Domino's - BBQ wings,دومينوز,Domino's,Domino's,RESTAURANT,مطاعم,بيتزا,,,KSA,FOREIGN,,VERY_HIGH,P1,MISSING,,OFFICIAL_FOREIGN_MARKET,Domino's corporate nutrition,,,,,,,,,,,,,NONE,HIGH,,,,,,,,,دومينوز,Domino's,بيانات السوق الأجنبي فقط — تُوسم صراحةً ولا تُقدَّم كقيم سعودية.
QGAP-00570,NEEDS_SOURCE,لم يُعثر على مصدر آلي — يحتاج جلبًا من المصنّع أو كتالوج التجزئة,دومينوز - لافا كيك,Domino's - Chocolate lava cake,دومينوز,Domino's,Domino's,RESTAURANT,مطاعم,بيتزا,,,KSA,FOREIGN,,VERY_HIGH,P1,MISSING,,OFFICIAL_FOREIGN_MARKET,Domino's corporate nutrition,,,,,,,,,,,,,NONE,HIGH,,,,,,,,,دومينوز,Domino's,بيانات السوق الأجنبي فقط — تُوسم صراحةً ولا تُقدَّم كقيم سعودية.
QGAP-00571,NEEDS_SOURCE,لم يُعثر على مصدر آلي — يحتاج جلبًا من المصنّع أو كتالوج التجزئة,دومينوز - بطاطس ودجز,Domino's - Potato wedges,دومينوز,Domino's,Domino's,RESTAURANT,مطاعم,بيتزا,,,KSA,FOREIGN,,VERY_HIGH,P1,MISSING,,OFFICIAL_FOREIGN_MARKET,Domino's corporate nutrition,,,,,,,,,,,,,NONE,HIGH,,,,,,,,,دومينوز,Domino's,بيانات السوق الأجنبي فقط — تُوسم صراحةً ولا تُقدَّم كقيم سعودية.
QGAP-00572,NEEDS_SOURCE,لم يُعثر على مصدر آلي — يحتاج جلبًا من المصنّع أو كتالوج التجزئة,دومينوز - سلطة,Domino's - Garden salad,دومينوز,Domino's,Domino's,RESTAURANT,مطاعم,بيتزا,,,KSA,FOREIGN,,VERY_HIGH,P1,MISSING,,OFFICIAL_FOREIGN_MARKET,Domino's corporate nutrition,,,,,,,,,,,,,NONE,HIGH,,,,,,,,,دومينوز,Domino's,بيانات السوق الأجنبي فقط — تُوسم صراحةً ولا تُقدَّم كقيم سعودية.
QGAP-00573,NEEDS_SOURCE,لم يُعثر على مصدر آلي — يحتاج جلبًا من المصنّع أو كتالوج التجزئة,بيتزا هت - بيتزا بان ببروني وسط,Pizza Hut - Pan pepperoni medium,بيتزا هت,Pizza Hut,Pizza Hut,RESTAURANT,مطاعم,بيتزا,,,KSA,FOREIGN,,VERY_HIGH,P1,MISSING,,OFFICIAL_FOREIGN_MARKET,Pizza Hut corporate nutrition,,,,,,,,,,,,,NONE,HIGH,,,,,,,,,بيتزا هت,Pizza Hut,بيانات السوق الأجنبي فقط — تُوسم صراحةً ولا تُقدَّم كقيم سعودية.
QGAP-00574,NEEDS_SOURCE,لم يُعثر على مصدر آلي — يحتاج جلبًا من المصنّع أو كتالوج التجزئة,بيتزا هت - بيتزا ستفد كرست,Pizza Hut - Stuffed crust pizza,بيتزا هت,Pizza Hut,Pizza Hut,RESTAURANT,مطاعم,بيتزا,,,KSA,FOREIGN,,VERY_HIGH,P1,MISSING,,OFFICIAL_FOREIGN_MARKET,Pizza Hut corporate nutrition,,,,,,,,,,,,,NONE,HIGH,,,,,,,,,بيتزا هت,Pizza Hut,بيانات السوق الأجنبي فقط — تُوسم صراحةً ولا تُقدَّم كقيم سعودية.
QGAP-00575,NEEDS_SOURCE,لم يُعثر على مصدر آلي — يحتاج جلبًا من المصنّع أو كتالوج التجزئة,بيتزا هت - بيتزا دجاج رانش,Pizza Hut - Chicken ranch pizza,بيتزا هت,Pizza Hut,Pizza Hut,RESTAURANT,مطاعم,بيتزا,,,KSA,FOREIGN,,VERY_HIGH,P1,MISSING,,OFFICIAL_FOREIGN_MARKET,Pizza Hut corporate nutrition,,,,,,,,,,,,,NONE,HIGH,,,,,,,,,بيتزا هت,Pizza Hut,بيانات السوق الأجنبي فقط — تُوسم صراحةً ولا تُقدَّم كقيم سعودية.
QGAP-00576,NEEDS_SOURCE,لم يُعثر على مصدر آلي — يحتاج جلبًا من المصنّع أو كتالوج التجزئة,بيتزا هت - بيتزا سي فود,Pizza Hut - Seafood pizza,بيتزا هت,Pizza Hut,Pizza Hut,RESTAURANT,مطاعم,بيتزا,,,KSA,FOREIGN,,VERY_HIGH,P1,MISSING,,OFFICIAL_FOREIGN_MARKET,Pizza Hut corporate nutrition,,,,,,,,,,,,,NONE,HIGH,,,,,,,,,بيتزا هت,Pizza Hut,بيانات السوق الأجنبي فقط — تُوسم صراحةً ولا تُقدَّم كقيم سعودية.
QGAP-00577,NEEDS_SOURCE,لم يُعثر على مصدر آلي — يحتاج جلبًا من المصنّع أو كتالوج التجزئة,بيتزا هت - بيتزا خضار,Pizza Hut - Veggie pizza,بيتزا هت,Pizza Hut,Pizza Hut,RESTAURANT,مطاعم,بيتزا,,,KSA,FOREIGN,,VERY_HIGH,P1,MISSING,,OFFICIAL_FOREIGN_MARKET,Pizza Hut corporate nutrition,,,,,,,,,,,,,NONE,HIGH,,,,,,,,,بيتزا هت,Pizza Hut,بيانات السوق الأجنبي فقط — تُوسم صراحةً ولا تُقدَّم كقيم سعودية.
QGAP-00578,NEEDS_SOURCE,لم يُعثر على مصدر آلي — يحتاج جلبًا من المصنّع أو كتالوج التجزئة,بيتزا هت - باستا,Pizza Hut - Pasta,بيتزا هت,Pizza Hut,Pizza Hut,RESTAURANT,مطاعم,بيتزا,,,KSA,FOREIGN,,VERY_HIGH,P1,MISSING,,OFFICIAL_FOREIGN_MARKET,Pizza Hut corporate nutrition,,,,,,,,,,,,,NONE,HIGH,,,,,,,,,بيتزا هت,Pizza Hut,بيانات السوق الأجنبي فقط — تُوسم صراحةً ولا تُقدَّم كقيم سعودية.
QGAP-00580,NEEDS_SOURCE,لم يُعثر على مصدر آلي — يحتاج جلبًا من المصنّع أو كتالوج التجزئة,بيتزا هت - حلى شوكولاتة,Pizza Hut - Chocolate dessert,بيتزا هت,Pizza Hut,Pizza Hut,RESTAURANT,مطاعم,بيتزا,,,KSA,FOREIGN,,VERY_HIGH,P1,MISSING,,OFFICIAL_FOREIGN_MARKET,Pizza Hut corporate nutrition,,,,,,,,,,,,,NONE,HIGH,,,,,,,,,بيتزا هت,Pizza Hut,بيانات السوق الأجنبي فقط — تُوسم صراحةً ولا تُقدَّم كقيم سعودية.
QGAP-00581,NEEDS_SOURCE,لم يُعثر على مصدر آلي — يحتاج جلبًا من المصنّع أو كتالوج التجزئة,بيتزا هت - بيتزا شخصية,Pizza Hut - Personal pan pizza,بيتزا هت,Pizza Hut,Pizza Hut,RESTAURANT,مطاعم,بيتزا,,,KSA,FOREIGN,,VERY_HIGH,P1,MISSING,,OFFICIAL_FOREIGN_MARKET,Pizza Hut corporate nutrition,,,,,,,,,,,,,NONE,HIGH,,,,,,,,,بيتزا هت,Pizza Hut,بيانات السوق الأجنبي فقط — تُوسم صراحةً ولا تُقدَّم كقيم سعودية.
QGAP-00582,NEEDS_SOURCE,لم يُعثر على مصدر آلي — يحتاج جلبًا من المصنّع أو كتالوج التجزئة,بيتزا هت - كرسبي بايتس,Pizza Hut - Crispy bites,بيتزا هت,Pizza Hut,Pizza Hut,RESTAURANT,مطاعم,بيتزا,,,KSA,FOREIGN,,VERY_HIGH,P1,MISSING,,OFFICIAL_FOREIGN_MARKET,Pizza Hut corporate nutrition,,,,,,,,,,,,,NONE,HIGH,,,,,,,,,بيتزا هت,Pizza Hut,بيانات السوق الأجنبي فقط — تُوسم صراحةً ولا تُقدَّم كقيم سعودية.
QGAP-00583,NEEDS_SOURCE,لم يُعثر على مصدر آلي — يحتاج جلبًا من المصنّع أو كتالوج التجزئة,بابا جونز - بيتزا ببروني,Papa John's - Pepperoni pizza,بابا جونز,Papa John's,Papa John's,RESTAURANT,مطاعم,بيتزا,,,KSA,FOREIGN,,HIGH,P1,MISSING,,OFFICIAL_FOREIGN_MARKET,Papa John's corporate nutrition,,,,,,,,,,,,,NONE,HIGH,,,,,,,,,بابا جونز,Papa John's,بيانات السوق الأجنبي فقط — تُوسم صراحةً ولا تُقدَّم كقيم سعودية.
QGAP-00584,NEEDS_SOURCE,لم يُعثر على مصدر آلي — يحتاج جلبًا من المصنّع أو كتالوج التجزئة,بابا جونز - بيتزا سوبريم,Papa John's - The Works pizza,بابا جونز,Papa John's,Papa John's,RESTAURANT,مطاعم,بيتزا,,,KSA,FOREIGN,,HIGH,P1,MISSING,,OFFICIAL_FOREIGN_MARKET,Papa John's corporate nutrition,,,,,,,,,,,,,NONE,HIGH,,,,,,,,,بابا جونز,Papa John's,بيانات السوق الأجنبي فقط — تُوسم صراحةً ولا تُقدَّم كقيم سعودية.
QGAP-00585,NEEDS_SOURCE,لم يُعثر على مصدر آلي — يحتاج جلبًا من المصنّع أو كتالوج التجزئة,بابا جونز - بيتزا دجاج باربكيو,Papa John's - BBQ chicken pizza,بابا جونز,Papa John's,Papa John's,RESTAURANT,مطاعم,بيتزا,,,KSA,FOREIGN,,HIGH,P1,MISSING,,OFFICIAL_FOREIGN_MARKET,Papa John's corporate nutrition,,,,,,,,,,,,,NONE,HIGH,,,,,,,,,بابا جونز,Papa John's,بيانات السوق الأجنبي فقط — تُوسم صراحةً ولا تُقدَّم كقيم سعودية.
QGAP-00586,NEEDS_SOURCE,لم يُعثر على مصدر آلي — يحتاج جلبًا من المصنّع أو كتالوج التجزئة,بابا جونز - خبز بالثوم,Papa John's - Garlic knots,بابا جونز,Papa John's,Papa John's,RESTAURANT,مطاعم,بيتزا,,,KSA,FOREIGN,,HIGH,P1,MISSING,,OFFICIAL_FOREIGN_MARKET,Papa John's corporate nutrition,,,,,,,,,,,,,NONE,HIGH,,,,,,,,,بابا جونز,Papa John's,بيانات السوق الأجنبي فقط — تُوسم صراحةً ولا تُقدَّم كقيم سعودية.
QGAP-00587,NEEDS_SOURCE,لم يُعثر على مصدر آلي — يحتاج جلبًا من المصنّع أو كتالوج التجزئة,بابا جونز - أجنحة,Papa John's - Wings,بابا جونز,Papa John's,Papa John's,RESTAURANT,مطاعم,بيتزا,,,KSA,FOREIGN,,HIGH,P1,MISSING,,OFFICIAL_FOREIGN_MARKET,Papa John's corporate nutrition,,,,,,,,,,,,,NONE,HIGH,,,,,,,,,بابا جونز,Papa John's,بيانات السوق الأجنبي فقط — تُوسم صراحةً ولا تُقدَّم كقيم سعودية.
QGAP-00588,NEEDS_SOURCE,لم يُعثر على مصدر آلي — يحتاج جلبًا من المصنّع أو كتالوج التجزئة,بابا جونز - حلى براوني,Papa John's - Brownie,بابا جونز,Papa John's,Papa John's,RESTAURANT,مطاعم,بيتزا,,,KSA,FOREIGN,,HIGH,P1,MISSING,,OFFICIAL_FOREIGN_MARKET,Papa John's corporate nutrition,,,,,,,,,,,,,NONE,HIGH,,,,,,,,,بابا جونز,Papa John's,بيانات السوق الأجنبي فقط — تُوسم صراحةً ولا تُقدَّم كقيم سعودية.
QGAP-00589,NEEDS_SOURCE,لم يُعثر على مصدر آلي — يحتاج جلبًا من المصنّع أو كتالوج التجزئة,بابا جونز - سلطة,Papa John's - Salad,بابا جونز,Papa John's,Papa John's,RESTAURANT,مطاعم,بيتزا,,,KSA,FOREIGN,,HIGH,P1,MISSING,,OFFICIAL_FOREIGN_MARKET,Papa John's corporate nutrition,,,,,,,,,,,,,NONE,HIGH,,,,,,,,,بابا جونز,Papa John's,بيانات السوق الأجنبي فقط — تُوسم صراحةً ولا تُقدَّم كقيم سعودية.
QGAP-00590,NEEDS_SOURCE,لم يُعثر على مصدر آلي — يحتاج جلبًا من المصنّع أو كتالوج التجزئة,ليتل سيزرز - بيتزا ببروني كلاسيك,Little Caesars - Classic pepperoni pizza,ليتل سيزرز,Little Caesars,Little Caesars,RESTAURANT,مطاعم,بيتزا,,,KSA,FOREIGN,,HIGH,P1,MISSING,,OFFICIAL_FOREIGN_MARKET,Little Caesars nutrition,,,,,,,,,,,,,NONE,HIGH,,,,,,,,,ليتل سيزرز,Little Caesars,بيانات السوق الأجنبي فقط — تُوسم صراحةً ولا تُقدَّم كقيم سعودية.
QGAP-00591,NEEDS_SOURCE,لم يُعثر على مصدر آلي — يحتاج جلبًا من المصنّع أو كتالوج التجزئة,ليتل سيزرز - بيتزا جبن,Little Caesars - Cheese pizza,ليتل سيزرز,Little Caesars,Little Caesars,RESTAURANT,مطاعم,بيتزا,,,KSA,FOREIGN,,HIGH,P1,MISSING,,OFFICIAL_FOREIGN_MARKET,Little Caesars nutrition,,,,,,,,,,,,,NONE,HIGH,,,,,,,,,ليتل سيزرز,Little Caesars,بيانات السوق الأجنبي فقط — تُوسم صراحةً ولا تُقدَّم كقيم سعودية.
QGAP-00592,NEEDS_SOURCE,لم يُعثر على مصدر آلي — يحتاج جلبًا من المصنّع أو كتالوج التجزئة,ليتل سيزرز - بيتزا إكسترا موست بستيد,Little Caesars - ExtraMostBestest pizza,ليتل سيزرز,Little Caesars,Little Caesars,RESTAURANT,مطاعم,بيتزا,,,KSA,FOREIGN,,HIGH,P1,MISSING,,OFFICIAL_FOREIGN_MARKET,Little Caesars nutrition,,,,,,,,,,,,,NONE,HIGH,,,,,,,,,ليتل سيزرز,Little Caesars,بيانات السوق الأجنبي فقط — تُوسم صراحةً ولا تُقدَّم كقيم سعودية.
QGAP-00593,NEEDS_SOURCE,لم يُعثر على مصدر آلي — يحتاج جلبًا من المصنّع أو كتالوج التجزئة,ليتل سيزرز - عيدان خبز بالجبن,Little Caesars - Crazy bread,ليتل سيزرز,Little Caesars,Little Caesars,RESTAURANT,مطاعم,بيتزا,,,KSA,FOREIGN,,HIGH,P1,MISSING,,OFFICIAL_FOREIGN_MARKET,Little Caesars nutrition,,,,,,,,,,,,,NONE,HIGH,,,,,,,,,ليتل سيزرز,Little Caesars,بيانات السوق الأجنبي فقط — تُوسم صراحةً ولا تُقدَّم كقيم سعودية.
QGAP-00594,NEEDS_SOURCE,لم يُعثر على مصدر آلي — يحتاج جلبًا من المصنّع أو كتالوج التجزئة,ليتل سيزرز - أجنحة,Little Caesars - Caesar wings,ليتل سيزرز,Little Caesars,Little Caesars,RESTAURANT,مطاعم,بيتزا,,,KSA,FOREIGN,,HIGH,P1,MISSING,,OFFICIAL_FOREIGN_MARKET,Little Caesars nutrition,,,,,,,,,,,,,NONE,HIGH,,,,,,,,,ليتل سيزرز,Little Caesars,بيانات السوق الأجنبي فقط — تُوسم صراحةً ولا تُقدَّم كقيم سعودية.
QGAP-00595,NEEDS_SOURCE,لم يُعثر على مصدر آلي — يحتاج جلبًا من المصنّع أو كتالوج التجزئة,ليتل سيزرز - صوص مارينارا,Little Caesars - Marinara sauce,ليتل سيزرز,Little Caesars,Little Caesars,RESTAURANT,مطاعم,بيتزا,,,KSA,FOREIGN,,HIGH,P1,MISSING,,OFFICIAL_FOREIGN_MARKET,Little Caesars nutrition,,,,,,,,,,,,,NONE,HIGH,,,,,,,,,ليتل سيزرز,Little Caesars,بيانات السوق الأجنبي فقط — تُوسم صراحةً ولا تُقدَّم كقيم سعودية.
QGAP-00596,NEEDS_SOURCE,لم يُعثر على مصدر آلي — يحتاج جلبًا من المصنّع أو كتالوج التجزئة,فايف غايز - بيكون تشيز برجر,Five Guys - Bacon cheeseburger,فايف غايز,Five Guys,Five Guys,RESTAURANT,مطاعم,برجر,,,KSA,FOREIGN,,MEDIUM,P1,MISSING,,OFFICIAL_FOREIGN_MARKET,Five Guys nutrition,,,,,,,,,,,,,NONE,HIGH,,,,,,,,,فايف غايز,Five Guys,بيانات السوق الأجنبي فقط — تُوسم صراحةً ولا تُقدَّم كقيم سعودية.
QGAP-00597,NEEDS_SOURCE,لم يُعثر على مصدر آلي — يحتاج جلبًا من المصنّع أو كتالوج التجزئة,فايف غايز - هامبرجر عادي,Five Guys - Regular hamburger,فايف غايز,Five Guys,Five Guys,RESTAURANT,مطاعم,برجر,,,KSA,FOREIGN,,MEDIUM,P1,MISSING,,OFFICIAL_FOREIGN_MARKET,Five Guys nutrition,,,,,,,,,,,,,NONE,HIGH,,,,,,,,,فايف غايز,Five Guys,بيانات السوق الأجنبي فقط — تُوسم صراحةً ولا تُقدَّم كقيم سعودية.
QGAP-00598,NEEDS_SOURCE,لم يُعثر على مصدر آلي — يحتاج جلبًا من المصنّع أو كتالوج التجزئة,فايف غايز - ليتل تشيز برجر,Five Guys - Little cheeseburger,فايف غايز,Five Guys,Five Guys,RESTAURANT,مطاعم,برجر,,,KSA,FOREIGN,,MEDIUM,P1,MISSING,,OFFICIAL_FOREIGN_MARKET,Five Guys nutrition,,,,,,,,,,,,,NONE,HIGH,,,,,,,,,فايف غايز,Five Guys,بيانات السوق الأجنبي فقط — تُوسم صراحةً ولا تُقدَّم كقيم سعودية.
QGAP-00599,NEEDS_SOURCE,لم يُعثر على مصدر آلي — يحتاج جلبًا من المصنّع أو كتالوج التجزئة,فايف غايز - بطاطس كاجون,Five Guys - Cajun fries,فايف غايز,Five Guys,Five Guys,RESTAURANT,مطاعم,برجر,,,KSA,FOREIGN,,MEDIUM,P1,MISSING,,OFFICIAL_FOREIGN_MARKET,Five Guys nutrition,,,,,,,,,,,,,NONE,HIGH,,,,,,,,,فايف غايز,Five Guys,بيانات السوق الأجنبي فقط — تُوسم صراحةً ولا تُقدَّم كقيم سعودية.
QGAP-00601,NEEDS_SOURCE,لم يُعثر على مصدر آلي — يحتاج جلبًا من المصنّع أو كتالوج التجزئة,فايف غايز - ساندويتش خضار,Five Guys - Veggie sandwich,فايف غايز,Five Guys,Five Guys,RESTAURANT,مطاعم,برجر,,,KSA,FOREIGN,,MEDIUM,P1,MISSING,,OFFICIAL_FOREIGN_MARKET,Five Guys nutrition,,,,,,,,,,,,,NONE,HIGH,,,,,,,,,فايف غايز,Five Guys,بيانات السوق الأجنبي فقط — تُوسم صراحةً ولا تُقدَّم كقيم سعودية.
QGAP-00603,NEEDS_SOURCE,لم يُعثر على مصدر آلي — يحتاج جلبًا من المصنّع أو كتالوج التجزئة,شيك شاك - سموك شاك,Shake Shack - SmokeShack,شيك شاك,Shake Shack,Shake Shack,RESTAURANT,مطاعم,برجر,,,KSA,FOREIGN,,MEDIUM,P1,MISSING,,OFFICIAL_FOREIGN_MARKET,Shake Shack nutrition,,,,,,,,,,,,,NONE,HIGH,,,,,,,,,شيك شاك,Shake Shack,بيانات السوق الأجنبي فقط — تُوسم صراحةً ولا تُقدَّم كقيم سعودية.
QGAP-00604,NEEDS_SOURCE,لم يُعثر على مصدر آلي — يحتاج جلبًا من المصنّع أو كتالوج التجزئة,شيك شاك - شروم برجر,Shake Shack - Shroom burger,شيك شاك,Shake Shack,Shake Shack,RESTAURANT,مطاعم,برجر,,,KSA,FOREIGN,,MEDIUM,P1,MISSING,,OFFICIAL_FOREIGN_MARKET,Shake Shack nutrition,,,,,,,,,,,,,NONE,HIGH,,,,,,,,,شيك شاك,Shake Shack,بيانات السوق الأجنبي فقط — تُوسم صراحةً ولا تُقدَّم كقيم سعودية.
QGAP-00605,NEEDS_SOURCE,لم يُعثر على مصدر آلي — يحتاج جلبًا من المصنّع أو كتالوج التجزئة,شيك شاك - تشيكن شاك,Shake Shack - Chicken Shack,شيك شاك,Shake Shack,Shake Shack,RESTAURANT,مطاعم,برجر,,,KSA,FOREIGN,,MEDIUM,P1,MISSING,,OFFICIAL_FOREIGN_MARKET,Shake Shack nutrition,,,,,,,,,,,,,NONE,HIGH,,,,,,,,,شيك شاك,Shake Shack,بيانات السوق الأجنبي فقط — تُوسم صراحةً ولا تُقدَّم كقيم سعودية.
QGAP-00606,NEEDS_SOURCE,لم يُعثر على مصدر آلي — يحتاج جلبًا من المصنّع أو كتالوج التجزئة,شيك شاك - كرينكل فرايز,Shake Shack - Crinkle cut fries,شيك شاك,Shake Shack,Shake Shack,RESTAURANT,مطاعم,برجر,,,KSA,FOREIGN,,MEDIUM,P1,MISSING,,OFFICIAL_FOREIGN_MARKET,Shake Shack nutrition,,,,,,,,,,,,,NONE,HIGH,,,,,,,,,شيك شاك,Shake Shack,بيانات السوق الأجنبي فقط — تُوسم صراحةً ولا تُقدَّم كقيم سعودية.
QGAP-00608,NEEDS_SOURCE,لم يُعثر على مصدر آلي — يحتاج جلبًا من المصنّع أو كتالوج التجزئة,شيك شاك - كونكريت,Shake Shack - Concrete,شيك شاك,Shake Shack,Shake Shack,RESTAURANT,مطاعم,برجر,,,KSA,FOREIGN,,MEDIUM,P1,MISSING,,OFFICIAL_FOREIGN_MARKET,Shake Shack nutrition,,,,,,,,,,,,,NONE,HIGH,,,,,,,,,شيك شاك,Shake Shack,بيانات السوق الأجنبي فقط — تُوسم صراحةً ولا تُقدَّم كقيم سعودية.
QGAP-00610,NEEDS_SOURCE,لم يُعثر على مصدر آلي — يحتاج جلبًا من المصنّع أو كتالوج التجزئة,شيك شاك - ليموناضة,Shake Shack - Lemonade,شيك شاك,Shake Shack,Shake Shack,RESTAURANT,مطاعم,برجر,,,KSA,FOREIGN,,MEDIUM,P1,MISSING,,OFFICIAL_FOREIGN_MARKET,Shake Shack nutrition,,,,,,,,,,,,,NONE,HIGH,,,,,,,,,شيك شاك,Shake Shack,بيانات السوق الأجنبي فقط — تُوسم صراحةً ولا تُقدَّم كقيم سعودية.
QGAP-00611,NEEDS_SOURCE,لم يُعثر على مصدر آلي — يحتاج جلبًا من المصنّع أو كتالوج التجزئة,رايزنق كينز - وجبة 3 أصابع دجاج,Raising Cane's - Box combo 3 tenders,رايزنق كينز,Raising Cane's,Raising Cane's,RESTAURANT,مطاعم,دجاج مقلي,,,KSA,FOREIGN,,HIGH,P1,MISSING,,OFFICIAL_FOREIGN_MARKET,Raising Cane's nutrition,,,,,,,,,,,,,NONE,HIGH,,,,,,,,,رايزنق كينز,Raising Cane's,بيانات السوق الأجنبي فقط — تُوسم صراحةً ولا تُقدَّم كقيم سعودية.
QGAP-00612,NEEDS_SOURCE,لم يُعثر على مصدر آلي — يحتاج جلبًا من المصنّع أو كتالوج التجزئة,رايزنق كينز - وجبة كاني كومبو,Raising Cane's - Caniac combo,رايزنق كينز,Raising Cane's,Raising Cane's,RESTAURANT,مطاعم,دجاج مقلي,,,KSA,FOREIGN,,HIGH,P1,MISSING,,OFFICIAL_FOREIGN_MARKET,Raising Cane's nutrition,,,,,,,,,,,,,NONE,HIGH,,,,,,,,,رايزنق كينز,Raising Cane's,بيانات السوق الأجنبي فقط — تُوسم صراحةً ولا تُقدَّم كقيم سعودية.
QGAP-00613,NEEDS_SOURCE,لم يُعثر على مصدر آلي — يحتاج جلبًا من المصنّع أو كتالوج التجزئة,رايزنق كينز - ساندويتش دجاج,Raising Cane's - Chicken sandwich,رايزنق كينز,Raising Cane's,Raising Cane's,RESTAURANT,مطاعم,دجاج مقلي,,,KSA,FOREIGN,,HIGH,P1,MISSING,,OFFICIAL_FOREIGN_MARKET,Raising Cane's nutrition,,,,,,,,,,,,,NONE,HIGH,,,,,,,,,رايزنق كينز,Raising Cane's,بيانات السوق الأجنبي فقط — تُوسم صراحةً ولا تُقدَّم كقيم سعودية.
QGAP-00614,NEEDS_SOURCE,لم يُعثر على مصدر آلي — يحتاج جلبًا من المصنّع أو كتالوج التجزئة,رايزنق كينز - كرينكل فرايز,Raising Cane's - Crinkle-cut fries,رايزنق كينز,Raising Cane's,Raising Cane's,RESTAURANT,مطاعم,دجاج مقلي,,,KSA,FOREIGN,,HIGH,P1,MISSING,,OFFICIAL_FOREIGN_MARKET,Raising Cane's nutrition,,,,,,,,,,,,,NONE,HIGH,,,,,,,,,رايزنق كينز,Raising Cane's,بيانات السوق الأجنبي فقط — تُوسم صراحةً ولا تُقدَّم كقيم سعودية.
QGAP-00615,NEEDS_SOURCE,لم يُعثر على مصدر آلي — يحتاج جلبًا من المصنّع أو كتالوج التجزئة,رايزنق كينز - خبز تكساس,Raising Cane's - Texas toast,رايزنق كينز,Raising Cane's,Raising Cane's,RESTAURANT,مطاعم,دجاج مقلي,,,KSA,FOREIGN,,HIGH,P1,MISSING,,OFFICIAL_FOREIGN_MARKET,Raising Cane's nutrition,,,,,,,,,,,,,NONE,HIGH,,,,,,,,,رايزنق كينز,Raising Cane's,بيانات السوق الأجنبي فقط — تُوسم صراحةً ولا تُقدَّم كقيم سعودية.
QGAP-00616,NEEDS_SOURCE,لم يُعثر على مصدر آلي — يحتاج جلبًا من المصنّع أو كتالوج التجزئة,رايزنق كينز - كول سلو,Raising Cane's - Coleslaw,رايزنق كينز,Raising Cane's,Raising Cane's,RESTAURANT,مطاعم,دجاج مقلي,,,KSA,FOREIGN,,HIGH,P1,MISSING,,OFFICIAL_FOREIGN_MARKET,Raising Cane's nutrition,,,,,,,,,,,,,NONE,HIGH,,,,,,,,,رايزنق كينز,Raising Cane's,بيانات السوق الأجنبي فقط — تُوسم صراحةً ولا تُقدَّم كقيم سعودية.
QGAP-00617,NEEDS_SOURCE,لم يُعثر على مصدر آلي — يحتاج جلبًا من المصنّع أو كتالوج التجزئة,رايزنق كينز - صوص كينز,Raising Cane's - Cane's sauce,رايزنق كينز,Raising Cane's,Raising Cane's,RESTAURANT,مطاعم,دجاج مقلي,,,KSA,FOREIGN,,HIGH,P1,MISSING,,OFFICIAL_FOREIGN_MARKET,Raising Cane's nutrition,,,,,,,,,,,,,NONE,HIGH,,,,,,,,,رايزنق كينز,Raising Cane's,بيانات السوق الأجنبي فقط — تُوسم صراحةً ولا تُقدَّم كقيم سعودية.
QGAP-00618,NEEDS_SOURCE,لم يُعثر على مصدر آلي — يحتاج جلبًا من المصنّع أو كتالوج التجزئة,رايزنق كينز - شاي مثلج,Raising Cane's - Sweet tea,رايزنق كينز,Raising Cane's,Raising Cane's,RESTAURANT,مطاعم,دجاج مقلي,,,KSA,FOREIGN,,HIGH,P1,MISSING,,OFFICIAL_FOREIGN_MARKET,Raising Cane's nutrition,,,,,,,,,,,,,NONE,HIGH,,,,,,,,,رايزنق كينز,Raising Cane's,بيانات السوق الأجنبي فقط — تُوسم صراحةً ولا تُقدَّم كقيم سعودية.
QGAP-00619,NEEDS_SOURCE,سعرات رسمية على قائمة الفرع/التطبيق (إلزام SFDA) — تُقرأ يدويًا؛ الماكروز غير منشورة,ستاربكس - فلات وايت,Starbucks - Flat White,ستاربكس,Starbucks,Starbucks,RESTAURANT,مطاعم,قهوة,,,KSA,KSA,,VERY_HIGH,P0,MISSING,,OFFICIAL_LOCAL_KCAL,Starbucks KSA menu (SFDA) — وصفات MENA تختلف عن أمريكا,,,,,,,,,,,,,NONE,HIGH,,,,,,,,,ستاربكس,Starbucks,السعرات متاحة رسميًا على قائمة الفرع/التطبيق (إلزام SFDA منذ ١ يوليو ٢٠٢٥). الماكروز غير منشورة — تبقى فارغة.
QGAP-00620,NEEDS_SOURCE,سعرات رسمية على قائمة الفرع/التطبيق (إلزام SFDA) — تُقرأ يدويًا؛ الماكروز غير منشورة,ستاربكس - كورتادو,Starbucks - Cortado,ستاربكس,Starbucks,Starbucks,RESTAURANT,مطاعم,قهوة,,,KSA,KSA,,VERY_HIGH,P0,MISSING,,OFFICIAL_LOCAL_KCAL,Starbucks KSA menu (SFDA) — وصفات MENA تختلف عن أمريكا,,,,,,,,,,,,,NONE,HIGH,,,,,,,,,ستاربكس,Starbucks,السعرات متاحة رسميًا على قائمة الفرع/التطبيق (إلزام SFDA منذ ١ يوليو ٢٠٢٥). الماكروز غير منشورة — تبقى فارغة.
QGAP-00621,NEEDS_SOURCE,سعرات رسمية على قائمة الفرع/التطبيق (إلزام SFDA) — تُقرأ يدويًا؛ الماكروز غير منشورة,ستاربكس - كولد برو,Starbucks - Cold Brew,ستاربكس,Starbucks,Starbucks,RESTAURANT,مطاعم,قهوة,,,KSA,KSA,,VERY_HIGH,P0,MISSING,,OFFICIAL_LOCAL_KCAL,Starbucks KSA menu (SFDA) — وصفات MENA تختلف عن أمريكا,,,,,,,,,,,,,NONE,HIGH,,,,,,,,,ستاربكس,Starbucks,السعرات متاحة رسميًا على قائمة الفرع/التطبيق (إلزام SFDA منذ ١ يوليو ٢٠٢٥). الماكروز غير منشورة — تبقى فارغة.
QGAP-00623,NEEDS_SOURCE,سعرات رسمية على قائمة الفرع/التطبيق (إلزام SFDA) — تُقرأ يدويًا؛ الماكروز غير منشورة,ستاربكس - بينك درينك,Starbucks - Pink Drink,ستاربكس,Starbucks,Starbucks,RESTAURANT,مطاعم,قهوة,,,KSA,KSA,,VERY_HIGH,P0,MISSING,,OFFICIAL_LOCAL_KCAL,Starbucks KSA menu (SFDA) — وصفات MENA تختلف عن أمريكا,,,,,,,,,,,,,NONE,HIGH,,,,,,,,,ستاربكس,Starbucks,السعرات متاحة رسميًا على قائمة الفرع/التطبيق (إلزام SFDA منذ ١ يوليو ٢٠٢٥). الماكروز غير منشورة — تبقى فارغة.
QGAP-00624,NEEDS_SOURCE,سعرات رسمية على قائمة الفرع/التطبيق (إلزام SFDA) — تُقرأ يدويًا؛ الماكروز غير منشورة,ستاربكس - ماتشا لاتيه,Starbucks - Matcha Latte,ستاربكس,Starbucks,Starbucks,RESTAURANT,مطاعم,قهوة,,,KSA,KSA,,VERY_HIGH,P0,MISSING,,OFFICIAL_LOCAL_KCAL,Starbucks KSA menu (SFDA) — وصفات MENA تختلف عن أمريكا,,,,,,,,,,,,,NONE,HIGH,,,,,,,,,ستاربكس,Starbucks,السعرات متاحة رسميًا على قائمة الفرع/التطبيق (إلزام SFDA منذ ١ يوليو ٢٠٢٥). الماكروز غير منشورة — تبقى فارغة.
QGAP-00625,NEEDS_SOURCE,سعرات رسمية على قائمة الفرع/التطبيق (إلزام SFDA) — تُقرأ يدويًا؛ الماكروز غير منشورة,ستاربكس - شاي تشاي لاتيه,Starbucks - Chai Tea Latte,ستاربكس,Starbucks,Starbucks,RESTAURANT,مطاعم,قهوة,,,KSA,KSA,,VERY_HIGH,P0,MISSING,,OFFICIAL_LOCAL_KCAL,Starbucks KSA menu (SFDA) — وصفات MENA تختلف عن أمريكا,,,,,,,,,,,,,NONE,HIGH,,,,,,,,,ستاربكس,Starbucks,السعرات متاحة رسميًا على قائمة الفرع/التطبيق (إلزام SFDA منذ ١ يوليو ٢٠٢٥). الماكروز غير منشورة — تبقى فارغة.
QGAP-00626,NEEDS_SOURCE,سعرات رسمية على قائمة الفرع/التطبيق (إلزام SFDA) — تُقرأ يدويًا؛ الماكروز غير منشورة,ستاربكس - وايت موكا,Starbucks - White Chocolate Mocha,ستاربكس,Starbucks,Starbucks,RESTAURANT,مطاعم,قهوة,,,KSA,KSA,,VERY_HIGH,P0,MISSING,,OFFICIAL_LOCAL_KCAL,Starbucks KSA menu (SFDA) — وصفات MENA تختلف عن أمريكا,,,,,,,,,,,,,NONE,HIGH,,,,,,,,,ستاربكس,Starbucks,السعرات متاحة رسميًا على قائمة الفرع/التطبيق (إلزام SFDA منذ ١ يوليو ٢٠٢٥). الماكروز غير منشورة — تبقى فارغة.
QGAP-00627,NEEDS_SOURCE,سعرات رسمية على قائمة الفرع/التطبيق (إلزام SFDA) — تُقرأ يدويًا؛ الماكروز غير منشورة,ستاربكس - فرابتشينو موكا,Starbucks - Mocha Frappuccino,ستاربكس,Starbucks,Starbucks,RESTAURANT,مطاعم,قهوة,,,KSA,KSA,,VERY_HIGH,P0,MISSING,,OFFICIAL_LOCAL_KCAL,Starbucks KSA menu (SFDA) — وصفات MENA تختلف عن أمريكا,,,,,,,,,,,,,NONE,HIGH,,,,,,,,,ستاربكس,Starbucks,السعرات متاحة رسميًا على قائمة الفرع/التطبيق (إلزام SFDA منذ ١ يوليو ٢٠٢٥). الماكروز غير منشورة — تبقى فارغة.
QGAP-00628,NEEDS_SOURCE,سعرات رسمية على قائمة الفرع/التطبيق (إلزام SFDA) — تُقرأ يدويًا؛ الماكروز غير منشورة,ستاربكس - فرابتشينو جافا تشيب,Starbucks - Java Chip Frappuccino,ستاربكس,Starbucks,Starbucks,RESTAURANT,مطاعم,قهوة,,,KSA,KSA,,VERY_HIGH,P0,MISSING,,OFFICIAL_LOCAL_KCAL,Starbucks KSA menu (SFDA) — وصفات MENA تختلف عن أمريكا,,,,,,,,,,,,,NONE,HIGH,,,,,,,,,ستاربكس,Starbucks,السعرات متاحة رسميًا على قائمة الفرع/التطبيق (إلزام SFDA منذ ١ يوليو ٢٠٢٥). الماكروز غير منشورة — تبقى فارغة.
QGAP-00629,NEEDS_SOURCE,سعرات رسمية على قائمة الفرع/التطبيق (إلزام SFDA) — تُقرأ يدويًا؛ الماكروز غير منشورة,ستاربكس - هوت شوكليت,Starbucks - Hot Chocolate,ستاربكس,Starbucks,Starbucks,RESTAURANT,مطاعم,قهوة,,,KSA,KSA,,VERY_HIGH,P0,MISSING,,OFFICIAL_LOCAL_KCAL,Starbucks KSA menu (SFDA) — وصفات MENA تختلف عن أمريكا,,,,,,,,,,,,,NONE,HIGH,,,,,,,,,ستاربكس,Starbucks,السعرات متاحة رسميًا على قائمة الفرع/التطبيق (إلزام SFDA منذ ١ يوليو ٢٠٢٥). الماكروز غير منشورة — تبقى فارغة.
QGAP-00630,NEEDS_SOURCE,سعرات رسمية على قائمة الفرع/التطبيق (إلزام SFDA) — تُقرأ يدويًا؛ الماكروز غير منشورة,ستاربكس - إسبريسو دبل,Starbucks - Double Espresso,ستاربكس,Starbucks,Starbucks,RESTAURANT,مطاعم,قهوة,,,KSA,KSA,,VERY_HIGH,P0,MISSING,,OFFICIAL_LOCAL_KCAL,Starbucks KSA menu (SFDA) — وصفات MENA تختلف عن أمريكا,,,,,,,,,,,,,NONE,HIGH,,,,,,,,,ستاربكس,Starbucks,السعرات متاحة رسميًا على قائمة الفرع/التطبيق (إلزام SFDA منذ ١ يوليو ٢٠٢٥). الماكروز غير منشورة — تبقى فارغة.
QGAP-00631,NEEDS_SOURCE,سعرات رسمية على قائمة الفرع/التطبيق (إلزام SFDA) — تُقرأ يدويًا؛ الماكروز غير منشورة,ستاربكس - كيك بوب,Starbucks - Cake pop,ستاربكس,Starbucks,Starbucks,RESTAURANT,مطاعم,قهوة,,,KSA,KSA,,VERY_HIGH,P0,MISSING,,OFFICIAL_LOCAL_KCAL,Starbucks KSA menu (SFDA) — وصفات MENA تختلف عن أمريكا,,,,,,,,,,,,,NONE,HIGH,,,,,,,,,ستاربكس,Starbucks,السعرات متاحة رسميًا على قائمة الفرع/التطبيق (إلزام SFDA منذ ١ يوليو ٢٠٢٥). الماكروز غير منشورة — تبقى فارغة.
QGAP-00632,NEEDS_SOURCE,سعرات رسمية على قائمة الفرع/التطبيق (إلزام SFDA) — تُقرأ يدويًا؛ الماكروز غير منشورة,ستاربكس - تشيز كيك,Starbucks - Cheesecake,ستاربكس,Starbucks,Starbucks,RESTAURANT,مطاعم,قهوة,,,KSA,KSA,,VERY_HIGH,P0,MISSING,,OFFICIAL_LOCAL_KCAL,Starbucks KSA menu (SFDA) — وصفات MENA تختلف عن أمريكا,,,,,,,,,,,,,NONE,HIGH,,,,,,,,,ستاربكس,Starbucks,السعرات متاحة رسميًا على قائمة الفرع/التطبيق (إلزام SFDA منذ ١ يوليو ٢٠٢٥). الماكروز غير منشورة — تبقى فارغة.
QGAP-00633,NEEDS_SOURCE,سعرات رسمية على قائمة الفرع/التطبيق (إلزام SFDA) — تُقرأ يدويًا؛ الماكروز غير منشورة,ستاربكس - كرواسون بالزبدة,Starbucks - Butter croissant,ستاربكس,Starbucks,Starbucks,RESTAURANT,مطاعم,قهوة,,,KSA,KSA,,VERY_HIGH,P0,MISSING,,OFFICIAL_LOCAL_KCAL,Starbucks KSA menu (SFDA) — وصفات MENA تختلف عن أمريكا,,,,,,,,,,,,,NONE,HIGH,,,,,,,,,ستاربكس,Starbucks,السعرات متاحة رسميًا على قائمة الفرع/التطبيق (إلزام SFDA منذ ١ يوليو ٢٠٢٥). الماكروز غير منشورة — تبقى فارغة.
QGAP-00634,NEEDS_SOURCE,سعرات رسمية على قائمة الفرع/التطبيق (إلزام SFDA) — تُقرأ يدويًا؛ الماكروز غير منشورة,ستاربكس - ساندويتش تيركي,Starbucks - Turkey sandwich,ستاربكس,Starbucks,Starbucks,RESTAURANT,مطاعم,قهوة,,,KSA,KSA,,VERY_HIGH,P0,MISSING,,OFFICIAL_LOCAL_KCAL,Starbucks KSA menu (SFDA) — وصفات MENA تختلف عن أمريكا,,,,,,,,,,,,,NONE,HIGH,,,,,,,,,ستاربكس,Starbucks,السعرات متاحة رسميًا على قائمة الفرع/التطبيق (إلزام SFDA منذ ١ يوليو ٢٠٢٥). الماكروز غير منشورة — تبقى فارغة.
QGAP-00635,NEEDS_SOURCE,سعرات رسمية على قائمة الفرع/التطبيق (إلزام SFDA) — تُقرأ يدويًا؛ الماكروز غير منشورة,ستاربكس - مافن بلوبيري,Starbucks - Blueberry muffin,ستاربكس,Starbucks,Starbucks,RESTAURANT,مطاعم,قهوة,,,KSA,KSA,,VERY_HIGH,P0,MISSING,,OFFICIAL_LOCAL_KCAL,Starbucks KSA menu (SFDA) — وصفات MENA تختلف عن أمريكا,,,,,,,,,,,,,NONE,HIGH,,,,,,,,,ستاربكس,Starbucks,السعرات متاحة رسميًا على قائمة الفرع/التطبيق (إلزام SFDA منذ ١ يوليو ٢٠٢٥). الماكروز غير منشورة — تبقى فارغة.
QGAP-00636,NEEDS_SOURCE,سعرات رسمية على قائمة الفرع/التطبيق (إلزام SFDA) — تُقرأ يدويًا؛ الماكروز غير منشورة,ستاربكس - براوني,Starbucks - Brownie,ستاربكس,Starbucks,Starbucks,RESTAURANT,مطاعم,قهوة,,,KSA,KSA,,VERY_HIGH,P0,MISSING,,OFFICIAL_LOCAL_KCAL,Starbucks KSA menu (SFDA) — وصفات MENA تختلف عن أمريكا,,,,,,,,,,,,,NONE,HIGH,,,,,,,,,ستاربكس,Starbucks,السعرات متاحة رسميًا على قائمة الفرع/التطبيق (إلزام SFDA منذ ١ يوليو ٢٠٢٥). الماكروز غير منشورة — تبقى فارغة.
QGAP-00637,NEEDS_SOURCE,سعرات رسمية على قائمة الفرع/التطبيق (إلزام SFDA) — تُقرأ يدويًا؛ الماكروز غير منشورة,ستاربكس - بانانا بريد,Starbucks - Banana bread,ستاربكس,Starbucks,Starbucks,RESTAURANT,مطاعم,قهوة,,,KSA,KSA,,VERY_HIGH,P0,MISSING,,OFFICIAL_LOCAL_KCAL,Starbucks KSA menu (SFDA) — وصفات MENA تختلف عن أمريكا,,,,,,,,,,,,,NONE,HIGH,,,,,,,,,ستاربكس,Starbucks,السعرات متاحة رسميًا على قائمة الفرع/التطبيق (إلزام SFDA منذ ١ يوليو ٢٠٢٥). الماكروز غير منشورة — تبقى فارغة.
QGAP-00638,NEEDS_SOURCE,سعرات رسمية على قائمة الفرع/التطبيق (إلزام SFDA) — تُقرأ يدويًا؛ الماكروز غير منشورة,ستاربكس - أوت ميل,Starbucks - Oatmeal,ستاربكس,Starbucks,Starbucks,RESTAURANT,مطاعم,قهوة,,,KSA,KSA,,VERY_HIGH,P0,MISSING,,OFFICIAL_LOCAL_KCAL,Starbucks KSA menu (SFDA) — وصفات MENA تختلف عن أمريكا,,,,,,,,,,,,,NONE,HIGH,,,,,,,,,ستاربكس,Starbucks,السعرات متاحة رسميًا على قائمة الفرع/التطبيق (إلزام SFDA منذ ١ يوليو ٢٠٢٥). الماكروز غير منشورة — تبقى فارغة.
QGAP-00639,NEEDS_SOURCE,سعرات رسمية على قائمة الفرع/التطبيق (إلزام SFDA) — تُقرأ يدويًا؛ الماكروز غير منشورة,ستاربكس - كوكيز,Starbucks - Cookie,ستاربكس,Starbucks,Starbucks,RESTAURANT,مطاعم,قهوة,,,KSA,KSA,,VERY_HIGH,P0,MISSING,,OFFICIAL_LOCAL_KCAL,Starbucks KSA menu (SFDA) — وصفات MENA تختلف عن أمريكا,,,,,,,,,,,,,NONE,HIGH,,,,,,,,,ستاربكس,Starbucks,السعرات متاحة رسميًا على قائمة الفرع/التطبيق (إلزام SFDA منذ ١ يوليو ٢٠٢٥). الماكروز غير منشورة — تبقى فارغة.
QGAP-00640,NEEDS_SOURCE,سعرات رسمية على قائمة الفرع/التطبيق (إلزام SFDA) — تُقرأ يدويًا؛ الماكروز غير منشورة,ستاربكس - لاتيه بحليب الشوفان,Starbucks - Oat milk latte,ستاربكس,Starbucks,Starbucks,RESTAURANT,مطاعم,قهوة,,,KSA,KSA,,VERY_HIGH,P0,MISSING,,OFFICIAL_LOCAL_KCAL,Starbucks KSA menu (SFDA) — وصفات MENA تختلف عن أمريكا,,,,,,,,,,,,,NONE,HIGH,,,,,,,,,ستاربكس,Starbucks,السعرات متاحة رسميًا على قائمة الفرع/التطبيق (إلزام SFDA منذ ١ يوليو ٢٠٢٥). الماكروز غير منشورة — تبقى فارغة.
QGAP-00641,NEEDS_SOURCE,سعرات رسمية على قائمة الفرع/التطبيق (إلزام SFDA) — تُقرأ يدويًا؛ الماكروز غير منشورة,ستاربكس - شاي مثلج بالخوخ,Starbucks - Iced peach tea,ستاربكس,Starbucks,Starbucks,RESTAURANT,مطاعم,قهوة,,,KSA,KSA,,VERY_HIGH,P0,MISSING,,OFFICIAL_LOCAL_KCAL,Starbucks KSA menu (SFDA) — وصفات MENA تختلف عن أمريكا,,,,,,,,,,,,,NONE,HIGH,,,,,,,,,ستاربكس,Starbucks,السعرات متاحة رسميًا على قائمة الفرع/التطبيق (إلزام SFDA منذ ١ يوليو ٢٠٢٥). الماكروز غير منشورة — تبقى فارغة.
QGAP-00642,NEEDS_SOURCE,سعرات رسمية على قائمة الفرع/التطبيق (إلزام SFDA) — تُقرأ يدويًا؛ الماكروز غير منشورة,ستاربكس - ريفرشر مانجو,Starbucks - Mango refresher,ستاربكس,Starbucks,Starbucks,RESTAURANT,مطاعم,قهوة,,,KSA,KSA,,VERY_HIGH,P0,MISSING,,OFFICIAL_LOCAL_KCAL,Starbucks KSA menu (SFDA) — وصفات MENA تختلف عن أمريكا,,,,,,,,,,,,,NONE,HIGH,,,,,,,,,ستاربكس,Starbucks,السعرات متاحة رسميًا على قائمة الفرع/التطبيق (إلزام SFDA منذ ١ يوليو ٢٠٢٥). الماكروز غير منشورة — تبقى فارغة.
QGAP-00643,NEEDS_SOURCE,سعرات رسمية على قائمة الفرع/التطبيق (إلزام SFDA) — تُقرأ يدويًا؛ الماكروز غير منشورة,دانكن - دونات بوسطن كريم,Dunkin' - Boston Kreme donut,دانكن,Dunkin',Dunkin',RESTAURANT,مطاعم,قهوة وحلويات,,,KSA,KSA,,VERY_HIGH,P1,MISSING,,OFFICIAL_LOCAL_KCAL,Dunkin KSA menu (SFDA),,,,,,,,,,,,,NONE,HIGH,,,,,,,,,دانكن,Dunkin',السعرات متاحة رسميًا على قائمة الفرع/التطبيق (إلزام SFDA منذ ١ يوليو ٢٠٢٥). الماكروز غير منشورة — تبقى فارغة.
QGAP-00644,NEEDS_SOURCE,سعرات رسمية على قائمة الفرع/التطبيق (إلزام SFDA) — تُقرأ يدويًا؛ الماكروز غير منشورة,دانكن - دونات سبرينكل,Dunkin' - Sprinkled donut,دانكن,Dunkin',Dunkin',RESTAURANT,مطاعم,قهوة وحلويات,,,KSA,KSA,,VERY_HIGH,P1,MISSING,,OFFICIAL_LOCAL_KCAL,Dunkin KSA menu (SFDA),,,,,,,,,,,,,NONE,HIGH,,,,,,,,,دانكن,Dunkin',السعرات متاحة رسميًا على قائمة الفرع/التطبيق (إلزام SFDA منذ ١ يوليو ٢٠٢٥). الماكروز غير منشورة — تبقى فارغة.
QGAP-00645,NEEDS_SOURCE,سعرات رسمية على قائمة الفرع/التطبيق (إلزام SFDA) — تُقرأ يدويًا؛ الماكروز غير منشورة,دانكن - دونات كراميل,Dunkin' - Caramel donut,دانكن,Dunkin',Dunkin',RESTAURANT,مطاعم,قهوة وحلويات,,,KSA,KSA,,VERY_HIGH,P1,MISSING,,OFFICIAL_LOCAL_KCAL,Dunkin KSA menu (SFDA),,,,,,,,,,,,,NONE,HIGH,,,,,,,,,دانكن,Dunkin',السعرات متاحة رسميًا على قائمة الفرع/التطبيق (إلزام SFDA منذ ١ يوليو ٢٠٢٥). الماكروز غير منشورة — تبقى فارغة.
QGAP-00646,NEEDS_SOURCE,سعرات رسمية على قائمة الفرع/التطبيق (إلزام SFDA) — تُقرأ يدويًا؛ الماكروز غير منشورة,دانكن - دونات جبن,Dunkin' - Cheese donut,دانكن,Dunkin',Dunkin',RESTAURANT,مطاعم,قهوة وحلويات,,,KSA,KSA,,VERY_HIGH,P1,MISSING,,OFFICIAL_LOCAL_KCAL,Dunkin KSA menu (SFDA),,,,,,,,,,,,,NONE,HIGH,,,,,,,,,دانكن,Dunkin',السعرات متاحة رسميًا على قائمة الفرع/التطبيق (إلزام SFDA منذ ١ يوليو ٢٠٢٥). الماكروز غير منشورة — تبقى فارغة.
QGAP-00648,NEEDS_SOURCE,سعرات رسمية على قائمة الفرع/التطبيق (إلزام SFDA) — تُقرأ يدويًا؛ الماكروز غير منشورة,دانكن - آيس لاتيه,Dunkin' - Iced latte,دانكن,Dunkin',Dunkin',RESTAURANT,مطاعم,قهوة وحلويات,,,KSA,KSA,,VERY_HIGH,P1,MISSING,,OFFICIAL_LOCAL_KCAL,Dunkin KSA menu (SFDA),,,,,,,,,,,,,NONE,HIGH,,,,,,,,,دانكن,Dunkin',السعرات متاحة رسميًا على قائمة الفرع/التطبيق (إلزام SFDA منذ ١ يوليو ٢٠٢٥). الماكروز غير منشورة — تبقى فارغة.
QGAP-00649,NEEDS_SOURCE,سعرات رسمية على قائمة الفرع/التطبيق (إلزام SFDA) — تُقرأ يدويًا؛ الماكروز غير منشورة,دانكن - كولد برو,Dunkin' - Cold brew,دانكن,Dunkin',Dunkin',RESTAURANT,مطاعم,قهوة وحلويات,,,KSA,KSA,,VERY_HIGH,P1,MISSING,,OFFICIAL_LOCAL_KCAL,Dunkin KSA menu (SFDA),,,,,,,,,,,,,NONE,HIGH,,,,,,,,,دانكن,Dunkin',السعرات متاحة رسميًا على قائمة الفرع/التطبيق (إلزام SFDA منذ ١ يوليو ٢٠٢٥). الماكروز غير منشورة — تبقى فارغة.
QGAP-00651,NEEDS_SOURCE,سعرات رسمية على قائمة الفرع/التطبيق (إلزام SFDA) — تُقرأ يدويًا؛ الماكروز غير منشورة,دانكن - هوت شوكليت,Dunkin' - Hot chocolate,دانكن,Dunkin',Dunkin',RESTAURANT,مطاعم,قهوة وحلويات,,,KSA,KSA,,VERY_HIGH,P1,MISSING,,OFFICIAL_LOCAL_KCAL,Dunkin KSA menu (SFDA),,,,,,,,,,,,,NONE,HIGH,,,,,,,,,دانكن,Dunkin',السعرات متاحة رسميًا على قائمة الفرع/التطبيق (إلزام SFDA منذ ١ يوليو ٢٠٢٥). الماكروز غير منشورة — تبقى فارغة.
QGAP-00652,NEEDS_SOURCE,سعرات رسمية على قائمة الفرع/التطبيق (إلزام SFDA) — تُقرأ يدويًا؛ الماكروز غير منشورة,دانكن - ساندويتش فطور,Dunkin' - Breakfast sandwich,دانكن,Dunkin',Dunkin',RESTAURANT,مطاعم,قهوة وحلويات,,,KSA,KSA,,VERY_HIGH,P1,MISSING,,OFFICIAL_LOCAL_KCAL,Dunkin KSA menu (SFDA),,,,,,,,,,,,,NONE,HIGH,,,,,,,,,دانكن,Dunkin',السعرات متاحة رسميًا على قائمة الفرع/التطبيق (إلزام SFDA منذ ١ يوليو ٢٠٢٥). الماكروز غير منشورة — تبقى فارغة.
QGAP-00653,NEEDS_SOURCE,سعرات رسمية على قائمة الفرع/التطبيق (إلزام SFDA) — تُقرأ يدويًا؛ الماكروز غير منشورة,دانكن - مانشكينز 10 حبات,Dunkin' - Munchkins 10 pcs,دانكن,Dunkin',Dunkin',RESTAURANT,مطاعم,قهوة وحلويات,,,KSA,KSA,,VERY_HIGH,P1,MISSING,,OFFICIAL_LOCAL_KCAL,Dunkin KSA menu (SFDA),,,,,,,,,,,,,NONE,HIGH,,,,,,,,,دانكن,Dunkin',السعرات متاحة رسميًا على قائمة الفرع/التطبيق (إلزام SFDA منذ ١ يوليو ٢٠٢٥). الماكروز غير منشورة — تبقى فارغة.
QGAP-00654,NEEDS_SOURCE,سعرات رسمية على قائمة الفرع/التطبيق (إلزام SFDA) — تُقرأ يدويًا؛ الماكروز غير منشورة,دانكن - فرابي,Dunkin' - Frozen coffee,دانكن,Dunkin',Dunkin',RESTAURANT,مطاعم,قهوة وحلويات,,,KSA,KSA,,VERY_HIGH,P1,MISSING,,OFFICIAL_LOCAL_KCAL,Dunkin KSA menu (SFDA),,,,,,,,,,,,,NONE,HIGH,,,,,,,,,دانكن,Dunkin',السعرات متاحة رسميًا على قائمة الفرع/التطبيق (إلزام SFDA منذ ١ يوليو ٢٠٢٥). الماكروز غير منشورة — تبقى فارغة.
QGAP-00655,NEEDS_SOURCE,سعرات رسمية على قائمة الفرع/التطبيق (إلزام SFDA) — تُقرأ يدويًا؛ الماكروز غير منشورة,دانكن - شاي مثلج,Dunkin' - Iced tea,دانكن,Dunkin',Dunkin',RESTAURANT,مطاعم,قهوة وحلويات,,,KSA,KSA,,VERY_HIGH,P1,MISSING,,OFFICIAL_LOCAL_KCAL,Dunkin KSA menu (SFDA),,,,,,,,,,,,,NONE,HIGH,,,,,,,,,دانكن,Dunkin',السعرات متاحة رسميًا على قائمة الفرع/التطبيق (إلزام SFDA منذ ١ يوليو ٢٠٢٥). الماكروز غير منشورة — تبقى فارغة.
QGAP-00656,NEEDS_SOURCE,سعرات رسمية على قائمة الفرع/التطبيق (إلزام SFDA) — تُقرأ يدويًا؛ الماكروز غير منشورة,دانكن - بيجل,Dunkin' - Bagel,دانكن,Dunkin',Dunkin',RESTAURANT,مطاعم,قهوة وحلويات,,,KSA,KSA,,VERY_HIGH,P1,MISSING,,OFFICIAL_LOCAL_KCAL,Dunkin KSA menu (SFDA),,,,,,,,,,,,,NONE,HIGH,,,,,,,,,دانكن,Dunkin',السعرات متاحة رسميًا على قائمة الفرع/التطبيق (إلزام SFDA منذ ١ يوليو ٢٠٢٥). الماكروز غير منشورة — تبقى فارغة.
QGAP-00657,NEEDS_SOURCE,سعرات رسمية على قائمة الفرع/التطبيق (إلزام SFDA) — تُقرأ يدويًا؛ الماكروز غير منشورة,دانكن - مافن,Dunkin' - Muffin,دانكن,Dunkin',Dunkin',RESTAURANT,مطاعم,قهوة وحلويات,,,KSA,KSA,,VERY_HIGH,P1,MISSING,,OFFICIAL_LOCAL_KCAL,Dunkin KSA menu (SFDA),,,,,,,,,,,,,NONE,HIGH,,,,,,,,,دانكن,Dunkin',السعرات متاحة رسميًا على قائمة الفرع/التطبيق (إلزام SFDA منذ ١ يوليو ٢٠٢٥). الماكروز غير منشورة — تبقى فارغة.
QGAP-00658,NEEDS_SOURCE,سعرات رسمية على قائمة الفرع/التطبيق (إلزام SFDA) — تُقرأ يدويًا؛ الماكروز غير منشورة,تيم هورتنز - قهوة أصلية,Tim Hortons - Original blend coffee,تيم هورتنز,Tim Hortons,Tim Hortons,RESTAURANT,مطاعم,قهوة,,,KSA,KSA,,VERY_HIGH,P1,MISSING,,OFFICIAL_LOCAL_KCAL,Tim Hortons KSA menu (SFDA),,,,,,,,,,,,,NONE,HIGH,,,,,,,,,تيم هورتنز,Tim Hortons,السعرات متاحة رسميًا على قائمة الفرع/التطبيق (إلزام SFDA منذ ١ يوليو ٢٠٢٥). الماكروز غير منشورة — تبقى فارغة.
QGAP-00659,NEEDS_SOURCE,سعرات رسمية على قائمة الفرع/التطبيق (إلزام SFDA) — تُقرأ يدويًا؛ الماكروز غير منشورة,تيم هورتنز - دبل دبل,Tim Hortons - Double Double,تيم هورتنز,Tim Hortons,Tim Hortons,RESTAURANT,مطاعم,قهوة,,,KSA,KSA,,VERY_HIGH,P1,MISSING,,OFFICIAL_LOCAL_KCAL,Tim Hortons KSA menu (SFDA),,,,,,,,,,,,,NONE,HIGH,,,,,,,,,تيم هورتنز,Tim Hortons,السعرات متاحة رسميًا على قائمة الفرع/التطبيق (إلزام SFDA منذ ١ يوليو ٢٠٢٥). الماكروز غير منشورة — تبقى فارغة.
QGAP-00660,NEEDS_SOURCE,سعرات رسمية على قائمة الفرع/التطبيق (إلزام SFDA) — تُقرأ يدويًا؛ الماكروز غير منشورة,تيم هورتنز - آيس كابتشينو,Tim Hortons - Iced Capp,تيم هورتنز,Tim Hortons,Tim Hortons,RESTAURANT,مطاعم,قهوة,,,KSA,KSA,,VERY_HIGH,P1,MISSING,,OFFICIAL_LOCAL_KCAL,Tim Hortons KSA menu (SFDA),,,,,,,,,,,,,NONE,HIGH,,,,,,,,,تيم هورتنز,Tim Hortons,السعرات متاحة رسميًا على قائمة الفرع/التطبيق (إلزام SFDA منذ ١ يوليو ٢٠٢٥). الماكروز غير منشورة — تبقى فارغة.
QGAP-00661,NEEDS_SOURCE,سعرات رسمية على قائمة الفرع/التطبيق (إلزام SFDA) — تُقرأ يدويًا؛ الماكروز غير منشورة,تيم هورتنز - لاتيه فانيلا,Tim Hortons - French vanilla latte,تيم هورتنز,Tim Hortons,Tim Hortons,RESTAURANT,مطاعم,قهوة,,,KSA,KSA,,VERY_HIGH,P1,MISSING,,OFFICIAL_LOCAL_KCAL,Tim Hortons KSA menu (SFDA),,,,,,,,,,,,,NONE,HIGH,,,,,,,,,تيم هورتنز,Tim Hortons,السعرات متاحة رسميًا على قائمة الفرع/التطبيق (إلزام SFDA منذ ١ يوليو ٢٠٢٥). الماكروز غير منشورة — تبقى فارغة.
QGAP-00662,NEEDS_SOURCE,سعرات رسمية على قائمة الفرع/التطبيق (إلزام SFDA) — تُقرأ يدويًا؛ الماكروز غير منشورة,تيم هورتنز - تيمبيتس,Tim Hortons - Timbits,تيم هورتنز,Tim Hortons,Tim Hortons,RESTAURANT,مطاعم,قهوة,,,KSA,KSA,,VERY_HIGH,P1,MISSING,,OFFICIAL_LOCAL_KCAL,Tim Hortons KSA menu (SFDA),,,,,,,,,,,,,NONE,HIGH,,,,,,,,,تيم هورتنز,Tim Hortons,السعرات متاحة رسميًا على قائمة الفرع/التطبيق (إلزام SFDA منذ ١ يوليو ٢٠٢٥). الماكروز غير منشورة — تبقى فارغة.
QGAP-00663,NEEDS_SOURCE,سعرات رسمية على قائمة الفرع/التطبيق (إلزام SFDA) — تُقرأ يدويًا؛ الماكروز غير منشورة,تيم هورتنز - دونات محلاة,Tim Hortons - Glazed donut,تيم هورتنز,Tim Hortons,Tim Hortons,RESTAURANT,مطاعم,قهوة,,,KSA,KSA,,VERY_HIGH,P1,MISSING,,OFFICIAL_LOCAL_KCAL,Tim Hortons KSA menu (SFDA),,,,,,,,,,,,,NONE,HIGH,,,,,,,,,تيم هورتنز,Tim Hortons,السعرات متاحة رسميًا على قائمة الفرع/التطبيق (إلزام SFDA منذ ١ يوليو ٢٠٢٥). الماكروز غير منشورة — تبقى فارغة.
QGAP-00664,NEEDS_SOURCE,سعرات رسمية على قائمة الفرع/التطبيق (إلزام SFDA) — تُقرأ يدويًا؛ الماكروز غير منشورة,تيم هورتنز - ساندويتش فطور,Tim Hortons - Breakfast sandwich,تيم هورتنز,Tim Hortons,Tim Hortons,RESTAURANT,مطاعم,قهوة,,,KSA,KSA,,VERY_HIGH,P1,MISSING,,OFFICIAL_LOCAL_KCAL,Tim Hortons KSA menu (SFDA),,,,,,,,,,,,,NONE,HIGH,,,,,,,,,تيم هورتنز,Tim Hortons,السعرات متاحة رسميًا على قائمة الفرع/التطبيق (إلزام SFDA منذ ١ يوليو ٢٠٢٥). الماكروز غير منشورة — تبقى فارغة.
QGAP-00665,NEEDS_SOURCE,سعرات رسمية على قائمة الفرع/التطبيق (إلزام SFDA) — تُقرأ يدويًا؛ الماكروز غير منشورة,تيم هورتنز - كرواسون بالجبن,Tim Hortons - Cheese croissant,تيم هورتنز,Tim Hortons,Tim Hortons,RESTAURANT,مطاعم,قهوة,,,KSA,KSA,,VERY_HIGH,P1,MISSING,,OFFICIAL_LOCAL_KCAL,Tim Hortons KSA menu (SFDA),,,,,,,,,,,,,NONE,HIGH,,,,,,,,,تيم هورتنز,Tim Hortons,السعرات متاحة رسميًا على قائمة الفرع/التطبيق (إلزام SFDA منذ ١ يوليو ٢٠٢٥). الماكروز غير منشورة — تبقى فارغة.
QGAP-00666,NEEDS_SOURCE,سعرات رسمية على قائمة الفرع/التطبيق (إلزام SFDA) — تُقرأ يدويًا؛ الماكروز غير منشورة,تيم هورتنز - مافن,Tim Hortons - Muffin,تيم هورتنز,Tim Hortons,Tim Hortons,RESTAURANT,مطاعم,قهوة,,,KSA,KSA,,VERY_HIGH,P1,MISSING,,OFFICIAL_LOCAL_KCAL,Tim Hortons KSA menu (SFDA),,,,,,,,,,,,,NONE,HIGH,,,,,,,,,تيم هورتنز,Tim Hortons,السعرات متاحة رسميًا على قائمة الفرع/التطبيق (إلزام SFDA منذ ١ يوليو ٢٠٢٥). الماكروز غير منشورة — تبقى فارغة.
QGAP-00667,NEEDS_SOURCE,سعرات رسمية على قائمة الفرع/التطبيق (إلزام SFDA) — تُقرأ يدويًا؛ الماكروز غير منشورة,تيم هورتنز - بيجل بالجبن,Tim Hortons - Bagel with cream cheese,تيم هورتنز,Tim Hortons,Tim Hortons,RESTAURANT,مطاعم,قهوة,,,KSA,KSA,,VERY_HIGH,P1,MISSING,,OFFICIAL_LOCAL_KCAL,Tim Hortons KSA menu (SFDA),,,,,,,,,,,,,NONE,HIGH,,,,,,,,,تيم هورتنز,Tim Hortons,السعرات متاحة رسميًا على قائمة الفرع/التطبيق (إلزام SFDA منذ ١ يوليو ٢٠٢٥). الماكروز غير منشورة — تبقى فارغة.
QGAP-00668,NEEDS_SOURCE,لم يُعثر على مصدر آلي — يحتاج جلبًا من المصنّع أو كتالوج التجزئة,كوستا - فلات وايت,Costa Coffee - Flat White,كوستا,Costa Coffee,Costa Coffee,RESTAURANT,مطاعم,قهوة,,,KSA,FOREIGN,,VERY_HIGH,P1,MISSING,,OFFICIAL_FOREIGN_MARKET,Costa UK nutrition,,,,,,,,,,,,,NONE,HIGH,,,,,,,,,كوستا,Costa Coffee,بيانات السوق الأجنبي فقط — تُوسم صراحةً ولا تُقدَّم كقيم سعودية.
QGAP-00671,NEEDS_SOURCE,لم يُعثر على مصدر آلي — يحتاج جلبًا من المصنّع أو كتالوج التجزئة,كوستا - موكا,Costa Coffee - Mocha,كوستا,Costa Coffee,Costa Coffee,RESTAURANT,مطاعم,قهوة,,,KSA,FOREIGN,,VERY_HIGH,P1,MISSING,,OFFICIAL_FOREIGN_MARKET,Costa UK nutrition,,,,,,,,,,,,,NONE,HIGH,,,,,,,,,كوستا,Costa Coffee,بيانات السوق الأجنبي فقط — تُوسم صراحةً ولا تُقدَّم كقيم سعودية.
QGAP-00672,NEEDS_SOURCE,لم يُعثر على مصدر آلي — يحتاج جلبًا من المصنّع أو كتالوج التجزئة,كوستا - كورتادو,Costa Coffee - Cortado,كوستا,Costa Coffee,Costa Coffee,RESTAURANT,مطاعم,قهوة,,,KSA,FOREIGN,,VERY_HIGH,P1,MISSING,,OFFICIAL_FOREIGN_MARKET,Costa UK nutrition,,,,,,,,,,,,,NONE,HIGH,,,,,,,,,كوستا,Costa Coffee,بيانات السوق الأجنبي فقط — تُوسم صراحةً ولا تُقدَّم كقيم سعودية.
QGAP-00673,NEEDS_SOURCE,لم يُعثر على مصدر آلي — يحتاج جلبًا من المصنّع أو كتالوج التجزئة,كوستا - فرابيه كراميل,Costa Coffee - Caramel Frostino,كوستا,Costa Coffee,Costa Coffee,RESTAURANT,مطاعم,قهوة,,,KSA,FOREIGN,,VERY_HIGH,P1,MISSING,,OFFICIAL_FOREIGN_MARKET,Costa UK nutrition,,,,,,,,,,,,,NONE,HIGH,,,,,,,,,كوستا,Costa Coffee,بيانات السوق الأجنبي فقط — تُوسم صراحةً ولا تُقدَّم كقيم سعودية.
QGAP-00674,NEEDS_SOURCE,لم يُعثر على مصدر آلي — يحتاج جلبًا من المصنّع أو كتالوج التجزئة,كوستا - شاي إنجليزي,Costa Coffee - English tea,كوستا,Costa Coffee,Costa Coffee,RESTAURANT,مطاعم,قهوة,,,KSA,FOREIGN,,VERY_HIGH,P1,MISSING,,OFFICIAL_FOREIGN_MARKET,Costa UK nutrition,,,,,,,,,,,,,NONE,HIGH,,,,,,,,,كوستا,Costa Coffee,بيانات السوق الأجنبي فقط — تُوسم صراحةً ولا تُقدَّم كقيم سعودية.
QGAP-00676,NEEDS_SOURCE,لم يُعثر على مصدر آلي — يحتاج جلبًا من المصنّع أو كتالوج التجزئة,كوستا - ساندويتش,Costa Coffee - Sandwich,كوستا,Costa Coffee,Costa Coffee,RESTAURANT,مطاعم,قهوة,,,KSA,FOREIGN,,VERY_HIGH,P1,MISSING,,OFFICIAL_FOREIGN_MARKET,Costa UK nutrition,,,,,,,,,,,,,NONE,HIGH,,,,,,,,,كوستا,Costa Coffee,بيانات السوق الأجنبي فقط — تُوسم صراحةً ولا تُقدَّم كقيم سعودية.
QGAP-00677,NEEDS_SOURCE,لم يُعثر على مصدر آلي — يحتاج جلبًا من المصنّع أو كتالوج التجزئة,كوستا - كيك جزر,Costa Coffee - Carrot cake,كوستا,Costa Coffee,Costa Coffee,RESTAURANT,مطاعم,قهوة,,,KSA,FOREIGN,,VERY_HIGH,P1,MISSING,,OFFICIAL_FOREIGN_MARKET,Costa UK nutrition,,,,,,,,,,,,,NONE,HIGH,,,,,,,,,كوستا,Costa Coffee,بيانات السوق الأجنبي فقط — تُوسم صراحةً ولا تُقدَّم كقيم سعودية.
QGAP-00678,NEEDS_SOURCE,لم يُعثر على مصدر آلي — يحتاج جلبًا من المصنّع أو كتالوج التجزئة,كوستا - براوني,Costa Coffee - Brownie,كوستا,Costa Coffee,Costa Coffee,RESTAURANT,مطاعم,قهوة,,,KSA,FOREIGN,,VERY_HIGH,P1,MISSING,,OFFICIAL_FOREIGN_MARKET,Costa UK nutrition,,,,,,,,,,,,,NONE,HIGH,,,,,,,,,كوستا,Costa Coffee,بيانات السوق الأجنبي فقط — تُوسم صراحةً ولا تُقدَّم كقيم سعودية.
QGAP-00679,NEEDS_SOURCE,لم يُعثر على مصدر آلي — يحتاج جلبًا من المصنّع أو كتالوج التجزئة,كوستا - مافن,Costa Coffee - Muffin,كوستا,Costa Coffee,Costa Coffee,RESTAURANT,مطاعم,قهوة,,,KSA,FOREIGN,,VERY_HIGH,P1,MISSING,,OFFICIAL_FOREIGN_MARKET,Costa UK nutrition,,,,,,,,,,,,,NONE,HIGH,,,,,,,,,كوستا,Costa Coffee,بيانات السوق الأجنبي فقط — تُوسم صراحةً ولا تُقدَّم كقيم سعودية.
QGAP-00680,NEEDS_SOURCE,سعرات رسمية على قائمة الفرع/التطبيق (إلزام SFDA) — تُقرأ يدويًا؛ الماكروز غير منشورة,كاريبو - كولد برو,Caribou Coffee - Cold brew,كاريبو,Caribou Coffee,Caribou Coffee,RESTAURANT,مطاعم,قهوة,,,KSA,KSA,,HIGH,P1,MISSING,,OFFICIAL_LOCAL_KCAL,Caribou KSA menu (SFDA),,,,,,,,,,,,,NONE,HIGH,,,,,,,,,كاريبو,Caribou Coffee,السعرات متاحة رسميًا على قائمة الفرع/التطبيق (إلزام SFDA منذ ١ يوليو ٢٠٢٥). الماكروز غير منشورة — تبقى فارغة.
QGAP-00681,NEEDS_SOURCE,سعرات رسمية على قائمة الفرع/التطبيق (إلزام SFDA) — تُقرأ يدويًا؛ الماكروز غير منشورة,كاريبو - تيرتل موكا,Caribou Coffee - Turtle Mocha,كاريبو,Caribou Coffee,Caribou Coffee,RESTAURANT,مطاعم,قهوة,,,KSA,KSA,,HIGH,P1,MISSING,,OFFICIAL_LOCAL_KCAL,Caribou KSA menu (SFDA),,,,,,,,,,,,,NONE,HIGH,,,,,,,,,كاريبو,Caribou Coffee,السعرات متاحة رسميًا على قائمة الفرع/التطبيق (إلزام SFDA منذ ١ يوليو ٢٠٢٥). الماكروز غير منشورة — تبقى فارغة.
QGAP-00682,NEEDS_SOURCE,سعرات رسمية على قائمة الفرع/التطبيق (إلزام SFDA) — تُقرأ يدويًا؛ الماكروز غير منشورة,كاريبو - كامبل شيك,Caribou Coffee - Campfire mocha,كاريبو,Caribou Coffee,Caribou Coffee,RESTAURANT,مطاعم,قهوة,,,KSA,KSA,,HIGH,P1,MISSING,,OFFICIAL_LOCAL_KCAL,Caribou KSA menu (SFDA),,,,,,,,,,,,,NONE,HIGH,,,,,,,,,كاريبو,Caribou Coffee,السعرات متاحة رسميًا على قائمة الفرع/التطبيق (إلزام SFDA منذ ١ يوليو ٢٠٢٥). الماكروز غير منشورة — تبقى فارغة.
QGAP-00683,NEEDS_SOURCE,سعرات رسمية على قائمة الفرع/التطبيق (إلزام SFDA) — تُقرأ يدويًا؛ الماكروز غير منشورة,كاريبو - لاتيه فانيلا,Caribou Coffee - Vanilla latte,كاريبو,Caribou Coffee,Caribou Coffee,RESTAURANT,مطاعم,قهوة,,,KSA,KSA,,HIGH,P1,MISSING,,OFFICIAL_LOCAL_KCAL,Caribou KSA menu (SFDA),,,,,,,,,,,,,NONE,HIGH,,,,,,,,,كاريبو,Caribou Coffee,السعرات متاحة رسميًا على قائمة الفرع/التطبيق (إلزام SFDA منذ ١ يوليو ٢٠٢٥). الماكروز غير منشورة — تبقى فارغة.
QGAP-00684,NEEDS_SOURCE,سعرات رسمية على قائمة الفرع/التطبيق (إلزام SFDA) — تُقرأ يدويًا؛ الماكروز غير منشورة,كاريبو - شاي تشاي,Caribou Coffee - Chai tea,كاريبو,Caribou Coffee,Caribou Coffee,RESTAURANT,مطاعم,قهوة,,,KSA,KSA,,HIGH,P1,MISSING,,OFFICIAL_LOCAL_KCAL,Caribou KSA menu (SFDA),,,,,,,,,,,,,NONE,HIGH,,,,,,,,,كاريبو,Caribou Coffee,السعرات متاحة رسميًا على قائمة الفرع/التطبيق (إلزام SFDA منذ ١ يوليو ٢٠٢٥). الماكروز غير منشورة — تبقى فارغة.
QGAP-00685,NEEDS_SOURCE,سعرات رسمية على قائمة الفرع/التطبيق (إلزام SFDA) — تُقرأ يدويًا؛ الماكروز غير منشورة,كاريبو - سموذي,Caribou Coffee - Smoothie,كاريبو,Caribou Coffee,Caribou Coffee,RESTAURANT,مطاعم,قهوة,,,KSA,KSA,,HIGH,P1,MISSING,,OFFICIAL_LOCAL_KCAL,Caribou KSA menu (SFDA),,,,,,,,,,,,,NONE,HIGH,,,,,,,,,كاريبو,Caribou Coffee,السعرات متاحة رسميًا على قائمة الفرع/التطبيق (إلزام SFDA منذ ١ يوليو ٢٠٢٥). الماكروز غير منشورة — تبقى فارغة.
QGAP-00686,NEEDS_SOURCE,سعرات رسمية على قائمة الفرع/التطبيق (إلزام SFDA) — تُقرأ يدويًا؛ الماكروز غير منشورة,كاريبو - كوكيز,Caribou Coffee - Cookie,كاريبو,Caribou Coffee,Caribou Coffee,RESTAURANT,مطاعم,قهوة,,,KSA,KSA,,HIGH,P1,MISSING,,OFFICIAL_LOCAL_KCAL,Caribou KSA menu (SFDA),,,,,,,,,,,,,NONE,HIGH,,,,,,,,,كاريبو,Caribou Coffee,السعرات متاحة رسميًا على قائمة الفرع/التطبيق (إلزام SFDA منذ ١ يوليو ٢٠٢٥). الماكروز غير منشورة — تبقى فارغة.
QGAP-00687,NEEDS_SOURCE,سعرات رسمية على قائمة الفرع/التطبيق (إلزام SFDA) — تُقرأ يدويًا؛ الماكروز غير منشورة,كاريبو - مافن,Caribou Coffee - Muffin,كاريبو,Caribou Coffee,Caribou Coffee,RESTAURANT,مطاعم,قهوة,,,KSA,KSA,,HIGH,P1,MISSING,,OFFICIAL_LOCAL_KCAL,Caribou KSA menu (SFDA),,,,,,,,,,,,,NONE,HIGH,,,,,,,,,كاريبو,Caribou Coffee,السعرات متاحة رسميًا على قائمة الفرع/التطبيق (إلزام SFDA منذ ١ يوليو ٢٠٢٥). الماكروز غير منشورة — تبقى فارغة.
QGAP-00692,NEEDS_SOURCE,سعرات رسمية على قائمة الفرع/التطبيق (إلزام SFDA) — تُقرأ يدويًا؛ الماكروز غير منشورة,دكتور كافيه - موكا,Dr.CAFE - Mocha,دكتور كافيه,Dr.CAFE,Dr.CAFE,RESTAURANT,مطاعم,قهوة,,,KSA,KSA,,VERY_HIGH,P1,MISSING,,OFFICIAL_LOCAL_KCAL,Dr.CAFE menu (SFDA),,,,,,,,,,,,,NONE,HIGH,,,,,,,,,دكتور كافيه,Dr.CAFE,السعرات متاحة رسميًا على قائمة الفرع/التطبيق (إلزام SFDA منذ ١ يوليو ٢٠٢٥). الماكروز غير منشورة — تبقى فارغة.
QGAP-00694,NEEDS_SOURCE,سعرات رسمية على قائمة الفرع/التطبيق (إلزام SFDA) — تُقرأ يدويًا؛ الماكروز غير منشورة,دكتور كافيه - شاي كرك,Dr.CAFE - Karak tea,دكتور كافيه,Dr.CAFE,Dr.CAFE,RESTAURANT,مطاعم,قهوة,,,KSA,KSA,,VERY_HIGH,P1,MISSING,,OFFICIAL_LOCAL_KCAL,Dr.CAFE menu (SFDA),,,,,,,,,,,,,NONE,HIGH,,,,,,,,,دكتور كافيه,Dr.CAFE,السعرات متاحة رسميًا على قائمة الفرع/التطبيق (إلزام SFDA منذ ١ يوليو ٢٠٢٥). الماكروز غير منشورة — تبقى فارغة.
QGAP-00695,NEEDS_SOURCE,سعرات رسمية على قائمة الفرع/التطبيق (إلزام SFDA) — تُقرأ يدويًا؛ الماكروز غير منشورة,دكتور كافيه - فرابتشينو,Dr.CAFE - Frappuccino,دكتور كافيه,Dr.CAFE,Dr.CAFE,RESTAURANT,مطاعم,قهوة,,,KSA,KSA,,VERY_HIGH,P1,MISSING,,OFFICIAL_LOCAL_KCAL,Dr.CAFE menu (SFDA),,,,,,,,,,,,,NONE,HIGH,,,,,,,,,دكتور كافيه,Dr.CAFE,السعرات متاحة رسميًا على قائمة الفرع/التطبيق (إلزام SFDA منذ ١ يوليو ٢٠٢٥). الماكروز غير منشورة — تبقى فارغة.
QGAP-00696,NEEDS_SOURCE,سعرات رسمية على قائمة الفرع/التطبيق (إلزام SFDA) — تُقرأ يدويًا؛ الماكروز غير منشورة,دكتور كافيه - هوت شوكليت,Dr.CAFE - Hot chocolate,دكتور كافيه,Dr.CAFE,Dr.CAFE,RESTAURANT,مطاعم,قهوة,,,KSA,KSA,,VERY_HIGH,P1,MISSING,,OFFICIAL_LOCAL_KCAL,Dr.CAFE menu (SFDA),,,,,,,,,,,,,NONE,HIGH,,,,,,,,,دكتور كافيه,Dr.CAFE,السعرات متاحة رسميًا على قائمة الفرع/التطبيق (إلزام SFDA منذ ١ يوليو ٢٠٢٥). الماكروز غير منشورة — تبقى فارغة.
QGAP-00698,NEEDS_SOURCE,سعرات رسمية على قائمة الفرع/التطبيق (إلزام SFDA) — تُقرأ يدويًا؛ الماكروز غير منشورة,دكتور كافيه - ساندويتش تيركي,Dr.CAFE - Turkey sandwich,دكتور كافيه,Dr.CAFE,Dr.CAFE,RESTAURANT,مطاعم,قهوة,,,KSA,KSA,,VERY_HIGH,P1,MISSING,,OFFICIAL_LOCAL_KCAL,Dr.CAFE menu (SFDA),,,,,,,,,,,,,NONE,HIGH,,,,,,,,,دكتور كافيه,Dr.CAFE,السعرات متاحة رسميًا على قائمة الفرع/التطبيق (إلزام SFDA منذ ١ يوليو ٢٠٢٥). الماكروز غير منشورة — تبقى فارغة.
QGAP-00699,NEEDS_SOURCE,سعرات رسمية على قائمة الفرع/التطبيق (إلزام SFDA) — تُقرأ يدويًا؛ الماكروز غير منشورة,دكتور كافيه - كيك,Dr.CAFE - Cake slice,دكتور كافيه,Dr.CAFE,Dr.CAFE,RESTAURANT,مطاعم,قهوة,,,KSA,KSA,,VERY_HIGH,P1,MISSING,,OFFICIAL_LOCAL_KCAL,Dr.CAFE menu (SFDA),,,,,,,,,,,,,NONE,HIGH,,,,,,,,,دكتور كافيه,Dr.CAFE,السعرات متاحة رسميًا على قائمة الفرع/التطبيق (إلزام SFDA منذ ١ يوليو ٢٠٢٥). الماكروز غير منشورة — تبقى فارغة.
QGAP-00700,NEEDS_SOURCE,سعرات رسمية على قائمة الفرع/التطبيق (إلزام SFDA) — تُقرأ يدويًا؛ الماكروز غير منشورة,دكتور كافيه - كوكيز,Dr.CAFE - Cookie,دكتور كافيه,Dr.CAFE,Dr.CAFE,RESTAURANT,مطاعم,قهوة,,,KSA,KSA,,VERY_HIGH,P1,MISSING,,OFFICIAL_LOCAL_KCAL,Dr.CAFE menu (SFDA),,,,,,,,,,,,,NONE,HIGH,,,,,,,,,دكتور كافيه,Dr.CAFE,السعرات متاحة رسميًا على قائمة الفرع/التطبيق (إلزام SFDA منذ ١ يوليو ٢٠٢٥). الماكروز غير منشورة — تبقى فارغة.
QGAP-00701,NEEDS_SOURCE,سعرات رسمية على قائمة الفرع/التطبيق (إلزام SFDA) — تُقرأ يدويًا؛ الماكروز غير منشورة,دكتور كافيه - مافن,Dr.CAFE - Muffin,دكتور كافيه,Dr.CAFE,Dr.CAFE,RESTAURANT,مطاعم,قهوة,,,KSA,KSA,,VERY_HIGH,P1,MISSING,,OFFICIAL_LOCAL_KCAL,Dr.CAFE menu (SFDA),,,,,,,,,,,,,NONE,HIGH,,,,,,,,,دكتور كافيه,Dr.CAFE,السعرات متاحة رسميًا على قائمة الفرع/التطبيق (إلزام SFDA منذ ١ يوليو ٢٠٢٥). الماكروز غير منشورة — تبقى فارغة.
QGAP-00702,NEEDS_SOURCE,سعرات رسمية على قائمة الفرع/التطبيق (إلزام SFDA) — تُقرأ يدويًا؛ الماكروز غير منشورة,دكتور كافيه - عصير طازج,Dr.CAFE - Fresh juice,دكتور كافيه,Dr.CAFE,Dr.CAFE,RESTAURANT,مطاعم,قهوة,,,KSA,KSA,,VERY_HIGH,P1,MISSING,,OFFICIAL_LOCAL_KCAL,Dr.CAFE menu (SFDA),,,,,,,,,,,,,NONE,HIGH,,,,,,,,,دكتور كافيه,Dr.CAFE,السعرات متاحة رسميًا على قائمة الفرع/التطبيق (إلزام SFDA منذ ١ يوليو ٢٠٢٥). الماكروز غير منشورة — تبقى فارغة.
QGAP-00707,NEEDS_SOURCE,سعرات رسمية على قائمة الفرع/التطبيق (إلزام SFDA) — تُقرأ يدويًا؛ الماكروز غير منشورة,بارنز - موكا بيضاء,Barn's - White mocha,بارنز,Barn's,Barn's,RESTAURANT,مطاعم,قهوة,,,KSA,KSA,,VERY_HIGH,P1,MISSING,,OFFICIAL_LOCAL_KCAL,Barn's app (SFDA),,,,,,,,,,,,,NONE,HIGH,,,,,,,,,بارنز,Barn's,السعرات متاحة رسميًا على قائمة الفرع/التطبيق (إلزام SFDA منذ ١ يوليو ٢٠٢٥). الماكروز غير منشورة — تبقى فارغة.
QGAP-00709,NEEDS_SOURCE,سعرات رسمية على قائمة الفرع/التطبيق (إلزام SFDA) — تُقرأ يدويًا؛ الماكروز غير منشورة,بارنز - شاي كرك,Barn's - Karak tea,بارنز,Barn's,Barn's,RESTAURANT,مطاعم,قهوة,,,KSA,KSA,,VERY_HIGH,P1,MISSING,,OFFICIAL_LOCAL_KCAL,Barn's app (SFDA),,,,,,,,,,,,,NONE,HIGH,,,,,,,,,بارنز,Barn's,السعرات متاحة رسميًا على قائمة الفرع/التطبيق (إلزام SFDA منذ ١ يوليو ٢٠٢٥). الماكروز غير منشورة — تبقى فارغة.
QGAP-00710,NEEDS_SOURCE,سعرات رسمية على قائمة الفرع/التطبيق (إلزام SFDA) — تُقرأ يدويًا؛ الماكروز غير منشورة,بارنز - هوت شوكليت,Barn's - Hot chocolate,بارنز,Barn's,Barn's,RESTAURANT,مطاعم,قهوة,,,KSA,KSA,,VERY_HIGH,P1,MISSING,,OFFICIAL_LOCAL_KCAL,Barn's app (SFDA),,,,,,,,,,,,,NONE,HIGH,,,,,,,,,بارنز,Barn's,السعرات متاحة رسميًا على قائمة الفرع/التطبيق (إلزام SFDA منذ ١ يوليو ٢٠٢٥). الماكروز غير منشورة — تبقى فارغة.
QGAP-00711,NEEDS_SOURCE,سعرات رسمية على قائمة الفرع/التطبيق (إلزام SFDA) — تُقرأ يدويًا؛ الماكروز غير منشورة,بارنز - فرابيه,Barn's - Frappe,بارنز,Barn's,Barn's,RESTAURANT,مطاعم,قهوة,,,KSA,KSA,,VERY_HIGH,P1,MISSING,,OFFICIAL_LOCAL_KCAL,Barn's app (SFDA),,,,,,,,,,,,,NONE,HIGH,,,,,,,,,بارنز,Barn's,السعرات متاحة رسميًا على قائمة الفرع/التطبيق (إلزام SFDA منذ ١ يوليو ٢٠٢٥). الماكروز غير منشورة — تبقى فارغة.
QGAP-00713,NEEDS_SOURCE,سعرات رسمية على قائمة الفرع/التطبيق (إلزام SFDA) — تُقرأ يدويًا؛ الماكروز غير منشورة,بارنز - دونات,Barn's - Donut,بارنز,Barn's,Barn's,RESTAURANT,مطاعم,قهوة,,,KSA,KSA,,VERY_HIGH,P1,MISSING,,OFFICIAL_LOCAL_KCAL,Barn's app (SFDA),,,,,,,,,,,,,NONE,HIGH,,,,,,,,,بارنز,Barn's,السعرات متاحة رسميًا على قائمة الفرع/التطبيق (إلزام SFDA منذ ١ يوليو ٢٠٢٥). الماكروز غير منشورة — تبقى فارغة.
QGAP-00714,NEEDS_SOURCE,سعرات رسمية على قائمة الفرع/التطبيق (إلزام SFDA) — تُقرأ يدويًا؛ الماكروز غير منشورة,بارنز - كيك,Barn's - Cake,بارنز,Barn's,Barn's,RESTAURANT,مطاعم,قهوة,,,KSA,KSA,,VERY_HIGH,P1,MISSING,,OFFICIAL_LOCAL_KCAL,Barn's app (SFDA),,,,,,,,,,,,,NONE,HIGH,,,,,,,,,بارنز,Barn's,السعرات متاحة رسميًا على قائمة الفرع/التطبيق (إلزام SFDA منذ ١ يوليو ٢٠٢٥). الماكروز غير منشورة — تبقى فارغة.
QGAP-00715,NEEDS_SOURCE,سعرات رسمية على قائمة الفرع/التطبيق (إلزام SFDA) — تُقرأ يدويًا؛ الماكروز غير منشورة,بارنز - كوكيز,Barn's - Cookie,بارنز,Barn's,Barn's,RESTAURANT,مطاعم,قهوة,,,KSA,KSA,,VERY_HIGH,P1,MISSING,,OFFICIAL_LOCAL_KCAL,Barn's app (SFDA),,,,,,,,,,,,,NONE,HIGH,,,,,,,,,بارنز,Barn's,السعرات متاحة رسميًا على قائمة الفرع/التطبيق (إلزام SFDA منذ ١ يوليو ٢٠٢٥). الماكروز غير منشورة — تبقى فارغة.
QGAP-00716,NEEDS_SOURCE,سعرات رسمية على قائمة الفرع/التطبيق (إلزام SFDA) — تُقرأ يدويًا؛ الماكروز غير منشورة,بارنز - ساندويتش,Barn's - Sandwich,بارنز,Barn's,Barn's,RESTAURANT,مطاعم,قهوة,,,KSA,KSA,,VERY_HIGH,P1,MISSING,,OFFICIAL_LOCAL_KCAL,Barn's app (SFDA),,,,,,,,,,,,,NONE,HIGH,,,,,,,,,بارنز,Barn's,السعرات متاحة رسميًا على قائمة الفرع/التطبيق (إلزام SFDA منذ ١ يوليو ٢٠٢٥). الماكروز غير منشورة — تبقى فارغة.
QGAP-00718,NEEDS_SOURCE,سعرات رسمية على قائمة الفرع/التطبيق (إلزام SFDA) — تُقرأ يدويًا؛ الماكروز غير منشورة,هاف مليون - آيس لاتيه,Half Million - Iced latte,هاف مليون,Half Million,Half Million,RESTAURANT,مطاعم,قهوة,,,KSA,KSA,,VERY_HIGH,P1,MISSING,,OFFICIAL_LOCAL_KCAL,Half Million app (SFDA),,,,,,,,,,,,,NONE,HIGH,,,,,,,,,هاف مليون,Half Million,السعرات متاحة رسميًا على قائمة الفرع/التطبيق (إلزام SFDA منذ ١ يوليو ٢٠٢٥). الماكروز غير منشورة — تبقى فارغة.
QGAP-00719,NEEDS_SOURCE,سعرات رسمية على قائمة الفرع/التطبيق (إلزام SFDA) — تُقرأ يدويًا؛ الماكروز غير منشورة,هاف مليون - V60,Half Million - V60 pour over,هاف مليون,Half Million,Half Million,RESTAURANT,مطاعم,قهوة,,,KSA,KSA,,VERY_HIGH,P1,MISSING,,OFFICIAL_LOCAL_KCAL,Half Million app (SFDA),,,,,,,,,,,,,NONE,HIGH,,,,,,,,,هاف مليون,Half Million,السعرات متاحة رسميًا على قائمة الفرع/التطبيق (إلزام SFDA منذ ١ يوليو ٢٠٢٥). الماكروز غير منشورة — تبقى فارغة.
QGAP-00720,NEEDS_SOURCE,سعرات رسمية على قائمة الفرع/التطبيق (إلزام SFDA) — تُقرأ يدويًا؛ الماكروز غير منشورة,هاف مليون - كولد برو,Half Million - Cold brew,هاف مليون,Half Million,Half Million,RESTAURANT,مطاعم,قهوة,,,KSA,KSA,,VERY_HIGH,P1,MISSING,,OFFICIAL_LOCAL_KCAL,Half Million app (SFDA),,,,,,,,,,,,,NONE,HIGH,,,,,,,,,هاف مليون,Half Million,السعرات متاحة رسميًا على قائمة الفرع/التطبيق (إلزام SFDA منذ ١ يوليو ٢٠٢٥). الماكروز غير منشورة — تبقى فارغة.
QGAP-00721,NEEDS_SOURCE,سعرات رسمية على قائمة الفرع/التطبيق (إلزام SFDA) — تُقرأ يدويًا؛ الماكروز غير منشورة,هاف مليون - فلات وايت,Half Million - Flat white,هاف مليون,Half Million,Half Million,RESTAURANT,مطاعم,قهوة,,,KSA,KSA,,VERY_HIGH,P1,MISSING,,OFFICIAL_LOCAL_KCAL,Half Million app (SFDA),,,,,,,,,,,,,NONE,HIGH,,,,,,,,,هاف مليون,Half Million,السعرات متاحة رسميًا على قائمة الفرع/التطبيق (إلزام SFDA منذ ١ يوليو ٢٠٢٥). الماكروز غير منشورة — تبقى فارغة.
QGAP-00722,NEEDS_SOURCE,سعرات رسمية على قائمة الفرع/التطبيق (إلزام SFDA) — تُقرأ يدويًا؛ الماكروز غير منشورة,هاف مليون - موكا,Half Million - Mocha,هاف مليون,Half Million,Half Million,RESTAURANT,مطاعم,قهوة,,,KSA,KSA,,VERY_HIGH,P1,MISSING,,OFFICIAL_LOCAL_KCAL,Half Million app (SFDA),,,,,,,,,,,,,NONE,HIGH,,,,,,,,,هاف مليون,Half Million,السعرات متاحة رسميًا على قائمة الفرع/التطبيق (إلزام SFDA منذ ١ يوليو ٢٠٢٥). الماكروز غير منشورة — تبقى فارغة.
QGAP-00723,NEEDS_SOURCE,سعرات رسمية على قائمة الفرع/التطبيق (إلزام SFDA) — تُقرأ يدويًا؛ الماكروز غير منشورة,هاف مليون - ماتشا,Half Million - Matcha latte,هاف مليون,Half Million,Half Million,RESTAURANT,مطاعم,قهوة,,,KSA,KSA,,VERY_HIGH,P1,MISSING,,OFFICIAL_LOCAL_KCAL,Half Million app (SFDA),,,,,,,,,,,,,NONE,HIGH,,,,,,,,,هاف مليون,Half Million,السعرات متاحة رسميًا على قائمة الفرع/التطبيق (إلزام SFDA منذ ١ يوليو ٢٠٢٥). الماكروز غير منشورة — تبقى فارغة.
QGAP-00725,NEEDS_SOURCE,سعرات رسمية على قائمة الفرع/التطبيق (إلزام SFDA) — تُقرأ يدويًا؛ الماكروز غير منشورة,هاف مليون - كوكيز,Half Million - Cookie,هاف مليون,Half Million,Half Million,RESTAURANT,مطاعم,قهوة,,,KSA,KSA,,VERY_HIGH,P1,MISSING,,OFFICIAL_LOCAL_KCAL,Half Million app (SFDA),,,,,,,,,,,,,NONE,HIGH,,,,,,,,,هاف مليون,Half Million,السعرات متاحة رسميًا على قائمة الفرع/التطبيق (إلزام SFDA منذ ١ يوليو ٢٠٢٥). الماكروز غير منشورة — تبقى فارغة.
QGAP-00726,NEEDS_SOURCE,سعرات رسمية على قائمة الفرع/التطبيق (إلزام SFDA) — تُقرأ يدويًا؛ الماكروز غير منشورة,هاف مليون - تشيز كيك,Half Million - Cheesecake,هاف مليون,Half Million,Half Million,RESTAURANT,مطاعم,قهوة,,,KSA,KSA,,VERY_HIGH,P1,MISSING,,OFFICIAL_LOCAL_KCAL,Half Million app (SFDA),,,,,,,,,,,,,NONE,HIGH,,,,,,,,,هاف مليون,Half Million,السعرات متاحة رسميًا على قائمة الفرع/التطبيق (إلزام SFDA منذ ١ يوليو ٢٠٢٥). الماكروز غير منشورة — تبقى فارغة.
QGAP-00727,NEEDS_SOURCE,سعرات رسمية على قائمة الفرع/التطبيق (إلزام SFDA) — تُقرأ يدويًا؛ الماكروز غير منشورة,خطوة جمل - V60,Camel Step - V60,خطوة جمل,Camel Step,Camel Step,RESTAURANT,مطاعم,قهوة,,,KSA,KSA,,HIGH,P1,MISSING,,OFFICIAL_LOCAL_KCAL,Camel Step menu (SFDA),,,,,,,,,,,,,NONE,HIGH,,,,,,,,,خطوة جمل,Camel Step,السعرات متاحة رسميًا على قائمة الفرع/التطبيق (إلزام SFDA منذ ١ يوليو ٢٠٢٥). الماكروز غير منشورة — تبقى فارغة.
QGAP-00728,NEEDS_SOURCE,سعرات رسمية على قائمة الفرع/التطبيق (إلزام SFDA) — تُقرأ يدويًا؛ الماكروز غير منشورة,خطوة جمل - كولد برو,Camel Step - Cold brew,خطوة جمل,Camel Step,Camel Step,RESTAURANT,مطاعم,قهوة,,,KSA,KSA,,HIGH,P1,MISSING,,OFFICIAL_LOCAL_KCAL,Camel Step menu (SFDA),,,,,,,,,,,,,NONE,HIGH,,,,,,,,,خطوة جمل,Camel Step,السعرات متاحة رسميًا على قائمة الفرع/التطبيق (إلزام SFDA منذ ١ يوليو ٢٠٢٥). الماكروز غير منشورة — تبقى فارغة.
QGAP-00729,NEEDS_SOURCE,سعرات رسمية على قائمة الفرع/التطبيق (إلزام SFDA) — تُقرأ يدويًا؛ الماكروز غير منشورة,خطوة جمل - لاتيه,Camel Step - Latte,خطوة جمل,Camel Step,Camel Step,RESTAURANT,مطاعم,قهوة,,,KSA,KSA,,HIGH,P1,MISSING,,OFFICIAL_LOCAL_KCAL,Camel Step menu (SFDA),,,,,,,,,,,,,NONE,HIGH,,,,,,,,,خطوة جمل,Camel Step,السعرات متاحة رسميًا على قائمة الفرع/التطبيق (إلزام SFDA منذ ١ يوليو ٢٠٢٥). الماكروز غير منشورة — تبقى فارغة.
QGAP-00730,NEEDS_SOURCE,سعرات رسمية على قائمة الفرع/التطبيق (إلزام SFDA) — تُقرأ يدويًا؛ الماكروز غير منشورة,خطوة جمل - إسبريسو,Camel Step - Espresso,خطوة جمل,Camel Step,Camel Step,RESTAURANT,مطاعم,قهوة,,,KSA,KSA,,HIGH,P1,MISSING,,OFFICIAL_LOCAL_KCAL,Camel Step menu (SFDA),,,,,,,,,,,,,NONE,HIGH,,,,,,,,,خطوة جمل,Camel Step,السعرات متاحة رسميًا على قائمة الفرع/التطبيق (إلزام SFDA منذ ١ يوليو ٢٠٢٥). الماكروز غير منشورة — تبقى فارغة.
QGAP-00731,NEEDS_SOURCE,سعرات رسمية على قائمة الفرع/التطبيق (إلزام SFDA) — تُقرأ يدويًا؛ الماكروز غير منشورة,خطوة جمل - فلات وايت,Camel Step - Flat white,خطوة جمل,Camel Step,Camel Step,RESTAURANT,مطاعم,قهوة,,,KSA,KSA,,HIGH,P1,MISSING,,OFFICIAL_LOCAL_KCAL,Camel Step menu (SFDA),,,,,,,,,,,,,NONE,HIGH,,,,,,,,,خطوة جمل,Camel Step,السعرات متاحة رسميًا على قائمة الفرع/التطبيق (إلزام SFDA منذ ١ يوليو ٢٠٢٥). الماكروز غير منشورة — تبقى فارغة.
QGAP-00732,NEEDS_SOURCE,سعرات رسمية على قائمة الفرع/التطبيق (إلزام SFDA) — تُقرأ يدويًا؛ الماكروز غير منشورة,خطوة جمل - آيس أمريكانو,Camel Step - Iced americano,خطوة جمل,Camel Step,Camel Step,RESTAURANT,مطاعم,قهوة,,,KSA,KSA,,HIGH,P1,MISSING,,OFFICIAL_LOCAL_KCAL,Camel Step menu (SFDA),,,,,,,,,,,,,NONE,HIGH,,,,,,,,,خطوة جمل,Camel Step,السعرات متاحة رسميًا على قائمة الفرع/التطبيق (إلزام SFDA منذ ١ يوليو ٢٠٢٥). الماكروز غير منشورة — تبقى فارغة.
QGAP-00734,NEEDS_SOURCE,سعرات رسمية على قائمة الفرع/التطبيق (إلزام SFDA) — تُقرأ يدويًا؛ الماكروز غير منشورة,اوفردوز - لاتيه,Overdose Coffee - Latte,اوفردوز,Overdose Coffee,Overdose Coffee,RESTAURANT,مطاعم,قهوة,,,KSA,KSA,,HIGH,P1,MISSING,,OFFICIAL_LOCAL_KCAL,Overdose menu (SFDA),,,,,,,,,,,,,NONE,HIGH,,,,,,,,,اوفردوز,Overdose Coffee,السعرات متاحة رسميًا على قائمة الفرع/التطبيق (إلزام SFDA منذ ١ يوليو ٢٠٢٥). الماكروز غير منشورة — تبقى فارغة.
QGAP-00735,NEEDS_SOURCE,سعرات رسمية على قائمة الفرع/التطبيق (إلزام SFDA) — تُقرأ يدويًا؛ الماكروز غير منشورة,اوفردوز - كولد برو,Overdose Coffee - Cold brew,اوفردوز,Overdose Coffee,Overdose Coffee,RESTAURANT,مطاعم,قهوة,,,KSA,KSA,,HIGH,P1,MISSING,,OFFICIAL_LOCAL_KCAL,Overdose menu (SFDA),,,,,,,,,,,,,NONE,HIGH,,,,,,,,,اوفردوز,Overdose Coffee,السعرات متاحة رسميًا على قائمة الفرع/التطبيق (إلزام SFDA منذ ١ يوليو ٢٠٢٥). الماكروز غير منشورة — تبقى فارغة.
QGAP-00736,NEEDS_SOURCE,سعرات رسمية على قائمة الفرع/التطبيق (إلزام SFDA) — تُقرأ يدويًا؛ الماكروز غير منشورة,اوفردوز - موكا,Overdose Coffee - Mocha,اوفردوز,Overdose Coffee,Overdose Coffee,RESTAURANT,مطاعم,قهوة,,,KSA,KSA,,HIGH,P1,MISSING,,OFFICIAL_LOCAL_KCAL,Overdose menu (SFDA),,,,,,,,,,,,,NONE,HIGH,,,,,,,,,اوفردوز,Overdose Coffee,السعرات متاحة رسميًا على قائمة الفرع/التطبيق (إلزام SFDA منذ ١ يوليو ٢٠٢٥). الماكروز غير منشورة — تبقى فارغة.
QGAP-00737,NEEDS_SOURCE,سعرات رسمية على قائمة الفرع/التطبيق (إلزام SFDA) — تُقرأ يدويًا؛ الماكروز غير منشورة,اوفردوز - ماتشا,Overdose Coffee - Matcha,اوفردوز,Overdose Coffee,Overdose Coffee,RESTAURANT,مطاعم,قهوة,,,KSA,KSA,,HIGH,P1,MISSING,,OFFICIAL_LOCAL_KCAL,Overdose menu (SFDA),,,,,,,,,,,,,NONE,HIGH,,,,,,,,,اوفردوز,Overdose Coffee,السعرات متاحة رسميًا على قائمة الفرع/التطبيق (إلزام SFDA منذ ١ يوليو ٢٠٢٥). الماكروز غير منشورة — تبقى فارغة.
QGAP-00739,NEEDS_SOURCE,سعرات رسمية على قائمة الفرع/التطبيق (إلزام SFDA) — تُقرأ يدويًا؛ الماكروز غير منشورة,كرسبي كريم - دونات شوكولاتة سبرينكل,Krispy Kreme - Chocolate sprinkle donut,كرسبي كريم,Krispy Kreme,Krispy Kreme,RESTAURANT,مطاعم,حلويات,,,KSA,KSA,,VERY_HIGH,P1,MISSING,,OFFICIAL_LOCAL_KCAL,Krispy Kreme KSA menu (SFDA),,,,,,,,,,,,,NONE,HIGH,,,,,,,,,كرسبي كريم,Krispy Kreme,السعرات متاحة رسميًا على قائمة الفرع/التطبيق (إلزام SFDA منذ ١ يوليو ٢٠٢٥). الماكروز غير منشورة — تبقى فارغة.
QGAP-00740,NEEDS_SOURCE,سعرات رسمية على قائمة الفرع/التطبيق (إلزام SFDA) — تُقرأ يدويًا؛ الماكروز غير منشورة,كرسبي كريم - دونات كريمة,Krispy Kreme - Kreme filled donut,كرسبي كريم,Krispy Kreme,Krispy Kreme,RESTAURANT,مطاعم,حلويات,,,KSA,KSA,,VERY_HIGH,P1,MISSING,,OFFICIAL_LOCAL_KCAL,Krispy Kreme KSA menu (SFDA),,,,,,,,,,,,,NONE,HIGH,,,,,,,,,كرسبي كريم,Krispy Kreme,السعرات متاحة رسميًا على قائمة الفرع/التطبيق (إلزام SFDA منذ ١ يوليو ٢٠٢٥). الماكروز غير منشورة — تبقى فارغة.
QGAP-00741,NEEDS_SOURCE,سعرات رسمية على قائمة الفرع/التطبيق (إلزام SFDA) — تُقرأ يدويًا؛ الماكروز غير منشورة,كرسبي كريم - دونات فراولة,Krispy Kreme - Strawberry donut,كرسبي كريم,Krispy Kreme,Krispy Kreme,RESTAURANT,مطاعم,حلويات,,,KSA,KSA,,VERY_HIGH,P1,MISSING,,OFFICIAL_LOCAL_KCAL,Krispy Kreme KSA menu (SFDA),,,,,,,,,,,,,NONE,HIGH,,,,,,,,,كرسبي كريم,Krispy Kreme,السعرات متاحة رسميًا على قائمة الفرع/التطبيق (إلزام SFDA منذ ١ يوليو ٢٠٢٥). الماكروز غير منشورة — تبقى فارغة.
QGAP-00742,NEEDS_SOURCE,سعرات رسمية على قائمة الفرع/التطبيق (إلزام SFDA) — تُقرأ يدويًا؛ الماكروز غير منشورة,كرسبي كريم - دونات كاسترد,Krispy Kreme - Custard donut,كرسبي كريم,Krispy Kreme,Krispy Kreme,RESTAURANT,مطاعم,حلويات,,,KSA,KSA,,VERY_HIGH,P1,MISSING,,OFFICIAL_LOCAL_KCAL,Krispy Kreme KSA menu (SFDA),,,,,,,,,,,,,NONE,HIGH,,,,,,,,,كرسبي كريم,Krispy Kreme,السعرات متاحة رسميًا على قائمة الفرع/التطبيق (إلزام SFDA منذ ١ يوليو ٢٠٢٥). الماكروز غير منشورة — تبقى فارغة.
QGAP-00743,NEEDS_SOURCE,سعرات رسمية على قائمة الفرع/التطبيق (إلزام SFDA) — تُقرأ يدويًا؛ الماكروز غير منشورة,كرسبي كريم - دونات لوتس,Krispy Kreme - Lotus donut,كرسبي كريم,Krispy Kreme,Krispy Kreme,RESTAURANT,مطاعم,حلويات,,,KSA,KSA,,VERY_HIGH,P1,MISSING,,OFFICIAL_LOCAL_KCAL,Krispy Kreme KSA menu (SFDA),,,,,,,,,,,,,NONE,HIGH,,,,,,,,,كرسبي كريم,Krispy Kreme,السعرات متاحة رسميًا على قائمة الفرع/التطبيق (إلزام SFDA منذ ١ يوليو ٢٠٢٥). الماكروز غير منشورة — تبقى فارغة.
QGAP-00744,NEEDS_SOURCE,سعرات رسمية على قائمة الفرع/التطبيق (إلزام SFDA) — تُقرأ يدويًا؛ الماكروز غير منشورة,كرسبي كريم - دستة دونات,Krispy Kreme - Dozen donuts,كرسبي كريم,Krispy Kreme,Krispy Kreme,RESTAURANT,مطاعم,حلويات,,,KSA,KSA,,VERY_HIGH,P1,MISSING,,OFFICIAL_LOCAL_KCAL,Krispy Kreme KSA menu (SFDA),,,,,,,,,,,,,NONE,HIGH,,,,,,,,,كرسبي كريم,Krispy Kreme,السعرات متاحة رسميًا على قائمة الفرع/التطبيق (إلزام SFDA منذ ١ يوليو ٢٠٢٥). الماكروز غير منشورة — تبقى فارغة.
QGAP-00745,NEEDS_SOURCE,سعرات رسمية على قائمة الفرع/التطبيق (إلزام SFDA) — تُقرأ يدويًا؛ الماكروز غير منشورة,كرسبي كريم - قهوة,Krispy Kreme - Coffee,كرسبي كريم,Krispy Kreme,Krispy Kreme,RESTAURANT,مطاعم,حلويات,,,KSA,KSA,,VERY_HIGH,P1,MISSING,,OFFICIAL_LOCAL_KCAL,Krispy Kreme KSA menu (SFDA),,,,,,,,,,,,,NONE,HIGH,,,,,,,,,كرسبي كريم,Krispy Kreme,السعرات متاحة رسميًا على قائمة الفرع/التطبيق (إلزام SFDA منذ ١ يوليو ٢٠٢٥). الماكروز غير منشورة — تبقى فارغة.
QGAP-00747,NEEDS_SOURCE,لم يُعثر على مصدر آلي — يحتاج جلبًا من المصنّع أو كتالوج التجزئة,سينابون - كلاسيك رول,Cinnabon - Classic cinnamon roll,سينابون,Cinnabon,Cinnabon,RESTAURANT,مطاعم,حلويات,,,KSA,FOREIGN,,HIGH,P1,MISSING,,OFFICIAL_FOREIGN_MARKET,Cinnabon nutrition,,,,,,,,,,,,,NONE,HIGH,,,,,,,,,سينابون,Cinnabon,بيانات السوق الأجنبي فقط — تُوسم صراحةً ولا تُقدَّم كقيم سعودية.
QGAP-00748,NEEDS_SOURCE,لم يُعثر على مصدر آلي — يحتاج جلبًا من المصنّع أو كتالوج التجزئة,سينابون - ميني بون,Cinnabon - MiniBon,سينابون,Cinnabon,Cinnabon,RESTAURANT,مطاعم,حلويات,,,KSA,FOREIGN,,HIGH,P1,MISSING,,OFFICIAL_FOREIGN_MARKET,Cinnabon nutrition,,,,,,,,,,,,,NONE,HIGH,,,,,,,,,سينابون,Cinnabon,بيانات السوق الأجنبي فقط — تُوسم صراحةً ولا تُقدَّم كقيم سعودية.
QGAP-00749,NEEDS_SOURCE,لم يُعثر على مصدر آلي — يحتاج جلبًا من المصنّع أو كتالوج التجزئة,سينابون - بون بايتس,Cinnabon - BonBites,سينابون,Cinnabon,Cinnabon,RESTAURANT,مطاعم,حلويات,,,KSA,FOREIGN,,HIGH,P1,MISSING,,OFFICIAL_FOREIGN_MARKET,Cinnabon nutrition,,,,,,,,,,,,,NONE,HIGH,,,,,,,,,سينابون,Cinnabon,بيانات السوق الأجنبي فقط — تُوسم صراحةً ولا تُقدَّم كقيم سعودية.
QGAP-00750,NEEDS_SOURCE,لم يُعثر على مصدر آلي — يحتاج جلبًا من المصنّع أو كتالوج التجزئة,سينابون - كارميل بيكان بون,Cinnabon - Caramel Pecan Bon,سينابون,Cinnabon,Cinnabon,RESTAURANT,مطاعم,حلويات,,,KSA,FOREIGN,,HIGH,P1,MISSING,,OFFICIAL_FOREIGN_MARKET,Cinnabon nutrition,,,,,,,,,,,,,NONE,HIGH,,,,,,,,,سينابون,Cinnabon,بيانات السوق الأجنبي فقط — تُوسم صراحةً ولا تُقدَّم كقيم سعودية.
QGAP-00751,NEEDS_SOURCE,لم يُعثر على مصدر آلي — يحتاج جلبًا من المصنّع أو كتالوج التجزئة,سينابون - تشيلاتا,Cinnabon - Chillatta,سينابون,Cinnabon,Cinnabon,RESTAURANT,مطاعم,حلويات,,,KSA,FOREIGN,,HIGH,P1,MISSING,,OFFICIAL_FOREIGN_MARKET,Cinnabon nutrition,,,,,,,,,,,,,NONE,HIGH,,,,,,,,,سينابون,Cinnabon,بيانات السوق الأجنبي فقط — تُوسم صراحةً ولا تُقدَّم كقيم سعودية.
QGAP-00752,NEEDS_SOURCE,لم يُعثر على مصدر آلي — يحتاج جلبًا من المصنّع أو كتالوج التجزئة,سينابون - قهوة,Cinnabon - Coffee,سينابون,Cinnabon,Cinnabon,RESTAURANT,مطاعم,حلويات,,,KSA,FOREIGN,,HIGH,P1,MISSING,,OFFICIAL_FOREIGN_MARKET,Cinnabon nutrition,,,,,,,,,,,,,NONE,HIGH,,,,,,,,,سينابون,Cinnabon,بيانات السوق الأجنبي فقط — تُوسم صراحةً ولا تُقدَّم كقيم سعودية.
QGAP-00753,NEEDS_SOURCE,لم يُعثر على مصدر آلي — يحتاج جلبًا من المصنّع أو كتالوج التجزئة,باسكن روبنز - آيس كريم 3 سكوب,Baskin Robbins - Triple scoop,باسكن روبنز,Baskin Robbins,Baskin Robbins,RESTAURANT,مطاعم,حلويات,,,KSA,FOREIGN,,VERY_HIGH,P1,MISSING,,OFFICIAL_FOREIGN_MARKET,Baskin Robbins nutrition,,,,,,,,,,,,,NONE,HIGH,,,,,,,,,باسكن روبنز,Baskin Robbins,بيانات السوق الأجنبي فقط — تُوسم صراحةً ولا تُقدَّم كقيم سعودية.
QGAP-00755,NEEDS_SOURCE,لم يُعثر على مصدر آلي — يحتاج جلبًا من المصنّع أو كتالوج التجزئة,باسكن روبنز - كيك آيس كريم,Baskin Robbins - Ice cream cake,باسكن روبنز,Baskin Robbins,Baskin Robbins,RESTAURANT,مطاعم,حلويات,,,KSA,FOREIGN,,VERY_HIGH,P1,MISSING,,OFFICIAL_FOREIGN_MARKET,Baskin Robbins nutrition,,,,,,,,,,,,,NONE,HIGH,,,,,,,,,باسكن روبنز,Baskin Robbins,بيانات السوق الأجنبي فقط — تُوسم صراحةً ولا تُقدَّم كقيم سعودية.
QGAP-00756,NEEDS_SOURCE,لم يُعثر على مصدر آلي — يحتاج جلبًا من المصنّع أو كتالوج التجزئة,باسكن روبنز - بانانا سبليت,Baskin Robbins - Banana split,باسكن روبنز,Baskin Robbins,Baskin Robbins,RESTAURANT,مطاعم,حلويات,,,KSA,FOREIGN,,VERY_HIGH,P1,MISSING,,OFFICIAL_FOREIGN_MARKET,Baskin Robbins nutrition,,,,,,,,,,,,,NONE,HIGH,,,,,,,,,باسكن روبنز,Baskin Robbins,بيانات السوق الأجنبي فقط — تُوسم صراحةً ولا تُقدَّم كقيم سعودية.
QGAP-00757,NEEDS_SOURCE,لم يُعثر على مصدر آلي — يحتاج جلبًا من المصنّع أو كتالوج التجزئة,باسكن روبنز - واجن كون,Baskin Robbins - Waffle cone,باسكن روبنز,Baskin Robbins,Baskin Robbins,RESTAURANT,مطاعم,حلويات,,,KSA,FOREIGN,,VERY_HIGH,P1,MISSING,,OFFICIAL_FOREIGN_MARKET,Baskin Robbins nutrition,,,,,,,,,,,,,NONE,HIGH,,,,,,,,,باسكن روبنز,Baskin Robbins,بيانات السوق الأجنبي فقط — تُوسم صراحةً ولا تُقدَّم كقيم سعودية.
QGAP-00758,NEEDS_SOURCE,لم يُعثر على مصدر آلي — يحتاج جلبًا من المصنّع أو كتالوج التجزئة,باسكن روبنز - بلاست,Baskin Robbins - Blast,باسكن روبنز,Baskin Robbins,Baskin Robbins,RESTAURANT,مطاعم,حلويات,,,KSA,FOREIGN,,VERY_HIGH,P1,MISSING,,OFFICIAL_FOREIGN_MARKET,Baskin Robbins nutrition,,,,,,,,,,,,,NONE,HIGH,,,,,,,,,باسكن روبنز,Baskin Robbins,بيانات السوق الأجنبي فقط — تُوسم صراحةً ولا تُقدَّم كقيم سعودية.
QGAP-00759,NEEDS_SOURCE,سعرات رسمية على قائمة الفرع/التطبيق (إلزام SFDA) — تُقرأ يدويًا؛ الماكروز غير منشورة,سعد الدين - كنافة نابلسية,Saadeddin - Nabulsi kunafa,سعد الدين,Saadeddin,Saadeddin,RESTAURANT,مطاعم,حلويات,,,KSA,KSA,,HIGH,P1,MISSING,,OFFICIAL_LOCAL_KCAL,Saadeddin menu (SFDA),,,,,,,,,,,,,NONE,HIGH,,,,,,,,,سعد الدين,Saadeddin,السعرات متاحة رسميًا على قائمة الفرع/التطبيق (إلزام SFDA منذ ١ يوليو ٢٠٢٥). الماكروز غير منشورة — تبقى فارغة.
QGAP-00760,NEEDS_SOURCE,سعرات رسمية على قائمة الفرع/التطبيق (إلزام SFDA) — تُقرأ يدويًا؛ الماكروز غير منشورة,سعد الدين - بقلاوة مشكلة,Saadeddin - Mixed baklava,سعد الدين,Saadeddin,Saadeddin,RESTAURANT,مطاعم,حلويات,,,KSA,KSA,,HIGH,P1,MISSING,,OFFICIAL_LOCAL_KCAL,Saadeddin menu (SFDA),,,,,,,,,,,,,NONE,HIGH,,,,,,,,,سعد الدين,Saadeddin,السعرات متاحة رسميًا على قائمة الفرع/التطبيق (إلزام SFDA منذ ١ يوليو ٢٠٢٥). الماكروز غير منشورة — تبقى فارغة.
QGAP-00763,NEEDS_SOURCE,سعرات رسمية على قائمة الفرع/التطبيق (إلزام SFDA) — تُقرأ يدويًا؛ الماكروز غير منشورة,سعد الدين - شوكولاتة سعد الدين,Saadeddin - Saadeddin chocolate,سعد الدين,Saadeddin,Saadeddin,RESTAURANT,مطاعم,حلويات,,,KSA,KSA,,HIGH,P1,MISSING,,OFFICIAL_LOCAL_KCAL,Saadeddin menu (SFDA),,,,,,,,,,,,,NONE,HIGH,,,,,,,,,سعد الدين,Saadeddin,السعرات متاحة رسميًا على قائمة الفرع/التطبيق (إلزام SFDA منذ ١ يوليو ٢٠٢٥). الماكروز غير منشورة — تبقى فارغة.
QGAP-00764,NEEDS_SOURCE,سعرات رسمية على قائمة الفرع/التطبيق (إلزام SFDA) — تُقرأ يدويًا؛ الماكروز غير منشورة,سعد الدين - كيك,Saadeddin - Cake,سعد الدين,Saadeddin,Saadeddin,RESTAURANT,مطاعم,حلويات,,,KSA,KSA,,HIGH,P1,MISSING,,OFFICIAL_LOCAL_KCAL,Saadeddin menu (SFDA),,,,,,,,,,,,,NONE,HIGH,,,,,,,,,سعد الدين,Saadeddin,السعرات متاحة رسميًا على قائمة الفرع/التطبيق (إلزام SFDA منذ ١ يوليو ٢٠٢٥). الماكروز غير منشورة — تبقى فارغة.
QGAP-00765,NEEDS_SOURCE,سعرات رسمية على قائمة الفرع/التطبيق (إلزام SFDA) — تُقرأ يدويًا؛ الماكروز غير منشورة,سعد الدين - حلاوة الجبن,Saadeddin - Cheese halawa,سعد الدين,Saadeddin,Saadeddin,RESTAURANT,مطاعم,حلويات,,,KSA,KSA,,HIGH,P1,MISSING,,OFFICIAL_LOCAL_KCAL,Saadeddin menu (SFDA),,,,,,,,,,,,,NONE,HIGH,,,,,,,,,سعد الدين,Saadeddin,السعرات متاحة رسميًا على قائمة الفرع/التطبيق (إلزام SFDA منذ ١ يوليو ٢٠٢٥). الماكروز غير منشورة — تبقى فارغة.
QGAP-00766,NEEDS_SOURCE,سعرات رسمية على قائمة الفرع/التطبيق (إلزام SFDA) — تُقرأ يدويًا؛ الماكروز غير منشورة,سعد الدين - غريبة,Saadeddin - Ghraybah,سعد الدين,Saadeddin,Saadeddin,RESTAURANT,مطاعم,حلويات,,,KSA,KSA,,HIGH,P1,MISSING,,OFFICIAL_LOCAL_KCAL,Saadeddin menu (SFDA),,,,,,,,,,,,,NONE,HIGH,,,,,,,,,سعد الدين,Saadeddin,السعرات متاحة رسميًا على قائمة الفرع/التطبيق (إلزام SFDA منذ ١ يوليو ٢٠٢٥). الماكروز غير منشورة — تبقى فارغة.
QGAP-00768,NEEDS_SOURCE,لم يُعثر على مصدر آلي — يحتاج جلبًا من المصنّع أو كتالوج التجزئة,تشيليز - برجر أولد تايمر,Chili's - Oldtimer burger,تشيليز,Chili's,Chili's,RESTAURANT,مطاعم,مطاعم عائلية,,,KSA,FOREIGN,,MEDIUM,P2,MISSING,,OFFICIAL_FOREIGN_MARKET,Chili's US nutrition,,,,,,,,,,,,,NONE,HIGH,,,,,,,,,تشيليز,Chili's,بيانات السوق الأجنبي فقط — تُوسم صراحةً ولا تُقدَّم كقيم سعودية.
QGAP-00769,NEEDS_SOURCE,لم يُعثر على مصدر آلي — يحتاج جلبًا من المصنّع أو كتالوج التجزئة,تشيليز - أضلاع باربكيو,Chili's - BBQ ribs,تشيليز,Chili's,Chili's,RESTAURANT,مطاعم,مطاعم عائلية,,,KSA,FOREIGN,,MEDIUM,P2,MISSING,,OFFICIAL_FOREIGN_MARKET,Chili's US nutrition,,,,,,,,,,,,,NONE,HIGH,,,,,,,,,تشيليز,Chili's,بيانات السوق الأجنبي فقط — تُوسم صراحةً ولا تُقدَّم كقيم سعودية.
QGAP-00770,NEEDS_SOURCE,لم يُعثر على مصدر آلي — يحتاج جلبًا من المصنّع أو كتالوج التجزئة,تشيليز - تشيكن كرسبرز,Chili's - Chicken crispers,تشيليز,Chili's,Chili's,RESTAURANT,مطاعم,مطاعم عائلية,,,KSA,FOREIGN,,MEDIUM,P2,MISSING,,OFFICIAL_FOREIGN_MARKET,Chili's US nutrition,,,,,,,,,,,,,NONE,HIGH,,,,,,,,,تشيليز,Chili's,بيانات السوق الأجنبي فقط — تُوسم صراحةً ولا تُقدَّم كقيم سعودية.
QGAP-00771,NEEDS_SOURCE,لم يُعثر على مصدر آلي — يحتاج جلبًا من المصنّع أو كتالوج التجزئة,تشيليز - ناتشوز,Chili's - Nachos,تشيليز,Chili's,Chili's,RESTAURANT,مطاعم,مطاعم عائلية,,,KSA,FOREIGN,,MEDIUM,P2,MISSING,,OFFICIAL_FOREIGN_MARKET,Chili's US nutrition,,,,,,,,,,,,,NONE,HIGH,,,,,,,,,تشيليز,Chili's,بيانات السوق الأجنبي فقط — تُوسم صراحةً ولا تُقدَّم كقيم سعودية.
QGAP-00772,NEEDS_SOURCE,لم يُعثر على مصدر آلي — يحتاج جلبًا من المصنّع أو كتالوج التجزئة,تشيليز - مولتن كيك,Chili's - Molten chocolate cake,تشيليز,Chili's,Chili's,RESTAURANT,مطاعم,مطاعم عائلية,,,KSA,FOREIGN,,MEDIUM,P2,MISSING,,OFFICIAL_FOREIGN_MARKET,Chili's US nutrition,,,,,,,,,,,,,NONE,HIGH,,,,,,,,,تشيليز,Chili's,بيانات السوق الأجنبي فقط — تُوسم صراحةً ولا تُقدَّم كقيم سعودية.
QGAP-00773,NEEDS_SOURCE,لم يُعثر على مصدر آلي — يحتاج جلبًا من المصنّع أو كتالوج التجزئة,تشيليز - سلطة,Chili's - Salad,تشيليز,Chili's,Chili's,RESTAURANT,مطاعم,مطاعم عائلية,,,KSA,FOREIGN,,MEDIUM,P2,MISSING,,OFFICIAL_FOREIGN_MARKET,Chili's US nutrition,,,,,,,,,,,,,NONE,HIGH,,,,,,,,,تشيليز,Chili's,بيانات السوق الأجنبي فقط — تُوسم صراحةً ولا تُقدَّم كقيم سعودية.
QGAP-00774,NEEDS_SOURCE,لم يُعثر على مصدر آلي — يحتاج جلبًا من المصنّع أو كتالوج التجزئة,تشيليز - كيساديا,Chili's - Quesadilla,تشيليز,Chili's,Chili's,RESTAURANT,مطاعم,مطاعم عائلية,,,KSA,FOREIGN,,MEDIUM,P2,MISSING,,OFFICIAL_FOREIGN_MARKET,Chili's US nutrition,,,,,,,,,,,,,NONE,HIGH,,,,,,,,,تشيليز,Chili's,بيانات السوق الأجنبي فقط — تُوسم صراحةً ولا تُقدَّم كقيم سعودية.
QGAP-00775,NEEDS_SOURCE,لم يُعثر على مصدر آلي — يحتاج جلبًا من المصنّع أو كتالوج التجزئة,آبل بيز - ريب آي ستيك,Applebee's - Ribeye steak,آبل بيز,Applebee's,Applebee's,RESTAURANT,مطاعم,مطاعم عائلية,,,KSA,FOREIGN,,MEDIUM,P2,MISSING,,OFFICIAL_FOREIGN_MARKET,Applebee's nutrition,,,,,,,,,,,,,NONE,HIGH,,,,,,,,,آبل بيز,Applebee's,بيانات السوق الأجنبي فقط — تُوسم صراحةً ولا تُقدَّم كقيم سعودية.
QGAP-00776,NEEDS_SOURCE,لم يُعثر على مصدر آلي — يحتاج جلبًا من المصنّع أو كتالوج التجزئة,آبل بيز - برجر كلاسيك,Applebee's - Classic burger,آبل بيز,Applebee's,Applebee's,RESTAURANT,مطاعم,مطاعم عائلية,,,KSA,FOREIGN,,MEDIUM,P2,MISSING,,OFFICIAL_FOREIGN_MARKET,Applebee's nutrition,,,,,,,,,,,,,NONE,HIGH,,,,,,,,,آبل بيز,Applebee's,بيانات السوق الأجنبي فقط — تُوسم صراحةً ولا تُقدَّم كقيم سعودية.
QGAP-00777,NEEDS_SOURCE,لم يُعثر على مصدر آلي — يحتاج جلبًا من المصنّع أو كتالوج التجزئة,آبل بيز - أجنحة بافلو,Applebee's - Boneless wings,آبل بيز,Applebee's,Applebee's,RESTAURANT,مطاعم,مطاعم عائلية,,,KSA,FOREIGN,,MEDIUM,P2,MISSING,,OFFICIAL_FOREIGN_MARKET,Applebee's nutrition,,,,,,,,,,,,,NONE,HIGH,,,,,,,,,آبل بيز,Applebee's,بيانات السوق الأجنبي فقط — تُوسم صراحةً ولا تُقدَّم كقيم سعودية.
QGAP-00778,NEEDS_SOURCE,لم يُعثر على مصدر آلي — يحتاج جلبًا من المصنّع أو كتالوج التجزئة,آبل بيز - فاهيتا,Applebee's - Fajitas,آبل بيز,Applebee's,Applebee's,RESTAURANT,مطاعم,مطاعم عائلية,,,KSA,FOREIGN,,MEDIUM,P2,MISSING,,OFFICIAL_FOREIGN_MARKET,Applebee's nutrition,,,,,,,,,,,,,NONE,HIGH,,,,,,,,,آبل بيز,Applebee's,بيانات السوق الأجنبي فقط — تُوسم صراحةً ولا تُقدَّم كقيم سعودية.
QGAP-00779,NEEDS_SOURCE,لم يُعثر على مصدر آلي — يحتاج جلبًا من المصنّع أو كتالوج التجزئة,آبل بيز - سلطة سيزر بالدجاج,Applebee's - Chicken Caesar salad,آبل بيز,Applebee's,Applebee's,RESTAURANT,مطاعم,مطاعم عائلية,,,KSA,FOREIGN,,MEDIUM,P2,MISSING,,OFFICIAL_FOREIGN_MARKET,Applebee's nutrition,,,,,,,,,,,,,NONE,HIGH,,,,,,,,,آبل بيز,Applebee's,بيانات السوق الأجنبي فقط — تُوسم صراحةً ولا تُقدَّم كقيم سعودية.
QGAP-00780,NEEDS_SOURCE,لم يُعثر على مصدر آلي — يحتاج جلبًا من المصنّع أو كتالوج التجزئة,آبل بيز - براوني صنداي,Applebee's - Brownie sundae,آبل بيز,Applebee's,Applebee's,RESTAURANT,مطاعم,مطاعم عائلية,,,KSA,FOREIGN,,MEDIUM,P2,MISSING,,OFFICIAL_FOREIGN_MARKET,Applebee's nutrition,,,,,,,,,,,,,NONE,HIGH,,,,,,,,,آبل بيز,Applebee's,بيانات السوق الأجنبي فقط — تُوسم صراحةً ولا تُقدَّم كقيم سعودية.
QGAP-00781,NEEDS_SOURCE,لم يُعثر على مصدر آلي — يحتاج جلبًا من المصنّع أو كتالوج التجزئة,تكساس رودهاوس - ستيك سيرلوين,Texas Roadhouse - Sirloin steak,تكساس رودهاوس,Texas Roadhouse,Texas Roadhouse,RESTAURANT,مطاعم,ستيك,,,KSA,FOREIGN,,MEDIUM,P2,MISSING,,OFFICIAL_FOREIGN_MARKET,Texas Roadhouse nutrition,,,,,,,,,,,,,NONE,HIGH,,,,,,,,,تكساس رودهاوس,Texas Roadhouse,بيانات السوق الأجنبي فقط — تُوسم صراحةً ولا تُقدَّم كقيم سعودية.
QGAP-00782,NEEDS_SOURCE,لم يُعثر على مصدر آلي — يحتاج جلبًا من المصنّع أو كتالوج التجزئة,تكساس رودهاوس - أضلاع,Texas Roadhouse - Ribs,تكساس رودهاوس,Texas Roadhouse,Texas Roadhouse,RESTAURANT,مطاعم,ستيك,,,KSA,FOREIGN,,MEDIUM,P2,MISSING,,OFFICIAL_FOREIGN_MARKET,Texas Roadhouse nutrition,,,,,,,,,,,,,NONE,HIGH,,,,,,,,,تكساس رودهاوس,Texas Roadhouse,بيانات السوق الأجنبي فقط — تُوسم صراحةً ولا تُقدَّم كقيم سعودية.
QGAP-00783,NEEDS_SOURCE,لم يُعثر على مصدر آلي — يحتاج جلبًا من المصنّع أو كتالوج التجزئة,تكساس رودهاوس - خبز بالزبدة,Texas Roadhouse - Buttered roll,تكساس رودهاوس,Texas Roadhouse,Texas Roadhouse,RESTAURANT,مطاعم,ستيك,,,KSA,FOREIGN,,MEDIUM,P2,MISSING,,OFFICIAL_FOREIGN_MARKET,Texas Roadhouse nutrition,,,,,,,,,,,,,NONE,HIGH,,,,,,,,,تكساس رودهاوس,Texas Roadhouse,بيانات السوق الأجنبي فقط — تُوسم صراحةً ولا تُقدَّم كقيم سعودية.
QGAP-00784,NEEDS_SOURCE,لم يُعثر على مصدر آلي — يحتاج جلبًا من المصنّع أو كتالوج التجزئة,تكساس رودهاوس - بطاطس مهروسة,Texas Roadhouse - Mashed potatoes,تكساس رودهاوس,Texas Roadhouse,Texas Roadhouse,RESTAURANT,مطاعم,ستيك,,,KSA,FOREIGN,,MEDIUM,P2,MISSING,,OFFICIAL_FOREIGN_MARKET,Texas Roadhouse nutrition,,,,,,,,,,,,,NONE,HIGH,,,,,,,,,تكساس رودهاوس,Texas Roadhouse,بيانات السوق الأجنبي فقط — تُوسم صراحةً ولا تُقدَّم كقيم سعودية.
QGAP-00785,NEEDS_SOURCE,لم يُعثر على مصدر آلي — يحتاج جلبًا من المصنّع أو كتالوج التجزئة,تكساس رودهاوس - سلطة هاوس,Texas Roadhouse - House salad,تكساس رودهاوس,Texas Roadhouse,Texas Roadhouse,RESTAURANT,مطاعم,ستيك,,,KSA,FOREIGN,,MEDIUM,P2,MISSING,,OFFICIAL_FOREIGN_MARKET,Texas Roadhouse nutrition,,,,,,,,,,,,,NONE,HIGH,,,,,,,,,تكساس رودهاوس,Texas Roadhouse,بيانات السوق الأجنبي فقط — تُوسم صراحةً ولا تُقدَّم كقيم سعودية.
QGAP-00786,NEEDS_SOURCE,لم يُعثر على مصدر آلي — يحتاج جلبًا من المصنّع أو كتالوج التجزئة,تكساس رودهاوس - ستيك فيليه,Texas Roadhouse - Filet steak,تكساس رودهاوس,Texas Roadhouse,Texas Roadhouse,RESTAURANT,مطاعم,ستيك,,,KSA,FOREIGN,,MEDIUM,P2,MISSING,,OFFICIAL_FOREIGN_MARKET,Texas Roadhouse nutrition,,,,,,,,,,,,,NONE,HIGH,,,,,,,,,تكساس رودهاوس,Texas Roadhouse,بيانات السوق الأجنبي فقط — تُوسم صراحةً ولا تُقدَّم كقيم سعودية.
QGAP-00787,NEEDS_SOURCE,لم يُعثر على مصدر آلي — يحتاج جلبًا من المصنّع أو كتالوج التجزئة,نandوز - ربع دجاج بيري بيري,Nando's - Quarter chicken peri-peri,نandوز,Nando's,Nando's,RESTAURANT,مطاعم,دجاج مشوي,,,KSA,FOREIGN,,HIGH,P1,MISSING,,OFFICIAL_FOREIGN_MARKET,Nando's UK nutrition,,,,,,,,,,,,,NONE,HIGH,,,,,,,,,نandوز,Nando's,بيانات السوق الأجنبي فقط — تُوسم صراحةً ولا تُقدَّم كقيم سعودية.
QGAP-00788,NEEDS_SOURCE,لم يُعثر على مصدر آلي — يحتاج جلبًا من المصنّع أو كتالوج التجزئة,نandوز - نصف دجاج,Nando's - Half chicken,نandوز,Nando's,Nando's,RESTAURANT,مطاعم,دجاج مشوي,,,KSA,FOREIGN,,HIGH,P1,MISSING,,OFFICIAL_FOREIGN_MARKET,Nando's UK nutrition,,,,,,,,,,,,,NONE,HIGH,,,,,,,,,نandوز,Nando's,بيانات السوق الأجنبي فقط — تُوسم صراحةً ولا تُقدَّم كقيم سعودية.
QGAP-00790,NEEDS_SOURCE,لم يُعثر على مصدر آلي — يحتاج جلبًا من المصنّع أو كتالوج التجزئة,نandوز - رابس,Nando's - Wrap,نandوز,Nando's,Nando's,RESTAURANT,مطاعم,دجاج مشوي,,,KSA,FOREIGN,,HIGH,P1,MISSING,,OFFICIAL_FOREIGN_MARKET,Nando's UK nutrition,,,,,,,,,,,,,NONE,HIGH,,,,,,,,,نandوز,Nando's,بيانات السوق الأجنبي فقط — تُوسم صراحةً ولا تُقدَّم كقيم سعودية.
QGAP-00791,NEEDS_SOURCE,لم يُعثر على مصدر آلي — يحتاج جلبًا من المصنّع أو كتالوج التجزئة,نandوز - أرز سباسي,Nando's - Spicy rice,نandوز,Nando's,Nando's,RESTAURANT,مطاعم,دجاج مشوي,,,KSA,FOREIGN,,HIGH,P1,MISSING,,OFFICIAL_FOREIGN_MARKET,Nando's UK nutrition,,,,,,,,,,,,,NONE,HIGH,,,,,,,,,نandوز,Nando's,بيانات السوق الأجنبي فقط — تُوسم صراحةً ولا تُقدَّم كقيم سعودية.
QGAP-00792,NEEDS_SOURCE,لم يُعثر على مصدر آلي — يحتاج جلبًا من المصنّع أو كتالوج التجزئة,نandوز - ماك أند تشيز,Nando's - Macho peas / mac,نandوز,Nando's,Nando's,RESTAURANT,مطاعم,دجاج مشوي,,,KSA,FOREIGN,,HIGH,P1,MISSING,,OFFICIAL_FOREIGN_MARKET,Nando's UK nutrition,,,,,,,,,,,,,NONE,HIGH,,,,,,,,,نandوز,Nando's,بيانات السوق الأجنبي فقط — تُوسم صراحةً ولا تُقدَّم كقيم سعودية.
QGAP-00793,NEEDS_SOURCE,لم يُعثر على مصدر آلي — يحتاج جلبًا من المصنّع أو كتالوج التجزئة,نandوز - بطاطس بيري بيري,Nando's - Peri-peri chips,نandوز,Nando's,Nando's,RESTAURANT,مطاعم,دجاج مشوي,,,KSA,FOREIGN,,HIGH,P1,MISSING,,OFFICIAL_FOREIGN_MARKET,Nando's UK nutrition,,,,,,,,,,,,,NONE,HIGH,,,,,,,,,نandوز,Nando's,بيانات السوق الأجنبي فقط — تُوسم صراحةً ولا تُقدَّم كقيم سعودية.
QGAP-00794,NEEDS_SOURCE,لم يُعثر على مصدر آلي — يحتاج جلبًا من المصنّع أو كتالوج التجزئة,نandوز - سلطة,Nando's - Salad,نandوز,Nando's,Nando's,RESTAURANT,مطاعم,دجاج مشوي,,,KSA,FOREIGN,,HIGH,P1,MISSING,,OFFICIAL_FOREIGN_MARKET,Nando's UK nutrition,,,,,,,,,,,,,NONE,HIGH,,,,,,,,,نandوز,Nando's,بيانات السوق الأجنبي فقط — تُوسم صراحةً ولا تُقدَّم كقيم سعودية.
QGAP-00797,NEEDS_SOURCE,سعرات رسمية على قائمة الفرع/التطبيق (إلزام SFDA) — تُقرأ يدويًا؛ الماكروز غير منشورة,كبابجي - مشاوي مشكلة,Kababji - Mixed grill,كبابجي,Kababji,Kababji,RESTAURANT,مطاعم,مشاوي,,,KSA,KSA,,HIGH,P1,MISSING,,OFFICIAL_LOCAL_KCAL,Kababji menu (SFDA),,,,,,,,,,,,,NONE,HIGH,,,,,,,,,كبابجي,Kababji,السعرات متاحة رسميًا على قائمة الفرع/التطبيق (إلزام SFDA منذ ١ يوليو ٢٠٢٥). الماكروز غير منشورة — تبقى فارغة.
QGAP-00799,NEEDS_SOURCE,سعرات رسمية على قائمة الفرع/التطبيق (إلزام SFDA) — تُقرأ يدويًا؛ الماكروز غير منشورة,كبابجي - متبل,Kababji - Moutabbal,كبابجي,Kababji,Kababji,RESTAURANT,مطاعم,مشاوي,,,KSA,KSA,,HIGH,P1,MISSING,,OFFICIAL_LOCAL_KCAL,Kababji menu (SFDA),,,,,,,,,,,,,NONE,HIGH,,,,,,,,,كبابجي,Kababji,السعرات متاحة رسميًا على قائمة الفرع/التطبيق (إلزام SFDA منذ ١ يوليو ٢٠٢٥). الماكروز غير منشورة — تبقى فارغة.
QGAP-00802,NEEDS_SOURCE,سعرات رسمية على قائمة الفرع/التطبيق (إلزام SFDA) — تُقرأ يدويًا؛ الماكروز غير منشورة,كبابجي - كبة,Kababji - Kibbeh,كبابجي,Kababji,Kababji,RESTAURANT,مطاعم,مشاوي,,,KSA,KSA,,HIGH,P1,MISSING,,OFFICIAL_LOCAL_KCAL,Kababji menu (SFDA),,,,,,,,,,,,,NONE,HIGH,,,,,,,,,كبابجي,Kababji,السعرات متاحة رسميًا على قائمة الفرع/التطبيق (إلزام SFDA منذ ١ يوليو ٢٠٢٥). الماكروز غير منشورة — تبقى فارغة.
QGAP-00803,NEEDS_SOURCE,سعرات رسمية على قائمة الفرع/التطبيق (إلزام SFDA) — تُقرأ يدويًا؛ الماكروز غير منشورة,كبابجي - شاورما,Kababji - Shawarma,كبابجي,Kababji,Kababji,RESTAURANT,مطاعم,مشاوي,,,KSA,KSA,,HIGH,P1,MISSING,,OFFICIAL_LOCAL_KCAL,Kababji menu (SFDA),,,,,,,,,,,,,NONE,HIGH,,,,,,,,,كبابجي,Kababji,السعرات متاحة رسميًا على قائمة الفرع/التطبيق (إلزام SFDA منذ ١ يوليو ٢٠٢٥). الماكروز غير منشورة — تبقى فارغة.
QGAP-00804,NEEDS_SOURCE,سعرات رسمية على قائمة الفرع/التطبيق (إلزام SFDA) — تُقرأ يدويًا؛ الماكروز غير منشورة,كبابجي - بطاطس حارة,Kababji - Spicy potato,كبابجي,Kababji,Kababji,RESTAURANT,مطاعم,مشاوي,,,KSA,KSA,,HIGH,P1,MISSING,,OFFICIAL_LOCAL_KCAL,Kababji menu (SFDA),,,,,,,,,,,,,NONE,HIGH,,,,,,,,,كبابجي,Kababji,السعرات متاحة رسميًا على قائمة الفرع/التطبيق (إلزام SFDA منذ ١ يوليو ٢٠٢٥). الماكروز غير منشورة — تبقى فارغة.
QGAP-00807,NEEDS_SOURCE,سعرات رسمية على قائمة الفرع/التطبيق (إلزام SFDA) — تُقرأ يدويًا؛ الماكروز غير منشورة,زعتر وزيت - لحم بعجين,Zaatar w Zeit - Lahm bi ajeen,زعتر وزيت,Zaatar w Zeit,Zaatar w Zeit,RESTAURANT,مطاعم,فطور,,,KSA,KSA,,HIGH,P1,MISSING,,OFFICIAL_LOCAL_KCAL,Zaatar w Zeit menu (SFDA),,,,,,,,,,,,,NONE,HIGH,,,,,,,,,زعتر وزيت,Zaatar w Zeit,السعرات متاحة رسميًا على قائمة الفرع/التطبيق (إلزام SFDA منذ ١ يوليو ٢٠٢٥). الماكروز غير منشورة — تبقى فارغة.
QGAP-00808,NEEDS_SOURCE,سعرات رسمية على قائمة الفرع/التطبيق (إلزام SFDA) — تُقرأ يدويًا؛ الماكروز غير منشورة,زعتر وزيت - فطة حمص,Zaatar w Zeit - Fatteh,زعتر وزيت,Zaatar w Zeit,Zaatar w Zeit,RESTAURANT,مطاعم,فطور,,,KSA,KSA,,HIGH,P1,MISSING,,OFFICIAL_LOCAL_KCAL,Zaatar w Zeit menu (SFDA),,,,,,,,,,,,,NONE,HIGH,,,,,,,,,زعتر وزيت,Zaatar w Zeit,السعرات متاحة رسميًا على قائمة الفرع/التطبيق (إلزام SFDA منذ ١ يوليو ٢٠٢٥). الماكروز غير منشورة — تبقى فارغة.
QGAP-00810,NEEDS_SOURCE,سعرات رسمية على قائمة الفرع/التطبيق (إلزام SFDA) — تُقرأ يدويًا؛ الماكروز غير منشورة,زعتر وزيت - عجة,Zaatar w Zeit - Ejjeh omelette,زعتر وزيت,Zaatar w Zeit,Zaatar w Zeit,RESTAURANT,مطاعم,فطور,,,KSA,KSA,,HIGH,P1,MISSING,,OFFICIAL_LOCAL_KCAL,Zaatar w Zeit menu (SFDA),,,,,,,,,,,,,NONE,HIGH,,,,,,,,,زعتر وزيت,Zaatar w Zeit,السعرات متاحة رسميًا على قائمة الفرع/التطبيق (إلزام SFDA منذ ١ يوليو ٢٠٢٥). الماكروز غير منشورة — تبقى فارغة.
QGAP-00811,NEEDS_SOURCE,سعرات رسمية على قائمة الفرع/التطبيق (إلزام SFDA) — تُقرأ يدويًا؛ الماكروز غير منشورة,زعتر وزيت - ساندويتش حلوم,Zaatar w Zeit - Halloumi sandwich,زعتر وزيت,Zaatar w Zeit,Zaatar w Zeit,RESTAURANT,مطاعم,فطور,,,KSA,KSA,,HIGH,P1,MISSING,,OFFICIAL_LOCAL_KCAL,Zaatar w Zeit menu (SFDA),,,,,,,,,,,,,NONE,HIGH,,,,,,,,,زعتر وزيت,Zaatar w Zeit,السعرات متاحة رسميًا على قائمة الفرع/التطبيق (إلزام SFDA منذ ١ يوليو ٢٠٢٥). الماكروز غير منشورة — تبقى فارغة.
QGAP-00812,NEEDS_SOURCE,سعرات رسمية على قائمة الفرع/التطبيق (إلزام SFDA) — تُقرأ يدويًا؛ الماكروز غير منشورة,زعتر وزيت - لبنة وزعتر,Zaatar w Zeit - Labneh and zaatar,زعتر وزيت,Zaatar w Zeit,Zaatar w Zeit,RESTAURANT,مطاعم,فطور,,,KSA,KSA,,HIGH,P1,MISSING,,OFFICIAL_LOCAL_KCAL,Zaatar w Zeit menu (SFDA),,,,,,,,,,,,,NONE,HIGH,,,,,,,,,زعتر وزيت,Zaatar w Zeit,السعرات متاحة رسميًا على قائمة الفرع/التطبيق (إلزام SFDA منذ ١ يوليو ٢٠٢٥). الماكروز غير منشورة — تبقى فارغة.
QGAP-00813,NEEDS_SOURCE,سعرات رسمية على قائمة الفرع/التطبيق (إلزام SFDA) — تُقرأ يدويًا؛ الماكروز غير منشورة,زعتر وزيت - فول,Zaatar w Zeit - Foul,زعتر وزيت,Zaatar w Zeit,Zaatar w Zeit,RESTAURANT,مطاعم,فطور,,,KSA,KSA,,HIGH,P1,MISSING,,OFFICIAL_LOCAL_KCAL,Zaatar w Zeit menu (SFDA),,,,,,,,,,,,,NONE,HIGH,,,,,,,,,زعتر وزيت,Zaatar w Zeit,السعرات متاحة رسميًا على قائمة الفرع/التطبيق (إلزام SFDA منذ ١ يوليو ٢٠٢٥). الماكروز غير منشورة — تبقى فارغة.
QGAP-00816,NEEDS_SOURCE,سعرات رسمية على قائمة الفرع/التطبيق (إلزام SFDA) — تُقرأ يدويًا؛ الماكروز غير منشورة,بول - بان أو شوكولا,Paul - Pain au chocolat,بول,Paul,Paul,RESTAURANT,مطاعم,مخبوزات,,,KSA,KSA,,MEDIUM,P2,MISSING,,OFFICIAL_LOCAL_KCAL,Paul KSA menu (SFDA),,,,,,,,,,,,,NONE,HIGH,,,,,,,,,بول,Paul,السعرات متاحة رسميًا على قائمة الفرع/التطبيق (إلزام SFDA منذ ١ يوليو ٢٠٢٥). الماكروز غير منشورة — تبقى فارغة.
QGAP-00817,NEEDS_SOURCE,سعرات رسمية على قائمة الفرع/التطبيق (إلزام SFDA) — تُقرأ يدويًا؛ الماكروز غير منشورة,بول - كيش لورين,Paul - Quiche Lorraine,بول,Paul,Paul,RESTAURANT,مطاعم,مخبوزات,,,KSA,KSA,,MEDIUM,P2,MISSING,,OFFICIAL_LOCAL_KCAL,Paul KSA menu (SFDA),,,,,,,,,,,,,NONE,HIGH,,,,,,,,,بول,Paul,السعرات متاحة رسميًا على قائمة الفرع/التطبيق (إلزام SFDA منذ ١ يوليو ٢٠٢٥). الماكروز غير منشورة — تبقى فارغة.
QGAP-00818,NEEDS_SOURCE,سعرات رسمية على قائمة الفرع/التطبيق (إلزام SFDA) — تُقرأ يدويًا؛ الماكروز غير منشورة,بول - ساندويتش بولي,Paul - Poulet sandwich,بول,Paul,Paul,RESTAURANT,مطاعم,مخبوزات,,,KSA,KSA,,MEDIUM,P2,MISSING,,OFFICIAL_LOCAL_KCAL,Paul KSA menu (SFDA),,,,,,,,,,,,,NONE,HIGH,,,,,,,,,بول,Paul,السعرات متاحة رسميًا على قائمة الفرع/التطبيق (إلزام SFDA منذ ١ يوليو ٢٠٢٥). الماكروز غير منشورة — تبقى فارغة.
QGAP-00819,NEEDS_SOURCE,سعرات رسمية على قائمة الفرع/التطبيق (إلزام SFDA) — تُقرأ يدويًا؛ الماكروز غير منشورة,بول - إكلير,Paul - Eclair,بول,Paul,Paul,RESTAURANT,مطاعم,مخبوزات,,,KSA,KSA,,MEDIUM,P2,MISSING,,OFFICIAL_LOCAL_KCAL,Paul KSA menu (SFDA),,,,,,,,,,,,,NONE,HIGH,,,,,,,,,بول,Paul,السعرات متاحة رسميًا على قائمة الفرع/التطبيق (إلزام SFDA منذ ١ يوليو ٢٠٢٥). الماكروز غير منشورة — تبقى فارغة.
QGAP-00820,NEEDS_SOURCE,سعرات رسمية على قائمة الفرع/التطبيق (إلزام SFDA) — تُقرأ يدويًا؛ الماكروز غير منشورة,بول - ماكارون,Paul - Macaron,بول,Paul,Paul,RESTAURANT,مطاعم,مخبوزات,,,KSA,KSA,,MEDIUM,P2,MISSING,,OFFICIAL_LOCAL_KCAL,Paul KSA menu (SFDA),,,,,,,,,,,,,NONE,HIGH,,,,,,,,,بول,Paul,السعرات متاحة رسميًا على قائمة الفرع/التطبيق (إلزام SFDA منذ ١ يوليو ٢٠٢٥). الماكروز غير منشورة — تبقى فارغة.
QGAP-00821,NEEDS_SOURCE,سعرات رسمية على قائمة الفرع/التطبيق (إلزام SFDA) — تُقرأ يدويًا؛ الماكروز غير منشورة,بول - تارت فواكه,Paul - Fruit tart,بول,Paul,Paul,RESTAURANT,مطاعم,مخبوزات,,,KSA,KSA,,MEDIUM,P2,MISSING,,OFFICIAL_LOCAL_KCAL,Paul KSA menu (SFDA),,,,,,,,,,,,,NONE,HIGH,,,,,,,,,بول,Paul,السعرات متاحة رسميًا على قائمة الفرع/التطبيق (إلزام SFDA منذ ١ يوليو ٢٠٢٥). الماكروز غير منشورة — تبقى فارغة.
QGAP-00822,NEEDS_SOURCE,سعرات رسمية على قائمة الفرع/التطبيق (إلزام SFDA) — تُقرأ يدويًا؛ الماكروز غير منشورة,بول - باغيت,Paul - Baguette,بول,Paul,Paul,RESTAURANT,مطاعم,مخبوزات,,,KSA,KSA,,MEDIUM,P2,MISSING,,OFFICIAL_LOCAL_KCAL,Paul KSA menu (SFDA),,,,,,,,,,,,,NONE,HIGH,,,,,,,,,بول,Paul,السعرات متاحة رسميًا على قائمة الفرع/التطبيق (إلزام SFDA منذ ١ يوليو ٢٠٢٥). الماكروز غير منشورة — تبقى فارغة.
QGAP-00823,NEEDS_SOURCE,سعرات رسمية على قائمة الفرع/التطبيق (إلزام SFDA) — تُقرأ يدويًا؛ الماكروز غير منشورة,سومو سوشي - رول كاليفورنيا,Sumo Sushi - California roll,سومو سوشي,Sumo Sushi,Sumo Sushi,RESTAURANT,مطاعم,آسيوي,,,KSA,KSA,,MEDIUM,P2,MISSING,,OFFICIAL_LOCAL_KCAL,Sumo Sushi menu (SFDA),,,,,,,,,,,,,NONE,HIGH,,,,,,,,,سومو سوشي,Sumo Sushi,السعرات متاحة رسميًا على قائمة الفرع/التطبيق (إلزام SFDA منذ ١ يوليو ٢٠٢٥). الماكروز غير منشورة — تبقى فارغة.
QGAP-00824,NEEDS_SOURCE,سعرات رسمية على قائمة الفرع/التطبيق (إلزام SFDA) — تُقرأ يدويًا؛ الماكروز غير منشورة,سومو سوشي - رول سالمون,Sumo Sushi - Salmon roll,سومو سوشي,Sumo Sushi,Sumo Sushi,RESTAURANT,مطاعم,آسيوي,,,KSA,KSA,,MEDIUM,P2,MISSING,,OFFICIAL_LOCAL_KCAL,Sumo Sushi menu (SFDA),,,,,,,,,,,,,NONE,HIGH,,,,,,,,,سومو سوشي,Sumo Sushi,السعرات متاحة رسميًا على قائمة الفرع/التطبيق (إلزام SFDA منذ ١ يوليو ٢٠٢٥). الماكروز غير منشورة — تبقى فارغة.
QGAP-00825,NEEDS_SOURCE,سعرات رسمية على قائمة الفرع/التطبيق (إلزام SFDA) — تُقرأ يدويًا؛ الماكروز غير منشورة,سومو سوشي - ساشيمي,Sumo Sushi - Sashimi,سومو سوشي,Sumo Sushi,Sumo Sushi,RESTAURANT,مطاعم,آسيوي,,,KSA,KSA,,MEDIUM,P2,MISSING,,OFFICIAL_LOCAL_KCAL,Sumo Sushi menu (SFDA),,,,,,,,,,,,,NONE,HIGH,,,,,,,,,سومو سوشي,Sumo Sushi,السعرات متاحة رسميًا على قائمة الفرع/التطبيق (إلزام SFDA منذ ١ يوليو ٢٠٢٥). الماكروز غير منشورة — تبقى فارغة.
QGAP-00826,NEEDS_SOURCE,سعرات رسمية على قائمة الفرع/التطبيق (إلزام SFDA) — تُقرأ يدويًا؛ الماكروز غير منشورة,سومو سوشي - تمبورا روبيان,Sumo Sushi - Shrimp tempura,سومو سوشي,Sumo Sushi,Sumo Sushi,RESTAURANT,مطاعم,آسيوي,,,KSA,KSA,,MEDIUM,P2,MISSING,,OFFICIAL_LOCAL_KCAL,Sumo Sushi menu (SFDA),,,,,,,,,,,,,NONE,HIGH,,,,,,,,,سومو سوشي,Sumo Sushi,السعرات متاحة رسميًا على قائمة الفرع/التطبيق (إلزام SFDA منذ ١ يوليو ٢٠٢٥). الماكروز غير منشورة — تبقى فارغة.
QGAP-00827,NEEDS_SOURCE,سعرات رسمية على قائمة الفرع/التطبيق (إلزام SFDA) — تُقرأ يدويًا؛ الماكروز غير منشورة,سومو سوشي - رامن,Sumo Sushi - Ramen,سومو سوشي,Sumo Sushi,Sumo Sushi,RESTAURANT,مطاعم,آسيوي,,,KSA,KSA,,MEDIUM,P2,MISSING,,OFFICIAL_LOCAL_KCAL,Sumo Sushi menu (SFDA),,,,,,,,,,,,,NONE,HIGH,,,,,,,,,سومو سوشي,Sumo Sushi,السعرات متاحة رسميًا على قائمة الفرع/التطبيق (إلزام SFDA منذ ١ يوليو ٢٠٢٥). الماكروز غير منشورة — تبقى فارغة.
QGAP-00828,NEEDS_SOURCE,سعرات رسمية على قائمة الفرع/التطبيق (إلزام SFDA) — تُقرأ يدويًا؛ الماكروز غير منشورة,سومو سوشي - ياكي نودلز,Sumo Sushi - Yaki noodles,سومو سوشي,Sumo Sushi,Sumo Sushi,RESTAURANT,مطاعم,آسيوي,,,KSA,KSA,,MEDIUM,P2,MISSING,,OFFICIAL_LOCAL_KCAL,Sumo Sushi menu (SFDA),,,,,,,,,,,,,NONE,HIGH,,,,,,,,,سومو سوشي,Sumo Sushi,السعرات متاحة رسميًا على قائمة الفرع/التطبيق (إلزام SFDA منذ ١ يوليو ٢٠٢٥). الماكروز غير منشورة — تبقى فارغة.
QGAP-00829,NEEDS_SOURCE,سعرات رسمية على قائمة الفرع/التطبيق (إلزام SFDA) — تُقرأ يدويًا؛ الماكروز غير منشورة,سومو سوشي - ميسو سوب,Sumo Sushi - Miso soup,سومو سوشي,Sumo Sushi,Sumo Sushi,RESTAURANT,مطاعم,آسيوي,,,KSA,KSA,,MEDIUM,P2,MISSING,,OFFICIAL_LOCAL_KCAL,Sumo Sushi menu (SFDA),,,,,,,,,,,,,NONE,HIGH,,,,,,,,,سومو سوشي,Sumo Sushi,السعرات متاحة رسميًا على قائمة الفرع/التطبيق (إلزام SFDA منذ ١ يوليو ٢٠٢٥). الماكروز غير منشورة — تبقى فارغة.
QGAP-00830,NEEDS_SOURCE,سعرات رسمية على قائمة الفرع/التطبيق (إلزام SFDA) — تُقرأ يدويًا؛ الماكروز غير منشورة,سومو سوشي - إيدامامي,Sumo Sushi - Edamame,سومو سوشي,Sumo Sushi,Sumo Sushi,RESTAURANT,مطاعم,آسيوي,,,KSA,KSA,,MEDIUM,P2,MISSING,,OFFICIAL_LOCAL_KCAL,Sumo Sushi menu (SFDA),,,,,,,,,,,,,NONE,HIGH,,,,,,,,,سومو سوشي,Sumo Sushi,السعرات متاحة رسميًا على قائمة الفرع/التطبيق (إلزام SFDA منذ ١ يوليو ٢٠٢٥). الماكروز غير منشورة — تبقى فارغة.
QGAP-00831,NEEDS_SOURCE,لم يُعثر على مصدر آلي — يحتاج جلبًا من المصنّع أو كتالوج التجزئة,كالو - وجبة دجاج مشوي مع أرز بني,Calo - Grilled chicken with brown rice,كالو,Calo,Calo,RESTAURANT,مطاعم,وجبات صحية,,,KSA,KSA,,VERY_HIGH,P0,MISSING,,OFFICIAL_LOCAL,Calo app — ينشر ماكروز كاملة لكل وجبة,,,,,,,,,,,,,NONE,HIGH,,,,,,,,,كالو,Calo,
QGAP-00832,NEEDS_SOURCE,لم يُعثر على مصدر آلي — يحتاج جلبًا من المصنّع أو كتالوج التجزئة,كالو - وجبة سلمون,Calo - Salmon meal,كالو,Calo,Calo,RESTAURANT,مطاعم,وجبات صحية,,,KSA,KSA,,VERY_HIGH,P0,MISSING,,OFFICIAL_LOCAL,Calo app — ينشر ماكروز كاملة لكل وجبة,,,,,,,,,,,,,NONE,HIGH,,,,,,,,,كالو,Calo,
QGAP-00834,NEEDS_SOURCE,لم يُعثر على مصدر آلي — يحتاج جلبًا من المصنّع أو كتالوج التجزئة,كالو - فطور بروتين,Calo - Protein breakfast,كالو,Calo,Calo,RESTAURANT,مطاعم,وجبات صحية,,,KSA,KSA,,VERY_HIGH,P0,MISSING,,OFFICIAL_LOCAL,Calo app — ينشر ماكروز كاملة لكل وجبة,,,,,,,,,,,,,NONE,HIGH,,,,,,,,,كالو,Calo,
QGAP-00835,NEEDS_SOURCE,لم يُعثر على مصدر آلي — يحتاج جلبًا من المصنّع أو كتالوج التجزئة,كالو - سلطة دجاج سيزر,Calo - Chicken Caesar salad,كالو,Calo,Calo,RESTAURANT,مطاعم,وجبات صحية,,,KSA,KSA,,VERY_HIGH,P0,MISSING,,OFFICIAL_LOCAL,Calo app — ينشر ماكروز كاملة لكل وجبة,,,,,,,,,,,,,NONE,HIGH,,,,,,,,,كالو,Calo,
QGAP-00836,NEEDS_SOURCE,لم يُعثر على مصدر آلي — يحتاج جلبًا من المصنّع أو كتالوج التجزئة,كالو - وجبة باستا دجاج,Calo - Chicken pasta meal,كالو,Calo,Calo,RESTAURANT,مطاعم,وجبات صحية,,,KSA,KSA,,VERY_HIGH,P0,MISSING,,OFFICIAL_LOCAL,Calo app — ينشر ماكروز كاملة لكل وجبة,,,,,,,,,,,,,NONE,HIGH,,,,,,,,,كالو,Calo,
QGAP-00837,NEEDS_SOURCE,لم يُعثر على مصدر آلي — يحتاج جلبًا من المصنّع أو كتالوج التجزئة,كالو - سناك بروتين,Calo - Protein snack,كالو,Calo,Calo,RESTAURANT,مطاعم,وجبات صحية,,,KSA,KSA,,VERY_HIGH,P0,MISSING,,OFFICIAL_LOCAL,Calo app — ينشر ماكروز كاملة لكل وجبة,,,,,,,,,,,,,NONE,HIGH,,,,,,,,,كالو,Calo,
QGAP-00838,NEEDS_SOURCE,لم يُعثر على مصدر آلي — يحتاج جلبًا من المصنّع أو كتالوج التجزئة,كالو - أوفر نايت أوتس,Calo - Overnight oats,كالو,Calo,Calo,RESTAURANT,مطاعم,وجبات صحية,,,KSA,KSA,,VERY_HIGH,P0,MISSING,,OFFICIAL_LOCAL,Calo app — ينشر ماكروز كاملة لكل وجبة,,,,,,,,,,,,,NONE,HIGH,,,,,,,,,كالو,Calo,
QGAP-00839,NEEDS_SOURCE,لم يُعثر على مصدر آلي — يحتاج جلبًا من المصنّع أو كتالوج التجزئة,كالو - وجبة نباتية,Calo - Vegetarian meal,كالو,Calo,Calo,RESTAURANT,مطاعم,وجبات صحية,,,KSA,KSA,,VERY_HIGH,P0,MISSING,,OFFICIAL_LOCAL,Calo app — ينشر ماكروز كاملة لكل وجبة,,,,,,,,,,,,,NONE,HIGH,,,,,,,,,كالو,Calo,
QGAP-00840,NEEDS_SOURCE,لم يُعثر على مصدر آلي — يحتاج جلبًا من المصنّع أو كتالوج التجزئة,كالو - وجبة كبسة صحية,Calo - Healthy kabsa meal,كالو,Calo,Calo,RESTAURANT,مطاعم,وجبات صحية,,,KSA,KSA,,VERY_HIGH,P0,MISSING,,OFFICIAL_LOCAL,Calo app — ينشر ماكروز كاملة لكل وجبة,,,,,,,,,,,,,NONE,HIGH,,,,,,,,,كالو,Calo,
QGAP-00842,NEEDS_SOURCE,لم يُعثر على مصدر آلي — يحتاج جلبًا من المصنّع أو كتالوج التجزئة,رايت بايت - سلطة كينوا,Right Bite - Quinoa salad,رايت بايت,Right Bite,Right Bite,RESTAURANT,مطاعم,وجبات صحية,,,KSA,KSA,,HIGH,P1,MISSING,,OFFICIAL_LOCAL,Right Bite — ماكروز كاملة,,,,,,,,,,,,,NONE,HIGH,,,,,,,,,رايت بايت,Right Bite,
QGAP-00843,NEEDS_SOURCE,لم يُعثر على مصدر آلي — يحتاج جلبًا من المصنّع أو كتالوج التجزئة,رايت بايت - وجبة سمك,Right Bite - Fish meal,رايت بايت,Right Bite,Right Bite,RESTAURANT,مطاعم,وجبات صحية,,,KSA,KSA,,HIGH,P1,MISSING,,OFFICIAL_LOCAL,Right Bite — ماكروز كاملة,,,,,,,,,,,,,NONE,HIGH,,,,,,,,,رايت بايت,Right Bite,
QGAP-00844,NEEDS_SOURCE,لم يُعثر على مصدر آلي — يحتاج جلبًا من المصنّع أو كتالوج التجزئة,رايت بايت - فطور صحي,Right Bite - Healthy breakfast,رايت بايت,Right Bite,Right Bite,RESTAURANT,مطاعم,وجبات صحية,,,KSA,KSA,,HIGH,P1,MISSING,,OFFICIAL_LOCAL,Right Bite — ماكروز كاملة,,,,,,,,,,,,,NONE,HIGH,,,,,,,,,رايت بايت,Right Bite,
QGAP-00845,NEEDS_SOURCE,لم يُعثر على مصدر آلي — يحتاج جلبًا من المصنّع أو كتالوج التجزئة,رايت بايت - سناك,Right Bite - Snack box,رايت بايت,Right Bite,Right Bite,RESTAURANT,مطاعم,وجبات صحية,,,KSA,KSA,,HIGH,P1,MISSING,,OFFICIAL_LOCAL,Right Bite — ماكروز كاملة,,,,,,,,,,,,,NONE,HIGH,,,,,,,,,رايت بايت,Right Bite,
QGAP-00846,NEEDS_SOURCE,لم يُعثر على مصدر آلي — يحتاج جلبًا من المصنّع أو كتالوج التجزئة,رايت بايت - سموذي بروتين,Right Bite - Protein smoothie,رايت بايت,Right Bite,Right Bite,RESTAURANT,مطاعم,وجبات صحية,,,KSA,KSA,,HIGH,P1,MISSING,,OFFICIAL_LOCAL,Right Bite — ماكروز كاملة,,,,,,,,,,,,,NONE,HIGH,,,,,,,,,رايت بايت,Right Bite,
QGAP-00847,NEEDS_SOURCE,لم يُعثر على مصدر آلي — يحتاج جلبًا من المصنّع أو كتالوج التجزئة,دايت سنتر - وجبة دجاج,Diet Center - Chicken meal,دايت سنتر,Diet Center,Diet Center,RESTAURANT,مطاعم,وجبات صحية,,,KSA,KSA,,HIGH,P1,MISSING,,OFFICIAL_LOCAL,Diet Center — ماكروز كاملة,,,,,,,,,,,,,NONE,HIGH,,,,,,,,,دايت سنتر,Diet Center,
QGAP-00848,NEEDS_SOURCE,لم يُعثر على مصدر آلي — يحتاج جلبًا من المصنّع أو كتالوج التجزئة,دايت سنتر - وجبة لحم,Diet Center - Beef meal,دايت سنتر,Diet Center,Diet Center,RESTAURANT,مطاعم,وجبات صحية,,,KSA,KSA,,HIGH,P1,MISSING,,OFFICIAL_LOCAL,Diet Center — ماكروز كاملة,,,,,,,,,,,,,NONE,HIGH,,,,,,,,,دايت سنتر,Diet Center,
QGAP-00849,NEEDS_SOURCE,لم يُعثر على مصدر آلي — يحتاج جلبًا من المصنّع أو كتالوج التجزئة,دايت سنتر - فطور,Diet Center - Breakfast,دايت سنتر,Diet Center,Diet Center,RESTAURANT,مطاعم,وجبات صحية,,,KSA,KSA,,HIGH,P1,MISSING,,OFFICIAL_LOCAL,Diet Center — ماكروز كاملة,,,,,,,,,,,,,NONE,HIGH,,,,,,,,,دايت سنتر,Diet Center,
QGAP-00850,NEEDS_SOURCE,لم يُعثر على مصدر آلي — يحتاج جلبًا من المصنّع أو كتالوج التجزئة,دايت سنتر - سلطة,Diet Center - Salad,دايت سنتر,Diet Center,Diet Center,RESTAURANT,مطاعم,وجبات صحية,,,KSA,KSA,,HIGH,P1,MISSING,,OFFICIAL_LOCAL,Diet Center — ماكروز كاملة,,,,,,,,,,,,,NONE,HIGH,,,,,,,,,دايت سنتر,Diet Center,
QGAP-00851,NEEDS_SOURCE,لم يُعثر على مصدر آلي — يحتاج جلبًا من المصنّع أو كتالوج التجزئة,دايت سنتر - حلى دايت,Diet Center - Diet dessert,دايت سنتر,Diet Center,Diet Center,RESTAURANT,مطاعم,وجبات صحية,,,KSA,KSA,,HIGH,P1,MISSING,,OFFICIAL_LOCAL,Diet Center — ماكروز كاملة,,,,,,,,,,,,,NONE,HIGH,,,,,,,,,دايت سنتر,Diet Center,
QGAP-00852,NEEDS_SOURCE,لم يُعثر على مصدر آلي — يحتاج جلبًا من المصنّع أو كتالوج التجزئة,كيلو كال - وجبة دجاج,Kcal - Chicken meal,كيلو كال,Kcal,Kcal,RESTAURANT,مطاعم,وجبات صحية,,,KSA,KSA,,MEDIUM,P2,MISSING,,OFFICIAL_LOCAL,Kcal — ماكروز كاملة,,,,,,,,,,,,,NONE,HIGH,,,,,,,,,كيلو كال,Kcal,
QGAP-00853,NEEDS_SOURCE,لم يُعثر على مصدر آلي — يحتاج جلبًا من المصنّع أو كتالوج التجزئة,كيلو كال - وجبة سمك,Kcal - Fish meal,كيلو كال,Kcal,Kcal,RESTAURANT,مطاعم,وجبات صحية,,,KSA,KSA,,MEDIUM,P2,MISSING,,OFFICIAL_LOCAL,Kcal — ماكروز كاملة,,,,,,,,,,,,,NONE,HIGH,,,,,,,,,كيلو كال,Kcal,
QGAP-00854,NEEDS_SOURCE,لم يُعثر على مصدر آلي — يحتاج جلبًا من المصنّع أو كتالوج التجزئة,كيلو كال - برجر صحي,Kcal - Healthy burger,كيلو كال,Kcal,Kcal,RESTAURANT,مطاعم,وجبات صحية,,,KSA,KSA,,MEDIUM,P2,MISSING,,OFFICIAL_LOCAL,Kcal — ماكروز كاملة,,,,,,,,,,,,,NONE,HIGH,,,,,,,,,كيلو كال,Kcal,
QGAP-00855,NEEDS_SOURCE,لم يُعثر على مصدر آلي — يحتاج جلبًا من المصنّع أو كتالوج التجزئة,كيلو كال - سلطة,Kcal - Salad,كيلو كال,Kcal,Kcal,RESTAURANT,مطاعم,وجبات صحية,,,KSA,KSA,,MEDIUM,P2,MISSING,,OFFICIAL_LOCAL,Kcal — ماكروز كاملة,,,,,,,,,,,,,NONE,HIGH,,,,,,,,,كيلو كال,Kcal,
QGAP-00856,NEEDS_SOURCE,سعرات رسمية على قائمة الفرع/التطبيق (إلزام SFDA) — تُقرأ يدويًا؛ الماكروز غير منشورة,بيت الشاورما - نصف دجاج مشوي,Shawaya House - Half grilled chicken,بيت الشاورما,Shawaya House,Shawaya House,RESTAURANT,مطاعم,مشاوي,,,KSA,KSA,,HIGH,P1,MISSING,,OFFICIAL_LOCAL_KCAL,Shawaya House menu (SFDA),,,,,,,,,,,,,NONE,HIGH,,,,,,,,,بيت الشاورما,Shawaya House,السعرات متاحة رسميًا على قائمة الفرع/التطبيق (إلزام SFDA منذ ١ يوليو ٢٠٢٥). الماكروز غير منشورة — تبقى فارغة.
QGAP-00858,NEEDS_SOURCE,سعرات رسمية على قائمة الفرع/التطبيق (إلزام SFDA) — تُقرأ يدويًا؛ الماكروز غير منشورة,بيت الشاورما - مشاوي مشكلة,Shawaya House - Mixed grill,بيت الشاورما,Shawaya House,Shawaya House,RESTAURANT,مطاعم,مشاوي,,,KSA,KSA,,HIGH,P1,MISSING,,OFFICIAL_LOCAL_KCAL,Shawaya House menu (SFDA),,,,,,,,,,,,,NONE,HIGH,,,,,,,,,بيت الشاورما,Shawaya House,السعرات متاحة رسميًا على قائمة الفرع/التطبيق (إلزام SFDA منذ ١ يوليو ٢٠٢٥). الماكروز غير منشورة — تبقى فارغة.
QGAP-00859,NEEDS_SOURCE,سعرات رسمية على قائمة الفرع/التطبيق (إلزام SFDA) — تُقرأ يدويًا؛ الماكروز غير منشورة,بيت الشاورما - كبدة,Shawaya House - Liver,بيت الشاورما,Shawaya House,Shawaya House,RESTAURANT,مطاعم,مشاوي,,,KSA,KSA,,HIGH,P1,MISSING,,OFFICIAL_LOCAL_KCAL,Shawaya House menu (SFDA),,,,,,,,,,,,,NONE,HIGH,,,,,,,,,بيت الشاورما,Shawaya House,السعرات متاحة رسميًا على قائمة الفرع/التطبيق (إلزام SFDA منذ ١ يوليو ٢٠٢٥). الماكروز غير منشورة — تبقى فارغة.
QGAP-00860,NEEDS_SOURCE,سعرات رسمية على قائمة الفرع/التطبيق (إلزام SFDA) — تُقرأ يدويًا؛ الماكروز غير منشورة,بيت الشاورما - أرز,Shawaya House - Rice,بيت الشاورما,Shawaya House,Shawaya House,RESTAURANT,مطاعم,مشاوي,,,KSA,KSA,,HIGH,P1,MISSING,,OFFICIAL_LOCAL_KCAL,Shawaya House menu (SFDA),,,,,,,,,,,,,NONE,HIGH,,,,,,,,,بيت الشاورما,Shawaya House,السعرات متاحة رسميًا على قائمة الفرع/التطبيق (إلزام SFDA منذ ١ يوليو ٢٠٢٥). الماكروز غير منشورة — تبقى فارغة.
QGAP-00861,NEEDS_SOURCE,سعرات رسمية على قائمة الفرع/التطبيق (إلزام SFDA) — تُقرأ يدويًا؛ الماكروز غير منشورة,بيت الشاورما - سلطة,Shawaya House - Salad,بيت الشاورما,Shawaya House,Shawaya House,RESTAURANT,مطاعم,مشاوي,,,KSA,KSA,,HIGH,P1,MISSING,,OFFICIAL_LOCAL_KCAL,Shawaya House menu (SFDA),,,,,,,,,,,,,NONE,HIGH,,,,,,,,,بيت الشاورما,Shawaya House,السعرات متاحة رسميًا على قائمة الفرع/التطبيق (إلزام SFDA منذ ١ يوليو ٢٠٢٥). الماكروز غير منشورة — تبقى فارغة.
QGAP-00862,NEEDS_SOURCE,سعرات رسمية على قائمة الفرع/التطبيق (إلزام SFDA) — تُقرأ يدويًا؛ الماكروز غير منشورة,بيت الشاورما - حمص,Shawaya House - Hummus,بيت الشاورما,Shawaya House,Shawaya House,RESTAURANT,مطاعم,مشاوي,,,KSA,KSA,,HIGH,P1,MISSING,,OFFICIAL_LOCAL_KCAL,Shawaya House menu (SFDA),,,,,,,,,,,,,NONE,HIGH,,,,,,,,,بيت الشاورما,Shawaya House,السعرات متاحة رسميًا على قائمة الفرع/التطبيق (إلزام SFDA منذ ١ يوليو ٢٠٢٥). الماكروز غير منشورة — تبقى فارغة.
QGAP-00863,NEEDS_SOURCE,سعرات رسمية على قائمة الفرع/التطبيق (إلزام SFDA) — تُقرأ يدويًا؛ الماكروز غير منشورة,بيت الشاورما - خبز,Shawaya House - Bread,بيت الشاورما,Shawaya House,Shawaya House,RESTAURANT,مطاعم,مشاوي,,,KSA,KSA,,HIGH,P1,MISSING,,OFFICIAL_LOCAL_KCAL,Shawaya House menu (SFDA),,,,,,,,,,,,,NONE,HIGH,,,,,,,,,بيت الشاورما,Shawaya House,السعرات متاحة رسميًا على قائمة الفرع/التطبيق (إلزام SFDA منذ ١ يوليو ٢٠٢٥). الماكروز غير منشورة — تبقى فارغة.
QGAP-00866,NEEDS_SOURCE,سعرات رسمية على قائمة الفرع/التطبيق (إلزام SFDA) — تُقرأ يدويًا؛ الماكروز غير منشورة,الإيوان - مظبي,Al Ewwan - Madhbi,الإيوان,Al Ewwan,Al Ewwan,RESTAURANT,مطاعم,أكل سعودي,,,KSA,KSA,,HIGH,P1,MISSING,,OFFICIAL_LOCAL_KCAL,Al Ewwan menu (SFDA),,,,,,,,,,,,,NONE,HIGH,,,,,,,,,الإيوان,Al Ewwan,السعرات متاحة رسميًا على قائمة الفرع/التطبيق (إلزام SFDA منذ ١ يوليو ٢٠٢٥). الماكروز غير منشورة — تبقى فارغة.
QGAP-00867,NEEDS_SOURCE,سعرات رسمية على قائمة الفرع/التطبيق (إلزام SFDA) — تُقرأ يدويًا؛ الماكروز غير منشورة,الإيوان - برياني,Al Ewwan - Biryani,الإيوان,Al Ewwan,Al Ewwan,RESTAURANT,مطاعم,أكل سعودي,,,KSA,KSA,,HIGH,P1,MISSING,,OFFICIAL_LOCAL_KCAL,Al Ewwan menu (SFDA),,,,,,,,,,,,,NONE,HIGH,,,,,,,,,الإيوان,Al Ewwan,السعرات متاحة رسميًا على قائمة الفرع/التطبيق (إلزام SFDA منذ ١ يوليو ٢٠٢٥). الماكروز غير منشورة — تبقى فارغة.
QGAP-00871,NEEDS_SOURCE,سعرات رسمية على قائمة الفرع/التطبيق (إلزام SFDA) — تُقرأ يدويًا؛ الماكروز غير منشورة,الإيوان - سلطة,Al Ewwan - Salad,الإيوان,Al Ewwan,Al Ewwan,RESTAURANT,مطاعم,أكل سعودي,,,KSA,KSA,,HIGH,P1,MISSING,,OFFICIAL_LOCAL_KCAL,Al Ewwan menu (SFDA),,,,,,,,,,,,,NONE,HIGH,,,,,,,,,الإيوان,Al Ewwan,السعرات متاحة رسميًا على قائمة الفرع/التطبيق (إلزام SFDA منذ ١ يوليو ٢٠٢٥). الماكروز غير منشورة — تبقى فارغة.
QGAP-00875,NEEDS_SOURCE,سعرات رسمية على قائمة الفرع/التطبيق (إلزام SFDA) — تُقرأ يدويًا؛ الماكروز غير منشورة,بيت المندي - حنيذ,Bait Al Mandi - Haneeth,بيت المندي,Bait Al Mandi,Bait Al Mandi,RESTAURANT,مطاعم,أكل سعودي,,,KSA,KSA,,VERY_HIGH,P1,MISSING,,OFFICIAL_LOCAL_KCAL,Bait Al Mandi menu (SFDA),,,,,,,,,,,,,NONE,HIGH,,,,,,,,,بيت المندي,Bait Al Mandi,السعرات متاحة رسميًا على قائمة الفرع/التطبيق (إلزام SFDA منذ ١ يوليو ٢٠٢٥). الماكروز غير منشورة — تبقى فارغة.
QGAP-00876,NEEDS_SOURCE,سعرات رسمية على قائمة الفرع/التطبيق (إلزام SFDA) — تُقرأ يدويًا؛ الماكروز غير منشورة,بيت المندي - كبسة,Bait Al Mandi - Kabsa,بيت المندي,Bait Al Mandi,Bait Al Mandi,RESTAURANT,مطاعم,أكل سعودي,,,KSA,KSA,,VERY_HIGH,P1,MISSING,,OFFICIAL_LOCAL_KCAL,Bait Al Mandi menu (SFDA),,,,,,,,,,,,,NONE,HIGH,,,,,,,,,بيت المندي,Bait Al Mandi,السعرات متاحة رسميًا على قائمة الفرع/التطبيق (إلزام SFDA منذ ١ يوليو ٢٠٢٥). الماكروز غير منشورة — تبقى فارغة.
QGAP-00877,NEEDS_SOURCE,سعرات رسمية على قائمة الفرع/التطبيق (إلزام SFDA) — تُقرأ يدويًا؛ الماكروز غير منشورة,بيت المندي - أرز مندي,Bait Al Mandi - Mandi rice,بيت المندي,Bait Al Mandi,Bait Al Mandi,RESTAURANT,مطاعم,أكل سعودي,,,KSA,KSA,,VERY_HIGH,P1,MISSING,,OFFICIAL_LOCAL_KCAL,Bait Al Mandi menu (SFDA),,,,,,,,,,,,,NONE,HIGH,,,,,,,,,بيت المندي,Bait Al Mandi,السعرات متاحة رسميًا على قائمة الفرع/التطبيق (إلزام SFDA منذ ١ يوليو ٢٠٢٥). الماكروز غير منشورة — تبقى فارغة.
QGAP-00878,NEEDS_SOURCE,سعرات رسمية على قائمة الفرع/التطبيق (إلزام SFDA) — تُقرأ يدويًا؛ الماكروز غير منشورة,بيت المندي - شوربة,Bait Al Mandi - Soup,بيت المندي,Bait Al Mandi,Bait Al Mandi,RESTAURANT,مطاعم,أكل سعودي,,,KSA,KSA,,VERY_HIGH,P1,MISSING,,OFFICIAL_LOCAL_KCAL,Bait Al Mandi menu (SFDA),,,,,,,,,,,,,NONE,HIGH,,,,,,,,,بيت المندي,Bait Al Mandi,السعرات متاحة رسميًا على قائمة الفرع/التطبيق (إلزام SFDA منذ ١ يوليو ٢٠٢٥). الماكروز غير منشورة — تبقى فارغة.
QGAP-00879,NEEDS_SOURCE,سعرات رسمية على قائمة الفرع/التطبيق (إلزام SFDA) — تُقرأ يدويًا؛ الماكروز غير منشورة,بيت المندي - سلطة داقوس,Bait Al Mandi - Daqoos salad,بيت المندي,Bait Al Mandi,Bait Al Mandi,RESTAURANT,مطاعم,أكل سعودي,,,KSA,KSA,,VERY_HIGH,P1,MISSING,,OFFICIAL_LOCAL_KCAL,Bait Al Mandi menu (SFDA),,,,,,,,,,,,,NONE,HIGH,,,,,,,,,بيت المندي,Bait Al Mandi,السعرات متاحة رسميًا على قائمة الفرع/التطبيق (إلزام SFDA منذ ١ يوليو ٢٠٢٥). الماكروز غير منشورة — تبقى فارغة.
QGAP-00880,NEEDS_SOURCE,سعرات رسمية على قائمة الفرع/التطبيق (إلزام SFDA) — تُقرأ يدويًا؛ الماكروز غير منشورة,قرية نجد - كبسة نجدية,Najd Village - Najdi kabsa,قرية نجد,Najd Village,Najd Village,RESTAURANT,مطاعم,أكل سعودي,,,KSA,KSA,,HIGH,P1,MISSING,,OFFICIAL_LOCAL_KCAL,Najd Village menu (SFDA),,,,,,,,,,,,,NONE,HIGH,,,,,,,,,قرية نجد,Najd Village,السعرات متاحة رسميًا على قائمة الفرع/التطبيق (إلزام SFDA منذ ١ يوليو ٢٠٢٥). الماكروز غير منشورة — تبقى فارغة.
QGAP-00881,NEEDS_SOURCE,سعرات رسمية على قائمة الفرع/التطبيق (إلزام SFDA) — تُقرأ يدويًا؛ الماكروز غير منشورة,قرية نجد - جريش,Najd Village - Jareesh,قرية نجد,Najd Village,Najd Village,RESTAURANT,مطاعم,أكل سعودي,,,KSA,KSA,,HIGH,P1,MISSING,,OFFICIAL_LOCAL_KCAL,Najd Village menu (SFDA),,,,,,,,,,,,,NONE,HIGH,,,,,,,,,قرية نجد,Najd Village,السعرات متاحة رسميًا على قائمة الفرع/التطبيق (إلزام SFDA منذ ١ يوليو ٢٠٢٥). الماكروز غير منشورة — تبقى فارغة.
QGAP-00882,NEEDS_SOURCE,سعرات رسمية على قائمة الفرع/التطبيق (إلزام SFDA) — تُقرأ يدويًا؛ الماكروز غير منشورة,قرية نجد - قرصان,Najd Village - Qursan,قرية نجد,Najd Village,Najd Village,RESTAURANT,مطاعم,أكل سعودي,,,KSA,KSA,,HIGH,P1,MISSING,,OFFICIAL_LOCAL_KCAL,Najd Village menu (SFDA),,,,,,,,,,,,,NONE,HIGH,,,,,,,,,قرية نجد,Najd Village,السعرات متاحة رسميًا على قائمة الفرع/التطبيق (إلزام SFDA منذ ١ يوليو ٢٠٢٥). الماكروز غير منشورة — تبقى فارغة.
QGAP-00883,NEEDS_SOURCE,سعرات رسمية على قائمة الفرع/التطبيق (إلزام SFDA) — تُقرأ يدويًا؛ الماكروز غير منشورة,قرية نجد - مرقوق,Najd Village - Marqouq,قرية نجد,Najd Village,Najd Village,RESTAURANT,مطاعم,أكل سعودي,,,KSA,KSA,,HIGH,P1,MISSING,,OFFICIAL_LOCAL_KCAL,Najd Village menu (SFDA),,,,,,,,,,,,,NONE,HIGH,,,,,,,,,قرية نجد,Najd Village,السعرات متاحة رسميًا على قائمة الفرع/التطبيق (إلزام SFDA منذ ١ يوليو ٢٠٢٥). الماكروز غير منشورة — تبقى فارغة.
QGAP-00885,NEEDS_SOURCE,سعرات رسمية على قائمة الفرع/التطبيق (إلزام SFDA) — تُقرأ يدويًا؛ الماكروز غير منشورة,قرية نجد - مفطح,Najd Village - Mafateeh,قرية نجد,Najd Village,Najd Village,RESTAURANT,مطاعم,أكل سعودي,,,KSA,KSA,,HIGH,P1,MISSING,,OFFICIAL_LOCAL_KCAL,Najd Village menu (SFDA),,,,,,,,,,,,,NONE,HIGH,,,,,,,,,قرية نجد,Najd Village,السعرات متاحة رسميًا على قائمة الفرع/التطبيق (إلزام SFDA منذ ١ يوليو ٢٠٢٥). الماكروز غير منشورة — تبقى فارغة.
QGAP-00887,NEEDS_SOURCE,سعرات رسمية على قائمة الفرع/التطبيق (إلزام SFDA) — تُقرأ يدويًا؛ الماكروز غير منشورة,قرية نجد - هريس,Najd Village - Harees,قرية نجد,Najd Village,Najd Village,RESTAURANT,مطاعم,أكل سعودي,,,KSA,KSA,,HIGH,P1,MISSING,,OFFICIAL_LOCAL_KCAL,Najd Village menu (SFDA),,,,,,,,,,,,,NONE,HIGH,,,,,,,,,قرية نجد,Najd Village,السعرات متاحة رسميًا على قائمة الفرع/التطبيق (إلزام SFDA منذ ١ يوليو ٢٠٢٥). الماكروز غير منشورة — تبقى فارغة.
QGAP-00888,NEEDS_SOURCE,سعرات رسمية على قائمة الفرع/التطبيق (إلزام SFDA) — تُقرأ يدويًا؛ الماكروز غير منشورة,همبرجري - برجر كلاسيك,Hamburgini - Classic burger,همبرجري,Hamburgini,Hamburgini,RESTAURANT,مطاعم,برجر,,,KSA,KSA,,HIGH,P1,MISSING,,OFFICIAL_LOCAL_KCAL,Hamburgini menu (SFDA),,,,,,,,,,,,,NONE,HIGH,,,,,,,,,همبرجري,Hamburgini,السعرات متاحة رسميًا على قائمة الفرع/التطبيق (إلزام SFDA منذ ١ يوليو ٢٠٢٥). الماكروز غير منشورة — تبقى فارغة.
QGAP-00889,NEEDS_SOURCE,سعرات رسمية على قائمة الفرع/التطبيق (إلزام SFDA) — تُقرأ يدويًا؛ الماكروز غير منشورة,همبرجري - دبل برجر,Hamburgini - Double burger,همبرجري,Hamburgini,Hamburgini,RESTAURANT,مطاعم,برجر,,,KSA,KSA,,HIGH,P1,MISSING,,OFFICIAL_LOCAL_KCAL,Hamburgini menu (SFDA),,,,,,,,,,,,,NONE,HIGH,,,,,,,,,همبرجري,Hamburgini,السعرات متاحة رسميًا على قائمة الفرع/التطبيق (إلزام SFDA منذ ١ يوليو ٢٠٢٥). الماكروز غير منشورة — تبقى فارغة.
QGAP-00891,NEEDS_SOURCE,سعرات رسمية على قائمة الفرع/التطبيق (إلزام SFDA) — تُقرأ يدويًا؛ الماكروز غير منشورة,همبرجري - بطاطس,Hamburgini - Fries,همبرجري,Hamburgini,Hamburgini,RESTAURANT,مطاعم,برجر,,,KSA,KSA,,HIGH,P1,MISSING,,OFFICIAL_LOCAL_KCAL,Hamburgini menu (SFDA),,,,,,,,,,,,,NONE,HIGH,,,,,,,,,همبرجري,Hamburgini,السعرات متاحة رسميًا على قائمة الفرع/التطبيق (إلزام SFDA منذ ١ يوليو ٢٠٢٥). الماكروز غير منشورة — تبقى فارغة.
QGAP-00893,NEEDS_SOURCE,سعرات رسمية على قائمة الفرع/التطبيق (إلزام SFDA) — تُقرأ يدويًا؛ الماكروز غير منشورة,جان برجر - جان برجر كلاسيك,Jan Burger - Jan classic burger,جان برجر,Jan Burger,Jan Burger,RESTAURANT,مطاعم,برجر,,,KSA,KSA,,HIGH,P1,MISSING,,OFFICIAL_LOCAL_KCAL,Jan Burger menu (SFDA),,,,,,,,,,,,,NONE,HIGH,,,,,,,,,جان برجر,Jan Burger,السعرات متاحة رسميًا على قائمة الفرع/التطبيق (إلزام SFDA منذ ١ يوليو ٢٠٢٥). الماكروز غير منشورة — تبقى فارغة.
QGAP-00895,NEEDS_SOURCE,سعرات رسمية على قائمة الفرع/التطبيق (إلزام SFDA) — تُقرأ يدويًا؛ الماكروز غير منشورة,جان برجر - بطاطس,Jan Burger - Fries,جان برجر,Jan Burger,Jan Burger,RESTAURANT,مطاعم,برجر,,,KSA,KSA,,HIGH,P1,MISSING,,OFFICIAL_LOCAL_KCAL,Jan Burger menu (SFDA),,,,,,,,,,,,,NONE,HIGH,,,,,,,,,جان برجر,Jan Burger,السعرات متاحة رسميًا على قائمة الفرع/التطبيق (إلزام SFDA منذ ١ يوليو ٢٠٢٥). الماكروز غير منشورة — تبقى فارغة.
QGAP-00896,NEEDS_SOURCE,سعرات رسمية على قائمة الفرع/التطبيق (إلزام SFDA) — تُقرأ يدويًا؛ الماكروز غير منشورة,سكشن بي - سكشن برجر,Section B - Section burger,سكشن بي,Section B,Section B,RESTAURANT,مطاعم,برجر,,,KSA,KSA,,HIGH,P1,MISSING,,OFFICIAL_LOCAL_KCAL,Section B menu (SFDA),,,,,,,,,,,,,NONE,HIGH,,,,,,,,,سكشن بي,Section B,السعرات متاحة رسميًا على قائمة الفرع/التطبيق (إلزام SFDA منذ ١ يوليو ٢٠٢٥). الماكروز غير منشورة — تبقى فارغة.
QGAP-00897,NEEDS_SOURCE,سعرات رسمية على قائمة الفرع/التطبيق (إلزام SFDA) — تُقرأ يدويًا؛ الماكروز غير منشورة,سكشن بي - دبل برجر,Section B - Double burger,سكشن بي,Section B,Section B,RESTAURANT,مطاعم,برجر,,,KSA,KSA,,HIGH,P1,MISSING,,OFFICIAL_LOCAL_KCAL,Section B menu (SFDA),,,,,,,,,,,,,NONE,HIGH,,,,,,,,,سكشن بي,Section B,السعرات متاحة رسميًا على قائمة الفرع/التطبيق (إلزام SFDA منذ ١ يوليو ٢٠٢٥). الماكروز غير منشورة — تبقى فارغة.
QGAP-00898,NEEDS_SOURCE,سعرات رسمية على قائمة الفرع/التطبيق (إلزام SFDA) — تُقرأ يدويًا؛ الماكروز غير منشورة,سكشن بي - تشيكن ساندويتش,Section B - Chicken sandwich,سكشن بي,Section B,Section B,RESTAURANT,مطاعم,برجر,,,KSA,KSA,,HIGH,P1,MISSING,,OFFICIAL_LOCAL_KCAL,Section B menu (SFDA),,,,,,,,,,,,,NONE,HIGH,,,,,,,,,سكشن بي,Section B,السعرات متاحة رسميًا على قائمة الفرع/التطبيق (إلزام SFDA منذ ١ يوليو ٢٠٢٥). الماكروز غير منشورة — تبقى فارغة.
QGAP-00899,NEEDS_SOURCE,سعرات رسمية على قائمة الفرع/التطبيق (إلزام SFDA) — تُقرأ يدويًا؛ الماكروز غير منشورة,سكشن بي - بطاطس,Section B - Fries,سكشن بي,Section B,Section B,RESTAURANT,مطاعم,برجر,,,KSA,KSA,,HIGH,P1,MISSING,,OFFICIAL_LOCAL_KCAL,Section B menu (SFDA),,,,,,,,,,,,,NONE,HIGH,,,,,,,,,سكشن بي,Section B,السعرات متاحة رسميًا على قائمة الفرع/التطبيق (إلزام SFDA منذ ١ يوليو ٢٠٢٥). الماكروز غير منشورة — تبقى فارغة.
QGAP-00902,NEEDS_SOURCE,سعرات رسمية على قائمة الفرع/التطبيق (إلزام SFDA) — تُقرأ يدويًا؛ الماكروز غير منشورة,كيفا - كوكتيل فواكه,Kaifa Juice - Fruit cocktail,كيفا,Kaifa Juice,Kaifa Juice,RESTAURANT,مطاعم,عصائر,,,KSA,KSA,,HIGH,P1,MISSING,,OFFICIAL_LOCAL_KCAL,Kaifa menu (SFDA),,,,,,,,,,,,,NONE,HIGH,,,,,,,,,كيفا,Kaifa Juice,السعرات متاحة رسميًا على قائمة الفرع/التطبيق (إلزام SFDA منذ ١ يوليو ٢٠٢٥). الماكروز غير منشورة — تبقى فارغة.
QGAP-00904,NEEDS_SOURCE,سعرات رسمية على قائمة الفرع/التطبيق (إلزام SFDA) — تُقرأ يدويًا؛ الماكروز غير منشورة,كيفا - سموذي فراولة,Kaifa Juice - Strawberry smoothie,كيفا,Kaifa Juice,Kaifa Juice,RESTAURANT,مطاعم,عصائر,,,KSA,KSA,,HIGH,P1,MISSING,,OFFICIAL_LOCAL_KCAL,Kaifa menu (SFDA),,,,,,,,,,,,,NONE,HIGH,,,,,,,,,كيفا,Kaifa Juice,السعرات متاحة رسميًا على قائمة الفرع/التطبيق (إلزام SFDA منذ ١ يوليو ٢٠٢٥). الماكروز غير منشورة — تبقى فارغة.
QGAP-00906,NEEDS_SOURCE,سعرات رسمية على قائمة الفرع/التطبيق (إلزام SFDA) — تُقرأ يدويًا؛ الماكروز غير منشورة,تميس البخاري - تميس سادة,Tamees Al Bukhari - Plain tameez,تميس البخاري,Tamees Al Bukhari,Tamees Al Bukhari,RESTAURANT,مطاعم,فطور,,,KSA,KSA,,HIGH,P0,MISSING,,OFFICIAL_LOCAL_KCAL,Tameez shops menu (SFDA),,,,,,,,,,,,,NONE,HIGH,,,,,,,,,تميس البخاري,Tamees Al Bukhari,السعرات متاحة رسميًا على قائمة الفرع/التطبيق (إلزام SFDA منذ ١ يوليو ٢٠٢٥). الماكروز غير منشورة — تبقى فارغة.
QGAP-00908,NEEDS_SOURCE,سعرات رسمية على قائمة الفرع/التطبيق (إلزام SFDA) — تُقرأ يدويًا؛ الماكروز غير منشورة,تميس البخاري - تميس بالعسل,Tamees Al Bukhari - Honey tameez,تميس البخاري,Tamees Al Bukhari,Tamees Al Bukhari,RESTAURANT,مطاعم,فطور,,,KSA,KSA,,HIGH,P0,MISSING,,OFFICIAL_LOCAL_KCAL,Tameez shops menu (SFDA),,,,,,,,,,,,,NONE,HIGH,,,,,,,,,تميس البخاري,Tamees Al Bukhari,السعرات متاحة رسميًا على قائمة الفرع/التطبيق (إلزام SFDA منذ ١ يوليو ٢٠٢٥). الماكروز غير منشورة — تبقى فارغة.
QGAP-00909,NEEDS_SOURCE,سعرات رسمية على قائمة الفرع/التطبيق (إلزام SFDA) — تُقرأ يدويًا؛ الماكروز غير منشورة,تميس البخاري - فول بالزيت,Tamees Al Bukhari - Foul with oil,تميس البخاري,Tamees Al Bukhari,Tamees Al Bukhari,RESTAURANT,مطاعم,فطور,,,KSA,KSA,,HIGH,P0,MISSING,,OFFICIAL_LOCAL_KCAL,Tameez shops menu (SFDA),,,,,,,,,,,,,NONE,HIGH,,,,,,,,,تميس البخاري,Tamees Al Bukhari,السعرات متاحة رسميًا على قائمة الفرع/التطبيق (إلزام SFDA منذ ١ يوليو ٢٠٢٥). الماكروز غير منشورة — تبقى فارغة.
QGAP-00910,NEEDS_SOURCE,سعرات رسمية على قائمة الفرع/التطبيق (إلزام SFDA) — تُقرأ يدويًا؛ الماكروز غير منشورة,تميس البخاري - فول بالجبن,Tamees Al Bukhari - Foul with cheese,تميس البخاري,Tamees Al Bukhari,Tamees Al Bukhari,RESTAURANT,مطاعم,فطور,,,KSA,KSA,,HIGH,P0,MISSING,,OFFICIAL_LOCAL_KCAL,Tameez shops menu (SFDA),,,,,,,,,,,,,NONE,HIGH,,,,,,,,,تميس البخاري,Tamees Al Bukhari,السعرات متاحة رسميًا على قائمة الفرع/التطبيق (إلزام SFDA منذ ١ يوليو ٢٠٢٥). الماكروز غير منشورة — تبقى فارغة.
QGAP-00911,NEEDS_SOURCE,سعرات رسمية على قائمة الفرع/التطبيق (إلزام SFDA) — تُقرأ يدويًا؛ الماكروز غير منشورة,تميس البخاري - شكشوكة,Tamees Al Bukhari - Shakshouka,تميس البخاري,Tamees Al Bukhari,Tamees Al Bukhari,RESTAURANT,مطاعم,فطور,,,KSA,KSA,,HIGH,P0,MISSING,,OFFICIAL_LOCAL_KCAL,Tameez shops menu (SFDA),,,,,,,,,,,,,NONE,HIGH,,,,,,,,,تميس البخاري,Tamees Al Bukhari,السعرات متاحة رسميًا على قائمة الفرع/التطبيق (إلزام SFDA منذ ١ يوليو ٢٠٢٥). الماكروز غير منشورة — تبقى فارغة.
QGAP-00913,NEEDS_SOURCE,سعرات رسمية على قائمة الفرع/التطبيق (إلزام SFDA) — تُقرأ يدويًا؛ الماكروز غير منشورة,تميس البخاري - شاي كرك,Tamees Al Bukhari - Karak tea,تميس البخاري,Tamees Al Bukhari,Tamees Al Bukhari,RESTAURANT,مطاعم,فطور,,,KSA,KSA,,HIGH,P0,MISSING,,OFFICIAL_LOCAL_KCAL,Tameez shops menu (SFDA),,,,,,,,,,,,,NONE,HIGH,,,,,,,,,تميس البخاري,Tamees Al Bukhari,السعرات متاحة رسميًا على قائمة الفرع/التطبيق (إلزام SFDA منذ ١ يوليو ٢٠٢٥). الماكروز غير منشورة — تبقى فارغة.
QGAP-00914,NEEDS_SOURCE,سعرات رسمية على قائمة الفرع/التطبيق (إلزام SFDA) — تُقرأ يدويًا؛ الماكروز غير منشورة,تميس البخاري - فطة فول,Tamees Al Bukhari - Foul fatteh,تميس البخاري,Tamees Al Bukhari,Tamees Al Bukhari,RESTAURANT,مطاعم,فطور,,,KSA,KSA,,HIGH,P0,MISSING,,OFFICIAL_LOCAL_KCAL,Tameez shops menu (SFDA),,,,,,,,,,,,,NONE,HIGH,,,,,,,,,تميس البخاري,Tamees Al Bukhari,السعرات متاحة رسميًا على قائمة الفرع/التطبيق (إلزام SFDA منذ ١ يوليو ٢٠٢٥). الماكروز غير منشورة — تبقى فارغة.
QGAP-00915,NEEDS_SOURCE,سعرات رسمية على قائمة الفرع/التطبيق (إلزام SFDA) — تُقرأ يدويًا؛ الماكروز غير منشورة,تميس البخاري - تميس بالنوتيلا,Tamees Al Bukhari - Nutella tameez,تميس البخاري,Tamees Al Bukhari,Tamees Al Bukhari,RESTAURANT,مطاعم,فطور,,,KSA,KSA,,HIGH,P0,MISSING,,OFFICIAL_LOCAL_KCAL,Tameez shops menu (SFDA),,,,,,,,,,,,,NONE,HIGH,,,,,,,,,تميس البخاري,Tamees Al Bukhari,السعرات متاحة رسميًا على قائمة الفرع/التطبيق (إلزام SFDA منذ ١ يوليو ٢٠٢٥). الماكروز غير منشورة — تبقى فارغة.
QGAP-00916,NEEDS_SOURCE,لم يُعثر على مصدر آلي — يحتاج جلبًا من المصنّع أو كتالوج التجزئة,المراعي حليب خالي الدسم,Almarai skimmed milk,المراعي,Almarai,Almarai,PACKAGED,ألبان,حليب,skimmed milk,,KSA,UNSPECIFIED,,VERY_HIGH,P0,MISSING,,OFFICIAL_MANUFACTURER,Almarai official product page,,,,,,,,,,,,,NONE,HIGH,,,,,,,,,المراعي,Almarai,تغطية OpenFoodFacts للسوق السعودي ضحلة (١٦٤٩٢ منتجًا إجماليًا، وعمق كل علامة عشرات مقابل مئات فعلية) — تُستخدم للتقاطع بالباركود لا كمصدر أول. المصدر المفضّل: كتالوج المصنّع أو كتالوج التجزئة السعودي.
QGAP-00919,NEEDS_SOURCE,لم يُعثر على مصدر آلي — يحتاج جلبًا من المصنّع أو كتالوج التجزئة,المراعي حليب بالفيتامين,Almarai vitamin-fortified milk,المراعي,Almarai,Almarai,PACKAGED,ألبان,حليب,vitamin-fortified milk,,KSA,UNSPECIFIED,,VERY_HIGH,P0,MISSING,,OFFICIAL_MANUFACTURER,Almarai official product page,,,,,,,,,,,,,NONE,HIGH,,,,,,,,,المراعي,Almarai,تغطية OpenFoodFacts للسوق السعودي ضحلة (١٦٤٩٢ منتجًا إجماليًا، وعمق كل علامة عشرات مقابل مئات فعلية) — تُستخدم للتقاطع بالباركود لا كمصدر أول. المصدر المفضّل: كتالوج المصنّع أو كتالوج التجزئة السعودي.
QGAP-00923,NEEDS_SOURCE,لم يُعثر على مصدر آلي — يحتاج جلبًا من المصنّع أو كتالوج التجزئة,المراعي حليب بالفراولة,Almarai strawberry milk,المراعي,Almarai,Almarai,PACKAGED,ألبان,حليب,strawberry milk,,KSA,UNSPECIFIED,,VERY_HIGH,P0,MISSING,,OFFICIAL_MANUFACTURER,Almarai official product page,,,,,,,,,,,,,NONE,HIGH,,,,,,,,,المراعي,Almarai,تغطية OpenFoodFacts للسوق السعودي ضحلة (١٦٤٩٢ منتجًا إجماليًا، وعمق كل علامة عشرات مقابل مئات فعلية) — تُستخدم للتقاطع بالباركود لا كمصدر أول. المصدر المفضّل: كتالوج المصنّع أو كتالوج التجزئة السعودي.
QGAP-00926,NEEDS_SOURCE,لم يُعثر على مصدر آلي — يحتاج جلبًا من المصنّع أو كتالوج التجزئة,المراعي حليب بودرة,Almarai milk powder,المراعي,Almarai,Almarai,PACKAGED,ألبان,حليب,milk powder,,KSA,UNSPECIFIED,,VERY_HIGH,P0,MISSING,,OFFICIAL_MANUFACTURER,Almarai official product page,,,,,,,,,,,,,NONE,HIGH,,,,,,,,,المراعي,Almarai,تغطية OpenFoodFacts للسوق السعودي ضحلة (١٦٤٩٢ منتجًا إجماليًا، وعمق كل علامة عشرات مقابل مئات فعلية) — تُستخدم للتقاطع بالباركود لا كمصدر أول. المصدر المفضّل: كتالوج المصنّع أو كتالوج التجزئة السعودي.
QGAP-00927,NEEDS_SOURCE,لم يُعثر على مصدر آلي — يحتاج جلبًا من المصنّع أو كتالوج التجزئة,المراعي حليب إبل,Almarai camel milk,المراعي,Almarai,Almarai,PACKAGED,ألبان,حليب,camel milk,,KSA,UNSPECIFIED,,VERY_HIGH,P0,MISSING,,OFFICIAL_MANUFACTURER,Almarai official product page,,,,,,,,,,,,,NONE,HIGH,,,,,,,,,المراعي,Almarai,تغطية OpenFoodFacts للسوق السعودي ضحلة (١٦٤٩٢ منتجًا إجماليًا، وعمق كل علامة عشرات مقابل مئات فعلية) — تُستخدم للتقاطع بالباركود لا كمصدر أول. المصدر المفضّل: كتالوج المصنّع أو كتالوج التجزئة السعودي.
QGAP-00931,NEEDS_SOURCE,لم يُعثر على مصدر آلي — يحتاج جلبًا من المصنّع أو كتالوج التجزئة,المراعي زبادي بالفواكه,Almarai fruit yogurt,المراعي,Almarai,Almarai,PACKAGED,ألبان,زبادي ولبن,fruit yogurt,,KSA,UNSPECIFIED,,VERY_HIGH,P0,MISSING,,OFFICIAL_MANUFACTURER,Almarai official product page,,,,,,,,,,,,,NONE,HIGH,,,,,,,,,المراعي,Almarai,تغطية OpenFoodFacts للسوق السعودي ضحلة (١٦٤٩٢ منتجًا إجماليًا، وعمق كل علامة عشرات مقابل مئات فعلية) — تُستخدم للتقاطع بالباركود لا كمصدر أول. المصدر المفضّل: كتالوج المصنّع أو كتالوج التجزئة السعودي.
QGAP-00932,NEEDS_SOURCE,لم يُعثر على مصدر آلي — يحتاج جلبًا من المصنّع أو كتالوج التجزئة,المراعي لبن خالي الدسم,Almarai skimmed laban,المراعي,Almarai,Almarai,PACKAGED,ألبان,زبادي ولبن,skimmed laban,,KSA,UNSPECIFIED,,VERY_HIGH,P0,MISSING,,OFFICIAL_MANUFACTURER,Almarai official product page,,,,,,,,,,,,,NONE,HIGH,,,,,,,,,المراعي,Almarai,تغطية OpenFoodFacts للسوق السعودي ضحلة (١٦٤٩٢ منتجًا إجماليًا، وعمق كل علامة عشرات مقابل مئات فعلية) — تُستخدم للتقاطع بالباركود لا كمصدر أول. المصدر المفضّل: كتالوج المصنّع أو كتالوج التجزئة السعودي.
QGAP-00933,NEEDS_SOURCE,لم يُعثر على مصدر آلي — يحتاج جلبًا من المصنّع أو كتالوج التجزئة,المراعي لبن بالنعناع,Almarai mint laban,المراعي,Almarai,Almarai,PACKAGED,ألبان,زبادي ولبن,mint laban,,KSA,UNSPECIFIED,,VERY_HIGH,P0,MISSING,,OFFICIAL_MANUFACTURER,Almarai official product page,,,,,,,,,,,,,NONE,HIGH,,,,,,,,,المراعي,Almarai,تغطية OpenFoodFacts للسوق السعودي ضحلة (١٦٤٩٢ منتجًا إجماليًا، وعمق كل علامة عشرات مقابل مئات فعلية) — تُستخدم للتقاطع بالباركود لا كمصدر أول. المصدر المفضّل: كتالوج المصنّع أو كتالوج التجزئة السعودي.
QGAP-00935,NEEDS_SOURCE,لم يُعثر على مصدر آلي — يحتاج جلبًا من المصنّع أو كتالوج التجزئة,المراعي رايب,Almarai rayeb,المراعي,Almarai,Almarai,PACKAGED,ألبان,زبادي ولبن,rayeb,,KSA,UNSPECIFIED,,VERY_HIGH,P0,MISSING,,OFFICIAL_MANUFACTURER,Almarai official product page,,,,,,,,,,,,,NONE,HIGH,,,,,,,,,المراعي,Almarai,تغطية OpenFoodFacts للسوق السعودي ضحلة (١٦٤٩٢ منتجًا إجماليًا، وعمق كل علامة عشرات مقابل مئات فعلية) — تُستخدم للتقاطع بالباركود لا كمصدر أول. المصدر المفضّل: كتالوج المصنّع أو كتالوج التجزئة السعودي.
QGAP-00936,NEEDS_SOURCE,لم يُعثر على مصدر آلي — يحتاج جلبًا من المصنّع أو كتالوج التجزئة,المراعي زبادي أطفال,Almarai kids yogurt,المراعي,Almarai,Almarai,PACKAGED,ألبان,زبادي ولبن,kids yogurt,,KSA,UNSPECIFIED,,VERY_HIGH,P0,MISSING,,OFFICIAL_MANUFACTURER,Almarai official product page,,,,,,,,,,,,,NONE,HIGH,,,,,,,,,المراعي,Almarai,تغطية OpenFoodFacts للسوق السعودي ضحلة (١٦٤٩٢ منتجًا إجماليًا، وعمق كل علامة عشرات مقابل مئات فعلية) — تُستخدم للتقاطع بالباركود لا كمصدر أول. المصدر المفضّل: كتالوج المصنّع أو كتالوج التجزئة السعودي.
QGAP-00938,NEEDS_SOURCE,لم يُعثر على مصدر آلي — يحتاج جلبًا من المصنّع أو كتالوج التجزئة,المراعي جبن مثلثات,Almarai cheese triangles,المراعي,Almarai,Almarai,PACKAGED,ألبان,أجبان وقشطة,cheese triangles,,KSA,UNSPECIFIED,,VERY_HIGH,P0,MISSING,,OFFICIAL_MANUFACTURER,Almarai official product page,,,,,,,,,,,,,NONE,HIGH,,,,,,,,,المراعي,Almarai,تغطية OpenFoodFacts للسوق السعودي ضحلة (١٦٤٩٢ منتجًا إجماليًا، وعمق كل علامة عشرات مقابل مئات فعلية) — تُستخدم للتقاطع بالباركود لا كمصدر أول. المصدر المفضّل: كتالوج المصنّع أو كتالوج التجزئة السعودي.
QGAP-00939,NEEDS_SOURCE,لم يُعثر على مصدر آلي — يحتاج جلبًا من المصنّع أو كتالوج التجزئة,المراعي جبن شرائح موزاريلا,Almarai mozzarella slices,المراعي,Almarai,Almarai,PACKAGED,ألبان,أجبان وقشطة,mozzarella slices,,KSA,UNSPECIFIED,,VERY_HIGH,P0,MISSING,,OFFICIAL_MANUFACTURER,Almarai official product page,,,,,,,,,,,,,NONE,HIGH,,,,,,,,,المراعي,Almarai,تغطية OpenFoodFacts للسوق السعودي ضحلة (١٦٤٩٢ منتجًا إجماليًا، وعمق كل علامة عشرات مقابل مئات فعلية) — تُستخدم للتقاطع بالباركود لا كمصدر أول. المصدر المفضّل: كتالوج المصنّع أو كتالوج التجزئة السعودي.
QGAP-00943,NEEDS_SOURCE,لم يُعثر على مصدر آلي — يحتاج جلبًا من المصنّع أو كتالوج التجزئة,المراعي لبنة لايت,Almarai light labneh,المراعي,Almarai,Almarai,PACKAGED,ألبان,أجبان وقشطة,light labneh,,KSA,UNSPECIFIED,,VERY_HIGH,P0,MISSING,,OFFICIAL_MANUFACTURER,Almarai official product page,,,,,,,,,,,,,NONE,HIGH,,,,,,,,,المراعي,Almarai,تغطية OpenFoodFacts للسوق السعودي ضحلة (١٦٤٩٢ منتجًا إجماليًا، وعمق كل علامة عشرات مقابل مئات فعلية) — تُستخدم للتقاطع بالباركود لا كمصدر أول. المصدر المفضّل: كتالوج المصنّع أو كتالوج التجزئة السعودي.
QGAP-00944,NEEDS_SOURCE,لم يُعثر على مصدر آلي — يحتاج جلبًا من المصنّع أو كتالوج التجزئة,المراعي جبن شيدر مبشور,Almarai shredded cheddar,المراعي,Almarai,Almarai,PACKAGED,ألبان,أجبان وقشطة,shredded cheddar,,KSA,UNSPECIFIED,,VERY_HIGH,P0,MISSING,,OFFICIAL_MANUFACTURER,Almarai official product page,,,,,,,,,,,,,NONE,HIGH,,,,,,,,,المراعي,Almarai,تغطية OpenFoodFacts للسوق السعودي ضحلة (١٦٤٩٢ منتجًا إجماليًا، وعمق كل علامة عشرات مقابل مئات فعلية) — تُستخدم للتقاطع بالباركود لا كمصدر أول. المصدر المفضّل: كتالوج المصنّع أو كتالوج التجزئة السعودي.
QGAP-00947,NEEDS_SOURCE,لم يُعثر على مصدر آلي — يحتاج جلبًا من المصنّع أو كتالوج التجزئة,المراعي سمن,Almarai ghee,المراعي,Almarai,Almarai,PACKAGED,ألبان,أجبان وقشطة,ghee,,KSA,UNSPECIFIED,,VERY_HIGH,P0,MISSING,,OFFICIAL_MANUFACTURER,Almarai official product page,,,,,,,,,,,,,NONE,HIGH,,,,,,,,,المراعي,Almarai,تغطية OpenFoodFacts للسوق السعودي ضحلة (١٦٤٩٢ منتجًا إجماليًا، وعمق كل علامة عشرات مقابل مئات فعلية) — تُستخدم للتقاطع بالباركود لا كمصدر أول. المصدر المفضّل: كتالوج المصنّع أو كتالوج التجزئة السعودي.
QGAP-00951,NEEDS_SOURCE,لم يُعثر على مصدر آلي — يحتاج جلبًا من المصنّع أو كتالوج التجزئة,المراعي عصير فراولة موز,Almarai strawberry banana juice,المراعي,Almarai,Almarai,PACKAGED,مشروبات,عصائر,strawberry banana juice,,KSA,UNSPECIFIED,,VERY_HIGH,P1,MISSING,,OFFICIAL_MANUFACTURER,Almarai official product page,,,,,,,,,,,,,NONE,HIGH,,,,,,,,,المراعي,Almarai,تغطية OpenFoodFacts للسوق السعودي ضحلة (١٦٤٩٢ منتجًا إجماليًا، وعمق كل علامة عشرات مقابل مئات فعلية) — تُستخدم للتقاطع بالباركود لا كمصدر أول. المصدر المفضّل: كتالوج المصنّع أو كتالوج التجزئة السعودي.
QGAP-00952,NEEDS_SOURCE,لم يُعثر على مصدر آلي — يحتاج جلبًا من المصنّع أو كتالوج التجزئة,المراعي عصير كوكتيل,Almarai cocktail juice,المراعي,Almarai,Almarai,PACKAGED,مشروبات,عصائر,cocktail juice,,KSA,UNSPECIFIED,,VERY_HIGH,P1,MISSING,,OFFICIAL_MANUFACTURER,Almarai official product page,,,,,,,,,,,,,NONE,HIGH,,,,,,,,,المراعي,Almarai,تغطية OpenFoodFacts للسوق السعودي ضحلة (١٦٤٩٢ منتجًا إجماليًا، وعمق كل علامة عشرات مقابل مئات فعلية) — تُستخدم للتقاطع بالباركود لا كمصدر أول. المصدر المفضّل: كتالوج المصنّع أو كتالوج التجزئة السعودي.
QGAP-00956,NEEDS_SOURCE,لم يُعثر على مصدر آلي — يحتاج جلبًا من المصنّع أو كتالوج التجزئة,المراعي عصير جوافة,Almarai guava juice,المراعي,Almarai,Almarai,PACKAGED,مشروبات,عصائر,guava juice,,KSA,UNSPECIFIED,,VERY_HIGH,P1,MISSING,,OFFICIAL_MANUFACTURER,Almarai official product page,,,,,,,,,,,,,NONE,HIGH,,,,,,,,,المراعي,Almarai,تغطية OpenFoodFacts للسوق السعودي ضحلة (١٦٤٩٢ منتجًا إجماليًا، وعمق كل علامة عشرات مقابل مئات فعلية) — تُستخدم للتقاطع بالباركود لا كمصدر أول. المصدر المفضّل: كتالوج المصنّع أو كتالوج التجزئة السعودي.
QGAP-00957,NEEDS_SOURCE,لم يُعثر على مصدر آلي — يحتاج جلبًا من المصنّع أو كتالوج التجزئة,المراعي عصير قليل السكر,Almarai low-sugar juice,المراعي,Almarai,Almarai,PACKAGED,مشروبات,عصائر,low-sugar juice,,KSA,UNSPECIFIED,,VERY_HIGH,P1,MISSING,,OFFICIAL_MANUFACTURER,Almarai official product page,,,,,,,,,,,,,NONE,HIGH,,,,,,,,,المراعي,Almarai,تغطية OpenFoodFacts للسوق السعودي ضحلة (١٦٤٩٢ منتجًا إجماليًا، وعمق كل علامة عشرات مقابل مئات فعلية) — تُستخدم للتقاطع بالباركود لا كمصدر أول. المصدر المفضّل: كتالوج المصنّع أو كتالوج التجزئة السعودي.
QGAP-00958,NEEDS_SOURCE,لم يُعثر على مصدر آلي — يحتاج جلبًا من المصنّع أو كتالوج التجزئة,المراعي كيك مارتينيلا,Almarai Martinella cake,المراعي,Almarai,Almarai,PACKAGED,فطور,مخبوزات وحلويات,Martinella cake,,KSA,UNSPECIFIED,,HIGH,P1,MISSING,,OFFICIAL_MANUFACTURER,Almarai official product page,,,,,,,,,,,,,NONE,HIGH,,,,,,,,,المراعي,Almarai,تغطية OpenFoodFacts للسوق السعودي ضحلة (١٦٤٩٢ منتجًا إجماليًا، وعمق كل علامة عشرات مقابل مئات فعلية) — تُستخدم للتقاطع بالباركود لا كمصدر أول. المصدر المفضّل: كتالوج المصنّع أو كتالوج التجزئة السعودي.
QGAP-00960,NEEDS_SOURCE,لم يُعثر على مصدر آلي — يحتاج جلبًا من المصنّع أو كتالوج التجزئة,المراعي آيس كريم,Almarai ice cream,المراعي,Almarai,Almarai,PACKAGED,فطور,مخبوزات وحلويات,ice cream,,KSA,UNSPECIFIED,,HIGH,P1,MISSING,,OFFICIAL_MANUFACTURER,Almarai official product page,,,,,,,,,,,,,NONE,HIGH,,,,,,,,,المراعي,Almarai,تغطية OpenFoodFacts للسوق السعودي ضحلة (١٦٤٩٢ منتجًا إجماليًا، وعمق كل علامة عشرات مقابل مئات فعلية) — تُستخدم للتقاطع بالباركود لا كمصدر أول. المصدر المفضّل: كتالوج المصنّع أو كتالوج التجزئة السعودي.
QGAP-00961,NEEDS_SOURCE,لم يُعثر على مصدر آلي — يحتاج جلبًا من المصنّع أو كتالوج التجزئة,المراعي قشطة,Almarai qishta cream,المراعي,Almarai,Almarai,PACKAGED,فطور,مخبوزات وحلويات,qishta cream,,KSA,UNSPECIFIED,,HIGH,P1,MISSING,,OFFICIAL_MANUFACTURER,Almarai official product page,,,,,,,,,,,,,NONE,HIGH,,,,,,,,,المراعي,Almarai,تغطية OpenFoodFacts للسوق السعودي ضحلة (١٦٤٩٢ منتجًا إجماليًا، وعمق كل علامة عشرات مقابل مئات فعلية) — تُستخدم للتقاطع بالباركود لا كمصدر أول. المصدر المفضّل: كتالوج المصنّع أو كتالوج التجزئة السعودي.
QGAP-00963,NEEDS_SOURCE,لم يُعثر على مصدر آلي — يحتاج جلبًا من المصنّع أو كتالوج التجزئة,نادك حليب خالي الدسم,NADEC skimmed milk,نادك,NADEC,NADEC,PACKAGED,ألبان,حليب وألبان,skimmed milk,,KSA,UNSPECIFIED,,VERY_HIGH,P0,MISSING,,OFFICIAL_MANUFACTURER,NADEC official product page,,,,,,,,,,,,,NONE,HIGH,,,,,,,,,نادك,NADEC,تغطية OpenFoodFacts للسوق السعودي ضحلة (١٦٤٩٢ منتجًا إجماليًا، وعمق كل علامة عشرات مقابل مئات فعلية) — تُستخدم للتقاطع بالباركود لا كمصدر أول. المصدر المفضّل: كتالوج المصنّع أو كتالوج التجزئة السعودي.
QGAP-00965,NEEDS_SOURCE,لم يُعثر على مصدر آلي — يحتاج جلبًا من المصنّع أو كتالوج التجزئة,نادك زبادي,NADEC yogurt,نادك,NADEC,NADEC,PACKAGED,ألبان,حليب وألبان,yogurt,,KSA,UNSPECIFIED,,VERY_HIGH,P0,MISSING,,OFFICIAL_MANUFACTURER,NADEC official product page,,,,,,,,,,,,,NONE,HIGH,,,,,,,,,نادك,NADEC,تغطية OpenFoodFacts للسوق السعودي ضحلة (١٦٤٩٢ منتجًا إجماليًا، وعمق كل علامة عشرات مقابل مئات فعلية) — تُستخدم للتقاطع بالباركود لا كمصدر أول. المصدر المفضّل: كتالوج المصنّع أو كتالوج التجزئة السعودي.
QGAP-00969,NEEDS_SOURCE,لم يُعثر على مصدر آلي — يحتاج جلبًا من المصنّع أو كتالوج التجزئة,نادك حليب إبل,NADEC camel milk,نادك,NADEC,NADEC,PACKAGED,ألبان,حليب وألبان,camel milk,,KSA,UNSPECIFIED,,VERY_HIGH,P0,MISSING,,OFFICIAL_MANUFACTURER,NADEC official product page,,,,,,,,,,,,,NONE,HIGH,,,,,,,,,نادك,NADEC,تغطية OpenFoodFacts للسوق السعودي ضحلة (١٦٤٩٢ منتجًا إجماليًا، وعمق كل علامة عشرات مقابل مئات فعلية) — تُستخدم للتقاطع بالباركود لا كمصدر أول. المصدر المفضّل: كتالوج المصنّع أو كتالوج التجزئة السعودي.
QGAP-00973,NEEDS_SOURCE,لم يُعثر على مصدر آلي — يحتاج جلبًا من المصنّع أو كتالوج التجزئة,نادك عصير كوكتيل,NADEC mixed juice,نادك,NADEC,NADEC,PACKAGED,مشروبات,عصائر,mixed juice,,KSA,UNSPECIFIED,,HIGH,P1,MISSING,,OFFICIAL_MANUFACTURER,NADEC official product page,,,,,,,,,,,,,NONE,HIGH,,,,,,,,,نادك,NADEC,تغطية OpenFoodFacts للسوق السعودي ضحلة (١٦٤٩٢ منتجًا إجماليًا، وعمق كل علامة عشرات مقابل مئات فعلية) — تُستخدم للتقاطع بالباركود لا كمصدر أول. المصدر المفضّل: كتالوج المصنّع أو كتالوج التجزئة السعودي.
QGAP-00974,NEEDS_SOURCE,لم يُعثر على مصدر آلي — يحتاج جلبًا من المصنّع أو كتالوج التجزئة,ندى لبن,Nada laban,ندى,Nada,Nada,PACKAGED,ألبان,حليب وألبان,laban,,KSA,UNSPECIFIED,,VERY_HIGH,P1,MISSING,,OFFICIAL_MANUFACTURER,Nada official product page,,,,,,,,,,,,,NONE,HIGH,,,,,,,,,ندى,Nada,تغطية OpenFoodFacts للسوق السعودي ضحلة (١٦٤٩٢ منتجًا إجماليًا، وعمق كل علامة عشرات مقابل مئات فعلية) — تُستخدم للتقاطع بالباركود لا كمصدر أول. المصدر المفضّل: كتالوج المصنّع أو كتالوج التجزئة السعودي.
QGAP-00975,NEEDS_SOURCE,لم يُعثر على مصدر آلي — يحتاج جلبًا من المصنّع أو كتالوج التجزئة,ندى زبادي,Nada yogurt,ندى,Nada,Nada,PACKAGED,ألبان,حليب وألبان,yogurt,,KSA,UNSPECIFIED,,VERY_HIGH,P1,MISSING,,OFFICIAL_MANUFACTURER,Nada official product page,,,,,,,,,,,,,NONE,HIGH,,,,,,,,,ندى,Nada,تغطية OpenFoodFacts للسوق السعودي ضحلة (١٦٤٩٢ منتجًا إجماليًا، وعمق كل علامة عشرات مقابل مئات فعلية) — تُستخدم للتقاطع بالباركود لا كمصدر أول. المصدر المفضّل: كتالوج المصنّع أو كتالوج التجزئة السعودي.
QGAP-00977,NEEDS_SOURCE,لم يُعثر على مصدر آلي — يحتاج جلبًا من المصنّع أو كتالوج التجزئة,ندى قشطة,Nada cream,ندى,Nada,Nada,PACKAGED,ألبان,حليب وألبان,cream,,KSA,UNSPECIFIED,,VERY_HIGH,P1,MISSING,,OFFICIAL_MANUFACTURER,Nada official product page,,,,,,,,,,,,,NONE,HIGH,,,,,,,,,ندى,Nada,تغطية OpenFoodFacts للسوق السعودي ضحلة (١٦٤٩٢ منتجًا إجماليًا، وعمق كل علامة عشرات مقابل مئات فعلية) — تُستخدم للتقاطع بالباركود لا كمصدر أول. المصدر المفضّل: كتالوج المصنّع أو كتالوج التجزئة السعودي.
QGAP-00978,NEEDS_SOURCE,لم يُعثر على مصدر آلي — يحتاج جلبًا من المصنّع أو كتالوج التجزئة,السعودية حليب طويل الأجل كامل الدسم,Saudia (SADAFCO) UHT full-fat milk,السعودية,Saudia (SADAFCO),Saudia (SADAFCO),PACKAGED,ألبان,حليب وآيس كريم,UHT full-fat milk,,KSA,UNSPECIFIED,,HIGH,P1,MISSING,,OFFICIAL_MANUFACTURER,Saudia (SADAFCO) official product page,,,,,,,,,,,,,NONE,HIGH,,,,,,,,,السعودية,Saudia (SADAFCO),تغطية OpenFoodFacts للسوق السعودي ضحلة (١٦٤٩٢ منتجًا إجماليًا، وعمق كل علامة عشرات مقابل مئات فعلية) — تُستخدم للتقاطع بالباركود لا كمصدر أول. المصدر المفضّل: كتالوج المصنّع أو كتالوج التجزئة السعودي.
QGAP-00981,NEEDS_SOURCE,لم يُعثر على مصدر آلي — يحتاج جلبًا من المصنّع أو كتالوج التجزئة,السعودية آيس كريم فانيلا,Saudia (SADAFCO) vanilla ice cream,السعودية,Saudia (SADAFCO),Saudia (SADAFCO),PACKAGED,ألبان,حليب وآيس كريم,vanilla ice cream,,KSA,UNSPECIFIED,,HIGH,P1,MISSING,,OFFICIAL_MANUFACTURER,Saudia (SADAFCO) official product page,,,,,,,,,,,,,NONE,HIGH,,,,,,,,,السعودية,Saudia (SADAFCO),تغطية OpenFoodFacts للسوق السعودي ضحلة (١٦٤٩٢ منتجًا إجماليًا، وعمق كل علامة عشرات مقابل مئات فعلية) — تُستخدم للتقاطع بالباركود لا كمصدر أول. المصدر المفضّل: كتالوج المصنّع أو كتالوج التجزئة السعودي.
QGAP-00982,NEEDS_SOURCE,لم يُعثر على مصدر آلي — يحتاج جلبًا من المصنّع أو كتالوج التجزئة,السعودية آيس كريم شوكولاتة,Saudia (SADAFCO) chocolate ice cream,السعودية,Saudia (SADAFCO),Saudia (SADAFCO),PACKAGED,ألبان,حليب وآيس كريم,chocolate ice cream,,KSA,UNSPECIFIED,,HIGH,P1,MISSING,,OFFICIAL_MANUFACTURER,Saudia (SADAFCO) official product page,,,,,,,,,,,,,NONE,HIGH,,,,,,,,,السعودية,Saudia (SADAFCO),تغطية OpenFoodFacts للسوق السعودي ضحلة (١٦٤٩٢ منتجًا إجماليًا، وعمق كل علامة عشرات مقابل مئات فعلية) — تُستخدم للتقاطع بالباركود لا كمصدر أول. المصدر المفضّل: كتالوج المصنّع أو كتالوج التجزئة السعودي.
QGAP-00983,NEEDS_SOURCE,لم يُعثر على مصدر آلي — يحتاج جلبًا من المصنّع أو كتالوج التجزئة,السعودية آيس كريم كون,Saudia (SADAFCO) ice cream cone,السعودية,Saudia (SADAFCO),Saudia (SADAFCO),PACKAGED,ألبان,حليب وآيس كريم,ice cream cone,,KSA,UNSPECIFIED,,HIGH,P1,MISSING,,OFFICIAL_MANUFACTURER,Saudia (SADAFCO) official product page,,,,,,,,,,,,,NONE,HIGH,,,,,,,,,السعودية,Saudia (SADAFCO),تغطية OpenFoodFacts للسوق السعودي ضحلة (١٦٤٩٢ منتجًا إجماليًا، وعمق كل علامة عشرات مقابل مئات فعلية) — تُستخدم للتقاطع بالباركود لا كمصدر أول. المصدر المفضّل: كتالوج المصنّع أو كتالوج التجزئة السعودي.
QGAP-00984,NEEDS_SOURCE,لم يُعثر على مصدر آلي — يحتاج جلبًا من المصنّع أو كتالوج التجزئة,السعودية قشطة,Saudia (SADAFCO) cream,السعودية,Saudia (SADAFCO),Saudia (SADAFCO),PACKAGED,ألبان,حليب وآيس كريم,cream,,KSA,UNSPECIFIED,,HIGH,P1,MISSING,,OFFICIAL_MANUFACTURER,Saudia (SADAFCO) official product page,,,,,,,,,,,,,NONE,HIGH,,,,,,,,,السعودية,Saudia (SADAFCO),تغطية OpenFoodFacts للسوق السعودي ضحلة (١٦٤٩٢ منتجًا إجماليًا، وعمق كل علامة عشرات مقابل مئات فعلية) — تُستخدم للتقاطع بالباركود لا كمصدر أول. المصدر المفضّل: كتالوج المصنّع أو كتالوج التجزئة السعودي.
QGAP-00985,NEEDS_SOURCE,لم يُعثر على مصدر آلي — يحتاج جلبًا من المصنّع أو كتالوج التجزئة,السعودية طماطم معلبة,Saudia (SADAFCO) canned tomato,السعودية,Saudia (SADAFCO),Saudia (SADAFCO),PACKAGED,ألبان,حليب وآيس كريم,canned tomato,,KSA,UNSPECIFIED,,HIGH,P1,MISSING,,OFFICIAL_MANUFACTURER,Saudia (SADAFCO) official product page,,,,,,,,,,,,,NONE,HIGH,,,,,,,,,السعودية,Saudia (SADAFCO),تغطية OpenFoodFacts للسوق السعودي ضحلة (١٦٤٩٢ منتجًا إجماليًا، وعمق كل علامة عشرات مقابل مئات فعلية) — تُستخدم للتقاطع بالباركود لا كمصدر أول. المصدر المفضّل: كتالوج المصنّع أو كتالوج التجزئة السعودي.
QGAP-00987,NEEDS_SOURCE,لم يُعثر على مصدر آلي — يحتاج جلبًا من المصنّع أو كتالوج التجزئة,الصافي دانون لبن,Al Safi Danone laban,الصافي دانون,Al Safi Danone,Al Safi Danone,PACKAGED,ألبان,ألبان,laban,,KSA,UNSPECIFIED,,HIGH,P1,MISSING,,OFFICIAL_MANUFACTURER,Al Safi Danone official product page,,,,,,,,,,,,,NONE,HIGH,,,,,,,,,الصافي دانون,Al Safi Danone,تغطية OpenFoodFacts للسوق السعودي ضحلة (١٦٤٩٢ منتجًا إجماليًا، وعمق كل علامة عشرات مقابل مئات فعلية) — تُستخدم للتقاطع بالباركود لا كمصدر أول. المصدر المفضّل: كتالوج المصنّع أو كتالوج التجزئة السعودي.
QGAP-00988,NEEDS_SOURCE,لم يُعثر على مصدر آلي — يحتاج جلبًا من المصنّع أو كتالوج التجزئة,الصافي دانون زبادي,Al Safi Danone yogurt,الصافي دانون,Al Safi Danone,Al Safi Danone,PACKAGED,ألبان,ألبان,yogurt,,KSA,UNSPECIFIED,,HIGH,P1,MISSING,,OFFICIAL_MANUFACTURER,Al Safi Danone official product page,,,,,,,,,,,,,NONE,HIGH,,,,,,,,,الصافي دانون,Al Safi Danone,تغطية OpenFoodFacts للسوق السعودي ضحلة (١٦٤٩٢ منتجًا إجماليًا، وعمق كل علامة عشرات مقابل مئات فعلية) — تُستخدم للتقاطع بالباركود لا كمصدر أول. المصدر المفضّل: كتالوج المصنّع أو كتالوج التجزئة السعودي.
QGAP-00990,NEEDS_SOURCE,لم يُعثر على مصدر آلي — يحتاج جلبًا من المصنّع أو كتالوج التجزئة,الصافي دانون لبن عالي البروتين,Al Safi Danone high-protein laban,الصافي دانون,Al Safi Danone,Al Safi Danone,PACKAGED,ألبان,ألبان,high-protein laban,,KSA,UNSPECIFIED,,HIGH,P1,MISSING,,OFFICIAL_MANUFACTURER,Al Safi Danone official product page,,,,,,,,,,,,,NONE,HIGH,,,,,,,,,الصافي دانون,Al Safi Danone,تغطية OpenFoodFacts للسوق السعودي ضحلة (١٦٤٩٢ منتجًا إجماليًا، وعمق كل علامة عشرات مقابل مئات فعلية) — تُستخدم للتقاطع بالباركود لا كمصدر أول. المصدر المفضّل: كتالوج المصنّع أو كتالوج التجزئة السعودي.
QGAP-00991,NEEDS_SOURCE,لم يُعثر على مصدر آلي — يحتاج جلبًا من المصنّع أو كتالوج التجزئة,الصافي دانون أكتيفيا,Al Safi Danone Activia,الصافي دانون,Al Safi Danone,Al Safi Danone,PACKAGED,ألبان,ألبان,Activia,,KSA,UNSPECIFIED,,HIGH,P1,MISSING,,OFFICIAL_MANUFACTURER,Al Safi Danone official product page,,,,,,,,,,,,,NONE,HIGH,,,,,,,,,الصافي دانون,Al Safi Danone,تغطية OpenFoodFacts للسوق السعودي ضحلة (١٦٤٩٢ منتجًا إجماليًا، وعمق كل علامة عشرات مقابل مئات فعلية) — تُستخدم للتقاطع بالباركود لا كمصدر أول. المصدر المفضّل: كتالوج المصنّع أو كتالوج التجزئة السعودي.
QGAP-00992,NEEDS_SOURCE,لم يُعثر على مصدر آلي — يحتاج جلبًا من المصنّع أو كتالوج التجزئة,الصافي دانون دانيت,Al Safi Danone Danette dessert,الصافي دانون,Al Safi Danone,Al Safi Danone,PACKAGED,ألبان,ألبان,Danette dessert,,KSA,UNSPECIFIED,,HIGH,P1,MISSING,,OFFICIAL_MANUFACTURER,Al Safi Danone official product page,,,,,,,,,,,,,NONE,HIGH,,,,,,,,,الصافي دانون,Al Safi Danone,تغطية OpenFoodFacts للسوق السعودي ضحلة (١٦٤٩٢ منتجًا إجماليًا، وعمق كل علامة عشرات مقابل مئات فعلية) — تُستخدم للتقاطع بالباركود لا كمصدر أول. المصدر المفضّل: كتالوج المصنّع أو كتالوج التجزئة السعودي.
QGAP-00996,NEEDS_SOURCE,لم يُعثر على مصدر آلي — يحتاج جلبًا من المصنّع أو كتالوج التجزئة,الربيع عصير جوافة,Al Rabie guava juice,الربيع,Al Rabie,Al Rabie,PACKAGED,مشروبات,عصائر,guava juice,,KSA,UNSPECIFIED,,HIGH,P1,MISSING,,OFFICIAL_MANUFACTURER,Al Rabie official product page,,,,,,,,,,,,,NONE,HIGH,,,,,,,,,الربيع,Al Rabie,تغطية OpenFoodFacts للسوق السعودي ضحلة (١٦٤٩٢ منتجًا إجماليًا، وعمق كل علامة عشرات مقابل مئات فعلية) — تُستخدم للتقاطع بالباركود لا كمصدر أول. المصدر المفضّل: كتالوج المصنّع أو كتالوج التجزئة السعودي.
QGAP-00997,NEEDS_SOURCE,لم يُعثر على مصدر آلي — يحتاج جلبًا من المصنّع أو كتالوج التجزئة,الربيع عصير كوكتيل,Al Rabie cocktail juice,الربيع,Al Rabie,Al Rabie,PACKAGED,مشروبات,عصائر,cocktail juice,,KSA,UNSPECIFIED,,HIGH,P1,MISSING,,OFFICIAL_MANUFACTURER,Al Rabie official product page,,,,,,,,,,,,,NONE,HIGH,,,,,,,,,الربيع,Al Rabie,تغطية OpenFoodFacts للسوق السعودي ضحلة (١٦٤٩٢ منتجًا إجماليًا، وعمق كل علامة عشرات مقابل مئات فعلية) — تُستخدم للتقاطع بالباركود لا كمصدر أول. المصدر المفضّل: كتالوج المصنّع أو كتالوج التجزئة السعودي.
QGAP-00998,NEEDS_SOURCE,لم يُعثر على مصدر آلي — يحتاج جلبًا من المصنّع أو كتالوج التجزئة,الربيع عصير ليمون,Al Rabie lemon juice,الربيع,Al Rabie,Al Rabie,PACKAGED,مشروبات,عصائر,lemon juice,,KSA,UNSPECIFIED,,HIGH,P1,MISSING,,OFFICIAL_MANUFACTURER,Al Rabie official product page,,,,,,,,,,,,,NONE,HIGH,,,,,,,,,الربيع,Al Rabie,تغطية OpenFoodFacts للسوق السعودي ضحلة (١٦٤٩٢ منتجًا إجماليًا، وعمق كل علامة عشرات مقابل مئات فعلية) — تُستخدم للتقاطع بالباركود لا كمصدر أول. المصدر المفضّل: كتالوج المصنّع أو كتالوج التجزئة السعودي.
QGAP-01004,NEEDS_SOURCE,لم يُعثر على مصدر آلي — يحتاج جلبًا من المصنّع أو كتالوج التجزئة,بوك جبن شيدر قابل للدهن,Puck cheddar spread,بوك,Puck,Puck,PACKAGED,ألبان,أجبان,cheddar spread,,KSA,UNSPECIFIED,,VERY_HIGH,P1,MISSING,,OFFICIAL_MANUFACTURER,Puck official product page,,,,,,,,,,,,,NONE,HIGH,,,,,,,,,بوك,Puck,تغطية OpenFoodFacts للسوق السعودي ضحلة (١٦٤٩٢ منتجًا إجماليًا، وعمق كل علامة عشرات مقابل مئات فعلية) — تُستخدم للتقاطع بالباركود لا كمصدر أول. المصدر المفضّل: كتالوج المصنّع أو كتالوج التجزئة السعودي.
QGAP-01008,NEEDS_SOURCE,لم يُعثر على مصدر آلي — يحتاج جلبًا من المصنّع أو كتالوج التجزئة,بريزيدون جبن بري,President Brie,بريزيدون,President,President,PACKAGED,ألبان,أجبان,Brie,,KSA,UNSPECIFIED,,HIGH,P2,MISSING,,OFFICIAL_MANUFACTURER,President official product page,,,,,,,,,,,,,NONE,HIGH,,,,,,,,,بريزيدون,President,تغطية OpenFoodFacts للسوق السعودي ضحلة (١٦٤٩٢ منتجًا إجماليًا، وعمق كل علامة عشرات مقابل مئات فعلية) — تُستخدم للتقاطع بالباركود لا كمصدر أول. المصدر المفضّل: كتالوج المصنّع أو كتالوج التجزئة السعودي.
QGAP-01009,NEEDS_SOURCE,لم يُعثر على مصدر آلي — يحتاج جلبًا من المصنّع أو كتالوج التجزئة,بريزيدون جبن موزاريلا,President mozzarella,بريزيدون,President,President,PACKAGED,ألبان,أجبان,mozzarella,,KSA,UNSPECIFIED,,HIGH,P2,MISSING,,OFFICIAL_MANUFACTURER,President official product page,,,,,,,,,,,,,NONE,HIGH,,,,,,,,,بريزيدون,President,تغطية OpenFoodFacts للسوق السعودي ضحلة (١٦٤٩٢ منتجًا إجماليًا، وعمق كل علامة عشرات مقابل مئات فعلية) — تُستخدم للتقاطع بالباركود لا كمصدر أول. المصدر المفضّل: كتالوج المصنّع أو كتالوج التجزئة السعودي.
QGAP-01012,NEEDS_SOURCE,لم يُعثر على مصدر آلي — يحتاج جلبًا من المصنّع أو كتالوج التجزئة,بريزيدون جبن شيدر شرائح,President cheddar slices,بريزيدون,President,President,PACKAGED,ألبان,أجبان,cheddar slices,,KSA,UNSPECIFIED,,HIGH,P2,MISSING,,OFFICIAL_MANUFACTURER,President official product page,,,,,,,,,,,,,NONE,HIGH,,,,,,,,,بريزيدون,President,تغطية OpenFoodFacts للسوق السعودي ضحلة (١٦٤٩٢ منتجًا إجماليًا، وعمق كل علامة عشرات مقابل مئات فعلية) — تُستخدم للتقاطع بالباركود لا كمصدر أول. المصدر المفضّل: كتالوج المصنّع أو كتالوج التجزئة السعودي.
QGAP-01013,NEEDS_SOURCE,لم يُعثر على مصدر آلي — يحتاج جلبًا من المصنّع أو كتالوج التجزئة,لورباك زبدة مملحة,Lurpak salted butter,لورباك,Lurpak,Lurpak,PACKAGED,ألبان,زبدة,salted butter,,KSA,UNSPECIFIED,,HIGH,P2,MISSING,,OFFICIAL_MANUFACTURER,Lurpak official product page,,,,,,,,,,,,,NONE,HIGH,,,,,,,,,لورباك,Lurpak,تغطية OpenFoodFacts للسوق السعودي ضحلة (١٦٤٩٢ منتجًا إجماليًا، وعمق كل علامة عشرات مقابل مئات فعلية) — تُستخدم للتقاطع بالباركود لا كمصدر أول. المصدر المفضّل: كتالوج المصنّع أو كتالوج التجزئة السعودي.
QGAP-01017,NEEDS_SOURCE,لم يُعثر على مصدر آلي — يحتاج جلبًا من المصنّع أو كتالوج التجزئة,أنكور حليب بودرة,Anchor milk powder,أنكور,Anchor,Anchor,PACKAGED,ألبان,ألبان,milk powder,,KSA,UNSPECIFIED,,MEDIUM,P2,MISSING,,OFFICIAL_MANUFACTURER,Anchor official product page,,,,,,,,,,,,,NONE,HIGH,,,,,,,,,أنكور,Anchor,تغطية OpenFoodFacts للسوق السعودي ضحلة (١٦٤٩٢ منتجًا إجماليًا، وعمق كل علامة عشرات مقابل مئات فعلية) — تُستخدم للتقاطع بالباركود لا كمصدر أول. المصدر المفضّل: كتالوج المصنّع أو كتالوج التجزئة السعودي.
QGAP-01018,NEEDS_SOURCE,لم يُعثر على مصدر آلي — يحتاج جلبًا من المصنّع أو كتالوج التجزئة,أنكور قشطة,Anchor cream,أنكور,Anchor,Anchor,PACKAGED,ألبان,ألبان,cream,,KSA,UNSPECIFIED,,MEDIUM,P2,MISSING,,OFFICIAL_MANUFACTURER,Anchor official product page,,,,,,,,,,,,,NONE,HIGH,,,,,,,,,أنكور,Anchor,تغطية OpenFoodFacts للسوق السعودي ضحلة (١٦٤٩٢ منتجًا إجماليًا، وعمق كل علامة عشرات مقابل مئات فعلية) — تُستخدم للتقاطع بالباركود لا كمصدر أول. المصدر المفضّل: كتالوج المصنّع أو كتالوج التجزئة السعودي.
QGAP-01019,NEEDS_SOURCE,لم يُعثر على مصدر آلي — يحتاج جلبًا من المصنّع أو كتالوج التجزئة,راني فلوت برتقال,Rani Float orange,راني,Rani,Rani,PACKAGED,مشروبات,عصائر,Float orange,,KSA,UNSPECIFIED,,VERY_HIGH,P1,MISSING,,OFFICIAL_MANUFACTURER,Rani official product page,,,,,,,,,,,,,NONE,HIGH,,,,,,,,,راني,Rani,تغطية OpenFoodFacts للسوق السعودي ضحلة (١٦٤٩٢ منتجًا إجماليًا، وعمق كل علامة عشرات مقابل مئات فعلية) — تُستخدم للتقاطع بالباركود لا كمصدر أول. المصدر المفضّل: كتالوج المصنّع أو كتالوج التجزئة السعودي.
QGAP-01020,NEEDS_SOURCE,لم يُعثر على مصدر آلي — يحتاج جلبًا من المصنّع أو كتالوج التجزئة,راني فلوت مانجو,Rani Float mango,راني,Rani,Rani,PACKAGED,مشروبات,عصائر,Float mango,,KSA,UNSPECIFIED,,VERY_HIGH,P1,MISSING,,OFFICIAL_MANUFACTURER,Rani official product page,,,,,,,,,,,,,NONE,HIGH,,,,,,,,,راني,Rani,تغطية OpenFoodFacts للسوق السعودي ضحلة (١٦٤٩٢ منتجًا إجماليًا، وعمق كل علامة عشرات مقابل مئات فعلية) — تُستخدم للتقاطع بالباركود لا كمصدر أول. المصدر المفضّل: كتالوج المصنّع أو كتالوج التجزئة السعودي.
QGAP-01021,NEEDS_SOURCE,لم يُعثر على مصدر آلي — يحتاج جلبًا من المصنّع أو كتالوج التجزئة,راني فلوت فراولة,Rani Float strawberry,راني,Rani,Rani,PACKAGED,مشروبات,عصائر,Float strawberry,,KSA,UNSPECIFIED,,VERY_HIGH,P1,MISSING,,OFFICIAL_MANUFACTURER,Rani official product page,,,,,,,,,,,,,NONE,HIGH,,,,,,,,,راني,Rani,تغطية OpenFoodFacts للسوق السعودي ضحلة (١٦٤٩٢ منتجًا إجماليًا، وعمق كل علامة عشرات مقابل مئات فعلية) — تُستخدم للتقاطع بالباركود لا كمصدر أول. المصدر المفضّل: كتالوج المصنّع أو كتالوج التجزئة السعودي.
QGAP-01023,NEEDS_SOURCE,لم يُعثر على مصدر آلي — يحتاج جلبًا من المصنّع أو كتالوج التجزئة,راني فلوت تفاح,Rani Float apple,راني,Rani,Rani,PACKAGED,مشروبات,عصائر,Float apple,,KSA,UNSPECIFIED,,VERY_HIGH,P1,MISSING,,OFFICIAL_MANUFACTURER,Rani official product page,,,,,,,,,,,,,NONE,HIGH,,,,,,,,,راني,Rani,تغطية OpenFoodFacts للسوق السعودي ضحلة (١٦٤٩٢ منتجًا إجماليًا، وعمق كل علامة عشرات مقابل مئات فعلية) — تُستخدم للتقاطع بالباركود لا كمصدر أول. المصدر المفضّل: كتالوج المصنّع أو كتالوج التجزئة السعودي.
QGAP-01024,NEEDS_SOURCE,لم يُعثر على مصدر آلي — يحتاج جلبًا من المصنّع أو كتالوج التجزئة,راني فلوت كوكتيل,Rani Float cocktail,راني,Rani,Rani,PACKAGED,مشروبات,عصائر,Float cocktail,,KSA,UNSPECIFIED,,VERY_HIGH,P1,MISSING,,OFFICIAL_MANUFACTURER,Rani official product page,,,,,,,,,,,,,NONE,HIGH,,,,,,,,,راني,Rani,تغطية OpenFoodFacts للسوق السعودي ضحلة (١٦٤٩٢ منتجًا إجماليًا، وعمق كل علامة عشرات مقابل مئات فعلية) — تُستخدم للتقاطع بالباركود لا كمصدر أول. المصدر المفضّل: كتالوج المصنّع أو كتالوج التجزئة السعودي.
QGAP-01028,NEEDS_SOURCE,لم يُعثر على مصدر آلي — يحتاج جلبًا من المصنّع أو كتالوج التجزئة,صن توب كوكتيل,Suntop cocktail,صن توب,Suntop,Suntop,PACKAGED,مشروبات,عصائر,cocktail,,KSA,UNSPECIFIED,,HIGH,P1,MISSING,,OFFICIAL_MANUFACTURER,Suntop official product page,,,,,,,,,,,,,NONE,HIGH,,,,,,,,,صن توب,Suntop,تغطية OpenFoodFacts للسوق السعودي ضحلة (١٦٤٩٢ منتجًا إجماليًا، وعمق كل علامة عشرات مقابل مئات فعلية) — تُستخدم للتقاطع بالباركود لا كمصدر أول. المصدر المفضّل: كتالوج المصنّع أو كتالوج التجزئة السعودي.
QGAP-01033,NEEDS_SOURCE,لم يُعثر على مصدر آلي — يحتاج جلبًا من المصنّع أو كتالوج التجزئة,لوزين خبز هوت دوج,L'usine hot dog buns,لوزين,L'usine,L'usine,PACKAGED,فطور,مخبوزات,hot dog buns,,KSA,KSA,,VERY_HIGH,P0,MISSING,,OFFICIAL_LOCAL,Saudi retailer catalogue (Panda/Othaim/Tamimi/Nana) + barcode,,,,,,,,,,,,,NONE,HIGH,,,,,,,,,لوزين,L'usine,تغطية OpenFoodFacts للسوق السعودي ضحلة (١٦٤٩٢ منتجًا إجماليًا، وعمق كل علامة عشرات مقابل مئات فعلية) — تُستخدم للتقاطع بالباركود لا كمصدر أول. المصدر المفضّل: كتالوج المصنّع أو كتالوج التجزئة السعودي.
QGAP-01034,NEEDS_SOURCE,لم يُعثر على مصدر آلي — يحتاج جلبًا من المصنّع أو كتالوج التجزئة,لوزين كرواسون بالزبدة,L'usine butter croissant,لوزين,L'usine,L'usine,PACKAGED,فطور,مخبوزات,butter croissant,,KSA,KSA,,VERY_HIGH,P0,MISSING,,OFFICIAL_LOCAL,Saudi retailer catalogue (Panda/Othaim/Tamimi/Nana) + barcode,,,,,,,,,,,,,NONE,HIGH,,,,,,,,,لوزين,L'usine,تغطية OpenFoodFacts للسوق السعودي ضحلة (١٦٤٩٢ منتجًا إجماليًا، وعمق كل علامة عشرات مقابل مئات فعلية) — تُستخدم للتقاطع بالباركود لا كمصدر أول. المصدر المفضّل: كتالوج المصنّع أو كتالوج التجزئة السعودي.
QGAP-01035,NEEDS_SOURCE,لم يُعثر على مصدر آلي — يحتاج جلبًا من المصنّع أو كتالوج التجزئة,لوزين كرواسون بالشوكولاتة,L'usine chocolate croissant,لوزين,L'usine,L'usine,PACKAGED,فطور,مخبوزات,chocolate croissant,,KSA,KSA,,VERY_HIGH,P0,MISSING,,OFFICIAL_LOCAL,Saudi retailer catalogue (Panda/Othaim/Tamimi/Nana) + barcode,,,,,,,,,,,,,NONE,HIGH,,,,,,,,,لوزين,L'usine,تغطية OpenFoodFacts للسوق السعودي ضحلة (١٦٤٩٢ منتجًا إجماليًا، وعمق كل علامة عشرات مقابل مئات فعلية) — تُستخدم للتقاطع بالباركود لا كمصدر أول. المصدر المفضّل: كتالوج المصنّع أو كتالوج التجزئة السعودي.
QGAP-01037,NEEDS_SOURCE,لم يُعثر على مصدر آلي — يحتاج جلبًا من المصنّع أو كتالوج التجزئة,لوزين كيك بالشوكولاتة,L'usine chocolate cake,لوزين,L'usine,L'usine,PACKAGED,فطور,مخبوزات,chocolate cake,,KSA,KSA,,VERY_HIGH,P0,MISSING,,OFFICIAL_LOCAL,Saudi retailer catalogue (Panda/Othaim/Tamimi/Nana) + barcode,,,,,,,,,,,,,NONE,HIGH,,,,,,,,,لوزين,L'usine,تغطية OpenFoodFacts للسوق السعودي ضحلة (١٦٤٩٢ منتجًا إجماليًا، وعمق كل علامة عشرات مقابل مئات فعلية) — تُستخدم للتقاطع بالباركود لا كمصدر أول. المصدر المفضّل: كتالوج المصنّع أو كتالوج التجزئة السعودي.
QGAP-01038,NEEDS_SOURCE,لم يُعثر على مصدر آلي — يحتاج جلبًا من المصنّع أو كتالوج التجزئة,لوزين مافن,L'usine muffin,لوزين,L'usine,L'usine,PACKAGED,فطور,مخبوزات,muffin,,KSA,KSA,,VERY_HIGH,P0,MISSING,,OFFICIAL_LOCAL,Saudi retailer catalogue (Panda/Othaim/Tamimi/Nana) + barcode,,,,,,,,,,,,,NONE,HIGH,,,,,,,,,لوزين,L'usine,تغطية OpenFoodFacts للسوق السعودي ضحلة (١٦٤٩٢ منتجًا إجماليًا، وعمق كل علامة عشرات مقابل مئات فعلية) — تُستخدم للتقاطع بالباركود لا كمصدر أول. المصدر المفضّل: كتالوج المصنّع أو كتالوج التجزئة السعودي.
QGAP-01039,NEEDS_SOURCE,لم يُعثر على مصدر آلي — يحتاج جلبًا من المصنّع أو كتالوج التجزئة,لوزين دونات,L'usine donut,لوزين,L'usine,L'usine,PACKAGED,فطور,مخبوزات,donut,,KSA,KSA,,VERY_HIGH,P0,MISSING,,OFFICIAL_LOCAL,Saudi retailer catalogue (Panda/Othaim/Tamimi/Nana) + barcode,,,,,,,,,,,,,NONE,HIGH,,,,,,,,,لوزين,L'usine,تغطية OpenFoodFacts للسوق السعودي ضحلة (١٦٤٩٢ منتجًا إجماليًا، وعمق كل علامة عشرات مقابل مئات فعلية) — تُستخدم للتقاطع بالباركود لا كمصدر أول. المصدر المفضّل: كتالوج المصنّع أو كتالوج التجزئة السعودي.
QGAP-01040,NEEDS_SOURCE,لم يُعثر على مصدر آلي — يحتاج جلبًا من المصنّع أو كتالوج التجزئة,لوزين باي التفاح,L'usine apple pie,لوزين,L'usine,L'usine,PACKAGED,فطور,مخبوزات,apple pie,,KSA,KSA,,VERY_HIGH,P0,MISSING,,OFFICIAL_LOCAL,Saudi retailer catalogue (Panda/Othaim/Tamimi/Nana) + barcode,,,,,,,,,,,,,NONE,HIGH,,,,,,,,,لوزين,L'usine,تغطية OpenFoodFacts للسوق السعودي ضحلة (١٦٤٩٢ منتجًا إجماليًا، وعمق كل علامة عشرات مقابل مئات فعلية) — تُستخدم للتقاطع بالباركود لا كمصدر أول. المصدر المفضّل: كتالوج المصنّع أو كتالوج التجزئة السعودي.
QGAP-01042,NEEDS_SOURCE,لم يُعثر على مصدر آلي — يحتاج جلبًا من المصنّع أو كتالوج التجزئة,لوزين خبز عربي,L'usine Arabic bread,لوزين,L'usine,L'usine,PACKAGED,فطور,مخبوزات,Arabic bread,,KSA,KSA,,VERY_HIGH,P0,MISSING,,OFFICIAL_LOCAL,Saudi retailer catalogue (Panda/Othaim/Tamimi/Nana) + barcode,,,,,,,,,,,,,NONE,HIGH,,,,,,,,,لوزين,L'usine,تغطية OpenFoodFacts للسوق السعودي ضحلة (١٦٤٩٢ منتجًا إجماليًا، وعمق كل علامة عشرات مقابل مئات فعلية) — تُستخدم للتقاطع بالباركود لا كمصدر أول. المصدر المفضّل: كتالوج المصنّع أو كتالوج التجزئة السعودي.
QGAP-01044,NEEDS_SOURCE,لم يُعثر على مصدر آلي — يحتاج جلبًا من المصنّع أو كتالوج التجزئة,لوزين رول بالقرفة,L'usine cinnamon roll,لوزين,L'usine,L'usine,PACKAGED,فطور,مخبوزات,cinnamon roll,,KSA,KSA,,VERY_HIGH,P0,MISSING,,OFFICIAL_LOCAL,Saudi retailer catalogue (Panda/Othaim/Tamimi/Nana) + barcode,,,,,,,,,,,,,NONE,HIGH,,,,,,,,,لوزين,L'usine,تغطية OpenFoodFacts للسوق السعودي ضحلة (١٦٤٩٢ منتجًا إجماليًا، وعمق كل علامة عشرات مقابل مئات فعلية) — تُستخدم للتقاطع بالباركود لا كمصدر أول. المصدر المفضّل: كتالوج المصنّع أو كتالوج التجزئة السعودي.
QGAP-01046,NEEDS_SOURCE,لم يُعثر على مصدر آلي — يحتاج جلبًا من المصنّع أو كتالوج التجزئة,قودي مربى فراولة,Goody strawberry jam,قودي,Goody,Goody,PACKAGED,أطعمة معلبة,معلبات ومربى,strawberry jam,,KSA,KSA,,HIGH,P1,MISSING,,OFFICIAL_LOCAL,Saudi retailer catalogue (Panda/Othaim/Tamimi/Nana) + barcode,,,,,,,,,,,,,NONE,HIGH,,,,,,,,,قودي,Goody,تغطية OpenFoodFacts للسوق السعودي ضحلة (١٦٤٩٢ منتجًا إجماليًا، وعمق كل علامة عشرات مقابل مئات فعلية) — تُستخدم للتقاطع بالباركود لا كمصدر أول. المصدر المفضّل: كتالوج المصنّع أو كتالوج التجزئة السعودي.
QGAP-01047,NEEDS_SOURCE,لم يُعثر على مصدر آلي — يحتاج جلبًا من المصنّع أو كتالوج التجزئة,قودي مربى مشمش,Goody apricot jam,قودي,Goody,Goody,PACKAGED,أطعمة معلبة,معلبات ومربى,apricot jam,,KSA,KSA,,HIGH,P1,MISSING,,OFFICIAL_LOCAL,Saudi retailer catalogue (Panda/Othaim/Tamimi/Nana) + barcode,,,,,,,,,,,,,NONE,HIGH,,,,,,,,,قودي,Goody,تغطية OpenFoodFacts للسوق السعودي ضحلة (١٦٤٩٢ منتجًا إجماليًا، وعمق كل علامة عشرات مقابل مئات فعلية) — تُستخدم للتقاطع بالباركود لا كمصدر أول. المصدر المفضّل: كتالوج المصنّع أو كتالوج التجزئة السعودي.
QGAP-01048,NEEDS_SOURCE,لم يُعثر على مصدر آلي — يحتاج جلبًا من المصنّع أو كتالوج التجزئة,قودي عسل,Goody honey,قودي,Goody,Goody,PACKAGED,أطعمة معلبة,معلبات ومربى,honey,,KSA,KSA,,HIGH,P1,MISSING,,OFFICIAL_LOCAL,Saudi retailer catalogue (Panda/Othaim/Tamimi/Nana) + barcode,,,,,,,,,,,,,NONE,HIGH,,,,,,,,,قودي,Goody,تغطية OpenFoodFacts للسوق السعودي ضحلة (١٦٤٩٢ منتجًا إجماليًا، وعمق كل علامة عشرات مقابل مئات فعلية) — تُستخدم للتقاطع بالباركود لا كمصدر أول. المصدر المفضّل: كتالوج المصنّع أو كتالوج التجزئة السعودي.
QGAP-01050,NEEDS_SOURCE,لم يُعثر على مصدر آلي — يحتاج جلبًا من المصنّع أو كتالوج التجزئة,قودي تونة بالماء,Goody tuna in water,قودي,Goody,Goody,PACKAGED,أطعمة معلبة,معلبات ومربى,tuna in water,,KSA,KSA,,HIGH,P1,MISSING,,OFFICIAL_LOCAL,Saudi retailer catalogue (Panda/Othaim/Tamimi/Nana) + barcode,,,,,,,,,,,,,NONE,HIGH,,,,,,,,,قودي,Goody,تغطية OpenFoodFacts للسوق السعودي ضحلة (١٦٤٩٢ منتجًا إجماليًا، وعمق كل علامة عشرات مقابل مئات فعلية) — تُستخدم للتقاطع بالباركود لا كمصدر أول. المصدر المفضّل: كتالوج المصنّع أو كتالوج التجزئة السعودي.
QGAP-01051,NEEDS_SOURCE,لم يُعثر على مصدر آلي — يحتاج جلبًا من المصنّع أو كتالوج التجزئة,قودي ذرة معلبة,Goody canned corn,قودي,Goody,Goody,PACKAGED,أطعمة معلبة,معلبات ومربى,canned corn,,KSA,KSA,,HIGH,P1,MISSING,,OFFICIAL_LOCAL,Saudi retailer catalogue (Panda/Othaim/Tamimi/Nana) + barcode,,,,,,,,,,,,,NONE,HIGH,,,,,,,,,قودي,Goody,تغطية OpenFoodFacts للسوق السعودي ضحلة (١٦٤٩٢ منتجًا إجماليًا، وعمق كل علامة عشرات مقابل مئات فعلية) — تُستخدم للتقاطع بالباركود لا كمصدر أول. المصدر المفضّل: كتالوج المصنّع أو كتالوج التجزئة السعودي.
QGAP-01053,NEEDS_SOURCE,لم يُعثر على مصدر آلي — يحتاج جلبًا من المصنّع أو كتالوج التجزئة,قودي حمص معلب,Goody canned chickpeas,قودي,Goody,Goody,PACKAGED,أطعمة معلبة,معلبات ومربى,canned chickpeas,,KSA,KSA,,HIGH,P1,MISSING,,OFFICIAL_LOCAL,Saudi retailer catalogue (Panda/Othaim/Tamimi/Nana) + barcode,,,,,,,,,,,,,NONE,HIGH,,,,,,,,,قودي,Goody,تغطية OpenFoodFacts للسوق السعودي ضحلة (١٦٤٩٢ منتجًا إجماليًا، وعمق كل علامة عشرات مقابل مئات فعلية) — تُستخدم للتقاطع بالباركود لا كمصدر أول. المصدر المفضّل: كتالوج المصنّع أو كتالوج التجزئة السعودي.
QGAP-01057,NEEDS_SOURCE,لم يُعثر على مصدر آلي — يحتاج جلبًا من المصنّع أو كتالوج التجزئة,حلواني إخوان حلاوة طحينية سادة,Halwani Bros plain tahini halawa,حلواني إخوان,Halwani Bros,Halwani Bros,PACKAGED,حلويات,حلويات ومعجنات,plain tahini halawa,,KSA,KSA,,HIGH,P1,MISSING,,OFFICIAL_LOCAL,Saudi retailer catalogue (Panda/Othaim/Tamimi/Nana) + barcode,,,,,,,,,,,,,NONE,HIGH,,,,,,,,,حلواني إخوان,Halwani Bros,تغطية OpenFoodFacts للسوق السعودي ضحلة (١٦٤٩٢ منتجًا إجماليًا، وعمق كل علامة عشرات مقابل مئات فعلية) — تُستخدم للتقاطع بالباركود لا كمصدر أول. المصدر المفضّل: كتالوج المصنّع أو كتالوج التجزئة السعودي.
QGAP-01058,NEEDS_SOURCE,لم يُعثر على مصدر آلي — يحتاج جلبًا من المصنّع أو كتالوج التجزئة,حلواني إخوان حلاوة طحينية بالفستق,Halwani Bros pistachio halawa,حلواني إخوان,Halwani Bros,Halwani Bros,PACKAGED,حلويات,حلويات ومعجنات,pistachio halawa,,KSA,KSA,,HIGH,P1,MISSING,,OFFICIAL_LOCAL,Saudi retailer catalogue (Panda/Othaim/Tamimi/Nana) + barcode,,,,,,,,,,,,,NONE,HIGH,,,,,,,,,حلواني إخوان,Halwani Bros,تغطية OpenFoodFacts للسوق السعودي ضحلة (١٦٤٩٢ منتجًا إجماليًا، وعمق كل علامة عشرات مقابل مئات فعلية) — تُستخدم للتقاطع بالباركود لا كمصدر أول. المصدر المفضّل: كتالوج المصنّع أو كتالوج التجزئة السعودي.
QGAP-01059,NEEDS_SOURCE,لم يُعثر على مصدر آلي — يحتاج جلبًا من المصنّع أو كتالوج التجزئة,حلواني إخوان معمول تمر,Halwani Bros date maamoul,حلواني إخوان,Halwani Bros,Halwani Bros,PACKAGED,حلويات,حلويات ومعجنات,date maamoul,,KSA,KSA,,HIGH,P1,MISSING,,OFFICIAL_LOCAL,Saudi retailer catalogue (Panda/Othaim/Tamimi/Nana) + barcode,,,,,,,,,,,,,NONE,HIGH,,,,,,,,,حلواني إخوان,Halwani Bros,تغطية OpenFoodFacts للسوق السعودي ضحلة (١٦٤٩٢ منتجًا إجماليًا، وعمق كل علامة عشرات مقابل مئات فعلية) — تُستخدم للتقاطع بالباركود لا كمصدر أول. المصدر المفضّل: كتالوج المصنّع أو كتالوج التجزئة السعودي.
QGAP-01060,NEEDS_SOURCE,لم يُعثر على مصدر آلي — يحتاج جلبًا من المصنّع أو كتالوج التجزئة,حلواني إخوان بسكويت التمر,Halwani Bros date biscuit,حلواني إخوان,Halwani Bros,Halwani Bros,PACKAGED,حلويات,حلويات ومعجنات,date biscuit,,KSA,KSA,,HIGH,P1,MISSING,,OFFICIAL_LOCAL,Saudi retailer catalogue (Panda/Othaim/Tamimi/Nana) + barcode,,,,,,,,,,,,,NONE,HIGH,,,,,,,,,حلواني إخوان,Halwani Bros,تغطية OpenFoodFacts للسوق السعودي ضحلة (١٦٤٩٢ منتجًا إجماليًا، وعمق كل علامة عشرات مقابل مئات فعلية) — تُستخدم للتقاطع بالباركود لا كمصدر أول. المصدر المفضّل: كتالوج المصنّع أو كتالوج التجزئة السعودي.
QGAP-01061,NEEDS_SOURCE,لم يُعثر على مصدر آلي — يحتاج جلبًا من المصنّع أو كتالوج التجزئة,حلواني إخوان كيك,Halwani Bros cake,حلواني إخوان,Halwani Bros,Halwani Bros,PACKAGED,حلويات,حلويات ومعجنات,cake,,KSA,KSA,,HIGH,P1,MISSING,,OFFICIAL_LOCAL,Saudi retailer catalogue (Panda/Othaim/Tamimi/Nana) + barcode,,,,,,,,,,,,,NONE,HIGH,,,,,,,,,حلواني إخوان,Halwani Bros,تغطية OpenFoodFacts للسوق السعودي ضحلة (١٦٤٩٢ منتجًا إجماليًا، وعمق كل علامة عشرات مقابل مئات فعلية) — تُستخدم للتقاطع بالباركود لا كمصدر أول. المصدر المفضّل: كتالوج المصنّع أو كتالوج التجزئة السعودي.
QGAP-01062,NEEDS_SOURCE,لم يُعثر على مصدر آلي — يحتاج جلبًا من المصنّع أو كتالوج التجزئة,حلواني إخوان طحينة,Halwani Bros tahini,حلواني إخوان,Halwani Bros,Halwani Bros,PACKAGED,حلويات,حلويات ومعجنات,tahini,,KSA,KSA,,HIGH,P1,MISSING,,OFFICIAL_LOCAL,Saudi retailer catalogue (Panda/Othaim/Tamimi/Nana) + barcode,,,,,,,,,,,,,NONE,HIGH,,,,,,,,,حلواني إخوان,Halwani Bros,تغطية OpenFoodFacts للسوق السعودي ضحلة (١٦٤٩٢ منتجًا إجماليًا، وعمق كل علامة عشرات مقابل مئات فعلية) — تُستخدم للتقاطع بالباركود لا كمصدر أول. المصدر المفضّل: كتالوج المصنّع أو كتالوج التجزئة السعودي.
QGAP-01063,NEEDS_SOURCE,لم يُعثر على مصدر آلي — يحتاج جلبًا من المصنّع أو كتالوج التجزئة,حلواني إخوان بسبوسة,Halwani Bros basbousa,حلواني إخوان,Halwani Bros,Halwani Bros,PACKAGED,حلويات,حلويات ومعجنات,basbousa,,KSA,KSA,,HIGH,P1,MISSING,,OFFICIAL_LOCAL,Saudi retailer catalogue (Panda/Othaim/Tamimi/Nana) + barcode,,,,,,,,,,,,,NONE,HIGH,,,,,,,,,حلواني إخوان,Halwani Bros,تغطية OpenFoodFacts للسوق السعودي ضحلة (١٦٤٩٢ منتجًا إجماليًا، وعمق كل علامة عشرات مقابل مئات فعلية) — تُستخدم للتقاطع بالباركود لا كمصدر أول. المصدر المفضّل: كتالوج المصنّع أو كتالوج التجزئة السعودي.
QGAP-01065,NEEDS_SOURCE,لم يُعثر على مصدر آلي — يحتاج جلبًا من المصنّع أو كتالوج التجزئة,حلواني إخوان لحم مفروم مجمد,Halwani Bros frozen minced meat,حلواني إخوان,Halwani Bros,Halwani Bros,PACKAGED,حلويات,حلويات ومعجنات,frozen minced meat,,KSA,KSA,,HIGH,P1,MISSING,,OFFICIAL_LOCAL,Saudi retailer catalogue (Panda/Othaim/Tamimi/Nana) + barcode,,,,,,,,,,,,,NONE,HIGH,,,,,,,,,حلواني إخوان,Halwani Bros,تغطية OpenFoodFacts للسوق السعودي ضحلة (١٦٤٩٢ منتجًا إجماليًا، وعمق كل علامة عشرات مقابل مئات فعلية) — تُستخدم للتقاطع بالباركود لا كمصدر أول. المصدر المفضّل: كتالوج المصنّع أو كتالوج التجزئة السعودي.
QGAP-01066,NEEDS_SOURCE,لم يُعثر على مصدر آلي — يحتاج جلبًا من المصنّع أو كتالوج التجزئة,ديمة بسكويت شاي,Deemah tea biscuit,ديمة,Deemah,Deemah,PACKAGED,حلويات,بسكويت,tea biscuit,,KSA,KSA,,HIGH,P1,MISSING,,OFFICIAL_LOCAL,Saudi retailer catalogue (Panda/Othaim/Tamimi/Nana) + barcode,,,,,,,,,,,,,NONE,HIGH,,,,,,,,,ديمة,Deemah,تغطية OpenFoodFacts للسوق السعودي ضحلة (١٦٤٩٢ منتجًا إجماليًا، وعمق كل علامة عشرات مقابل مئات فعلية) — تُستخدم للتقاطع بالباركود لا كمصدر أول. المصدر المفضّل: كتالوج المصنّع أو كتالوج التجزئة السعودي.
QGAP-01067,NEEDS_SOURCE,لم يُعثر على مصدر آلي — يحتاج جلبًا من المصنّع أو كتالوج التجزئة,ديمة بسكويت بالشوكولاتة,Deemah chocolate biscuit,ديمة,Deemah,Deemah,PACKAGED,حلويات,بسكويت,chocolate biscuit,,KSA,KSA,,HIGH,P1,MISSING,,OFFICIAL_LOCAL,Saudi retailer catalogue (Panda/Othaim/Tamimi/Nana) + barcode,,,,,,,,,,,,,NONE,HIGH,,,,,,,,,ديمة,Deemah,تغطية OpenFoodFacts للسوق السعودي ضحلة (١٦٤٩٢ منتجًا إجماليًا، وعمق كل علامة عشرات مقابل مئات فعلية) — تُستخدم للتقاطع بالباركود لا كمصدر أول. المصدر المفضّل: كتالوج المصنّع أو كتالوج التجزئة السعودي.
QGAP-01068,NEEDS_SOURCE,لم يُعثر على مصدر آلي — يحتاج جلبًا من المصنّع أو كتالوج التجزئة,ديمة ويفر,Deemah wafer,ديمة,Deemah,Deemah,PACKAGED,حلويات,بسكويت,wafer,,KSA,KSA,,HIGH,P1,MISSING,,OFFICIAL_LOCAL,Saudi retailer catalogue (Panda/Othaim/Tamimi/Nana) + barcode,,,,,,,,,,,,,NONE,HIGH,,,,,,,,,ديمة,Deemah,تغطية OpenFoodFacts للسوق السعودي ضحلة (١٦٤٩٢ منتجًا إجماليًا، وعمق كل علامة عشرات مقابل مئات فعلية) — تُستخدم للتقاطع بالباركود لا كمصدر أول. المصدر المفضّل: كتالوج المصنّع أو كتالوج التجزئة السعودي.
QGAP-01069,NEEDS_SOURCE,لم يُعثر على مصدر آلي — يحتاج جلبًا من المصنّع أو كتالوج التجزئة,ديمة بسكويت محشي بالكريمة,Deemah cream-filled biscuit,ديمة,Deemah,Deemah,PACKAGED,حلويات,بسكويت,cream-filled biscuit,,KSA,KSA,,HIGH,P1,MISSING,,OFFICIAL_LOCAL,Saudi retailer catalogue (Panda/Othaim/Tamimi/Nana) + barcode,,,,,,,,,,,,,NONE,HIGH,,,,,,,,,ديمة,Deemah,تغطية OpenFoodFacts للسوق السعودي ضحلة (١٦٤٩٢ منتجًا إجماليًا، وعمق كل علامة عشرات مقابل مئات فعلية) — تُستخدم للتقاطع بالباركود لا كمصدر أول. المصدر المفضّل: كتالوج المصنّع أو كتالوج التجزئة السعودي.
QGAP-01070,NEEDS_SOURCE,لم يُعثر على مصدر آلي — يحتاج جلبًا من المصنّع أو كتالوج التجزئة,ديمة كوكيز,Deemah cookies,ديمة,Deemah,Deemah,PACKAGED,حلويات,بسكويت,cookies,,KSA,KSA,,HIGH,P1,MISSING,,OFFICIAL_LOCAL,Saudi retailer catalogue (Panda/Othaim/Tamimi/Nana) + barcode,,,,,,,,,,,,,NONE,HIGH,,,,,,,,,ديمة,Deemah,تغطية OpenFoodFacts للسوق السعودي ضحلة (١٦٤٩٢ منتجًا إجماليًا، وعمق كل علامة عشرات مقابل مئات فعلية) — تُستخدم للتقاطع بالباركود لا كمصدر أول. المصدر المفضّل: كتالوج المصنّع أو كتالوج التجزئة السعودي.
QGAP-01071,NEEDS_SOURCE,لم يُعثر على مصدر آلي — يحتاج جلبًا من المصنّع أو كتالوج التجزئة,ديمة بسكويت مالح,Deemah crackers,ديمة,Deemah,Deemah,PACKAGED,حلويات,بسكويت,crackers,,KSA,KSA,,HIGH,P1,MISSING,,OFFICIAL_LOCAL,Saudi retailer catalogue (Panda/Othaim/Tamimi/Nana) + barcode,,,,,,,,,,,,,NONE,HIGH,,,,,,,,,ديمة,Deemah,تغطية OpenFoodFacts للسوق السعودي ضحلة (١٦٤٩٢ منتجًا إجماليًا، وعمق كل علامة عشرات مقابل مئات فعلية) — تُستخدم للتقاطع بالباركود لا كمصدر أول. المصدر المفضّل: كتالوج المصنّع أو كتالوج التجزئة السعودي.
QGAP-01072,NEEDS_SOURCE,لم يُعثر على مصدر آلي — يحتاج جلبًا من المصنّع أو كتالوج التجزئة,تيفاني ويفر,Tiffany wafer,تيفاني,Tiffany,Tiffany,PACKAGED,حلويات,بسكويت وويفر,wafer,,KSA,KSA,,MEDIUM,P2,MISSING,,OFFICIAL_LOCAL,Saudi retailer catalogue (Panda/Othaim/Tamimi/Nana) + barcode,,,,,,,,,,,,,NONE,HIGH,,,,,,,,,تيفاني,Tiffany,تغطية OpenFoodFacts للسوق السعودي ضحلة (١٦٤٩٢ منتجًا إجماليًا، وعمق كل علامة عشرات مقابل مئات فعلية) — تُستخدم للتقاطع بالباركود لا كمصدر أول. المصدر المفضّل: كتالوج المصنّع أو كتالوج التجزئة السعودي.
QGAP-01074,NEEDS_SOURCE,لم يُعثر على مصدر آلي — يحتاج جلبًا من المصنّع أو كتالوج التجزئة,تيفاني كوكيز,Tiffany cookies,تيفاني,Tiffany,Tiffany,PACKAGED,حلويات,بسكويت وويفر,cookies,,KSA,KSA,,MEDIUM,P2,MISSING,,OFFICIAL_LOCAL,Saudi retailer catalogue (Panda/Othaim/Tamimi/Nana) + barcode,,,,,,,,,,,,,NONE,HIGH,,,,,,,,,تيفاني,Tiffany,تغطية OpenFoodFacts للسوق السعودي ضحلة (١٦٤٩٢ منتجًا إجماليًا، وعمق كل علامة عشرات مقابل مئات فعلية) — تُستخدم للتقاطع بالباركود لا كمصدر أول. المصدر المفضّل: كتالوج المصنّع أو كتالوج التجزئة السعودي.
QGAP-01075,NEEDS_SOURCE,لم يُعثر على مصدر آلي — يحتاج جلبًا من المصنّع أو كتالوج التجزئة,تيفاني رقائق,Tiffany crisps,تيفاني,Tiffany,Tiffany,PACKAGED,حلويات,بسكويت وويفر,crisps,,KSA,KSA,,MEDIUM,P2,MISSING,,OFFICIAL_LOCAL,Saudi retailer catalogue (Panda/Othaim/Tamimi/Nana) + barcode,,,,,,,,,,,,,NONE,HIGH,,,,,,,,,تيفاني,Tiffany,تغطية OpenFoodFacts للسوق السعودي ضحلة (١٦٤٩٢ منتجًا إجماليًا، وعمق كل علامة عشرات مقابل مئات فعلية) — تُستخدم للتقاطع بالباركود لا كمصدر أول. المصدر المفضّل: كتالوج المصنّع أو كتالوج التجزئة السعودي.
QGAP-01080,NEEDS_SOURCE,لم يُعثر على مصدر آلي — يحتاج جلبًا من المصنّع أو كتالوج التجزئة,أوريو ويفر,Oreo wafer,أوريو,Oreo,Oreo,PACKAGED,حلويات,بسكويت,wafer,,KSA,UNSPECIFIED,,HIGH,P1,MISSING,,OFFICIAL_MANUFACTURER,Oreo official product page,,,,,,,,,,,,,NONE,HIGH,,,,,,,,,أوريو,Oreo,تغطية OpenFoodFacts للسوق السعودي ضحلة (١٦٤٩٢ منتجًا إجماليًا، وعمق كل علامة عشرات مقابل مئات فعلية) — تُستخدم للتقاطع بالباركود لا كمصدر أول. المصدر المفضّل: كتالوج المصنّع أو كتالوج التجزئة السعودي.
QGAP-01082,NEEDS_SOURCE,لم يُعثر على مصدر آلي — يحتاج جلبًا من المصنّع أو كتالوج التجزئة,ماكفيتيز دايجستيف بالشوكولاتة,McVitie's chocolate digestive,ماكفيتيز,McVitie's,McVitie's,PACKAGED,حلويات,بسكويت,chocolate digestive,,KSA,UNSPECIFIED,,MEDIUM,P2,MISSING,,OFFICIAL_MANUFACTURER,McVitie's official product page,,,,,,,,,,,,,NONE,HIGH,,,,,,,,,ماكفيتيز,McVitie's,تغطية OpenFoodFacts للسوق السعودي ضحلة (١٦٤٩٢ منتجًا إجماليًا، وعمق كل علامة عشرات مقابل مئات فعلية) — تُستخدم للتقاطع بالباركود لا كمصدر أول. المصدر المفضّل: كتالوج المصنّع أو كتالوج التجزئة السعودي.
QGAP-01084,NEEDS_SOURCE,لم يُعثر على مصدر آلي — يحتاج جلبًا من المصنّع أو كتالوج التجزئة,أولكر ألبيني,Ülker Albeni,أولكر,Ülker,Ülker,PACKAGED,حلويات,بسكويت وشوكولاتة,Albeni,,KSA,UNSPECIFIED,,MEDIUM,P2,MISSING,,OFFICIAL_MANUFACTURER,Ülker official product page,,,,,,,,,,,,,NONE,HIGH,,,,,,,,,أولكر,Ülker,تغطية OpenFoodFacts للسوق السعودي ضحلة (١٦٤٩٢ منتجًا إجماليًا، وعمق كل علامة عشرات مقابل مئات فعلية) — تُستخدم للتقاطع بالباركود لا كمصدر أول. المصدر المفضّل: كتالوج المصنّع أو كتالوج التجزئة السعودي.
QGAP-01085,NEEDS_SOURCE,لم يُعثر على مصدر آلي — يحتاج جلبًا من المصنّع أو كتالوج التجزئة,أولكر شوكوكريم,Ülker Cokokrem,أولكر,Ülker,Ülker,PACKAGED,حلويات,بسكويت وشوكولاتة,Cokokrem,,KSA,UNSPECIFIED,,MEDIUM,P2,MISSING,,OFFICIAL_MANUFACTURER,Ülker official product page,,,,,,,,,,,,,NONE,HIGH,,,,,,,,,أولكر,Ülker,تغطية OpenFoodFacts للسوق السعودي ضحلة (١٦٤٩٢ منتجًا إجماليًا، وعمق كل علامة عشرات مقابل مئات فعلية) — تُستخدم للتقاطع بالباركود لا كمصدر أول. المصدر المفضّل: كتالوج المصنّع أو كتالوج التجزئة السعودي.
QGAP-01086,NEEDS_SOURCE,لم يُعثر على مصدر آلي — يحتاج جلبًا من المصنّع أو كتالوج التجزئة,أولكر ويفر,Ülker wafer,أولكر,Ülker,Ülker,PACKAGED,حلويات,بسكويت وشوكولاتة,wafer,,KSA,UNSPECIFIED,,MEDIUM,P2,MISSING,,OFFICIAL_MANUFACTURER,Ülker official product page,,,,,,,,,,,,,NONE,HIGH,,,,,,,,,أولكر,Ülker,تغطية OpenFoodFacts للسوق السعودي ضحلة (١٦٤٩٢ منتجًا إجماليًا، وعمق كل علامة عشرات مقابل مئات فعلية) — تُستخدم للتقاطع بالباركود لا كمصدر أول. المصدر المفضّل: كتالوج المصنّع أو كتالوج التجزئة السعودي.
QGAP-01087,NEEDS_SOURCE,لم يُعثر على مصدر آلي — يحتاج جلبًا من المصنّع أو كتالوج التجزئة,أولكر بسكويت,Ülker biscuit,أولكر,Ülker,Ülker,PACKAGED,حلويات,بسكويت وشوكولاتة,biscuit,,KSA,UNSPECIFIED,,MEDIUM,P2,MISSING,,OFFICIAL_MANUFACTURER,Ülker official product page,,,,,,,,,,,,,NONE,HIGH,,,,,,,,,أولكر,Ülker,تغطية OpenFoodFacts للسوق السعودي ضحلة (١٦٤٩٢ منتجًا إجماليًا، وعمق كل علامة عشرات مقابل مئات فعلية) — تُستخدم للتقاطع بالباركود لا كمصدر أول. المصدر المفضّل: كتالوج المصنّع أو كتالوج التجزئة السعودي.
QGAP-01088,NEEDS_SOURCE,لم يُعثر على مصدر آلي — يحتاج جلبًا من المصنّع أو كتالوج التجزئة,لواكر ويفر بندق,Loacker hazelnut wafer,لواكر,Loacker,Loacker,PACKAGED,حلويات,ويفر,hazelnut wafer,,KSA,UNSPECIFIED,,MEDIUM,P2,MISSING,,OFFICIAL_MANUFACTURER,Loacker official product page,,,,,,,,,,,,,NONE,HIGH,,,,,,,,,لواكر,Loacker,تغطية OpenFoodFacts للسوق السعودي ضحلة (١٦٤٩٢ منتجًا إجماليًا، وعمق كل علامة عشرات مقابل مئات فعلية) — تُستخدم للتقاطع بالباركود لا كمصدر أول. المصدر المفضّل: كتالوج المصنّع أو كتالوج التجزئة السعودي.
QGAP-01089,NEEDS_SOURCE,لم يُعثر على مصدر آلي — يحتاج جلبًا من المصنّع أو كتالوج التجزئة,لواكر ويفر فانيلا,Loacker vanilla wafer,لواكر,Loacker,Loacker,PACKAGED,حلويات,ويفر,vanilla wafer,,KSA,UNSPECIFIED,,MEDIUM,P2,MISSING,,OFFICIAL_MANUFACTURER,Loacker official product page,,,,,,,,,,,,,NONE,HIGH,,,,,,,,,لواكر,Loacker,تغطية OpenFoodFacts للسوق السعودي ضحلة (١٦٤٩٢ منتجًا إجماليًا، وعمق كل علامة عشرات مقابل مئات فعلية) — تُستخدم للتقاطع بالباركود لا كمصدر أول. المصدر المفضّل: كتالوج المصنّع أو كتالوج التجزئة السعودي.
QGAP-01091,NEEDS_SOURCE,لم يُعثر على مصدر آلي — يحتاج جلبًا من المصنّع أو كتالوج التجزئة,ليز ملح,Lay's salted,ليز,Lay's,Lay's,PACKAGED,حلويات,شيبس,salted,,KSA,KSA,,VERY_HIGH,P0,MISSING,,OFFICIAL_LOCAL,Saudi retailer catalogue (Panda/Othaim/Tamimi/Nana) + barcode,,,,,,,,,,,,,NONE,HIGH,,,,,,,,,ليز,Lay's,تغطية OpenFoodFacts للسوق السعودي ضحلة (١٦٤٩٢ منتجًا إجماليًا، وعمق كل علامة عشرات مقابل مئات فعلية) — تُستخدم للتقاطع بالباركود لا كمصدر أول. المصدر المفضّل: كتالوج المصنّع أو كتالوج التجزئة السعودي.
QGAP-01092,NEEDS_SOURCE,لم يُعثر على مصدر آلي — يحتاج جلبًا من المصنّع أو كتالوج التجزئة,ليز كاتشب,Lay's ketchup,ليز,Lay's,Lay's,PACKAGED,حلويات,شيبس,ketchup,,KSA,KSA,,VERY_HIGH,P0,MISSING,,OFFICIAL_LOCAL,Saudi retailer catalogue (Panda/Othaim/Tamimi/Nana) + barcode,,,,,,,,,,,,,NONE,HIGH,,,,,,,,,ليز,Lay's,تغطية OpenFoodFacts للسوق السعودي ضحلة (١٦٤٩٢ منتجًا إجماليًا، وعمق كل علامة عشرات مقابل مئات فعلية) — تُستخدم للتقاطع بالباركود لا كمصدر أول. المصدر المفضّل: كتالوج المصنّع أو كتالوج التجزئة السعودي.
QGAP-01093,NEEDS_SOURCE,لم يُعثر على مصدر آلي — يحتاج جلبًا من المصنّع أو كتالوج التجزئة,ليز تشيلي,Lay's chili,ليز,Lay's,Lay's,PACKAGED,حلويات,شيبس,chili,,KSA,KSA,,VERY_HIGH,P0,MISSING,,OFFICIAL_LOCAL,Saudi retailer catalogue (Panda/Othaim/Tamimi/Nana) + barcode,,,,,,,,,,,,,NONE,HIGH,,,,,,,,,ليز,Lay's,تغطية OpenFoodFacts للسوق السعودي ضحلة (١٦٤٩٢ منتجًا إجماليًا، وعمق كل علامة عشرات مقابل مئات فعلية) — تُستخدم للتقاطع بالباركود لا كمصدر أول. المصدر المفضّل: كتالوج المصنّع أو كتالوج التجزئة السعودي.
QGAP-01095,NEEDS_SOURCE,لم يُعثر على مصدر آلي — يحتاج جلبًا من المصنّع أو كتالوج التجزئة,ليز باربكيو,Lay's BBQ,ليز,Lay's,Lay's,PACKAGED,حلويات,شيبس,BBQ,,KSA,KSA,,VERY_HIGH,P0,MISSING,,OFFICIAL_LOCAL,Saudi retailer catalogue (Panda/Othaim/Tamimi/Nana) + barcode,,,,,,,,,,,,,NONE,HIGH,,,,,,,,,ليز,Lay's,تغطية OpenFoodFacts للسوق السعودي ضحلة (١٦٤٩٢ منتجًا إجماليًا، وعمق كل علامة عشرات مقابل مئات فعلية) — تُستخدم للتقاطع بالباركود لا كمصدر أول. المصدر المفضّل: كتالوج المصنّع أو كتالوج التجزئة السعودي.
QGAP-01096,NEEDS_SOURCE,لم يُعثر على مصدر آلي — يحتاج جلبًا من المصنّع أو كتالوج التجزئة,ليز فرنش تشيز,Lay's French cheese,ليز,Lay's,Lay's,PACKAGED,حلويات,شيبس,French cheese,,KSA,KSA,,VERY_HIGH,P0,MISSING,,OFFICIAL_LOCAL,Saudi retailer catalogue (Panda/Othaim/Tamimi/Nana) + barcode,,,,,,,,,,,,,NONE,HIGH,,,,,,,,,ليز,Lay's,تغطية OpenFoodFacts للسوق السعودي ضحلة (١٦٤٩٢ منتجًا إجماليًا، وعمق كل علامة عشرات مقابل مئات فعلية) — تُستخدم للتقاطع بالباركود لا كمصدر أول. المصدر المفضّل: كتالوج المصنّع أو كتالوج التجزئة السعودي.
QGAP-01098,NEEDS_SOURCE,لم يُعثر على مصدر آلي — يحتاج جلبًا من المصنّع أو كتالوج التجزئة,ليز ماكس,Lay's Max ridged,ليز,Lay's,Lay's,PACKAGED,حلويات,شيبس,Max ridged,,KSA,KSA,,VERY_HIGH,P0,MISSING,,OFFICIAL_LOCAL,Saudi retailer catalogue (Panda/Othaim/Tamimi/Nana) + barcode,,,,,,,,,,,,,NONE,HIGH,,,,,,,,,ليز,Lay's,تغطية OpenFoodFacts للسوق السعودي ضحلة (١٦٤٩٢ منتجًا إجماليًا، وعمق كل علامة عشرات مقابل مئات فعلية) — تُستخدم للتقاطع بالباركود لا كمصدر أول. المصدر المفضّل: كتالوج المصنّع أو كتالوج التجزئة السعودي.
QGAP-01099,NEEDS_SOURCE,لم يُعثر على مصدر آلي — يحتاج جلبًا من المصنّع أو كتالوج التجزئة,تسالي ملح,Tasali salted,تسالي,Tasali,Tasali,PACKAGED,حلويات,شيبس,salted,,KSA,KSA,,VERY_HIGH,P1,MISSING,,OFFICIAL_LOCAL,Saudi retailer catalogue (Panda/Othaim/Tamimi/Nana) + barcode,,,,,,,,,,,,,NONE,HIGH,,,,,,,,,تسالي,Tasali,تغطية OpenFoodFacts للسوق السعودي ضحلة (١٦٤٩٢ منتجًا إجماليًا، وعمق كل علامة عشرات مقابل مئات فعلية) — تُستخدم للتقاطع بالباركود لا كمصدر أول. المصدر المفضّل: كتالوج المصنّع أو كتالوج التجزئة السعودي.
QGAP-01100,NEEDS_SOURCE,لم يُعثر على مصدر آلي — يحتاج جلبًا من المصنّع أو كتالوج التجزئة,تسالي شطة,Tasali chili,تسالي,Tasali,Tasali,PACKAGED,حلويات,شيبس,chili,,KSA,KSA,,VERY_HIGH,P1,MISSING,,OFFICIAL_LOCAL,Saudi retailer catalogue (Panda/Othaim/Tamimi/Nana) + barcode,,,,,,,,,,,,,NONE,HIGH,,,,,,,,,تسالي,Tasali,تغطية OpenFoodFacts للسوق السعودي ضحلة (١٦٤٩٢ منتجًا إجماليًا، وعمق كل علامة عشرات مقابل مئات فعلية) — تُستخدم للتقاطع بالباركود لا كمصدر أول. المصدر المفضّل: كتالوج المصنّع أو كتالوج التجزئة السعودي.
QGAP-01101,NEEDS_SOURCE,لم يُعثر على مصدر آلي — يحتاج جلبًا من المصنّع أو كتالوج التجزئة,تسالي جبن,Tasali cheese,تسالي,Tasali,Tasali,PACKAGED,حلويات,شيبس,cheese,,KSA,KSA,,VERY_HIGH,P1,MISSING,,OFFICIAL_LOCAL,Saudi retailer catalogue (Panda/Othaim/Tamimi/Nana) + barcode,,,,,,,,,,,,,NONE,HIGH,,,,,,,,,تسالي,Tasali,تغطية OpenFoodFacts للسوق السعودي ضحلة (١٦٤٩٢ منتجًا إجماليًا، وعمق كل علامة عشرات مقابل مئات فعلية) — تُستخدم للتقاطع بالباركود لا كمصدر أول. المصدر المفضّل: كتالوج المصنّع أو كتالوج التجزئة السعودي.
QGAP-01103,NEEDS_SOURCE,لم يُعثر على مصدر آلي — يحتاج جلبًا من المصنّع أو كتالوج التجزئة,تسالي بهارات,Tasali spiced,تسالي,Tasali,Tasali,PACKAGED,حلويات,شيبس,spiced,,KSA,KSA,,VERY_HIGH,P1,MISSING,,OFFICIAL_LOCAL,Saudi retailer catalogue (Panda/Othaim/Tamimi/Nana) + barcode,,,,,,,,,,,,,NONE,HIGH,,,,,,,,,تسالي,Tasali,تغطية OpenFoodFacts للسوق السعودي ضحلة (١٦٤٩٢ منتجًا إجماليًا، وعمق كل علامة عشرات مقابل مئات فعلية) — تُستخدم للتقاطع بالباركود لا كمصدر أول. المصدر المفضّل: كتالوج المصنّع أو كتالوج التجزئة السعودي.
QGAP-01110,NEEDS_SOURCE,لم يُعثر على مصدر آلي — يحتاج جلبًا من المصنّع أو كتالوج التجزئة,دوريتوس حار,Doritos spicy,دوريتوس,Doritos,Doritos,PACKAGED,حلويات,شيبس,spicy,,KSA,KSA,,HIGH,P1,MISSING,,OFFICIAL_LOCAL,Saudi retailer catalogue (Panda/Othaim/Tamimi/Nana) + barcode,,,,,,,,,,,,,NONE,HIGH,,,,,,,,,دوريتوس,Doritos,تغطية OpenFoodFacts للسوق السعودي ضحلة (١٦٤٩٢ منتجًا إجماليًا، وعمق كل علامة عشرات مقابل مئات فعلية) — تُستخدم للتقاطع بالباركود لا كمصدر أول. المصدر المفضّل: كتالوج المصنّع أو كتالوج التجزئة السعودي.
QGAP-01112,NEEDS_SOURCE,لم يُعثر على مصدر آلي — يحتاج جلبًا من المصنّع أو كتالوج التجزئة,برينجلز جبن,Pringles cheese,برينجلز,Pringles,Pringles,PACKAGED,حلويات,شيبس,cheese,,KSA,UNSPECIFIED,,HIGH,P1,MISSING,,OFFICIAL_MANUFACTURER,Pringles official product page,,,,,,,,,,,,,NONE,HIGH,,,,,,,,,برينجلز,Pringles,تغطية OpenFoodFacts للسوق السعودي ضحلة (١٦٤٩٢ منتجًا إجماليًا، وعمق كل علامة عشرات مقابل مئات فعلية) — تُستخدم للتقاطع بالباركود لا كمصدر أول. المصدر المفضّل: كتالوج المصنّع أو كتالوج التجزئة السعودي.
QGAP-01116,NEEDS_SOURCE,لم يُعثر على مصدر آلي — يحتاج جلبًا من المصنّع أو كتالوج التجزئة,البطل شيبس,Al Batal chips,البطل,Al Batal,Al Batal,PACKAGED,حلويات,سناكس,chips,,KSA,KSA,,HIGH,P2,MISSING,,OFFICIAL_LOCAL,Saudi retailer catalogue (Panda/Othaim/Tamimi/Nana) + barcode,,,,,,,,,,,,,NONE,HIGH,,,,,,,,,البطل,Al Batal,تغطية OpenFoodFacts للسوق السعودي ضحلة (١٦٤٩٢ منتجًا إجماليًا، وعمق كل علامة عشرات مقابل مئات فعلية) — تُستخدم للتقاطع بالباركود لا كمصدر أول. المصدر المفضّل: كتالوج المصنّع أو كتالوج التجزئة السعودي.
QGAP-01117,NEEDS_SOURCE,لم يُعثر على مصدر آلي — يحتاج جلبًا من المصنّع أو كتالوج التجزئة,البطل ذرة,Al Batal corn snack,البطل,Al Batal,Al Batal,PACKAGED,حلويات,سناكس,corn snack,,KSA,KSA,,HIGH,P2,MISSING,,OFFICIAL_LOCAL,Saudi retailer catalogue (Panda/Othaim/Tamimi/Nana) + barcode,,,,,,,,,,,,,NONE,HIGH,,,,,,,,,البطل,Al Batal,تغطية OpenFoodFacts للسوق السعودي ضحلة (١٦٤٩٢ منتجًا إجماليًا، وعمق كل علامة عشرات مقابل مئات فعلية) — تُستخدم للتقاطع بالباركود لا كمصدر أول. المصدر المفضّل: كتالوج المصنّع أو كتالوج التجزئة السعودي.
QGAP-01118,NEEDS_SOURCE,لم يُعثر على مصدر آلي — يحتاج جلبًا من المصنّع أو كتالوج التجزئة,البطل مقرمشات,Al Batal crisps,البطل,Al Batal,Al Batal,PACKAGED,حلويات,سناكس,crisps,,KSA,KSA,,HIGH,P2,MISSING,,OFFICIAL_LOCAL,Saudi retailer catalogue (Panda/Othaim/Tamimi/Nana) + barcode,,,,,,,,,,,,,NONE,HIGH,,,,,,,,,البطل,Al Batal,تغطية OpenFoodFacts للسوق السعودي ضحلة (١٦٤٩٢ منتجًا إجماليًا، وعمق كل علامة عشرات مقابل مئات فعلية) — تُستخدم للتقاطع بالباركود لا كمصدر أول. المصدر المفضّل: كتالوج المصنّع أو كتالوج التجزئة السعودي.
QGAP-01119,NEEDS_SOURCE,لم يُعثر على مصدر آلي — يحتاج جلبًا من المصنّع أو كتالوج التجزئة,كيتكو شيبس,Kitco chips,كيتكو,Kitco,Kitco,PACKAGED,حلويات,سناكس,chips,,KSA,KSA,,MEDIUM,P2,MISSING,,OFFICIAL_LOCAL,Saudi retailer catalogue (Panda/Othaim/Tamimi/Nana) + barcode,,,,,,,,,,,,,NONE,HIGH,,,,,,,,,كيتكو,Kitco,تغطية OpenFoodFacts للسوق السعودي ضحلة (١٦٤٩٢ منتجًا إجماليًا، وعمق كل علامة عشرات مقابل مئات فعلية) — تُستخدم للتقاطع بالباركود لا كمصدر أول. المصدر المفضّل: كتالوج المصنّع أو كتالوج التجزئة السعودي.
QGAP-01120,NEEDS_SOURCE,لم يُعثر على مصدر آلي — يحتاج جلبًا من المصنّع أو كتالوج التجزئة,كيتكو نتز مكسرات,Kitco nuts,كيتكو,Kitco,Kitco,PACKAGED,حلويات,سناكس,nuts,,KSA,KSA,,MEDIUM,P2,MISSING,,OFFICIAL_LOCAL,Saudi retailer catalogue (Panda/Othaim/Tamimi/Nana) + barcode,,,,,,,,,,,,,NONE,HIGH,,,,,,,,,كيتكو,Kitco,تغطية OpenFoodFacts للسوق السعودي ضحلة (١٦٤٩٢ منتجًا إجماليًا، وعمق كل علامة عشرات مقابل مئات فعلية) — تُستخدم للتقاطع بالباركود لا كمصدر أول. المصدر المفضّل: كتالوج المصنّع أو كتالوج التجزئة السعودي.
QGAP-01121,NEEDS_SOURCE,لم يُعثر على مصدر آلي — يحتاج جلبًا من المصنّع أو كتالوج التجزئة,كيتكو بوب كورن,Kitco popcorn,كيتكو,Kitco,Kitco,PACKAGED,حلويات,سناكس,popcorn,,KSA,KSA,,MEDIUM,P2,MISSING,,OFFICIAL_LOCAL,Saudi retailer catalogue (Panda/Othaim/Tamimi/Nana) + barcode,,,,,,,,,,,,,NONE,HIGH,,,,,,,,,كيتكو,Kitco,تغطية OpenFoodFacts للسوق السعودي ضحلة (١٦٤٩٢ منتجًا إجماليًا، وعمق كل علامة عشرات مقابل مئات فعلية) — تُستخدم للتقاطع بالباركود لا كمصدر أول. المصدر المفضّل: كتالوج المصنّع أو كتالوج التجزئة السعودي.
QGAP-01122,NEEDS_SOURCE,لم يُعثر على مصدر آلي — يحتاج جلبًا من المصنّع أو كتالوج التجزئة,مستر شيبس ملح,Mr Chips salted,مستر شيبس,Mr Chips,Mr Chips,PACKAGED,حلويات,شيبس,salted,,KSA,KSA,,MEDIUM,P2,MISSING,,OFFICIAL_LOCAL,Saudi retailer catalogue (Panda/Othaim/Tamimi/Nana) + barcode,,,,,,,,,,,,,NONE,HIGH,,,,,,,,,مستر شيبس,Mr Chips,تغطية OpenFoodFacts للسوق السعودي ضحلة (١٦٤٩٢ منتجًا إجماليًا، وعمق كل علامة عشرات مقابل مئات فعلية) — تُستخدم للتقاطع بالباركود لا كمصدر أول. المصدر المفضّل: كتالوج المصنّع أو كتالوج التجزئة السعودي.
QGAP-01123,NEEDS_SOURCE,لم يُعثر على مصدر آلي — يحتاج جلبًا من المصنّع أو كتالوج التجزئة,مستر شيبس جبن,Mr Chips cheese,مستر شيبس,Mr Chips,Mr Chips,PACKAGED,حلويات,شيبس,cheese,,KSA,KSA,,MEDIUM,P2,MISSING,,OFFICIAL_LOCAL,Saudi retailer catalogue (Panda/Othaim/Tamimi/Nana) + barcode,,,,,,,,,,,,,NONE,HIGH,,,,,,,,,مستر شيبس,Mr Chips,تغطية OpenFoodFacts للسوق السعودي ضحلة (١٦٤٩٢ منتجًا إجماليًا، وعمق كل علامة عشرات مقابل مئات فعلية) — تُستخدم للتقاطع بالباركود لا كمصدر أول. المصدر المفضّل: كتالوج المصنّع أو كتالوج التجزئة السعودي.
QGAP-01124,NEEDS_SOURCE,لم يُعثر على مصدر آلي — يحتاج جلبًا من المصنّع أو كتالوج التجزئة,مستر شيبس حار,Mr Chips spicy,مستر شيبس,Mr Chips,Mr Chips,PACKAGED,حلويات,شيبس,spicy,,KSA,KSA,,MEDIUM,P2,MISSING,,OFFICIAL_LOCAL,Saudi retailer catalogue (Panda/Othaim/Tamimi/Nana) + barcode,,,,,,,,,,,,,NONE,HIGH,,,,,,,,,مستر شيبس,Mr Chips,تغطية OpenFoodFacts للسوق السعودي ضحلة (١٦٤٩٢ منتجًا إجماليًا، وعمق كل علامة عشرات مقابل مئات فعلية) — تُستخدم للتقاطع بالباركود لا كمصدر أول. المصدر المفضّل: كتالوج المصنّع أو كتالوج التجزئة السعودي.
QGAP-01125,NEEDS_SOURCE,لم يُعثر على مصدر آلي — يحتاج جلبًا من المصنّع أو كتالوج التجزئة,جالاكسي حليب,Galaxy milk chocolate,جالاكسي,Galaxy,Galaxy,PACKAGED,حلويات,شوكولاتة,milk chocolate,,KSA,UNSPECIFIED,,VERY_HIGH,P0,MISSING,,OFFICIAL_MANUFACTURER,Galaxy official product page,,,,,,,,,,,,,NONE,HIGH,,,,,,,,,جالاكسي,Galaxy,تغطية OpenFoodFacts للسوق السعودي ضحلة (١٦٤٩٢ منتجًا إجماليًا، وعمق كل علامة عشرات مقابل مئات فعلية) — تُستخدم للتقاطع بالباركود لا كمصدر أول. المصدر المفضّل: كتالوج المصنّع أو كتالوج التجزئة السعودي.
QGAP-01126,NEEDS_SOURCE,لم يُعثر على مصدر آلي — يحتاج جلبًا من المصنّع أو كتالوج التجزئة,جالاكسي بندق,Galaxy hazelnut,جالاكسي,Galaxy,Galaxy,PACKAGED,حلويات,شوكولاتة,hazelnut,,KSA,UNSPECIFIED,,VERY_HIGH,P0,MISSING,,OFFICIAL_MANUFACTURER,Galaxy official product page,,,,,,,,,,,,,NONE,HIGH,,,,,,,,,جالاكسي,Galaxy,تغطية OpenFoodFacts للسوق السعودي ضحلة (١٦٤٩٢ منتجًا إجماليًا، وعمق كل علامة عشرات مقابل مئات فعلية) — تُستخدم للتقاطع بالباركود لا كمصدر أول. المصدر المفضّل: كتالوج المصنّع أو كتالوج التجزئة السعودي.
QGAP-01127,NEEDS_SOURCE,لم يُعثر على مصدر آلي — يحتاج جلبًا من المصنّع أو كتالوج التجزئة,جالاكسي كراميل,Galaxy caramel,جالاكسي,Galaxy,Galaxy,PACKAGED,حلويات,شوكولاتة,caramel,,KSA,UNSPECIFIED,,VERY_HIGH,P0,MISSING,,OFFICIAL_MANUFACTURER,Galaxy official product page,,,,,,,,,,,,,NONE,HIGH,,,,,,,,,جالاكسي,Galaxy,تغطية OpenFoodFacts للسوق السعودي ضحلة (١٦٤٩٢ منتجًا إجماليًا، وعمق كل علامة عشرات مقابل مئات فعلية) — تُستخدم للتقاطع بالباركود لا كمصدر أول. المصدر المفضّل: كتالوج المصنّع أو كتالوج التجزئة السعودي.
QGAP-01128,NEEDS_SOURCE,لم يُعثر على مصدر آلي — يحتاج جلبًا من المصنّع أو كتالوج التجزئة,جالاكسي جوزيات,Galaxy nut crunch,جالاكسي,Galaxy,Galaxy,PACKAGED,حلويات,شوكولاتة,nut crunch,,KSA,UNSPECIFIED,,VERY_HIGH,P0,MISSING,,OFFICIAL_MANUFACTURER,Galaxy official product page,,,,,,,,,,,,,NONE,HIGH,,,,,,,,,جالاكسي,Galaxy,تغطية OpenFoodFacts للسوق السعودي ضحلة (١٦٤٩٢ منتجًا إجماليًا، وعمق كل علامة عشرات مقابل مئات فعلية) — تُستخدم للتقاطع بالباركود لا كمصدر أول. المصدر المفضّل: كتالوج المصنّع أو كتالوج التجزئة السعودي.
QGAP-01129,NEEDS_SOURCE,لم يُعثر على مصدر آلي — يحتاج جلبًا من المصنّع أو كتالوج التجزئة,جالاكسي رايز,Galaxy Ripple,جالاكسي,Galaxy,Galaxy,PACKAGED,حلويات,شوكولاتة,Ripple,,KSA,UNSPECIFIED,,VERY_HIGH,P0,MISSING,,OFFICIAL_MANUFACTURER,Galaxy official product page,,,,,,,,,,,,,NONE,HIGH,,,,,,,,,جالاكسي,Galaxy,تغطية OpenFoodFacts للسوق السعودي ضحلة (١٦٤٩٢ منتجًا إجماليًا، وعمق كل علامة عشرات مقابل مئات فعلية) — تُستخدم للتقاطع بالباركود لا كمصدر أول. المصدر المفضّل: كتالوج المصنّع أو كتالوج التجزئة السعودي.
QGAP-01130,NEEDS_SOURCE,لم يُعثر على مصدر آلي — يحتاج جلبًا من المصنّع أو كتالوج التجزئة,جالاكسي ميني,Galaxy minis,جالاكسي,Galaxy,Galaxy,PACKAGED,حلويات,شوكولاتة,minis,,KSA,UNSPECIFIED,,VERY_HIGH,P0,MISSING,,OFFICIAL_MANUFACTURER,Galaxy official product page,,,,,,,,,,,,,NONE,HIGH,,,,,,,,,جالاكسي,Galaxy,تغطية OpenFoodFacts للسوق السعودي ضحلة (١٦٤٩٢ منتجًا إجماليًا، وعمق كل علامة عشرات مقابل مئات فعلية) — تُستخدم للتقاطع بالباركود لا كمصدر أول. المصدر المفضّل: كتالوج المصنّع أو كتالوج التجزئة السعودي.
QGAP-01131,NEEDS_SOURCE,لم يُعثر على مصدر آلي — يحتاج جلبًا من المصنّع أو كتالوج التجزئة,جالاكسي شوكولاتة داكنة,Galaxy dark chocolate,جالاكسي,Galaxy,Galaxy,PACKAGED,حلويات,شوكولاتة,dark chocolate,,KSA,UNSPECIFIED,,VERY_HIGH,P0,MISSING,,OFFICIAL_MANUFACTURER,Galaxy official product page,,,,,,,,,,,,,NONE,HIGH,,,,,,,,,جالاكسي,Galaxy,تغطية OpenFoodFacts للسوق السعودي ضحلة (١٦٤٩٢ منتجًا إجماليًا، وعمق كل علامة عشرات مقابل مئات فعلية) — تُستخدم للتقاطع بالباركود لا كمصدر أول. المصدر المفضّل: كتالوج المصنّع أو كتالوج التجزئة السعودي.
QGAP-01132,NEEDS_SOURCE,لم يُعثر على مصدر آلي — يحتاج جلبًا من المصنّع أو كتالوج التجزئة,جالاكسي بابلز,Galaxy Bubbles,جالاكسي,Galaxy,Galaxy,PACKAGED,حلويات,شوكولاتة,Bubbles,,KSA,UNSPECIFIED,,VERY_HIGH,P0,MISSING,,OFFICIAL_MANUFACTURER,Galaxy official product page,,,,,,,,,,,,,NONE,HIGH,,,,,,,,,جالاكسي,Galaxy,تغطية OpenFoodFacts للسوق السعودي ضحلة (١٦٤٩٢ منتجًا إجماليًا، وعمق كل علامة عشرات مقابل مئات فعلية) — تُستخدم للتقاطع بالباركود لا كمصدر أول. المصدر المفضّل: كتالوج المصنّع أو كتالوج التجزئة السعودي.
QGAP-01133,NEEDS_SOURCE,لم يُعثر على مصدر آلي — يحتاج جلبًا من المصنّع أو كتالوج التجزئة,كت كات أصلي 4 أصابع,KitKat 4 finger,كت كات,KitKat,KitKat,PACKAGED,حلويات,شوكولاتة,4 finger,,KSA,UNSPECIFIED,,VERY_HIGH,P0,MISSING,,OFFICIAL_MANUFACTURER,KitKat official product page,,,,,,,,,,,,,NONE,HIGH,,,,,,,,,كت كات,KitKat,تغطية OpenFoodFacts للسوق السعودي ضحلة (١٦٤٩٢ منتجًا إجماليًا، وعمق كل علامة عشرات مقابل مئات فعلية) — تُستخدم للتقاطع بالباركود لا كمصدر أول. المصدر المفضّل: كتالوج المصنّع أو كتالوج التجزئة السعودي.
QGAP-01134,NEEDS_SOURCE,لم يُعثر على مصدر آلي — يحتاج جلبًا من المصنّع أو كتالوج التجزئة,كت كات إصبعان,KitKat 2 finger,كت كات,KitKat,KitKat,PACKAGED,حلويات,شوكولاتة,2 finger,,KSA,UNSPECIFIED,,VERY_HIGH,P0,MISSING,,OFFICIAL_MANUFACTURER,KitKat official product page,,,,,,,,,,,,,NONE,HIGH,,,,,,,,,كت كات,KitKat,تغطية OpenFoodFacts للسوق السعودي ضحلة (١٦٤٩٢ منتجًا إجماليًا، وعمق كل علامة عشرات مقابل مئات فعلية) — تُستخدم للتقاطع بالباركود لا كمصدر أول. المصدر المفضّل: كتالوج المصنّع أو كتالوج التجزئة السعودي.
QGAP-01136,NEEDS_SOURCE,لم يُعثر على مصدر آلي — يحتاج جلبًا من المصنّع أو كتالوج التجزئة,كت كات وايت,KitKat white,كت كات,KitKat,KitKat,PACKAGED,حلويات,شوكولاتة,white,,KSA,UNSPECIFIED,,VERY_HIGH,P0,MISSING,,OFFICIAL_MANUFACTURER,KitKat official product page,,,,,,,,,,,,,NONE,HIGH,,,,,,,,,كت كات,KitKat,تغطية OpenFoodFacts للسوق السعودي ضحلة (١٦٤٩٢ منتجًا إجماليًا، وعمق كل علامة عشرات مقابل مئات فعلية) — تُستخدم للتقاطع بالباركود لا كمصدر أول. المصدر المفضّل: كتالوج المصنّع أو كتالوج التجزئة السعودي.
QGAP-01137,NEEDS_SOURCE,لم يُعثر على مصدر آلي — يحتاج جلبًا من المصنّع أو كتالوج التجزئة,كت كات داكن,KitKat dark,كت كات,KitKat,KitKat,PACKAGED,حلويات,شوكولاتة,dark,,KSA,UNSPECIFIED,,VERY_HIGH,P0,MISSING,,OFFICIAL_MANUFACTURER,KitKat official product page,,,,,,,,,,,,,NONE,HIGH,,,,,,,,,كت كات,KitKat,تغطية OpenFoodFacts للسوق السعودي ضحلة (١٦٤٩٢ منتجًا إجماليًا، وعمق كل علامة عشرات مقابل مئات فعلية) — تُستخدم للتقاطع بالباركود لا كمصدر أول. المصدر المفضّل: كتالوج المصنّع أو كتالوج التجزئة السعودي.
QGAP-01138,NEEDS_SOURCE,لم يُعثر على مصدر آلي — يحتاج جلبًا من المصنّع أو كتالوج التجزئة,سنيكرز عادي,Snickers original,سنيكرز,Snickers,Snickers,PACKAGED,حلويات,شوكولاتة,original,,KSA,UNSPECIFIED,,VERY_HIGH,P0,MISSING,,OFFICIAL_MANUFACTURER,Snickers official product page,,,,,,,,,,,,,NONE,HIGH,,,,,,,,,سنيكرز,Snickers,تغطية OpenFoodFacts للسوق السعودي ضحلة (١٦٤٩٢ منتجًا إجماليًا، وعمق كل علامة عشرات مقابل مئات فعلية) — تُستخدم للتقاطع بالباركود لا كمصدر أول. المصدر المفضّل: كتالوج المصنّع أو كتالوج التجزئة السعودي.
QGAP-01142,NEEDS_SOURCE,لم يُعثر على مصدر آلي — يحتاج جلبًا من المصنّع أو كتالوج التجزئة,تويكس عادي,Twix original,تويكس,Twix,Twix,PACKAGED,حلويات,شوكولاتة,original,,KSA,UNSPECIFIED,,HIGH,P1,MISSING,,OFFICIAL_MANUFACTURER,Twix official product page,,,,,,,,,,,,,NONE,HIGH,,,,,,,,,تويكس,Twix,تغطية OpenFoodFacts للسوق السعودي ضحلة (١٦٤٩٢ منتجًا إجماليًا، وعمق كل علامة عشرات مقابل مئات فعلية) — تُستخدم للتقاطع بالباركود لا كمصدر أول. المصدر المفضّل: كتالوج المصنّع أو كتالوج التجزئة السعودي.
QGAP-01145,NEEDS_SOURCE,لم يُعثر على مصدر آلي — يحتاج جلبًا من المصنّع أو كتالوج التجزئة,مارس عادي,Mars original,مارس,Mars,Mars,PACKAGED,حلويات,شوكولاتة,original,,KSA,UNSPECIFIED,,HIGH,P1,MISSING,,OFFICIAL_MANUFACTURER,Mars official product page,,,,,,,,,,,,,NONE,HIGH,,,,,,,,,مارس,Mars,تغطية OpenFoodFacts للسوق السعودي ضحلة (١٦٤٩٢ منتجًا إجماليًا، وعمق كل علامة عشرات مقابل مئات فعلية) — تُستخدم للتقاطع بالباركود لا كمصدر أول. المصدر المفضّل: كتالوج المصنّع أو كتالوج التجزئة السعودي.
QGAP-01146,NEEDS_SOURCE,لم يُعثر على مصدر آلي — يحتاج جلبًا من المصنّع أو كتالوج التجزئة,مارس ميني,Mars minis,مارس,Mars,Mars,PACKAGED,حلويات,شوكولاتة,minis,,KSA,UNSPECIFIED,,HIGH,P1,MISSING,,OFFICIAL_MANUFACTURER,Mars official product page,,,,,,,,,,,,,NONE,HIGH,,,,,,,,,مارس,Mars,تغطية OpenFoodFacts للسوق السعودي ضحلة (١٦٤٩٢ منتجًا إجماليًا، وعمق كل علامة عشرات مقابل مئات فعلية) — تُستخدم للتقاطع بالباركود لا كمصدر أول. المصدر المفضّل: كتالوج المصنّع أو كتالوج التجزئة السعودي.
QGAP-01147,NEEDS_SOURCE,لم يُعثر على مصدر آلي — يحتاج جلبًا من المصنّع أو كتالوج التجزئة,باونتي حليب,Bounty milk,باونتي,Bounty,Bounty,PACKAGED,حلويات,شوكولاتة,milk,,KSA,UNSPECIFIED,,HIGH,P1,MISSING,,OFFICIAL_MANUFACTURER,Bounty official product page,,,,,,,,,,,,,NONE,HIGH,,,,,,,,,باونتي,Bounty,تغطية OpenFoodFacts للسوق السعودي ضحلة (١٦٤٩٢ منتجًا إجماليًا، وعمق كل علامة عشرات مقابل مئات فعلية) — تُستخدم للتقاطع بالباركود لا كمصدر أول. المصدر المفضّل: كتالوج المصنّع أو كتالوج التجزئة السعودي.
QGAP-01148,NEEDS_SOURCE,لم يُعثر على مصدر آلي — يحتاج جلبًا من المصنّع أو كتالوج التجزئة,باونتي داكن,Bounty dark,باونتي,Bounty,Bounty,PACKAGED,حلويات,شوكولاتة,dark,,KSA,UNSPECIFIED,,HIGH,P1,MISSING,,OFFICIAL_MANUFACTURER,Bounty official product page,,,,,,,,,,,,,NONE,HIGH,,,,,,,,,باونتي,Bounty,تغطية OpenFoodFacts للسوق السعودي ضحلة (١٦٤٩٢ منتجًا إجماليًا، وعمق كل علامة عشرات مقابل مئات فعلية) — تُستخدم للتقاطع بالباركود لا كمصدر أول. المصدر المفضّل: كتالوج المصنّع أو كتالوج التجزئة السعودي.
QGAP-01152,NEEDS_SOURCE,لم يُعثر على مصدر آلي — يحتاج جلبًا من المصنّع أو كتالوج التجزئة,كادبوري فروت آند نت,Cadbury Fruit and Nut,كادبوري,Cadbury,Cadbury,PACKAGED,حلويات,شوكولاتة,Fruit and Nut,,KSA,UNSPECIFIED,,HIGH,P1,MISSING,,OFFICIAL_MANUFACTURER,Cadbury official product page,,,,,,,,,,,,,NONE,HIGH,,,,,,,,,كادبوري,Cadbury,تغطية OpenFoodFacts للسوق السعودي ضحلة (١٦٤٩٢ منتجًا إجماليًا، وعمق كل علامة عشرات مقابل مئات فعلية) — تُستخدم للتقاطع بالباركود لا كمصدر أول. المصدر المفضّل: كتالوج المصنّع أو كتالوج التجزئة السعودي.
QGAP-01154,NEEDS_SOURCE,لم يُعثر على مصدر آلي — يحتاج جلبًا من المصنّع أو كتالوج التجزئة,كادبوري بابلي,Cadbury Bubbly,كادبوري,Cadbury,Cadbury,PACKAGED,حلويات,شوكولاتة,Bubbly,,KSA,UNSPECIFIED,,HIGH,P1,MISSING,,OFFICIAL_MANUFACTURER,Cadbury official product page,,,,,,,,,,,,,NONE,HIGH,,,,,,,,,كادبوري,Cadbury,تغطية OpenFoodFacts للسوق السعودي ضحلة (١٦٤٩٢ منتجًا إجماليًا، وعمق كل علامة عشرات مقابل مئات فعلية) — تُستخدم للتقاطع بالباركود لا كمصدر أول. المصدر المفضّل: كتالوج المصنّع أو كتالوج التجزئة السعودي.
QGAP-01156,NEEDS_SOURCE,لم يُعثر على مصدر آلي — يحتاج جلبًا من المصنّع أو كتالوج التجزئة,كيندر شوكولاتة,Kinder chocolate bar,كيندر,Kinder,Kinder,PACKAGED,حلويات,شوكولاتة,chocolate bar,,KSA,UNSPECIFIED,,HIGH,P1,MISSING,,OFFICIAL_MANUFACTURER,Kinder official product page,,,,,,,,,,,,,NONE,HIGH,,,,,,,,,كيندر,Kinder,تغطية OpenFoodFacts للسوق السعودي ضحلة (١٦٤٩٢ منتجًا إجماليًا، وعمق كل علامة عشرات مقابل مئات فعلية) — تُستخدم للتقاطع بالباركود لا كمصدر أول. المصدر المفضّل: كتالوج المصنّع أو كتالوج التجزئة السعودي.
QGAP-01160,NEEDS_SOURCE,لم يُعثر على مصدر آلي — يحتاج جلبًا من المصنّع أو كتالوج التجزئة,نوتيلا آند جو,Nutella and Go,نوتيلا,Nutella,Nutella,PACKAGED,حلويات,سبريد,and Go,,KSA,UNSPECIFIED,,HIGH,P1,MISSING,,OFFICIAL_MANUFACTURER,Nutella official product page,,,,,,,,,,,,,NONE,HIGH,,,,,,,,,نوتيلا,Nutella,تغطية OpenFoodFacts للسوق السعودي ضحلة (١٦٤٩٢ منتجًا إجماليًا، وعمق كل علامة عشرات مقابل مئات فعلية) — تُستخدم للتقاطع بالباركود لا كمصدر أول. المصدر المفضّل: كتالوج المصنّع أو كتالوج التجزئة السعودي.
QGAP-01161,NEEDS_SOURCE,لم يُعثر على مصدر آلي — يحتاج جلبًا من المصنّع أو كتالوج التجزئة,فيريرو روشيه علبة,Ferrero Rocher box,فيريرو روشيه,Ferrero Rocher,Ferrero Rocher,PACKAGED,حلويات,شوكولاتة,box,,KSA,UNSPECIFIED,,MEDIUM,P2,MISSING,,OFFICIAL_MANUFACTURER,Ferrero Rocher official product page,,,,,,,,,,,,,NONE,HIGH,,,,,,,,,فيريرو روشيه,Ferrero Rocher,تغطية OpenFoodFacts للسوق السعودي ضحلة (١٦٤٩٢ منتجًا إجماليًا، وعمق كل علامة عشرات مقابل مئات فعلية) — تُستخدم للتقاطع بالباركود لا كمصدر أول. المصدر المفضّل: كتالوج المصنّع أو كتالوج التجزئة السعودي.
QGAP-01162,NEEDS_SOURCE,لم يُعثر على مصدر آلي — يحتاج جلبًا من المصنّع أو كتالوج التجزئة,باتشي شوكولاتة مشكلة,Patchi assorted chocolate,باتشي,Patchi,Patchi,PACKAGED,حلويات,شوكولاتة,assorted chocolate,,KSA,KSA,,MEDIUM,P2,MISSING,,OFFICIAL_LOCAL,Saudi retailer catalogue (Panda/Othaim/Tamimi/Nana) + barcode,,,,,,,,,,,,,NONE,HIGH,,,,,,,,,باتشي,Patchi,تغطية OpenFoodFacts للسوق السعودي ضحلة (١٦٤٩٢ منتجًا إجماليًا، وعمق كل علامة عشرات مقابل مئات فعلية) — تُستخدم للتقاطع بالباركود لا كمصدر أول. المصدر المفضّل: كتالوج المصنّع أو كتالوج التجزئة السعودي.
QGAP-01163,NEEDS_SOURCE,لم يُعثر على مصدر آلي — يحتاج جلبًا من المصنّع أو كتالوج التجزئة,باتشي شوكولاتة بالفستق,Patchi pistachio chocolate,باتشي,Patchi,Patchi,PACKAGED,حلويات,شوكولاتة,pistachio chocolate,,KSA,KSA,,MEDIUM,P2,MISSING,,OFFICIAL_LOCAL,Saudi retailer catalogue (Panda/Othaim/Tamimi/Nana) + barcode,,,,,,,,,,,,,NONE,HIGH,,,,,,,,,باتشي,Patchi,تغطية OpenFoodFacts للسوق السعودي ضحلة (١٦٤٩٢ منتجًا إجماليًا، وعمق كل علامة عشرات مقابل مئات فعلية) — تُستخدم للتقاطع بالباركود لا كمصدر أول. المصدر المفضّل: كتالوج المصنّع أو كتالوج التجزئة السعودي.
QGAP-01166,NEEDS_SOURCE,لم يُعثر على مصدر آلي — يحتاج جلبًا من المصنّع أو كتالوج التجزئة,كوكا كولا دايت,Coca-Cola Diet,كوكا كولا,Coca-Cola,Coca-Cola,PACKAGED,مشروبات,غازية,Diet,,KSA,UNSPECIFIED,,VERY_HIGH,P0,MISSING,,OFFICIAL_MANUFACTURER,Coca-Cola official product page,,,,,,,,,,,,,NONE,HIGH,,,,,,,,,كوكا كولا,Coca-Cola,تغطية OpenFoodFacts للسوق السعودي ضحلة (١٦٤٩٢ منتجًا إجماليًا، وعمق كل علامة عشرات مقابل مئات فعلية) — تُستخدم للتقاطع بالباركود لا كمصدر أول. المصدر المفضّل: كتالوج المصنّع أو كتالوج التجزئة السعودي.
QGAP-01167,NEEDS_SOURCE,لم يُعثر على مصدر آلي — يحتاج جلبًا من المصنّع أو كتالوج التجزئة,كوكا كولا فانيلا,Coca-Cola vanilla,كوكا كولا,Coca-Cola,Coca-Cola,PACKAGED,مشروبات,غازية,vanilla,,KSA,UNSPECIFIED,,VERY_HIGH,P0,MISSING,,OFFICIAL_MANUFACTURER,Coca-Cola official product page,,,,,,,,,,,,,NONE,HIGH,,,,,,,,,كوكا كولا,Coca-Cola,تغطية OpenFoodFacts للسوق السعودي ضحلة (١٦٤٩٢ منتجًا إجماليًا، وعمق كل علامة عشرات مقابل مئات فعلية) — تُستخدم للتقاطع بالباركود لا كمصدر أول. المصدر المفضّل: كتالوج المصنّع أو كتالوج التجزئة السعودي.
QGAP-01168,NEEDS_SOURCE,لم يُعثر على مصدر آلي — يحتاج جلبًا من المصنّع أو كتالوج التجزئة,بيبسي أصلي,Pepsi original,بيبسي,Pepsi,Pepsi,PACKAGED,مشروبات,غازية,original,,KSA,UNSPECIFIED,,VERY_HIGH,P0,MISSING,,OFFICIAL_MANUFACTURER,Pepsi official product page,,,,,,,,,,,,,NONE,HIGH,,,,,,,,,بيبسي,Pepsi,تغطية OpenFoodFacts للسوق السعودي ضحلة (١٦٤٩٢ منتجًا إجماليًا، وعمق كل علامة عشرات مقابل مئات فعلية) — تُستخدم للتقاطع بالباركود لا كمصدر أول. المصدر المفضّل: كتالوج المصنّع أو كتالوج التجزئة السعودي.
QGAP-01170,NEEDS_SOURCE,لم يُعثر على مصدر آلي — يحتاج جلبًا من المصنّع أو كتالوج التجزئة,بيبسي ماكس / بلاك,Pepsi Max / Black,بيبسي,Pepsi,Pepsi,PACKAGED,مشروبات,غازية,Max / Black,,KSA,UNSPECIFIED,,VERY_HIGH,P0,MISSING,,OFFICIAL_MANUFACTURER,Pepsi official product page,,,,,,,,,,,,,NONE,HIGH,,,,,,,,,بيبسي,Pepsi,تغطية OpenFoodFacts للسوق السعودي ضحلة (١٦٤٩٢ منتجًا إجماليًا، وعمق كل علامة عشرات مقابل مئات فعلية) — تُستخدم للتقاطع بالباركود لا كمصدر أول. المصدر المفضّل: كتالوج المصنّع أو كتالوج التجزئة السعودي.
QGAP-01171,NEEDS_SOURCE,لم يُعثر على مصدر آلي — يحتاج جلبًا من المصنّع أو كتالوج التجزئة,سفن أب أصلي,7UP original,سفن أب,7UP,7UP,PACKAGED,مشروبات,غازية,original,,KSA,UNSPECIFIED,,VERY_HIGH,P0,MISSING,,OFFICIAL_MANUFACTURER,7UP official product page,,,,,,,,,,,,,NONE,HIGH,,,,,,,,,سفن أب,7UP,تغطية OpenFoodFacts للسوق السعودي ضحلة (١٦٤٩٢ منتجًا إجماليًا، وعمق كل علامة عشرات مقابل مئات فعلية) — تُستخدم للتقاطع بالباركود لا كمصدر أول. المصدر المفضّل: كتالوج المصنّع أو كتالوج التجزئة السعودي.
QGAP-01172,NEEDS_SOURCE,لم يُعثر على مصدر آلي — يحتاج جلبًا من المصنّع أو كتالوج التجزئة,سفن أب فري / دايت,7UP Free / Diet,سفن أب,7UP,7UP,PACKAGED,مشروبات,غازية,Free / Diet,,KSA,UNSPECIFIED,,VERY_HIGH,P0,MISSING,,OFFICIAL_MANUFACTURER,7UP official product page,,,,,,,,,,,,,NONE,HIGH,,,,,,,,,سفن أب,7UP,تغطية OpenFoodFacts للسوق السعودي ضحلة (١٦٤٩٢ منتجًا إجماليًا، وعمق كل علامة عشرات مقابل مئات فعلية) — تُستخدم للتقاطع بالباركود لا كمصدر أول. المصدر المفضّل: كتالوج المصنّع أو كتالوج التجزئة السعودي.
QGAP-01175,NEEDS_SOURCE,لم يُعثر على مصدر آلي — يحتاج جلبًا من المصنّع أو كتالوج التجزئة,ميرندا تفاح,Mirinda apple,ميرندا,Mirinda,Mirinda,PACKAGED,مشروبات,غازية,apple,,KSA,UNSPECIFIED,,HIGH,P1,MISSING,,OFFICIAL_MANUFACTURER,Mirinda official product page,,,,,,,,,,,,,NONE,HIGH,,,,,,,,,ميرندا,Mirinda,تغطية OpenFoodFacts للسوق السعودي ضحلة (١٦٤٩٢ منتجًا إجماليًا، وعمق كل علامة عشرات مقابل مئات فعلية) — تُستخدم للتقاطع بالباركود لا كمصدر أول. المصدر المفضّل: كتالوج المصنّع أو كتالوج التجزئة السعودي.
QGAP-01176,NEEDS_SOURCE,لم يُعثر على مصدر آلي — يحتاج جلبًا من المصنّع أو كتالوج التجزئة,ميرندا عنب,Mirinda grape,ميرندا,Mirinda,Mirinda,PACKAGED,مشروبات,غازية,grape,,KSA,UNSPECIFIED,,HIGH,P1,MISSING,,OFFICIAL_MANUFACTURER,Mirinda official product page,,,,,,,,,,,,,NONE,HIGH,,,,,,,,,ميرندا,Mirinda,تغطية OpenFoodFacts للسوق السعودي ضحلة (١٦٤٩٢ منتجًا إجماليًا، وعمق كل علامة عشرات مقابل مئات فعلية) — تُستخدم للتقاطع بالباركود لا كمصدر أول. المصدر المفضّل: كتالوج المصنّع أو كتالوج التجزئة السعودي.
QGAP-01182,NEEDS_SOURCE,لم يُعثر على مصدر آلي — يحتاج جلبًا من المصنّع أو كتالوج التجزئة,ماونتن ديو أصلي,Mountain Dew original,ماونتن ديو,Mountain Dew,Mountain Dew,PACKAGED,مشروبات,غازية,original,,KSA,UNSPECIFIED,,MEDIUM,P2,MISSING,,OFFICIAL_MANUFACTURER,Mountain Dew official product page,,,,,,,,,,,,,NONE,HIGH,,,,,,,,,ماونتن ديو,Mountain Dew,تغطية OpenFoodFacts للسوق السعودي ضحلة (١٦٤٩٢ منتجًا إجماليًا، وعمق كل علامة عشرات مقابل مئات فعلية) — تُستخدم للتقاطع بالباركود لا كمصدر أول. المصدر المفضّل: كتالوج المصنّع أو كتالوج التجزئة السعودي.
QGAP-01183,NEEDS_SOURCE,لم يُعثر على مصدر آلي — يحتاج جلبًا من المصنّع أو كتالوج التجزئة,باربيكان سادة,Barbican plain malt,باربيكان,Barbican,Barbican,PACKAGED,مشروبات,شعير,plain malt,,KSA,UNSPECIFIED,,VERY_HIGH,P0,MISSING,,OFFICIAL_MANUFACTURER,Barbican official product page,,,,,,,,,,,,,NONE,HIGH,,,,,,,,,باربيكان,Barbican,تغطية OpenFoodFacts للسوق السعودي ضحلة (١٦٤٩٢ منتجًا إجماليًا، وعمق كل علامة عشرات مقابل مئات فعلية) — تُستخدم للتقاطع بالباركود لا كمصدر أول. المصدر المفضّل: كتالوج المصنّع أو كتالوج التجزئة السعودي.
QGAP-01184,NEEDS_SOURCE,لم يُعثر على مصدر آلي — يحتاج جلبًا من المصنّع أو كتالوج التجزئة,باربيكان تفاح,Barbican apple,باربيكان,Barbican,Barbican,PACKAGED,مشروبات,شعير,apple,,KSA,UNSPECIFIED,,VERY_HIGH,P0,MISSING,,OFFICIAL_MANUFACTURER,Barbican official product page,,,,,,,,,,,,,NONE,HIGH,,,,,,,,,باربيكان,Barbican,تغطية OpenFoodFacts للسوق السعودي ضحلة (١٦٤٩٢ منتجًا إجماليًا، وعمق كل علامة عشرات مقابل مئات فعلية) — تُستخدم للتقاطع بالباركود لا كمصدر أول. المصدر المفضّل: كتالوج المصنّع أو كتالوج التجزئة السعودي.
QGAP-01185,NEEDS_SOURCE,لم يُعثر على مصدر آلي — يحتاج جلبًا من المصنّع أو كتالوج التجزئة,باربيكان فراولة,Barbican strawberry,باربيكان,Barbican,Barbican,PACKAGED,مشروبات,شعير,strawberry,,KSA,UNSPECIFIED,,VERY_HIGH,P0,MISSING,,OFFICIAL_MANUFACTURER,Barbican official product page,,,,,,,,,,,,,NONE,HIGH,,,,,,,,,باربيكان,Barbican,تغطية OpenFoodFacts للسوق السعودي ضحلة (١٦٤٩٢ منتجًا إجماليًا، وعمق كل علامة عشرات مقابل مئات فعلية) — تُستخدم للتقاطع بالباركود لا كمصدر أول. المصدر المفضّل: كتالوج المصنّع أو كتالوج التجزئة السعودي.
QGAP-01187,NEEDS_SOURCE,لم يُعثر على مصدر آلي — يحتاج جلبًا من المصنّع أو كتالوج التجزئة,باربيكان خوخ,Barbican peach,باربيكان,Barbican,Barbican,PACKAGED,مشروبات,شعير,peach,,KSA,UNSPECIFIED,,VERY_HIGH,P0,MISSING,,OFFICIAL_MANUFACTURER,Barbican official product page,,,,,,,,,,,,,NONE,HIGH,,,,,,,,,باربيكان,Barbican,تغطية OpenFoodFacts للسوق السعودي ضحلة (١٦٤٩٢ منتجًا إجماليًا، وعمق كل علامة عشرات مقابل مئات فعلية) — تُستخدم للتقاطع بالباركود لا كمصدر أول. المصدر المفضّل: كتالوج المصنّع أو كتالوج التجزئة السعودي.
QGAP-01189,NEEDS_SOURCE,لم يُعثر على مصدر آلي — يحتاج جلبًا من المصنّع أو كتالوج التجزئة,باربيكان ليمون,Barbican lemon,باربيكان,Barbican,Barbican,PACKAGED,مشروبات,شعير,lemon,,KSA,UNSPECIFIED,,VERY_HIGH,P0,MISSING,,OFFICIAL_MANUFACTURER,Barbican official product page,,,,,,,,,,,,,NONE,HIGH,,,,,,,,,باربيكان,Barbican,تغطية OpenFoodFacts للسوق السعودي ضحلة (١٦٤٩٢ منتجًا إجماليًا، وعمق كل علامة عشرات مقابل مئات فعلية) — تُستخدم للتقاطع بالباركود لا كمصدر أول. المصدر المفضّل: كتالوج المصنّع أو كتالوج التجزئة السعودي.
QGAP-01190,NEEDS_SOURCE,لم يُعثر على مصدر آلي — يحتاج جلبًا من المصنّع أو كتالوج التجزئة,باربيكان عنب,Barbican grape,باربيكان,Barbican,Barbican,PACKAGED,مشروبات,شعير,grape,,KSA,UNSPECIFIED,,VERY_HIGH,P0,MISSING,,OFFICIAL_MANUFACTURER,Barbican official product page,,,,,,,,,,,,,NONE,HIGH,,,,,,,,,باربيكان,Barbican,تغطية OpenFoodFacts للسوق السعودي ضحلة (١٦٤٩٢ منتجًا إجماليًا، وعمق كل علامة عشرات مقابل مئات فعلية) — تُستخدم للتقاطع بالباركود لا كمصدر أول. المصدر المفضّل: كتالوج المصنّع أو كتالوج التجزئة السعودي.
QGAP-01191,NEEDS_SOURCE,لم يُعثر على مصدر آلي — يحتاج جلبًا من المصنّع أو كتالوج التجزئة,موسي سادة,Moussy plain,موسي,Moussy,Moussy,PACKAGED,مشروبات,شعير,plain,,KSA,UNSPECIFIED,,HIGH,P1,MISSING,,OFFICIAL_MANUFACTURER,Moussy official product page,,,,,,,,,,,,,NONE,HIGH,,,,,,,,,موسي,Moussy,تغطية OpenFoodFacts للسوق السعودي ضحلة (١٦٤٩٢ منتجًا إجماليًا، وعمق كل علامة عشرات مقابل مئات فعلية) — تُستخدم للتقاطع بالباركود لا كمصدر أول. المصدر المفضّل: كتالوج المصنّع أو كتالوج التجزئة السعودي.
QGAP-01193,NEEDS_SOURCE,لم يُعثر على مصدر آلي — يحتاج جلبًا من المصنّع أو كتالوج التجزئة,موسي خوخ,Moussy peach,موسي,Moussy,Moussy,PACKAGED,مشروبات,شعير,peach,,KSA,UNSPECIFIED,,HIGH,P1,MISSING,,OFFICIAL_MANUFACTURER,Moussy official product page,,,,,,,,,,,,,NONE,HIGH,,,,,,,,,موسي,Moussy,تغطية OpenFoodFacts للسوق السعودي ضحلة (١٦٤٩٢ منتجًا إجماليًا، وعمق كل علامة عشرات مقابل مئات فعلية) — تُستخدم للتقاطع بالباركود لا كمصدر أول. المصدر المفضّل: كتالوج المصنّع أو كتالوج التجزئة السعودي.
QGAP-01194,NEEDS_SOURCE,لم يُعثر على مصدر آلي — يحتاج جلبًا من المصنّع أو كتالوج التجزئة,موسي ليمون,Moussy lemon,موسي,Moussy,Moussy,PACKAGED,مشروبات,شعير,lemon,,KSA,UNSPECIFIED,,HIGH,P1,MISSING,,OFFICIAL_MANUFACTURER,Moussy official product page,,,,,,,,,,,,,NONE,HIGH,,,,,,,,,موسي,Moussy,تغطية OpenFoodFacts للسوق السعودي ضحلة (١٦٤٩٢ منتجًا إجماليًا، وعمق كل علامة عشرات مقابل مئات فعلية) — تُستخدم للتقاطع بالباركود لا كمصدر أول. المصدر المفضّل: كتالوج المصنّع أو كتالوج التجزئة السعودي.
QGAP-01195,NEEDS_SOURCE,لم يُعثر على مصدر آلي — يحتاج جلبًا من المصنّع أو كتالوج التجزئة,فيمتو شراب مركّز,Vimto cordial concentrate,فيمتو,Vimto,Vimto,PACKAGED,مشروبات,شراب,cordial concentrate,,KSA,UNSPECIFIED,,VERY_HIGH,P1,MISSING,,OFFICIAL_MANUFACTURER,Vimto official product page,,,,,,,,,,,,,NONE,HIGH,,,,,,,,,فيمتو,Vimto,تغطية OpenFoodFacts للسوق السعودي ضحلة (١٦٤٩٢ منتجًا إجماليًا، وعمق كل علامة عشرات مقابل مئات فعلية) — تُستخدم للتقاطع بالباركود لا كمصدر أول. المصدر المفضّل: كتالوج المصنّع أو كتالوج التجزئة السعودي.
QGAP-01196,NEEDS_SOURCE,لم يُعثر على مصدر آلي — يحتاج جلبًا من المصنّع أو كتالوج التجزئة,فيمتو جاهز للشرب,Vimto ready to drink,فيمتو,Vimto,Vimto,PACKAGED,مشروبات,شراب,ready to drink,,KSA,UNSPECIFIED,,VERY_HIGH,P1,MISSING,,OFFICIAL_MANUFACTURER,Vimto official product page,,,,,,,,,,,,,NONE,HIGH,,,,,,,,,فيمتو,Vimto,تغطية OpenFoodFacts للسوق السعودي ضحلة (١٦٤٩٢ منتجًا إجماليًا، وعمق كل علامة عشرات مقابل مئات فعلية) — تُستخدم للتقاطع بالباركود لا كمصدر أول. المصدر المفضّل: كتالوج المصنّع أو كتالوج التجزئة السعودي.
QGAP-01198,NEEDS_SOURCE,لم يُعثر على مصدر آلي — يحتاج جلبًا من المصنّع أو كتالوج التجزئة,ريد بول أصلي,Red Bull original,ريد بول,Red Bull,Red Bull,PACKAGED,مشروبات,طاقة,original,,KSA,UNSPECIFIED,,HIGH,P1,MISSING,,OFFICIAL_MANUFACTURER,Red Bull official product page,,,,,,,,,,,,,NONE,HIGH,,,,,,,,,ريد بول,Red Bull,تغطية OpenFoodFacts للسوق السعودي ضحلة (١٦٤٩٢ منتجًا إجماليًا، وعمق كل علامة عشرات مقابل مئات فعلية) — تُستخدم للتقاطع بالباركود لا كمصدر أول. المصدر المفضّل: كتالوج المصنّع أو كتالوج التجزئة السعودي.
QGAP-01200,NEEDS_SOURCE,لم يُعثر على مصدر آلي — يحتاج جلبًا من المصنّع أو كتالوج التجزئة,ريد بول إصدار النكهات,Red Bull editions,ريد بول,Red Bull,Red Bull,PACKAGED,مشروبات,طاقة,editions,,KSA,UNSPECIFIED,,HIGH,P1,MISSING,,OFFICIAL_MANUFACTURER,Red Bull official product page,,,,,,,,,,,,,NONE,HIGH,,,,,,,,,ريد بول,Red Bull,تغطية OpenFoodFacts للسوق السعودي ضحلة (١٦٤٩٢ منتجًا إجماليًا، وعمق كل علامة عشرات مقابل مئات فعلية) — تُستخدم للتقاطع بالباركود لا كمصدر أول. المصدر المفضّل: كتالوج المصنّع أو كتالوج التجزئة السعودي.
QGAP-01201,NEEDS_SOURCE,لم يُعثر على مصدر آلي — يحتاج جلبًا من المصنّع أو كتالوج التجزئة,كود ريد أصلي,Code Red original,كود ريد,Code Red,Code Red,PACKAGED,مشروبات,طاقة,original,,KSA,KSA,,HIGH,P2,MISSING,,OFFICIAL_LOCAL,Saudi retailer catalogue (Panda/Othaim/Tamimi/Nana) + barcode,,,,,,,,,,,,,NONE,HIGH,,,,,,,,,كود ريد,Code Red,تغطية OpenFoodFacts للسوق السعودي ضحلة (١٦٤٩٢ منتجًا إجماليًا، وعمق كل علامة عشرات مقابل مئات فعلية) — تُستخدم للتقاطع بالباركود لا كمصدر أول. المصدر المفضّل: كتالوج المصنّع أو كتالوج التجزئة السعودي.
QGAP-01202,NEEDS_SOURCE,لم يُعثر على مصدر آلي — يحتاج جلبًا من المصنّع أو كتالوج التجزئة,كود ريد خالي السكر,Code Red sugar free,كود ريد,Code Red,Code Red,PACKAGED,مشروبات,طاقة,sugar free,,KSA,KSA,,HIGH,P2,MISSING,,OFFICIAL_LOCAL,Saudi retailer catalogue (Panda/Othaim/Tamimi/Nana) + barcode,,,,,,,,,,,,,NONE,HIGH,,,,,,,,,كود ريد,Code Red,تغطية OpenFoodFacts للسوق السعودي ضحلة (١٦٤٩٢ منتجًا إجماليًا، وعمق كل علامة عشرات مقابل مئات فعلية) — تُستخدم للتقاطع بالباركود لا كمصدر أول. المصدر المفضّل: كتالوج المصنّع أو كتالوج التجزئة السعودي.
QGAP-01203,NEEDS_SOURCE,لم يُعثر على مصدر آلي — يحتاج جلبًا من المصنّع أو كتالوج التجزئة,بايسون أصلي,Bison original,بايسون,Bison,Bison,PACKAGED,مشروبات,طاقة,original,,KSA,KSA,,HIGH,P2,MISSING,,OFFICIAL_LOCAL,Saudi retailer catalogue (Panda/Othaim/Tamimi/Nana) + barcode,,,,,,,,,,,,,NONE,HIGH,,,,,,,,,بايسون,Bison,تغطية OpenFoodFacts للسوق السعودي ضحلة (١٦٤٩٢ منتجًا إجماليًا، وعمق كل علامة عشرات مقابل مئات فعلية) — تُستخدم للتقاطع بالباركود لا كمصدر أول. المصدر المفضّل: كتالوج المصنّع أو كتالوج التجزئة السعودي.
QGAP-01204,NEEDS_SOURCE,لم يُعثر على مصدر آلي — يحتاج جلبًا من المصنّع أو كتالوج التجزئة,بايسون مالت,Bison malt,بايسون,Bison,Bison,PACKAGED,مشروبات,طاقة,malt,,KSA,KSA,,HIGH,P2,MISSING,,OFFICIAL_LOCAL,Saudi retailer catalogue (Panda/Othaim/Tamimi/Nana) + barcode,,,,,,,,,,,,,NONE,HIGH,,,,,,,,,بايسون,Bison,تغطية OpenFoodFacts للسوق السعودي ضحلة (١٦٤٩٢ منتجًا إجماليًا، وعمق كل علامة عشرات مقابل مئات فعلية) — تُستخدم للتقاطع بالباركود لا كمصدر أول. المصدر المفضّل: كتالوج المصنّع أو كتالوج التجزئة السعودي.
QGAP-01205,NEEDS_SOURCE,لم يُعثر على مصدر آلي — يحتاج جلبًا من المصنّع أو كتالوج التجزئة,باور هورس أصلي,Power Horse original,باور هورس,Power Horse,Power Horse,PACKAGED,مشروبات,طاقة,original,,KSA,UNSPECIFIED,,MEDIUM,P2,MISSING,,OFFICIAL_MANUFACTURER,Power Horse official product page,,,,,,,,,,,,,NONE,HIGH,,,,,,,,,باور هورس,Power Horse,تغطية OpenFoodFacts للسوق السعودي ضحلة (١٦٤٩٢ منتجًا إجماليًا، وعمق كل علامة عشرات مقابل مئات فعلية) — تُستخدم للتقاطع بالباركود لا كمصدر أول. المصدر المفضّل: كتالوج المصنّع أو كتالوج التجزئة السعودي.
QGAP-01211,NEEDS_SOURCE,لم يُعثر على مصدر آلي — يحتاج جلبًا من المصنّع أو كتالوج التجزئة,سنبلة سمبوسة جاهزة,Sunbulah samosa pastry,سنبلة,Sunbulah,Sunbulah,PACKAGED,مجمدات,معجنات ومجمدات,samosa pastry,,KSA,KSA,,VERY_HIGH,P0,MISSING,,OFFICIAL_LOCAL,Saudi retailer catalogue (Panda/Othaim/Tamimi/Nana) + barcode,,,,,,,,,,,,,NONE,HIGH,,,,,,,,,سنبلة,Sunbulah,تغطية OpenFoodFacts للسوق السعودي ضحلة (١٦٤٩٢ منتجًا إجماليًا، وعمق كل علامة عشرات مقابل مئات فعلية) — تُستخدم للتقاطع بالباركود لا كمصدر أول. المصدر المفضّل: كتالوج المصنّع أو كتالوج التجزئة السعودي.
QGAP-01212,NEEDS_SOURCE,لم يُعثر على مصدر آلي — يحتاج جلبًا من المصنّع أو كتالوج التجزئة,سنبلة عجينة سمبوسة,Sunbulah samosa sheets,سنبلة,Sunbulah,Sunbulah,PACKAGED,مجمدات,معجنات ومجمدات,samosa sheets,,KSA,KSA,,VERY_HIGH,P0,MISSING,,OFFICIAL_LOCAL,Saudi retailer catalogue (Panda/Othaim/Tamimi/Nana) + barcode,,,,,,,,,,,,,NONE,HIGH,,,,,,,,,سنبلة,Sunbulah,تغطية OpenFoodFacts للسوق السعودي ضحلة (١٦٤٩٢ منتجًا إجماليًا، وعمق كل علامة عشرات مقابل مئات فعلية) — تُستخدم للتقاطع بالباركود لا كمصدر أول. المصدر المفضّل: كتالوج المصنّع أو كتالوج التجزئة السعودي.
QGAP-01213,NEEDS_SOURCE,لم يُعثر على مصدر آلي — يحتاج جلبًا من المصنّع أو كتالوج التجزئة,سنبلة عجينة بف باستري,Sunbulah puff pastry,سنبلة,Sunbulah,Sunbulah,PACKAGED,مجمدات,معجنات ومجمدات,puff pastry,,KSA,KSA,,VERY_HIGH,P0,MISSING,,OFFICIAL_LOCAL,Saudi retailer catalogue (Panda/Othaim/Tamimi/Nana) + barcode,,,,,,,,,,,,,NONE,HIGH,,,,,,,,,سنبلة,Sunbulah,تغطية OpenFoodFacts للسوق السعودي ضحلة (١٦٤٩٢ منتجًا إجماليًا، وعمق كل علامة عشرات مقابل مئات فعلية) — تُستخدم للتقاطع بالباركود لا كمصدر أول. المصدر المفضّل: كتالوج المصنّع أو كتالوج التجزئة السعودي.
QGAP-01214,NEEDS_SOURCE,لم يُعثر على مصدر آلي — يحتاج جلبًا من المصنّع أو كتالوج التجزئة,سنبلة كبة مجمدة,Sunbulah frozen kibbeh,سنبلة,Sunbulah,Sunbulah,PACKAGED,مجمدات,معجنات ومجمدات,frozen kibbeh,,KSA,KSA,,VERY_HIGH,P0,MISSING,,OFFICIAL_LOCAL,Saudi retailer catalogue (Panda/Othaim/Tamimi/Nana) + barcode,,,,,,,,,,,,,NONE,HIGH,,,,,,,,,سنبلة,Sunbulah,تغطية OpenFoodFacts للسوق السعودي ضحلة (١٦٤٩٢ منتجًا إجماليًا، وعمق كل علامة عشرات مقابل مئات فعلية) — تُستخدم للتقاطع بالباركود لا كمصدر أول. المصدر المفضّل: كتالوج المصنّع أو كتالوج التجزئة السعودي.
QGAP-01217,NEEDS_SOURCE,لم يُعثر على مصدر آلي — يحتاج جلبًا من المصنّع أو كتالوج التجزئة,سنبلة بازلاء مجمدة,Sunbulah frozen peas,سنبلة,Sunbulah,Sunbulah,PACKAGED,مجمدات,معجنات ومجمدات,frozen peas,,KSA,KSA,,VERY_HIGH,P0,MISSING,,OFFICIAL_LOCAL,Saudi retailer catalogue (Panda/Othaim/Tamimi/Nana) + barcode,,,,,,,,,,,,,NONE,HIGH,,,,,,,,,سنبلة,Sunbulah,تغطية OpenFoodFacts للسوق السعودي ضحلة (١٦٤٩٢ منتجًا إجماليًا، وعمق كل علامة عشرات مقابل مئات فعلية) — تُستخدم للتقاطع بالباركود لا كمصدر أول. المصدر المفضّل: كتالوج المصنّع أو كتالوج التجزئة السعودي.
QGAP-01218,NEEDS_SOURCE,لم يُعثر على مصدر آلي — يحتاج جلبًا من المصنّع أو كتالوج التجزئة,سنبلة بامية مجمدة,Sunbulah frozen okra,سنبلة,Sunbulah,Sunbulah,PACKAGED,مجمدات,معجنات ومجمدات,frozen okra,,KSA,KSA,,VERY_HIGH,P0,MISSING,,OFFICIAL_LOCAL,Saudi retailer catalogue (Panda/Othaim/Tamimi/Nana) + barcode,,,,,,,,,,,,,NONE,HIGH,,,,,,,,,سنبلة,Sunbulah,تغطية OpenFoodFacts للسوق السعودي ضحلة (١٦٤٩٢ منتجًا إجماليًا، وعمق كل علامة عشرات مقابل مئات فعلية) — تُستخدم للتقاطع بالباركود لا كمصدر أول. المصدر المفضّل: كتالوج المصنّع أو كتالوج التجزئة السعودي.
QGAP-01219,NEEDS_SOURCE,لم يُعثر على مصدر آلي — يحتاج جلبًا من المصنّع أو كتالوج التجزئة,سنبلة فطائر مجمدة,Sunbulah frozen pastries,سنبلة,Sunbulah,Sunbulah,PACKAGED,مجمدات,معجنات ومجمدات,frozen pastries,,KSA,KSA,,VERY_HIGH,P0,MISSING,,OFFICIAL_LOCAL,Saudi retailer catalogue (Panda/Othaim/Tamimi/Nana) + barcode,,,,,,,,,,,,,NONE,HIGH,,,,,,,,,سنبلة,Sunbulah,تغطية OpenFoodFacts للسوق السعودي ضحلة (١٦٤٩٢ منتجًا إجماليًا، وعمق كل علامة عشرات مقابل مئات فعلية) — تُستخدم للتقاطع بالباركود لا كمصدر أول. المصدر المفضّل: كتالوج المصنّع أو كتالوج التجزئة السعودي.
QGAP-01221,NEEDS_SOURCE,لم يُعثر على مصدر آلي — يحتاج جلبًا من المصنّع أو كتالوج التجزئة,سنبلة برجر لحم مجمد,Sunbulah frozen beef burger,سنبلة,Sunbulah,Sunbulah,PACKAGED,مجمدات,معجنات ومجمدات,frozen beef burger,,KSA,KSA,,VERY_HIGH,P0,MISSING,,OFFICIAL_LOCAL,Saudi retailer catalogue (Panda/Othaim/Tamimi/Nana) + barcode,,,,,,,,,,,,,NONE,HIGH,,,,,,,,,سنبلة,Sunbulah,تغطية OpenFoodFacts للسوق السعودي ضحلة (١٦٤٩٢ منتجًا إجماليًا، وعمق كل علامة عشرات مقابل مئات فعلية) — تُستخدم للتقاطع بالباركود لا كمصدر أول. المصدر المفضّل: كتالوج المصنّع أو كتالوج التجزئة السعودي.
QGAP-01223,NEEDS_SOURCE,لم يُعثر على مصدر آلي — يحتاج جلبًا من المصنّع أو كتالوج التجزئة,سنبلة معجنات جبن,Sunbulah cheese pastries,سنبلة,Sunbulah,Sunbulah,PACKAGED,مجمدات,معجنات ومجمدات,cheese pastries,,KSA,KSA,,VERY_HIGH,P0,MISSING,,OFFICIAL_LOCAL,Saudi retailer catalogue (Panda/Othaim/Tamimi/Nana) + barcode,,,,,,,,,,,,,NONE,HIGH,,,,,,,,,سنبلة,Sunbulah,تغطية OpenFoodFacts للسوق السعودي ضحلة (١٦٤٩٢ منتجًا إجماليًا، وعمق كل علامة عشرات مقابل مئات فعلية) — تُستخدم للتقاطع بالباركود لا كمصدر أول. المصدر المفضّل: كتالوج المصنّع أو كتالوج التجزئة السعودي.
QGAP-01224,NEEDS_SOURCE,لم يُعثر على مصدر آلي — يحتاج جلبًا من المصنّع أو كتالوج التجزئة,سنبلة مسحب,Sunbulah chicken strips,سنبلة,Sunbulah,Sunbulah,PACKAGED,مجمدات,معجنات ومجمدات,chicken strips,,KSA,KSA,,VERY_HIGH,P0,MISSING,,OFFICIAL_LOCAL,Saudi retailer catalogue (Panda/Othaim/Tamimi/Nana) + barcode,,,,,,,,,,,,,NONE,HIGH,,,,,,,,,سنبلة,Sunbulah,تغطية OpenFoodFacts للسوق السعودي ضحلة (١٦٤٩٢ منتجًا إجماليًا، وعمق كل علامة عشرات مقابل مئات فعلية) — تُستخدم للتقاطع بالباركود لا كمصدر أول. المصدر المفضّل: كتالوج المصنّع أو كتالوج التجزئة السعودي.
QGAP-01225,NEEDS_SOURCE,لم يُعثر على مصدر آلي — يحتاج جلبًا من المصنّع أو كتالوج التجزئة,الكبير كبة,Al Kabeer kibbeh,الكبير,Al Kabeer,Al Kabeer,PACKAGED,مجمدات,مجمدات,kibbeh,,KSA,KSA,,VERY_HIGH,P0,MISSING,,OFFICIAL_LOCAL,Saudi retailer catalogue (Panda/Othaim/Tamimi/Nana) + barcode,,,,,,,,,,,,,NONE,HIGH,,,,,,,,,الكبير,Al Kabeer,تغطية OpenFoodFacts للسوق السعودي ضحلة (١٦٤٩٢ منتجًا إجماليًا، وعمق كل علامة عشرات مقابل مئات فعلية) — تُستخدم للتقاطع بالباركود لا كمصدر أول. المصدر المفضّل: كتالوج المصنّع أو كتالوج التجزئة السعودي.
QGAP-01227,NEEDS_SOURCE,لم يُعثر على مصدر آلي — يحتاج جلبًا من المصنّع أو كتالوج التجزئة,الكبير سمبوسة خضار,Al Kabeer vegetable samosa,الكبير,Al Kabeer,Al Kabeer,PACKAGED,مجمدات,مجمدات,vegetable samosa,,KSA,KSA,,VERY_HIGH,P0,MISSING,,OFFICIAL_LOCAL,Saudi retailer catalogue (Panda/Othaim/Tamimi/Nana) + barcode,,,,,,,,,,,,,NONE,HIGH,,,,,,,,,الكبير,Al Kabeer,تغطية OpenFoodFacts للسوق السعودي ضحلة (١٦٤٩٢ منتجًا إجماليًا، وعمق كل علامة عشرات مقابل مئات فعلية) — تُستخدم للتقاطع بالباركود لا كمصدر أول. المصدر المفضّل: كتالوج المصنّع أو كتالوج التجزئة السعودي.
QGAP-01231,NEEDS_SOURCE,لم يُعثر على مصدر آلي — يحتاج جلبًا من المصنّع أو كتالوج التجزئة,الكبير أصابع سمك,Al Kabeer fish fingers,الكبير,Al Kabeer,Al Kabeer,PACKAGED,مجمدات,مجمدات,fish fingers,,KSA,KSA,,VERY_HIGH,P0,MISSING,,OFFICIAL_LOCAL,Saudi retailer catalogue (Panda/Othaim/Tamimi/Nana) + barcode,,,,,,,,,,,,,NONE,HIGH,,,,,,,,,الكبير,Al Kabeer,تغطية OpenFoodFacts للسوق السعودي ضحلة (١٦٤٩٢ منتجًا إجماليًا، وعمق كل علامة عشرات مقابل مئات فعلية) — تُستخدم للتقاطع بالباركود لا كمصدر أول. المصدر المفضّل: كتالوج المصنّع أو كتالوج التجزئة السعودي.
QGAP-01232,NEEDS_SOURCE,لم يُعثر على مصدر آلي — يحتاج جلبًا من المصنّع أو كتالوج التجزئة,الكبير روبيان مجمد,Al Kabeer frozen shrimp,الكبير,Al Kabeer,Al Kabeer,PACKAGED,مجمدات,مجمدات,frozen shrimp,,KSA,KSA,,VERY_HIGH,P0,MISSING,,OFFICIAL_LOCAL,Saudi retailer catalogue (Panda/Othaim/Tamimi/Nana) + barcode,,,,,,,,,,,,,NONE,HIGH,,,,,,,,,الكبير,Al Kabeer,تغطية OpenFoodFacts للسوق السعودي ضحلة (١٦٤٩٢ منتجًا إجماليًا، وعمق كل علامة عشرات مقابل مئات فعلية) — تُستخدم للتقاطع بالباركود لا كمصدر أول. المصدر المفضّل: كتالوج المصنّع أو كتالوج التجزئة السعودي.
QGAP-01233,NEEDS_SOURCE,لم يُعثر على مصدر آلي — يحتاج جلبًا من المصنّع أو كتالوج التجزئة,الكبير فلافل مجمدة,Al Kabeer frozen falafel,الكبير,Al Kabeer,Al Kabeer,PACKAGED,مجمدات,مجمدات,frozen falafel,,KSA,KSA,,VERY_HIGH,P0,MISSING,,OFFICIAL_LOCAL,Saudi retailer catalogue (Panda/Othaim/Tamimi/Nana) + barcode,,,,,,,,,,,,,NONE,HIGH,,,,,,,,,الكبير,Al Kabeer,تغطية OpenFoodFacts للسوق السعودي ضحلة (١٦٤٩٢ منتجًا إجماليًا، وعمق كل علامة عشرات مقابل مئات فعلية) — تُستخدم للتقاطع بالباركود لا كمصدر أول. المصدر المفضّل: كتالوج المصنّع أو كتالوج التجزئة السعودي.
QGAP-01234,NEEDS_SOURCE,لم يُعثر على مصدر آلي — يحتاج جلبًا من المصنّع أو كتالوج التجزئة,الكبير شاورما مجمدة,Al Kabeer frozen shawarma,الكبير,Al Kabeer,Al Kabeer,PACKAGED,مجمدات,مجمدات,frozen shawarma,,KSA,KSA,,VERY_HIGH,P0,MISSING,,OFFICIAL_LOCAL,Saudi retailer catalogue (Panda/Othaim/Tamimi/Nana) + barcode,,,,,,,,,,,,,NONE,HIGH,,,,,,,,,الكبير,Al Kabeer,تغطية OpenFoodFacts للسوق السعودي ضحلة (١٦٤٩٢ منتجًا إجماليًا، وعمق كل علامة عشرات مقابل مئات فعلية) — تُستخدم للتقاطع بالباركود لا كمصدر أول. المصدر المفضّل: كتالوج المصنّع أو كتالوج التجزئة السعودي.
QGAP-01235,NEEDS_SOURCE,لم يُعثر على مصدر آلي — يحتاج جلبًا من المصنّع أو كتالوج التجزئة,الكبير بيتزا مجمدة,Al Kabeer frozen pizza,الكبير,Al Kabeer,Al Kabeer,PACKAGED,مجمدات,مجمدات,frozen pizza,,KSA,KSA,,VERY_HIGH,P0,MISSING,,OFFICIAL_LOCAL,Saudi retailer catalogue (Panda/Othaim/Tamimi/Nana) + barcode,,,,,,,,,,,,,NONE,HIGH,,,,,,,,,الكبير,Al Kabeer,تغطية OpenFoodFacts للسوق السعودي ضحلة (١٦٤٩٢ منتجًا إجماليًا، وعمق كل علامة عشرات مقابل مئات فعلية) — تُستخدم للتقاطع بالباركود لا كمصدر أول. المصدر المفضّل: كتالوج المصنّع أو كتالوج التجزئة السعودي.
QGAP-01236,NEEDS_SOURCE,لم يُعثر على مصدر آلي — يحتاج جلبًا من المصنّع أو كتالوج التجزئة,الكبير كفتة,Al Kabeer kofta,الكبير,Al Kabeer,Al Kabeer,PACKAGED,مجمدات,مجمدات,kofta,,KSA,KSA,,VERY_HIGH,P0,MISSING,,OFFICIAL_LOCAL,Saudi retailer catalogue (Panda/Othaim/Tamimi/Nana) + barcode,,,,,,,,,,,,,NONE,HIGH,,,,,,,,,الكبير,Al Kabeer,تغطية OpenFoodFacts للسوق السعودي ضحلة (١٦٤٩٢ منتجًا إجماليًا، وعمق كل علامة عشرات مقابل مئات فعلية) — تُستخدم للتقاطع بالباركود لا كمصدر أول. المصدر المفضّل: كتالوج المصنّع أو كتالوج التجزئة السعودي.
QGAP-01237,NEEDS_SOURCE,لم يُعثر على مصدر آلي — يحتاج جلبًا من المصنّع أو كتالوج التجزئة,الكبير دجاج مقرمش,Al Kabeer crispy chicken,الكبير,Al Kabeer,Al Kabeer,PACKAGED,مجمدات,مجمدات,crispy chicken,,KSA,KSA,,VERY_HIGH,P0,MISSING,,OFFICIAL_LOCAL,Saudi retailer catalogue (Panda/Othaim/Tamimi/Nana) + barcode,,,,,,,,,,,,,NONE,HIGH,,,,,,,,,الكبير,Al Kabeer,تغطية OpenFoodFacts للسوق السعودي ضحلة (١٦٤٩٢ منتجًا إجماليًا، وعمق كل علامة عشرات مقابل مئات فعلية) — تُستخدم للتقاطع بالباركود لا كمصدر أول. المصدر المفضّل: كتالوج المصنّع أو كتالوج التجزئة السعودي.
QGAP-01242,NEEDS_SOURCE,لم يُعثر على مصدر آلي — يحتاج جلبًا من المصنّع أو كتالوج التجزئة,أمريكانا كبة,Americana kibbeh,أمريكانا,Americana,Americana,PACKAGED,مجمدات,مجمدات,kibbeh,,KSA,KSA,,VERY_HIGH,P0,MISSING,,OFFICIAL_LOCAL,Saudi retailer catalogue (Panda/Othaim/Tamimi/Nana) + barcode,,,,,,,,,,,,,NONE,HIGH,,,,,,,,,أمريكانا,Americana,تغطية OpenFoodFacts للسوق السعودي ضحلة (١٦٤٩٢ منتجًا إجماليًا، وعمق كل علامة عشرات مقابل مئات فعلية) — تُستخدم للتقاطع بالباركود لا كمصدر أول. المصدر المفضّل: كتالوج المصنّع أو كتالوج التجزئة السعودي.
QGAP-01243,NEEDS_SOURCE,لم يُعثر على مصدر آلي — يحتاج جلبًا من المصنّع أو كتالوج التجزئة,أمريكانا سمبوسة,Americana samosa,أمريكانا,Americana,Americana,PACKAGED,مجمدات,مجمدات,samosa,,KSA,KSA,,VERY_HIGH,P0,MISSING,,OFFICIAL_LOCAL,Saudi retailer catalogue (Panda/Othaim/Tamimi/Nana) + barcode,,,,,,,,,,,,,NONE,HIGH,,,,,,,,,أمريكانا,Americana,تغطية OpenFoodFacts للسوق السعودي ضحلة (١٦٤٩٢ منتجًا إجماليًا، وعمق كل علامة عشرات مقابل مئات فعلية) — تُستخدم للتقاطع بالباركود لا كمصدر أول. المصدر المفضّل: كتالوج المصنّع أو كتالوج التجزئة السعودي.
QGAP-01245,NEEDS_SOURCE,لم يُعثر على مصدر آلي — يحتاج جلبًا من المصنّع أو كتالوج التجزئة,أمريكانا بف باستري,Americana puff pastry,أمريكانا,Americana,Americana,PACKAGED,مجمدات,مجمدات,puff pastry,,KSA,KSA,,VERY_HIGH,P0,MISSING,,OFFICIAL_LOCAL,Saudi retailer catalogue (Panda/Othaim/Tamimi/Nana) + barcode,,,,,,,,,,,,,NONE,HIGH,,,,,,,,,أمريكانا,Americana,تغطية OpenFoodFacts للسوق السعودي ضحلة (١٦٤٩٢ منتجًا إجماليًا، وعمق كل علامة عشرات مقابل مئات فعلية) — تُستخدم للتقاطع بالباركود لا كمصدر أول. المصدر المفضّل: كتالوج المصنّع أو كتالوج التجزئة السعودي.
QGAP-01247,NEEDS_SOURCE,لم يُعثر على مصدر آلي — يحتاج جلبًا من المصنّع أو كتالوج التجزئة,أمريكانا هوت دوج,Americana hot dog,أمريكانا,Americana,Americana,PACKAGED,مجمدات,مجمدات,hot dog,,KSA,KSA,,VERY_HIGH,P0,MISSING,,OFFICIAL_LOCAL,Saudi retailer catalogue (Panda/Othaim/Tamimi/Nana) + barcode,,,,,,,,,,,,,NONE,HIGH,,,,,,,,,أمريكانا,Americana,تغطية OpenFoodFacts للسوق السعودي ضحلة (١٦٤٩٢ منتجًا إجماليًا، وعمق كل علامة عشرات مقابل مئات فعلية) — تُستخدم للتقاطع بالباركود لا كمصدر أول. المصدر المفضّل: كتالوج المصنّع أو كتالوج التجزئة السعودي.
QGAP-01250,NEEDS_SOURCE,لم يُعثر على مصدر آلي — يحتاج جلبًا من المصنّع أو كتالوج التجزئة,أمريكانا فطائر,Americana pastries,أمريكانا,Americana,Americana,PACKAGED,مجمدات,مجمدات,pastries,,KSA,KSA,,VERY_HIGH,P0,MISSING,,OFFICIAL_LOCAL,Saudi retailer catalogue (Panda/Othaim/Tamimi/Nana) + barcode,,,,,,,,,,,,,NONE,HIGH,,,,,,,,,أمريكانا,Americana,تغطية OpenFoodFacts للسوق السعودي ضحلة (١٦٤٩٢ منتجًا إجماليًا، وعمق كل علامة عشرات مقابل مئات فعلية) — تُستخدم للتقاطع بالباركود لا كمصدر أول. المصدر المفضّل: كتالوج المصنّع أو كتالوج التجزئة السعودي.
QGAP-01251,NEEDS_SOURCE,لم يُعثر على مصدر آلي — يحتاج جلبًا من المصنّع أو كتالوج التجزئة,كوكي دجاج كامل مجمد,Koki frozen whole chicken,كوكي,Koki,Koki,PACKAGED,مجمدات,دواجن,frozen whole chicken,,KSA,KSA,,HIGH,P1,MISSING,,OFFICIAL_LOCAL,Saudi retailer catalogue (Panda/Othaim/Tamimi/Nana) + barcode,,,,,,,,,,,,,NONE,HIGH,,,,,,,,,كوكي,Koki,تغطية OpenFoodFacts للسوق السعودي ضحلة (١٦٤٩٢ منتجًا إجماليًا، وعمق كل علامة عشرات مقابل مئات فعلية) — تُستخدم للتقاطع بالباركود لا كمصدر أول. المصدر المفضّل: كتالوج المصنّع أو كتالوج التجزئة السعودي.
QGAP-01252,NEEDS_SOURCE,لم يُعثر على مصدر آلي — يحتاج جلبًا من المصنّع أو كتالوج التجزئة,كوكي قطع دجاج,Koki chicken portions,كوكي,Koki,Koki,PACKAGED,مجمدات,دواجن,chicken portions,,KSA,KSA,,HIGH,P1,MISSING,,OFFICIAL_LOCAL,Saudi retailer catalogue (Panda/Othaim/Tamimi/Nana) + barcode,,,,,,,,,,,,,NONE,HIGH,,,,,,,,,كوكي,Koki,تغطية OpenFoodFacts للسوق السعودي ضحلة (١٦٤٩٢ منتجًا إجماليًا، وعمق كل علامة عشرات مقابل مئات فعلية) — تُستخدم للتقاطع بالباركود لا كمصدر أول. المصدر المفضّل: كتالوج المصنّع أو كتالوج التجزئة السعودي.
QGAP-01253,NEEDS_SOURCE,لم يُعثر على مصدر آلي — يحتاج جلبًا من المصنّع أو كتالوج التجزئة,كوكي نجت,Koki nuggets,كوكي,Koki,Koki,PACKAGED,مجمدات,دواجن,nuggets,,KSA,KSA,,HIGH,P1,MISSING,,OFFICIAL_LOCAL,Saudi retailer catalogue (Panda/Othaim/Tamimi/Nana) + barcode,,,,,,,,,,,,,NONE,HIGH,,,,,,,,,كوكي,Koki,تغطية OpenFoodFacts للسوق السعودي ضحلة (١٦٤٩٢ منتجًا إجماليًا، وعمق كل علامة عشرات مقابل مئات فعلية) — تُستخدم للتقاطع بالباركود لا كمصدر أول. المصدر المفضّل: كتالوج المصنّع أو كتالوج التجزئة السعودي.
QGAP-01254,NEEDS_SOURCE,لم يُعثر على مصدر آلي — يحتاج جلبًا من المصنّع أو كتالوج التجزئة,ساديا دجاج كامل مجمد,Sadia frozen whole chicken,ساديا,Sadia,Sadia,PACKAGED,مجمدات,دواجن,frozen whole chicken,,KSA,UNSPECIFIED,,VERY_HIGH,P1,MISSING,,OFFICIAL_MANUFACTURER,Sadia official product page,,,,,,,,,,,,,NONE,HIGH,,,,,,,,,ساديا,Sadia,تغطية OpenFoodFacts للسوق السعودي ضحلة (١٦٤٩٢ منتجًا إجماليًا، وعمق كل علامة عشرات مقابل مئات فعلية) — تُستخدم للتقاطع بالباركود لا كمصدر أول. المصدر المفضّل: كتالوج المصنّع أو كتالوج التجزئة السعودي.
QGAP-01255,NEEDS_SOURCE,لم يُعثر على مصدر آلي — يحتاج جلبًا من المصنّع أو كتالوج التجزئة,ساديا صدور دجاج مجمدة,Sadia frozen chicken breast,ساديا,Sadia,Sadia,PACKAGED,مجمدات,دواجن,frozen chicken breast,,KSA,UNSPECIFIED,,VERY_HIGH,P1,MISSING,,OFFICIAL_MANUFACTURER,Sadia official product page,,,,,,,,,,,,,NONE,HIGH,,,,,,,,,ساديا,Sadia,تغطية OpenFoodFacts للسوق السعودي ضحلة (١٦٤٩٢ منتجًا إجماليًا، وعمق كل علامة عشرات مقابل مئات فعلية) — تُستخدم للتقاطع بالباركود لا كمصدر أول. المصدر المفضّل: كتالوج المصنّع أو كتالوج التجزئة السعودي.
QGAP-01256,NEEDS_SOURCE,لم يُعثر على مصدر آلي — يحتاج جلبًا من المصنّع أو كتالوج التجزئة,ساديا ستربس دجاج,Sadia chicken strips,ساديا,Sadia,Sadia,PACKAGED,مجمدات,دواجن,chicken strips,,KSA,UNSPECIFIED,,VERY_HIGH,P1,MISSING,,OFFICIAL_MANUFACTURER,Sadia official product page,,,,,,,,,,,,,NONE,HIGH,,,,,,,,,ساديا,Sadia,تغطية OpenFoodFacts للسوق السعودي ضحلة (١٦٤٩٢ منتجًا إجماليًا، وعمق كل علامة عشرات مقابل مئات فعلية) — تُستخدم للتقاطع بالباركود لا كمصدر أول. المصدر المفضّل: كتالوج المصنّع أو كتالوج التجزئة السعودي.
QGAP-01257,NEEDS_SOURCE,لم يُعثر على مصدر آلي — يحتاج جلبًا من المصنّع أو كتالوج التجزئة,ساديا أجنحة دجاج,Sadia chicken wings,ساديا,Sadia,Sadia,PACKAGED,مجمدات,دواجن,chicken wings,,KSA,UNSPECIFIED,,VERY_HIGH,P1,MISSING,,OFFICIAL_MANUFACTURER,Sadia official product page,,,,,,,,,,,,,NONE,HIGH,,,,,,,,,ساديا,Sadia,تغطية OpenFoodFacts للسوق السعودي ضحلة (١٦٤٩٢ منتجًا إجماليًا، وعمق كل علامة عشرات مقابل مئات فعلية) — تُستخدم للتقاطع بالباركود لا كمصدر أول. المصدر المفضّل: كتالوج المصنّع أو كتالوج التجزئة السعودي.
QGAP-01258,NEEDS_SOURCE,لم يُعثر على مصدر آلي — يحتاج جلبًا من المصنّع أو كتالوج التجزئة,ساديا ديك رومي,Sadia turkey,ساديا,Sadia,Sadia,PACKAGED,مجمدات,دواجن,turkey,,KSA,UNSPECIFIED,,VERY_HIGH,P1,MISSING,,OFFICIAL_MANUFACTURER,Sadia official product page,,,,,,,,,,,,,NONE,HIGH,,,,,,,,,ساديا,Sadia,تغطية OpenFoodFacts للسوق السعودي ضحلة (١٦٤٩٢ منتجًا إجماليًا، وعمق كل علامة عشرات مقابل مئات فعلية) — تُستخدم للتقاطع بالباركود لا كمصدر أول. المصدر المفضّل: كتالوج المصنّع أو كتالوج التجزئة السعودي.
QGAP-01259,NEEDS_SOURCE,لم يُعثر على مصدر آلي — يحتاج جلبًا من المصنّع أو كتالوج التجزئة,سيارا دجاج كامل,Seara whole chicken,سيارا,Seara,Seara,PACKAGED,مجمدات,دواجن,whole chicken,,KSA,UNSPECIFIED,,HIGH,P1,MISSING,,OFFICIAL_MANUFACTURER,Seara official product page,,,,,,,,,,,,,NONE,HIGH,,,,,,,,,سيارا,Seara,تغطية OpenFoodFacts للسوق السعودي ضحلة (١٦٤٩٢ منتجًا إجماليًا، وعمق كل علامة عشرات مقابل مئات فعلية) — تُستخدم للتقاطع بالباركود لا كمصدر أول. المصدر المفضّل: كتالوج المصنّع أو كتالوج التجزئة السعودي.
QGAP-01261,NEEDS_SOURCE,لم يُعثر على مصدر آلي — يحتاج جلبًا من المصنّع أو كتالوج التجزئة,سيارا ستربس,Seara strips,سيارا,Seara,Seara,PACKAGED,مجمدات,دواجن,strips,,KSA,UNSPECIFIED,,HIGH,P1,MISSING,,OFFICIAL_MANUFACTURER,Seara official product page,,,,,,,,,,,,,NONE,HIGH,,,,,,,,,سيارا,Seara,تغطية OpenFoodFacts للسوق السعودي ضحلة (١٦٤٩٢ منتجًا إجماليًا، وعمق كل علامة عشرات مقابل مئات فعلية) — تُستخدم للتقاطع بالباركود لا كمصدر أول. المصدر المفضّل: كتالوج المصنّع أو كتالوج التجزئة السعودي.
QGAP-01262,NEEDS_SOURCE,لم يُعثر على مصدر آلي — يحتاج جلبًا من المصنّع أو كتالوج التجزئة,الوطنية دجاج طازج كامل,Alwatania Poultry fresh whole chicken,الوطنية,Alwatania Poultry,Alwatania Poultry,PACKAGED,مجمدات,دواجن,fresh whole chicken,,KSA,KSA,,VERY_HIGH,P1,MISSING,,OFFICIAL_LOCAL,Saudi retailer catalogue (Panda/Othaim/Tamimi/Nana) + barcode,,,,,,,,,,,,,NONE,HIGH,,,,,,,,,الوطنية,Alwatania Poultry,تغطية OpenFoodFacts للسوق السعودي ضحلة (١٦٤٩٢ منتجًا إجماليًا، وعمق كل علامة عشرات مقابل مئات فعلية) — تُستخدم للتقاطع بالباركود لا كمصدر أول. المصدر المفضّل: كتالوج المصنّع أو كتالوج التجزئة السعودي.
QGAP-01263,NEEDS_SOURCE,لم يُعثر على مصدر آلي — يحتاج جلبًا من المصنّع أو كتالوج التجزئة,الوطنية صدور دجاج,Alwatania Poultry chicken breast,الوطنية,Alwatania Poultry,Alwatania Poultry,PACKAGED,مجمدات,دواجن,chicken breast,,KSA,KSA,,VERY_HIGH,P1,MISSING,,OFFICIAL_LOCAL,Saudi retailer catalogue (Panda/Othaim/Tamimi/Nana) + barcode,,,,,,,,,,,,,NONE,HIGH,,,,,,,,,الوطنية,Alwatania Poultry,تغطية OpenFoodFacts للسوق السعودي ضحلة (١٦٤٩٢ منتجًا إجماليًا، وعمق كل علامة عشرات مقابل مئات فعلية) — تُستخدم للتقاطع بالباركود لا كمصدر أول. المصدر المفضّل: كتالوج المصنّع أو كتالوج التجزئة السعودي.
QGAP-01264,NEEDS_SOURCE,لم يُعثر على مصدر آلي — يحتاج جلبًا من المصنّع أو كتالوج التجزئة,الوطنية أفخاذ دجاج,Alwatania Poultry chicken thighs,الوطنية,Alwatania Poultry,Alwatania Poultry,PACKAGED,مجمدات,دواجن,chicken thighs,,KSA,KSA,,VERY_HIGH,P1,MISSING,,OFFICIAL_LOCAL,Saudi retailer catalogue (Panda/Othaim/Tamimi/Nana) + barcode,,,,,,,,,,,,,NONE,HIGH,,,,,,,,,الوطنية,Alwatania Poultry,تغطية OpenFoodFacts للسوق السعودي ضحلة (١٦٤٩٢ منتجًا إجماليًا، وعمق كل علامة عشرات مقابل مئات فعلية) — تُستخدم للتقاطع بالباركود لا كمصدر أول. المصدر المفضّل: كتالوج المصنّع أو كتالوج التجزئة السعودي.
QGAP-01268,NEEDS_SOURCE,لم يُعثر على مصدر آلي — يحتاج جلبًا من المصنّع أو كتالوج التجزئة,تنمية نجت,Tanmiah nuggets,تنمية,Tanmiah,Tanmiah,PACKAGED,مجمدات,دواجن,nuggets,,KSA,KSA,,HIGH,P1,MISSING,,OFFICIAL_LOCAL,Saudi retailer catalogue (Panda/Othaim/Tamimi/Nana) + barcode,,,,,,,,,,,,,NONE,HIGH,,,,,,,,,تنمية,Tanmiah,تغطية OpenFoodFacts للسوق السعودي ضحلة (١٦٤٩٢ منتجًا إجماليًا، وعمق كل علامة عشرات مقابل مئات فعلية) — تُستخدم للتقاطع بالباركود لا كمصدر أول. المصدر المفضّل: كتالوج المصنّع أو كتالوج التجزئة السعودي.
QGAP-01270,NEEDS_SOURCE,لم يُعثر على مصدر آلي — يحتاج جلبًا من المصنّع أو كتالوج التجزئة,الفقيه دجاج طازج,Al Fakieh fresh chicken,الفقيه,Al Fakieh,Al Fakieh,PACKAGED,مجمدات,دواجن,fresh chicken,,KSA,KSA,,HIGH,P2,MISSING,,OFFICIAL_LOCAL,Saudi retailer catalogue (Panda/Othaim/Tamimi/Nana) + barcode,,,,,,,,,,,,,NONE,HIGH,,,,,,,,,الفقيه,Al Fakieh,تغطية OpenFoodFacts للسوق السعودي ضحلة (١٦٤٩٢ منتجًا إجماليًا، وعمق كل علامة عشرات مقابل مئات فعلية) — تُستخدم للتقاطع بالباركود لا كمصدر أول. المصدر المفضّل: كتالوج المصنّع أو كتالوج التجزئة السعودي.
QGAP-01271,NEEDS_SOURCE,لم يُعثر على مصدر آلي — يحتاج جلبًا من المصنّع أو كتالوج التجزئة,الفقيه صدور دجاج,Al Fakieh chicken breast,الفقيه,Al Fakieh,Al Fakieh,PACKAGED,مجمدات,دواجن,chicken breast,,KSA,KSA,,HIGH,P2,MISSING,,OFFICIAL_LOCAL,Saudi retailer catalogue (Panda/Othaim/Tamimi/Nana) + barcode,,,,,,,,,,,,,NONE,HIGH,,,,,,,,,الفقيه,Al Fakieh,تغطية OpenFoodFacts للسوق السعودي ضحلة (١٦٤٩٢ منتجًا إجماليًا، وعمق كل علامة عشرات مقابل مئات فعلية) — تُستخدم للتقاطع بالباركود لا كمصدر أول. المصدر المفضّل: كتالوج المصنّع أو كتالوج التجزئة السعودي.
QGAP-01272,NEEDS_SOURCE,لم يُعثر على مصدر آلي — يحتاج جلبًا من المصنّع أو كتالوج التجزئة,إمبورج خضار مجمدة,Emborg frozen vegetables,إمبورج,Emborg,Emborg,PACKAGED,مجمدات,مجمدات,frozen vegetables,,KSA,UNSPECIFIED,,MEDIUM,P2,MISSING,,OFFICIAL_MANUFACTURER,Emborg official product page,,,,,,,,,,,,,NONE,HIGH,,,,,,,,,إمبورج,Emborg,تغطية OpenFoodFacts للسوق السعودي ضحلة (١٦٤٩٢ منتجًا إجماليًا، وعمق كل علامة عشرات مقابل مئات فعلية) — تُستخدم للتقاطع بالباركود لا كمصدر أول. المصدر المفضّل: كتالوج المصنّع أو كتالوج التجزئة السعودي.
QGAP-01273,NEEDS_SOURCE,لم يُعثر على مصدر آلي — يحتاج جلبًا من المصنّع أو كتالوج التجزئة,إمبورج بطاطس,Emborg fries,إمبورج,Emborg,Emborg,PACKAGED,مجمدات,مجمدات,fries,,KSA,UNSPECIFIED,,MEDIUM,P2,MISSING,,OFFICIAL_MANUFACTURER,Emborg official product page,,,,,,,,,,,,,NONE,HIGH,,,,,,,,,إمبورج,Emborg,تغطية OpenFoodFacts للسوق السعودي ضحلة (١٦٤٩٢ منتجًا إجماليًا، وعمق كل علامة عشرات مقابل مئات فعلية) — تُستخدم للتقاطع بالباركود لا كمصدر أول. المصدر المفضّل: كتالوج المصنّع أو كتالوج التجزئة السعودي.
QGAP-01275,NEEDS_SOURCE,لم يُعثر على مصدر آلي — يحتاج جلبًا من المصنّع أو كتالوج التجزئة,إمبورج جبن,Emborg cheese,إمبورج,Emborg,Emborg,PACKAGED,مجمدات,مجمدات,cheese,,KSA,UNSPECIFIED,,MEDIUM,P2,MISSING,,OFFICIAL_MANUFACTURER,Emborg official product page,,,,,,,,,,,,,NONE,HIGH,,,,,,,,,إمبورج,Emborg,تغطية OpenFoodFacts للسوق السعودي ضحلة (١٦٤٩٢ منتجًا إجماليًا، وعمق كل علامة عشرات مقابل مئات فعلية) — تُستخدم للتقاطع بالباركود لا كمصدر أول. المصدر المفضّل: كتالوج المصنّع أو كتالوج التجزئة السعودي.
QGAP-01277,NEEDS_SOURCE,لم يُعثر على مصدر آلي — يحتاج جلبًا من المصنّع أو كتالوج التجزئة,أبو كاس أرز مزة,Abu Kass mazza rice,أبو كاس,Abu Kass,Abu Kass,PACKAGED,حبوب,أرز,mazza rice,,KSA,KSA,,VERY_HIGH,P1,MISSING,,OFFICIAL_LOCAL,Saudi retailer catalogue (Panda/Othaim/Tamimi/Nana) + barcode,,,,,,,,,,,,,NONE,HIGH,,,,,,,,,أبو كاس,Abu Kass,تغطية OpenFoodFacts للسوق السعودي ضحلة (١٦٤٩٢ منتجًا إجماليًا، وعمق كل علامة عشرات مقابل مئات فعلية) — تُستخدم للتقاطع بالباركود لا كمصدر أول. المصدر المفضّل: كتالوج المصنّع أو كتالوج التجزئة السعودي.
QGAP-01279,NEEDS_SOURCE,لم يُعثر على مصدر آلي — يحتاج جلبًا من المصنّع أو كتالوج التجزئة,الشعلان أرز بسمتي,Al Shalan basmati rice,الشعلان,Al Shalan,Al Shalan,PACKAGED,حبوب,أرز,basmati rice,,KSA,KSA,,HIGH,P2,MISSING,,OFFICIAL_LOCAL,Saudi retailer catalogue (Panda/Othaim/Tamimi/Nana) + barcode,,,,,,,,,,,,,NONE,HIGH,,,,,,,,,الشعلان,Al Shalan,تغطية OpenFoodFacts للسوق السعودي ضحلة (١٦٤٩٢ منتجًا إجماليًا، وعمق كل علامة عشرات مقابل مئات فعلية) — تُستخدم للتقاطع بالباركود لا كمصدر أول. المصدر المفضّل: كتالوج المصنّع أو كتالوج التجزئة السعودي.
QGAP-01283,NEEDS_SOURCE,لم يُعثر على مصدر آلي — يحتاج جلبًا من المصنّع أو كتالوج التجزئة,عافية زيت نباتي,Afia vegetable oil,عافية,Afia,Afia,PACKAGED,دهون,زيوت,vegetable oil,,KSA,UNSPECIFIED,,VERY_HIGH,P1,MISSING,,OFFICIAL_MANUFACTURER,Afia official product page,,,,,,,,,,,,,NONE,HIGH,,,,,,,,,عافية,Afia,تغطية OpenFoodFacts للسوق السعودي ضحلة (١٦٤٩٢ منتجًا إجماليًا، وعمق كل علامة عشرات مقابل مئات فعلية) — تُستخدم للتقاطع بالباركود لا كمصدر أول. المصدر المفضّل: كتالوج المصنّع أو كتالوج التجزئة السعودي.
QGAP-01285,NEEDS_SOURCE,لم يُعثر على مصدر آلي — يحتاج جلبًا من المصنّع أو كتالوج التجزئة,عافية زيت كانولا,Afia canola oil,عافية,Afia,Afia,PACKAGED,دهون,زيوت,canola oil,,KSA,UNSPECIFIED,,VERY_HIGH,P1,MISSING,,OFFICIAL_MANUFACTURER,Afia official product page,,,,,,,,,,,,,NONE,HIGH,,,,,,,,,عافية,Afia,تغطية OpenFoodFacts للسوق السعودي ضحلة (١٦٤٩٢ منتجًا إجماليًا، وعمق كل علامة عشرات مقابل مئات فعلية) — تُستخدم للتقاطع بالباركود لا كمصدر أول. المصدر المفضّل: كتالوج المصنّع أو كتالوج التجزئة السعودي.
QGAP-01286,NEEDS_SOURCE,لم يُعثر على مصدر آلي — يحتاج جلبًا من المصنّع أو كتالوج التجزئة,نور زيت نباتي,Noor vegetable oil,نور,Noor,Noor,PACKAGED,دهون,زيوت,vegetable oil,,KSA,KSA,,HIGH,P2,MISSING,,OFFICIAL_LOCAL,Saudi retailer catalogue (Panda/Othaim/Tamimi/Nana) + barcode,,,,,,,,,,,,,NONE,HIGH,,,,,,,,,نور,Noor,تغطية OpenFoodFacts للسوق السعودي ضحلة (١٦٤٩٢ منتجًا إجماليًا، وعمق كل علامة عشرات مقابل مئات فعلية) — تُستخدم للتقاطع بالباركود لا كمصدر أول. المصدر المفضّل: كتالوج المصنّع أو كتالوج التجزئة السعودي.
QGAP-01287,NEEDS_SOURCE,لم يُعثر على مصدر آلي — يحتاج جلبًا من المصنّع أو كتالوج التجزئة,نور زيت دوار الشمس,Noor sunflower oil,نور,Noor,Noor,PACKAGED,دهون,زيوت,sunflower oil,,KSA,KSA,,HIGH,P2,MISSING,,OFFICIAL_LOCAL,Saudi retailer catalogue (Panda/Othaim/Tamimi/Nana) + barcode,,,,,,,,,,,,,NONE,HIGH,,,,,,,,,نور,Noor,تغطية OpenFoodFacts للسوق السعودي ضحلة (١٦٤٩٢ منتجًا إجماليًا، وعمق كل علامة عشرات مقابل مئات فعلية) — تُستخدم للتقاطع بالباركود لا كمصدر أول. المصدر المفضّل: كتالوج المصنّع أو كتالوج التجزئة السعودي.
QGAP-01288,NEEDS_SOURCE,لم يُعثر على مصدر آلي — يحتاج جلبًا من المصنّع أو كتالوج التجزئة,العربي زيت نباتي,Al Arabi vegetable oil,العربي,Al Arabi,Al Arabi,PACKAGED,دهون,زيوت,vegetable oil,,KSA,KSA,,HIGH,P2,MISSING,,OFFICIAL_LOCAL,Saudi retailer catalogue (Panda/Othaim/Tamimi/Nana) + barcode,,,,,,,,,,,,,NONE,HIGH,,,,,,,,,العربي,Al Arabi,تغطية OpenFoodFacts للسوق السعودي ضحلة (١٦٤٩٢ منتجًا إجماليًا، وعمق كل علامة عشرات مقابل مئات فعلية) — تُستخدم للتقاطع بالباركود لا كمصدر أول. المصدر المفضّل: كتالوج المصنّع أو كتالوج التجزئة السعودي.
QGAP-01289,NEEDS_SOURCE,لم يُعثر على مصدر آلي — يحتاج جلبًا من المصنّع أو كتالوج التجزئة,العربي زيت ذرة,Al Arabi corn oil,العربي,Al Arabi,Al Arabi,PACKAGED,دهون,زيوت,corn oil,,KSA,KSA,,HIGH,P2,MISSING,,OFFICIAL_LOCAL,Saudi retailer catalogue (Panda/Othaim/Tamimi/Nana) + barcode,,,,,,,,,,,,,NONE,HIGH,,,,,,,,,العربي,Al Arabi,تغطية OpenFoodFacts للسوق السعودي ضحلة (١٦٤٩٢ منتجًا إجماليًا، وعمق كل علامة عشرات مقابل مئات فعلية) — تُستخدم للتقاطع بالباركود لا كمصدر أول. المصدر المفضّل: كتالوج المصنّع أو كتالوج التجزئة السعودي.
QGAP-01291,NEEDS_SOURCE,لم يُعثر على مصدر آلي — يحتاج جلبًا من المصنّع أو كتالوج التجزئة,العلالي حمص,Al Alali chickpeas,العلالي,Al Alali,Al Alali,PACKAGED,أطعمة معلبة,معلبات,chickpeas,,KSA,KSA,,VERY_HIGH,P1,MISSING,,OFFICIAL_LOCAL,Saudi retailer catalogue (Panda/Othaim/Tamimi/Nana) + barcode,,,,,,,,,,,,,NONE,HIGH,,,,,,,,,العلالي,Al Alali,تغطية OpenFoodFacts للسوق السعودي ضحلة (١٦٤٩٢ منتجًا إجماليًا، وعمق كل علامة عشرات مقابل مئات فعلية) — تُستخدم للتقاطع بالباركود لا كمصدر أول. المصدر المفضّل: كتالوج المصنّع أو كتالوج التجزئة السعودي.
QGAP-01294,NEEDS_SOURCE,لم يُعثر على مصدر آلي — يحتاج جلبًا من المصنّع أو كتالوج التجزئة,العلالي طماطم مقشرة,Al Alali peeled tomatoes,العلالي,Al Alali,Al Alali,PACKAGED,أطعمة معلبة,معلبات,peeled tomatoes,,KSA,KSA,,VERY_HIGH,P1,MISSING,,OFFICIAL_LOCAL,Saudi retailer catalogue (Panda/Othaim/Tamimi/Nana) + barcode,,,,,,,,,,,,,NONE,HIGH,,,,,,,,,العلالي,Al Alali,تغطية OpenFoodFacts للسوق السعودي ضحلة (١٦٤٩٢ منتجًا إجماليًا، وعمق كل علامة عشرات مقابل مئات فعلية) — تُستخدم للتقاطع بالباركود لا كمصدر أول. المصدر المفضّل: كتالوج المصنّع أو كتالوج التجزئة السعودي.
QGAP-01295,NEEDS_SOURCE,لم يُعثر على مصدر آلي — يحتاج جلبًا من المصنّع أو كتالوج التجزئة,العلالي معجون طماطم,Al Alali tomato paste,العلالي,Al Alali,Al Alali,PACKAGED,أطعمة معلبة,معلبات,tomato paste,,KSA,KSA,,VERY_HIGH,P1,MISSING,,OFFICIAL_LOCAL,Saudi retailer catalogue (Panda/Othaim/Tamimi/Nana) + barcode,,,,,,,,,,,,,NONE,HIGH,,,,,,,,,العلالي,Al Alali,تغطية OpenFoodFacts للسوق السعودي ضحلة (١٦٤٩٢ منتجًا إجماليًا، وعمق كل علامة عشرات مقابل مئات فعلية) — تُستخدم للتقاطع بالباركود لا كمصدر أول. المصدر المفضّل: كتالوج المصنّع أو كتالوج التجزئة السعودي.
QGAP-01296,NEEDS_SOURCE,لم يُعثر على مصدر آلي — يحتاج جلبًا من المصنّع أو كتالوج التجزئة,العلالي مشروم,Al Alali mushrooms,العلالي,Al Alali,Al Alali,PACKAGED,أطعمة معلبة,معلبات,mushrooms,,KSA,KSA,,VERY_HIGH,P1,MISSING,,OFFICIAL_LOCAL,Saudi retailer catalogue (Panda/Othaim/Tamimi/Nana) + barcode,,,,,,,,,,,,,NONE,HIGH,,,,,,,,,العلالي,Al Alali,تغطية OpenFoodFacts للسوق السعودي ضحلة (١٦٤٩٢ منتجًا إجماليًا، وعمق كل علامة عشرات مقابل مئات فعلية) — تُستخدم للتقاطع بالباركود لا كمصدر أول. المصدر المفضّل: كتالوج المصنّع أو كتالوج التجزئة السعودي.
QGAP-01297,NEEDS_SOURCE,لم يُعثر على مصدر آلي — يحتاج جلبًا من المصنّع أو كتالوج التجزئة,العلالي زيتون أخضر,Al Alali green olives,العلالي,Al Alali,Al Alali,PACKAGED,أطعمة معلبة,معلبات,green olives,,KSA,KSA,,VERY_HIGH,P1,MISSING,,OFFICIAL_LOCAL,Saudi retailer catalogue (Panda/Othaim/Tamimi/Nana) + barcode,,,,,,,,,,,,,NONE,HIGH,,,,,,,,,العلالي,Al Alali,تغطية OpenFoodFacts للسوق السعودي ضحلة (١٦٤٩٢ منتجًا إجماليًا، وعمق كل علامة عشرات مقابل مئات فعلية) — تُستخدم للتقاطع بالباركود لا كمصدر أول. المصدر المفضّل: كتالوج المصنّع أو كتالوج التجزئة السعودي.
QGAP-01298,NEEDS_SOURCE,لم يُعثر على مصدر آلي — يحتاج جلبًا من المصنّع أو كتالوج التجزئة,العلالي زيتون أسود,Al Alali black olives,العلالي,Al Alali,Al Alali,PACKAGED,أطعمة معلبة,معلبات,black olives,,KSA,KSA,,VERY_HIGH,P1,MISSING,,OFFICIAL_LOCAL,Saudi retailer catalogue (Panda/Othaim/Tamimi/Nana) + barcode,,,,,,,,,,,,,NONE,HIGH,,,,,,,,,العلالي,Al Alali,تغطية OpenFoodFacts للسوق السعودي ضحلة (١٦٤٩٢ منتجًا إجماليًا، وعمق كل علامة عشرات مقابل مئات فعلية) — تُستخدم للتقاطع بالباركود لا كمصدر أول. المصدر المفضّل: كتالوج المصنّع أو كتالوج التجزئة السعودي.
QGAP-01299,NEEDS_SOURCE,لم يُعثر على مصدر آلي — يحتاج جلبًا من المصنّع أو كتالوج التجزئة,العلالي مخلل,Al Alali pickles,العلالي,Al Alali,Al Alali,PACKAGED,أطعمة معلبة,معلبات,pickles,,KSA,KSA,,VERY_HIGH,P1,MISSING,,OFFICIAL_LOCAL,Saudi retailer catalogue (Panda/Othaim/Tamimi/Nana) + barcode,,,,,,,,,,,,,NONE,HIGH,,,,,,,,,العلالي,Al Alali,تغطية OpenFoodFacts للسوق السعودي ضحلة (١٦٤٩٢ منتجًا إجماليًا، وعمق كل علامة عشرات مقابل مئات فعلية) — تُستخدم للتقاطع بالباركود لا كمصدر أول. المصدر المفضّل: كتالوج المصنّع أو كتالوج التجزئة السعودي.
QGAP-01300,NEEDS_SOURCE,لم يُعثر على مصدر آلي — يحتاج جلبًا من المصنّع أو كتالوج التجزئة,العلالي كاتشب,Al Alali ketchup,العلالي,Al Alali,Al Alali,PACKAGED,أطعمة معلبة,معلبات,ketchup,,KSA,KSA,,VERY_HIGH,P1,MISSING,,OFFICIAL_LOCAL,Saudi retailer catalogue (Panda/Othaim/Tamimi/Nana) + barcode,,,,,,,,,,,,,NONE,HIGH,,,,,,,,,العلالي,Al Alali,تغطية OpenFoodFacts للسوق السعودي ضحلة (١٦٤٩٢ منتجًا إجماليًا، وعمق كل علامة عشرات مقابل مئات فعلية) — تُستخدم للتقاطع بالباركود لا كمصدر أول. المصدر المفضّل: كتالوج المصنّع أو كتالوج التجزئة السعودي.
QGAP-01301,NEEDS_SOURCE,لم يُعثر على مصدر آلي — يحتاج جلبًا من المصنّع أو كتالوج التجزئة,العلالي مايونيز,Al Alali mayonnaise,العلالي,Al Alali,Al Alali,PACKAGED,أطعمة معلبة,معلبات,mayonnaise,,KSA,KSA,,VERY_HIGH,P1,MISSING,,OFFICIAL_LOCAL,Saudi retailer catalogue (Panda/Othaim/Tamimi/Nana) + barcode,,,,,,,,,,,,,NONE,HIGH,,,,,,,,,العلالي,Al Alali,تغطية OpenFoodFacts للسوق السعودي ضحلة (١٦٤٩٢ منتجًا إجماليًا، وعمق كل علامة عشرات مقابل مئات فعلية) — تُستخدم للتقاطع بالباركود لا كمصدر أول. المصدر المفضّل: كتالوج المصنّع أو كتالوج التجزئة السعودي.
QGAP-01302,NEEDS_SOURCE,لم يُعثر على مصدر آلي — يحتاج جلبًا من المصنّع أو كتالوج التجزئة,العلالي خل,Al Alali vinegar,العلالي,Al Alali,Al Alali,PACKAGED,أطعمة معلبة,معلبات,vinegar,,KSA,KSA,,VERY_HIGH,P1,MISSING,,OFFICIAL_LOCAL,Saudi retailer catalogue (Panda/Othaim/Tamimi/Nana) + barcode,,,,,,,,,,,,,NONE,HIGH,,,,,,,,,العلالي,Al Alali,تغطية OpenFoodFacts للسوق السعودي ضحلة (١٦٤٩٢ منتجًا إجماليًا، وعمق كل علامة عشرات مقابل مئات فعلية) — تُستخدم للتقاطع بالباركود لا كمصدر أول. المصدر المفضّل: كتالوج المصنّع أو كتالوج التجزئة السعودي.
QGAP-01304,NEEDS_SOURCE,لم يُعثر على مصدر آلي — يحتاج جلبًا من المصنّع أو كتالوج التجزئة,العلالي دقيق,Al Alali flour,العلالي,Al Alali,Al Alali,PACKAGED,أطعمة معلبة,معلبات,flour,,KSA,KSA,,VERY_HIGH,P1,MISSING,,OFFICIAL_LOCAL,Saudi retailer catalogue (Panda/Othaim/Tamimi/Nana) + barcode,,,,,,,,,,,,,NONE,HIGH,,,,,,,,,العلالي,Al Alali,تغطية OpenFoodFacts للسوق السعودي ضحلة (١٦٤٩٢ منتجًا إجماليًا، وعمق كل علامة عشرات مقابل مئات فعلية) — تُستخدم للتقاطع بالباركود لا كمصدر أول. المصدر المفضّل: كتالوج المصنّع أو كتالوج التجزئة السعودي.
QGAP-01305,NEEDS_SOURCE,لم يُعثر على مصدر آلي — يحتاج جلبًا من المصنّع أو كتالوج التجزئة,العلالي خميرة,Al Alali yeast,العلالي,Al Alali,Al Alali,PACKAGED,أطعمة معلبة,معلبات,yeast,,KSA,KSA,,VERY_HIGH,P1,MISSING,,OFFICIAL_LOCAL,Saudi retailer catalogue (Panda/Othaim/Tamimi/Nana) + barcode,,,,,,,,,,,,,NONE,HIGH,,,,,,,,,العلالي,Al Alali,تغطية OpenFoodFacts للسوق السعودي ضحلة (١٦٤٩٢ منتجًا إجماليًا، وعمق كل علامة عشرات مقابل مئات فعلية) — تُستخدم للتقاطع بالباركود لا كمصدر أول. المصدر المفضّل: كتالوج المصنّع أو كتالوج التجزئة السعودي.
QGAP-01306,NEEDS_SOURCE,لم يُعثر على مصدر آلي — يحتاج جلبًا من المصنّع أو كتالوج التجزئة,كاليفورنيا جاردن فول مدمس,California Garden foul mudammas,كاليفورنيا جاردن,California Garden,California Garden,PACKAGED,أطعمة معلبة,معلبات,foul mudammas,,KSA,KSA,,VERY_HIGH,P1,MISSING,,OFFICIAL_LOCAL,Saudi retailer catalogue (Panda/Othaim/Tamimi/Nana) + barcode,,,,,,,,,,,,,NONE,HIGH,,,,,,,,,كاليفورنيا جاردن,California Garden,تغطية OpenFoodFacts للسوق السعودي ضحلة (١٦٤٩٢ منتجًا إجماليًا، وعمق كل علامة عشرات مقابل مئات فعلية) — تُستخدم للتقاطع بالباركود لا كمصدر أول. المصدر المفضّل: كتالوج المصنّع أو كتالوج التجزئة السعودي.
QGAP-01307,NEEDS_SOURCE,لم يُعثر على مصدر آلي — يحتاج جلبًا من المصنّع أو كتالوج التجزئة,كاليفورنيا جاردن فول بالزيت الحار,California Garden spicy foul,كاليفورنيا جاردن,California Garden,California Garden,PACKAGED,أطعمة معلبة,معلبات,spicy foul,,KSA,KSA,,VERY_HIGH,P1,MISSING,,OFFICIAL_LOCAL,Saudi retailer catalogue (Panda/Othaim/Tamimi/Nana) + barcode,,,,,,,,,,,,,NONE,HIGH,,,,,,,,,كاليفورنيا جاردن,California Garden,تغطية OpenFoodFacts للسوق السعودي ضحلة (١٦٤٩٢ منتجًا إجماليًا، وعمق كل علامة عشرات مقابل مئات فعلية) — تُستخدم للتقاطع بالباركود لا كمصدر أول. المصدر المفضّل: كتالوج المصنّع أو كتالوج التجزئة السعودي.
QGAP-01308,NEEDS_SOURCE,لم يُعثر على مصدر آلي — يحتاج جلبًا من المصنّع أو كتالوج التجزئة,كاليفورنيا جاردن حمص,California Garden chickpeas,كاليفورنيا جاردن,California Garden,California Garden,PACKAGED,أطعمة معلبة,معلبات,chickpeas,,KSA,KSA,,VERY_HIGH,P1,MISSING,,OFFICIAL_LOCAL,Saudi retailer catalogue (Panda/Othaim/Tamimi/Nana) + barcode,,,,,,,,,,,,,NONE,HIGH,,,,,,,,,كاليفورنيا جاردن,California Garden,تغطية OpenFoodFacts للسوق السعودي ضحلة (١٦٤٩٢ منتجًا إجماليًا، وعمق كل علامة عشرات مقابل مئات فعلية) — تُستخدم للتقاطع بالباركود لا كمصدر أول. المصدر المفضّل: كتالوج المصنّع أو كتالوج التجزئة السعودي.
QGAP-01309,NEEDS_SOURCE,لم يُعثر على مصدر آلي — يحتاج جلبًا من المصنّع أو كتالوج التجزئة,كاليفورنيا جاردن فاصوليا,California Garden beans,كاليفورنيا جاردن,California Garden,California Garden,PACKAGED,أطعمة معلبة,معلبات,beans,,KSA,KSA,,VERY_HIGH,P1,MISSING,,OFFICIAL_LOCAL,Saudi retailer catalogue (Panda/Othaim/Tamimi/Nana) + barcode,,,,,,,,,,,,,NONE,HIGH,,,,,,,,,كاليفورنيا جاردن,California Garden,تغطية OpenFoodFacts للسوق السعودي ضحلة (١٦٤٩٢ منتجًا إجماليًا، وعمق كل علامة عشرات مقابل مئات فعلية) — تُستخدم للتقاطع بالباركود لا كمصدر أول. المصدر المفضّل: كتالوج المصنّع أو كتالوج التجزئة السعودي.
QGAP-01310,NEEDS_SOURCE,لم يُعثر على مصدر آلي — يحتاج جلبًا من المصنّع أو كتالوج التجزئة,كاليفورنيا جاردن تونة,California Garden tuna,كاليفورنيا جاردن,California Garden,California Garden,PACKAGED,أطعمة معلبة,معلبات,tuna,,KSA,KSA,,VERY_HIGH,P1,MISSING,,OFFICIAL_LOCAL,Saudi retailer catalogue (Panda/Othaim/Tamimi/Nana) + barcode,,,,,,,,,,,,,NONE,HIGH,,,,,,,,,كاليفورنيا جاردن,California Garden,تغطية OpenFoodFacts للسوق السعودي ضحلة (١٦٤٩٢ منتجًا إجماليًا، وعمق كل علامة عشرات مقابل مئات فعلية) — تُستخدم للتقاطع بالباركود لا كمصدر أول. المصدر المفضّل: كتالوج المصنّع أو كتالوج التجزئة السعودي.
QGAP-01311,NEEDS_SOURCE,لم يُعثر على مصدر آلي — يحتاج جلبًا من المصنّع أو كتالوج التجزئة,كاليفورنيا جاردن ذرة,California Garden corn,كاليفورنيا جاردن,California Garden,California Garden,PACKAGED,أطعمة معلبة,معلبات,corn,,KSA,KSA,,VERY_HIGH,P1,MISSING,,OFFICIAL_LOCAL,Saudi retailer catalogue (Panda/Othaim/Tamimi/Nana) + barcode,,,,,,,,,,,,,NONE,HIGH,,,,,,,,,كاليفورنيا جاردن,California Garden,تغطية OpenFoodFacts للسوق السعودي ضحلة (١٦٤٩٢ منتجًا إجماليًا، وعمق كل علامة عشرات مقابل مئات فعلية) — تُستخدم للتقاطع بالباركود لا كمصدر أول. المصدر المفضّل: كتالوج المصنّع أو كتالوج التجزئة السعودي.
QGAP-01312,NEEDS_SOURCE,لم يُعثر على مصدر آلي — يحتاج جلبًا من المصنّع أو كتالوج التجزئة,كاليفورنيا جاردن عدس,California Garden lentils,كاليفورنيا جاردن,California Garden,California Garden,PACKAGED,أطعمة معلبة,معلبات,lentils,,KSA,KSA,,VERY_HIGH,P1,MISSING,,OFFICIAL_LOCAL,Saudi retailer catalogue (Panda/Othaim/Tamimi/Nana) + barcode,,,,,,,,,,,,,NONE,HIGH,,,,,,,,,كاليفورنيا جاردن,California Garden,تغطية OpenFoodFacts للسوق السعودي ضحلة (١٦٤٩٢ منتجًا إجماليًا، وعمق كل علامة عشرات مقابل مئات فعلية) — تُستخدم للتقاطع بالباركود لا كمصدر أول. المصدر المفضّل: كتالوج المصنّع أو كتالوج التجزئة السعودي.
QGAP-01314,NEEDS_SOURCE,لم يُعثر على مصدر آلي — يحتاج جلبًا من المصنّع أو كتالوج التجزئة,لونا تونة بالماء,Luna tuna in water,لونا,Luna,Luna,PACKAGED,أطعمة معلبة,معلبات,tuna in water,,KSA,KSA,,HIGH,P1,MISSING,,OFFICIAL_LOCAL,Saudi retailer catalogue (Panda/Othaim/Tamimi/Nana) + barcode,,,,,,,,,,,,,NONE,HIGH,,,,,,,,,لونا,Luna,تغطية OpenFoodFacts للسوق السعودي ضحلة (١٦٤٩٢ منتجًا إجماليًا، وعمق كل علامة عشرات مقابل مئات فعلية) — تُستخدم للتقاطع بالباركود لا كمصدر أول. المصدر المفضّل: كتالوج المصنّع أو كتالوج التجزئة السعودي.
QGAP-01315,NEEDS_SOURCE,لم يُعثر على مصدر آلي — يحتاج جلبًا من المصنّع أو كتالوج التجزئة,لونا حليب مبخر,Luna evaporated milk,لونا,Luna,Luna,PACKAGED,أطعمة معلبة,معلبات,evaporated milk,,KSA,KSA,,HIGH,P1,MISSING,,OFFICIAL_LOCAL,Saudi retailer catalogue (Panda/Othaim/Tamimi/Nana) + barcode,,,,,,,,,,,,,NONE,HIGH,,,,,,,,,لونا,Luna,تغطية OpenFoodFacts للسوق السعودي ضحلة (١٦٤٩٢ منتجًا إجماليًا، وعمق كل علامة عشرات مقابل مئات فعلية) — تُستخدم للتقاطع بالباركود لا كمصدر أول. المصدر المفضّل: كتالوج المصنّع أو كتالوج التجزئة السعودي.
QGAP-01316,NEEDS_SOURCE,لم يُعثر على مصدر آلي — يحتاج جلبًا من المصنّع أو كتالوج التجزئة,لونا فول,Luna foul,لونا,Luna,Luna,PACKAGED,أطعمة معلبة,معلبات,foul,,KSA,KSA,,HIGH,P1,MISSING,,OFFICIAL_LOCAL,Saudi retailer catalogue (Panda/Othaim/Tamimi/Nana) + barcode,,,,,,,,,,,,,NONE,HIGH,,,,,,,,,لونا,Luna,تغطية OpenFoodFacts للسوق السعودي ضحلة (١٦٤٩٢ منتجًا إجماليًا، وعمق كل علامة عشرات مقابل مئات فعلية) — تُستخدم للتقاطع بالباركود لا كمصدر أول. المصدر المفضّل: كتالوج المصنّع أو كتالوج التجزئة السعودي.
QGAP-01317,NEEDS_SOURCE,لم يُعثر على مصدر آلي — يحتاج جلبًا من المصنّع أو كتالوج التجزئة,لونا لحم معلب,Luna canned meat,لونا,Luna,Luna,PACKAGED,أطعمة معلبة,معلبات,canned meat,,KSA,KSA,,HIGH,P1,MISSING,,OFFICIAL_LOCAL,Saudi retailer catalogue (Panda/Othaim/Tamimi/Nana) + barcode,,,,,,,,,,,,,NONE,HIGH,,,,,,,,,لونا,Luna,تغطية OpenFoodFacts للسوق السعودي ضحلة (١٦٤٩٢ منتجًا إجماليًا، وعمق كل علامة عشرات مقابل مئات فعلية) — تُستخدم للتقاطع بالباركود لا كمصدر أول. المصدر المفضّل: كتالوج المصنّع أو كتالوج التجزئة السعودي.
QGAP-01318,NEEDS_SOURCE,لم يُعثر على مصدر آلي — يحتاج جلبًا من المصنّع أو كتالوج التجزئة,الشفا عسل طبيعي,Al Shifa natural honey,الشفا,Al Shifa,Al Shifa,PACKAGED,أطعمة معلبة,عسل,natural honey,,KSA,KSA,,HIGH,P2,MISSING,,OFFICIAL_LOCAL,Saudi retailer catalogue (Panda/Othaim/Tamimi/Nana) + barcode,,,,,,,,,,,,,NONE,HIGH,,,,,,,,,الشفا,Al Shifa,تغطية OpenFoodFacts للسوق السعودي ضحلة (١٦٤٩٢ منتجًا إجماليًا، وعمق كل علامة عشرات مقابل مئات فعلية) — تُستخدم للتقاطع بالباركود لا كمصدر أول. المصدر المفضّل: كتالوج المصنّع أو كتالوج التجزئة السعودي.
QGAP-01319,NEEDS_SOURCE,لم يُعثر على مصدر آلي — يحتاج جلبًا من المصنّع أو كتالوج التجزئة,الشفا عسل بالملكي,Al Shifa royal jelly honey,الشفا,Al Shifa,Al Shifa,PACKAGED,أطعمة معلبة,عسل,royal jelly honey,,KSA,KSA,,HIGH,P2,MISSING,,OFFICIAL_LOCAL,Saudi retailer catalogue (Panda/Othaim/Tamimi/Nana) + barcode,,,,,,,,,,,,,NONE,HIGH,,,,,,,,,الشفا,Al Shifa,تغطية OpenFoodFacts للسوق السعودي ضحلة (١٦٤٩٢ منتجًا إجماليًا، وعمق كل علامة عشرات مقابل مئات فعلية) — تُستخدم للتقاطع بالباركود لا كمصدر أول. المصدر المفضّل: كتالوج المصنّع أو كتالوج التجزئة السعودي.
QGAP-01321,NEEDS_SOURCE,لم يُعثر على مصدر آلي — يحتاج جلبًا من المصنّع أو كتالوج التجزئة,إندومي مي جورينج,Indomie Mi Goreng,إندومي,Indomie,Indomie,PACKAGED,حبوب,نودلز,Mi Goreng,,KSA,UNSPECIFIED,,VERY_HIGH,P0,MISSING,,OFFICIAL_MANUFACTURER,Indomie official product page,,,,,,,,,,,,,NONE,HIGH,,,,,,,,,إندومي,Indomie,تغطية OpenFoodFacts للسوق السعودي ضحلة (١٦٤٩٢ منتجًا إجماليًا، وعمق كل علامة عشرات مقابل مئات فعلية) — تُستخدم للتقاطع بالباركود لا كمصدر أول. المصدر المفضّل: كتالوج المصنّع أو كتالوج التجزئة السعودي.
QGAP-01322,NEEDS_SOURCE,لم يُعثر على مصدر آلي — يحتاج جلبًا من المصنّع أو كتالوج التجزئة,إندومي خضار,Indomie vegetable,إندومي,Indomie,Indomie,PACKAGED,حبوب,نودلز,vegetable,,KSA,UNSPECIFIED,,VERY_HIGH,P0,MISSING,,OFFICIAL_MANUFACTURER,Indomie official product page,,,,,,,,,,,,,NONE,HIGH,,,,,,,,,إندومي,Indomie,تغطية OpenFoodFacts للسوق السعودي ضحلة (١٦٤٩٢ منتجًا إجماليًا، وعمق كل علامة عشرات مقابل مئات فعلية) — تُستخدم للتقاطع بالباركود لا كمصدر أول. المصدر المفضّل: كتالوج المصنّع أو كتالوج التجزئة السعودي.
QGAP-01324,NEEDS_SOURCE,لم يُعثر على مصدر آلي — يحتاج جلبًا من المصنّع أو كتالوج التجزئة,إندومي حار,Indomie hot and spicy,إندومي,Indomie,Indomie,PACKAGED,حبوب,نودلز,hot and spicy,,KSA,UNSPECIFIED,,VERY_HIGH,P0,MISSING,,OFFICIAL_MANUFACTURER,Indomie official product page,,,,,,,,,,,,,NONE,HIGH,,,,,,,,,إندومي,Indomie,تغطية OpenFoodFacts للسوق السعودي ضحلة (١٦٤٩٢ منتجًا إجماليًا، وعمق كل علامة عشرات مقابل مئات فعلية) — تُستخدم للتقاطع بالباركود لا كمصدر أول. المصدر المفضّل: كتالوج المصنّع أو كتالوج التجزئة السعودي.
QGAP-01325,NEEDS_SOURCE,لم يُعثر على مصدر آلي — يحتاج جلبًا من المصنّع أو كتالوج التجزئة,إندومي باربكيو,Indomie BBQ chicken,إندومي,Indomie,Indomie,PACKAGED,حبوب,نودلز,BBQ chicken,,KSA,UNSPECIFIED,,VERY_HIGH,P0,MISSING,,OFFICIAL_MANUFACTURER,Indomie official product page,,,,,,,,,,,,,NONE,HIGH,,,,,,,,,إندومي,Indomie,تغطية OpenFoodFacts للسوق السعودي ضحلة (١٦٤٩٢ منتجًا إجماليًا، وعمق كل علامة عشرات مقابل مئات فعلية) — تُستخدم للتقاطع بالباركود لا كمصدر أول. المصدر المفضّل: كتالوج المصنّع أو كتالوج التجزئة السعودي.
QGAP-01326,NEEDS_SOURCE,لم يُعثر على مصدر آلي — يحتاج جلبًا من المصنّع أو كتالوج التجزئة,إندومي كوب,Indomie cup noodles,إندومي,Indomie,Indomie,PACKAGED,حبوب,نودلز,cup noodles,,KSA,UNSPECIFIED,,VERY_HIGH,P0,MISSING,,OFFICIAL_MANUFACTURER,Indomie official product page,,,,,,,,,,,,,NONE,HIGH,,,,,,,,,إندومي,Indomie,تغطية OpenFoodFacts للسوق السعودي ضحلة (١٦٤٩٢ منتجًا إجماليًا، وعمق كل علامة عشرات مقابل مئات فعلية) — تُستخدم للتقاطع بالباركود لا كمصدر أول. المصدر المفضّل: كتالوج المصنّع أو كتالوج التجزئة السعودي.
QGAP-01327,NEEDS_SOURCE,لم يُعثر على مصدر آلي — يحتاج جلبًا من المصنّع أو كتالوج التجزئة,ماجي مكعبات دجاج,Maggi chicken stock cubes,ماجي,Maggi,Maggi,PACKAGED,أطعمة معلبة,توابل وشوربات,chicken stock cubes,,KSA,UNSPECIFIED,,VERY_HIGH,P1,MISSING,,OFFICIAL_MANUFACTURER,Maggi official product page,,,,,,,,,,,,,NONE,HIGH,,,,,,,,,ماجي,Maggi,تغطية OpenFoodFacts للسوق السعودي ضحلة (١٦٤٩٢ منتجًا إجماليًا، وعمق كل علامة عشرات مقابل مئات فعلية) — تُستخدم للتقاطع بالباركود لا كمصدر أول. المصدر المفضّل: كتالوج المصنّع أو كتالوج التجزئة السعودي.
QGAP-01328,NEEDS_SOURCE,لم يُعثر على مصدر آلي — يحتاج جلبًا من المصنّع أو كتالوج التجزئة,ماجي مكعبات لحم,Maggi beef stock cubes,ماجي,Maggi,Maggi,PACKAGED,أطعمة معلبة,توابل وشوربات,beef stock cubes,,KSA,UNSPECIFIED,,VERY_HIGH,P1,MISSING,,OFFICIAL_MANUFACTURER,Maggi official product page,,,,,,,,,,,,,NONE,HIGH,,,,,,,,,ماجي,Maggi,تغطية OpenFoodFacts للسوق السعودي ضحلة (١٦٤٩٢ منتجًا إجماليًا، وعمق كل علامة عشرات مقابل مئات فعلية) — تُستخدم للتقاطع بالباركود لا كمصدر أول. المصدر المفضّل: كتالوج المصنّع أو كتالوج التجزئة السعودي.
QGAP-01329,NEEDS_SOURCE,لم يُعثر على مصدر آلي — يحتاج جلبًا من المصنّع أو كتالوج التجزئة,ماجي شوربة خضار,Maggi vegetable soup,ماجي,Maggi,Maggi,PACKAGED,أطعمة معلبة,توابل وشوربات,vegetable soup,,KSA,UNSPECIFIED,,VERY_HIGH,P1,MISSING,,OFFICIAL_MANUFACTURER,Maggi official product page,,,,,,,,,,,,,NONE,HIGH,,,,,,,,,ماجي,Maggi,تغطية OpenFoodFacts للسوق السعودي ضحلة (١٦٤٩٢ منتجًا إجماليًا، وعمق كل علامة عشرات مقابل مئات فعلية) — تُستخدم للتقاطع بالباركود لا كمصدر أول. المصدر المفضّل: كتالوج المصنّع أو كتالوج التجزئة السعودي.
QGAP-01330,NEEDS_SOURCE,لم يُعثر على مصدر آلي — يحتاج جلبًا من المصنّع أو كتالوج التجزئة,ماجي شوربة دجاج,Maggi chicken soup,ماجي,Maggi,Maggi,PACKAGED,أطعمة معلبة,توابل وشوربات,chicken soup,,KSA,UNSPECIFIED,,VERY_HIGH,P1,MISSING,,OFFICIAL_MANUFACTURER,Maggi official product page,,,,,,,,,,,,,NONE,HIGH,,,,,,,,,ماجي,Maggi,تغطية OpenFoodFacts للسوق السعودي ضحلة (١٦٤٩٢ منتجًا إجماليًا، وعمق كل علامة عشرات مقابل مئات فعلية) — تُستخدم للتقاطع بالباركود لا كمصدر أول. المصدر المفضّل: كتالوج المصنّع أو كتالوج التجزئة السعودي.
QGAP-01331,NEEDS_SOURCE,لم يُعثر على مصدر آلي — يحتاج جلبًا من المصنّع أو كتالوج التجزئة,ماجي نودلز,Maggi noodles,ماجي,Maggi,Maggi,PACKAGED,أطعمة معلبة,توابل وشوربات,noodles,,KSA,UNSPECIFIED,,VERY_HIGH,P1,MISSING,,OFFICIAL_MANUFACTURER,Maggi official product page,,,,,,,,,,,,,NONE,HIGH,,,,,,,,,ماجي,Maggi,تغطية OpenFoodFacts للسوق السعودي ضحلة (١٦٤٩٢ منتجًا إجماليًا، وعمق كل علامة عشرات مقابل مئات فعلية) — تُستخدم للتقاطع بالباركود لا كمصدر أول. المصدر المفضّل: كتالوج المصنّع أو كتالوج التجزئة السعودي.
QGAP-01332,NEEDS_SOURCE,لم يُعثر على مصدر آلي — يحتاج جلبًا من المصنّع أو كتالوج التجزئة,ماجي خلطة الدجاج,Maggi chicken seasoning mix,ماجي,Maggi,Maggi,PACKAGED,أطعمة معلبة,توابل وشوربات,chicken seasoning mix,,KSA,UNSPECIFIED,,VERY_HIGH,P1,MISSING,,OFFICIAL_MANUFACTURER,Maggi official product page,,,,,,,,,,,,,NONE,HIGH,,,,,,,,,ماجي,Maggi,تغطية OpenFoodFacts للسوق السعودي ضحلة (١٦٤٩٢ منتجًا إجماليًا، وعمق كل علامة عشرات مقابل مئات فعلية) — تُستخدم للتقاطع بالباركود لا كمصدر أول. المصدر المفضّل: كتالوج المصنّع أو كتالوج التجزئة السعودي.
QGAP-01333,NEEDS_SOURCE,لم يُعثر على مصدر آلي — يحتاج جلبًا من المصنّع أو كتالوج التجزئة,ماجي صلصة الصويا,Maggi soy sauce,ماجي,Maggi,Maggi,PACKAGED,أطعمة معلبة,توابل وشوربات,soy sauce,,KSA,UNSPECIFIED,,VERY_HIGH,P1,MISSING,,OFFICIAL_MANUFACTURER,Maggi official product page,,,,,,,,,,,,,NONE,HIGH,,,,,,,,,ماجي,Maggi,تغطية OpenFoodFacts للسوق السعودي ضحلة (١٦٤٩٢ منتجًا إجماليًا، وعمق كل علامة عشرات مقابل مئات فعلية) — تُستخدم للتقاطع بالباركود لا كمصدر أول. المصدر المفضّل: كتالوج المصنّع أو كتالوج التجزئة السعودي.
QGAP-01335,NEEDS_SOURCE,لم يُعثر على مصدر آلي — يحتاج جلبًا من المصنّع أو كتالوج التجزئة,كنور شوربة,Knorr soup,كنور,Knorr,Knorr,PACKAGED,أطعمة معلبة,توابل وشوربات,soup,,KSA,UNSPECIFIED,,HIGH,P2,MISSING,,OFFICIAL_MANUFACTURER,Knorr official product page,,,,,,,,,,,,,NONE,HIGH,,,,,,,,,كنور,Knorr,تغطية OpenFoodFacts للسوق السعودي ضحلة (١٦٤٩٢ منتجًا إجماليًا، وعمق كل علامة عشرات مقابل مئات فعلية) — تُستخدم للتقاطع بالباركود لا كمصدر أول. المصدر المفضّل: كتالوج المصنّع أو كتالوج التجزئة السعودي.
QGAP-01336,NEEDS_SOURCE,لم يُعثر على مصدر آلي — يحتاج جلبًا من المصنّع أو كتالوج التجزئة,كنور صلصة,Knorr sauce,كنور,Knorr,Knorr,PACKAGED,أطعمة معلبة,توابل وشوربات,sauce,,KSA,UNSPECIFIED,,HIGH,P2,MISSING,,OFFICIAL_MANUFACTURER,Knorr official product page,,,,,,,,,,,,,NONE,HIGH,,,,,,,,,كنور,Knorr,تغطية OpenFoodFacts للسوق السعودي ضحلة (١٦٤٩٢ منتجًا إجماليًا، وعمق كل علامة عشرات مقابل مئات فعلية) — تُستخدم للتقاطع بالباركود لا كمصدر أول. المصدر المفضّل: كتالوج المصنّع أو كتالوج التجزئة السعودي.
QGAP-01338,NEEDS_SOURCE,لم يُعثر على مصدر آلي — يحتاج جلبًا من المصنّع أو كتالوج التجزئة,كيلوقز كوكو بوبس,Kellogg's Coco Pops,كيلوقز,Kellogg's,Kellogg's,PACKAGED,فطور,حبوب إفطار,Coco Pops,,KSA,UNSPECIFIED,,HIGH,P1,MISSING,,OFFICIAL_MANUFACTURER,Kellogg's official product page,,,,,,,,,,,,,NONE,HIGH,,,,,,,,,كيلوقز,Kellogg's,تغطية OpenFoodFacts للسوق السعودي ضحلة (١٦٤٩٢ منتجًا إجماليًا، وعمق كل علامة عشرات مقابل مئات فعلية) — تُستخدم للتقاطع بالباركود لا كمصدر أول. المصدر المفضّل: كتالوج المصنّع أو كتالوج التجزئة السعودي.
QGAP-01341,NEEDS_SOURCE,لم يُعثر على مصدر آلي — يحتاج جلبًا من المصنّع أو كتالوج التجزئة,كيلوقز رايس كريسبيز,Kellogg's Rice Krispies,كيلوقز,Kellogg's,Kellogg's,PACKAGED,فطور,حبوب إفطار,Rice Krispies,,KSA,UNSPECIFIED,,HIGH,P1,MISSING,,OFFICIAL_MANUFACTURER,Kellogg's official product page,,,,,,,,,,,,,NONE,HIGH,,,,,,,,,كيلوقز,Kellogg's,تغطية OpenFoodFacts للسوق السعودي ضحلة (١٦٤٩٢ منتجًا إجماليًا، وعمق كل علامة عشرات مقابل مئات فعلية) — تُستخدم للتقاطع بالباركود لا كمصدر أول. المصدر المفضّل: كتالوج المصنّع أو كتالوج التجزئة السعودي.
QGAP-01342,NEEDS_SOURCE,لم يُعثر على مصدر آلي — يحتاج جلبًا من المصنّع أو كتالوج التجزئة,كيلوقز غرانولا,Kellogg's granola,كيلوقز,Kellogg's,Kellogg's,PACKAGED,فطور,حبوب إفطار,granola,,KSA,UNSPECIFIED,,HIGH,P1,MISSING,,OFFICIAL_MANUFACTURER,Kellogg's official product page,,,,,,,,,,,,,NONE,HIGH,,,,,,,,,كيلوقز,Kellogg's,تغطية OpenFoodFacts للسوق السعودي ضحلة (١٦٤٩٢ منتجًا إجماليًا، وعمق كل علامة عشرات مقابل مئات فعلية) — تُستخدم للتقاطع بالباركود لا كمصدر أول. المصدر المفضّل: كتالوج المصنّع أو كتالوج التجزئة السعودي.
QGAP-01343,NEEDS_SOURCE,لم يُعثر على مصدر آلي — يحتاج جلبًا من المصنّع أو كتالوج التجزئة,نستله فيتنس,Nestlé Fitness cereal,نستله,Nestlé,Nestlé,PACKAGED,فطور,حبوب إفطار,Fitness cereal,,KSA,UNSPECIFIED,,HIGH,P1,MISSING,,OFFICIAL_MANUFACTURER,Nestlé official product page,,,,,,,,,,,,,NONE,HIGH,,,,,,,,,نستله,Nestlé,تغطية OpenFoodFacts للسوق السعودي ضحلة (١٦٤٩٢ منتجًا إجماليًا، وعمق كل علامة عشرات مقابل مئات فعلية) — تُستخدم للتقاطع بالباركود لا كمصدر أول. المصدر المفضّل: كتالوج المصنّع أو كتالوج التجزئة السعودي.
QGAP-01344,NEEDS_SOURCE,لم يُعثر على مصدر آلي — يحتاج جلبًا من المصنّع أو كتالوج التجزئة,نستله تشيريوز,Nestlé Cheerios,نستله,Nestlé,Nestlé,PACKAGED,فطور,حبوب إفطار,Cheerios,,KSA,UNSPECIFIED,,HIGH,P1,MISSING,,OFFICIAL_MANUFACTURER,Nestlé official product page,,,,,,,,,,,,,NONE,HIGH,,,,,,,,,نستله,Nestlé,تغطية OpenFoodFacts للسوق السعودي ضحلة (١٦٤٩٢ منتجًا إجماليًا، وعمق كل علامة عشرات مقابل مئات فعلية) — تُستخدم للتقاطع بالباركود لا كمصدر أول. المصدر المفضّل: كتالوج المصنّع أو كتالوج التجزئة السعودي.
QGAP-01345,NEEDS_SOURCE,لم يُعثر على مصدر آلي — يحتاج جلبًا من المصنّع أو كتالوج التجزئة,نستله نسكويك,Nestlé Nesquik cereal,نستله,Nestlé,Nestlé,PACKAGED,فطور,حبوب إفطار,Nesquik cereal,,KSA,UNSPECIFIED,,HIGH,P1,MISSING,,OFFICIAL_MANUFACTURER,Nestlé official product page,,,,,,,,,,,,,NONE,HIGH,,,,,,,,,نستله,Nestlé,تغطية OpenFoodFacts للسوق السعودي ضحلة (١٦٤٩٢ منتجًا إجماليًا، وعمق كل علامة عشرات مقابل مئات فعلية) — تُستخدم للتقاطع بالباركود لا كمصدر أول. المصدر المفضّل: كتالوج المصنّع أو كتالوج التجزئة السعودي.
QGAP-01346,NEEDS_SOURCE,لم يُعثر على مصدر آلي — يحتاج جلبًا من المصنّع أو كتالوج التجزئة,نستله كوكو كرانش,Nestlé Koko Krunch,نستله,Nestlé,Nestlé,PACKAGED,فطور,حبوب إفطار,Koko Krunch,,KSA,UNSPECIFIED,,HIGH,P1,MISSING,,OFFICIAL_MANUFACTURER,Nestlé official product page,,,,,,,,,,,,,NONE,HIGH,,,,,,,,,نستله,Nestlé,تغطية OpenFoodFacts للسوق السعودي ضحلة (١٦٤٩٢ منتجًا إجماليًا، وعمق كل علامة عشرات مقابل مئات فعلية) — تُستخدم للتقاطع بالباركود لا كمصدر أول. المصدر المفضّل: كتالوج المصنّع أو كتالوج التجزئة السعودي.
QGAP-01348,NEEDS_SOURCE,لم يُعثر على مصدر آلي — يحتاج جلبًا من المصنّع أو كتالوج التجزئة,كواكر شوفان بالنكهات,Quaker flavoured oatmeal,كواكر,Quaker,Quaker,PACKAGED,فطور,شوفان,flavoured oatmeal,,KSA,UNSPECIFIED,,HIGH,P1,MISSING,,OFFICIAL_MANUFACTURER,Quaker official product page,,,,,,,,,,,,,NONE,HIGH,,,,,,,,,كواكر,Quaker,تغطية OpenFoodFacts للسوق السعودي ضحلة (١٦٤٩٢ منتجًا إجماليًا، وعمق كل علامة عشرات مقابل مئات فعلية) — تُستخدم للتقاطع بالباركود لا كمصدر أول. المصدر المفضّل: كتالوج المصنّع أو كتالوج التجزئة السعودي.
QGAP-01349,NEEDS_SOURCE,لم يُعثر على مصدر آلي — يحتاج جلبًا من المصنّع أو كتالوج التجزئة,كواكر حبوب إفطار,Quaker cereal,كواكر,Quaker,Quaker,PACKAGED,فطور,شوفان,cereal,,KSA,UNSPECIFIED,,HIGH,P1,MISSING,,OFFICIAL_MANUFACTURER,Quaker official product page,,,,,,,,,,,,,NONE,HIGH,,,,,,,,,كواكر,Quaker,تغطية OpenFoodFacts للسوق السعودي ضحلة (١٦٤٩٢ منتجًا إجماليًا، وعمق كل علامة عشرات مقابل مئات فعلية) — تُستخدم للتقاطع بالباركود لا كمصدر أول. المصدر المفضّل: كتالوج المصنّع أو كتالوج التجزئة السعودي.
QGAP-01351,NEEDS_SOURCE,لم يُعثر على مصدر آلي — يحتاج جلبًا من المصنّع أو كتالوج التجزئة,بوبينز حلقات عسل,Poppins honey rings,بوبينز,Poppins,Poppins,PACKAGED,فطور,حبوب إفطار,honey rings,,KSA,KSA,,MEDIUM,P2,MISSING,,OFFICIAL_LOCAL,Saudi retailer catalogue (Panda/Othaim/Tamimi/Nana) + barcode,,,,,,,,,,,,,NONE,HIGH,,,,,,,,,بوبينز,Poppins,تغطية OpenFoodFacts للسوق السعودي ضحلة (١٦٤٩٢ منتجًا إجماليًا، وعمق كل علامة عشرات مقابل مئات فعلية) — تُستخدم للتقاطع بالباركود لا كمصدر أول. المصدر المفضّل: كتالوج المصنّع أو كتالوج التجزئة السعودي.
QGAP-01352,NEEDS_SOURCE,لم يُعثر على مصدر آلي — يحتاج جلبًا من المصنّع أو كتالوج التجزئة,بتيل تمر مجدول,Bateel Medjool dates,بتيل,Bateel,Bateel,PACKAGED,فواكه,تمور,Medjool dates,,KSA,UNSPECIFIED,,HIGH,P2,MISSING,,OFFICIAL_MANUFACTURER,Bateel official product page,,,,,,,,,,,,,NONE,HIGH,,,,,,,,,بتيل,Bateel,تغطية OpenFoodFacts للسوق السعودي ضحلة (١٦٤٩٢ منتجًا إجماليًا، وعمق كل علامة عشرات مقابل مئات فعلية) — تُستخدم للتقاطع بالباركود لا كمصدر أول. المصدر المفضّل: كتالوج المصنّع أو كتالوج التجزئة السعودي.
QGAP-01353,NEEDS_SOURCE,لم يُعثر على مصدر آلي — يحتاج جلبًا من المصنّع أو كتالوج التجزئة,بتيل تمر خضري,Bateel Khudri dates,بتيل,Bateel,Bateel,PACKAGED,فواكه,تمور,Khudri dates,,KSA,UNSPECIFIED,,HIGH,P2,MISSING,,OFFICIAL_MANUFACTURER,Bateel official product page,,,,,,,,,,,,,NONE,HIGH,,,,,,,,,بتيل,Bateel,تغطية OpenFoodFacts للسوق السعودي ضحلة (١٦٤٩٢ منتجًا إجماليًا، وعمق كل علامة عشرات مقابل مئات فعلية) — تُستخدم للتقاطع بالباركود لا كمصدر أول. المصدر المفضّل: كتالوج المصنّع أو كتالوج التجزئة السعودي.
QGAP-01354,NEEDS_SOURCE,لم يُعثر على مصدر آلي — يحتاج جلبًا من المصنّع أو كتالوج التجزئة,بتيل تمر محشي باللوز,Bateel almond-stuffed dates,بتيل,Bateel,Bateel,PACKAGED,فواكه,تمور,almond-stuffed dates,,KSA,UNSPECIFIED,,HIGH,P2,MISSING,,OFFICIAL_MANUFACTURER,Bateel official product page,,,,,,,,,,,,,NONE,HIGH,,,,,,,,,بتيل,Bateel,تغطية OpenFoodFacts للسوق السعودي ضحلة (١٦٤٩٢ منتجًا إجماليًا، وعمق كل علامة عشرات مقابل مئات فعلية) — تُستخدم للتقاطع بالباركود لا كمصدر أول. المصدر المفضّل: كتالوج المصنّع أو كتالوج التجزئة السعودي.
QGAP-01355,NEEDS_SOURCE,لم يُعثر على مصدر آلي — يحتاج جلبًا من المصنّع أو كتالوج التجزئة,بتيل تمر مغطى بالشوكولاتة,Bateel chocolate-coated dates,بتيل,Bateel,Bateel,PACKAGED,فواكه,تمور,chocolate-coated dates,,KSA,UNSPECIFIED,,HIGH,P2,MISSING,,OFFICIAL_MANUFACTURER,Bateel official product page,,,,,,,,,,,,,NONE,HIGH,,,,,,,,,بتيل,Bateel,تغطية OpenFoodFacts للسوق السعودي ضحلة (١٦٤٩٢ منتجًا إجماليًا، وعمق كل علامة عشرات مقابل مئات فعلية) — تُستخدم للتقاطع بالباركود لا كمصدر أول. المصدر المفضّل: كتالوج المصنّع أو كتالوج التجزئة السعودي.
QGAP-01356,NEEDS_SOURCE,لم يُعثر على مصدر آلي — يحتاج جلبًا من المصنّع أو كتالوج التجزئة,بتيل معجون تمر,Bateel date paste,بتيل,Bateel,Bateel,PACKAGED,فواكه,تمور,date paste,,KSA,UNSPECIFIED,,HIGH,P2,MISSING,,OFFICIAL_MANUFACTURER,Bateel official product page,,,,,,,,,,,,,NONE,HIGH,,,,,,,,,بتيل,Bateel,تغطية OpenFoodFacts للسوق السعودي ضحلة (١٦٤٩٢ منتجًا إجماليًا، وعمق كل علامة عشرات مقابل مئات فعلية) — تُستخدم للتقاطع بالباركود لا كمصدر أول. المصدر المفضّل: كتالوج المصنّع أو كتالوج التجزئة السعودي.
QGAP-01357,NEEDS_SOURCE,لم يُعثر على مصدر آلي — يحتاج جلبًا من المصنّع أو كتالوج التجزئة,تمرة تمر باللوز والشوكولاتة,Tamrah date with almond and chocolate,تمرة,Tamrah,Tamrah,PACKAGED,حلويات,تمور,date with almond and chocolate,,KSA,KSA,,HIGH,P2,MISSING,,OFFICIAL_LOCAL,Saudi retailer catalogue (Panda/Othaim/Tamimi/Nana) + barcode,,,,,,,,,,,,,NONE,HIGH,,,,,,,,,تمرة,Tamrah,تغطية OpenFoodFacts للسوق السعودي ضحلة (١٦٤٩٢ منتجًا إجماليًا، وعمق كل علامة عشرات مقابل مئات فعلية) — تُستخدم للتقاطع بالباركود لا كمصدر أول. المصدر المفضّل: كتالوج المصنّع أو كتالوج التجزئة السعودي.
QGAP-01358,NEEDS_SOURCE,لم يُعثر على مصدر آلي — يحتاج جلبًا من المصنّع أو كتالوج التجزئة,الفوعة تمر مجدول,Al Foah Medjool dates,الفوعة,Al Foah,Al Foah,PACKAGED,فواكه,تمور,Medjool dates,,KSA,UNSPECIFIED,,MEDIUM,P2,MISSING,,OFFICIAL_MANUFACTURER,Al Foah official product page,,,,,,,,,,,,,NONE,HIGH,,,,,,,,,الفوعة,Al Foah,تغطية OpenFoodFacts للسوق السعودي ضحلة (١٦٤٩٢ منتجًا إجماليًا، وعمق كل علامة عشرات مقابل مئات فعلية) — تُستخدم للتقاطع بالباركود لا كمصدر أول. المصدر المفضّل: كتالوج المصنّع أو كتالوج التجزئة السعودي.
QGAP-01359,NEEDS_SOURCE,لم يُعثر على مصدر آلي — يحتاج جلبًا من المصنّع أو كتالوج التجزئة,الفوعة تمر فرض,Al Foah Fard dates,الفوعة,Al Foah,Al Foah,PACKAGED,فواكه,تمور,Fard dates,,KSA,UNSPECIFIED,,MEDIUM,P2,MISSING,,OFFICIAL_MANUFACTURER,Al Foah official product page,,,,,,,,,,,,,NONE,HIGH,,,,,,,,,الفوعة,Al Foah,تغطية OpenFoodFacts للسوق السعودي ضحلة (١٦٤٩٢ منتجًا إجماليًا، وعمق كل علامة عشرات مقابل مئات فعلية) — تُستخدم للتقاطع بالباركود لا كمصدر أول. المصدر المفضّل: كتالوج المصنّع أو كتالوج التجزئة السعودي.
QGAP-01360,NEEDS_SOURCE,لم يُعثر على مصدر آلي — يحتاج جلبًا من المصنّع أو كتالوج التجزئة,الفوعة معجون تمر,Al Foah date paste,الفوعة,Al Foah,Al Foah,PACKAGED,فواكه,تمور,date paste,,KSA,UNSPECIFIED,,MEDIUM,P2,MISSING,,OFFICIAL_MANUFACTURER,Al Foah official product page,,,,,,,,,,,,,NONE,HIGH,,,,,,,,,الفوعة,Al Foah,تغطية OpenFoodFacts للسوق السعودي ضحلة (١٦٤٩٢ منتجًا إجماليًا، وعمق كل علامة عشرات مقابل مئات فعلية) — تُستخدم للتقاطع بالباركود لا كمصدر أول. المصدر المفضّل: كتالوج المصنّع أو كتالوج التجزئة السعودي.
QGAP-01361,NEEDS_SOURCE,لم يُعثر على مصدر آلي — يحتاج جلبًا من المصنّع أو كتالوج التجزئة,القهوة السعودية بن سعودي مطحون,Saudi Coffee Co. ground Saudi coffee,القهوة السعودية,Saudi Coffee Co.,Saudi Coffee Co.,PACKAGED,مشروبات,قهوة,ground Saudi coffee,,KSA,KSA,,HIGH,P2,MISSING,,OFFICIAL_LOCAL,Saudi retailer catalogue (Panda/Othaim/Tamimi/Nana) + barcode,,,,,,,,,,,,,NONE,HIGH,,,,,,,,,القهوة السعودية,Saudi Coffee Co.,تغطية OpenFoodFacts للسوق السعودي ضحلة (١٦٤٩٢ منتجًا إجماليًا، وعمق كل علامة عشرات مقابل مئات فعلية) — تُستخدم للتقاطع بالباركود لا كمصدر أول. المصدر المفضّل: كتالوج المصنّع أو كتالوج التجزئة السعودي.
QGAP-01362,NEEDS_SOURCE,لم يُعثر على مصدر آلي — يحتاج جلبًا من المصنّع أو كتالوج التجزئة,القهوة السعودية قهوة مختصة,Saudi Coffee Co. specialty coffee beans,القهوة السعودية,Saudi Coffee Co.,Saudi Coffee Co.,PACKAGED,مشروبات,قهوة,specialty coffee beans,,KSA,KSA,,HIGH,P2,MISSING,,OFFICIAL_LOCAL,Saudi retailer catalogue (Panda/Othaim/Tamimi/Nana) + barcode,,,,,,,,,,,,,NONE,HIGH,,,,,,,,,القهوة السعودية,Saudi Coffee Co.,تغطية OpenFoodFacts للسوق السعودي ضحلة (١٦٤٩٢ منتجًا إجماليًا، وعمق كل علامة عشرات مقابل مئات فعلية) — تُستخدم للتقاطع بالباركود لا كمصدر أول. المصدر المفضّل: كتالوج المصنّع أو كتالوج التجزئة السعودي.
QGAP-01365,NEEDS_SOURCE,لم يُعثر على مصدر آلي — يحتاج جلبًا من المصنّع أو كتالوج التجزئة,بيربلز كريمي كراميل,Barebells Creamy Caramel,بيربلز,Barebells,Barebells,PACKAGED,لياقة وبروتين,ألواح بروتين,Creamy Caramel,,KSA,UNSPECIFIED,,HIGH,P1,MISSING,,OFFICIAL_MANUFACTURER,Barebells official nutrition,,,,,,,,,,,,,NONE,HIGH,,,,,,,,,بيربلز,Barebells,
QGAP-01370,NEEDS_SOURCE,لم يُعثر على مصدر آلي — يحتاج جلبًا من المصنّع أو كتالوج التجزئة,بيربلز ميلك شيك بروتين,Barebells protein milkshake,بيربلز,Barebells,Barebells,PACKAGED,لياقة وبروتين,ألواح بروتين,protein milkshake,,KSA,UNSPECIFIED,,HIGH,P1,MISSING,,OFFICIAL_MANUFACTURER,Barebells official nutrition,,,,,,,,,,,,,NONE,HIGH,,,,,,,,,بيربلز,Barebells,
QGAP-01371,NEEDS_SOURCE,لم يُعثر على مصدر آلي — يحتاج جلبًا من المصنّع أو كتالوج التجزئة,بيربلز سوفت بار,Barebells soft bar,بيربلز,Barebells,Barebells,PACKAGED,لياقة وبروتين,ألواح بروتين,soft bar,,KSA,UNSPECIFIED,,HIGH,P1,MISSING,,OFFICIAL_MANUFACTURER,Barebells official nutrition,,,,,,,,,,,,,NONE,HIGH,,,,,,,,,بيربلز,Barebells,
QGAP-01374,NEEDS_SOURCE,لم يُعثر على مصدر آلي — يحتاج جلبًا من المصنّع أو كتالوج التجزئة,كويست بيرثداي كيك,Quest Birthday Cake,كويست,Quest,Quest,PACKAGED,لياقة وبروتين,ألواح بروتين,Birthday Cake,,KSA,UNSPECIFIED,,MEDIUM,P2,MISSING,,OFFICIAL_MANUFACTURER,Quest Nutrition official,,,,,,,,,,,,,NONE,HIGH,,,,,,,,,كويست,Quest,
QGAP-01376,NEEDS_SOURCE,لم يُعثر على مصدر آلي — يحتاج جلبًا من المصنّع أو كتالوج التجزئة,جرينيد كاربكيلر كراميل,Grenade Carb Killa Caramel,جرينيد,Grenade,Grenade,PACKAGED,لياقة وبروتين,ألواح بروتين,Carb Killa Caramel,,KSA,UNSPECIFIED,,MEDIUM,P2,MISSING,,OFFICIAL_MANUFACTURER,Grenade official (UK panels),,,,,,,,,,,,,NONE,HIGH,,,,,,,,,جرينيد,Grenade,
QGAP-01377,NEEDS_SOURCE,لم يُعثر على مصدر آلي — يحتاج جلبًا من المصنّع أو كتالوج التجزئة,جرينيد وايت شوكليت,Grenade White Chocolate,جرينيد,Grenade,Grenade,PACKAGED,لياقة وبروتين,ألواح بروتين,White Chocolate,,KSA,UNSPECIFIED,,MEDIUM,P2,MISSING,,OFFICIAL_MANUFACTURER,Grenade official (UK panels),,,,,,,,,,,,,NONE,HIGH,,,,,,,,,جرينيد,Grenade,
QGAP-01378,NEEDS_SOURCE,لم يُعثر على مصدر آلي — يحتاج جلبًا من المصنّع أو كتالوج التجزئة,جرينيد بينت نتر,Grenade Peanut Nutter,جرينيد,Grenade,Grenade,PACKAGED,لياقة وبروتين,ألواح بروتين,Peanut Nutter,,KSA,UNSPECIFIED,,MEDIUM,P2,MISSING,,OFFICIAL_MANUFACTURER,Grenade official (UK panels),,,,,,,,,,,,,NONE,HIGH,,,,,,,,,جرينيد,Grenade,
QGAP-01379,NEEDS_SOURCE,لم يُعثر على مصدر آلي — يحتاج جلبًا من المصنّع أو كتالوج التجزئة,جرينيد فدج براوني,Grenade Fudge Brownie,جرينيد,Grenade,Grenade,PACKAGED,لياقة وبروتين,ألواح بروتين,Fudge Brownie,,KSA,UNSPECIFIED,,MEDIUM,P2,MISSING,,OFFICIAL_MANUFACTURER,Grenade official (UK panels),,,,,,,,,,,,,NONE,HIGH,,,,,,,,,جرينيد,Grenade,
QGAP-01381,NEEDS_SOURCE,لم يُعثر على مصدر آلي — يحتاج جلبًا من المصنّع أو كتالوج التجزئة,أوبتيموم نيوترشن جولد ستاندرد واي فانيلا,Optimum Nutrition Gold Standard Whey Vanilla,أوبتيموم نيوترشن,Optimum Nutrition,Optimum Nutrition,PACKAGED,لياقة وبروتين,بروتين باودر,Gold Standard Whey Vanilla,,KSA,UNSPECIFIED,,HIGH,P1,MISSING,,OFFICIAL_MANUFACTURER,Optimum Nutrition official,,,,,,,,,,,,,NONE,HIGH,,,,,,,,,أوبتيموم نيوترشن,Optimum Nutrition,
QGAP-01382,NEEDS_SOURCE,لم يُعثر على مصدر آلي — يحتاج جلبًا من المصنّع أو كتالوج التجزئة,أوبتيموم نيوترشن جولد ستاندرد واي فراولة,Optimum Nutrition Gold Standard Whey Strawberry,أوبتيموم نيوترشن,Optimum Nutrition,Optimum Nutrition,PACKAGED,لياقة وبروتين,بروتين باودر,Gold Standard Whey Strawberry,,KSA,UNSPECIFIED,,HIGH,P1,MISSING,,OFFICIAL_MANUFACTURER,Optimum Nutrition official,,,,,,,,,,,,,NONE,HIGH,,,,,,,,,أوبتيموم نيوترشن,Optimum Nutrition,
QGAP-01383,NEEDS_SOURCE,لم يُعثر على مصدر آلي — يحتاج جلبًا من المصنّع أو كتالوج التجزئة,أوبتيموم نيوترشن آيزوليت,Optimum Nutrition Whey Isolate,أوبتيموم نيوترشن,Optimum Nutrition,Optimum Nutrition,PACKAGED,لياقة وبروتين,بروتين باودر,Whey Isolate,,KSA,UNSPECIFIED,,HIGH,P1,MISSING,,OFFICIAL_MANUFACTURER,Optimum Nutrition official,,,,,,,,,,,,,NONE,HIGH,,,,,,,,,أوبتيموم نيوترشن,Optimum Nutrition,
QGAP-01389,NEEDS_SOURCE,لم يُعثر على مصدر آلي — يحتاج جلبًا من المصنّع أو كتالوج التجزئة,ماي بروتين آيزوليت,MyProtein Whey Isolate,ماي بروتين,MyProtein,MyProtein,PACKAGED,لياقة وبروتين,بروتين باودر,Whey Isolate,,KSA,UNSPECIFIED,,MEDIUM,P2,MISSING,,OFFICIAL_MANUFACTURER,MyProtein official,,,,,,,,,,,,,NONE,HIGH,,,,,,,,,ماي بروتين,MyProtein,
QGAP-01391,NEEDS_SOURCE,لم يُعثر على مصدر آلي — يحتاج جلبًا من المصنّع أو كتالوج التجزئة,المراعي حليب عالي البروتين,Almarai high-protein milk,المراعي,Almarai,Almarai,PACKAGED,لياقة وبروتين,منتجات عالية البروتين,high-protein milk,,KSA,UNSPECIFIED,,VERY_HIGH,P0,MISSING,,OFFICIAL_MANUFACTURER,Almarai official product page,,,,,,,,,,,,,NONE,HIGH,,,,,,,,,المراعي,Almarai,
QGAP-01392,NEEDS_SOURCE,لم يُعثر على مصدر آلي — يحتاج جلبًا من المصنّع أو كتالوج التجزئة,المراعي زبادي عالي البروتين,Almarai high-protein yogurt,المراعي,Almarai,Almarai,PACKAGED,لياقة وبروتين,منتجات عالية البروتين,high-protein yogurt,,KSA,UNSPECIFIED,,VERY_HIGH,P0,MISSING,,OFFICIAL_MANUFACTURER,Almarai official product page,,,,,,,,,,,,,NONE,HIGH,,,,,,,,,المراعي,Almarai,
QGAP-01393,NEEDS_SOURCE,لم يُعثر على مصدر آلي — يحتاج جلبًا من المصنّع أو كتالوج التجزئة,المراعي لبن عالي البروتين,Almarai high-protein laban,المراعي,Almarai,Almarai,PACKAGED,لياقة وبروتين,منتجات عالية البروتين,high-protein laban,,KSA,UNSPECIFIED,,VERY_HIGH,P0,MISSING,,OFFICIAL_MANUFACTURER,Almarai official product page,,,,,,,,,,,,,NONE,HIGH,,,,,,,,,المراعي,Almarai,
QGAP-01395,NEEDS_SOURCE,لم يُعثر على مصدر آلي — يحتاج جلبًا من المصنّع أو كتالوج التجزئة,نادك زبادي بروتين,NADEC protein yogurt,نادك,NADEC,NADEC,PACKAGED,لياقة وبروتين,منتجات عالية البروتين,protein yogurt,,KSA,UNSPECIFIED,,HIGH,P1,MISSING,,OFFICIAL_MANUFACTURER,NADEC official,,,,,,,,,,,,,NONE,HIGH,,,,,,,,,نادك,NADEC,
QGAP-01396,NEEDS_SOURCE,لم يُعثر على مصدر آلي — يحتاج جلبًا من المصنّع أو كتالوج التجزئة,الصافي لبن عالي البروتين,Al Safi high-protein laban,الصافي,Al Safi,Al Safi,PACKAGED,لياقة وبروتين,منتجات عالية البروتين,high-protein laban,,KSA,UNSPECIFIED,,HIGH,P1,MISSING,,OFFICIAL_MANUFACTURER,Al Safi Danone official,,,,,,,,,,,,,NONE,HIGH,,,,,,,,,الصافي,Al Safi,
QGAP-01397,NEEDS_SOURCE,لم يُعثر على مصدر آلي — يحتاج جلبًا من المصنّع أو كتالوج التجزئة,الصافي زبادي يوناني عالي البروتين,Al Safi high-protein Greek yogurt,الصافي,Al Safi,Al Safi,PACKAGED,لياقة وبروتين,منتجات عالية البروتين,high-protein Greek yogurt,,KSA,UNSPECIFIED,,HIGH,P1,MISSING,,OFFICIAL_MANUFACTURER,Al Safi Danone official,,,,,,,,,,,,,NONE,HIGH,,,,,,,,,الصافي,Al Safi,
QGAP-01398,NEEDS_SOURCE,لم يُعثر على مصدر آلي — يحتاج جلبًا من المصنّع أو كتالوج التجزئة,أتكنز بار شوكولاتة,Atkins chocolate bar,أتكنز,Atkins,Atkins,PACKAGED,لياقة وبروتين,ألواح بروتين,chocolate bar,,KSA,UNSPECIFIED,,MEDIUM,P2,MISSING,,OFFICIAL_MANUFACTURER,Atkins official,,,,,,,,,,,,,NONE,HIGH,,,,,,,,,أتكنز,Atkins,
QGAP-01405,NEEDS_SOURCE,لم يُعثر على مصدر آلي — يحتاج جلبًا من المصنّع أو كتالوج التجزئة,صلصة خالية السعرات,Zero-calorie sauce,,,,GENERIC,لياقة وبروتين,صلصات,,,KSA,UNSPECIFIED,,HIGH,P2,MISSING,,OFFICIAL_MANUFACTURER,ملصق المنتج / صفحة المصنّع,,,,,,,,,,,,,NONE,MEDIUM,,,,,,,,,,,يُسجَّل بالعلامة التجارية الفعلية عند الاستيراد.
QGAP-01406,NEEDS_SOURCE,لم يُعثر على مصدر آلي — يحتاج جلبًا من المصنّع أو كتالوج التجزئة,كاتشب خالي السكر,Sugar-free ketchup,,,,GENERIC,لياقة وبروتين,صلصات,,,KSA,UNSPECIFIED,,HIGH,P2,MISSING,,OFFICIAL_MANUFACTURER,ملصق المنتج / صفحة المصنّع,,,,,,,,,,,,,NONE,MEDIUM,,,,,,,,,,,يُسجَّل بالعلامة التجارية الفعلية عند الاستيراد.
QGAP-01409,NEEDS_SOURCE,لم يُعثر على مصدر آلي — يحتاج جلبًا من المصنّع أو كتالوج التجزئة,جيلي خالي السكر,Sugar-free jelly,,,,GENERIC,لياقة وبروتين,حلويات,,,KSA,UNSPECIFIED,,HIGH,P2,MISSING,,OFFICIAL_MANUFACTURER,ملصق المنتج / صفحة المصنّع,,,,,,,,,,,,,NONE,MEDIUM,,,,,,,,,,,يُسجَّل بالعلامة التجارية الفعلية عند الاستيراد.
QGAP-01410,NEEDS_SOURCE,لم يُعثر على مصدر آلي — يحتاج جلبًا من المصنّع أو كتالوج التجزئة,شوكولاتة خالية السكر,Sugar-free chocolate,,,,GENERIC,لياقة وبروتين,حلويات,,,KSA,UNSPECIFIED,,HIGH,P2,MISSING,,OFFICIAL_MANUFACTURER,ملصق المنتج / صفحة المصنّع,,,,,,,,,,,,,NONE,MEDIUM,,,,,,,,,,,يُسجَّل بالعلامة التجارية الفعلية عند الاستيراد.
QGAP-01411,NEEDS_SOURCE,لم يُعثر على مصدر آلي — يحتاج جلبًا من المصنّع أو كتالوج التجزئة,بسكويت خالي السكر,Sugar-free biscuit,,,,GENERIC,لياقة وبروتين,حلويات,,,KSA,UNSPECIFIED,,HIGH,P2,MISSING,,OFFICIAL_MANUFACTURER,ملصق المنتج / صفحة المصنّع,,,,,,,,,,,,,NONE,MEDIUM,,,,,,,,,,,يُسجَّل بالعلامة التجارية الفعلية عند الاستيراد.
QGAP-01412,NEEDS_SOURCE,لم يُعثر على مصدر آلي — يحتاج جلبًا من المصنّع أو كتالوج التجزئة,معكرونة كونجاك (شيراتاكي),Shirataki konjac noodles,,,,GENERIC,لياقة وبروتين,بدائل كارب,,,KSA,UNSPECIFIED,,HIGH,P2,MISSING,,OFFICIAL_MANUFACTURER,ملصق المنتج / صفحة المصنّع,,,,,,,,,,,,,NONE,MEDIUM,,,,,,,,,,,يُسجَّل بالعلامة التجارية الفعلية عند الاستيراد.
QGAP-01413,NEEDS_SOURCE,لم يُعثر على مصدر آلي — يحتاج جلبًا من المصنّع أو كتالوج التجزئة,أرز القرنبيط,Cauliflower rice,,,,GENERIC,لياقة وبروتين,بدائل كارب,,,KSA,UNSPECIFIED,,HIGH,P2,MISSING,,OFFICIAL_MANUFACTURER,ملصق المنتج / صفحة المصنّع,,,,,,,,,,,,,NONE,MEDIUM,,,,,,,,,,,يُسجَّل بالعلامة التجارية الفعلية عند الاستيراد.
QGAP-01414,NEEDS_SOURCE,لم يُعثر على مصدر آلي — يحتاج جلبًا من المصنّع أو كتالوج التجزئة,خبز كيتو,Keto bread,,,,GENERIC,لياقة وبروتين,بدائل كارب,,,KSA,UNSPECIFIED,,HIGH,P2,MISSING,,OFFICIAL_MANUFACTURER,ملصق المنتج / صفحة المصنّع,,,,,,,,,,,,,NONE,MEDIUM,,,,,,,,,,,يُسجَّل بالعلامة التجارية الفعلية عند الاستيراد.
QGAP-01415,NEEDS_SOURCE,لم يُعثر على مصدر آلي — يحتاج جلبًا من المصنّع أو كتالوج التجزئة,رقائق بروتين,Protein chips,,,,GENERIC,لياقة وبروتين,سناكس,,,KSA,UNSPECIFIED,,HIGH,P2,MISSING,,OFFICIAL_MANUFACTURER,ملصق المنتج / صفحة المصنّع,,,,,,,,,,,,,NONE,MEDIUM,,,,,,,,,,,يُسجَّل بالعلامة التجارية الفعلية عند الاستيراد.
QGAP-01416,NEEDS_SOURCE,لم يُعثر على مصدر آلي — يحتاج جلبًا من المصنّع أو كتالوج التجزئة,بوب كورن قليل السعرات,Low-calorie popcorn,,,,GENERIC,لياقة وبروتين,سناكس,,,KSA,UNSPECIFIED,,HIGH,P2,MISSING,,OFFICIAL_MANUFACTURER,ملصق المنتج / صفحة المصنّع,,,,,,,,,,,,,NONE,MEDIUM,,,,,,,,,,,يُسجَّل بالعلامة التجارية الفعلية عند الاستيراد.
QGAP-01417,NEEDS_SOURCE,لم يُعثر على مصدر آلي — يحتاج جلبًا من المصنّع أو كتالوج التجزئة,جرانولا بروتين,Protein granola,,,,GENERIC,لياقة وبروتين,فطور,,,KSA,UNSPECIFIED,,HIGH,P2,MISSING,,OFFICIAL_MANUFACTURER,ملصق المنتج / صفحة المصنّع,,,,,,,,,,,,,NONE,MEDIUM,,,,,,,,,,,يُسجَّل بالعلامة التجارية الفعلية عند الاستيراد.
QGAP-01419,NEEDS_SOURCE,لم يُعثر على مصدر آلي — يحتاج جلبًا من المصنّع أو كتالوج التجزئة,مشروب كولاجين,Collagen drink,,,,GENERIC,لياقة وبروتين,مكملات,,,KSA,UNSPECIFIED,,HIGH,P2,MISSING,,OFFICIAL_MANUFACTURER,ملصق المنتج / صفحة المصنّع,,,,,,,,,,,,,NONE,MEDIUM,,,,,,,,,,,يُسجَّل بالعلامة التجارية الفعلية عند الاستيراد.
QGAP-01420,NEEDS_SOURCE,لم يُعثر على مصدر آلي — يحتاج جلبًا من المصنّع أو كتالوج التجزئة,بري ورك آوت,Pre-workout supplement,,,,GENERIC,لياقة وبروتين,مكملات,,,KSA,UNSPECIFIED,,HIGH,P2,MISSING,,OFFICIAL_MANUFACTURER,ملصق المنتج / صفحة المصنّع,,,,,,,,,,,,,NONE,MEDIUM,,,,,,,,,,,يُسجَّل بالعلامة التجارية الفعلية عند الاستيراد.
QGAP-01421,NEEDS_SOURCE,لم يُعثر على مصدر آلي — يحتاج جلبًا من المصنّع أو كتالوج التجزئة,جلوتامين,Glutamine,,,,GENERIC,لياقة وبروتين,مكملات,,,KSA,UNSPECIFIED,,HIGH,P2,MISSING,,OFFICIAL_MANUFACTURER,ملصق المنتج / صفحة المصنّع,,,,,,,,,,,,,NONE,MEDIUM,,,,,,,,,,,يُسجَّل بالعلامة التجارية الفعلية عند الاستيراد.
QGAP-01424,NEEDS_SOURCE,لم يُعثر على مصدر آلي — يحتاج جلبًا من المصنّع أو كتالوج التجزئة,ملتي فيتامين,Multivitamin,,,,GENERIC,لياقة وبروتين,مكملات,,,KSA,UNSPECIFIED,,HIGH,P2,MISSING,,OFFICIAL_MANUFACTURER,ملصق المنتج / صفحة المصنّع,,,,,,,,,,,,,NONE,MEDIUM,,,,,,,,,,,يُسجَّل بالعلامة التجارية الفعلية عند الاستيراد.
QGAP-01425,NEEDS_SOURCE,لم يُعثر على مصدر آلي — يحتاج جلبًا من المصنّع أو كتالوج التجزئة,حارق دهون,Fat burner,,,,GENERIC,لياقة وبروتين,مكملات,,,KSA,UNSPECIFIED,,HIGH,P2,MISSING,,OFFICIAL_MANUFACTURER,ملصق المنتج / صفحة المصنّع,,,,,,,,,,,,,NONE,MEDIUM,,,,,,,,,,,يُسجَّل بالعلامة التجارية الفعلية عند الاستيراد.
QGAP-01426,NEEDS_SOURCE,لم يُعثر على مصدر آلي — يحتاج جلبًا من المصنّع أو كتالوج التجزئة,ألياف سيلليوم,Psyllium fibre,,,,GENERIC,لياقة وبروتين,مكملات,,,KSA,UNSPECIFIED,,HIGH,P2,MISSING,,OFFICIAL_MANUFACTURER,ملصق المنتج / صفحة المصنّع,,,,,,,,,,,,,NONE,MEDIUM,,,,,,,,,,,يُسجَّل بالعلامة التجارية الفعلية عند الاستيراد.
QGAP-01428,NEEDS_SOURCE,يُحسب من مكوّنات موثّقة أو جداول التركيب السعودية,مطبق دجاج,Chicken mutabbaq,,,,SAUDI_DISH,أطباق سعودية وخليجية,معجنات,,,KSA,KSA,,VERY_HIGH,P1,MISSING,,RECIPE_ESTIMATE,جداول تركيب الأغذية السعودية / وصفة موثّقة,,,,,,,,,,,,,NONE,MEDIUM,,,,,,,,,,,يُحسب من مكوّنات موثّقة أو جداول التركيب السعودية — لا يُقدَّر اعتباطًا.
QGAP-01431,NEEDS_SOURCE,يُحسب من مكوّنات موثّقة أو جداول التركيب السعودية,فطيرة زعتر,Zaatar pie,,,,SAUDI_DISH,أطباق سعودية وخليجية,معجنات,,,KSA,KSA,,VERY_HIGH,P1,MISSING,,RECIPE_ESTIMATE,جداول تركيب الأغذية السعودية / وصفة موثّقة,,,,,,,,,,,,,NONE,MEDIUM,,,,,,,,,,,يُحسب من مكوّنات موثّقة أو جداول التركيب السعودية — لا يُقدَّر اعتباطًا.
QGAP-01432,NEEDS_SOURCE,يُحسب من مكوّنات موثّقة أو جداول التركيب السعودية,مناقيش لحم,Meat manakish,,,,SAUDI_DISH,أطباق سعودية وخليجية,معجنات,,,KSA,KSA,,VERY_HIGH,P1,MISSING,,RECIPE_ESTIMATE,جداول تركيب الأغذية السعودية / وصفة موثّقة,,,,,,,,,,,,,NONE,MEDIUM,,,,,,,,,,,يُحسب من مكوّنات موثّقة أو جداول التركيب السعودية — لا يُقدَّر اعتباطًا.
QGAP-01433,NEEDS_SOURCE,يُحسب من مكوّنات موثّقة أو جداول التركيب السعودية,رقاق لحم,Meat ruqaq,,,,SAUDI_DISH,أطباق سعودية وخليجية,معجنات,,,KSA,KSA,,VERY_HIGH,P1,MISSING,,RECIPE_ESTIMATE,جداول تركيب الأغذية السعودية / وصفة موثّقة,,,,,,,,,,,,,NONE,MEDIUM,,,,,,,,,,,يُحسب من مكوّنات موثّقة أو جداول التركيب السعودية — لا يُقدَّر اعتباطًا.
QGAP-01434,NEEDS_SOURCE,يُحسب من مكوّنات موثّقة أو جداول التركيب السعودية,خبز رقاق (إماراتي),Ruqaq bread,,,,SAUDI_DISH,أطباق سعودية وخليجية,خبز,,,KSA,KSA,,VERY_HIGH,P1,MISSING,,RECIPE_ESTIMATE,جداول تركيب الأغذية السعودية / وصفة موثّقة,,,,,,,,,,,,,NONE,MEDIUM,,,,,,,,,,,يُحسب من مكوّنات موثّقة أو جداول التركيب السعودية — لا يُقدَّر اعتباطًا.
QGAP-01435,NEEDS_SOURCE,يُحسب من مكوّنات موثّقة أو جداول التركيب السعودية,شوربة شوفان رمضانية,Ramadan oat soup,,,,SAUDI_DISH,أطباق سعودية وخليجية,شوربات,,,KSA,KSA,,VERY_HIGH,P1,MISSING,,RECIPE_ESTIMATE,جداول تركيب الأغذية السعودية / وصفة موثّقة,,,,,,,,,,,,,NONE,MEDIUM,,,,,,,,,,,يُحسب من مكوّنات موثّقة أو جداول التركيب السعودية — لا يُقدَّر اعتباطًا.
QGAP-01436,NEEDS_SOURCE,يُحسب من مكوّنات موثّقة أو جداول التركيب السعودية,شوربة الخضار,Vegetable soup,,,,SAUDI_DISH,أطباق سعودية وخليجية,شوربات,,,KSA,KSA,,VERY_HIGH,P1,MISSING,,RECIPE_ESTIMATE,جداول تركيب الأغذية السعودية / وصفة موثّقة,,,,,,,,,,,,,NONE,MEDIUM,,,,,,,,,,,يُحسب من مكوّنات موثّقة أو جداول التركيب السعودية — لا يُقدَّر اعتباطًا.
QGAP-01437,NEEDS_SOURCE,يُحسب من مكوّنات موثّقة أو جداول التركيب السعودية,شوربة الدجاج بالشعيرية,Chicken vermicelli soup,,,,SAUDI_DISH,أطباق سعودية وخليجية,شوربات,,,KSA,KSA,,VERY_HIGH,P1,MISSING,,RECIPE_ESTIMATE,جداول تركيب الأغذية السعودية / وصفة موثّقة,,,,,,,,,,,,,NONE,MEDIUM,,,,,,,,,,,يُحسب من مكوّنات موثّقة أو جداول التركيب السعودية — لا يُقدَّر اعتباطًا.
QGAP-01438,NEEDS_SOURCE,يُحسب من مكوّنات موثّقة أو جداول التركيب السعودية,شوربة فريكة,Freekeh soup,,,,SAUDI_DISH,أطباق سعودية وخليجية,شوربات,,,KSA,KSA,,VERY_HIGH,P1,MISSING,,RECIPE_ESTIMATE,جداول تركيب الأغذية السعودية / وصفة موثّقة,,,,,,,,,,,,,NONE,MEDIUM,,,,,,,,,,,يُحسب من مكوّنات موثّقة أو جداول التركيب السعودية — لا يُقدَّر اعتباطًا.
QGAP-01439,NEEDS_SOURCE,يُحسب من مكوّنات موثّقة أو جداول التركيب السعودية,مضغوط سمك,Fish madghoot,,,,SAUDI_DISH,أطباق سعودية وخليجية,أرز,,,KSA,KSA,,VERY_HIGH,P1,MISSING,,RECIPE_ESTIMATE,جداول تركيب الأغذية السعودية / وصفة موثّقة,,,,,,,,,,,,,NONE,MEDIUM,,,,,,,,,,,يُحسب من مكوّنات موثّقة أو جداول التركيب السعودية — لا يُقدَّر اعتباطًا.
QGAP-01440,NEEDS_SOURCE,يُحسب من مكوّنات موثّقة أو جداول التركيب السعودية,زربيان لحم,Lamb zurbian,,,,SAUDI_DISH,أطباق سعودية وخليجية,أرز,,,KSA,KSA,,VERY_HIGH,P1,MISSING,,RECIPE_ESTIMATE,جداول تركيب الأغذية السعودية / وصفة موثّقة,,,,,,,,,,,,,NONE,MEDIUM,,,,,,,,,,,يُحسب من مكوّنات موثّقة أو جداول التركيب السعودية — لا يُقدَّر اعتباطًا.
QGAP-01442,NEEDS_SOURCE,يُحسب من مكوّنات موثّقة أو جداول التركيب السعودية,أرز بالخضار,Vegetable rice,,,,SAUDI_DISH,أطباق سعودية وخليجية,أرز,,,KSA,KSA,,VERY_HIGH,P1,MISSING,,RECIPE_ESTIMATE,جداول تركيب الأغذية السعودية / وصفة موثّقة,,,,,,,,,,,,,NONE,MEDIUM,,,,,,,,,,,يُحسب من مكوّنات موثّقة أو جداول التركيب السعودية — لا يُقدَّر اعتباطًا.
QGAP-01443,NEEDS_SOURCE,يُحسب من مكوّنات موثّقة أو جداول التركيب السعودية,معمر (طبق حجازي),Muammar,,,,SAUDI_DISH,أطباق سعودية وخليجية,أرز,,,KSA,KSA,,VERY_HIGH,P1,MISSING,,RECIPE_ESTIMATE,جداول تركيب الأغذية السعودية / وصفة موثّقة,,,,,,,,,,,,,NONE,MEDIUM,,,,,,,,,,,يُحسب من مكوّنات موثّقة أو جداول التركيب السعودية — لا يُقدَّر اعتباطًا.
QGAP-01444,NEEDS_SOURCE,يُحسب من مكوّنات موثّقة أو جداول التركيب السعودية,فوالة (ضيافة),Fawalah spread,,,,SAUDI_DISH,أطباق سعودية وخليجية,ضيافة,,,KSA,KSA,,VERY_HIGH,P1,MISSING,,RECIPE_ESTIMATE,جداول تركيب الأغذية السعودية / وصفة موثّقة,,,,,,,,,,,,,NONE,MEDIUM,,,,,,,,,,,يُحسب من مكوّنات موثّقة أو جداول التركيب السعودية — لا يُقدَّر اعتباطًا.
QGAP-01445,NEEDS_SOURCE,يُحسب من مكوّنات موثّقة أو جداول التركيب السعودية,تمر بالقشطة,Dates with cream,,,,SAUDI_DISH,أطباق سعودية وخليجية,ضيافة,,,KSA,KSA,,VERY_HIGH,P1,MISSING,,RECIPE_ESTIMATE,جداول تركيب الأغذية السعودية / وصفة موثّقة,,,,,,,,,,,,,NONE,MEDIUM,,,,,,,,,,,يُحسب من مكوّنات موثّقة أو جداول التركيب السعودية — لا يُقدَّر اعتباطًا.
QGAP-01449,NEEDS_SOURCE,يُحسب من مكوّنات موثّقة أو جداول التركيب السعودية,تمر هندي,Tamarind drink,,,,SAUDI_DISH,أطباق سعودية وخليجية,مشروبات,,,KSA,KSA,,VERY_HIGH,P1,MISSING,,RECIPE_ESTIMATE,جداول تركيب الأغذية السعودية / وصفة موثّقة,,,,,,,,,,,,,NONE,MEDIUM,,,,,,,,,,,يُحسب من مكوّنات موثّقة أو جداول التركيب السعودية — لا يُقدَّر اعتباطًا.
QGAP-01451,NEEDS_SOURCE,يُحسب من مكوّنات موثّقة أو جداول التركيب السعودية,لبن عيران,Ayran,,,,SAUDI_DISH,أطباق سعودية وخليجية,مشروبات,,,KSA,KSA,,VERY_HIGH,P1,MISSING,,RECIPE_ESTIMATE,جداول تركيب الأغذية السعودية / وصفة موثّقة,,,,,,,,,,,,,NONE,MEDIUM,,,,,,,,,,,يُحسب من مكوّنات موثّقة أو جداول التركيب السعودية — لا يُقدَّر اعتباطًا.
QGAP-01452,NEEDS_SOURCE,يُحسب من مكوّنات موثّقة أو جداول التركيب السعودية,حليب بالزعفران,Saffron milk,,,,SAUDI_DISH,أطباق سعودية وخليجية,مشروبات,,,KSA,KSA,,VERY_HIGH,P1,MISSING,,RECIPE_ESTIMATE,جداول تركيب الأغذية السعودية / وصفة موثّقة,,,,,,,,,,,,,NONE,MEDIUM,,,,,,,,,,,يُحسب من مكوّنات موثّقة أو جداول التركيب السعودية — لا يُقدَّر اعتباطًا.
QGAP-01454,NEEDS_SOURCE,يُحسب من مكوّنات موثّقة أو جداول التركيب السعودية,أم علي بالمكسرات,Om Ali with nuts,,,,SAUDI_DISH,أطباق سعودية وخليجية,حلويات,,,KSA,KSA,,VERY_HIGH,P1,MISSING,,RECIPE_ESTIMATE,جداول تركيب الأغذية السعودية / وصفة موثّقة,,,,,,,,,,,,,NONE,MEDIUM,,,,,,,,,,,يُحسب من مكوّنات موثّقة أو جداول التركيب السعودية — لا يُقدَّر اعتباطًا.
QGAP-01455,NEEDS_SOURCE,يُحسب من مكوّنات موثّقة أو جداول التركيب السعودية,كيك التمر,Date cake,,,,SAUDI_DISH,أطباق سعودية وخليجية,حلويات,,,KSA,KSA,,VERY_HIGH,P1,MISSING,,RECIPE_ESTIMATE,جداول تركيب الأغذية السعودية / وصفة موثّقة,,,,,,,,,,,,,NONE,MEDIUM,,,,,,,,,,,يُحسب من مكوّنات موثّقة أو جداول التركيب السعودية — لا يُقدَّر اعتباطًا.
QGAP-01456,NEEDS_SOURCE,يُحسب من مكوّنات موثّقة أو جداول التركيب السعودية,معمول بالجوز,Walnut maamoul,,,,SAUDI_DISH,أطباق سعودية وخليجية,حلويات,,,KSA,KSA,,VERY_HIGH,P1,MISSING,,RECIPE_ESTIMATE,جداول تركيب الأغذية السعودية / وصفة موثّقة,,,,,,,,,,,,,NONE,MEDIUM,,,,,,,,,,,يُحسب من مكوّنات موثّقة أو جداول التركيب السعودية — لا يُقدَّر اعتباطًا.
QGAP-01457,NEEDS_SOURCE,يُحسب من مكوّنات موثّقة أو جداول التركيب السعودية,معمول بالفستق,Pistachio maamoul,,,,SAUDI_DISH,أطباق سعودية وخليجية,حلويات,,,KSA,KSA,,VERY_HIGH,P1,MISSING,,RECIPE_ESTIMATE,جداول تركيب الأغذية السعودية / وصفة موثّقة,,,,,,,,,,,,,NONE,MEDIUM,,,,,,,,,,,يُحسب من مكوّنات موثّقة أو جداول التركيب السعودية — لا يُقدَّر اعتباطًا.
QGAP-01462,NEEDS_SOURCE,يُحسب من مكوّنات موثّقة أو جداول التركيب السعودية,حلى الكيري,Kiri dessert,,,,SAUDI_DISH,أطباق سعودية وخليجية,حلويات,,,KSA,KSA,,VERY_HIGH,P1,MISSING,,RECIPE_ESTIMATE,جداول تركيب الأغذية السعودية / وصفة موثّقة,,,,,,,,,,,,,NONE,MEDIUM,,,,,,,,,,,يُحسب من مكوّنات موثّقة أو جداول التركيب السعودية — لا يُقدَّر اعتباطًا.
QGAP-01463,NEEDS_SOURCE,يُحسب من مكوّنات موثّقة أو جداول التركيب السعودية,حلى البسكويت بالقشطة,Biscuit cream dessert,,,,SAUDI_DISH,أطباق سعودية وخليجية,حلويات,,,KSA,KSA,,VERY_HIGH,P1,MISSING,,RECIPE_ESTIMATE,جداول تركيب الأغذية السعودية / وصفة موثّقة,,,,,,,,,,,,,NONE,MEDIUM,,,,,,,,,,,يُحسب من مكوّنات موثّقة أو جداول التركيب السعودية — لا يُقدَّر اعتباطًا.
QGAP-01464,NEEDS_SOURCE,يُحسب من مكوّنات موثّقة أو جداول التركيب السعودية,ترمس مملح,Salted lupini,,,,SAUDI_DISH,أطباق سعودية وخليجية,مقبلات,,,KSA,KSA,,VERY_HIGH,P1,MISSING,,RECIPE_ESTIMATE,جداول تركيب الأغذية السعودية / وصفة موثّقة,,,,,,,,,,,,,NONE,MEDIUM,,,,,,,,,,,يُحسب من مكوّنات موثّقة أو جداول التركيب السعودية — لا يُقدَّر اعتباطًا.
QGAP-01465,NEEDS_SOURCE,يُحسب من مكوّنات موثّقة أو جداول التركيب السعودية,مخلل لفت,Pickled turnip,,,,SAUDI_DISH,أطباق سعودية وخليجية,مقبلات,,,KSA,KSA,,VERY_HIGH,P1,MISSING,,RECIPE_ESTIMATE,جداول تركيب الأغذية السعودية / وصفة موثّقة,,,,,,,,,,,,,NONE,MEDIUM,,,,,,,,,,,يُحسب من مكوّنات موثّقة أو جداول التركيب السعودية — لا يُقدَّر اعتباطًا.
QGAP-01466,NEEDS_SOURCE,يُحسب من مكوّنات موثّقة أو جداول التركيب السعودية,سلطة الزبادي بالخيار,Cucumber yogurt salad,,,,SAUDI_DISH,أطباق سعودية وخليجية,مقبلات,,,KSA,KSA,,VERY_HIGH,P1,MISSING,,RECIPE_ESTIMATE,جداول تركيب الأغذية السعودية / وصفة موثّقة,,,,,,,,,,,,,NONE,MEDIUM,,,,,,,,,,,يُحسب من مكوّنات موثّقة أو جداول التركيب السعودية — لا يُقدَّر اعتباطًا.
QGAP-01467,NEEDS_SOURCE,يُحسب من مكوّنات موثّقة أو جداول التركيب السعودية,سلطة الروب,Roub salad,,,,SAUDI_DISH,أطباق سعودية وخليجية,مقبلات,,,KSA,KSA,,VERY_HIGH,P1,MISSING,,RECIPE_ESTIMATE,جداول تركيب الأغذية السعودية / وصفة موثّقة,,,,,,,,,,,,,NONE,MEDIUM,,,,,,,,,,,يُحسب من مكوّنات موثّقة أو جداول التركيب السعودية — لا يُقدَّر اعتباطًا.
QGAP-01468,NEEDS_SOURCE,يُحسب من مكوّنات موثّقة أو جداول التركيب السعودية,متبل كوسا,Zucchini moutabbal,,,,SAUDI_DISH,أطباق سعودية وخليجية,مقبلات,,,KSA,KSA,,VERY_HIGH,P1,MISSING,,RECIPE_ESTIMATE,جداول تركيب الأغذية السعودية / وصفة موثّقة,,,,,,,,,,,,,NONE,MEDIUM,,,,,,,,,,,يُحسب من مكوّنات موثّقة أو جداول التركيب السعودية — لا يُقدَّر اعتباطًا.
QGAP-01471,NEEDS_SOURCE,يُحسب من مكوّنات موثّقة أو جداول التركيب السعودية,فول بالسمن,Foul with ghee,,,,SAUDI_DISH,أطباق سعودية وخليجية,فطور,,,KSA,KSA,,VERY_HIGH,P1,MISSING,,RECIPE_ESTIMATE,جداول تركيب الأغذية السعودية / وصفة موثّقة,,,,,,,,,,,,,NONE,MEDIUM,,,,,,,,,,,يُحسب من مكوّنات موثّقة أو جداول التركيب السعودية — لا يُقدَّر اعتباطًا.
QGAP-01472,NEEDS_SOURCE,يُحسب من مكوّنات موثّقة أو جداول التركيب السعودية,بيض بالبسطرمة,Eggs with basturma,,,,SAUDI_DISH,أطباق سعودية وخليجية,فطور,,,KSA,KSA,,VERY_HIGH,P1,MISSING,,RECIPE_ESTIMATE,جداول تركيب الأغذية السعودية / وصفة موثّقة,,,,,,,,,,,,,NONE,MEDIUM,,,,,,,,,,,يُحسب من مكوّنات موثّقة أو جداول التركيب السعودية — لا يُقدَّر اعتباطًا.
QGAP-01474,NEEDS_SOURCE,يُحسب من مكوّنات موثّقة أو جداول التركيب السعودية,ساندويتش كبدة,Liver sandwich,,,,SAUDI_DISH,أطباق سعودية وخليجية,مطاعم,,,KSA,KSA,,VERY_HIGH,P1,MISSING,,RECIPE_ESTIMATE,جداول تركيب الأغذية السعودية / وصفة موثّقة,,,,,,,,,,,,,NONE,MEDIUM,,,,,,,,,,,يُحسب من مكوّنات موثّقة أو جداول التركيب السعودية — لا يُقدَّر اعتباطًا.
QGAP-01475,NEEDS_SOURCE,يُحسب من مكوّنات موثّقة أو جداول التركيب السعودية,ساندويتش بطاطس,Potato sandwich,,,,SAUDI_DISH,أطباق سعودية وخليجية,مطاعم,,,KSA,KSA,,VERY_HIGH,P1,MISSING,,RECIPE_ESTIMATE,جداول تركيب الأغذية السعودية / وصفة موثّقة,,,,,,,,,,,,,NONE,MEDIUM,,,,,,,,,,,يُحسب من مكوّنات موثّقة أو جداول التركيب السعودية — لا يُقدَّر اعتباطًا.
QGAP-01477,NEEDS_SOURCE,يُحسب من مكوّنات موثّقة أو جداول التركيب السعودية,فاهيتا لحم,Beef fajita,,,,SAUDI_DISH,أطباق سعودية وخليجية,مطاعم,,,KSA,KSA,,VERY_HIGH,P1,MISSING,,RECIPE_ESTIMATE,جداول تركيب الأغذية السعودية / وصفة موثّقة,,,,,,,,,,,,,NONE,MEDIUM,,,,,,,,,,,يُحسب من مكوّنات موثّقة أو جداول التركيب السعودية — لا يُقدَّر اعتباطًا.
QGAP-01479,NEEDS_SOURCE,يُحسب من مكوّنات موثّقة أو جداول التركيب السعودية,كبسة خضار,Vegetable kabsa,,,,SAUDI_DISH,أطباق سعودية وخليجية,أرز,,,KSA,KSA,,VERY_HIGH,P1,MISSING,,RECIPE_ESTIMATE,جداول تركيب الأغذية السعودية / وصفة موثّقة,,,,,,,,,,,,,NONE,MEDIUM,,,,,,,,,,,يُحسب من مكوّنات موثّقة أو جداول التركيب السعودية — لا يُقدَّر اعتباطًا.
QGAP-01480,NEEDS_SOURCE,يُحسب من مكوّنات موثّقة أو جداول التركيب السعودية,مندي حاشي,Camel mandi,,,,SAUDI_DISH,أطباق سعودية وخليجية,أرز,,,KSA,KSA,,VERY_HIGH,P1,MISSING,,RECIPE_ESTIMATE,جداول تركيب الأغذية السعودية / وصفة موثّقة,,,,,,,,,,,,,NONE,MEDIUM,,,,,,,,,,,يُحسب من مكوّنات موثّقة أو جداول التركيب السعودية — لا يُقدَّر اعتباطًا.
QGAP-01481,NEEDS_SOURCE,يُحسب من مكوّنات موثّقة أو جداول التركيب السعودية,هريس بالدجاج,Chicken harees,,,,SAUDI_DISH,أطباق سعودية وخليجية,تقليدي,,,KSA,KSA,,VERY_HIGH,P1,MISSING,,RECIPE_ESTIMATE,جداول تركيب الأغذية السعودية / وصفة موثّقة,,,,,,,,,,,,,NONE,MEDIUM,,,,,,,,,,,يُحسب من مكوّنات موثّقة أو جداول التركيب السعودية — لا يُقدَّر اعتباطًا.
QGAP-01482,NEEDS_SOURCE,يُحسب من مكوّنات موثّقة أو جداول التركيب السعودية,ثريد خضار,Vegetable thareed,,,,SAUDI_DISH,أطباق سعودية وخليجية,تقليدي,,,KSA,KSA,,VERY_HIGH,P1,MISSING,,RECIPE_ESTIMATE,جداول تركيب الأغذية السعودية / وصفة موثّقة,,,,,,,,,,,,,NONE,MEDIUM,,,,,,,,,,,يُحسب من مكوّنات موثّقة أو جداول التركيب السعودية — لا يُقدَّر اعتباطًا.
QGAP-01484,NEEDS_SOURCE,يُحسب من مكوّنات موثّقة أو جداول التركيب السعودية,صالونة خضار,Vegetable salona,,,,SAUDI_DISH,أطباق سعودية وخليجية,تقليدي,,,KSA,KSA,,VERY_HIGH,P1,MISSING,,RECIPE_ESTIMATE,جداول تركيب الأغذية السعودية / وصفة موثّقة,,,,,,,,,,,,,NONE,MEDIUM,,,,,,,,,,,يُحسب من مكوّنات موثّقة أو جداول التركيب السعودية — لا يُقدَّر اعتباطًا.
QGAP-01486,NEEDS_SOURCE,لم يُعثر على مصدر آلي — يحتاج جلبًا من المصنّع أو كتالوج التجزئة,سوشي رول كاليفورنيا,California sushi roll,,,,INTERNATIONAL,مطبخ عالمي,آسيوي,,,KSA,GLOBAL_REFERENCE,,HIGH,P2,MISSING,,USDA,USDA FoodData Central,https://fdc.nal.usda.gov/,,,,,,,,,,,,NONE,MEDIUM,,,,,,,,,,,
QGAP-01488,NEEDS_SOURCE,لم يُعثر على مصدر آلي — يحتاج جلبًا من المصنّع أو كتالوج التجزئة,رامن,Ramen,,,,INTERNATIONAL,مطبخ عالمي,آسيوي,,,KSA,GLOBAL_REFERENCE,,MEDIUM,P2,MISSING,,USDA,USDA FoodData Central,https://fdc.nal.usda.gov/,,,,,,,,,,,,NONE,MEDIUM,,,,,,,,,,,
QGAP-01489,NEEDS_SOURCE,لم يُعثر على مصدر آلي — يحتاج جلبًا من المصنّع أو كتالوج التجزئة,باد تاي,Pad Thai,,,,INTERNATIONAL,مطبخ عالمي,آسيوي,,,KSA,GLOBAL_REFERENCE,,MEDIUM,P2,MISSING,,USDA,USDA FoodData Central,https://fdc.nal.usda.gov/,,,,,,,,,,,,NONE,MEDIUM,,,,,,,,,,,
QGAP-01490,NEEDS_SOURCE,لم يُعثر على مصدر آلي — يحتاج جلبًا من المصنّع أو كتالوج التجزئة,دجاج بالكاجو,Cashew chicken,,,,INTERNATIONAL,مطبخ عالمي,آسيوي,,,KSA,GLOBAL_REFERENCE,,HIGH,P2,MISSING,,USDA,USDA FoodData Central,https://fdc.nal.usda.gov/,,,,,,,,,,,,NONE,MEDIUM,,,,,,,,,,,
QGAP-01492,NEEDS_SOURCE,لم يُعثر على مصدر آلي — يحتاج جلبًا من المصنّع أو كتالوج التجزئة,نودلز مقلية,Stir-fried noodles,,,,INTERNATIONAL,مطبخ عالمي,آسيوي,,,KSA,GLOBAL_REFERENCE,,HIGH,P2,MISSING,,USDA,USDA FoodData Central,https://fdc.nal.usda.gov/,,,,,,,,,,,,NONE,MEDIUM,,,,,,,,,,,
QGAP-01493,NEEDS_SOURCE,لم يُعثر على مصدر آلي — يحتاج جلبًا من المصنّع أو كتالوج التجزئة,دجاج تكا,Chicken tikka,,,,INTERNATIONAL,مطبخ عالمي,هندي,,,KSA,GLOBAL_REFERENCE,,HIGH,P2,MISSING,,USDA,USDA FoodData Central,https://fdc.nal.usda.gov/,,,,,,,,,,,,NONE,MEDIUM,,,,,,,,,,,
QGAP-01497,NEEDS_SOURCE,لم يُعثر على مصدر آلي — يحتاج جلبًا من المصنّع أو كتالوج التجزئة,بيرياني هندي,Indian biryani,,,,INTERNATIONAL,مطبخ عالمي,هندي,,,KSA,GLOBAL_REFERENCE,,HIGH,P2,MISSING,,USDA,USDA FoodData Central,https://fdc.nal.usda.gov/,,,,,,,,,,,,NONE,MEDIUM,,,,,,,,,,,
QGAP-01499,NEEDS_SOURCE,لم يُعثر على مصدر آلي — يحتاج جلبًا من المصنّع أو كتالوج التجزئة,كاري خضار,Vegetable curry,,,,INTERNATIONAL,مطبخ عالمي,هندي,,,KSA,GLOBAL_REFERENCE,,MEDIUM,P2,MISSING,,USDA,USDA FoodData Central,https://fdc.nal.usda.gov/,,,,,,,,,,,,NONE,MEDIUM,,,,,,,,,,,
QGAP-01500,NEEDS_SOURCE,لم يُعثر على مصدر آلي — يحتاج جلبًا من المصنّع أو كتالوج التجزئة,باستا ألفريدو,Alfredo pasta,,,,INTERNATIONAL,مطبخ عالمي,إيطالي,,,KSA,GLOBAL_REFERENCE,,HIGH,P2,MISSING,,USDA,USDA FoodData Central,https://fdc.nal.usda.gov/,,,,,,,,,,,,NONE,MEDIUM,,,,,,,,,,,
QGAP-01501,NEEDS_SOURCE,لم يُعثر على مصدر آلي — يحتاج جلبًا من المصنّع أو كتالوج التجزئة,باستا بولونيز,Bolognese pasta,,,,INTERNATIONAL,مطبخ عالمي,إيطالي,,,KSA,GLOBAL_REFERENCE,,HIGH,P2,MISSING,,USDA,USDA FoodData Central,https://fdc.nal.usda.gov/,,,,,,,,,,,,NONE,MEDIUM,,,,,,,,,,,
QGAP-01503,NEEDS_SOURCE,لم يُعثر على مصدر آلي — يحتاج جلبًا من المصنّع أو كتالوج التجزئة,ريزوتو,Risotto,,,,INTERNATIONAL,مطبخ عالمي,إيطالي,,,KSA,GLOBAL_REFERENCE,,MEDIUM,P2,MISSING,,USDA,USDA FoodData Central,https://fdc.nal.usda.gov/,,,,,,,,,,,,NONE,MEDIUM,,,,,,,,,,,
QGAP-01504,NEEDS_SOURCE,لم يُعثر على مصدر آلي — يحتاج جلبًا من المصنّع أو كتالوج التجزئة,بيتزا مارغريتا,Margherita pizza,,,,INTERNATIONAL,مطبخ عالمي,إيطالي,,,KSA,GLOBAL_REFERENCE,,HIGH,P2,MISSING,,USDA,USDA FoodData Central,https://fdc.nal.usda.gov/,,,,,,,,,,,,NONE,MEDIUM,,,,,,,,,,,
QGAP-01505,NEEDS_SOURCE,لم يُعثر على مصدر آلي — يحتاج جلبًا من المصنّع أو كتالوج التجزئة,تيراميسو,Tiramisu,,,,INTERNATIONAL,مطبخ عالمي,إيطالي,,,KSA,GLOBAL_REFERENCE,,MEDIUM,P2,MISSING,,USDA,USDA FoodData Central,https://fdc.nal.usda.gov/,,,,,,,,,,,,NONE,MEDIUM,,,,,,,,,,,
QGAP-01506,NEEDS_SOURCE,لم يُعثر على مصدر آلي — يحتاج جلبًا من المصنّع أو كتالوج التجزئة,تاكو لحم,Beef taco,,,,INTERNATIONAL,مطبخ عالمي,مكسيكي,,,KSA,GLOBAL_REFERENCE,,MEDIUM,P2,MISSING,,USDA,USDA FoodData Central,https://fdc.nal.usda.gov/,,,,,,,,,,,,NONE,MEDIUM,,170763,"Fast foods, taco with beef, cheese and lettuce, soft",,,0.1,,,,,
QGAP-01507,NEEDS_SOURCE,لم يُعثر على مصدر آلي — يحتاج جلبًا من المصنّع أو كتالوج التجزئة,بوريتو دجاج,Chicken burrito,,,,INTERNATIONAL,مطبخ عالمي,مكسيكي,,,KSA,GLOBAL_REFERENCE,,MEDIUM,P2,MISSING,,USDA,USDA FoodData Central,https://fdc.nal.usda.gov/,,,,,,,,,,,,NONE,MEDIUM,,,,,,,,,,,
QGAP-01508,NEEDS_SOURCE,لم يُعثر على مصدر آلي — يحتاج جلبًا من المصنّع أو كتالوج التجزئة,ناتشوز بالجبن,Cheese nachos,,,,INTERNATIONAL,مطبخ عالمي,مكسيكي,,,KSA,GLOBAL_REFERENCE,,HIGH,P2,MISSING,,USDA,USDA FoodData Central,https://fdc.nal.usda.gov/,,,,,,,,,,,,NONE,MEDIUM,,170291,"Fast foods, nachos, with cheese",,,0.22,,,,,
QGAP-01510,NEEDS_SOURCE,لم يُعثر على مصدر آلي — يحتاج جلبًا من المصنّع أو كتالوج التجزئة,جواكامولي,Guacamole,,,,INTERNATIONAL,مطبخ عالمي,مكسيكي,,,KSA,GLOBAL_REFERENCE,,MEDIUM,P2,MISSING,,USDA,USDA FoodData Central,https://fdc.nal.usda.gov/,,,,,,,,,,,,NONE,MEDIUM,,,,,,,,,,,
QGAP-01512,NEEDS_SOURCE,لم يُعثر على مصدر آلي — يحتاج جلبًا من المصنّع أو كتالوج التجزئة,سلطة يونانية,Greek salad,,,,INTERNATIONAL,مطبخ عالمي,غربي,,,KSA,GLOBAL_REFERENCE,,HIGH,P2,MISSING,,USDA,USDA FoodData Central,https://fdc.nal.usda.gov/,,,,,,,,,,,,NONE,MEDIUM,,,,,,,,,,,
QGAP-01513,NEEDS_SOURCE,لم يُعثر على مصدر آلي — يحتاج جلبًا من المصنّع أو كتالوج التجزئة,ستيك مع بطاطس,Steak and fries,,,,INTERNATIONAL,مطبخ عالمي,غربي,,,KSA,GLOBAL_REFERENCE,,HIGH,P2,MISSING,,USDA,USDA FoodData Central,https://fdc.nal.usda.gov/,,,,,,,,,,,,NONE,MEDIUM,,168444,"Potatoes, french fried, steak fries, salt added in processing, frozen, as purchased",,,0.08,,,,,
QGAP-01517,NEEDS_SOURCE,لم يُعثر على مصدر آلي — يحتاج جلبًا من المصنّع أو كتالوج التجزئة,أومليت بالجبن,Cheese omelette,,,,INTERNATIONAL,مطبخ عالمي,غربي,,,KSA,GLOBAL_REFERENCE,,HIGH,P2,MISSING,,USDA,USDA FoodData Central,https://fdc.nal.usda.gov/,,,,,,,,,,,,NONE,MEDIUM,,,,,,,,,,,
QGAP-01518,NEEDS_SOURCE,لم يُعثر على مصدر آلي — يحتاج جلبًا من المصنّع أو كتالوج التجزئة,بيض بنديكت,Eggs Benedict,,,,INTERNATIONAL,مطبخ عالمي,غربي,,,KSA,GLOBAL_REFERENCE,,MEDIUM,P2,MISSING,,USDA,USDA FoodData Central,https://fdc.nal.usda.gov/,,,,,,,,,,,,NONE,MEDIUM,,,,,,,,,,,
QGAP-01519,NEEDS_SOURCE,لم يُعثر على مصدر آلي — يحتاج جلبًا من المصنّع أو كتالوج التجزئة,تشيز كيك,Cheesecake,,,,INTERNATIONAL,مطبخ عالمي,حلويات,,,KSA,GLOBAL_REFERENCE,,HIGH,P2,MISSING,,USDA,USDA FoodData Central,https://fdc.nal.usda.gov/,,,,,,,,,,,,NONE,MEDIUM,,,,,,,,,,,
QGAP-01520,NEEDS_SOURCE,لم يُعثر على مصدر آلي — يحتاج جلبًا من المصنّع أو كتالوج التجزئة,براوني,Brownie,,,,INTERNATIONAL,مطبخ عالمي,حلويات,,,KSA,GLOBAL_REFERENCE,,HIGH,P2,MISSING,,USDA,USDA FoodData Central,https://fdc.nal.usda.gov/,,,,,,,,,,,,NONE,MEDIUM,,,,,,,,,,,
QGAP-01521,NEEDS_SOURCE,لم يُعثر على مصدر آلي — يحتاج جلبًا من المصنّع أو كتالوج التجزئة,كب كيك,Cupcake,,,,INTERNATIONAL,مطبخ عالمي,حلويات,,,KSA,GLOBAL_REFERENCE,,MEDIUM,P2,MISSING,,USDA,USDA FoodData Central,https://fdc.nal.usda.gov/,,,,,,,,,,,,NONE,MEDIUM,,,,,,,,,,,
QGAP-01522,NEEDS_SOURCE,لم يُعثر على مصدر آلي — يحتاج جلبًا من المصنّع أو كتالوج التجزئة,كوكيز بالشوكولاتة,Chocolate chip cookie,,,,INTERNATIONAL,مطبخ عالمي,حلويات,,,KSA,GLOBAL_REFERENCE,,HIGH,P2,MISSING,,USDA,USDA FoodData Central,https://fdc.nal.usda.gov/,,,,,,,,,,,,NONE,MEDIUM,,,,,,,,,,,
QGAP-01524,NEEDS_SOURCE,لم يُعثر على مصدر آلي — يحتاج جلبًا من المصنّع أو كتالوج التجزئة,كريب بالنوتيلا,Nutella crepe,,,,INTERNATIONAL,مطبخ عالمي,حلويات,,,KSA,GLOBAL_REFERENCE,,HIGH,P2,MISSING,,USDA,USDA FoodData Central,https://fdc.nal.usda.gov/,,,,,,,,,,,,NONE,MEDIUM,,,,,,,,,,,
QGAP-01525,NEEDS_SOURCE,لم يُعثر على مصدر آلي — يحتاج جلبًا من المصنّع أو كتالوج التجزئة,تشوروس,Churros,,,,INTERNATIONAL,مطبخ عالمي,حلويات,,,KSA,GLOBAL_REFERENCE,,MEDIUM,P2,MISSING,,USDA,USDA FoodData Central,https://fdc.nal.usda.gov/,,,,,,,,,,,,NONE,MEDIUM,,,,,,,,,,,
QGAP-01527,NEEDS_SOURCE,لم يُعثر على مصدر آلي — يحتاج جلبًا من المصنّع أو كتالوج التجزئة,بول بوكس دجاج,Chicken bowl,,,,INTERNATIONAL,مطبخ عالمي,صحي,,,KSA,GLOBAL_REFERENCE,,HIGH,P2,MISSING,,USDA,USDA FoodData Central,https://fdc.nal.usda.gov/,,,,,,,,,,,,NONE,MEDIUM,,173339,"Rice bowl with chicken, frozen entree, prepared (includes fried, teriyaki, and sweet and sour varieties)",,,0.3,,,,,
QGAP-01528,NEEDS_SOURCE,لم يُعثر على مصدر آلي — يحتاج جلبًا من المصنّع أو كتالوج التجزئة,رابس دجاج مشوي,Grilled chicken wrap,,,,INTERNATIONAL,مطبخ عالمي,صحي,,,KSA,GLOBAL_REFERENCE,,HIGH,P2,MISSING,,USDA,USDA FoodData Central,https://fdc.nal.usda.gov/,,,,,,,,,,,,NONE,MEDIUM,,,,,,,,,,,
QGAP-01529,NEEDS_SOURCE,لم يُعثر على مصدر آلي — يحتاج جلبًا من المصنّع أو كتالوج التجزئة,سموذي بروتين,Protein smoothie,,,,INTERNATIONAL,مطبخ عالمي,صحي,,,KSA,GLOBAL_REFERENCE,,HIGH,P2,MISSING,,USDA,USDA FoodData Central,https://fdc.nal.usda.gov/,,,,,,,,,,,,NONE,MEDIUM,,,,,,,,,,,
QGAP-01530,NEEDS_SOURCE,لم يُعثر على مصدر آلي — يحتاج جلبًا من المصنّع أو كتالوج التجزئة,أسياي بول,Acai bowl,,,,INTERNATIONAL,مطبخ عالمي,صحي,,,KSA,GLOBAL_REFERENCE,,MEDIUM,P2,MISSING,,USDA,USDA FoodData Central,https://fdc.nal.usda.gov/,,,,,,,,,,,,NONE,MEDIUM,,,,,,,,,,,
QGAP-01531,NEEDS_SOURCE,لم يُعثر على مصدر آلي — يحتاج جلبًا من المصنّع أو كتالوج التجزئة,أوفر نايت أوتس,Overnight oats,,,,INTERNATIONAL,مطبخ عالمي,صحي,,,KSA,GLOBAL_REFERENCE,,HIGH,P2,MISSING,,USDA,USDA FoodData Central,https://fdc.nal.usda.gov/,,,,,,,,,,,,NONE,MEDIUM,,,,,,,,,,,
QGAP-01534,NEEDS_SOURCE,لم يُعثر على مصدر آلي — يحتاج جلبًا من المصنّع أو كتالوج التجزئة,فيتوتشيني بالدجاج,Chicken fettuccine,,,,INTERNATIONAL,مطبخ عالمي,إيطالي,,,KSA,GLOBAL_REFERENCE,,HIGH,P2,MISSING,,USDA,USDA FoodData Central,https://fdc.nal.usda.gov/,,,,,,,,,,,,NONE,MEDIUM,,,,,,,,,,,
QGAP-01536,NEEDS_SOURCE,لم يُعثر على مصدر آلي — يحتاج جلبًا من المصنّع أو كتالوج التجزئة,أجنحة بافلو,Buffalo wings,,,,INTERNATIONAL,مطبخ عالمي,غربي,,,KSA,GLOBAL_REFERENCE,,HIGH,P2,MISSING,,USDA,USDA FoodData Central,https://fdc.nal.usda.gov/,,,,,,,,,,,,NONE,MEDIUM,,,,,,,,,,,
QGAP-01537,NEEDS_SOURCE,لم يُعثر على مصدر آلي — يحتاج جلبًا من المصنّع أو كتالوج التجزئة,ماك آند تشيز,Mac and cheese,,,,INTERNATIONAL,مطبخ عالمي,غربي,,,KSA,GLOBAL_REFERENCE,,MEDIUM,P2,MISSING,,USDA,USDA FoodData Central,https://fdc.nal.usda.gov/,,,,,,,,,,,,NONE,MEDIUM,,,,,,,,,,,
