candidate_id,status,status_reason,name_ar,name_en,brand_ar,brand_en,restaurant_or_brand,food_type,category,subcategory,variant,preparation,market,data_market,saudi_market_verified,saudi_relevance,priority,match_status,existing_qimmah_match,source_class,source_name,source_url,barcode_gtin,package_size,serving_description,serving_grams,calories,protein_g,carbs_g,fat_g,fiber_g,sugar_g,sodium_mg,nutrition_completeness,confidence,energy_check,usda_fdc_id,usda_desc,off_product_name,off_product_name_ar,match_score,dropped_fields,invalid_barcode_seen,aliases_ar,aliases_en,notes
QGAP-00003,NEEDS_HUMAN_REVIEW,الأصل العام موجود في قِمّة — يُحسم بشريًا إن كان المتغيّر يستحق صفًّا مستقلًا,فخذ دجاج بدون جلد,Chicken thigh skinless,,,,GENERIC,أطعمة عامة,لحوم ودواجن,,—,KSA,GLOBAL_REFERENCE,,HIGH,P1,EXISTS_GENERIC_ONLY,chicken-thigh · فخذ دجاج,USDA,USDA FoodData Central,https://fdc.nal.usda.gov/,,,,,,,,,,,,NONE,MEDIUM,,,,,,,,,,,
QGAP-00005,NEEDS_HUMAN_REVIEW,الأصل العام موجود في قِمّة — يُحسم بشريًا إن كان المتغيّر يستحق صفًّا مستقلًا,جناح دجاج,Chicken wing,,,,GENERIC,أطعمة عامة,لحوم ودواجن,,—,KSA,GLOBAL_REFERENCE,,HIGH,P1,EXISTS_GENERIC_ONLY,dominos-wings · دومينوز - أجنحة دجاج,USDA,"USDA FoodData Central — Chicken, broilers or fryers, wing, meat and skin, raw",https://fdc.nal.usda.gov/food-details/172390/nutrients,,,لكل 100غ,100,191.0,17.52,0.0,12.85,0.0,0.0,84.0,NONE,MEDIUM,,172390,"Chicken, broilers or fryers, wing, meat and skin, raw",,,1.2,,,,,
QGAP-00011,NEEDS_HUMAN_REVIEW,مطابقة آلية بدرجة 0.9 دون حدّ القبول — تحتاج تأكيدًا,كرشة,Tripe,,,,GENERIC,أطعمة عامة,لحوم ودواجن,,—,KSA,GLOBAL_REFERENCE,,HIGH,P1,MISSING,,USDA,"USDA FoodData Central — Beef, variety meats and by-products, tripe, raw",https://fdc.nal.usda.gov/food-details/170599/nutrients,,,لكل 100غ,100,85.0,12.07,0.0,3.69,0.0,0.0,97.0,NONE,MEDIUM,,170599,"Beef, variety meats and by-products, tripe, raw",,,0.9,,,,,
QGAP-00012,NEEDS_HUMAN_REVIEW,مطابقة آلية بدرجة 0.96 دون حدّ القبول — تحتاج تأكيدًا,مقادم غنم,Lamb trotters,,,,GENERIC,أطعمة عامة,لحوم ودواجن,,—,KSA,GLOBAL_REFERENCE,,HIGH,P1,MISSING,,USDA,"USDA FoodData Central — Lamb, Australian, imported, fresh, leg, trotter off, bone-in, separable lean and fat, trimmed to 1/8"" fat, raw",https://fdc.nal.usda.gov/food-details/174896/nutrients,,,لكل 100غ,100,175.0,21.95,0.0,9.73,0.0,0.0,75.0,NONE,MEDIUM,,174896,"Lamb, Australian, imported, fresh, leg, trotter off, bone-in, separable lean and fat, trimmed to 1/8"" fat, raw",,,0.96,,,,,
QGAP-00013,NEEDS_HUMAN_REVIEW,الأصل العام موجود في قِمّة — يُحسم بشريًا إن كان المتغيّر يستحق صفًّا مستقلًا,لحم بقري قليل الدهن 95%,Lean ground beef 95%,,,,GENERIC,أطعمة عامة,لحوم ودواجن,,—,KSA,GLOBAL_REFERENCE,,HIGH,P1,EXISTS_GENERIC_ONLY,ground-beef · لحم مفروم,USDA,"USDA FoodData Central — Beef, ground, 70% lean meat / 30% fat, raw",https://fdc.nal.usda.gov/food-details/168652/nutrients,,,لكل 100غ,100,332.0,14.35,0.0,30.0,0.0,0.0,66.0,NONE,MEDIUM,,168652,"Beef, ground, 70% lean meat / 30% fat, raw",,,1.28,,,,,
QGAP-00014,NEEDS_HUMAN_REVIEW,الأصل العام موجود في قِمّة — يُحسم بشريًا إن كان المتغيّر يستحق صفًّا مستقلًا,لحم بقري مفروم 80%,Ground beef 80/20,,,,GENERIC,أطعمة عامة,لحوم ودواجن,,—,KSA,GLOBAL_REFERENCE,,HIGH,P1,EXISTS_GENERIC_ONLY,ground-beef · لحم مفروم,USDA,"USDA FoodData Central — Beef, grass-fed, ground, raw",https://fdc.nal.usda.gov/food-details/168608/nutrients,,,لكل 100غ,100,198.0,19.42,0.0,12.73,0.0,0.0,68.0,NONE,MEDIUM,,168608,"Beef, grass-fed, ground, raw",,,1.28,,,,,
QGAP-00015,NEEDS_HUMAN_REVIEW,مطابقة آلية بدرجة 0.7 دون حدّ القبول — تحتاج تأكيدًا,ستيك ريب آي,Ribeye steak,,,,GENERIC,أطعمة عامة,لحوم ودواجن,,—,KSA,GLOBAL_REFERENCE,,HIGH,P1,MISSING,,USDA,"USDA FoodData Central — Beef, ribeye cap steak, boneless, separable lean only, trimmed to 0"" fat, all grades, raw",https://fdc.nal.usda.gov/food-details/173057/nutrients,,,لكل 100غ,100,180.0,19.7,1.51,10.6,0.0,0.0,88.0,NONE,MEDIUM,,173057,"Beef, ribeye cap steak, boneless, separable lean only, trimmed to 0"" fat, all grades, raw",,,0.7,,,,,
QGAP-00016,NEEDS_HUMAN_REVIEW,مطابقة آلية بدرجة 0.82 دون حدّ القبول — تحتاج تأكيدًا,ستيك تندرلوين,Tenderloin steak,,,,GENERIC,أطعمة عامة,لحوم ودواجن,,—,KSA,GLOBAL_REFERENCE,,HIGH,P1,MISSING,,USDA,"USDA FoodData Central — Beef, tenderloin, steak, separable lean and fat, trimmed to 1/8"" fat, select, raw",https://fdc.nal.usda.gov/food-details/168724/nutrients,,,لكل 100غ,100,249.0,19.37,0.0,18.46,0.0,0.0,50.0,NONE,MEDIUM,,168724,"Beef, tenderloin, steak, separable lean and fat, trimmed to 1/8"" fat, select, raw",,,0.82,,,,,
QGAP-00017,NEEDS_HUMAN_REVIEW,مطابقة آلية بدرجة 0.78 دون حدّ القبول — تحتاج تأكيدًا,ستيك سيرلوين,Sirloin steak,,,,GENERIC,أطعمة عامة,لحوم ودواجن,,—,KSA,GLOBAL_REFERENCE,,HIGH,P1,MISSING,,USDA,"USDA FoodData Central — Beef, top sirloin, steak, separable lean and fat, trimmed to 1/8"" fat, all grades, raw",https://fdc.nal.usda.gov/food-details/168726/nutrients,,,لكل 100غ,100,201.0,20.3,0.0,12.71,0.0,0.0,52.0,NONE,MEDIUM,,168726,"Beef, top sirloin, steak, separable lean and fat, trimmed to 1/8"" fat, all grades, raw",,,0.78,,,,,
QGAP-00018,NEEDS_HUMAN_REVIEW,الأصل العام موجود في قِمّة — يُحسم بشريًا إن كان المتغيّر يستحق صفًّا مستقلًا,لحم حاشي (إبل) مفروم,Ground camel meat,,,,GENERIC,أطعمة عامة,لحوم ودواجن,,—,KSA,GLOBAL_REFERENCE,,HIGH,P1,EXISTS_GENERIC_ONLY,camel-meat · لحم جمل,USDA,USDA FoodData Central,https://fdc.nal.usda.gov/,,,,,,,,,,,,NONE,MEDIUM,,,,,,,,,,,
QGAP-00028,NEEDS_HUMAN_REVIEW,الأصل العام موجود في قِمّة — يُحسم بشريًا إن كان المتغيّر يستحق صفًّا مستقلًا,برجر لحم نيء,Raw beef patty,,,,GENERIC,أطعمة عامة,لحوم ودواجن,,—,KSA,GLOBAL_REFERENCE,,HIGH,P1,EXISTS_GENERIC_ONLY,beef-burger · برجر لحم,USDA,USDA FoodData Central,https://fdc.nal.usda.gov/,,,,,,,,,,,,NONE,MEDIUM,,,,,,,,,,,
QGAP-00040,NEEDS_HUMAN_REVIEW,مطابقة آلية بدرجة 0.98 دون حدّ القبول — تحتاج تأكيدًا,سمك تونة طازج,Fresh tuna,,,,GENERIC,أطعمة عامة,أسماك ومأكولات بحرية,,,KSA,GLOBAL_REFERENCE,,HIGH,P2,MISSING,,USDA,"USDA FoodData Central — Fish, tuna, fresh, bluefin, raw",https://fdc.nal.usda.gov/food-details/173706/nutrients,,,لكل 100غ,100,144.0,23.33,0.0,4.9,0.0,0.0,39.0,NONE,MEDIUM,,173706,"Fish, tuna, fresh, bluefin, raw",,,0.98,,,,,
QGAP-00041,NEEDS_HUMAN_REVIEW,مطابقة آلية بدرجة 0.98 دون حدّ القبول — تحتاج تأكيدًا,سمك ماكريل,Mackerel,,,,GENERIC,أطعمة عامة,أسماك ومأكولات بحرية,,,KSA,GLOBAL_REFERENCE,,HIGH,P2,MISSING,,USDA,"USDA FoodData Central — Fish, mackerel, spanish, raw",https://fdc.nal.usda.gov/food-details/173673/nutrients,,,لكل 100غ,100,139.0,19.29,0.0,6.3,0.0,0.0,59.0,NONE,MEDIUM,,173673,"Fish, mackerel, spanish, raw",,,0.98,,,,,
QGAP-00042,NEEDS_HUMAN_REVIEW,مطابقة آلية بدرجة 0.98 دون حدّ القبول — تحتاج تأكيدًا,سمك قد,Cod,,,,GENERIC,أطعمة عامة,أسماك ومأكولات بحرية,,,KSA,GLOBAL_REFERENCE,,HIGH,P2,MISSING,,USDA,"USDA FoodData Central — Fish, cod, Atlantic, raw",https://fdc.nal.usda.gov/food-details/171955/nutrients,,,لكل 100غ,100,82.0,17.81,0.0,0.67,0.0,0.0,54.0,NONE,MEDIUM,,171955,"Fish, cod, Atlantic, raw",,,0.98,,,,,
QGAP-00045,NEEDS_HUMAN_REVIEW,مطابقة آلية بدرجة 0.94 دون حدّ القبول — تحتاج تأكيدًا,حبار,Squid,,,,GENERIC,أطعمة عامة,أسماك ومأكولات بحرية,,,KSA,GLOBAL_REFERENCE,,HIGH,P2,MISSING,,USDA,"USDA FoodData Central — Mollusks, squid, mixed species, raw",https://fdc.nal.usda.gov/food-details/174223/nutrients,,,لكل 100غ,100,92.0,15.58,3.08,1.38,0.0,0.0,44.0,NONE,MEDIUM,,174223,"Mollusks, squid, mixed species, raw",,,0.94,,,,,
QGAP-00047,NEEDS_HUMAN_REVIEW,مطابقة آلية بدرجة 0.98 دون حدّ القبول — تحتاج تأكيدًا,سلطعون (كراب),Crab,,,,GENERIC,أطعمة عامة,أسماك ومأكولات بحرية,,,KSA,GLOBAL_REFERENCE,,HIGH,P2,MISSING,,USDA,"USDA FoodData Central — Crustaceans, crab, dungeness, raw",https://fdc.nal.usda.gov/food-details/171968/nutrients,,,لكل 100غ,100,86.0,17.41,0.74,0.97,0.0,,295.0,NONE,MEDIUM,,171968,"Crustaceans, crab, dungeness, raw",,,0.98,,,,,
QGAP-00050,NEEDS_HUMAN_REVIEW,مطابقة آلية بدرجة 0.84 دون حدّ القبول — تحتاج تأكيدًا,كافيار,Caviar,,,,GENERIC,أطعمة عامة,أسماك ومأكولات بحرية,,,KSA,GLOBAL_REFERENCE,,HIGH,P2,MISSING,,USDA,"USDA FoodData Central — Fish, caviar, black and red, granular",https://fdc.nal.usda.gov/food-details/174188/nutrients,,,لكل 100غ,100,264.0,24.6,4.0,17.9,0.0,0.0,1500.0,NONE,MEDIUM,,174188,"Fish, caviar, black and red, granular",,,0.84,,,,,
QGAP-00051,NEEDS_HUMAN_REVIEW,الأصل العام موجود في قِمّة — يُحسم بشريًا إن كان المتغيّر يستحق صفًّا مستقلًا,سمك سلمون مدخن,Smoked salmon,,,,GENERIC,أطعمة عامة,أسماك ومأكولات بحرية,,,KSA,GLOBAL_REFERENCE,,HIGH,P2,EXISTS_GENERIC_ONLY,salmon · سلمون,USDA,"USDA FoodData Central — Salmon, red (sockeye), filets with skin, smoked (Alaska Native)",https://fdc.nal.usda.gov/food-details/169813/nutrients,,,لكل 100غ,100,345.0,60.62,0.0,11.43,0.0,0.0,51.0,NONE,MEDIUM,,169813,"Salmon, red (sockeye), filets with skin, smoked (Alaska Native)",,,1.41,,,,,
QGAP-00055,NEEDS_HUMAN_REVIEW,الأصل العام موجود في قِمّة — يُحسم بشريًا إن كان المتغيّر يستحق صفًّا مستقلًا,صدر دجاج مشوي بالفرن,"Chicken breast, Oven baked",,,,GENERIC,أطعمة عامة,طرق الطهي,,baked,KSA,GLOBAL_REFERENCE,,HIGH,P2,EXISTS_GENERIC_ONLY,chicken-breast-grilled · صدر دجاج مشوي,USDA,"USDA FoodData Central — Chicken breast, roll, oven-roasted",https://fdc.nal.usda.gov/food-details/174608/nutrients,,,لكل 100غ,100,134.0,14.59,1.79,7.65,0.0,0.43,883.0,NONE,MEDIUM,,174608,"Chicken breast, roll, oven-roasted",,,1.58,,,,,يُضاف فقط إذا اختلفت القيم ماديًا عن الصنف الأساسي الموجود.
QGAP-00062,NEEDS_HUMAN_REVIEW,الأصل العام موجود في قِمّة — يُحسم بشريًا إن كان المتغيّر يستحق صفًّا مستقلًا,باذنجان مقلي بالزيت,"Eggplant, Deep fried",,,,GENERIC,أطعمة عامة,طرق الطهي,,fried,KSA,GLOBAL_REFERENCE,,HIGH,P2,EXISTS_GENERIC_ONLY,eggplant · باذنجان,USDA,"USDA FoodData Central — Eggplant, pickled",https://fdc.nal.usda.gov/food-details/169892/nutrients,,,لكل 100غ,100,49.0,0.9,9.77,0.7,2.5,4.8,1674.0,NONE,MEDIUM,,169892,"Eggplant, pickled",,,1.26,,,,,يُضاف فقط إذا اختلفت القيم ماديًا عن الصنف الأساسي الموجود.
QGAP-00063,NEEDS_HUMAN_REVIEW,الأصل العام موجود في قِمّة — يُحسم بشريًا إن كان المتغيّر يستحق صفًّا مستقلًا,باذنجان مقلي بالهواء,"Eggplant, Air fried",,,,GENERIC,أطعمة عامة,طرق الطهي,,air_fried,KSA,GLOBAL_REFERENCE,,HIGH,P2,EXISTS_GENERIC_ONLY,eggplant · باذنجان,USDA,"USDA FoodData Central — Eggplant, pickled",https://fdc.nal.usda.gov/food-details/169892/nutrients,,,لكل 100غ,100,49.0,0.9,9.77,0.7,2.5,4.8,1674.0,NONE,MEDIUM,,169892,"Eggplant, pickled",,,1.26,,,,,يُضاف فقط إذا اختلفت القيم ماديًا عن الصنف الأساسي الموجود.
QGAP-00064,NEEDS_HUMAN_REVIEW,الأصل العام موجود في قِمّة — يُحسم بشريًا إن كان المتغيّر يستحق صفًّا مستقلًا,باذنجان مشوي بالفرن,"Eggplant, Oven baked",,,,GENERIC,أطعمة عامة,طرق الطهي,,baked,KSA,GLOBAL_REFERENCE,,HIGH,P2,EXISTS_GENERIC_ONLY,eggplant · باذنجان,USDA,"USDA FoodData Central — Eggplant, pickled",https://fdc.nal.usda.gov/food-details/169892/nutrients,,,لكل 100غ,100,49.0,0.9,9.77,0.7,2.5,4.8,1674.0,NONE,MEDIUM,,169892,"Eggplant, pickled",,,1.26,,,,,يُضاف فقط إذا اختلفت القيم ماديًا عن الصنف الأساسي الموجود.
QGAP-00065,NEEDS_HUMAN_REVIEW,الأصل العام موجود في قِمّة — يُحسم بشريًا إن كان المتغيّر يستحق صفًّا مستقلًا,باذنجان مسلوق,"Eggplant, Boiled",,,,GENERIC,أطعمة عامة,طرق الطهي,,boiled,KSA,GLOBAL_REFERENCE,,HIGH,P2,EXISTS_GENERIC_ONLY,eggplant · باذنجان,USDA,"USDA FoodData Central — Eggplant, cooked, boiled, drained, without salt",https://fdc.nal.usda.gov/food-details/169229/nutrients,,,لكل 100غ,100,35.0,0.83,8.73,0.23,2.5,3.2,1.0,NONE,MEDIUM,,169229,"Eggplant, cooked, boiled, drained, without salt",,,1.54,,,,,يُضاف فقط إذا اختلفت القيم ماديًا عن الصنف الأساسي الموجود.
QGAP-00066,NEEDS_HUMAN_REVIEW,الأصل العام موجود في قِمّة — يُحسم بشريًا إن كان المتغيّر يستحق صفًّا مستقلًا,باذنجان مطهو على البخار,"Eggplant, Steamed",,,,GENERIC,أطعمة عامة,طرق الطهي,,steamed,KSA,GLOBAL_REFERENCE,,HIGH,P2,EXISTS_GENERIC_ONLY,eggplant · باذنجان,USDA,"USDA FoodData Central — Eggplant, cooked, boiled, drained, without salt",https://fdc.nal.usda.gov/food-details/169229/nutrients,,,لكل 100غ,100,35.0,0.83,8.73,0.23,2.5,3.2,1.0,NONE,MEDIUM,,169229,"Eggplant, cooked, boiled, drained, without salt",,,1.54,,,,,يُضاف فقط إذا اختلفت القيم ماديًا عن الصنف الأساسي الموجود.
QGAP-00067,NEEDS_HUMAN_REVIEW,الأصل العام موجود في قِمّة — يُحسم بشريًا إن كان المتغيّر يستحق صفًّا مستقلًا,سمك مقلي بالزيت,"Fish, Deep fried",,,,GENERIC,أطعمة عامة,طرق الطهي,,fried,KSA,GLOBAL_REFERENCE,,HIGH,P2,EXISTS_GENERIC_ONLY,sfct-20 · سمك مقلي,USDA,"USDA FoodData Central — Fish, croaker, Atlantic, cooked, breaded and fried",https://fdc.nal.usda.gov/food-details/171957/nutrients,,,لكل 100غ,100,221.0,18.2,7.54,12.67,0.4,,348.0,NONE,MEDIUM,,171957,"Fish, croaker, Atlantic, cooked, breaded and fried",,,1.5,,,,,يُضاف فقط إذا اختلفت القيم ماديًا عن الصنف الأساسي الموجود.
QGAP-00068,NEEDS_HUMAN_REVIEW,الأصل العام موجود في قِمّة — يُحسم بشريًا إن كان المتغيّر يستحق صفًّا مستقلًا,سمك مقلي بالهواء,"Fish, Air fried",,,,GENERIC,أطعمة عامة,طرق الطهي,,air_fried,KSA,GLOBAL_REFERENCE,,HIGH,P2,EXISTS_GENERIC_ONLY,sfct-20 · سمك مقلي,USDA,"USDA FoodData Central — Fish, croaker, Atlantic, cooked, breaded and fried",https://fdc.nal.usda.gov/food-details/171957/nutrients,,,لكل 100غ,100,221.0,18.2,7.54,12.67,0.4,,348.0,NONE,MEDIUM,,171957,"Fish, croaker, Atlantic, cooked, breaded and fried",,,1.5,,,,,يُضاف فقط إذا اختلفت القيم ماديًا عن الصنف الأساسي الموجود.
QGAP-00072,NEEDS_HUMAN_REVIEW,الأصل العام موجود في قِمّة — يُحسم بشريًا إن كان المتغيّر يستحق صفًّا مستقلًا,روبيان مقلي بالزيت,"Shrimp, Deep fried",,,,GENERIC,أطعمة عامة,طرق الطهي,,fried,KSA,GLOBAL_REFERENCE,,HIGH,P2,EXISTS_GENERIC_ONLY,gcc-24 · روبيان مقلي,USDA,"USDA FoodData Central — Crustaceans, shrimp, mixed species, cooked, breaded and fried",https://fdc.nal.usda.gov/food-details/171970/nutrients,,,لكل 100غ,100,242.0,21.39,11.47,12.28,0.4,0.8,344.0,NONE,MEDIUM,,171970,"Crustaceans, shrimp, mixed species, cooked, breaded and fried",,,1.16,,,,,يُضاف فقط إذا اختلفت القيم ماديًا عن الصنف الأساسي الموجود.
QGAP-00073,NEEDS_HUMAN_REVIEW,الأصل العام موجود في قِمّة — يُحسم بشريًا إن كان المتغيّر يستحق صفًّا مستقلًا,روبيان مقلي بالهواء,"Shrimp, Air fried",,,,GENERIC,أطعمة عامة,طرق الطهي,,air_fried,KSA,GLOBAL_REFERENCE,,HIGH,P2,EXISTS_GENERIC_ONLY,gcc-24 · روبيان مقلي,USDA,"USDA FoodData Central — Crustaceans, shrimp, mixed species, cooked, breaded and fried",https://fdc.nal.usda.gov/food-details/171970/nutrients,,,لكل 100غ,100,242.0,21.39,11.47,12.28,0.4,0.8,344.0,NONE,MEDIUM,,171970,"Crustaceans, shrimp, mixed species, cooked, breaded and fried",,,1.16,,,,,يُضاف فقط إذا اختلفت القيم ماديًا عن الصنف الأساسي الموجود.
QGAP-00074,NEEDS_HUMAN_REVIEW,مطابقة آلية بدرجة 0.72 دون حدّ القبول — تحتاج تأكيدًا,روبيان مشوي بالفرن,"Shrimp, Oven baked",,,,GENERIC,أطعمة عامة,طرق الطهي,,baked,KSA,GLOBAL_REFERENCE,,HIGH,P2,MISSING,,USDA,"USDA FoodData Central — Crustaceans, shrimp, mixed species, imitation, made from surimi",https://fdc.nal.usda.gov/food-details/171973/nutrients,,,لكل 100غ,100,101.0,12.39,9.13,1.47,0.0,,705.0,NONE,MEDIUM,,171973,"Crustaceans, shrimp, mixed species, imitation, made from surimi",,,0.72,,,,,يُضاف فقط إذا اختلفت القيم ماديًا عن الصنف الأساسي الموجود.
QGAP-00075,NEEDS_HUMAN_REVIEW,الأصل العام موجود في قِمّة — يُحسم بشريًا إن كان المتغيّر يستحق صفًّا مستقلًا,روبيان مسلوق,"Shrimp, Boiled",,,,GENERIC,أطعمة عامة,طرق الطهي,,boiled,KSA,GLOBAL_REFERENCE,,HIGH,P2,EXISTS_GENERIC_ONLY,shrimp · روبيان,USDA,"USDA FoodData Central — Crustaceans, shrimp, cooked",https://fdc.nal.usda.gov/food-details/175180/nutrients,,,لكل 100غ,100,99.0,23.98,0.2,0.28,,,111.0,NONE,MEDIUM,,175180,"Crustaceans, shrimp, cooked",,,1.32,,,,,يُضاف فقط إذا اختلفت القيم ماديًا عن الصنف الأساسي الموجود.
QGAP-00076,NEEDS_HUMAN_REVIEW,الأصل العام موجود في قِمّة — يُحسم بشريًا إن كان المتغيّر يستحق صفًّا مستقلًا,روبيان مطهو على البخار,"Shrimp, Steamed",,,,GENERIC,أطعمة عامة,طرق الطهي,,steamed,KSA,GLOBAL_REFERENCE,,HIGH,P2,EXISTS_GENERIC_ONLY,shrimp · روبيان,USDA,"USDA FoodData Central — Crustaceans, shrimp, cooked",https://fdc.nal.usda.gov/food-details/175180/nutrients,,,لكل 100غ,100,99.0,23.98,0.2,0.28,,,111.0,NONE,MEDIUM,,175180,"Crustaceans, shrimp, cooked",,,1.32,,,,,يُضاف فقط إذا اختلفت القيم ماديًا عن الصنف الأساسي الموجود.
QGAP-00077,NEEDS_HUMAN_REVIEW,الأصل العام موجود في قِمّة — يُحسم بشريًا إن كان المتغيّر يستحق صفًّا مستقلًا,بيض مقلي بالزيت,"Egg, Deep fried",,,,GENERIC,أطعمة عامة,طرق الطهي,,fried,KSA,GLOBAL_REFERENCE,,HIGH,P2,EXISTS_GENERIC_ONLY,fried-eggs · بيض مقلي,USDA,"USDA FoodData Central — Egg, whole, cooked, fried",https://fdc.nal.usda.gov/food-details/173423/nutrients,,,لكل 100غ,100,196.0,13.61,0.83,14.84,0.0,0.4,207.0,NONE,MEDIUM,,173423,"Egg, whole, cooked, fried",,,1.58,,,,,يُضاف فقط إذا اختلفت القيم ماديًا عن الصنف الأساسي الموجود.
QGAP-00078,NEEDS_HUMAN_REVIEW,الأصل العام موجود في قِمّة — يُحسم بشريًا إن كان المتغيّر يستحق صفًّا مستقلًا,بيض مقلي بالهواء,"Egg, Air fried",,,,GENERIC,أطعمة عامة,طرق الطهي,,air_fried,KSA,GLOBAL_REFERENCE,,HIGH,P2,EXISTS_GENERIC_ONLY,fried-eggs · بيض مقلي,USDA,"USDA FoodData Central — Egg, whole, cooked, fried",https://fdc.nal.usda.gov/food-details/173423/nutrients,,,لكل 100غ,100,196.0,13.61,0.83,14.84,0.0,0.4,207.0,NONE,MEDIUM,,173423,"Egg, whole, cooked, fried",,,1.58,,,,,يُضاف فقط إذا اختلفت القيم ماديًا عن الصنف الأساسي الموجود.
QGAP-00086,NEEDS_HUMAN_REVIEW,مطابقة آلية بدرجة 0.8 دون حدّ القبول — تحتاج تأكيدًا,قرنبيط مقلي بالزيت,"Cauliflower, Deep fried",,,,GENERIC,أطعمة عامة,طرق الطهي,,fried,KSA,GLOBAL_REFERENCE,,HIGH,P2,MISSING,,USDA,"USDA FoodData Central — Pickles, chowchow, with cauliflower onion mustard, sweet",https://fdc.nal.usda.gov/food-details/169397/nutrients,,,لكل 100غ,100,121.0,1.5,26.64,0.9,1.5,23.88,527.0,NONE,MEDIUM,,169397,"Pickles, chowchow, with cauliflower onion mustard, sweet",,,0.8,,,,,يُضاف فقط إذا اختلفت القيم ماديًا عن الصنف الأساسي الموجود.
QGAP-00087,NEEDS_HUMAN_REVIEW,مطابقة آلية بدرجة 0.8 دون حدّ القبول — تحتاج تأكيدًا,قرنبيط مقلي بالهواء,"Cauliflower, Air fried",,,,GENERIC,أطعمة عامة,طرق الطهي,,air_fried,KSA,GLOBAL_REFERENCE,,HIGH,P2,MISSING,,USDA,"USDA FoodData Central — Pickles, chowchow, with cauliflower onion mustard, sweet",https://fdc.nal.usda.gov/food-details/169397/nutrients,,,لكل 100غ,100,121.0,1.5,26.64,0.9,1.5,23.88,527.0,NONE,MEDIUM,,169397,"Pickles, chowchow, with cauliflower onion mustard, sweet",,,0.8,,,,,يُضاف فقط إذا اختلفت القيم ماديًا عن الصنف الأساسي الموجود.
QGAP-00088,NEEDS_HUMAN_REVIEW,مطابقة آلية بدرجة 0.8 دون حدّ القبول — تحتاج تأكيدًا,قرنبيط مشوي بالفرن,"Cauliflower, Oven baked",,,,GENERIC,أطعمة عامة,طرق الطهي,,baked,KSA,GLOBAL_REFERENCE,,HIGH,P2,MISSING,,USDA,"USDA FoodData Central — Pickles, chowchow, with cauliflower onion mustard, sweet",https://fdc.nal.usda.gov/food-details/169397/nutrients,,,لكل 100غ,100,121.0,1.5,26.64,0.9,1.5,23.88,527.0,NONE,MEDIUM,,169397,"Pickles, chowchow, with cauliflower onion mustard, sweet",,,0.8,,,,,يُضاف فقط إذا اختلفت القيم ماديًا عن الصنف الأساسي الموجود.
QGAP-00099,NEEDS_HUMAN_REVIEW,الأصل العام موجود في قِمّة — يُحسم بشريًا إن كان المتغيّر يستحق صفًّا مستقلًا,نعناع,Mint,,,,GENERIC,أطعمة عامة,خضار,,,KSA,GLOBAL_REFERENCE,,HIGH,P1,EXISTS_GENERIC_ONLY,lemon-mint · ليمون نعناع,USDA,USDA FoodData Central,https://fdc.nal.usda.gov/,,,,,,,,,,,,NONE,MEDIUM,,,,,,,,,,,
QGAP-00106,NEEDS_HUMAN_REVIEW,الأصل العام موجود في قِمّة — يُحسم بشريًا إن كان المتغيّر يستحق صفًّا مستقلًا,كوسا,Zucchini,,,,GENERIC,أطعمة عامة,خضار,,,KSA,GLOBAL_REFERENCE,,HIGH,P1,EXISTS_GENERIC_ONLY,kousa-mahshi · كوسا محشي,USDA,"USDA FoodData Central — Squash, summer, zucchini, includes skin, raw",https://fdc.nal.usda.gov/food-details/169291/nutrients,,,لكل 100غ,100,17.0,1.21,3.11,0.32,1.0,2.5,8.0,NONE,MEDIUM,,169291,"Squash, summer, zucchini, includes skin, raw",,,0.9,,,,,
QGAP-00109,NEEDS_HUMAN_REVIEW,الأصل العام موجود في قِمّة — يُحسم بشريًا إن كان المتغيّر يستحق صفًّا مستقلًا,فاصوليا خضراء,Green beans,,,,GENERIC,أطعمة عامة,خضار,,,KSA,GLOBAL_REFERENCE,,HIGH,P1,EXISTS_GENERIC_ONLY,beans-white · فاصوليا,USDA,"USDA FoodData Central — Beans, snap, green, raw",https://fdc.nal.usda.gov/food-details/169961/nutrients,,,لكل 100غ,100,31.0,1.83,6.97,0.22,2.7,3.26,6.0,NONE,MEDIUM,,169961,"Beans, snap, green, raw",,,1.32,,,,,
QGAP-00111,NEEDS_HUMAN_REVIEW,الأصل العام موجود في قِمّة — يُحسم بشريًا إن كان المتغيّر يستحق صفًّا مستقلًا,ذرة حلوة مسلوقة,Boiled sweet corn,,,,GENERIC,أطعمة عامة,خضار,,,KSA,GLOBAL_REFERENCE,,HIGH,P1,EXISTS_GENERIC_ONLY,corn · ذرة,USDA,"USDA FoodData Central — Corn, sweet, yellow, cooked, boiled, drained, with salt",https://fdc.nal.usda.gov/food-details/168525/nutrients,,,لكل 100غ,100,96.0,3.41,20.98,1.5,2.4,4.54,253.0,NONE,MEDIUM,,168525,"Corn, sweet, yellow, cooked, boiled, drained, with salt",,,1.5,,,,,
QGAP-00115,NEEDS_HUMAN_REVIEW,الأصل العام موجود في قِمّة — يُحسم بشريًا إن كان المتغيّر يستحق صفًّا مستقلًا,بصل أخضر,Spring onion,,,,GENERIC,أطعمة عامة,خضار,,,KSA,GLOBAL_REFERENCE,,HIGH,P1,EXISTS_GENERIC_ONLY,onion · بصل,USDA,"USDA FoodData Central — Onions, spring or scallions (includes tops and bulb), raw",https://fdc.nal.usda.gov/food-details/170005/nutrients,,,لكل 100غ,100,32.0,1.83,7.34,0.19,2.6,2.33,16.0,NONE,MEDIUM,,170005,"Onions, spring or scallions (includes tops and bulb), raw",,,1.2,,,,,
QGAP-00117,NEEDS_HUMAN_REVIEW,الأصل العام موجود في قِمّة — يُحسم بشريًا إن كان المتغيّر يستحق صفًّا مستقلًا,بطاطا,Potato raw,,,,GENERIC,أطعمة عامة,خضار,,,KSA,GLOBAL_REFERENCE,,HIGH,P1,EXISTS_GENERIC_ONLY,sweet-potato · بطاطا حلوة,USDA,"USDA FoodData Central — Potatoes, raw, skin",https://fdc.nal.usda.gov/food-details/170032/nutrients,,,لكل 100غ,100,58.0,2.57,12.44,0.1,2.5,,10.0,NONE,MEDIUM,,170032,"Potatoes, raw, skin",,,1.71,,,,,
QGAP-00120,NEEDS_HUMAN_REVIEW,الأصل العام موجود في قِمّة — يُحسم بشريًا إن كان المتغيّر يستحق صفًّا مستقلًا,خيار مخلل,Pickled cucumber,,,,GENERIC,أطعمة عامة,خضار,,,KSA,GLOBAL_REFERENCE,,HIGH,P1,EXISTS_GENERIC_ONLY,cucumber · خيار,USDA,USDA FoodData Central,https://fdc.nal.usda.gov/,,,,,,,,,,,,NONE,MEDIUM,,,,,,,,,,,
QGAP-00124,NEEDS_HUMAN_REVIEW,الأصل العام موجود في قِمّة — يُحسم بشريًا إن كان المتغيّر يستحق صفًّا مستقلًا,رجلة,Purslane,,,,GENERIC,أطعمة عامة,خضار,,,KSA,GLOBAL_REFERENCE,,HIGH,P1,EXISTS_GENERIC_ONLY,sfct-84 · مرق رجلة,USDA,"USDA FoodData Central — Purslane, raw",https://fdc.nal.usda.gov/food-details/169274/nutrients,,,لكل 100غ,100,20.0,2.03,3.39,0.36,,,45.0,NONE,MEDIUM,,169274,"Purslane, raw",,,1.36,,,,,
QGAP-00125,NEEDS_HUMAN_REVIEW,الأصل العام موجود في قِمّة — يُحسم بشريًا إن كان المتغيّر يستحق صفًّا مستقلًا,لوبيا,Cowpeas,,,,GENERIC,أطعمة عامة,خضار,,,KSA,GLOBAL_REFERENCE,,HIGH,P1,EXISTS_GENERIC_ONLY,sfct-117 · مرق لوبياء,USDA,"USDA FoodData Central — Cowpeas, leafy tips, raw",https://fdc.nal.usda.gov/food-details/169224/nutrients,,,لكل 100غ,100,29.0,4.1,4.82,0.25,,,7.0,NONE,MEDIUM,,169224,"Cowpeas, leafy tips, raw",,,1.28,,,,,
QGAP-00126,NEEDS_HUMAN_REVIEW,الأصل العام موجود في قِمّة — يُحسم بشريًا إن كان المتغيّر يستحق صفًّا مستقلًا,بامية مجمدة,Frozen okra,,,,GENERIC,أطعمة عامة,خضار,,,KSA,GLOBAL_REFERENCE,,HIGH,P1,EXISTS_GENERIC_ONLY,okra-stew · بامية,USDA,"USDA FoodData Central — Okra, frozen, unprepared",https://fdc.nal.usda.gov/food-details/169262/nutrients,,,لكل 100غ,100,30.0,1.69,6.63,0.25,2.2,2.97,3.0,NONE,MEDIUM,,169262,"Okra, frozen, unprepared",,,1.61,,,,,
QGAP-00135,NEEDS_HUMAN_REVIEW,الأصل العام موجود في قِمّة — يُحسم بشريًا إن كان المتغيّر يستحق صفًّا مستقلًا · فارق أتواتر معتاد في مصدر مقيس (ألياف/أحماض/أملاح) — القيم كما قاستها USDA,ليمون,Lemon,,,,GENERIC,أطعمة عامة,فواكه,,,KSA,GLOBAL_REFERENCE,,HIGH,P1,EXISTS_GENERIC_ONLY,lemon-mint · ليمون نعناع,USDA,"USDA FoodData Central — Lemons, raw, without peel",https://fdc.nal.usda.gov/food-details/167746/nutrients,,,لكل 100غ,100,29.0,1.1,9.32,0.3,2.8,2.5,2.0,NONE,MEDIUM,ATWATER_DIVERGES,167746,"Lemons, raw, without peel",,,1.32,,,,,
QGAP-00138,NEEDS_HUMAN_REVIEW,مطابقة آلية بدرجة 0.98 دون حدّ القبول — تحتاج تأكيدًا,يوسفي (مندرين),Mandarin,,,,GENERIC,أطعمة عامة,فواكه,,,KSA,GLOBAL_REFERENCE,,HIGH,P1,MISSING,,USDA,"USDA FoodData Central — Tangerines, (mandarin oranges), raw",https://fdc.nal.usda.gov/food-details/169105/nutrients,,,لكل 100غ,100,53.0,0.81,13.34,0.31,1.8,10.58,2.0,NONE,MEDIUM,,169105,"Tangerines, (mandarin oranges), raw",,,0.98,,,,,
QGAP-00145,NEEDS_HUMAN_REVIEW,الأصل العام موجود في قِمّة — يُحسم بشريًا إن كان المتغيّر يستحق صفًّا مستقلًا,عنب أحمر,Red grapes,,,,GENERIC,أطعمة عامة,فواكه,,,KSA,GLOBAL_REFERENCE,,HIGH,P1,EXISTS_GENERIC_ONLY,grapes · عنب,USDA,"USDA FoodData Central — Grapes, red or green (European type, such as Thompson seedless), raw",https://fdc.nal.usda.gov/food-details/174683/nutrients,,,لكل 100غ,100,69.0,0.72,18.1,0.16,0.9,15.48,2.0,NONE,MEDIUM,,174683,"Grapes, red or green (European type, such as Thompson seedless), raw",,,1.16,,,,,
QGAP-00147,NEEDS_HUMAN_REVIEW,مطابقة آلية بدرجة 0.97 دون حدّ القبول — تحتاج تأكيدًا,مشمش مجفف,Dried apricot,,,,GENERIC,أطعمة عامة,فواكه,,,KSA,GLOBAL_REFERENCE,,HIGH,P1,MISSING,,USDA,"USDA FoodData Central — Apricots, dried, sulfured, uncooked",https://fdc.nal.usda.gov/food-details/173941/nutrients,,,لكل 100غ,100,241.0,3.39,62.64,0.51,7.3,53.44,10.0,NONE,MEDIUM,,173941,"Apricots, dried, sulfured, uncooked",,,0.97,,,,,
QGAP-00149,NEEDS_HUMAN_REVIEW,مطابقة آلية بدرجة 0.99 دون حدّ القبول — تحتاج تأكيدًا,قراصيا (برقوق مجفف),Prunes,,,,GENERIC,أطعمة عامة,فواكه,,,KSA,GLOBAL_REFERENCE,,HIGH,P1,MISSING,,USDA,"USDA FoodData Central — Prunes, dehydrated (low-moisture), uncooked",https://fdc.nal.usda.gov/food-details/168160/nutrients,,,لكل 100غ,100,339.0,3.7,89.07,0.73,,,5.0,NONE,MEDIUM,,168160,"Prunes, dehydrated (low-moisture), uncooked",,,0.99,,,,,
QGAP-00151,NEEDS_HUMAN_REVIEW,الأصل العام موجود في قِمّة — يُحسم بشريًا إن كان المتغيّر يستحق صفًّا مستقلًا,موز مجفف,Dried banana,,,,GENERIC,أطعمة عامة,فواكه,,,KSA,GLOBAL_REFERENCE,,HIGH,P1,EXISTS_GENERIC_ONLY,banana · موز,USDA,USDA FoodData Central,https://fdc.nal.usda.gov/,,,,,,,,,,,,NONE,MEDIUM,,,,,,,,,,,
QGAP-00153,NEEDS_HUMAN_REVIEW,الأصل العام موجود في قِمّة — يُحسم بشريًا إن كان المتغيّر يستحق صفًّا مستقلًا,تمر خضري,Khudri dates,,,,GENERIC,أطعمة عامة,فواكه,,,KSA,GLOBAL_REFERENCE,,HIGH,P1,EXISTS_GENERIC_ONLY,dates · تمر,USDA,USDA FoodData Central,https://fdc.nal.usda.gov/,,,,,,,,,,,,NONE,MEDIUM,,,,,,,,,,,
QGAP-00155,NEEDS_HUMAN_REVIEW,الأصل العام موجود في قِمّة — يُحسم بشريًا إن كان المتغيّر يستحق صفًّا مستقلًا,تمر صفاوي,Safawi dates,,,,GENERIC,أطعمة عامة,فواكه,,,KSA,GLOBAL_REFERENCE,,HIGH,P1,EXISTS_GENERIC_ONLY,dates · تمر,USDA,USDA FoodData Central,https://fdc.nal.usda.gov/,,,,,,,,,,,,NONE,MEDIUM,,,,,,,,,,,
QGAP-00158,NEEDS_HUMAN_REVIEW,الأصل العام موجود في قِمّة — يُحسم بشريًا إن كان المتغيّر يستحق صفًّا مستقلًا,تمر شيشي,Shishi dates,,,,GENERIC,أطعمة عامة,فواكه,,,KSA,GLOBAL_REFERENCE,,HIGH,P1,EXISTS_GENERIC_ONLY,dates · تمر,USDA,USDA FoodData Central,https://fdc.nal.usda.gov/,,,,,,,,,,,,NONE,MEDIUM,,,,,,,,,,,
QGAP-00161,NEEDS_HUMAN_REVIEW,الأصل العام موجود في قِمّة — يُحسم بشريًا إن كان المتغيّر يستحق صفًّا مستقلًا,أناناس معلب,Canned pineapple,,,,GENERIC,أطعمة عامة,فواكه,,,KSA,GLOBAL_REFERENCE,,HIGH,P1,EXISTS_GENERIC_ONLY,pineapple · أناناس,USDA,USDA FoodData Central,https://fdc.nal.usda.gov/,,,,,,,,,,,,NONE,MEDIUM,,,,,,,,,,,
QGAP-00166,NEEDS_HUMAN_REVIEW,الأصل العام موجود في قِمّة — يُحسم بشريًا إن كان المتغيّر يستحق صفًّا مستقلًا,أرز بخاري (مطبوخ),Cooked Bukhari rice base,,,,GENERIC,أطعمة عامة,حبوب وخبز,,,KSA,GLOBAL_REFERENCE,,HIGH,P1,EXISTS_GENERIC_ONLY,bukhari-rice · رز بخاري,USDA,USDA FoodData Central,https://fdc.nal.usda.gov/,,,,,,,,,,,,NONE,MEDIUM,,,,,,,,,,,
QGAP-00167,NEEDS_HUMAN_REVIEW,الأصل العام موجود في قِمّة — يُحسم بشريًا إن كان المتغيّر يستحق صفًّا مستقلًا,فريكة مطبوخة,Cooked freekeh,,,,GENERIC,أطعمة عامة,حبوب وخبز,,,KSA,GLOBAL_REFERENCE,,HIGH,P1,EXISTS_GENERIC_ONLY,sfct-77 · مطبوخة,USDA,USDA FoodData Central,https://fdc.nal.usda.gov/,,,,,,,,,,,,NONE,MEDIUM,,,,,,,,,,,
QGAP-00171,NEEDS_HUMAN_REVIEW,الأصل العام موجود في قِمّة — يُحسم بشريًا إن كان المتغيّر يستحق صفًّا مستقلًا,دقيق أبيض,White flour,,,,GENERIC,أطعمة عامة,حبوب وخبز,,,KSA,GLOBAL_REFERENCE,,HIGH,P1,EXISTS_GENERIC_ONLY,sfct-22 · عصيدة دقيق أبيض,USDA,"USDA FoodData Central — Flour, rice, white, unenriched",https://fdc.nal.usda.gov/food-details/790214/nutrients,,,لكل 100غ,100,359.0,6.94,79.8,1.3,0.5,,5.0,NONE,MEDIUM,,790214,"Flour, rice, white, unenriched",,,1.22,,,,,
QGAP-00173,NEEDS_HUMAN_REVIEW,مطابقة آلية بدرجة 0.72 دون حدّ القبول — تحتاج تأكيدًا,نشا الذرة,Corn starch,,,,GENERIC,أطعمة عامة,حبوب وخبز,,,KSA,GLOBAL_REFERENCE,,HIGH,P1,MISSING,,USDA,"USDA FoodData Central — Rolls, gluten-free, white, made with rice flour, rice starch, and corn starch",https://fdc.nal.usda.gov/food-details/171862/nutrients,,,لكل 100غ,100,239.0,3.34,50.47,2.65,5.1,6.87,593.0,NONE,MEDIUM,,171862,"Rolls, gluten-free, white, made with rice flour, rice starch, and corn starch",,,0.72,,,,,
QGAP-00174,NEEDS_HUMAN_REVIEW,الأصل العام موجود في قِمّة — يُحسم بشريًا إن كان المتغيّر يستحق صفًّا مستقلًا,شعيرية,Vermicelli,,,,GENERIC,أطعمة عامة,حبوب وخبز,,,KSA,GLOBAL_REFERENCE,,HIGH,P1,EXISTS_GENERIC_ONLY,rice-vermicelli · رز بشعيرية,USDA,"USDA FoodData Central — Vermicelli, made from soy",https://fdc.nal.usda.gov/food-details/169884/nutrients,,,لكل 100غ,100,331.0,0.1,82.32,0.1,3.9,17.44,4.0,NONE,MEDIUM,,169884,"Vermicelli, made from soy",,,1.18,,,,,
QGAP-00181,NEEDS_HUMAN_REVIEW,الأصل العام موجود في قِمّة — يُحسم بشريًا إن كان المتغيّر يستحق صفًّا مستقلًا,خبز بركة,Burger bun,,,,GENERIC,أطعمة عامة,حبوب وخبز,,,KSA,GLOBAL_REFERENCE,,HIGH,P1,EXISTS_GENERIC_ONLY,brown-bread · خبز بر,USDA,USDA FoodData Central,https://fdc.nal.usda.gov/,,,,,,,,,,,,NONE,MEDIUM,,,,,,,,,,,
QGAP-00182,NEEDS_HUMAN_REVIEW,الأصل العام موجود في قِمّة — يُحسم بشريًا إن كان المتغيّر يستحق صفًّا مستقلًا,خبز هوت دوج,Hot dog bun,,,,GENERIC,أطعمة عامة,حبوب وخبز,,,KSA,GLOBAL_REFERENCE,,HIGH,P1,EXISTS_GENERIC_ONLY,hotdog · هوت دوج,USDA,USDA FoodData Central,https://fdc.nal.usda.gov/,,,,,,,,,,,,NONE,MEDIUM,,,,,,,,,,,
QGAP-00185,NEEDS_HUMAN_REVIEW,الأصل العام موجود في قِمّة — يُحسم بشريًا إن كان المتغيّر يستحق صفًّا مستقلًا,خبز الشوفان,Oat bread,,,,GENERIC,أطعمة عامة,حبوب وخبز,,,KSA,GLOBAL_REFERENCE,,HIGH,P1,EXISTS_GENERIC_ONLY,oats · شوفان,USDA,"USDA FoodData Central — Bread, oat bran",https://fdc.nal.usda.gov/food-details/172676/nutrients,,,لكل 100غ,100,236.0,10.4,39.8,4.4,4.5,7.7,353.0,NONE,MEDIUM,,172676,"Bread, oat bran",,,1.26,,,,,
QGAP-00188,NEEDS_HUMAN_REVIEW,مطابقة آلية بدرجة 0.84 دون حدّ القبول — تحتاج تأكيدًا,رقائق الشوفان سريعة التحضير,Instant oats,,,,GENERIC,أطعمة عامة,حبوب وخبز,,,KSA,GLOBAL_REFERENCE,,HIGH,P1,MISSING,,USDA,"USDA FoodData Central — Cereals, oats, instant, fortified, plain, dry",https://fdc.nal.usda.gov/food-details/171661/nutrients,,,لكل 100غ,100,362.0,11.92,69.52,6.9,10.0,1.5,220.0,NONE,MEDIUM,,171661,"Cereals, oats, instant, fortified, plain, dry",,,0.84,,,,,
QGAP-00192,NEEDS_HUMAN_REVIEW,مطابقة آلية بدرجة 0.96 دون حدّ القبول — تحتاج تأكيدًا,خبز محمص (رشوف),Rusk toast,,,,GENERIC,أطعمة عامة,حبوب وخبز,,,KSA,GLOBAL_REFERENCE,,HIGH,P1,MISSING,,USDA,"USDA FoodData Central — Crackers, rusk toast",https://fdc.nal.usda.gov/food-details/174981/nutrients,,,لكل 100غ,100,407.0,13.5,72.3,7.2,,,253.0,NONE,MEDIUM,,174981,"Crackers, rusk toast",,,0.96,,,,,
QGAP-00196,NEEDS_HUMAN_REVIEW,الأصل العام موجود في قِمّة — يُحسم بشريًا إن كان المتغيّر يستحق صفًّا مستقلًا,عدس أحمر,Red lentils,,,,GENERIC,أطعمة عامة,بقوليات ومكسرات,,,KSA,GLOBAL_REFERENCE,,HIGH,P1,EXISTS_GENERIC_ONLY,lentils · عدس,USDA,"USDA FoodData Central — Lentils, pink or red, raw",https://fdc.nal.usda.gov/food-details/174284/nutrients,,,لكل 100غ,100,358.0,23.91,63.1,2.17,10.8,,7.0,NONE,MEDIUM,,174284,"Lentils, pink or red, raw",,,1.32,,,,,
QGAP-00197,NEEDS_HUMAN_REVIEW,الأصل العام موجود في قِمّة — يُحسم بشريًا إن كان المتغيّر يستحق صفًّا مستقلًا,عدس بني,Brown lentils,,,,GENERIC,أطعمة عامة,بقوليات ومكسرات,,,KSA,GLOBAL_REFERENCE,,HIGH,P1,EXISTS_GENERIC_ONLY,lentils · عدس,USDA,USDA FoodData Central,https://fdc.nal.usda.gov/,,,,,,,,,,,,NONE,MEDIUM,,,,,,,,,,,
QGAP-00199,NEEDS_HUMAN_REVIEW,الأصل العام موجود في قِمّة — يُحسم بشريًا إن كان المتغيّر يستحق صفًّا مستقلًا,فاصوليا حمراء,Red kidney beans,,,,GENERIC,أطعمة عامة,بقوليات ومكسرات,,,KSA,GLOBAL_REFERENCE,,HIGH,P1,EXISTS_GENERIC_ONLY,beans-white · فاصوليا,USDA,"USDA FoodData Central — Beans, kidney, red, mature seeds, raw",https://fdc.nal.usda.gov/food-details/173744/nutrients,,,لكل 100غ,100,337.0,22.53,61.29,1.06,15.2,2.1,12.0,NONE,MEDIUM,,173744,"Beans, kidney, red, mature seeds, raw",,,1.28,,,,,
QGAP-00200,NEEDS_HUMAN_REVIEW,الأصل العام موجود في قِمّة — يُحسم بشريًا إن كان المتغيّر يستحق صفًّا مستقلًا,فاصوليا سوداء,Black beans,,,,GENERIC,أطعمة عامة,بقوليات ومكسرات,,,KSA,GLOBAL_REFERENCE,,HIGH,P1,EXISTS_GENERIC_ONLY,beans-white · فاصوليا,USDA,"USDA FoodData Central — Beans, black, mature seeds, raw",https://fdc.nal.usda.gov/food-details/173734/nutrients,,,لكل 100غ,100,341.0,21.6,62.36,1.42,15.5,2.12,5.0,NONE,MEDIUM,,173734,"Beans, black, mature seeds, raw",,,1.28,,,,,
QGAP-00205,NEEDS_HUMAN_REVIEW,مطابقة آلية بدرجة 0.77 دون حدّ القبول — تحتاج تأكيدًا,إيدامامي,Edamame,,,,GENERIC,أطعمة عامة,بقوليات ومكسرات,,,KSA,GLOBAL_REFERENCE,,HIGH,P1,MISSING,,USDA,"USDA FoodData Central — Edamame, frozen, unprepared",https://fdc.nal.usda.gov/food-details/168410/nutrients,,,لكل 100غ,100,109.0,11.22,7.61,4.73,4.8,2.48,6.0,NONE,MEDIUM,,168410,"Edamame, frozen, unprepared",,,0.77,,,,,
QGAP-00209,NEEDS_HUMAN_REVIEW,مطابقة آلية بدرجة 0.81 دون حدّ القبول — تحتاج تأكيدًا,صنوبر,Pine nuts,,,,GENERIC,أطعمة عامة,بقوليات ومكسرات,,,KSA,GLOBAL_REFERENCE,,HIGH,P1,MISSING,,USDA,"USDA FoodData Central — Nuts, pine nuts, dried",https://fdc.nal.usda.gov/food-details/170591/nutrients,,,لكل 100غ,100,673.0,13.69,13.08,68.37,3.7,3.59,2.0,NONE,MEDIUM,,170591,"Nuts, pine nuts, dried",,,0.81,,,,,
QGAP-00210,NEEDS_HUMAN_REVIEW,مطابقة آلية بدرجة 0.99 دون حدّ القبول — تحتاج تأكيدًا,بذور اليقطين,Pumpkin seeds,,,,GENERIC,أطعمة عامة,بقوليات ومكسرات,,,KSA,GLOBAL_REFERENCE,,HIGH,P1,MISSING,,USDA,"USDA FoodData Central — Seeds, pumpkin and squash seeds, whole, roasted, without salt",https://fdc.nal.usda.gov/food-details/170188/nutrients,,,لكل 100غ,100,446.0,18.55,53.75,19.4,18.4,,18.0,NONE,MEDIUM,,170188,"Seeds, pumpkin and squash seeds, whole, roasted, without salt",,,0.99,,,,,
QGAP-00214,NEEDS_HUMAN_REVIEW,الأصل العام موجود في قِمّة — يُحسم بشريًا إن كان المتغيّر يستحق صفًّا مستقلًا,فستق حلبي مملح,Salted pistachios,,,,GENERIC,أطعمة عامة,بقوليات ومكسرات,,,KSA,GLOBAL_REFERENCE,,HIGH,P1,EXISTS_GENERIC_ONLY,pistachio · فستق,USDA,USDA FoodData Central,https://fdc.nal.usda.gov/,,,,,,,,,,,,NONE,MEDIUM,,,,,,,,,,,
QGAP-00215,NEEDS_HUMAN_REVIEW,الأصل العام موجود في قِمّة — يُحسم بشريًا إن كان المتغيّر يستحق صفًّا مستقلًا,لوز مبشور,Sliced almonds,,,,GENERIC,أطعمة عامة,بقوليات ومكسرات,,,KSA,GLOBAL_REFERENCE,,HIGH,P1,EXISTS_GENERIC_ONLY,almonds · لوز,USDA,USDA FoodData Central,https://fdc.nal.usda.gov/,,,,,,,,,,,,NONE,MEDIUM,,,,,,,,,,,
QGAP-00216,NEEDS_HUMAN_REVIEW,الأصل العام موجود في قِمّة — يُحسم بشريًا إن كان المتغيّر يستحق صفًّا مستقلًا,زبدة اللوز,Almond butter,,,,GENERIC,أطعمة عامة,بقوليات ومكسرات,,,KSA,GLOBAL_REFERENCE,,HIGH,P1,EXISTS_GENERIC_ONLY,butter · زبدة,USDA,"USDA FoodData Central — Nuts, almond butter, plain, without salt added",https://fdc.nal.usda.gov/food-details/168588/nutrients,,,لكل 100غ,100,614.0,20.96,18.82,55.5,10.3,4.43,7.0,NONE,MEDIUM,,168588,"Nuts, almond butter, plain, without salt added",,,0.84,,,,,
QGAP-00217,NEEDS_HUMAN_REVIEW,الأصل العام موجود في قِمّة — يُحسم بشريًا إن كان المتغيّر يستحق صفًّا مستقلًا,زبدة الكاجو,Cashew butter,,,,GENERIC,أطعمة عامة,بقوليات ومكسرات,,,KSA,GLOBAL_REFERENCE,,HIGH,P1,EXISTS_GENERIC_ONLY,butter · زبدة,USDA,"USDA FoodData Central — Nuts, cashew butter, plain, with salt added",https://fdc.nal.usda.gov/food-details/168597/nutrients,,,لكل 100غ,100,609.0,12.12,30.3,53.03,3.0,9.09,295.0,NONE,MEDIUM,,168597,"Nuts, cashew butter, plain, with salt added",,,0.84,,,,,
QGAP-00218,NEEDS_HUMAN_REVIEW,الأصل العام موجود في قِمّة — يُحسم بشريًا إن كان المتغيّر يستحق صفًّا مستقلًا,طحينة سوداء,Black tahini,,,,GENERIC,أطعمة عامة,بقوليات ومكسرات,,,KSA,GLOBAL_REFERENCE,,HIGH,P1,EXISTS_GENERIC_ONLY,tahini · طحينة,USDA,USDA FoodData Central,https://fdc.nal.usda.gov/,,,,,,,,,,,,NONE,MEDIUM,,,,,,,,,,,
QGAP-00219,NEEDS_HUMAN_REVIEW,مطابقة آلية بدرجة 0.95 دون حدّ القبول — تحتاج تأكيدًا,مكسرات مشكلة,Mixed nuts,,,,GENERIC,أطعمة عامة,بقوليات ومكسرات,,,KSA,GLOBAL_REFERENCE,,HIGH,P1,MISSING,,USDA,"USDA FoodData Central — Nuts, mixed nuts, dry roasted, with peanuts, with salt added",https://fdc.nal.usda.gov/food-details/168599/nutrients,,,لكل 100غ,100,594.0,17.3,25.35,51.45,9.0,4.8,345.0,NONE,MEDIUM,,168599,"Nuts, mixed nuts, dry roasted, with peanuts, with salt added",,,0.95,,,,,
QGAP-00231,NEEDS_HUMAN_REVIEW,مطابقة آلية بدرجة 0.92 دون حدّ القبول — تحتاج تأكيدًا,مايونيز لايت,Light mayonnaise,,,,GENERIC,أطعمة عامة,دهون وصلصات,,,KSA,GLOBAL_REFERENCE,,HIGH,P1,MISSING,,USDA,"USDA FoodData Central — Salad dressing, mayonnaise-type, light",https://fdc.nal.usda.gov/food-details/171444/nutrients,,,لكل 100غ,100,158.0,0.65,16.4,10.0,0.0,6.67,833.0,NONE,MEDIUM,,171444,"Salad dressing, mayonnaise-type, light",,,0.92,,,,,
QGAP-00240,NEEDS_HUMAN_REVIEW,الأصل العام موجود في قِمّة — يُحسم بشريًا إن كان المتغيّر يستحق صفًّا مستقلًا,صلصة الطحينة,Tahini sauce,,,,GENERIC,أطعمة عامة,دهون وصلصات,,,KSA,GLOBAL_REFERENCE,,HIGH,P1,EXISTS_GENERIC_ONLY,tahini · طحينة,USDA,USDA FoodData Central,https://fdc.nal.usda.gov/,,,,,,,,,,,,NONE,MEDIUM,,,,,,,,,,,
QGAP-00243,NEEDS_HUMAN_REVIEW,مطابقة آلية بدرجة 0.77 دون حدّ القبول — تحتاج تأكيدًا,صلصة الطماطم للمعكرونة,Pasta tomato sauce,,,,GENERIC,أطعمة عامة,دهون وصلصات,,,KSA,GLOBAL_REFERENCE,,HIGH,P1,MISSING,,USDA,"USDA FoodData Central — Pasta with tomato sauce, no meat, canned",https://fdc.nal.usda.gov/food-details/172100/nutrients,,,لكل 100غ,100,71.0,2.22,13.94,0.71,0.9,4.0,381.0,NONE,MEDIUM,,172100,"Pasta with tomato sauce, no meat, canned",,,0.77,,,,,
QGAP-00244,NEEDS_HUMAN_REVIEW,الأصل العام موجود في قِمّة — يُحسم بشريًا إن كان المتغيّر يستحق صفًّا مستقلًا,معجون طماطم,Tomato paste,,,,GENERIC,أطعمة عامة,دهون وصلصات,,,KSA,GLOBAL_REFERENCE,,HIGH,P1,EXISTS_GENERIC_ONLY,tomato · طماطم,USDA,USDA FoodData Central,https://fdc.nal.usda.gov/,,,,,,,,,,,,NONE,MEDIUM,,,,,,,,,,,
QGAP-00245,NEEDS_HUMAN_REVIEW,الأصل العام موجود في قِمّة — يُحسم بشريًا إن كان المتغيّر يستحق صفًّا مستقلًا,خل التفاح,Apple cider vinegar,,,,GENERIC,أطعمة عامة,دهون وصلصات,,,KSA,GLOBAL_REFERENCE,,HIGH,P1,EXISTS_GENERIC_ONLY,apple · تفاح,USDA,USDA FoodData Central,https://fdc.nal.usda.gov/,,,,,,,,,,,,NONE,MEDIUM,,,,,,,,,,,
QGAP-00247,NEEDS_HUMAN_REVIEW,الأصل العام موجود في قِمّة — يُحسم بشريًا إن كان المتغيّر يستحق صفًّا مستقلًا,دبس الرمان,Pomegranate molasses,,,,GENERIC,أطعمة عامة,دهون وصلصات,,,KSA,GLOBAL_REFERENCE,,HIGH,P1,EXISTS_GENERIC_ONLY,pomegranate · رمان,USDA,USDA FoodData Central,https://fdc.nal.usda.gov/,,,,,,,,,,,,NONE,MEDIUM,,,,,,,,,,,
QGAP-00248,NEEDS_HUMAN_REVIEW,الأصل العام موجود في قِمّة — يُحسم بشريًا إن كان المتغيّر يستحق صفًّا مستقلًا,عسل أسود (مولاس),Molasses,,,,GENERIC,أطعمة عامة,دهون وصلصات,,,KSA,GLOBAL_REFERENCE,,HIGH,P1,EXISTS_GENERIC_ONLY,gcc-8 · دبس التمر,USDA,USDA FoodData Central — Molasses,https://fdc.nal.usda.gov/food-details/168820/nutrients,,,لكل 100غ,100,290.0,0.0,74.73,0.1,0.0,74.72,37.0,NONE,MEDIUM,,168820,Molasses,,,1.3,,,,,
QGAP-00255,NEEDS_HUMAN_REVIEW,الأصل العام موجود في قِمّة — يُحسم بشريًا إن كان المتغيّر يستحق صفًّا مستقلًا,حليب شوفان,Oat milk,,,,GENERIC,أطعمة عامة,ألبان,,,KSA,GLOBAL_REFERENCE,,HIGH,P1,EXISTS_GENERIC_ONLY,oats · شوفان,USDA,USDA FoodData Central,https://fdc.nal.usda.gov/,,,,,,,,,,,,NONE,MEDIUM,,,,,,,,,,,
QGAP-00272,NEEDS_HUMAN_REVIEW,الأصل العام موجود في قِمّة — يُحسم بشريًا إن كان المتغيّر يستحق صفًّا مستقلًا,لبنة قليلة الدسم,Low-fat labneh,,,,GENERIC,أطعمة عامة,ألبان,,,KSA,GLOBAL_REFERENCE,,HIGH,P1,EXISTS_GENERIC_ONLY,labneh · لبنة,USDA,USDA FoodData Central,https://fdc.nal.usda.gov/,,,,,,,,,,,,NONE,MEDIUM,,,,,,,,,,,
QGAP-00280,NEEDS_HUMAN_REVIEW,الأصل العام موجود في قِمّة — يُحسم بشريًا إن كان المتغيّر يستحق صفًّا مستقلًا,جبن كريم لايت,Light cream cheese,,,,GENERIC,أطعمة عامة,ألبان,,,KSA,GLOBAL_REFERENCE,,HIGH,P1,EXISTS_GENERIC_ONLY,cream-cheese · جبن كريمي,USDA,USDA FoodData Central,https://fdc.nal.usda.gov/,,,,,,,,,,,,NONE,MEDIUM,,,,,,,,,,,
QGAP-00281,NEEDS_HUMAN_REVIEW,مطابقة آلية بدرجة 0.84 دون حدّ القبول — تحتاج تأكيدًا,حليب عالي البروتين,High-protein milk,,,,GENERIC,أطعمة عامة,ألبان,,,KSA,GLOBAL_REFERENCE,,HIGH,P1,MISSING,,USDA,"USDA FoodData Central — Babyfood, cereal, high protein, prepared with whole milk",https://fdc.nal.usda.gov/food-details/173528/nutrients,,,لكل 100غ,100,111.0,8.7,11.6,3.8,,,49.0,NONE,MEDIUM,,173528,"Babyfood, cereal, high protein, prepared with whole milk",,,0.84,,,,,
QGAP-00283,NEEDS_HUMAN_REVIEW,مطابقة آلية بدرجة 0.92 دون حدّ القبول — تحتاج تأكيدًا,كمون,Cumin,,,,GENERIC,أطعمة عامة,توابل ومحليات,,,KSA,GLOBAL_REFERENCE,,MEDIUM,P2,MISSING,,USDA,"USDA FoodData Central — Spices, cumin seed",https://fdc.nal.usda.gov/food-details/170923/nutrients,,,لكل 100غ,100,375.0,17.81,44.24,22.27,10.5,2.25,168.0,NONE,MEDIUM,,170923,"Spices, cumin seed",,,0.92,,,,,
QGAP-00284,NEEDS_HUMAN_REVIEW,مطابقة آلية بدرجة 0.92 دون حدّ القبول — تحتاج تأكيدًا,كركم,Turmeric,,,,GENERIC,أطعمة عامة,توابل ومحليات,,,KSA,GLOBAL_REFERENCE,,MEDIUM,P2,MISSING,,USDA,"USDA FoodData Central — Spices, turmeric, ground",https://fdc.nal.usda.gov/food-details/172231/nutrients,,,لكل 100غ,100,312.0,9.68,67.14,3.25,22.7,3.21,27.0,NONE,MEDIUM,,172231,"Spices, turmeric, ground",,,0.92,,,,,
QGAP-00286,NEEDS_HUMAN_REVIEW,مطابقة آلية بدرجة 0.96 دون حدّ القبول — تحتاج تأكيدًا,هيل,Cardamom,,,,GENERIC,أطعمة عامة,توابل ومحليات,,,KSA,GLOBAL_REFERENCE,,MEDIUM,P2,MISSING,,USDA,"USDA FoodData Central — Spices, cardamom",https://fdc.nal.usda.gov/food-details/170919/nutrients,,,لكل 100غ,100,311.0,10.76,68.47,6.7,28.0,,18.0,NONE,MEDIUM,,170919,"Spices, cardamom",,,0.96,,,,,
QGAP-00287,NEEDS_HUMAN_REVIEW,مطابقة آلية بدرجة 0.96 دون حدّ القبول — تحتاج تأكيدًا,زعفران,Saffron,,,,GENERIC,أطعمة عامة,توابل ومحليات,,,KSA,GLOBAL_REFERENCE,,MEDIUM,P2,MISSING,,USDA,"USDA FoodData Central — Spices, saffron",https://fdc.nal.usda.gov/food-details/170934/nutrients,,,لكل 100غ,100,310.0,11.43,65.37,5.85,3.9,,148.0,NONE,MEDIUM,,170934,"Spices, saffron",,,0.96,,,,,
QGAP-00290,NEEDS_HUMAN_REVIEW,مطابقة آلية بدرجة 0.96 دون حدّ القبول — تحتاج تأكيدًا,كاري,Curry powder,,,,GENERIC,أطعمة عامة,توابل ومحليات,,,KSA,GLOBAL_REFERENCE,,MEDIUM,P2,MISSING,,USDA,"USDA FoodData Central — Spices, curry powder",https://fdc.nal.usda.gov/food-details/170924/nutrients,,,لكل 100غ,100,325.0,14.29,55.83,14.01,53.2,2.76,52.0,NONE,MEDIUM,,170924,"Spices, curry powder",,,0.96,,,,,
QGAP-00291,NEEDS_HUMAN_REVIEW,مطابقة آلية بدرجة 0.96 دون حدّ القبول — تحتاج تأكيدًا,فلفل أسود,Black pepper,,,,GENERIC,أطعمة عامة,توابل ومحليات,,,KSA,GLOBAL_REFERENCE,,MEDIUM,P2,MISSING,,USDA,"USDA FoodData Central — Spices, pepper, black",https://fdc.nal.usda.gov/food-details/170931/nutrients,,,لكل 100غ,100,251.0,10.39,63.95,3.26,25.3,0.64,20.0,NONE,MEDIUM,,170931,"Spices, pepper, black",,,0.96,,,,,
QGAP-00292,NEEDS_HUMAN_REVIEW,مطابقة آلية بدرجة 0.96 دون حدّ القبول — تحتاج تأكيدًا,بابريكا,Paprika,,,,GENERIC,أطعمة عامة,توابل ومحليات,,,KSA,GLOBAL_REFERENCE,,MEDIUM,P2,MISSING,,USDA,"USDA FoodData Central — Spices, paprika",https://fdc.nal.usda.gov/food-details/171329/nutrients,,,لكل 100غ,100,282.0,14.14,53.99,12.89,34.9,10.34,68.0,NONE,MEDIUM,,171329,"Spices, paprika",,,0.96,,,,,
QGAP-00294,NEEDS_HUMAN_REVIEW,مطابقة آلية بدرجة 0.96 دون حدّ القبول — تحتاج تأكيدًا,ورق غار,Bay leaf,,,,GENERIC,أطعمة عامة,توابل ومحليات,,,KSA,GLOBAL_REFERENCE,,MEDIUM,P2,MISSING,,USDA,"USDA FoodData Central — Spices, bay leaf",https://fdc.nal.usda.gov/food-details/170917/nutrients,,,لكل 100غ,100,313.0,7.61,74.97,8.36,26.3,,23.0,NONE,MEDIUM,,170917,"Spices, bay leaf",,,0.96,,,,,
QGAP-00295,NEEDS_HUMAN_REVIEW,مطابقة آلية بدرجة 0.92 دون حدّ القبول — تحتاج تأكيدًا · فارق أتواتر معتاد في مصدر مقيس (ألياف/أحماض/أملاح) — القيم كما قاستها USDA,قرنفل,Cloves,,,,GENERIC,أطعمة عامة,توابل ومحليات,,,KSA,GLOBAL_REFERENCE,,MEDIUM,P2,MISSING,,USDA,"USDA FoodData Central — Spices, cloves, ground",https://fdc.nal.usda.gov/food-details/171321/nutrients,,,لكل 100غ,100,274.0,5.97,65.53,13.0,33.9,2.38,277.0,NONE,MEDIUM,ATWATER_DIVERGES,171321,"Spices, cloves, ground",,,0.92,,,,,
QGAP-00296,NEEDS_HUMAN_REVIEW,مطابقة آلية بدرجة 0.92 دون حدّ القبول — تحتاج تأكيدًا,جوزة الطيب,Nutmeg,,,,GENERIC,أطعمة عامة,توابل ومحليات,,,KSA,GLOBAL_REFERENCE,,MEDIUM,P2,MISSING,,USDA,"USDA FoodData Central — Spices, nutmeg, ground",https://fdc.nal.usda.gov/food-details/171326/nutrients,,,لكل 100غ,100,525.0,5.84,49.29,36.31,20.8,2.99,16.0,NONE,MEDIUM,,171326,"Spices, nutmeg, ground",,,0.92,,,,,
QGAP-00298,NEEDS_HUMAN_REVIEW,مطابقة آلية بدرجة 0.84 دون حدّ القبول — تحتاج تأكيدًا · فارق أتواتر معتاد في مصدر مقيس (ألياف/أحماض/أملاح) — القيم كما قاستها USDA,بيكنج باودر,Baking powder,,,,GENERIC,أطعمة عامة,توابل ومحليات,,,KSA,GLOBAL_REFERENCE,,MEDIUM,P2,MISSING,,USDA,"USDA FoodData Central — Leavening agents, baking powder, low-sodium",https://fdc.nal.usda.gov/food-details/172805/nutrients,,,لكل 100غ,100,97.0,0.1,46.9,0.4,2.2,0.0,90.0,NONE,MEDIUM,ATWATER_DIVERGES,172805,"Leavening agents, baking powder, low-sodium",,,0.84,,,,,
QGAP-00302,NEEDS_HUMAN_REVIEW,مطابقة آلية بدرجة 0.84 دون حدّ القبول — تحتاج تأكيدًا,سكرالوز,Sucralose,,,,GENERIC,أطعمة عامة,توابل ومحليات,,,KSA,GLOBAL_REFERENCE,,MEDIUM,P2,MISSING,,USDA,"USDA FoodData Central — Sweeteners, for baking, contains sugar and sucralose",https://fdc.nal.usda.gov/food-details/170673/nutrients,,,لكل 100غ,100,398.0,0.0,99.53,0.0,,47.05,2.0,NONE,MEDIUM,,170673,"Sweeteners, for baking, contains sugar and sucralose",,,0.84,,,,,
QGAP-00303,NEEDS_HUMAN_REVIEW,الأصل العام موجود في قِمّة — يُحسم بشريًا إن كان المتغيّر يستحق صفًّا مستقلًا,ماء ورد,Rose water,,,,GENERIC,أطعمة عامة,توابل ومحليات,,,KSA,GLOBAL_REFERENCE,,MEDIUM,P2,EXISTS_GENERIC_ONLY,water · ماء,USDA,USDA FoodData Central,https://fdc.nal.usda.gov/,,,,,,,,,,,,NONE,MEDIUM,,,,,,,,,,,
QGAP-00311,NEEDS_HUMAN_REVIEW,الأصل العام موجود في قِمّة — يُحسم بشريًا إن كان المتغيّر يستحق صفًّا مستقلًا,البيك - نجت دجاج 12 قطعة,AlBaik - Chicken nuggets 12 pcs,البيك,AlBaik,AlBaik,RESTAURANT,مطاعم,دجاج مقلي,,,KSA,KSA,,VERY_HIGH,P1,EXISTS_GENERIC_ONLY,chicken-nuggets · ناجتس دجاج,OFFICIAL_LOCAL_KCAL,AlBaik menu / app (SFDA),,,,,,,,,,,,,NONE,HIGH,,,,,,,,,البيك,AlBaik,السعرات متاحة رسميًا على قائمة الفرع/التطبيق (إلزام SFDA منذ ١ يوليو ٢٠٢٥). الماكروز غير منشورة — تبقى فارغة.
QGAP-00312,NEEDS_HUMAN_REVIEW,الأصل العام موجود في قِمّة — يُحسم بشريًا إن كان المتغيّر يستحق صفًّا مستقلًا,البيك - نجت دجاج 20 قطعة,AlBaik - Chicken nuggets 20 pcs,البيك,AlBaik,AlBaik,RESTAURANT,مطاعم,دجاج مقلي,,,KSA,KSA,,VERY_HIGH,P1,EXISTS_GENERIC_ONLY,chicken-nuggets · ناجتس دجاج,OFFICIAL_LOCAL_KCAL,AlBaik menu / app (SFDA),,,,,,,,,,,,,NONE,HIGH,,,,,,,,,البيك,AlBaik,السعرات متاحة رسميًا على قائمة الفرع/التطبيق (إلزام SFDA منذ ١ يوليو ٢٠٢٥). الماكروز غير منشورة — تبقى فارغة.
QGAP-00325,NEEDS_HUMAN_REVIEW,الأصل العام موجود في قِمّة — يُحسم بشريًا إن كان المتغيّر يستحق صفًّا مستقلًا,هرفي - برجر لحم كلاسيك,Herfy - Classic beef burger,هرفي,Herfy,Herfy,RESTAURANT,مطاعم,برجر,,,KSA,KSA,,VERY_HIGH,P1,EXISTS_GENERIC_ONLY,beef-burger · برجر لحم,OFFICIAL_LOCAL_KCAL,Herfy menu / app (SFDA),,,,,,,,,,,,,NONE,HIGH,,,,,,,,,هرفي,Herfy,السعرات متاحة رسميًا على قائمة الفرع/التطبيق (إلزام SFDA منذ ١ يوليو ٢٠٢٥). الماكروز غير منشورة — تبقى فارغة.
QGAP-00331,NEEDS_HUMAN_REVIEW,الأصل العام موجود في قِمّة — يُحسم بشريًا إن كان المتغيّر يستحق صفًّا مستقلًا,هرفي - هوت دوج,Herfy - Hot dog,هرفي,Herfy,Herfy,RESTAURANT,مطاعم,برجر,,,KSA,KSA,,VERY_HIGH,P1,EXISTS_GENERIC_ONLY,hotdog · هوت دوج,OFFICIAL_LOCAL_KCAL,Herfy menu / app (SFDA),,,,,,,,,,,,,NONE,HIGH,,,,,,,,,هرفي,Herfy,السعرات متاحة رسميًا على قائمة الفرع/التطبيق (إلزام SFDA منذ ١ يوليو ٢٠٢٥). الماكروز غير منشورة — تبقى فارغة.
QGAP-00333,NEEDS_HUMAN_REVIEW,الأصل العام موجود في قِمّة — يُحسم بشريًا إن كان المتغيّر يستحق صفًّا مستقلًا,هرفي - حلقات بصل,Herfy - Onion rings,هرفي,Herfy,Herfy,RESTAURANT,مطاعم,برجر,,,KSA,KSA,,VERY_HIGH,P1,EXISTS_GENERIC_ONLY,onion-rings · حلقات بصل,OFFICIAL_LOCAL_KCAL,Herfy menu / app (SFDA),,,,,,,,,,,,,NONE,HIGH,,,,,,,,,هرفي,Herfy,السعرات متاحة رسميًا على قائمة الفرع/التطبيق (إلزام SFDA منذ ١ يوليو ٢٠٢٥). الماكروز غير منشورة — تبقى فارغة.
QGAP-00335,NEEDS_HUMAN_REVIEW,الأصل العام موجود في قِمّة — يُحسم بشريًا إن كان المتغيّر يستحق صفًّا مستقلًا,هرفي - ميلك شيك,Herfy - Milkshake,هرفي,Herfy,Herfy,RESTAURANT,مطاعم,برجر,,,KSA,KSA,,VERY_HIGH,P1,EXISTS_GENERIC_ONLY,milkshake · ميلك شيك,OFFICIAL_LOCAL_KCAL,Herfy menu / app (SFDA),,,,,,,,,,,,,NONE,HIGH,,,,,,,,,هرفي,Herfy,السعرات متاحة رسميًا على قائمة الفرع/التطبيق (إلزام SFDA منذ ١ يوليو ٢٠٢٥). الماكروز غير منشورة — تبقى فارغة.
QGAP-00336,NEEDS_HUMAN_REVIEW,الأصل العام موجود في قِمّة — يُحسم بشريًا إن كان المتغيّر يستحق صفًّا مستقلًا,هرفي - كرواسون جبن,Herfy - Cheese croissant,هرفي,Herfy,Herfy,RESTAURANT,مطاعم,برجر,,,KSA,KSA,,VERY_HIGH,P1,EXISTS_GENERIC_ONLY,croissant · كرواسون,OFFICIAL_LOCAL_KCAL,Herfy menu / app (SFDA),,,,,,,,,,,,,NONE,HIGH,,,,,,,,,هرفي,Herfy,السعرات متاحة رسميًا على قائمة الفرع/التطبيق (إلزام SFDA منذ ١ يوليو ٢٠٢٥). الماكروز غير منشورة — تبقى فارغة.
QGAP-00340,NEEDS_HUMAN_REVIEW,الأصل العام موجود في قِمّة — يُحسم بشريًا إن كان المتغيّر يستحق صفًّا مستقلًا,هرفي - عصير برتقال,Herfy - Orange juice,هرفي,Herfy,Herfy,RESTAURANT,مطاعم,برجر,,,KSA,KSA,,VERY_HIGH,P1,EXISTS_GENERIC_ONLY,orange-juice · عصير برتقال,OFFICIAL_LOCAL_KCAL,Herfy menu / app (SFDA),,,,,,,,,,,,,NONE,HIGH,,,,,,,,,هرفي,Herfy,السعرات متاحة رسميًا على قائمة الفرع/التطبيق (إلزام SFDA منذ ١ يوليو ٢٠٢٥). الماكروز غير منشورة — تبقى فارغة.
QGAP-00342,NEEDS_HUMAN_REVIEW,الأصل العام موجود في قِمّة — يُحسم بشريًا إن كان المتغيّر يستحق صفًّا مستقلًا,هرفي - بيتزا هرفي قطعة,Herfy - Herfy pizza slice,هرفي,Herfy,Herfy,RESTAURANT,مطاعم,برجر,,,KSA,KSA,,VERY_HIGH,P1,EXISTS_GENERIC_ONLY,pizza-slice · بيتزا,OFFICIAL_LOCAL_KCAL,Herfy menu / app (SFDA),,,,,,,,,,,,,NONE,HIGH,,,,,,,,,هرفي,Herfy,السعرات متاحة رسميًا على قائمة الفرع/التطبيق (إلزام SFDA منذ ١ يوليو ٢٠٢٥). الماكروز غير منشورة — تبقى فارغة.
QGAP-00344,NEEDS_HUMAN_REVIEW,الأصل العام موجود في قِمّة — يُحسم بشريًا إن كان المتغيّر يستحق صفًّا مستقلًا,هرفي - كرسبي تشيكن برجر,Herfy - Crispy chicken burger,هرفي,Herfy,Herfy,RESTAURANT,مطاعم,برجر,,,KSA,KSA,,VERY_HIGH,P1,EXISTS_GENERIC_ONLY,chicken-burger · برجر دجاج,OFFICIAL_LOCAL_KCAL,Herfy menu / app (SFDA),,,,,,,,,,,,,NONE,HIGH,,,,,,,,,هرفي,Herfy,السعرات متاحة رسميًا على قائمة الفرع/التطبيق (إلزام SFDA منذ ١ يوليو ٢٠٢٥). الماكروز غير منشورة — تبقى فارغة.
QGAP-00351,NEEDS_HUMAN_REVIEW,الأصل العام موجود في قِمّة — يُحسم بشريًا إن كان المتغيّر يستحق صفًّا مستقلًا,كودو - كرواسون,Kudu - Croissant,كودو,Kudu,Kudu,RESTAURANT,مطاعم,برجر,,,KSA,KSA,,VERY_HIGH,P1,EXISTS_GENERIC_ONLY,croissant · كرواسون,OFFICIAL_LOCAL_KCAL,Kudu app (SFDA),,,,,,,,,,,,,NONE,HIGH,,,,,,,,,كودو,Kudu,السعرات متاحة رسميًا على قائمة الفرع/التطبيق (إلزام SFDA منذ ١ يوليو ٢٠٢٥). الماكروز غير منشورة — تبقى فارغة.
QGAP-00352,NEEDS_HUMAN_REVIEW,الأصل العام موجود في قِمّة — يُحسم بشريًا إن كان المتغيّر يستحق صفًّا مستقلًا,كودو - بان كيك,Kudu - Pancakes,كودو,Kudu,Kudu,RESTAURANT,مطاعم,برجر,,,KSA,KSA,,VERY_HIGH,P1,EXISTS_GENERIC_ONLY,pancakes · بان كيك,OFFICIAL_LOCAL_KCAL,Kudu app (SFDA),,,,,,,,,,,,,NONE,HIGH,,,,,,,,,كودو,Kudu,السعرات متاحة رسميًا على قائمة الفرع/التطبيق (إلزام SFDA منذ ١ يوليو ٢٠٢٥). الماكروز غير منشورة — تبقى فارغة.
QGAP-00354,NEEDS_HUMAN_REVIEW,الأصل العام موجود في قِمّة — يُحسم بشريًا إن كان المتغيّر يستحق صفًّا مستقلًا,كودو - حلقات بصل,Kudu - Onion rings,كودو,Kudu,Kudu,RESTAURANT,مطاعم,برجر,,,KSA,KSA,,VERY_HIGH,P1,EXISTS_GENERIC_ONLY,onion-rings · حلقات بصل,OFFICIAL_LOCAL_KCAL,Kudu app (SFDA),,,,,,,,,,,,,NONE,HIGH,,,,,,,,,كودو,Kudu,السعرات متاحة رسميًا على قائمة الفرع/التطبيق (إلزام SFDA منذ ١ يوليو ٢٠٢٥). الماكروز غير منشورة — تبقى فارغة.
QGAP-00357,NEEDS_HUMAN_REVIEW,الأصل العام موجود في قِمّة — يُحسم بشريًا إن كان المتغيّر يستحق صفًّا مستقلًا,كودو - ميلك شيك,Kudu - Milkshake,كودو,Kudu,Kudu,RESTAURANT,مطاعم,برجر,,,KSA,KSA,,VERY_HIGH,P1,EXISTS_GENERIC_ONLY,milkshake · ميلك شيك,OFFICIAL_LOCAL_KCAL,Kudu app (SFDA),,,,,,,,,,,,,NONE,HIGH,,,,,,,,,كودو,Kudu,السعرات متاحة رسميًا على قائمة الفرع/التطبيق (إلزام SFDA منذ ١ يوليو ٢٠٢٥). الماكروز غير منشورة — تبقى فارغة.
QGAP-00359,NEEDS_HUMAN_REVIEW,الأصل العام موجود في قِمّة — يُحسم بشريًا إن كان المتغيّر يستحق صفًّا مستقلًا,كودو - كابتشينو,Kudu - Cappuccino,كودو,Kudu,Kudu,RESTAURANT,مطاعم,برجر,,,KSA,KSA,,VERY_HIGH,P1,EXISTS_GENERIC_ONLY,cappuccino · كابتشينو,OFFICIAL_LOCAL_KCAL,Kudu app (SFDA),,,,,,,,,,,,,NONE,HIGH,,,,,,,,,كودو,Kudu,السعرات متاحة رسميًا على قائمة الفرع/التطبيق (إلزام SFDA منذ ١ يوليو ٢٠٢٥). الماكروز غير منشورة — تبقى فارغة.
QGAP-00370,NEEDS_HUMAN_REVIEW,الأصل العام موجود في قِمّة — يُحسم بشريًا إن كان المتغيّر يستحق صفًّا مستقلًا,الطازج - سلطة خضراء,Al Tazaj - Green salad,الطازج,Al Tazaj,Al Tazaj,RESTAURANT,مطاعم,دجاج مشوي,,,KSA,KSA,,VERY_HIGH,P1,EXISTS_GENERIC_ONLY,green-salad · سلطة خضراء,OFFICIAL_LOCAL_KCAL,Al Tazaj menu (SFDA),,,,,,,,,,,,,NONE,HIGH,,,,,,,,,الطازج,Al Tazaj,السعرات متاحة رسميًا على قائمة الفرع/التطبيق (إلزام SFDA منذ ١ يوليو ٢٠٢٥). الماكروز غير منشورة — تبقى فارغة.
QGAP-00371,NEEDS_HUMAN_REVIEW,الأصل العام موجود في قِمّة — يُحسم بشريًا إن كان المتغيّر يستحق صفًّا مستقلًا,الطازج - حمص,Al Tazaj - Hummus,الطازج,Al Tazaj,Al Tazaj,RESTAURANT,مطاعم,دجاج مشوي,,,KSA,KSA,,VERY_HIGH,P1,EXISTS_GENERIC_ONLY,gcc-21 · حمّص بالطحينة,OFFICIAL_LOCAL_KCAL,Al Tazaj menu (SFDA),,,,,,,,,,,,,NONE,HIGH,,,,,,,,,الطازج,Al Tazaj,السعرات متاحة رسميًا على قائمة الفرع/التطبيق (إلزام SFDA منذ ١ يوليو ٢٠٢٥). الماكروز غير منشورة — تبقى فارغة.
QGAP-00372,NEEDS_HUMAN_REVIEW,الأصل العام موجود في قِمّة — يُحسم بشريًا إن كان المتغيّر يستحق صفًّا مستقلًا,الطازج - خبز تنور,Al Tazaj - Tannour bread,الطازج,Al Tazaj,Al Tazaj,RESTAURANT,مطاعم,دجاج مشوي,,,KSA,KSA,,VERY_HIGH,P1,EXISTS_GENERIC_ONLY,khubz-tandoor · خبز تنور,OFFICIAL_LOCAL_KCAL,Al Tazaj menu (SFDA),,,,,,,,,,,,,NONE,HIGH,,,,,,,,,الطازج,Al Tazaj,السعرات متاحة رسميًا على قائمة الفرع/التطبيق (إلزام SFDA منذ ١ يوليو ٢٠٢٥). الماكروز غير منشورة — تبقى فارغة.
QGAP-00373,NEEDS_HUMAN_REVIEW,الأصل العام موجود في قِمّة — يُحسم بشريًا إن كان المتغيّر يستحق صفًّا مستقلًا,الطازج - بطاطس مقلية,Al Tazaj - French fries,الطازج,Al Tazaj,Al Tazaj,RESTAURANT,مطاعم,دجاج مشوي,,,KSA,KSA,,VERY_HIGH,P1,EXISTS_GENERIC_ONLY,fries · بطاطس مقلية,OFFICIAL_LOCAL_KCAL,Al Tazaj menu (SFDA),,,,,,,,,,,,,NONE,HIGH,,,,,,,,,الطازج,Al Tazaj,السعرات متاحة رسميًا على قائمة الفرع/التطبيق (إلزام SFDA منذ ١ يوليو ٢٠٢٥). الماكروز غير منشورة — تبقى فارغة.
QGAP-00374,NEEDS_HUMAN_REVIEW,الأصل العام موجود في قِمّة — يُحسم بشريًا إن كان المتغيّر يستحق صفًّا مستقلًا,الطازج - رز أبيض,Al Tazaj - White rice,الطازج,Al Tazaj,Al Tazaj,RESTAURANT,مطاعم,دجاج مشوي,,,KSA,KSA,,VERY_HIGH,P1,EXISTS_GENERIC_ONLY,white-rice · رز أبيض,OFFICIAL_LOCAL_KCAL,Al Tazaj menu (SFDA),,,,,,,,,,,,,NONE,HIGH,,,,,,,,,الطازج,Al Tazaj,السعرات متاحة رسميًا على قائمة الفرع/التطبيق (إلزام SFDA منذ ١ يوليو ٢٠٢٥). الماكروز غير منشورة — تبقى فارغة.
QGAP-00378,NEEDS_HUMAN_REVIEW,الأصل العام موجود في قِمّة — يُحسم بشريًا إن كان المتغيّر يستحق صفًّا مستقلًا,الطازج - كبدة دجاج,Al Tazaj - Chicken liver,الطازج,Al Tazaj,Al Tazaj,RESTAURANT,مطاعم,دجاج مشوي,,,KSA,KSA,,VERY_HIGH,P1,EXISTS_GENERIC_ONLY,chicken-liver · كبدة دجاج,OFFICIAL_LOCAL_KCAL,Al Tazaj menu (SFDA),,,,,,,,,,,,,NONE,HIGH,,,,,,,,,الطازج,Al Tazaj,السعرات متاحة رسميًا على قائمة الفرع/التطبيق (إلزام SFDA منذ ١ يوليو ٢٠٢٥). الماكروز غير منشورة — تبقى فارغة.
QGAP-00379,NEEDS_HUMAN_REVIEW,الأصل العام موجود في قِمّة — يُحسم بشريًا إن كان المتغيّر يستحق صفًّا مستقلًا,الطازج - مشروب غازي,Al Tazaj - Soft drink,الطازج,Al Tazaj,Al Tazaj,RESTAURANT,مطاعم,دجاج مشوي,,,KSA,KSA,,VERY_HIGH,P1,EXISTS_GENERIC_ONLY,soft-drink · مشروب غازي,OFFICIAL_LOCAL_KCAL,Al Tazaj menu (SFDA),,,,,,,,,,,,,NONE,HIGH,,,,,,,,,الطازج,Al Tazaj,السعرات متاحة رسميًا على قائمة الفرع/التطبيق (إلزام SFDA منذ ١ يوليو ٢٠٢٥). الماكروز غير منشورة — تبقى فارغة.
QGAP-00381,NEEDS_HUMAN_REVIEW,الأصل العام موجود في قِمّة — يُحسم بشريًا إن كان المتغيّر يستحق صفًّا مستقلًا,الرومانسية - كبسة لحم حاشي,Al Romansiah - Camel kabsa,الرومانسية,Al Romansiah,Al Romansiah,RESTAURANT,مطاعم,أكل سعودي,,,KSA,KSA,,VERY_HIGH,P1,EXISTS_GENERIC_ONLY,sfct-95 · كبسة لحم حاشي,OFFICIAL_LOCAL_KCAL,Al Romansiah app (SFDA),,,,,,,,,,,,,NONE,HIGH,,,,,,,,,الرومانسية,Al Romansiah,السعرات متاحة رسميًا على قائمة الفرع/التطبيق (إلزام SFDA منذ ١ يوليو ٢٠٢٥). الماكروز غير منشورة — تبقى فارغة.
QGAP-00384,NEEDS_HUMAN_REVIEW,الأصل العام موجود في قِمّة — يُحسم بشريًا إن كان المتغيّر يستحق صفًّا مستقلًا,الرومانسية - مضغوط دجاج,Al Romansiah - Chicken madghoot,الرومانسية,Al Romansiah,Al Romansiah,RESTAURANT,مطاعم,أكل سعودي,,,KSA,KSA,,VERY_HIGH,P1,EXISTS_GENERIC_ONLY,madghoot-chicken · مضغوط دجاج,OFFICIAL_LOCAL_KCAL,Al Romansiah app (SFDA),,,,,,,,,,,,,NONE,HIGH,,,,,,,,,الرومانسية,Al Romansiah,السعرات متاحة رسميًا على قائمة الفرع/التطبيق (إلزام SFDA منذ ١ يوليو ٢٠٢٥). الماكروز غير منشورة — تبقى فارغة.
QGAP-00386,NEEDS_HUMAN_REVIEW,الأصل العام موجود في قِمّة — يُحسم بشريًا إن كان المتغيّر يستحق صفًّا مستقلًا,الرومانسية - برياني دجاج,Al Romansiah - Chicken biryani,الرومانسية,Al Romansiah,Al Romansiah,RESTAURANT,مطاعم,أكل سعودي,,,KSA,KSA,,VERY_HIGH,P1,EXISTS_GENERIC_ONLY,biryani-chicken · برياني دجاج,OFFICIAL_LOCAL_KCAL,Al Romansiah app (SFDA),,,,,,,,,,,,,NONE,HIGH,,,,,,,,,الرومانسية,Al Romansiah,السعرات متاحة رسميًا على قائمة الفرع/التطبيق (إلزام SFDA منذ ١ يوليو ٢٠٢٥). الماكروز غير منشورة — تبقى فارغة.
QGAP-00400,NEEDS_HUMAN_REVIEW,الأصل العام موجود في قِمّة — يُحسم بشريًا إن كان المتغيّر يستحق صفًّا مستقلًا,الرومانسية - قهوة عربية,Al Romansiah - Arabic coffee,الرومانسية,Al Romansiah,Al Romansiah,RESTAURANT,مطاعم,أكل سعودي,,,KSA,KSA,,VERY_HIGH,P1,EXISTS_GENERIC_ONLY,arabic-coffee · قهوة عربية,OFFICIAL_LOCAL_KCAL,Al Romansiah app (SFDA),,,,,,,,,,,,,NONE,HIGH,,,,,,,,,الرومانسية,Al Romansiah,السعرات متاحة رسميًا على قائمة الفرع/التطبيق (إلزام SFDA منذ ١ يوليو ٢٠٢٥). الماكروز غير منشورة — تبقى فارغة.
QGAP-00403,NEEDS_HUMAN_REVIEW,الأصل العام موجود في قِمّة — يُحسم بشريًا إن كان المتغيّر يستحق صفًّا مستقلًا,الرومانسية - رز بخاري باللحم,Al Romansiah - Bukhari rice with lamb,الرومانسية,Al Romansiah,Al Romansiah,RESTAURANT,مطاعم,أكل سعودي,,,KSA,KSA,,VERY_HIGH,P1,EXISTS_GENERIC_ONLY,sfct-11 · رز بخاري باللحم,OFFICIAL_LOCAL_KCAL,Al Romansiah app (SFDA),,,,,,,,,,,,,NONE,HIGH,,,,,,,,,الرومانسية,Al Romansiah,السعرات متاحة رسميًا على قائمة الفرع/التطبيق (إلزام SFDA منذ ١ يوليو ٢٠٢٥). الماكروز غير منشورة — تبقى فارغة.
QGAP-00405,NEEDS_HUMAN_REVIEW,الأصل العام موجود في قِمّة — يُحسم بشريًا إن كان المتغيّر يستحق صفًّا مستقلًا,شاورمر - شاورما دجاج عادي,Shawarmer - Regular chicken shawarma,شاورمر,Shawarmer,Shawarmer,RESTAURANT,مطاعم,شاورما,,,KSA,KSA,,VERY_HIGH,P1,EXISTS_GENERIC_ONLY,shawarma-chicken · شاورما دجاج,OFFICIAL_LOCAL_KCAL,Shawarmer app (SFDA),,,,,,,,,,,,,NONE,HIGH,,,,,,,,,شاورمر,Shawarmer,السعرات متاحة رسميًا على قائمة الفرع/التطبيق (إلزام SFDA منذ ١ يوليو ٢٠٢٥). الماكروز غير منشورة — تبقى فارغة.
QGAP-00406,NEEDS_HUMAN_REVIEW,الأصل العام موجود في قِمّة — يُحسم بشريًا إن كان المتغيّر يستحق صفًّا مستقلًا,شاورمر - شاورما دجاج سبيشال,Shawarmer - Special chicken shawarma,شاورمر,Shawarmer,Shawarmer,RESTAURANT,مطاعم,شاورما,,,KSA,KSA,,VERY_HIGH,P1,EXISTS_GENERIC_ONLY,shawarma-chicken · شاورما دجاج,OFFICIAL_LOCAL_KCAL,Shawarmer app (SFDA),,,,,,,,,,,,,NONE,HIGH,,,,,,,,,شاورمر,Shawarmer,السعرات متاحة رسميًا على قائمة الفرع/التطبيق (إلزام SFDA منذ ١ يوليو ٢٠٢٥). الماكروز غير منشورة — تبقى فارغة.
QGAP-00408,NEEDS_HUMAN_REVIEW,الأصل العام موجود في قِمّة — يُحسم بشريًا إن كان المتغيّر يستحق صفًّا مستقلًا,شاورمر - صحن شاورما دجاج,Shawarmer - Chicken shawarma plate,شاورمر,Shawarmer,Shawarmer,RESTAURANT,مطاعم,شاورما,,,KSA,KSA,,VERY_HIGH,P1,EXISTS_GENERIC_ONLY,r2-eat-015 · صحن شاورما دجاج,OFFICIAL_LOCAL_KCAL,Shawarmer app (SFDA),,,,,,,,,,,,,NONE,HIGH,,,,,,,,,شاورمر,Shawarmer,السعرات متاحة رسميًا على قائمة الفرع/التطبيق (إلزام SFDA منذ ١ يوليو ٢٠٢٥). الماكروز غير منشورة — تبقى فارغة.
QGAP-00411,NEEDS_HUMAN_REVIEW,الأصل العام موجود في قِمّة — يُحسم بشريًا إن كان المتغيّر يستحق صفًّا مستقلًا,شاورمر - ساندويتش فلافل,Shawarmer - Falafel sandwich,شاورمر,Shawarmer,Shawarmer,RESTAURANT,مطاعم,شاورما,,,KSA,KSA,,VERY_HIGH,P1,EXISTS_GENERIC_ONLY,falafel-sandwich · ساندويتش فلافل,OFFICIAL_LOCAL_KCAL,Shawarmer app (SFDA),,,,,,,,,,,,,NONE,HIGH,,,,,,,,,شاورمر,Shawarmer,السعرات متاحة رسميًا على قائمة الفرع/التطبيق (إلزام SFDA منذ ١ يوليو ٢٠٢٥). الماكروز غير منشورة — تبقى فارغة.
QGAP-00412,NEEDS_HUMAN_REVIEW,الأصل العام موجود في قِمّة — يُحسم بشريًا إن كان المتغيّر يستحق صفًّا مستقلًا,شاورمر - حمص بالطحينة,Shawarmer - Hummus with tahini,شاورمر,Shawarmer,Shawarmer,RESTAURANT,مطاعم,شاورما,,,KSA,KSA,,VERY_HIGH,P1,EXISTS_GENERIC_ONLY,gcc-21 · حمّص بالطحينة,OFFICIAL_LOCAL_KCAL,Shawarmer app (SFDA),,,,,,,,,,,,,NONE,HIGH,,,,,,,,,شاورمر,Shawarmer,السعرات متاحة رسميًا على قائمة الفرع/التطبيق (إلزام SFDA منذ ١ يوليو ٢٠٢٥). الماكروز غير منشورة — تبقى فارغة.
QGAP-00413,NEEDS_HUMAN_REVIEW,الأصل العام موجود في قِمّة — يُحسم بشريًا إن كان المتغيّر يستحق صفًّا مستقلًا,شاورمر - فتوش,Shawarmer - Fattoush,شاورمر,Shawarmer,Shawarmer,RESTAURANT,مطاعم,شاورما,,,KSA,KSA,,VERY_HIGH,P1,EXISTS_GENERIC_ONLY,fattoush · فتوش,OFFICIAL_LOCAL_KCAL,Shawarmer app (SFDA),,,,,,,,,,,,,NONE,HIGH,,,,,,,,,شاورمر,Shawarmer,السعرات متاحة رسميًا على قائمة الفرع/التطبيق (إلزام SFDA منذ ١ يوليو ٢٠٢٥). الماكروز غير منشورة — تبقى فارغة.
QGAP-00414,NEEDS_HUMAN_REVIEW,الأصل العام موجود في قِمّة — يُحسم بشريًا إن كان المتغيّر يستحق صفًّا مستقلًا,شاورمر - تبولة,Shawarmer - Tabbouleh,شاورمر,Shawarmer,Shawarmer,RESTAURANT,مطاعم,شاورما,,,KSA,KSA,,VERY_HIGH,P1,EXISTS_GENERIC_ONLY,tabbouleh · تبولة,OFFICIAL_LOCAL_KCAL,Shawarmer app (SFDA),,,,,,,,,,,,,NONE,HIGH,,,,,,,,,شاورمر,Shawarmer,السعرات متاحة رسميًا على قائمة الفرع/التطبيق (إلزام SFDA منذ ١ يوليو ٢٠٢٥). الماكروز غير منشورة — تبقى فارغة.
QGAP-00416,NEEDS_HUMAN_REVIEW,الأصل العام موجود في قِمّة — يُحسم بشريًا إن كان المتغيّر يستحق صفًّا مستقلًا,شاورمر - سمبوسة,Shawarmer - Samosa,شاورمر,Shawarmer,Shawarmer,RESTAURANT,مطاعم,شاورما,,,KSA,KSA,,VERY_HIGH,P1,EXISTS_GENERIC_ONLY,samosa · سمبوسة,OFFICIAL_LOCAL_KCAL,Shawarmer app (SFDA),,,,,,,,,,,,,NONE,HIGH,,,,,,,,,شاورمر,Shawarmer,السعرات متاحة رسميًا على قائمة الفرع/التطبيق (إلزام SFDA منذ ١ يوليو ٢٠٢٥). الماكروز غير منشورة — تبقى فارغة.
QGAP-00417,NEEDS_HUMAN_REVIEW,الأصل العام موجود في قِمّة — يُحسم بشريًا إن كان المتغيّر يستحق صفًّا مستقلًا,شاورمر - عصير ليمون نعناع,Shawarmer - Lemon mint juice,شاورمر,Shawarmer,Shawarmer,RESTAURANT,مطاعم,شاورما,,,KSA,KSA,,VERY_HIGH,P1,EXISTS_GENERIC_ONLY,lemon-mint · ليمون نعناع,OFFICIAL_LOCAL_KCAL,Shawarmer app (SFDA),,,,,,,,,,,,,NONE,HIGH,,,,,,,,,شاورمر,Shawarmer,السعرات متاحة رسميًا على قائمة الفرع/التطبيق (إلزام SFDA منذ ١ يوليو ٢٠٢٥). الماكروز غير منشورة — تبقى فارغة.
QGAP-00421,NEEDS_HUMAN_REVIEW,الأصل العام موجود في قِمّة — يُحسم بشريًا إن كان المتغيّر يستحق صفًّا مستقلًا,شاورمر - شيش طاووق,Shawarmer - Shish tawook,شاورمر,Shawarmer,Shawarmer,RESTAURANT,مطاعم,شاورما,,,KSA,KSA,,VERY_HIGH,P1,EXISTS_GENERIC_ONLY,shish-tawook-meal · شيش طاووق,OFFICIAL_LOCAL_KCAL,Shawarmer app (SFDA),,,,,,,,,,,,,NONE,HIGH,,,,,,,,,شاورمر,Shawarmer,السعرات متاحة رسميًا على قائمة الفرع/التطبيق (إلزام SFDA منذ ١ يوليو ٢٠٢٥). الماكروز غير منشورة — تبقى فارغة.
QGAP-00423,NEEDS_HUMAN_REVIEW,الأصل العام موجود في قِمّة — يُحسم بشريًا إن كان المتغيّر يستحق صفًّا مستقلًا,ماما نورة - صحن شاورما,Mama Noura - Shawarma plate,ماما نورة,Mama Noura,Mama Noura,RESTAURANT,مطاعم,شاورما,,,KSA,KSA,,VERY_HIGH,P1,EXISTS_GENERIC_ONLY,shawarma-plate · شاورما صحن,OFFICIAL_LOCAL_KCAL,Mama Noura menu (SFDA),,,,,,,,,,,,,NONE,HIGH,,,,,,,,,ماما نورة,Mama Noura,السعرات متاحة رسميًا على قائمة الفرع/التطبيق (إلزام SFDA منذ ١ يوليو ٢٠٢٥). الماكروز غير منشورة — تبقى فارغة.
QGAP-00426,NEEDS_HUMAN_REVIEW,الأصل العام موجود في قِمّة — يُحسم بشريًا إن كان المتغيّر يستحق صفًّا مستقلًا,ماما نورة - متبل باذنجان,Mama Noura - Baba ghanoush,ماما نورة,Mama Noura,Mama Noura,RESTAURANT,مطاعم,شاورما,,,KSA,KSA,,VERY_HIGH,P1,EXISTS_GENERIC_ONLY,gcc-22 · بابا غنوج (متبّل باذنجان),OFFICIAL_LOCAL_KCAL,Mama Noura menu (SFDA),,,,,,,,,,,,,NONE,HIGH,,,,,,,,,ماما نورة,Mama Noura,السعرات متاحة رسميًا على قائمة الفرع/التطبيق (إلزام SFDA منذ ١ يوليو ٢٠٢٥). الماكروز غير منشورة — تبقى فارغة.
QGAP-00427,NEEDS_HUMAN_REVIEW,الأصل العام موجود في قِمّة — يُحسم بشريًا إن كان المتغيّر يستحق صفًّا مستقلًا,ماما نورة - تبولة,Mama Noura - Tabbouleh,ماما نورة,Mama Noura,Mama Noura,RESTAURANT,مطاعم,شاورما,,,KSA,KSA,,VERY_HIGH,P1,EXISTS_GENERIC_ONLY,tabbouleh · تبولة,OFFICIAL_LOCAL_KCAL,Mama Noura menu (SFDA),,,,,,,,,,,,,NONE,HIGH,,,,,,,,,ماما نورة,Mama Noura,السعرات متاحة رسميًا على قائمة الفرع/التطبيق (إلزام SFDA منذ ١ يوليو ٢٠٢٥). الماكروز غير منشورة — تبقى فارغة.
QGAP-00428,NEEDS_HUMAN_REVIEW,الأصل العام موجود في قِمّة — يُحسم بشريًا إن كان المتغيّر يستحق صفًّا مستقلًا,ماما نورة - فتوش,Mama Noura - Fattoush,ماما نورة,Mama Noura,Mama Noura,RESTAURANT,مطاعم,شاورما,,,KSA,KSA,,VERY_HIGH,P1,EXISTS_GENERIC_ONLY,fattoush · فتوش,OFFICIAL_LOCAL_KCAL,Mama Noura menu (SFDA),,,,,,,,,,,,,NONE,HIGH,,,,,,,,,ماما نورة,Mama Noura,السعرات متاحة رسميًا على قائمة الفرع/التطبيق (إلزام SFDA منذ ١ يوليو ٢٠٢٥). الماكروز غير منشورة — تبقى فارغة.
QGAP-00429,NEEDS_HUMAN_REVIEW,الأصل العام موجود في قِمّة — يُحسم بشريًا إن كان المتغيّر يستحق صفًّا مستقلًا,ماما نورة - بطاطس مقلية,Mama Noura - French fries,ماما نورة,Mama Noura,Mama Noura,RESTAURANT,مطاعم,شاورما,,,KSA,KSA,,VERY_HIGH,P1,EXISTS_GENERIC_ONLY,fries · بطاطس مقلية,OFFICIAL_LOCAL_KCAL,Mama Noura menu (SFDA),,,,,,,,,,,,,NONE,HIGH,,,,,,,,,ماما نورة,Mama Noura,السعرات متاحة رسميًا على قائمة الفرع/التطبيق (إلزام SFDA منذ ١ يوليو ٢٠٢٥). الماكروز غير منشورة — تبقى فارغة.
QGAP-00431,NEEDS_HUMAN_REVIEW,الأصل العام موجود في قِمّة — يُحسم بشريًا إن كان المتغيّر يستحق صفًّا مستقلًا,ماما نورة - كبة مقلية,Mama Noura - Fried kibbeh,ماما نورة,Mama Noura,Mama Noura,RESTAURANT,مطاعم,شاورما,,,KSA,KSA,,VERY_HIGH,P1,EXISTS_GENERIC_ONLY,gcc-20 · كبّة مقلية,OFFICIAL_LOCAL_KCAL,Mama Noura menu (SFDA),,,,,,,,,,,,,NONE,HIGH,,,,,,,,,ماما نورة,Mama Noura,السعرات متاحة رسميًا على قائمة الفرع/التطبيق (إلزام SFDA منذ ١ يوليو ٢٠٢٥). الماكروز غير منشورة — تبقى فارغة.
QGAP-00432,NEEDS_HUMAN_REVIEW,الأصل العام موجود في قِمّة — يُحسم بشريًا إن كان المتغيّر يستحق صفًّا مستقلًا,ماما نورة - سمبوسة لحم,Mama Noura - Meat samosa,ماما نورة,Mama Noura,Mama Noura,RESTAURANT,مطاعم,شاورما,,,KSA,KSA,,VERY_HIGH,P1,EXISTS_GENERIC_ONLY,samosa-meat · سمبوسة لحم,OFFICIAL_LOCAL_KCAL,Mama Noura menu (SFDA),,,,,,,,,,,,,NONE,HIGH,,,,,,,,,ماما نورة,Mama Noura,السعرات متاحة رسميًا على قائمة الفرع/التطبيق (إلزام SFDA منذ ١ يوليو ٢٠٢٥). الماكروز غير منشورة — تبقى فارغة.
QGAP-00434,NEEDS_HUMAN_REVIEW,الأصل العام موجود في قِمّة — يُحسم بشريًا إن كان المتغيّر يستحق صفًّا مستقلًا,ماما نورة - أرز بالشعيرية,Mama Noura - Rice with vermicelli,ماما نورة,Mama Noura,Mama Noura,RESTAURANT,مطاعم,شاورما,,,KSA,KSA,,VERY_HIGH,P1,EXISTS_GENERIC_ONLY,rice-vermicelli · رز بشعيرية,OFFICIAL_LOCAL_KCAL,Mama Noura menu (SFDA),,,,,,,,,,,,,NONE,HIGH,,,,,,,,,ماما نورة,Mama Noura,السعرات متاحة رسميًا على قائمة الفرع/التطبيق (إلزام SFDA منذ ١ يوليو ٢٠٢٥). الماكروز غير منشورة — تبقى فارغة.
QGAP-00440,NEEDS_HUMAN_REVIEW,الأصل العام موجود في قِمّة — يُحسم بشريًا إن كان المتغيّر يستحق صفًّا مستقلًا,برجرايزر - بطاطس بالجبن,Burgerizzr - Cheese fries,برجرايزر,Burgerizzr,Burgerizzr,RESTAURANT,مطاعم,برجر,,,KSA,KSA,,VERY_HIGH,P1,EXISTS_GENERIC_ONLY,loaded-fries · بطاطس بالجبن,OFFICIAL_LOCAL_KCAL,Burgerizzr app (SFDA),,,,,,,,,,,,,NONE,HIGH,,,,,,,,,برجرايزر,Burgerizzr,السعرات متاحة رسميًا على قائمة الفرع/التطبيق (إلزام SFDA منذ ١ يوليو ٢٠٢٥). الماكروز غير منشورة — تبقى فارغة.
QGAP-00442,NEEDS_HUMAN_REVIEW,الأصل العام موجود في قِمّة — يُحسم بشريًا إن كان المتغيّر يستحق صفًّا مستقلًا,برجرايزر - ميلك شيك,Burgerizzr - Milkshake,برجرايزر,Burgerizzr,Burgerizzr,RESTAURANT,مطاعم,برجر,,,KSA,KSA,,VERY_HIGH,P1,EXISTS_GENERIC_ONLY,milkshake · ميلك شيك,OFFICIAL_LOCAL_KCAL,Burgerizzr app (SFDA),,,,,,,,,,,,,NONE,HIGH,,,,,,,,,برجرايزر,Burgerizzr,السعرات متاحة رسميًا على قائمة الفرع/التطبيق (إلزام SFDA منذ ١ يوليو ٢٠٢٥). الماكروز غير منشورة — تبقى فارغة.
QGAP-00443,NEEDS_HUMAN_REVIEW,الأصل العام موجود في قِمّة — يُحسم بشريًا إن كان المتغيّر يستحق صفًّا مستقلًا,برجرايزر - حلقات بصل,Burgerizzr - Onion rings,برجرايزر,Burgerizzr,Burgerizzr,RESTAURANT,مطاعم,برجر,,,KSA,KSA,,VERY_HIGH,P1,EXISTS_GENERIC_ONLY,onion-rings · حلقات بصل,OFFICIAL_LOCAL_KCAL,Burgerizzr app (SFDA),,,,,,,,,,,,,NONE,HIGH,,,,,,,,,برجرايزر,Burgerizzr,السعرات متاحة رسميًا على قائمة الفرع/التطبيق (إلزام SFDA منذ ١ يوليو ٢٠٢٥). الماكروز غير منشورة — تبقى فارغة.
QGAP-00462,NEEDS_HUMAN_REVIEW,الأصل العام موجود في قِمّة — يُحسم بشريًا إن كان المتغيّر يستحق صفًّا مستقلًا,ماكدونالدز - دبل تشيز برجر,McDonald's - Double Cheeseburger,ماكدونالدز,McDonald's,McDonald's,RESTAURANT,مطاعم,برجر,,,KSA,KSA,,VERY_HIGH,P0,EXISTS_GENERIC_ONLY,double-cheeseburger · برجر دبل تشيز,OFFICIAL_LOCAL,McDonald's Arabia nutrition (KSA),https://www.mcdonalds.com/content/dam/sites/ArabiaGWS/english/nfl/html/nutrition-info-jeddah-en-new.pdf,,,,,,,,,,,,NONE,HIGH,,,,,,,,,ماكدونالدز,McDonald's,
QGAP-00483,NEEDS_HUMAN_REVIEW,الأصل العام موجود في قِمّة — يُحسم بشريًا إن كان المتغيّر يستحق صفًّا مستقلًا,ماكدونالدز - دجاج مقرمش ساندويتش,McDonald's - Crispy chicken sandwich,ماكدونالدز,McDonald's,McDonald's,RESTAURANT,مطاعم,برجر,,,KSA,KSA,,VERY_HIGH,P0,EXISTS_GENERIC_ONLY,zinger-sandwich · زنجر دجاج,OFFICIAL_LOCAL,McDonald's Arabia nutrition (KSA),https://www.mcdonalds.com/content/dam/sites/ArabiaGWS/english/nfl/html/nutrition-info-jeddah-en-new.pdf,,,,,,,,,,,,NONE,HIGH,,,,,,,,,ماكدونالدز,McDonald's,
QGAP-00484,NEEDS_HUMAN_REVIEW,الأصل العام موجود في قِمّة — يُحسم بشريًا إن كان المتغيّر يستحق صفًّا مستقلًا,برجر كنج - وابر بالجبن,Burger King - Whopper with cheese,برجر كنج,Burger King,Burger King,RESTAURANT,مطاعم,برجر,,,KSA,KSA,,VERY_HIGH,P1,EXISTS_GENERIC_ONLY,bk-whopper · برجر كنج - وابر,OFFICIAL_LOCAL_KCAL,Burger King KSA menu (SFDA),,,,,,,,,,,,,NONE,HIGH,,,,,,,,,برجر كنج,Burger King,السعرات متاحة رسميًا على قائمة الفرع/التطبيق (إلزام SFDA منذ ١ يوليو ٢٠٢٥). الماكروز غير منشورة — تبقى فارغة.
QGAP-00490,NEEDS_HUMAN_REVIEW,الأصل العام موجود في قِمّة — يُحسم بشريًا إن كان المتغيّر يستحق صفًّا مستقلًا,برجر كنج - حلقات بصل,Burger King - Onion rings,برجر كنج,Burger King,Burger King,RESTAURANT,مطاعم,برجر,,,KSA,KSA,,VERY_HIGH,P1,EXISTS_GENERIC_ONLY,onion-rings · حلقات بصل,OFFICIAL_LOCAL_KCAL,Burger King KSA menu (SFDA),,,,,,,,,,,,,NONE,HIGH,,,,,,,,,برجر كنج,Burger King,السعرات متاحة رسميًا على قائمة الفرع/التطبيق (إلزام SFDA منذ ١ يوليو ٢٠٢٥). الماكروز غير منشورة — تبقى فارغة.
QGAP-00493,NEEDS_HUMAN_REVIEW,الأصل العام موجود في قِمّة — يُحسم بشريًا إن كان المتغيّر يستحق صفًّا مستقلًا,برجر كنج - ميلك شيك,Burger King - Milkshake,برجر كنج,Burger King,Burger King,RESTAURANT,مطاعم,برجر,,,KSA,KSA,,VERY_HIGH,P1,EXISTS_GENERIC_ONLY,milkshake · ميلك شيك,OFFICIAL_LOCAL_KCAL,Burger King KSA menu (SFDA),,,,,,,,,,,,,NONE,HIGH,,,,,,,,,برجر كنج,Burger King,السعرات متاحة رسميًا على قائمة الفرع/التطبيق (إلزام SFDA منذ ١ يوليو ٢٠٢٥). الماكروز غير منشورة — تبقى فارغة.
QGAP-00522,NEEDS_HUMAN_REVIEW,الأصل العام موجود في قِمّة — يُحسم بشريًا إن كان المتغيّر يستحق صفًّا مستقلًا,هارديز - حلقات بصل,Hardee's - Onion rings,هارديز,Hardee's,Hardee's,RESTAURANT,مطاعم,برجر,,,KSA,KSA,,VERY_HIGH,P1,EXISTS_GENERIC_ONLY,onion-rings · حلقات بصل,OFFICIAL_LOCAL_KCAL,Hardee's Arabia menu (SFDA),,,,,,,,,,,,,NONE,HIGH,,,,,,,,,هارديز,Hardee's,السعرات متاحة رسميًا على قائمة الفرع/التطبيق (إلزام SFDA منذ ١ يوليو ٢٠٢٥). الماكروز غير منشورة — تبقى فارغة.
QGAP-00525,NEEDS_HUMAN_REVIEW,الأصل العام موجود في قِمّة — يُحسم بشريًا إن كان المتغيّر يستحق صفًّا مستقلًا,هارديز - ميلك شيك,Hardee's - Hand-scooped milkshake,هارديز,Hardee's,Hardee's,RESTAURANT,مطاعم,برجر,,,KSA,KSA,,VERY_HIGH,P1,EXISTS_GENERIC_ONLY,milkshake · ميلك شيك,OFFICIAL_LOCAL_KCAL,Hardee's Arabia menu (SFDA),,,,,,,,,,,,,NONE,HIGH,,,,,,,,,هارديز,Hardee's,السعرات متاحة رسميًا على قائمة الفرع/التطبيق (إلزام SFDA منذ ١ يوليو ٢٠٢٥). الماكروز غير منشورة — تبقى فارغة.
QGAP-00534,NEEDS_HUMAN_REVIEW,الأصل العام موجود في قِمّة — يُحسم بشريًا إن كان المتغيّر يستحق صفًّا مستقلًا,تكساس تشيكن - بطاطس مقلية,Texas Chicken - French fries,تكساس تشيكن,Texas Chicken,Texas Chicken,RESTAURANT,مطاعم,دجاج مقلي,,,KSA,KSA,,HIGH,P1,EXISTS_GENERIC_ONLY,fries · بطاطس مقلية,OFFICIAL_LOCAL_KCAL,Texas Chicken KSA menu (SFDA),,,,,,,,,,,,,NONE,HIGH,,,,,,,,,تكساس تشيكن,Texas Chicken,السعرات متاحة رسميًا على قائمة الفرع/التطبيق (إلزام SFDA منذ ١ يوليو ٢٠٢٥). الماكروز غير منشورة — تبقى فارغة.
QGAP-00579,NEEDS_HUMAN_REVIEW,الأصل العام موجود في قِمّة — يُحسم بشريًا إن كان المتغيّر يستحق صفًّا مستقلًا,بيتزا هت - سلطة,Pizza Hut - Salad,بيتزا هت,Pizza Hut,Pizza Hut,RESTAURANT,مطاعم,بيتزا,,,KSA,FOREIGN,,VERY_HIGH,P1,EXISTS_GENERIC_ONLY,pizza-slice · بيتزا,OFFICIAL_FOREIGN_MARKET,Pizza Hut corporate nutrition,,,,,,,,,,,,,NONE,HIGH,,,,,,,,,بيتزا هت,Pizza Hut,بيانات السوق الأجنبي فقط — تُوسم صراحةً ولا تُقدَّم كقيم سعودية.
QGAP-00600,NEEDS_HUMAN_REVIEW,الأصل العام موجود في قِمّة — يُحسم بشريًا إن كان المتغيّر يستحق صفًّا مستقلًا,فايف غايز - ميلك شيك,Five Guys - Milkshake,فايف غايز,Five Guys,Five Guys,RESTAURANT,مطاعم,برجر,,,KSA,FOREIGN,,MEDIUM,P1,EXISTS_GENERIC_ONLY,milkshake · ميلك شيك,OFFICIAL_FOREIGN_MARKET,Five Guys nutrition,,,,,,,,,,,,,NONE,HIGH,,,,,,,,,فايف غايز,Five Guys,بيانات السوق الأجنبي فقط — تُوسم صراحةً ولا تُقدَّم كقيم سعودية.
QGAP-00602,NEEDS_HUMAN_REVIEW,الأصل العام موجود في قِمّة — يُحسم بشريًا إن كان المتغيّر يستحق صفًّا مستقلًا,فايف غايز - هوت دوج بالجبن,Five Guys - Cheese dog,فايف غايز,Five Guys,Five Guys,RESTAURANT,مطاعم,برجر,,,KSA,FOREIGN,,MEDIUM,P1,EXISTS_GENERIC_ONLY,fiveguys-hotdog · فايف غايز - هوت دوج,OFFICIAL_FOREIGN_MARKET,Five Guys nutrition,,,,,,,,,,,,,NONE,HIGH,,,,,,,,,فايف غايز,Five Guys,بيانات السوق الأجنبي فقط — تُوسم صراحةً ولا تُقدَّم كقيم سعودية.
QGAP-00607,NEEDS_HUMAN_REVIEW,الأصل العام موجود في قِمّة — يُحسم بشريًا إن كان المتغيّر يستحق صفًّا مستقلًا,شيك شاك - بطاطس بالجبن,Shake Shack - Cheese fries,شيك شاك,Shake Shack,Shake Shack,RESTAURANT,مطاعم,برجر,,,KSA,FOREIGN,,MEDIUM,P1,EXISTS_GENERIC_ONLY,loaded-fries · بطاطس بالجبن,OFFICIAL_FOREIGN_MARKET,Shake Shack nutrition,,,,,,,,,,,,,NONE,HIGH,,,,,,,,,شيك شاك,Shake Shack,بيانات السوق الأجنبي فقط — تُوسم صراحةً ولا تُقدَّم كقيم سعودية.
QGAP-00609,NEEDS_HUMAN_REVIEW,الأصل العام موجود في قِمّة — يُحسم بشريًا إن كان المتغيّر يستحق صفًّا مستقلًا,شيك شاك - هوت دوج,Shake Shack - Hot dog,شيك شاك,Shake Shack,Shake Shack,RESTAURANT,مطاعم,برجر,,,KSA,FOREIGN,,MEDIUM,P1,EXISTS_GENERIC_ONLY,hotdog · هوت دوج,OFFICIAL_FOREIGN_MARKET,Shake Shack nutrition,,,,,,,,,,,,,NONE,HIGH,,,,,,,,,شيك شاك,Shake Shack,بيانات السوق الأجنبي فقط — تُوسم صراحةً ولا تُقدَّم كقيم سعودية.
QGAP-00622,NEEDS_HUMAN_REVIEW,الأصل العام موجود في قِمّة — يُحسم بشريًا إن كان المتغيّر يستحق صفًّا مستقلًا,ستاربكس - آيس سبانيش لاتيه,Starbucks - Iced Spanish Latte,ستاربكس,Starbucks,Starbucks,RESTAURANT,مطاعم,قهوة,,,KSA,KSA,,VERY_HIGH,P0,EXISTS_GENERIC_ONLY,spanish-latte · سبانش لاتيه,OFFICIAL_LOCAL_KCAL,Starbucks KSA menu (SFDA) — وصفات MENA تختلف عن أمريكا,,,,,,,,,,,,,NONE,HIGH,,,,,,,,,ستاربكس,Starbucks,السعرات متاحة رسميًا على قائمة الفرع/التطبيق (إلزام SFDA منذ ١ يوليو ٢٠٢٥). الماكروز غير منشورة — تبقى فارغة.
QGAP-00647,NEEDS_HUMAN_REVIEW,الأصل العام موجود في قِمّة — يُحسم بشريًا إن كان المتغيّر يستحق صفًّا مستقلًا,دانكن - كرواسون,Dunkin' - Croissant,دانكن,Dunkin',Dunkin',RESTAURANT,مطاعم,قهوة وحلويات,,,KSA,KSA,,VERY_HIGH,P1,EXISTS_GENERIC_ONLY,croissant · كرواسون,OFFICIAL_LOCAL_KCAL,Dunkin KSA menu (SFDA),,,,,,,,,,,,,NONE,HIGH,,,,,,,,,دانكن,Dunkin',السعرات متاحة رسميًا على قائمة الفرع/التطبيق (إلزام SFDA منذ ١ يوليو ٢٠٢٥). الماكروز غير منشورة — تبقى فارغة.
QGAP-00650,NEEDS_HUMAN_REVIEW,الأصل العام موجود في قِمّة — يُحسم بشريًا إن كان المتغيّر يستحق صفًّا مستقلًا,دانكن - كابتشينو,Dunkin' - Cappuccino,دانكن,Dunkin',Dunkin',RESTAURANT,مطاعم,قهوة وحلويات,,,KSA,KSA,,VERY_HIGH,P1,EXISTS_GENERIC_ONLY,cappuccino · كابتشينو,OFFICIAL_LOCAL_KCAL,Dunkin KSA menu (SFDA),,,,,,,,,,,,,NONE,HIGH,,,,,,,,,دانكن,Dunkin',السعرات متاحة رسميًا على قائمة الفرع/التطبيق (إلزام SFDA منذ ١ يوليو ٢٠٢٥). الماكروز غير منشورة — تبقى فارغة.
QGAP-00669,NEEDS_HUMAN_REVIEW,الأصل العام موجود في قِمّة — يُحسم بشريًا إن كان المتغيّر يستحق صفًّا مستقلًا,كوستا - لاتيه,Costa Coffee - Latte,كوستا,Costa Coffee,Costa Coffee,RESTAURANT,مطاعم,قهوة,,,KSA,FOREIGN,,VERY_HIGH,P1,EXISTS_GENERIC_ONLY,latte-plain · لاتيه,OFFICIAL_FOREIGN_MARKET,Costa UK nutrition,,,,,,,,,,,,,NONE,HIGH,,,,,,,,,كوستا,Costa Coffee,بيانات السوق الأجنبي فقط — تُوسم صراحةً ولا تُقدَّم كقيم سعودية.
QGAP-00670,NEEDS_HUMAN_REVIEW,الأصل العام موجود في قِمّة — يُحسم بشريًا إن كان المتغيّر يستحق صفًّا مستقلًا,كوستا - كابتشينو,Costa Coffee - Cappuccino,كوستا,Costa Coffee,Costa Coffee,RESTAURANT,مطاعم,قهوة,,,KSA,FOREIGN,,VERY_HIGH,P1,EXISTS_GENERIC_ONLY,cappuccino · كابتشينو,OFFICIAL_FOREIGN_MARKET,Costa UK nutrition,,,,,,,,,,,,,NONE,HIGH,,,,,,,,,كوستا,Costa Coffee,بيانات السوق الأجنبي فقط — تُوسم صراحةً ولا تُقدَّم كقيم سعودية.
QGAP-00675,NEEDS_HUMAN_REVIEW,الأصل العام موجود في قِمّة — يُحسم بشريًا إن كان المتغيّر يستحق صفًّا مستقلًا,كوستا - كرواسون,Costa Coffee - Croissant,كوستا,Costa Coffee,Costa Coffee,RESTAURANT,مطاعم,قهوة,,,KSA,FOREIGN,,VERY_HIGH,P1,EXISTS_GENERIC_ONLY,croissant · كرواسون,OFFICIAL_FOREIGN_MARKET,Costa UK nutrition,,,,,,,,,,,,,NONE,HIGH,,,,,,,,,كوستا,Costa Coffee,بيانات السوق الأجنبي فقط — تُوسم صراحةً ولا تُقدَّم كقيم سعودية.
QGAP-00688,NEEDS_HUMAN_REVIEW,الأصل العام موجود في قِمّة — يُحسم بشريًا إن كان المتغيّر يستحق صفًّا مستقلًا,دكتور كافيه - قهوة عربية,Dr.CAFE - Arabic coffee,دكتور كافيه,Dr.CAFE,Dr.CAFE,RESTAURANT,مطاعم,قهوة,,,KSA,KSA,,VERY_HIGH,P1,EXISTS_GENERIC_ONLY,arabic-coffee · قهوة عربية,OFFICIAL_LOCAL_KCAL,Dr.CAFE menu (SFDA),,,,,,,,,,,,,NONE,HIGH,,,,,,,,,دكتور كافيه,Dr.CAFE,السعرات متاحة رسميًا على قائمة الفرع/التطبيق (إلزام SFDA منذ ١ يوليو ٢٠٢٥). الماكروز غير منشورة — تبقى فارغة.
QGAP-00689,NEEDS_HUMAN_REVIEW,الأصل العام موجود في قِمّة — يُحسم بشريًا إن كان المتغيّر يستحق صفًّا مستقلًا,دكتور كافيه - لاتيه,Dr.CAFE - Latte,دكتور كافيه,Dr.CAFE,Dr.CAFE,RESTAURANT,مطاعم,قهوة,,,KSA,KSA,,VERY_HIGH,P1,EXISTS_GENERIC_ONLY,latte-plain · لاتيه,OFFICIAL_LOCAL_KCAL,Dr.CAFE menu (SFDA),,,,,,,,,,,,,NONE,HIGH,,,,,,,,,دكتور كافيه,Dr.CAFE,السعرات متاحة رسميًا على قائمة الفرع/التطبيق (إلزام SFDA منذ ١ يوليو ٢٠٢٥). الماكروز غير منشورة — تبقى فارغة.
QGAP-00690,NEEDS_HUMAN_REVIEW,الأصل العام موجود في قِمّة — يُحسم بشريًا إن كان المتغيّر يستحق صفًّا مستقلًا,دكتور كافيه - سبانش لاتيه,Dr.CAFE - Spanish latte,دكتور كافيه,Dr.CAFE,Dr.CAFE,RESTAURANT,مطاعم,قهوة,,,KSA,KSA,,VERY_HIGH,P1,EXISTS_GENERIC_ONLY,spanish-latte · سبانش لاتيه,OFFICIAL_LOCAL_KCAL,Dr.CAFE menu (SFDA),,,,,,,,,,,,,NONE,HIGH,,,,,,,,,دكتور كافيه,Dr.CAFE,السعرات متاحة رسميًا على قائمة الفرع/التطبيق (إلزام SFDA منذ ١ يوليو ٢٠٢٥). الماكروز غير منشورة — تبقى فارغة.
QGAP-00691,NEEDS_HUMAN_REVIEW,الأصل العام موجود في قِمّة — يُحسم بشريًا إن كان المتغيّر يستحق صفًّا مستقلًا,دكتور كافيه - كابتشينو,Dr.CAFE - Cappuccino,دكتور كافيه,Dr.CAFE,Dr.CAFE,RESTAURANT,مطاعم,قهوة,,,KSA,KSA,,VERY_HIGH,P1,EXISTS_GENERIC_ONLY,cappuccino · كابتشينو,OFFICIAL_LOCAL_KCAL,Dr.CAFE menu (SFDA),,,,,,,,,,,,,NONE,HIGH,,,,,,,,,دكتور كافيه,Dr.CAFE,السعرات متاحة رسميًا على قائمة الفرع/التطبيق (إلزام SFDA منذ ١ يوليو ٢٠٢٥). الماكروز غير منشورة — تبقى فارغة.
QGAP-00693,NEEDS_HUMAN_REVIEW,الأصل العام موجود في قِمّة — يُحسم بشريًا إن كان المتغيّر يستحق صفًّا مستقلًا,دكتور كافيه - أمريكانو,Dr.CAFE - Americano,دكتور كافيه,Dr.CAFE,Dr.CAFE,RESTAURANT,مطاعم,قهوة,,,KSA,KSA,,VERY_HIGH,P1,EXISTS_GENERIC_ONLY,americano · أمريكانو,OFFICIAL_LOCAL_KCAL,Dr.CAFE menu (SFDA),,,,,,,,,,,,,NONE,HIGH,,,,,,,,,دكتور كافيه,Dr.CAFE,السعرات متاحة رسميًا على قائمة الفرع/التطبيق (إلزام SFDA منذ ١ يوليو ٢٠٢٥). الماكروز غير منشورة — تبقى فارغة.
QGAP-00697,NEEDS_HUMAN_REVIEW,الأصل العام موجود في قِمّة — يُحسم بشريًا إن كان المتغيّر يستحق صفًّا مستقلًا,دكتور كافيه - كرواسون,Dr.CAFE - Croissant,دكتور كافيه,Dr.CAFE,Dr.CAFE,RESTAURANT,مطاعم,قهوة,,,KSA,KSA,,VERY_HIGH,P1,EXISTS_GENERIC_ONLY,croissant · كرواسون,OFFICIAL_LOCAL_KCAL,Dr.CAFE menu (SFDA),,,,,,,,,,,,,NONE,HIGH,,,,,,,,,دكتور كافيه,Dr.CAFE,السعرات متاحة رسميًا على قائمة الفرع/التطبيق (إلزام SFDA منذ ١ يوليو ٢٠٢٥). الماكروز غير منشورة — تبقى فارغة.
QGAP-00703,NEEDS_HUMAN_REVIEW,الأصل العام موجود في قِمّة — يُحسم بشريًا إن كان المتغيّر يستحق صفًّا مستقلًا,بارنز - سبانش لاتيه,Barn's - Spanish latte,بارنز,Barn's,Barn's,RESTAURANT,مطاعم,قهوة,,,KSA,KSA,,VERY_HIGH,P1,EXISTS_GENERIC_ONLY,spanish-latte · سبانش لاتيه,OFFICIAL_LOCAL_KCAL,Barn's app (SFDA),,,,,,,,,,,,,NONE,HIGH,,,,,,,,,بارنز,Barn's,السعرات متاحة رسميًا على قائمة الفرع/التطبيق (إلزام SFDA منذ ١ يوليو ٢٠٢٥). الماكروز غير منشورة — تبقى فارغة.
QGAP-00704,NEEDS_HUMAN_REVIEW,الأصل العام موجود في قِمّة — يُحسم بشريًا إن كان المتغيّر يستحق صفًّا مستقلًا,بارنز - لاتيه,Barn's - Latte,بارنز,Barn's,Barn's,RESTAURANT,مطاعم,قهوة,,,KSA,KSA,,VERY_HIGH,P1,EXISTS_GENERIC_ONLY,latte-plain · لاتيه,OFFICIAL_LOCAL_KCAL,Barn's app (SFDA),,,,,,,,,,,,,NONE,HIGH,,,,,,,,,بارنز,Barn's,السعرات متاحة رسميًا على قائمة الفرع/التطبيق (إلزام SFDA منذ ١ يوليو ٢٠٢٥). الماكروز غير منشورة — تبقى فارغة.
QGAP-00705,NEEDS_HUMAN_REVIEW,الأصل العام موجود في قِمّة — يُحسم بشريًا إن كان المتغيّر يستحق صفًّا مستقلًا,بارنز - أمريكانو,Barn's - Americano,بارنز,Barn's,Barn's,RESTAURANT,مطاعم,قهوة,,,KSA,KSA,,VERY_HIGH,P1,EXISTS_GENERIC_ONLY,americano · أمريكانو,OFFICIAL_LOCAL_KCAL,Barn's app (SFDA),,,,,,,,,,,,,NONE,HIGH,,,,,,,,,بارنز,Barn's,السعرات متاحة رسميًا على قائمة الفرع/التطبيق (إلزام SFDA منذ ١ يوليو ٢٠٢٥). الماكروز غير منشورة — تبقى فارغة.
QGAP-00706,NEEDS_HUMAN_REVIEW,الأصل العام موجود في قِمّة — يُحسم بشريًا إن كان المتغيّر يستحق صفًّا مستقلًا,بارنز - كابتشينو,Barn's - Cappuccino,بارنز,Barn's,Barn's,RESTAURANT,مطاعم,قهوة,,,KSA,KSA,,VERY_HIGH,P1,EXISTS_GENERIC_ONLY,cappuccino · كابتشينو,OFFICIAL_LOCAL_KCAL,Barn's app (SFDA),,,,,,,,,,,,,NONE,HIGH,,,,,,,,,بارنز,Barn's,السعرات متاحة رسميًا على قائمة الفرع/التطبيق (إلزام SFDA منذ ١ يوليو ٢٠٢٥). الماكروز غير منشورة — تبقى فارغة.
QGAP-00708,NEEDS_HUMAN_REVIEW,الأصل العام موجود في قِمّة — يُحسم بشريًا إن كان المتغيّر يستحق صفًّا مستقلًا,بارنز - آيس سبانش لاتيه,Barn's - Iced Spanish latte,بارنز,Barn's,Barn's,RESTAURANT,مطاعم,قهوة,,,KSA,KSA,,VERY_HIGH,P1,EXISTS_GENERIC_ONLY,spanish-latte · سبانش لاتيه,OFFICIAL_LOCAL_KCAL,Barn's app (SFDA),,,,,,,,,,,,,NONE,HIGH,,,,,,,,,بارنز,Barn's,السعرات متاحة رسميًا على قائمة الفرع/التطبيق (إلزام SFDA منذ ١ يوليو ٢٠٢٥). الماكروز غير منشورة — تبقى فارغة.
QGAP-00712,NEEDS_HUMAN_REVIEW,الأصل العام موجود في قِمّة — يُحسم بشريًا إن كان المتغيّر يستحق صفًّا مستقلًا,بارنز - كرواسون,Barn's - Croissant,بارنز,Barn's,Barn's,RESTAURANT,مطاعم,قهوة,,,KSA,KSA,,VERY_HIGH,P1,EXISTS_GENERIC_ONLY,croissant · كرواسون,OFFICIAL_LOCAL_KCAL,Barn's app (SFDA),,,,,,,,,,,,,NONE,HIGH,,,,,,,,,بارنز,Barn's,السعرات متاحة رسميًا على قائمة الفرع/التطبيق (إلزام SFDA منذ ١ يوليو ٢٠٢٥). الماكروز غير منشورة — تبقى فارغة.
QGAP-00717,NEEDS_HUMAN_REVIEW,الأصل العام موجود في قِمّة — يُحسم بشريًا إن كان المتغيّر يستحق صفًّا مستقلًا,هاف مليون - سبانش لاتيه,Half Million - Spanish latte,هاف مليون,Half Million,Half Million,RESTAURANT,مطاعم,قهوة,,,KSA,KSA,,VERY_HIGH,P1,EXISTS_GENERIC_ONLY,spanish-latte · سبانش لاتيه,OFFICIAL_LOCAL_KCAL,Half Million app (SFDA),,,,,,,,,,,,,NONE,HIGH,,,,,,,,,هاف مليون,Half Million,السعرات متاحة رسميًا على قائمة الفرع/التطبيق (إلزام SFDA منذ ١ يوليو ٢٠٢٥). الماكروز غير منشورة — تبقى فارغة.
QGAP-00724,NEEDS_HUMAN_REVIEW,الأصل العام موجود في قِمّة — يُحسم بشريًا إن كان المتغيّر يستحق صفًّا مستقلًا,هاف مليون - كرواسون,Half Million - Croissant,هاف مليون,Half Million,Half Million,RESTAURANT,مطاعم,قهوة,,,KSA,KSA,,VERY_HIGH,P1,EXISTS_GENERIC_ONLY,croissant · كرواسون,OFFICIAL_LOCAL_KCAL,Half Million app (SFDA),,,,,,,,,,,,,NONE,HIGH,,,,,,,,,هاف مليون,Half Million,السعرات متاحة رسميًا على قائمة الفرع/التطبيق (إلزام SFDA منذ ١ يوليو ٢٠٢٥). الماكروز غير منشورة — تبقى فارغة.
QGAP-00733,NEEDS_HUMAN_REVIEW,الأصل العام موجود في قِمّة — يُحسم بشريًا إن كان المتغيّر يستحق صفًّا مستقلًا,اوفردوز - سبانش لاتيه,Overdose Coffee - Spanish latte,اوفردوز,Overdose Coffee,Overdose Coffee,RESTAURANT,مطاعم,قهوة,,,KSA,KSA,,HIGH,P1,EXISTS_GENERIC_ONLY,spanish-latte · سبانش لاتيه,OFFICIAL_LOCAL_KCAL,Overdose menu (SFDA),,,,,,,,,,,,,NONE,HIGH,,,,,,,,,اوفردوز,Overdose Coffee,السعرات متاحة رسميًا على قائمة الفرع/التطبيق (إلزام SFDA منذ ١ يوليو ٢٠٢٥). الماكروز غير منشورة — تبقى فارغة.
QGAP-00738,NEEDS_HUMAN_REVIEW,الأصل العام موجود في قِمّة — يُحسم بشريًا إن كان المتغيّر يستحق صفًّا مستقلًا,اوفردوز - كرواسون,Overdose Coffee - Croissant,اوفردوز,Overdose Coffee,Overdose Coffee,RESTAURANT,مطاعم,قهوة,,,KSA,KSA,,HIGH,P1,EXISTS_GENERIC_ONLY,croissant · كرواسون,OFFICIAL_LOCAL_KCAL,Overdose menu (SFDA),,,,,,,,,,,,,NONE,HIGH,,,,,,,,,اوفردوز,Overdose Coffee,السعرات متاحة رسميًا على قائمة الفرع/التطبيق (إلزام SFDA منذ ١ يوليو ٢٠٢٥). الماكروز غير منشورة — تبقى فارغة.
QGAP-00746,NEEDS_HUMAN_REVIEW,الأصل العام موجود في قِمّة — يُحسم بشريًا إن كان المتغيّر يستحق صفًّا مستقلًا,كرسبي كريم - ميلك شيك,Krispy Kreme - Milkshake,كرسبي كريم,Krispy Kreme,Krispy Kreme,RESTAURANT,مطاعم,حلويات,,,KSA,KSA,,VERY_HIGH,P1,EXISTS_GENERIC_ONLY,milkshake · ميلك شيك,OFFICIAL_LOCAL_KCAL,Krispy Kreme KSA menu (SFDA),,,,,,,,,,,,,NONE,HIGH,,,,,,,,,كرسبي كريم,Krispy Kreme,السعرات متاحة رسميًا على قائمة الفرع/التطبيق (إلزام SFDA منذ ١ يوليو ٢٠٢٥). الماكروز غير منشورة — تبقى فارغة.
QGAP-00754,NEEDS_HUMAN_REVIEW,الأصل العام موجود في قِمّة — يُحسم بشريًا إن كان المتغيّر يستحق صفًّا مستقلًا,باسكن روبنز - ميلك شيك شوكولاتة,Baskin Robbins - Chocolate milkshake,باسكن روبنز,Baskin Robbins,Baskin Robbins,RESTAURANT,مطاعم,حلويات,,,KSA,FOREIGN,,VERY_HIGH,P1,EXISTS_GENERIC_ONLY,baskin-milkshake · باسكن روبنز - ميلك شيك,OFFICIAL_FOREIGN_MARKET,Baskin Robbins nutrition,,,,,,,,,,,,,NONE,HIGH,,,,,,,,,باسكن روبنز,Baskin Robbins,بيانات السوق الأجنبي فقط — تُوسم صراحةً ولا تُقدَّم كقيم سعودية.
QGAP-00761,NEEDS_HUMAN_REVIEW,الأصل العام موجود في قِمّة — يُحسم بشريًا إن كان المتغيّر يستحق صفًّا مستقلًا,سعد الدين - معمول تمر,Saadeddin - Date maamoul,سعد الدين,Saadeddin,Saadeddin,RESTAURANT,مطاعم,حلويات,,,KSA,KSA,,HIGH,P1,EXISTS_GENERIC_ONLY,maamoul-dates · معمول تمر,OFFICIAL_LOCAL_KCAL,Saadeddin menu (SFDA),,,,,,,,,,,,,NONE,HIGH,,,,,,,,,سعد الدين,Saadeddin,السعرات متاحة رسميًا على قائمة الفرع/التطبيق (إلزام SFDA منذ ١ يوليو ٢٠٢٥). الماكروز غير منشورة — تبقى فارغة.
QGAP-00762,NEEDS_HUMAN_REVIEW,الأصل العام موجود في قِمّة — يُحسم بشريًا إن كان المتغيّر يستحق صفًّا مستقلًا,سعد الدين - بسبوسة,Saadeddin - Basbousa,سعد الدين,Saadeddin,Saadeddin,RESTAURANT,مطاعم,حلويات,,,KSA,KSA,,HIGH,P1,EXISTS_GENERIC_ONLY,basbousa · بسبوسة,OFFICIAL_LOCAL_KCAL,Saadeddin menu (SFDA),,,,,,,,,,,,,NONE,HIGH,,,,,,,,,سعد الدين,Saadeddin,السعرات متاحة رسميًا على قائمة الفرع/التطبيق (إلزام SFDA منذ ١ يوليو ٢٠٢٥). الماكروز غير منشورة — تبقى فارغة.
QGAP-00767,NEEDS_HUMAN_REVIEW,الأصل العام موجود في قِمّة — يُحسم بشريًا إن كان المتغيّر يستحق صفًّا مستقلًا,تشيليز - فاهيتا دجاج,Chili's - Chicken fajitas,تشيليز,Chili's,Chili's,RESTAURANT,مطاعم,مطاعم عائلية,,,KSA,FOREIGN,,MEDIUM,P2,EXISTS_GENERIC_ONLY,fajita-chicken · فاهيتا دجاج,OFFICIAL_FOREIGN_MARKET,Chili's US nutrition,,,,,,,,,,,,,NONE,HIGH,,,,,,,,,تشيليز,Chili's,بيانات السوق الأجنبي فقط — تُوسم صراحةً ولا تُقدَّم كقيم سعودية.
QGAP-00789,NEEDS_HUMAN_REVIEW,الأصل العام موجود في قِمّة — يُحسم بشريًا إن كان المتغيّر يستحق صفًّا مستقلًا,نandوز - برجر دجاج,Nando's - Chicken burger,نandوز,Nando's,Nando's,RESTAURANT,مطاعم,دجاج مشوي,,,KSA,FOREIGN,,HIGH,P1,EXISTS_GENERIC_ONLY,chicken-burger · برجر دجاج,OFFICIAL_FOREIGN_MARKET,Nando's UK nutrition,,,,,,,,,,,,,NONE,HIGH,,,,,,,,,نandوز,Nando's,بيانات السوق الأجنبي فقط — تُوسم صراحةً ولا تُقدَّم كقيم سعودية.
QGAP-00795,NEEDS_HUMAN_REVIEW,الأصل العام موجود في قِمّة — يُحسم بشريًا إن كان المتغيّر يستحق صفًّا مستقلًا,كبابجي - شيش طاووق,Kababji - Shish tawook,كبابجي,Kababji,Kababji,RESTAURANT,مطاعم,مشاوي,,,KSA,KSA,,HIGH,P1,EXISTS_GENERIC_ONLY,shish-tawook-meal · شيش طاووق,OFFICIAL_LOCAL_KCAL,Kababji menu (SFDA),,,,,,,,,,,,,NONE,HIGH,,,,,,,,,كبابجي,Kababji,السعرات متاحة رسميًا على قائمة الفرع/التطبيق (إلزام SFDA منذ ١ يوليو ٢٠٢٥). الماكروز غير منشورة — تبقى فارغة.
QGAP-00796,NEEDS_HUMAN_REVIEW,الأصل العام موجود في قِمّة — يُحسم بشريًا إن كان المتغيّر يستحق صفًّا مستقلًا,كبابجي - كباب لحم,Kababji - Lamb kebab,كبابجي,Kababji,Kababji,RESTAURANT,مطاعم,مشاوي,,,KSA,KSA,,HIGH,P1,EXISTS_GENERIC_ONLY,kabab · كباب لحم,OFFICIAL_LOCAL_KCAL,Kababji menu (SFDA),,,,,,,,,,,,,NONE,HIGH,,,,,,,,,كبابجي,Kababji,السعرات متاحة رسميًا على قائمة الفرع/التطبيق (إلزام SFDA منذ ١ يوليو ٢٠٢٥). الماكروز غير منشورة — تبقى فارغة.
QGAP-00798,NEEDS_HUMAN_REVIEW,الأصل العام موجود في قِمّة — يُحسم بشريًا إن كان المتغيّر يستحق صفًّا مستقلًا,كبابجي - حمص,Kababji - Hummus,كبابجي,Kababji,Kababji,RESTAURANT,مطاعم,مشاوي,,,KSA,KSA,,HIGH,P1,EXISTS_GENERIC_ONLY,gcc-21 · حمّص بالطحينة,OFFICIAL_LOCAL_KCAL,Kababji menu (SFDA),,,,,,,,,,,,,NONE,HIGH,,,,,,,,,كبابجي,Kababji,السعرات متاحة رسميًا على قائمة الفرع/التطبيق (إلزام SFDA منذ ١ يوليو ٢٠٢٥). الماكروز غير منشورة — تبقى فارغة.
QGAP-00800,NEEDS_HUMAN_REVIEW,الأصل العام موجود في قِمّة — يُحسم بشريًا إن كان المتغيّر يستحق صفًّا مستقلًا,كبابجي - تبولة,Kababji - Tabbouleh,كبابجي,Kababji,Kababji,RESTAURANT,مطاعم,مشاوي,,,KSA,KSA,,HIGH,P1,EXISTS_GENERIC_ONLY,tabbouleh · تبولة,OFFICIAL_LOCAL_KCAL,Kababji menu (SFDA),,,,,,,,,,,,,NONE,HIGH,,,,,,,,,كبابجي,Kababji,السعرات متاحة رسميًا على قائمة الفرع/التطبيق (إلزام SFDA منذ ١ يوليو ٢٠٢٥). الماكروز غير منشورة — تبقى فارغة.
QGAP-00801,NEEDS_HUMAN_REVIEW,الأصل العام موجود في قِمّة — يُحسم بشريًا إن كان المتغيّر يستحق صفًّا مستقلًا,كبابجي - فتوش,Kababji - Fattoush,كبابجي,Kababji,Kababji,RESTAURANT,مطاعم,مشاوي,,,KSA,KSA,,HIGH,P1,EXISTS_GENERIC_ONLY,fattoush · فتوش,OFFICIAL_LOCAL_KCAL,Kababji menu (SFDA),,,,,,,,,,,,,NONE,HIGH,,,,,,,,,كبابجي,Kababji,السعرات متاحة رسميًا على قائمة الفرع/التطبيق (إلزام SFDA منذ ١ يوليو ٢٠٢٥). الماكروز غير منشورة — تبقى فارغة.
QGAP-00805,NEEDS_HUMAN_REVIEW,الأصل العام موجود في قِمّة — يُحسم بشريًا إن كان المتغيّر يستحق صفًّا مستقلًا,زعتر وزيت - مناقيش زعتر,Zaatar w Zeit - Zaatar manakish,زعتر وزيت,Zaatar w Zeit,Zaatar w Zeit,RESTAURANT,مطاعم,فطور,,,KSA,KSA,,HIGH,P1,EXISTS_GENERIC_ONLY,manakish-zaatar · مناقيش زعتر,OFFICIAL_LOCAL_KCAL,Zaatar w Zeit menu (SFDA),,,,,,,,,,,,,NONE,HIGH,,,,,,,,,زعتر وزيت,Zaatar w Zeit,السعرات متاحة رسميًا على قائمة الفرع/التطبيق (إلزام SFDA منذ ١ يوليو ٢٠٢٥). الماكروز غير منشورة — تبقى فارغة.
QGAP-00806,NEEDS_HUMAN_REVIEW,الأصل العام موجود في قِمّة — يُحسم بشريًا إن كان المتغيّر يستحق صفًّا مستقلًا,زعتر وزيت - مناقيش جبن,Zaatar w Zeit - Cheese manakish,زعتر وزيت,Zaatar w Zeit,Zaatar w Zeit,RESTAURANT,مطاعم,فطور,,,KSA,KSA,,HIGH,P1,EXISTS_GENERIC_ONLY,manakish-cheese · مناقيش جبن,OFFICIAL_LOCAL_KCAL,Zaatar w Zeit menu (SFDA),,,,,,,,,,,,,NONE,HIGH,,,,,,,,,زعتر وزيت,Zaatar w Zeit,السعرات متاحة رسميًا على قائمة الفرع/التطبيق (إلزام SFDA منذ ١ يوليو ٢٠٢٥). الماكروز غير منشورة — تبقى فارغة.
QGAP-00809,NEEDS_HUMAN_REVIEW,الأصل العام موجود في قِمّة — يُحسم بشريًا إن كان المتغيّر يستحق صفًّا مستقلًا,زعتر وزيت - شكشوكة,Zaatar w Zeit - Shakshouka,زعتر وزيت,Zaatar w Zeit,Zaatar w Zeit,RESTAURANT,مطاعم,فطور,,,KSA,KSA,,HIGH,P1,EXISTS_GENERIC_ONLY,shakshouka · شكشوكة,OFFICIAL_LOCAL_KCAL,Zaatar w Zeit menu (SFDA),,,,,,,,,,,,,NONE,HIGH,,,,,,,,,زعتر وزيت,Zaatar w Zeit,السعرات متاحة رسميًا على قائمة الفرع/التطبيق (إلزام SFDA منذ ١ يوليو ٢٠٢٥). الماكروز غير منشورة — تبقى فارغة.
QGAP-00814,NEEDS_HUMAN_REVIEW,الأصل العام موجود في قِمّة — يُحسم بشريًا إن كان المتغيّر يستحق صفًّا مستقلًا,زعتر وزيت - عصير ليمون نعناع,Zaatar w Zeit - Lemonade with mint,زعتر وزيت,Zaatar w Zeit,Zaatar w Zeit,RESTAURANT,مطاعم,فطور,,,KSA,KSA,,HIGH,P1,EXISTS_GENERIC_ONLY,lemon-mint · ليمون نعناع,OFFICIAL_LOCAL_KCAL,Zaatar w Zeit menu (SFDA),,,,,,,,,,,,,NONE,HIGH,,,,,,,,,زعتر وزيت,Zaatar w Zeit,السعرات متاحة رسميًا على قائمة الفرع/التطبيق (إلزام SFDA منذ ١ يوليو ٢٠٢٥). الماكروز غير منشورة — تبقى فارغة.
QGAP-00815,NEEDS_HUMAN_REVIEW,الأصل العام موجود في قِمّة — يُحسم بشريًا إن كان المتغيّر يستحق صفًّا مستقلًا,بول - كرواسون بالزبدة,Paul - Butter croissant,بول,Paul,Paul,RESTAURANT,مطاعم,مخبوزات,,,KSA,KSA,,MEDIUM,P2,EXISTS_GENERIC_ONLY,croissant · كرواسون,OFFICIAL_LOCAL_KCAL,Paul KSA menu (SFDA),,,,,,,,,,,,,NONE,HIGH,,,,,,,,,بول,Paul,السعرات متاحة رسميًا على قائمة الفرع/التطبيق (إلزام SFDA منذ ١ يوليو ٢٠٢٥). الماكروز غير منشورة — تبقى فارغة.
QGAP-00833,NEEDS_HUMAN_REVIEW,الأصل العام موجود في قِمّة — يُحسم بشريًا إن كان المتغيّر يستحق صفًّا مستقلًا,كالو - وجبة لحم مع بطاطا,Calo - Beef with sweet potato,كالو,Calo,Calo,RESTAURANT,مطاعم,وجبات صحية,,,KSA,KSA,,VERY_HIGH,P0,EXISTS_GENERIC_ONLY,sweet-potato · بطاطا حلوة,OFFICIAL_LOCAL,Calo app — ينشر ماكروز كاملة لكل وجبة,,,,,,,,,,,,,NONE,HIGH,,,,,,,,,كالو,Calo,
QGAP-00841,NEEDS_HUMAN_REVIEW,الأصل العام موجود في قِمّة — يُحسم بشريًا إن كان المتغيّر يستحق صفًّا مستقلًا,رايت بايت - وجبة دجاج مشوي,Right Bite - Grilled chicken meal,رايت بايت,Right Bite,Right Bite,RESTAURANT,مطاعم,وجبات صحية,,,KSA,KSA,,HIGH,P1,EXISTS_GENERIC_ONLY,grilled-chicken-meal · دجاج مشوي وجبة مطعم,OFFICIAL_LOCAL,Right Bite — ماكروز كاملة,,,,,,,,,,,,,NONE,HIGH,,,,,,,,,رايت بايت,Right Bite,
QGAP-00857,NEEDS_HUMAN_REVIEW,الأصل العام موجود في قِمّة — يُحسم بشريًا إن كان المتغيّر يستحق صفًّا مستقلًا,بيت الشاورما - شاورما دجاج,Shawaya House - Chicken shawarma,بيت الشاورما,Shawaya House,Shawaya House,RESTAURANT,مطاعم,مشاوي,,,KSA,KSA,,HIGH,P1,EXISTS_GENERIC_ONLY,shawarma-chicken · شاورما دجاج,OFFICIAL_LOCAL_KCAL,Shawaya House menu (SFDA),,,,,,,,,,,,,NONE,HIGH,,,,,,,,,بيت الشاورما,Shawaya House,السعرات متاحة رسميًا على قائمة الفرع/التطبيق (إلزام SFDA منذ ١ يوليو ٢٠٢٥). الماكروز غير منشورة — تبقى فارغة.
QGAP-00864,NEEDS_HUMAN_REVIEW,الأصل العام موجود في قِمّة — يُحسم بشريًا إن كان المتغيّر يستحق صفًّا مستقلًا,الإيوان - كبسة دجاج,Al Ewwan - Chicken kabsa,الإيوان,Al Ewwan,Al Ewwan,RESTAURANT,مطاعم,أكل سعودي,,,KSA,KSA,,HIGH,P1,EXISTS_GENERIC_ONLY,kabsa-chicken · كبسة دجاج,OFFICIAL_LOCAL_KCAL,Al Ewwan menu (SFDA),,,,,,,,,,,,,NONE,HIGH,,,,,,,,,الإيوان,Al Ewwan,السعرات متاحة رسميًا على قائمة الفرع/التطبيق (إلزام SFDA منذ ١ يوليو ٢٠٢٥). الماكروز غير منشورة — تبقى فارغة.
QGAP-00865,NEEDS_HUMAN_REVIEW,الأصل العام موجود في قِمّة — يُحسم بشريًا إن كان المتغيّر يستحق صفًّا مستقلًا,الإيوان - مندي لحم,Al Ewwan - Lamb mandi,الإيوان,Al Ewwan,Al Ewwan,RESTAURANT,مطاعم,أكل سعودي,,,KSA,KSA,,HIGH,P1,EXISTS_GENERIC_ONLY,mandi-lamb · مندي لحم,OFFICIAL_LOCAL_KCAL,Al Ewwan menu (SFDA),,,,,,,,,,,,,NONE,HIGH,,,,,,,,,الإيوان,Al Ewwan,السعرات متاحة رسميًا على قائمة الفرع/التطبيق (إلزام SFDA منذ ١ يوليو ٢٠٢٥). الماكروز غير منشورة — تبقى فارغة.
QGAP-00868,NEEDS_HUMAN_REVIEW,الأصل العام موجود في قِمّة — يُحسم بشريًا إن كان المتغيّر يستحق صفًّا مستقلًا,الإيوان - جريش,Al Ewwan - Jareesh,الإيوان,Al Ewwan,Al Ewwan,RESTAURANT,مطاعم,أكل سعودي,,,KSA,KSA,,HIGH,P1,EXISTS_GENERIC_ONLY,jareesh · جريش,OFFICIAL_LOCAL_KCAL,Al Ewwan menu (SFDA),,,,,,,,,,,,,NONE,HIGH,,,,,,,,,الإيوان,Al Ewwan,السعرات متاحة رسميًا على قائمة الفرع/التطبيق (إلزام SFDA منذ ١ يوليو ٢٠٢٥). الماكروز غير منشورة — تبقى فارغة.
QGAP-00869,NEEDS_HUMAN_REVIEW,الأصل العام موجود في قِمّة — يُحسم بشريًا إن كان المتغيّر يستحق صفًّا مستقلًا,الإيوان - سمبوسة,Al Ewwan - Samosa,الإيوان,Al Ewwan,Al Ewwan,RESTAURANT,مطاعم,أكل سعودي,,,KSA,KSA,,HIGH,P1,EXISTS_GENERIC_ONLY,samosa · سمبوسة,OFFICIAL_LOCAL_KCAL,Al Ewwan menu (SFDA),,,,,,,,,,,,,NONE,HIGH,,,,,,,,,الإيوان,Al Ewwan,السعرات متاحة رسميًا على قائمة الفرع/التطبيق (إلزام SFDA منذ ١ يوليو ٢٠٢٥). الماكروز غير منشورة — تبقى فارغة.
QGAP-00870,NEEDS_HUMAN_REVIEW,الأصل العام موجود في قِمّة — يُحسم بشريًا إن كان المتغيّر يستحق صفًّا مستقلًا,الإيوان - لقيمات,Al Ewwan - Luqaimat,الإيوان,Al Ewwan,Al Ewwan,RESTAURANT,مطاعم,أكل سعودي,,,KSA,KSA,,HIGH,P1,EXISTS_GENERIC_ONLY,luqaimat · لقيمات,OFFICIAL_LOCAL_KCAL,Al Ewwan menu (SFDA),,,,,,,,,,,,,NONE,HIGH,,,,,,,,,الإيوان,Al Ewwan,السعرات متاحة رسميًا على قائمة الفرع/التطبيق (إلزام SFDA منذ ١ يوليو ٢٠٢٥). الماكروز غير منشورة — تبقى فارغة.
QGAP-00872,NEEDS_HUMAN_REVIEW,الأصل العام موجود في قِمّة — يُحسم بشريًا إن كان المتغيّر يستحق صفًّا مستقلًا,بيت المندي - مندي دجاج,Bait Al Mandi - Chicken mandi,بيت المندي,Bait Al Mandi,Bait Al Mandi,RESTAURANT,مطاعم,أكل سعودي,,,KSA,KSA,,VERY_HIGH,P1,EXISTS_GENERIC_ONLY,mandi-chicken · مندي دجاج,OFFICIAL_LOCAL_KCAL,Bait Al Mandi menu (SFDA),,,,,,,,,,,,,NONE,HIGH,,,,,,,,,بيت المندي,Bait Al Mandi,السعرات متاحة رسميًا على قائمة الفرع/التطبيق (إلزام SFDA منذ ١ يوليو ٢٠٢٥). الماكروز غير منشورة — تبقى فارغة.
QGAP-00873,NEEDS_HUMAN_REVIEW,الأصل العام موجود في قِمّة — يُحسم بشريًا إن كان المتغيّر يستحق صفًّا مستقلًا,بيت المندي - مندي لحم,Bait Al Mandi - Lamb mandi,بيت المندي,Bait Al Mandi,Bait Al Mandi,RESTAURANT,مطاعم,أكل سعودي,,,KSA,KSA,,VERY_HIGH,P1,EXISTS_GENERIC_ONLY,mandi-lamb · مندي لحم,OFFICIAL_LOCAL_KCAL,Bait Al Mandi menu (SFDA),,,,,,,,,,,,,NONE,HIGH,,,,,,,,,بيت المندي,Bait Al Mandi,السعرات متاحة رسميًا على قائمة الفرع/التطبيق (إلزام SFDA منذ ١ يوليو ٢٠٢٥). الماكروز غير منشورة — تبقى فارغة.
QGAP-00874,NEEDS_HUMAN_REVIEW,الأصل العام موجود في قِمّة — يُحسم بشريًا إن كان المتغيّر يستحق صفًّا مستقلًا,بيت المندي - مضغوط دجاج,Bait Al Mandi - Chicken madghoot,بيت المندي,Bait Al Mandi,Bait Al Mandi,RESTAURANT,مطاعم,أكل سعودي,,,KSA,KSA,,VERY_HIGH,P1,EXISTS_GENERIC_ONLY,madghoot-chicken · مضغوط دجاج,OFFICIAL_LOCAL_KCAL,Bait Al Mandi menu (SFDA),,,,,,,,,,,,,NONE,HIGH,,,,,,,,,بيت المندي,Bait Al Mandi,السعرات متاحة رسميًا على قائمة الفرع/التطبيق (إلزام SFDA منذ ١ يوليو ٢٠٢٥). الماكروز غير منشورة — تبقى فارغة.
QGAP-00884,NEEDS_HUMAN_REVIEW,الأصل العام موجود في قِمّة — يُحسم بشريًا إن كان المتغيّر يستحق صفًّا مستقلًا,قرية نجد - مطازيز,Najd Village - Matazeez,قرية نجد,Najd Village,Najd Village,RESTAURANT,مطاعم,أكل سعودي,,,KSA,KSA,,HIGH,P1,EXISTS_GENERIC_ONLY,matazeez · مطازيز,OFFICIAL_LOCAL_KCAL,Najd Village menu (SFDA),,,,,,,,,,,,,NONE,HIGH,,,,,,,,,قرية نجد,Najd Village,السعرات متاحة رسميًا على قائمة الفرع/التطبيق (إلزام SFDA منذ ١ يوليو ٢٠٢٥). الماكروز غير منشورة — تبقى فارغة.
QGAP-00886,NEEDS_HUMAN_REVIEW,الأصل العام موجود في قِمّة — يُحسم بشريًا إن كان المتغيّر يستحق صفًّا مستقلًا,قرية نجد - قهوة عربية وتمر,Najd Village - Arabic coffee and dates,قرية نجد,Najd Village,Najd Village,RESTAURANT,مطاعم,أكل سعودي,,,KSA,KSA,,HIGH,P1,EXISTS_GENERIC_ONLY,arabic-coffee · قهوة عربية,OFFICIAL_LOCAL_KCAL,Najd Village menu (SFDA),,,,,,,,,,,,,NONE,HIGH,,,,,,,,,قرية نجد,Najd Village,السعرات متاحة رسميًا على قائمة الفرع/التطبيق (إلزام SFDA منذ ١ يوليو ٢٠٢٥). الماكروز غير منشورة — تبقى فارغة.
QGAP-00890,NEEDS_HUMAN_REVIEW,الأصل العام موجود في قِمّة — يُحسم بشريًا إن كان المتغيّر يستحق صفًّا مستقلًا,همبرجري - برجر دجاج,Hamburgini - Chicken burger,همبرجري,Hamburgini,Hamburgini,RESTAURANT,مطاعم,برجر,,,KSA,KSA,,HIGH,P1,EXISTS_GENERIC_ONLY,chicken-burger · برجر دجاج,OFFICIAL_LOCAL_KCAL,Hamburgini menu (SFDA),,,,,,,,,,,,,NONE,HIGH,,,,,,,,,همبرجري,Hamburgini,السعرات متاحة رسميًا على قائمة الفرع/التطبيق (إلزام SFDA منذ ١ يوليو ٢٠٢٥). الماكروز غير منشورة — تبقى فارغة.
QGAP-00892,NEEDS_HUMAN_REVIEW,الأصل العام موجود في قِمّة — يُحسم بشريًا إن كان المتغيّر يستحق صفًّا مستقلًا,همبرجري - ميلك شيك,Hamburgini - Milkshake,همبرجري,Hamburgini,Hamburgini,RESTAURANT,مطاعم,برجر,,,KSA,KSA,,HIGH,P1,EXISTS_GENERIC_ONLY,milkshake · ميلك شيك,OFFICIAL_LOCAL_KCAL,Hamburgini menu (SFDA),,,,,,,,,,,,,NONE,HIGH,,,,,,,,,همبرجري,Hamburgini,السعرات متاحة رسميًا على قائمة الفرع/التطبيق (إلزام SFDA منذ ١ يوليو ٢٠٢٥). الماكروز غير منشورة — تبقى فارغة.
QGAP-00894,NEEDS_HUMAN_REVIEW,الأصل العام موجود في قِمّة — يُحسم بشريًا إن كان المتغيّر يستحق صفًّا مستقلًا,جان برجر - برجر دجاج,Jan Burger - Chicken burger,جان برجر,Jan Burger,Jan Burger,RESTAURANT,مطاعم,برجر,,,KSA,KSA,,HIGH,P1,EXISTS_GENERIC_ONLY,chicken-burger · برجر دجاج,OFFICIAL_LOCAL_KCAL,Jan Burger menu (SFDA),,,,,,,,,,,,,NONE,HIGH,,,,,,,,,جان برجر,Jan Burger,السعرات متاحة رسميًا على قائمة الفرع/التطبيق (إلزام SFDA منذ ١ يوليو ٢٠٢٥). الماكروز غير منشورة — تبقى فارغة.
QGAP-00900,NEEDS_HUMAN_REVIEW,الأصل العام موجود في قِمّة — يُحسم بشريًا إن كان المتغيّر يستحق صفًّا مستقلًا,كيفا - عصير مانجو طازج,Kaifa Juice - Fresh mango juice,كيفا,Kaifa Juice,Kaifa Juice,RESTAURANT,مطاعم,عصائر,,,KSA,KSA,,HIGH,P1,EXISTS_GENERIC_ONLY,mango-juice · عصير مانجو,OFFICIAL_LOCAL_KCAL,Kaifa menu (SFDA),,,,,,,,,,,,,NONE,HIGH,,,,,,,,,كيفا,Kaifa Juice,السعرات متاحة رسميًا على قائمة الفرع/التطبيق (إلزام SFDA منذ ١ يوليو ٢٠٢٥). الماكروز غير منشورة — تبقى فارغة.
QGAP-00901,NEEDS_HUMAN_REVIEW,الأصل العام موجود في قِمّة — يُحسم بشريًا إن كان المتغيّر يستحق صفًّا مستقلًا,كيفا - عصير أفوكادو,Kaifa Juice - Avocado juice,كيفا,Kaifa Juice,Kaifa Juice,RESTAURANT,مطاعم,عصائر,,,KSA,KSA,,HIGH,P1,EXISTS_GENERIC_ONLY,avocado · أفوكادو,OFFICIAL_LOCAL_KCAL,Kaifa menu (SFDA),,,,,,,,,,,,,NONE,HIGH,,,,,,,,,كيفا,Kaifa Juice,السعرات متاحة رسميًا على قائمة الفرع/التطبيق (إلزام SFDA منذ ١ يوليو ٢٠٢٥). الماكروز غير منشورة — تبقى فارغة.
QGAP-00903,NEEDS_HUMAN_REVIEW,الأصل العام موجود في قِمّة — يُحسم بشريًا إن كان المتغيّر يستحق صفًّا مستقلًا,كيفا - عصير برتقال طازج,Kaifa Juice - Fresh orange juice,كيفا,Kaifa Juice,Kaifa Juice,RESTAURANT,مطاعم,عصائر,,,KSA,KSA,,HIGH,P1,EXISTS_GENERIC_ONLY,orange-juice · عصير برتقال,OFFICIAL_LOCAL_KCAL,Kaifa menu (SFDA),,,,,,,,,,,,,NONE,HIGH,,,,,,,,,كيفا,Kaifa Juice,السعرات متاحة رسميًا على قائمة الفرع/التطبيق (إلزام SFDA منذ ١ يوليو ٢٠٢٥). الماكروز غير منشورة — تبقى فارغة.
QGAP-00905,NEEDS_HUMAN_REVIEW,الأصل العام موجود في قِمّة — يُحسم بشريًا إن كان المتغيّر يستحق صفًّا مستقلًا,كيفا - عصير رمان,Kaifa Juice - Pomegranate juice,كيفا,Kaifa Juice,Kaifa Juice,RESTAURANT,مطاعم,عصائر,,,KSA,KSA,,HIGH,P1,EXISTS_GENERIC_ONLY,pomegranate-juice · عصير رمان,OFFICIAL_LOCAL_KCAL,Kaifa menu (SFDA),,,,,,,,,,,,,NONE,HIGH,,,,,,,,,كيفا,Kaifa Juice,السعرات متاحة رسميًا على قائمة الفرع/التطبيق (إلزام SFDA منذ ١ يوليو ٢٠٢٥). الماكروز غير منشورة — تبقى فارغة.
QGAP-00907,NEEDS_HUMAN_REVIEW,الأصل العام موجود في قِمّة — يُحسم بشريًا إن كان المتغيّر يستحق صفًّا مستقلًا,تميس البخاري - تميس بالجبن,Tamees Al Bukhari - Cheese tameez,تميس البخاري,Tamees Al Bukhari,Tamees Al Bukhari,RESTAURANT,مطاعم,فطور,,,KSA,KSA,,HIGH,P0,EXISTS_GENERIC_ONLY,tameez-cheese · تميس بالجبن,OFFICIAL_LOCAL_KCAL,Tameez shops menu (SFDA),,,,,,,,,,,,,NONE,HIGH,,,,,,,,,تميس البخاري,Tamees Al Bukhari,السعرات متاحة رسميًا على قائمة الفرع/التطبيق (إلزام SFDA منذ ١ يوليو ٢٠٢٥). الماكروز غير منشورة — تبقى فارغة.
QGAP-00912,NEEDS_HUMAN_REVIEW,الأصل العام موجود في قِمّة — يُحسم بشريًا إن كان المتغيّر يستحق صفًّا مستقلًا,تميس البخاري - بيض بالطماط,Tamees Al Bukhari - Eggs with tomato,تميس البخاري,Tamees Al Bukhari,Tamees Al Bukhari,RESTAURANT,مطاعم,فطور,,,KSA,KSA,,HIGH,P0,EXISTS_GENERIC_ONLY,shyola-egg · بيض بالطماط (شيشة),OFFICIAL_LOCAL_KCAL,Tameez shops menu (SFDA),,,,,,,,,,,,,NONE,HIGH,,,,,,,,,تميس البخاري,Tamees Al Bukhari,السعرات متاحة رسميًا على قائمة الفرع/التطبيق (إلزام SFDA منذ ١ يوليو ٢٠٢٥). الماكروز غير منشورة — تبقى فارغة.
QGAP-00918,NEEDS_HUMAN_REVIEW,الأصل العام موجود في قِمّة — يُحسم بشريًا إن كان المتغيّر يستحق صفًّا مستقلًا,المراعي حليب طويل الأجل قليل الدسم,Almarai UHT low-fat milk,المراعي,Almarai,Almarai,PACKAGED,ألبان,حليب,UHT low-fat milk,,KSA,KSA,YES,VERY_HIGH,P0,EXISTS_GENERIC_ONLY,milk-low-fat · حليب قليل الدسم,OPENFOODFACTS_VERIFIED,Open Food Facts — Almarai milk low fat,https://world.openfoodfacts.org/product/6281007032278,6281007032278,1 litre,1 serving (250 g),100,43.6,3.2,4.8,1.2,,4.8,4.8,NONE,MEDIUM,,,,Almarai milk low fat,حليب مراعي قليل الدسم,1.019,,,المراعي,Almarai,تغطية OpenFoodFacts للسوق السعودي ضحلة (١٦٤٩٢ منتجًا إجماليًا، وعمق كل علامة عشرات مقابل مئات فعلية) — تُستخدم للتقاطع بالباركود لا كمصدر أول. المصدر المفضّل: كتالوج المصنّع أو كتالوج التجزئة السعودي.
QGAP-00920,NEEDS_HUMAN_REVIEW,مطابقة آلية بدرجة 0.724 دون حدّ القبول — تحتاج تأكيدًا,المراعي حليب خالي اللاكتوز,Almarai lactose-free milk,المراعي,Almarai,Almarai,PACKAGED,ألبان,حليب,lactose-free milk,,KSA,KSA,YES,VERY_HIGH,P0,MISSING,,OPENFOODFACTS_VERIFIED,Open Food Facts — Almarai milk fat free,https://world.openfoodfacts.org/product/6281007032285,6281007032285,1لیتر,1 Serving Size (250 ml),100,34.0,3.2,4.96,0.0,,4.96,0.05,NONE,HIGH,,,,Almarai milk fat free,حليب مراعي خالي من دسم,0.724,,,المراعي,Almarai,تغطية OpenFoodFacts للسوق السعودي ضحلة (١٦٤٩٢ منتجًا إجماليًا، وعمق كل علامة عشرات مقابل مئات فعلية) — تُستخدم للتقاطع بالباركود لا كمصدر أول. المصدر المفضّل: كتالوج المصنّع أو كتالوج التجزئة السعودي.
QGAP-00921,NEEDS_HUMAN_REVIEW,مطابقة آلية بدرجة 0.745 دون حدّ القبول — تحتاج تأكيدًا,المراعي حليب بروتين عالي,Almarai high-protein milk,المراعي,Almarai,Almarai,PACKAGED,ألبان,حليب,high-protein milk,,KSA,KSA,YES,VERY_HIGH,P0,MISSING,,OPENFOODFACTS_VERIFIED,Open Food Facts — Chocolate Protein Milk,https://world.openfoodfacts.org/product/6281007061261,6281007061261,400 ml,1 serving (200 ml),100,82.5,8.5,11.0,0.4,0.3,10.5,114.5,NONE,HIGH,,,,Chocolate Protein Milk,,0.745,,,المراعي,Almarai,تغطية OpenFoodFacts للسوق السعودي ضحلة (١٦٤٩٢ منتجًا إجماليًا، وعمق كل علامة عشرات مقابل مئات فعلية) — تُستخدم للتقاطع بالباركود لا كمصدر أول. المصدر المفضّل: كتالوج المصنّع أو كتالوج التجزئة السعودي.
QGAP-00922,NEEDS_HUMAN_REVIEW,الأصل العام موجود في قِمّة — يُحسم بشريًا إن كان المتغيّر يستحق صفًّا مستقلًا,المراعي حليب بالشوكولاتة,Almarai chocolate milk,المراعي,Almarai,Almarai,PACKAGED,ألبان,حليب,chocolate milk,,KSA,KSA,YES,VERY_HIGH,P0,EXISTS_GENERIC_ONLY,chocolate-milk · حليب بالشوكولاتة,OPENFOODFACTS_VERIFIED,Open Food Facts — Almarai double chocolate milk,https://world.openfoodfacts.org/product/6281007030410,6281007030410,200 ml,360 ml (360 ml),100,88.33,3.36,13.06,2.39,0.42,12.22,60.0,NONE,MEDIUM,,,,Almarai double chocolate milk,Almarai double chocolate milk,0.954,,,المراعي,Almarai,تغطية OpenFoodFacts للسوق السعودي ضحلة (١٦٤٩٢ منتجًا إجماليًا، وعمق كل علامة عشرات مقابل مئات فعلية) — تُستخدم للتقاطع بالباركود لا كمصدر أول. المصدر المفضّل: كتالوج المصنّع أو كتالوج التجزئة السعودي.
QGAP-00928,NEEDS_HUMAN_REVIEW,الأصل العام موجود في قِمّة — يُحسم بشريًا إن كان المتغيّر يستحق صفًّا مستقلًا,المراعي زبادي يوناني سادة,Almarai Greek yogurt plain,المراعي,Almarai,Almarai,PACKAGED,ألبان,زبادي ولبن,Greek yogurt plain,,KSA,UNSPECIFIED,,VERY_HIGH,P0,EXISTS_GENERIC_ONLY,greek-yogurt · زبادي يوناني,OFFICIAL_MANUFACTURER,Almarai official product page,,,,,,,,,,,,,NONE,MEDIUM,,,,,,,,,المراعي,Almarai,تغطية OpenFoodFacts للسوق السعودي ضحلة (١٦٤٩٢ منتجًا إجماليًا، وعمق كل علامة عشرات مقابل مئات فعلية) — تُستخدم للتقاطع بالباركود لا كمصدر أول. المصدر المفضّل: كتالوج المصنّع أو كتالوج التجزئة السعودي.
QGAP-00929,NEEDS_HUMAN_REVIEW,الأصل العام موجود في قِمّة — يُحسم بشريًا إن كان المتغيّر يستحق صفًّا مستقلًا,المراعي زبادي يوناني بالفواكه,Almarai Greek yogurt fruit,المراعي,Almarai,Almarai,PACKAGED,ألبان,زبادي ولبن,Greek yogurt fruit,,KSA,UNSPECIFIED,,VERY_HIGH,P0,EXISTS_GENERIC_ONLY,greek-yogurt · زبادي يوناني,OFFICIAL_MANUFACTURER,Almarai official product page,,,,,,,,,,,,,NONE,MEDIUM,,,,,,,,,المراعي,Almarai,تغطية OpenFoodFacts للسوق السعودي ضحلة (١٦٤٩٢ منتجًا إجماليًا، وعمق كل علامة عشرات مقابل مئات فعلية) — تُستخدم للتقاطع بالباركود لا كمصدر أول. المصدر المفضّل: كتالوج المصنّع أو كتالوج التجزئة السعودي.
QGAP-00937,NEEDS_HUMAN_REVIEW,الأصل العام موجود في قِمّة — يُحسم بشريًا إن كان المتغيّر يستحق صفًّا مستقلًا,المراعي جبن كريمي,Almarai cream cheese,المراعي,Almarai,Almarai,PACKAGED,ألبان,أجبان وقشطة,cream cheese,,KSA,KSA,YES,VERY_HIGH,P0,EXISTS_GENERIC_ONLY,cream-cheese · جبن كريمي,OPENFOODFACTS_VERIFIED,Open Food Facts — Almarai Cream Cheese,https://world.openfoodfacts.org/product/6281007023955,6281007023955,108g - 6 portions,100g,100,100.0,2.0,1.0,10.0,,1.0,127.0,NONE,MEDIUM,,,,Almarai Cream Cheese,جبن مراعي مربعات,1.189,,,المراعي,Almarai,تغطية OpenFoodFacts للسوق السعودي ضحلة (١٦٤٩٢ منتجًا إجماليًا، وعمق كل علامة عشرات مقابل مئات فعلية) — تُستخدم للتقاطع بالباركود لا كمصدر أول. المصدر المفضّل: كتالوج المصنّع أو كتالوج التجزئة السعودي.
QGAP-00940,NEEDS_HUMAN_REVIEW,الأصل العام موجود في قِمّة — يُحسم بشريًا إن كان المتغيّر يستحق صفًّا مستقلًا,المراعي جبن فيتا,Almarai feta cheese,المراعي,Almarai,Almarai,PACKAGED,ألبان,أجبان وقشطة,feta cheese,,KSA,KSA,YES,VERY_HIGH,P0,EXISTS_GENERIC_ONLY,feta-cheese · جبن فيتا,OPENFOODFACTS_VERIFIED,Open Food Facts — Feta Cheese,https://world.openfoodfacts.org/product/6281007031240,6281007031240,,30 g,100,186.67,14.5,5.3,11.6,0.0,5.3,480.0,NONE,MEDIUM,,,,Feta Cheese,جبن فيتا لايت,1.149,,,المراعي,Almarai,تغطية OpenFoodFacts للسوق السعودي ضحلة (١٦٤٩٢ منتجًا إجماليًا، وعمق كل علامة عشرات مقابل مئات فعلية) — تُستخدم للتقاطع بالباركود لا كمصدر أول. المصدر المفضّل: كتالوج المصنّع أو كتالوج التجزئة السعودي.
QGAP-00941,NEEDS_HUMAN_REVIEW,الأصل العام موجود في قِمّة — يُحسم بشريًا إن كان المتغيّر يستحق صفًّا مستقلًا,المراعي جبن حلوم,Almarai halloumi,المراعي,Almarai,Almarai,PACKAGED,ألبان,أجبان وقشطة,halloumi,,KSA,UNSPECIFIED,,VERY_HIGH,P0,EXISTS_GENERIC_ONLY,halloumi · جبن حلوم,OFFICIAL_MANUFACTURER,Almarai official product page,,,,,,,,,,,,,NONE,MEDIUM,,,,,,,,,المراعي,Almarai,تغطية OpenFoodFacts للسوق السعودي ضحلة (١٦٤٩٢ منتجًا إجماليًا، وعمق كل علامة عشرات مقابل مئات فعلية) — تُستخدم للتقاطع بالباركود لا كمصدر أول. المصدر المفضّل: كتالوج المصنّع أو كتالوج التجزئة السعودي.
QGAP-00942,NEEDS_HUMAN_REVIEW,الأصل العام موجود في قِمّة — يُحسم بشريًا إن كان المتغيّر يستحق صفًّا مستقلًا,المراعي لبنة,Almarai labneh,المراعي,Almarai,Almarai,PACKAGED,ألبان,أجبان وقشطة,labneh,,KSA,KSA,YES,VERY_HIGH,P0,EXISTS_GENERIC_ONLY,labneh · لبنة,OPENFOODFACTS_VERIFIED,Open Food Facts — Labneh,https://world.openfoodfacts.org/product/6281007026017,6281007026017,400 gm,1 serving (55 g),100,198.18,6.18,4.54,18.18,,0.0,0.0,NONE,MEDIUM,,,,Labneh,,1.166,,,المراعي,Almarai,تغطية OpenFoodFacts للسوق السعودي ضحلة (١٦٤٩٢ منتجًا إجماليًا، وعمق كل علامة عشرات مقابل مئات فعلية) — تُستخدم للتقاطع بالباركود لا كمصدر أول. المصدر المفضّل: كتالوج المصنّع أو كتالوج التجزئة السعودي.
QGAP-00946,NEEDS_HUMAN_REVIEW,الأصل العام موجود في قِمّة — يُحسم بشريًا إن كان المتغيّر يستحق صفًّا مستقلًا,المراعي زبدة,Almarai butter,المراعي,Almarai,Almarai,PACKAGED,ألبان,أجبان وقشطة,butter,,KSA,KSA,YES,VERY_HIGH,P0,EXISTS_GENERIC_ONLY,butter · زبدة,OPENFOODFACTS_VERIFIED,Open Food Facts — Butter Croissant,https://world.openfoodfacts.org/product/6281007041980,6281007041980,,85g,100,421.18,11.06,41.18,23.53,,10.12,291.76,NONE,MEDIUM,,,,Butter Croissant,تصبيرة كرواسان الزبدة,0.894,,,المراعي,Almarai,تغطية OpenFoodFacts للسوق السعودي ضحلة (١٦٤٩٢ منتجًا إجماليًا، وعمق كل علامة عشرات مقابل مئات فعلية) — تُستخدم للتقاطع بالباركود لا كمصدر أول. المصدر المفضّل: كتالوج المصنّع أو كتالوج التجزئة السعودي.
QGAP-00948,NEEDS_HUMAN_REVIEW,الأصل العام موجود في قِمّة — يُحسم بشريًا إن كان المتغيّر يستحق صفًّا مستقلًا,المراعي عصير برتقال,Almarai orange juice,المراعي,Almarai,Almarai,PACKAGED,مشروبات,عصائر,orange juice,,KSA,KSA,YES,VERY_HIGH,P1,EXISTS_GENERIC_ONLY,orange-juice · عصير برتقال,OPENFOODFACTS_VERIFIED,Open Food Facts — Orange Juice,https://world.openfoodfacts.org/product/6281007070737,6281007070737,,1 portion (200 ml),100,46.0,0.5,11.0,0.0,0.2,10.5,4.3,NONE,MEDIUM,,,,Orange Juice,,1.149,,,المراعي,Almarai,تغطية OpenFoodFacts للسوق السعودي ضحلة (١٦٤٩٢ منتجًا إجماليًا، وعمق كل علامة عشرات مقابل مئات فعلية) — تُستخدم للتقاطع بالباركود لا كمصدر أول. المصدر المفضّل: كتالوج المصنّع أو كتالوج التجزئة السعودي.
QGAP-00949,NEEDS_HUMAN_REVIEW,الأصل العام موجود في قِمّة — يُحسم بشريًا إن كان المتغيّر يستحق صفًّا مستقلًا,المراعي عصير تفاح,Almarai apple juice,المراعي,Almarai,Almarai,PACKAGED,مشروبات,عصائر,apple juice,,KSA,KSA,YES,VERY_HIGH,P1,EXISTS_GENERIC_ONLY,apple-juice · عصير تفاح,OPENFOODFACTS_VERIFIED,Open Food Facts — Apple Juice المراعي,https://world.openfoodfacts.org/product/6281007055376,6281007055376,,لكل 100غ,100,46.0,0.33,11.0,0.0,0.23,11.0,,NONE,MEDIUM,,,,Apple Juice المراعي,,1.148,,,المراعي,Almarai,تغطية OpenFoodFacts للسوق السعودي ضحلة (١٦٤٩٢ منتجًا إجماليًا، وعمق كل علامة عشرات مقابل مئات فعلية) — تُستخدم للتقاطع بالباركود لا كمصدر أول. المصدر المفضّل: كتالوج المصنّع أو كتالوج التجزئة السعودي.
QGAP-00950,NEEDS_HUMAN_REVIEW,الأصل العام موجود في قِمّة — يُحسم بشريًا إن كان المتغيّر يستحق صفًّا مستقلًا,المراعي عصير مانجو,Almarai mango juice,المراعي,Almarai,Almarai,PACKAGED,مشروبات,عصائر,mango juice,,KSA,UNSPECIFIED,,VERY_HIGH,P1,EXISTS_GENERIC_ONLY,mango-juice · عصير مانجو,OFFICIAL_MANUFACTURER,Almarai official product page,,,,,,,,,,,,,NONE,MEDIUM,,,,,,,,,المراعي,Almarai,تغطية OpenFoodFacts للسوق السعودي ضحلة (١٦٤٩٢ منتجًا إجماليًا، وعمق كل علامة عشرات مقابل مئات فعلية) — تُستخدم للتقاطع بالباركود لا كمصدر أول. المصدر المفضّل: كتالوج المصنّع أو كتالوج التجزئة السعودي.
QGAP-00953,NEEDS_HUMAN_REVIEW,الأصل العام موجود في قِمّة — يُحسم بشريًا إن كان المتغيّر يستحق صفًّا مستقلًا,المراعي عصير رمان,Almarai pomegranate juice,المراعي,Almarai,Almarai,PACKAGED,مشروبات,عصائر,pomegranate juice,,KSA,KSA,YES,VERY_HIGH,P1,EXISTS_GENERIC_ONLY,pomegranate-juice · عصير رمان,OPENFOODFACTS_VERIFIED,Open Food Facts — Pomegranate Juice No Added Sugar,https://world.openfoodfacts.org/product/6281007070843,6281007070843,,1 portion (200 ml),100,47.5,0.0,11.5,0.0,0.25,11.0,0.0,NONE,MEDIUM,,,,Pomegranate Juice No Added Sugar,المراعي شراب رمان كبير,0.731,,,المراعي,Almarai,تغطية OpenFoodFacts للسوق السعودي ضحلة (١٦٤٩٢ منتجًا إجماليًا، وعمق كل علامة عشرات مقابل مئات فعلية) — تُستخدم للتقاطع بالباركود لا كمصدر أول. المصدر المفضّل: كتالوج المصنّع أو كتالوج التجزئة السعودي.
QGAP-00954,NEEDS_HUMAN_REVIEW,الأصل العام موجود في قِمّة — يُحسم بشريًا إن كان المتغيّر يستحق صفًّا مستقلًا,المراعي عصير ليمون نعناع,Almarai lemon mint juice,المراعي,Almarai,Almarai,PACKAGED,مشروبات,عصائر,lemon mint juice,,KSA,UNSPECIFIED,,VERY_HIGH,P1,EXISTS_GENERIC_ONLY,lemon-mint · ليمون نعناع,OFFICIAL_MANUFACTURER,Almarai official product page,,,,,,,,,,,,,NONE,MEDIUM,,,,,,,,,المراعي,Almarai,تغطية OpenFoodFacts للسوق السعودي ضحلة (١٦٤٩٢ منتجًا إجماليًا، وعمق كل علامة عشرات مقابل مئات فعلية) — تُستخدم للتقاطع بالباركود لا كمصدر أول. المصدر المفضّل: كتالوج المصنّع أو كتالوج التجزئة السعودي.
QGAP-00955,NEEDS_HUMAN_REVIEW,الأصل العام موجود في قِمّة — يُحسم بشريًا إن كان المتغيّر يستحق صفًّا مستقلًا,المراعي عصير أناناس,Almarai pineapple juice,المراعي,Almarai,Almarai,PACKAGED,مشروبات,عصائر,pineapple juice,,KSA,UNSPECIFIED,,VERY_HIGH,P1,EXISTS_GENERIC_ONLY,apple-juice · عصير تفاح,OFFICIAL_MANUFACTURER,Almarai official product page,,,,,,,,,,,,,NONE,MEDIUM,,,,,,,,,المراعي,Almarai,تغطية OpenFoodFacts للسوق السعودي ضحلة (١٦٤٩٢ منتجًا إجماليًا، وعمق كل علامة عشرات مقابل مئات فعلية) — تُستخدم للتقاطع بالباركود لا كمصدر أول. المصدر المفضّل: كتالوج المصنّع أو كتالوج التجزئة السعودي.
QGAP-00959,NEEDS_HUMAN_REVIEW,الأصل العام موجود في قِمّة — يُحسم بشريًا إن كان المتغيّر يستحق صفًّا مستقلًا,المراعي كرواسون,Almarai croissant,المراعي,Almarai,Almarai,PACKAGED,فطور,مخبوزات وحلويات,croissant,,KSA,KSA,YES,HIGH,P1,EXISTS_GENERIC_ONLY,croissant · كرواسون,OPENFOODFACTS_VERIFIED,Open Food Facts — Croissant,https://world.openfoodfacts.org/product/6281007041584,6281007041584,100 g,1 serving (100 g),100,486.0,8.0,43.0,31.0,2.0,15.0,126.0,NONE,MEDIUM,,,,Croissant,,1.169,,,المراعي,Almarai,تغطية OpenFoodFacts للسوق السعودي ضحلة (١٦٤٩٢ منتجًا إجماليًا، وعمق كل علامة عشرات مقابل مئات فعلية) — تُستخدم للتقاطع بالباركود لا كمصدر أول. المصدر المفضّل: كتالوج المصنّع أو كتالوج التجزئة السعودي.
QGAP-00962,NEEDS_HUMAN_REVIEW,الأصل العام موجود في قِمّة — يُحسم بشريًا إن كان المتغيّر يستحق صفًّا مستقلًا,المراعي كاسترد,Almarai custard,المراعي,Almarai,Almarai,PACKAGED,فطور,مخبوزات وحلويات,custard,,KSA,KSA,YES,HIGH,P1,EXISTS_GENERIC_ONLY,gcc-38 · كاسترد,OPENFOODFACTS_VERIFIED,Open Food Facts — Vanilla dessert CUSTARD,https://world.openfoodfacts.org/product/6281007046046,6281007046046,85غم,85g,100,151.76,3.53,22.35,5.88,0.0,17.65,70.59,NONE,MEDIUM,,,,Vanilla dessert CUSTARD,حلى فانيلا المراعي,0.72,,,المراعي,Almarai,تغطية OpenFoodFacts للسوق السعودي ضحلة (١٦٤٩٢ منتجًا إجماليًا، وعمق كل علامة عشرات مقابل مئات فعلية) — تُستخدم للتقاطع بالباركود لا كمصدر أول. المصدر المفضّل: كتالوج المصنّع أو كتالوج التجزئة السعودي.
QGAP-00964,NEEDS_HUMAN_REVIEW,مطابقة آلية بدرجة 0.835 دون حدّ القبول — تحتاج تأكيدًا,نادك لبن,NADEC laban,نادك,NADEC,NADEC,PACKAGED,ألبان,حليب وألبان,laban,,KSA,KSA,YES,VERY_HIGH,P0,MISSING,,OPENFOODFACTS_VERIFIED,Open Food Facts — Strawberry Laban,https://world.openfoodfacts.org/product/6281057005420,6281057005420,,لكل 100غ,100,77.0,2.9,13.8,1.1,0.0,9.3,,NONE,HIGH,,,,Strawberry Laban,,0.835,,,نادك,NADEC,تغطية OpenFoodFacts للسوق السعودي ضحلة (١٦٤٩٢ منتجًا إجماليًا، وعمق كل علامة عشرات مقابل مئات فعلية) — تُستخدم للتقاطع بالباركود لا كمصدر أول. المصدر المفضّل: كتالوج المصنّع أو كتالوج التجزئة السعودي.
QGAP-00966,NEEDS_HUMAN_REVIEW,الأصل العام موجود في قِمّة — يُحسم بشريًا إن كان المتغيّر يستحق صفًّا مستقلًا,نادك جبن قشطة,NADEC cream cheese,نادك,NADEC,NADEC,PACKAGED,ألبان,حليب وألبان,cream cheese,,KSA,UNSPECIFIED,,VERY_HIGH,P0,EXISTS_GENERIC_ONLY,cream-cheese · جبن كريمي,OFFICIAL_MANUFACTURER,NADEC official product page,,,,,,,,,,,,,NONE,MEDIUM,,,,,,,,,نادك,NADEC,تغطية OpenFoodFacts للسوق السعودي ضحلة (١٦٤٩٢ منتجًا إجماليًا، وعمق كل علامة عشرات مقابل مئات فعلية) — تُستخدم للتقاطع بالباركود لا كمصدر أول. المصدر المفضّل: كتالوج المصنّع أو كتالوج التجزئة السعودي.
QGAP-00967,NEEDS_HUMAN_REVIEW,الأصل العام موجود في قِمّة — يُحسم بشريًا إن كان المتغيّر يستحق صفًّا مستقلًا,نادك لبنة,NADEC labneh,نادك,NADEC,NADEC,PACKAGED,ألبان,حليب وألبان,labneh,,KSA,UNSPECIFIED,,VERY_HIGH,P0,EXISTS_GENERIC_ONLY,labneh · لبنة,OFFICIAL_MANUFACTURER,NADEC official product page,,,,,,,,,,,,,NONE,MEDIUM,,,,,,,,,نادك,NADEC,تغطية OpenFoodFacts للسوق السعودي ضحلة (١٦٤٩٢ منتجًا إجماليًا، وعمق كل علامة عشرات مقابل مئات فعلية) — تُستخدم للتقاطع بالباركود لا كمصدر أول. المصدر المفضّل: كتالوج المصنّع أو كتالوج التجزئة السعودي.
QGAP-00968,NEEDS_HUMAN_REVIEW,الأصل العام موجود في قِمّة — يُحسم بشريًا إن كان المتغيّر يستحق صفًّا مستقلًا,نادك قشطة,NADEC cream,نادك,NADEC,NADEC,PACKAGED,ألبان,حليب وألبان,cream,,KSA,UNSPECIFIED,,VERY_HIGH,P0,EXISTS_GENERIC_ONLY,nadec-cream-qishta · قشطة نادك,OFFICIAL_MANUFACTURER,NADEC official product page,,,,,,,,,,,,,NONE,MEDIUM,,,,,,,,,نادك,NADEC,تغطية OpenFoodFacts للسوق السعودي ضحلة (١٦٤٩٢ منتجًا إجماليًا، وعمق كل علامة عشرات مقابل مئات فعلية) — تُستخدم للتقاطع بالباركود لا كمصدر أول. المصدر المفضّل: كتالوج المصنّع أو كتالوج التجزئة السعودي.
QGAP-00970,NEEDS_HUMAN_REVIEW,الأصل العام موجود في قِمّة — يُحسم بشريًا إن كان المتغيّر يستحق صفًّا مستقلًا,نادك عصير برتقال,NADEC orange juice,نادك,NADEC,NADEC,PACKAGED,مشروبات,عصائر,orange juice,,KSA,UNSPECIFIED,,HIGH,P1,EXISTS_GENERIC_ONLY,orange-juice · عصير برتقال,OFFICIAL_MANUFACTURER,NADEC official product page,,,,,,,,,,,,,NONE,MEDIUM,,,,,,,,,نادك,NADEC,تغطية OpenFoodFacts للسوق السعودي ضحلة (١٦٤٩٢ منتجًا إجماليًا، وعمق كل علامة عشرات مقابل مئات فعلية) — تُستخدم للتقاطع بالباركود لا كمصدر أول. المصدر المفضّل: كتالوج المصنّع أو كتالوج التجزئة السعودي.
QGAP-00971,NEEDS_HUMAN_REVIEW,الأصل العام موجود في قِمّة — يُحسم بشريًا إن كان المتغيّر يستحق صفًّا مستقلًا,نادك عصير مانجو,NADEC mango juice,نادك,NADEC,NADEC,PACKAGED,مشروبات,عصائر,mango juice,,KSA,UNSPECIFIED,,HIGH,P1,EXISTS_GENERIC_ONLY,mango-juice · عصير مانجو,OFFICIAL_MANUFACTURER,NADEC official product page,,,,,,,,,,,,,NONE,MEDIUM,,,,,,,,,نادك,NADEC,تغطية OpenFoodFacts للسوق السعودي ضحلة (١٦٤٩٢ منتجًا إجماليًا، وعمق كل علامة عشرات مقابل مئات فعلية) — تُستخدم للتقاطع بالباركود لا كمصدر أول. المصدر المفضّل: كتالوج المصنّع أو كتالوج التجزئة السعودي.
QGAP-00972,NEEDS_HUMAN_REVIEW,الأصل العام موجود في قِمّة — يُحسم بشريًا إن كان المتغيّر يستحق صفًّا مستقلًا,نادك عصير تفاح,NADEC apple juice,نادك,NADEC,NADEC,PACKAGED,مشروبات,عصائر,apple juice,,KSA,UNSPECIFIED,,HIGH,P1,EXISTS_GENERIC_ONLY,apple-juice · عصير تفاح,OFFICIAL_MANUFACTURER,NADEC official product page,,,,,,,,,,,,,NONE,MEDIUM,,,,,,,,,نادك,NADEC,تغطية OpenFoodFacts للسوق السعودي ضحلة (١٦٤٩٢ منتجًا إجماليًا، وعمق كل علامة عشرات مقابل مئات فعلية) — تُستخدم للتقاطع بالباركود لا كمصدر أول. المصدر المفضّل: كتالوج المصنّع أو كتالوج التجزئة السعودي.
QGAP-00976,NEEDS_HUMAN_REVIEW,الأصل العام موجود في قِمّة — يُحسم بشريًا إن كان المتغيّر يستحق صفًّا مستقلًا,ندى لبنة,Nada labneh,ندى,Nada,Nada,PACKAGED,ألبان,حليب وألبان,labneh,,KSA,UNSPECIFIED,,VERY_HIGH,P1,EXISTS_GENERIC_ONLY,labneh · لبنة,OFFICIAL_MANUFACTURER,Nada official product page,,,,,,,,,,,,,NONE,MEDIUM,,,,,,,,,ندى,Nada,تغطية OpenFoodFacts للسوق السعودي ضحلة (١٦٤٩٢ منتجًا إجماليًا، وعمق كل علامة عشرات مقابل مئات فعلية) — تُستخدم للتقاطع بالباركود لا كمصدر أول. المصدر المفضّل: كتالوج المصنّع أو كتالوج التجزئة السعودي.
QGAP-00979,NEEDS_HUMAN_REVIEW,الأصل العام موجود في قِمّة — يُحسم بشريًا إن كان المتغيّر يستحق صفًّا مستقلًا,السعودية حليب قليل الدسم,Saudia (SADAFCO) low-fat milk,السعودية,Saudia (SADAFCO),Saudia (SADAFCO),PACKAGED,ألبان,حليب وآيس كريم,low-fat milk,,KSA,UNSPECIFIED,,HIGH,P1,EXISTS_GENERIC_ONLY,milk-low-fat · حليب قليل الدسم,OFFICIAL_MANUFACTURER,Saudia (SADAFCO) official product page,,,,,,,,,,,,,NONE,MEDIUM,,,,,,,,,السعودية,Saudia (SADAFCO),تغطية OpenFoodFacts للسوق السعودي ضحلة (١٦٤٩٢ منتجًا إجماليًا، وعمق كل علامة عشرات مقابل مئات فعلية) — تُستخدم للتقاطع بالباركود لا كمصدر أول. المصدر المفضّل: كتالوج المصنّع أو كتالوج التجزئة السعودي.
QGAP-00980,NEEDS_HUMAN_REVIEW,الأصل العام موجود في قِمّة — يُحسم بشريًا إن كان المتغيّر يستحق صفًّا مستقلًا,السعودية حليب بالشوكولاتة,Saudia (SADAFCO) chocolate milk,السعودية,Saudia (SADAFCO),Saudia (SADAFCO),PACKAGED,ألبان,حليب وآيس كريم,chocolate milk,,KSA,UNSPECIFIED,,HIGH,P1,EXISTS_GENERIC_ONLY,chocolate-milk · حليب بالشوكولاتة,OFFICIAL_MANUFACTURER,Saudia (SADAFCO) official product page,,,,,,,,,,,,,NONE,MEDIUM,,,,,,,,,السعودية,Saudia (SADAFCO),تغطية OpenFoodFacts للسوق السعودي ضحلة (١٦٤٩٢ منتجًا إجماليًا، وعمق كل علامة عشرات مقابل مئات فعلية) — تُستخدم للتقاطع بالباركود لا كمصدر أول. المصدر المفضّل: كتالوج المصنّع أو كتالوج التجزئة السعودي.
QGAP-00986,NEEDS_HUMAN_REVIEW,الأصل العام موجود في قِمّة — يُحسم بشريًا إن كان المتغيّر يستحق صفًّا مستقلًا,الصافي دانون حليب كامل الدسم,Al Safi Danone full-fat milk,الصافي دانون,Al Safi Danone,Al Safi Danone,PACKAGED,ألبان,ألبان,full-fat milk,,KSA,UNSPECIFIED,,HIGH,P1,EXISTS_GENERIC_ONLY,milk-full · حليب كامل الدسم,OFFICIAL_MANUFACTURER,Al Safi Danone official product page,,,,,,,,,,,,,NONE,MEDIUM,,,,,,,,,الصافي دانون,Al Safi Danone,تغطية OpenFoodFacts للسوق السعودي ضحلة (١٦٤٩٢ منتجًا إجماليًا، وعمق كل علامة عشرات مقابل مئات فعلية) — تُستخدم للتقاطع بالباركود لا كمصدر أول. المصدر المفضّل: كتالوج المصنّع أو كتالوج التجزئة السعودي.
QGAP-00989,NEEDS_HUMAN_REVIEW,الأصل العام موجود في قِمّة — يُحسم بشريًا إن كان المتغيّر يستحق صفًّا مستقلًا,الصافي دانون زبادي يوناني,Al Safi Danone Greek yogurt,الصافي دانون,Al Safi Danone,Al Safi Danone,PACKAGED,ألبان,ألبان,Greek yogurt,,KSA,UNSPECIFIED,,HIGH,P1,EXISTS_GENERIC_ONLY,greek-yogurt · زبادي يوناني,OFFICIAL_MANUFACTURER,Al Safi Danone official product page,,,,,,,,,,,,,NONE,MEDIUM,,,,,,,,,الصافي دانون,Al Safi Danone,تغطية OpenFoodFacts للسوق السعودي ضحلة (١٦٤٩٢ منتجًا إجماليًا، وعمق كل علامة عشرات مقابل مئات فعلية) — تُستخدم للتقاطع بالباركود لا كمصدر أول. المصدر المفضّل: كتالوج المصنّع أو كتالوج التجزئة السعودي.
QGAP-00993,NEEDS_HUMAN_REVIEW,الأصل العام موجود في قِمّة — يُحسم بشريًا إن كان المتغيّر يستحق صفًّا مستقلًا,الربيع عصير برتقال,Al Rabie orange juice,الربيع,Al Rabie,Al Rabie,PACKAGED,مشروبات,عصائر,orange juice,,KSA,UNSPECIFIED,,HIGH,P1,EXISTS_GENERIC_ONLY,orange-juice · عصير برتقال,OFFICIAL_MANUFACTURER,Al Rabie official product page,,,,,,,,,,,,,NONE,MEDIUM,,,,,,,,,الربيع,Al Rabie,تغطية OpenFoodFacts للسوق السعودي ضحلة (١٦٤٩٢ منتجًا إجماليًا، وعمق كل علامة عشرات مقابل مئات فعلية) — تُستخدم للتقاطع بالباركود لا كمصدر أول. المصدر المفضّل: كتالوج المصنّع أو كتالوج التجزئة السعودي.
QGAP-00994,NEEDS_HUMAN_REVIEW,الأصل العام موجود في قِمّة — يُحسم بشريًا إن كان المتغيّر يستحق صفًّا مستقلًا,الربيع عصير مانجو,Al Rabie mango juice,الربيع,Al Rabie,Al Rabie,PACKAGED,مشروبات,عصائر,mango juice,,KSA,UNSPECIFIED,,HIGH,P1,EXISTS_GENERIC_ONLY,mango-juice · عصير مانجو,OFFICIAL_MANUFACTURER,Al Rabie official product page,,,,,,,,,,,,,NONE,MEDIUM,,,,,,,,,الربيع,Al Rabie,تغطية OpenFoodFacts للسوق السعودي ضحلة (١٦٤٩٢ منتجًا إجماليًا، وعمق كل علامة عشرات مقابل مئات فعلية) — تُستخدم للتقاطع بالباركود لا كمصدر أول. المصدر المفضّل: كتالوج المصنّع أو كتالوج التجزئة السعودي.
QGAP-00995,NEEDS_HUMAN_REVIEW,الأصل العام موجود في قِمّة — يُحسم بشريًا إن كان المتغيّر يستحق صفًّا مستقلًا,الربيع عصير تفاح,Al Rabie apple juice,الربيع,Al Rabie,Al Rabie,PACKAGED,مشروبات,عصائر,apple juice,,KSA,KSA,YES,HIGH,P1,EXISTS_GENERIC_ONLY,apple-juice · عصير تفاح,OPENFOODFACTS_VERIFIED,Open Food Facts — Apple Juice 100% JUICE,https://world.openfoodfacts.org/product/6281026305209,6281026305209,1L,100ml,100,48.0,0.0,12.0,0.0,0.0,12.0,10.0,NONE,MEDIUM,,,,Apple Juice 100% JUICE,,0.934,,,الربيع,Al Rabie,تغطية OpenFoodFacts للسوق السعودي ضحلة (١٦٤٩٢ منتجًا إجماليًا، وعمق كل علامة عشرات مقابل مئات فعلية) — تُستخدم للتقاطع بالباركود لا كمصدر أول. المصدر المفضّل: كتالوج المصنّع أو كتالوج التجزئة السعودي.
QGAP-00999,NEEDS_HUMAN_REVIEW,الأصل العام موجود في قِمّة — يُحسم بشريًا إن كان المتغيّر يستحق صفًّا مستقلًا,الربيع حليب بالشوكولاتة,Al Rabie chocolate milk,الربيع,Al Rabie,Al Rabie,PACKAGED,مشروبات,عصائر,chocolate milk,,KSA,UNSPECIFIED,,HIGH,P1,EXISTS_GENERIC_ONLY,chocolate-milk · حليب بالشوكولاتة,OFFICIAL_MANUFACTURER,Al Rabie official product page,,,,,,,,,,,,,NONE,MEDIUM,,,,,,,,,الربيع,Al Rabie,تغطية OpenFoodFacts للسوق السعودي ضحلة (١٦٤٩٢ منتجًا إجماليًا، وعمق كل علامة عشرات مقابل مئات فعلية) — تُستخدم للتقاطع بالباركود لا كمصدر أول. المصدر المفضّل: كتالوج المصنّع أو كتالوج التجزئة السعودي.
QGAP-01000,NEEDS_HUMAN_REVIEW,الأصل العام موجود في قِمّة — يُحسم بشريًا إن كان المتغيّر يستحق صفًّا مستقلًا,بوك جبن كريمي لايت,Puck light cream cheese,بوك,Puck,Puck,PACKAGED,ألبان,أجبان,light cream cheese,,KSA,UNSPECIFIED,,VERY_HIGH,P1,EXISTS_GENERIC_ONLY,cream-cheese · جبن كريمي,OFFICIAL_MANUFACTURER,Puck official product page,,,,,,,,,,,,,NONE,MEDIUM,,,,,,,,,بوك,Puck,تغطية OpenFoodFacts للسوق السعودي ضحلة (١٦٤٩٢ منتجًا إجماليًا، وعمق كل علامة عشرات مقابل مئات فعلية) — تُستخدم للتقاطع بالباركود لا كمصدر أول. المصدر المفضّل: كتالوج المصنّع أو كتالوج التجزئة السعودي.
QGAP-01002,NEEDS_HUMAN_REVIEW,مطابقة آلية بدرجة 0.835 دون حدّ القبول — تحتاج تأكيدًا,بوك قشطة,Puck cream,بوك,Puck,Puck,PACKAGED,ألبان,أجبان,cream,,KSA,KSA,YES,VERY_HIGH,P1,MISSING,,OPENFOODFACTS_VERIFIED,Open Food Facts — Cooking Cream 1L,https://world.openfoodfacts.org/product/5711953001406,5711953001406,,لكل 100غ,100,268.0,2.5,3.7,27.0,,3.7,12.0,NONE,HIGH,,,,Cooking Cream 1L,,0.835,,,بوك,Puck,تغطية OpenFoodFacts للسوق السعودي ضحلة (١٦٤٩٢ منتجًا إجماليًا، وعمق كل علامة عشرات مقابل مئات فعلية) — تُستخدم للتقاطع بالباركود لا كمصدر أول. المصدر المفضّل: كتالوج المصنّع أو كتالوج التجزئة السعودي.
QGAP-01003,NEEDS_HUMAN_REVIEW,الأصل العام موجود في قِمّة — يُحسم بشريًا إن كان المتغيّر يستحق صفًّا مستقلًا,بوك جبن قابل للدهن بالأعشاب,Puck herb cream cheese,بوك,Puck,Puck,PACKAGED,ألبان,أجبان,herb cream cheese,,KSA,UNSPECIFIED,,VERY_HIGH,P1,EXISTS_GENERIC_ONLY,cream-cheese · جبن كريمي,OFFICIAL_MANUFACTURER,Puck official product page,,,,,,,,,,,,,NONE,MEDIUM,,,,,,,,,بوك,Puck,تغطية OpenFoodFacts للسوق السعودي ضحلة (١٦٤٩٢ منتجًا إجماليًا، وعمق كل علامة عشرات مقابل مئات فعلية) — تُستخدم للتقاطع بالباركود لا كمصدر أول. المصدر المفضّل: كتالوج المصنّع أو كتالوج التجزئة السعودي.
QGAP-01005,NEEDS_HUMAN_REVIEW,الأصل العام موجود في قِمّة — يُحسم بشريًا إن كان المتغيّر يستحق صفًّا مستقلًا,كيري جبن مكعبات,Kiri cheese cubes,كيري,Kiri,Kiri,PACKAGED,ألبان,أجبان,cheese cubes,,KSA,UNSPECIFIED,,HIGH,P2,EXISTS_GENERIC_ONLY,kiri-cheese · جبن كيري,OFFICIAL_MANUFACTURER,Kiri official product page,,,,,,,,,,,,,NONE,MEDIUM,,,,,,,,,كيري,Kiri,تغطية OpenFoodFacts للسوق السعودي ضحلة (١٦٤٩٢ منتجًا إجماليًا، وعمق كل علامة عشرات مقابل مئات فعلية) — تُستخدم للتقاطع بالباركود لا كمصدر أول. المصدر المفضّل: كتالوج المصنّع أو كتالوج التجزئة السعودي.
QGAP-01010,NEEDS_HUMAN_REVIEW,مطابقة آلية بدرجة 0.722 دون حدّ القبول — تحتاج تأكيدًا,بريزيدون زبدة,President butter,بريزيدون,President,President,PACKAGED,ألبان,أجبان,butter,,KSA,KSA,YES,HIGH,P2,MISSING,,OPENFOODFACTS_VERIFIED,Open Food Facts — Fresh Butter Unsalted,https://world.openfoodfacts.org/product/3228022970195,3228022970195,400g,لكل 100غ,100,745.0,0.7,1.0,82.0,0.0,1.0,12.0,NONE,HIGH,,,,Fresh Butter Unsalted,,0.722,,,بريزيدون,President,تغطية OpenFoodFacts للسوق السعودي ضحلة (١٦٤٩٢ منتجًا إجماليًا، وعمق كل علامة عشرات مقابل مئات فعلية) — تُستخدم للتقاطع بالباركود لا كمصدر أول. المصدر المفضّل: كتالوج المصنّع أو كتالوج التجزئة السعودي.
QGAP-01011,NEEDS_HUMAN_REVIEW,الأصل العام موجود في قِمّة — يُحسم بشريًا إن كان المتغيّر يستحق صفًّا مستقلًا,بريزيدون جبن فيتا,President feta,بريزيدون,President,President,PACKAGED,ألبان,أجبان,feta,,KSA,UNSPECIFIED,,HIGH,P2,EXISTS_GENERIC_ONLY,feta-cheese · جبن فيتا,OFFICIAL_MANUFACTURER,President official product page,,,,,,,,,,,,,NONE,MEDIUM,,,,,,,,,بريزيدون,President,تغطية OpenFoodFacts للسوق السعودي ضحلة (١٦٤٩٢ منتجًا إجماليًا، وعمق كل علامة عشرات مقابل مئات فعلية) — تُستخدم للتقاطع بالباركود لا كمصدر أول. المصدر المفضّل: كتالوج المصنّع أو كتالوج التجزئة السعودي.
QGAP-01016,NEEDS_HUMAN_REVIEW,الأصل العام موجود في قِمّة — يُحسم بشريًا إن كان المتغيّر يستحق صفًّا مستقلًا · بيانات سوق غير سعودي — تُوسم صراحةً ولا تُقدَّم كقيم سعودية,أنكور زبدة,Anchor butter,أنكور,Anchor,Anchor,PACKAGED,ألبان,ألبان,butter,,NON_KSA,FOREIGN,NO,MEDIUM,P2,EXISTS_GENERIC_ONLY,butter · زبدة,OPENFOODFACTS_VERIFIED,Open Food Facts — Butter,https://world.openfoodfacts.org/product/5010137015001,5010137015001,,لكل 100غ,100,744.0,0.6,0.6,82.0,,0.6,680.0,NONE,MEDIUM,,,,Butter,,0.85,,,أنكور,Anchor,تغطية OpenFoodFacts للسوق السعودي ضحلة (١٦٤٩٢ منتجًا إجماليًا، وعمق كل علامة عشرات مقابل مئات فعلية) — تُستخدم للتقاطع بالباركود لا كمصدر أول. المصدر المفضّل: كتالوج المصنّع أو كتالوج التجزئة السعودي.
QGAP-01022,NEEDS_HUMAN_REVIEW,الأصل العام موجود في قِمّة — يُحسم بشريًا إن كان المتغيّر يستحق صفًّا مستقلًا,راني فلوت أناناس,Rani Float pineapple,راني,Rani,Rani,PACKAGED,مشروبات,عصائر,Float pineapple,,KSA,UNSPECIFIED,,VERY_HIGH,P1,EXISTS_GENERIC_ONLY,pineapple · أناناس,OFFICIAL_MANUFACTURER,Rani official product page,,,,,,,,,,,,,NONE,MEDIUM,,,,,,,,,راني,Rani,تغطية OpenFoodFacts للسوق السعودي ضحلة (١٦٤٩٢ منتجًا إجماليًا، وعمق كل علامة عشرات مقابل مئات فعلية) — تُستخدم للتقاطع بالباركود لا كمصدر أول. المصدر المفضّل: كتالوج المصنّع أو كتالوج التجزئة السعودي.
QGAP-01025,NEEDS_HUMAN_REVIEW,الأصل العام موجود في قِمّة — يُحسم بشريًا إن كان المتغيّر يستحق صفًّا مستقلًا · بيانات سوق غير سعودي — تُوسم صراحةً ولا تُقدَّم كقيم سعودية,صن توب برتقال,Suntop orange,صن توب,Suntop,Suntop,PACKAGED,مشروبات,عصائر,orange,,NON_KSA,FOREIGN,NO,HIGH,P1,EXISTS_GENERIC_ONLY,orange · برتقال,OPENFOODFACTS_VERIFIED,Open Food Facts — Suntop orange,https://world.openfoodfacts.org/product/6224001167423,6224001167423,250 ml,250,100,58.0,3.2,14.0,0.0,,0.0,24000.0,NONE,MEDIUM,,,,Suntop orange,,0.939,,,صن توب,Suntop,تغطية OpenFoodFacts للسوق السعودي ضحلة (١٦٤٩٢ منتجًا إجماليًا، وعمق كل علامة عشرات مقابل مئات فعلية) — تُستخدم للتقاطع بالباركود لا كمصدر أول. المصدر المفضّل: كتالوج المصنّع أو كتالوج التجزئة السعودي.
QGAP-01026,NEEDS_HUMAN_REVIEW,الأصل العام موجود في قِمّة — يُحسم بشريًا إن كان المتغيّر يستحق صفًّا مستقلًا,صن توب مانجو,Suntop mango,صن توب,Suntop,Suntop,PACKAGED,مشروبات,عصائر,mango,,KSA,UNSPECIFIED,,HIGH,P1,EXISTS_GENERIC_ONLY,mango · مانجو,OFFICIAL_MANUFACTURER,Suntop official product page,,,,,,,,,,,,,NONE,MEDIUM,,,,,,,,,صن توب,Suntop,تغطية OpenFoodFacts للسوق السعودي ضحلة (١٦٤٩٢ منتجًا إجماليًا، وعمق كل علامة عشرات مقابل مئات فعلية) — تُستخدم للتقاطع بالباركود لا كمصدر أول. المصدر المفضّل: كتالوج المصنّع أو كتالوج التجزئة السعودي.
QGAP-01027,NEEDS_HUMAN_REVIEW,الأصل العام موجود في قِمّة — يُحسم بشريًا إن كان المتغيّر يستحق صفًّا مستقلًا,صن توب تفاح,Suntop apple,صن توب,Suntop,Suntop,PACKAGED,مشروبات,عصائر,apple,,KSA,UNSPECIFIED,,HIGH,P1,EXISTS_GENERIC_ONLY,apple · تفاح,OFFICIAL_MANUFACTURER,Suntop official product page,,,,,,,,,,,,,NONE,MEDIUM,,,,,,,,,صن توب,Suntop,تغطية OpenFoodFacts للسوق السعودي ضحلة (١٦٤٩٢ منتجًا إجماليًا، وعمق كل علامة عشرات مقابل مئات فعلية) — تُستخدم للتقاطع بالباركود لا كمصدر أول. المصدر المفضّل: كتالوج المصنّع أو كتالوج التجزئة السعودي.
QGAP-01029,NEEDS_HUMAN_REVIEW,الأصل العام موجود في قِمّة — يُحسم بشريًا إن كان المتغيّر يستحق صفًّا مستقلًا,صن توب فراولة,Suntop strawberry,صن توب,Suntop,Suntop,PACKAGED,مشروبات,عصائر,strawberry,,KSA,UNSPECIFIED,,HIGH,P1,EXISTS_GENERIC_ONLY,strawberry · فراولة,OFFICIAL_MANUFACTURER,Suntop official product page,,,,,,,,,,,,,NONE,MEDIUM,,,,,,,,,صن توب,Suntop,تغطية OpenFoodFacts للسوق السعودي ضحلة (١٦٤٩٢ منتجًا إجماليًا، وعمق كل علامة عشرات مقابل مئات فعلية) — تُستخدم للتقاطع بالباركود لا كمصدر أول. المصدر المفضّل: كتالوج المصنّع أو كتالوج التجزئة السعودي.
QGAP-01030,NEEDS_HUMAN_REVIEW,الأصل العام موجود في قِمّة — يُحسم بشريًا إن كان المتغيّر يستحق صفًّا مستقلًا,لوزين خبز توست أبيض,L'usine white toast bread,لوزين,L'usine,L'usine,PACKAGED,فطور,مخبوزات,white toast bread,,KSA,KSA,YES,VERY_HIGH,P0,EXISTS_GENERIC_ONLY,white-toast · خبز توست أبيض,OPENFOODFACTS_VERIFIED,Open Food Facts — Sliced Bread white,https://world.openfoodfacts.org/product/6281007044417,6281007044417,,1 portion (30 g),100,263.33,10.0,50.0,3.33,,,,NONE,MEDIUM,,,,Sliced Bread white,,0.735,,,لوزين,L'usine,تغطية OpenFoodFacts للسوق السعودي ضحلة (١٦٤٩٢ منتجًا إجماليًا، وعمق كل علامة عشرات مقابل مئات فعلية) — تُستخدم للتقاطع بالباركود لا كمصدر أول. المصدر المفضّل: كتالوج المصنّع أو كتالوج التجزئة السعودي.
QGAP-01041,NEEDS_HUMAN_REVIEW,الأصل العام موجود في قِمّة — يُحسم بشريًا إن كان المتغيّر يستحق صفًّا مستقلًا,لوزين صمولي,L'usine samoli bread,لوزين,L'usine,L'usine,PACKAGED,فطور,مخبوزات,samoli bread,,KSA,KSA,,VERY_HIGH,P0,EXISTS_GENERIC_ONLY,gcc-31 · صمولي,OFFICIAL_LOCAL,Saudi retailer catalogue (Panda/Othaim/Tamimi/Nana) + barcode,,,,,,,,,,,,,NONE,MEDIUM,,,,,,,,,لوزين,L'usine,تغطية OpenFoodFacts للسوق السعودي ضحلة (١٦٤٩٢ منتجًا إجماليًا، وعمق كل علامة عشرات مقابل مئات فعلية) — تُستخدم للتقاطع بالباركود لا كمصدر أول. المصدر المفضّل: كتالوج المصنّع أو كتالوج التجزئة السعودي.
QGAP-01043,NEEDS_HUMAN_REVIEW,الأصل العام موجود في قِمّة — يُحسم بشريًا إن كان المتغيّر يستحق صفًّا مستقلًا,لوزين بان كيك,L'usine pancakes,لوزين,L'usine,L'usine,PACKAGED,فطور,مخبوزات,pancakes,,KSA,KSA,,VERY_HIGH,P0,EXISTS_GENERIC_ONLY,pancakes · بان كيك,OFFICIAL_LOCAL,Saudi retailer catalogue (Panda/Othaim/Tamimi/Nana) + barcode,,,,,,,,,,,,,NONE,MEDIUM,,,,,,,,,لوزين,L'usine,تغطية OpenFoodFacts للسوق السعودي ضحلة (١٦٤٩٢ منتجًا إجماليًا، وعمق كل علامة عشرات مقابل مئات فعلية) — تُستخدم للتقاطع بالباركود لا كمصدر أول. المصدر المفضّل: كتالوج المصنّع أو كتالوج التجزئة السعودي.
QGAP-01045,NEEDS_HUMAN_REVIEW,الأصل العام موجود في قِمّة — يُحسم بشريًا إن كان المتغيّر يستحق صفًّا مستقلًا,قودي زبدة فول سوداني بالقطع,Goody crunchy peanut butter,قودي,Goody,Goody,PACKAGED,أطعمة معلبة,معلبات ومربى,crunchy peanut butter,,KSA,KSA,YES,HIGH,P1,EXISTS_GENERIC_ONLY,peanut-butter · زبدة فول سوداني,OPENFOODFACTS_VERIFIED,Open Food Facts — Peanut butter,https://world.openfoodfacts.org/product/6281014110020,6281014110020,,لكل 100غ,100,562.0,21.9,25.0,46.9,6.25,12.5,375.0,NONE,MEDIUM,,,,Peanut butter,,0.9,,,قودي,Goody,تغطية OpenFoodFacts للسوق السعودي ضحلة (١٦٤٩٢ منتجًا إجماليًا، وعمق كل علامة عشرات مقابل مئات فعلية) — تُستخدم للتقاطع بالباركود لا كمصدر أول. المصدر المفضّل: كتالوج المصنّع أو كتالوج التجزئة السعودي.
QGAP-01049,NEEDS_HUMAN_REVIEW,الأصل العام موجود في قِمّة — يُحسم بشريًا إن كان المتغيّر يستحق صفًّا مستقلًا,قودي تونة بالزيت,Goody tuna in oil,قودي,Goody,Goody,PACKAGED,أطعمة معلبة,معلبات ومربى,tuna in oil,,KSA,KSA,,HIGH,P1,EXISTS_GENERIC_ONLY,tuna-oil · تونة بالزيت,OFFICIAL_LOCAL,Saudi retailer catalogue (Panda/Othaim/Tamimi/Nana) + barcode,,,,,,,,,,,,,NONE,MEDIUM,,,,,,,,,قودي,Goody,تغطية OpenFoodFacts للسوق السعودي ضحلة (١٦٤٩٢ منتجًا إجماليًا، وعمق كل علامة عشرات مقابل مئات فعلية) — تُستخدم للتقاطع بالباركود لا كمصدر أول. المصدر المفضّل: كتالوج المصنّع أو كتالوج التجزئة السعودي.
QGAP-01052,NEEDS_HUMAN_REVIEW,الأصل العام موجود في قِمّة — يُحسم بشريًا إن كان المتغيّر يستحق صفًّا مستقلًا,قودي فول مدمس معلب,Goody canned foul,قودي,Goody,Goody,PACKAGED,أطعمة معلبة,معلبات ومربى,canned foul,,KSA,KSA,,HIGH,P1,EXISTS_GENERIC_ONLY,foul-mudammas · فول مدمس,OFFICIAL_LOCAL,Saudi retailer catalogue (Panda/Othaim/Tamimi/Nana) + barcode,,,,,,,,,,,,,NONE,MEDIUM,,,,,,,,,قودي,Goody,تغطية OpenFoodFacts للسوق السعودي ضحلة (١٦٤٩٢ منتجًا إجماليًا، وعمق كل علامة عشرات مقابل مئات فعلية) — تُستخدم للتقاطع بالباركود لا كمصدر أول. المصدر المفضّل: كتالوج المصنّع أو كتالوج التجزئة السعودي.
QGAP-01055,NEEDS_HUMAN_REVIEW,مطابقة آلية بدرجة 0.835 دون حدّ القبول — تحتاج تأكيدًا,قودي مايونيز,Goody mayonnaise,قودي,Goody,Goody,PACKAGED,أطعمة معلبة,معلبات ومربى,mayonnaise,,KSA,KSA,YES,HIGH,P1,MISSING,,OPENFOODFACTS_VERIFIED,Open Food Facts — Mayonnaise light,https://world.openfoodfacts.org/product/6281014111119,6281014111119,473ml,لكل 100غ,100,267.0,0.0,6.67,26.7,,,,NONE,HIGH,,,,Mayonnaise light,,0.835,,,قودي,Goody,تغطية OpenFoodFacts للسوق السعودي ضحلة (١٦٤٩٢ منتجًا إجماليًا، وعمق كل علامة عشرات مقابل مئات فعلية) — تُستخدم للتقاطع بالباركود لا كمصدر أول. المصدر المفضّل: كتالوج المصنّع أو كتالوج التجزئة السعودي.
QGAP-01056,NEEDS_HUMAN_REVIEW,مطابقة آلية بدرجة 0.835 دون حدّ القبول — تحتاج تأكيدًا,قودي كاتشب,Goody ketchup,قودي,Goody,Goody,PACKAGED,أطعمة معلبة,معلبات ومربى,ketchup,,KSA,KSA,YES,HIGH,P1,MISSING,,OPENFOODFACTS_VERIFIED,Open Food Facts — Tomato Ketchup,https://world.openfoodfacts.org/product/6281014303644,6281014303644,980 grammes,لكل 100غ,100,17.0,0.2,3.9,0.0,,3.7,129.0,NONE,HIGH,,,,Tomato Ketchup,,0.835,,,قودي,Goody,تغطية OpenFoodFacts للسوق السعودي ضحلة (١٦٤٩٢ منتجًا إجماليًا، وعمق كل علامة عشرات مقابل مئات فعلية) — تُستخدم للتقاطع بالباركود لا كمصدر أول. المصدر المفضّل: كتالوج المصنّع أو كتالوج التجزئة السعودي.
QGAP-01141,NEEDS_HUMAN_REVIEW,الأصل العام موجود في قِمّة — يُحسم بشريًا إن كان المتغيّر يستحق صفًّا مستقلًا · بيانات سوق غير سعودي — تُوسم صراحةً ولا تُقدَّم كقيم سعودية,سنيكرز بروتين بار,Snickers protein bar,سنيكرز,Snickers,Snickers,PACKAGED,حلويات,شوكولاتة,protein bar,,NON_KSA,FOREIGN,NO,VERY_HIGH,P0,EXISTS_GENERIC_ONLY,protein-bar · بار بروتين,OPENFOODFACTS_VERIFIED,Open Food Facts — Snickers Hi Protein Bar,https://world.openfoodfacts.org/product/5060402908248,5060402908248,55 g,1.0 serving (55.0 g),100,387.27,36.36,36.36,13.09,,17.09,0.4,NONE,MEDIUM,,,,Snickers Hi Protein Bar,,0.919,,,سنيكرز,Snickers,تغطية OpenFoodFacts للسوق السعودي ضحلة (١٦٤٩٢ منتجًا إجماليًا، وعمق كل علامة عشرات مقابل مئات فعلية) — تُستخدم للتقاطع بالباركود لا كمصدر أول. المصدر المفضّل: كتالوج المصنّع أو كتالوج التجزئة السعودي.
QGAP-01159,NEEDS_HUMAN_REVIEW,مطابقة آلية بدرجة 0.725 دون حدّ القبول — تحتاج تأكيدًا · بيانات سوق غير سعودي — تُوسم صراحةً ولا تُقدَّم كقيم سعودية,نوتيلا سبريد,Nutella hazelnut spread,نوتيلا,Nutella,Nutella,PACKAGED,حلويات,سبريد,hazelnut spread,,NON_KSA,FOREIGN,NO,HIGH,P1,MISSING,,OPENFOODFACTS_VERIFIED,Open Food Facts — NUTELLA HAZELNUT SPREAD PAIL,https://world.openfoodfacts.org/product/8000500131329,8000500131329,3000 g,100g,100,539.0,6.3,57.5,30.9,,56.3,42.8,NONE,HIGH,,,,NUTELLA HAZELNUT SPREAD PAIL,,0.725,,,نوتيلا,Nutella,تغطية OpenFoodFacts للسوق السعودي ضحلة (١٦٤٩٢ منتجًا إجماليًا، وعمق كل علامة عشرات مقابل مئات فعلية) — تُستخدم للتقاطع بالباركود لا كمصدر أول. المصدر المفضّل: كتالوج المصنّع أو كتالوج التجزئة السعودي.
QGAP-01173,NEEDS_HUMAN_REVIEW,الأصل العام موجود في قِمّة — يُحسم بشريًا إن كان المتغيّر يستحق صفًّا مستقلًا · بيانات سوق غير سعودي — تُوسم صراحةً ولا تُقدَّم كقيم سعودية,ميرندا برتقال,Mirinda orange,ميرندا,Mirinda,Mirinda,PACKAGED,مشروبات,غازية,orange,,NON_KSA,FOREIGN,NO,HIGH,P1,EXISTS_GENERIC_ONLY,orange · برتقال,OPENFOODFACTS_VERIFIED,Open Food Facts — Mirinda orange,https://world.openfoodfacts.org/product/0012000800160,0012000800160,,لكل 100غ,100,53.0,0.0,14.0,0.0,,14.0,0.0,NONE,MEDIUM,,,,Mirinda orange,,0.85,,,ميرندا,Mirinda,تغطية OpenFoodFacts للسوق السعودي ضحلة (١٦٤٩٢ منتجًا إجماليًا، وعمق كل علامة عشرات مقابل مئات فعلية) — تُستخدم للتقاطع بالباركود لا كمصدر أول. المصدر المفضّل: كتالوج المصنّع أو كتالوج التجزئة السعودي.
QGAP-01174,NEEDS_HUMAN_REVIEW,الأصل العام موجود في قِمّة — يُحسم بشريًا إن كان المتغيّر يستحق صفًّا مستقلًا · بيانات سوق غير سعودي — تُوسم صراحةً ولا تُقدَّم كقيم سعودية,ميرندا فراولة,Mirinda strawberry,ميرندا,Mirinda,Mirinda,PACKAGED,مشروبات,غازية,strawberry,,NON_KSA,FOREIGN,NO,HIGH,P1,EXISTS_GENERIC_ONLY,strawberry · فراولة,OPENFOODFACTS_VERIFIED,Open Food Facts — Mirinda strawberry,https://world.openfoodfacts.org/product/0012000057403,0012000057403,,لكل 100غ,100,48.0,,,,,25.0,,NONE,MEDIUM,,,,Mirinda strawberry,,0.85,,,ميرندا,Mirinda,تغطية OpenFoodFacts للسوق السعودي ضحلة (١٦٤٩٢ منتجًا إجماليًا، وعمق كل علامة عشرات مقابل مئات فعلية) — تُستخدم للتقاطع بالباركود لا كمصدر أول. المصدر المفضّل: كتالوج المصنّع أو كتالوج التجزئة السعودي.
QGAP-01179,NEEDS_HUMAN_REVIEW,الأصل العام موجود في قِمّة — يُحسم بشريًا إن كان المتغيّر يستحق صفًّا مستقلًا · بيانات سوق غير سعودي — تُوسم صراحةً ولا تُقدَّم كقيم سعودية,فانتا برتقال,Fanta orange,فانتا,Fanta,Fanta,PACKAGED,مشروبات,غازية,orange,,NON_KSA,FOREIGN,NO,HIGH,P1,EXISTS_GENERIC_ONLY,orange · برتقال,OPENFOODFACTS_VERIFIED,Open Food Facts — Fanta Orange,https://world.openfoodfacts.org/product/87126860,87126860,0.33ml,330 ml,100,32.0,0.0,7.7,0.0,,7.6,8.0,NONE,MEDIUM,,,,Fanta Orange,,0.94,,,فانتا,Fanta,تغطية OpenFoodFacts للسوق السعودي ضحلة (١٦٤٩٢ منتجًا إجماليًا، وعمق كل علامة عشرات مقابل مئات فعلية) — تُستخدم للتقاطع بالباركود لا كمصدر أول. المصدر المفضّل: كتالوج المصنّع أو كتالوج التجزئة السعودي.
QGAP-01180,NEEDS_HUMAN_REVIEW,الأصل العام موجود في قِمّة — يُحسم بشريًا إن كان المتغيّر يستحق صفًّا مستقلًا · بيانات سوق غير سعودي — تُوسم صراحةً ولا تُقدَّم كقيم سعودية,فانتا فراولة,Fanta strawberry,فانتا,Fanta,Fanta,PACKAGED,مشروبات,غازية,strawberry,,NON_KSA,FOREIGN,NO,HIGH,P1,EXISTS_GENERIC_ONLY,strawberry · فراولة,OPENFOODFACTS_VERIFIED,Open Food Facts — Fanta Strawberry,https://world.openfoodfacts.org/product/0049000014266,0049000014266,355ml,لكل 100غ,100,51.0,0.0,13.5,0.0,,13.5,40.0,NONE,MEDIUM,,,,Fanta Strawberry,,0.917,,,فانتا,Fanta,تغطية OpenFoodFacts للسوق السعودي ضحلة (١٦٤٩٢ منتجًا إجماليًا، وعمق كل علامة عشرات مقابل مئات فعلية) — تُستخدم للتقاطع بالباركود لا كمصدر أول. المصدر المفضّل: كتالوج المصنّع أو كتالوج التجزئة السعودي.
QGAP-01186,NEEDS_HUMAN_REVIEW,الأصل العام موجود في قِمّة — يُحسم بشريًا إن كان المتغيّر يستحق صفًّا مستقلًا,باربيكان رمان,Barbican pomegranate,باربيكان,Barbican,Barbican,PACKAGED,مشروبات,شعير,pomegranate,,KSA,UNSPECIFIED,,VERY_HIGH,P0,EXISTS_GENERIC_ONLY,pomegranate · رمان,OFFICIAL_MANUFACTURER,Barbican official product page,,,,,,,,,,,,,NONE,MEDIUM,,,,,,,,,باربيكان,Barbican,تغطية OpenFoodFacts للسوق السعودي ضحلة (١٦٤٩٢ منتجًا إجماليًا، وعمق كل علامة عشرات مقابل مئات فعلية) — تُستخدم للتقاطع بالباركود لا كمصدر أول. المصدر المفضّل: كتالوج المصنّع أو كتالوج التجزئة السعودي.
QGAP-01188,NEEDS_HUMAN_REVIEW,الأصل العام موجود في قِمّة — يُحسم بشريًا إن كان المتغيّر يستحق صفًّا مستقلًا,باربيكان أناناس,Barbican pineapple,باربيكان,Barbican,Barbican,PACKAGED,مشروبات,شعير,pineapple,,KSA,UNSPECIFIED,,VERY_HIGH,P0,EXISTS_GENERIC_ONLY,pineapple · أناناس,OFFICIAL_MANUFACTURER,Barbican official product page,,,,,,,,,,,,,NONE,MEDIUM,,,,,,,,,باربيكان,Barbican,تغطية OpenFoodFacts للسوق السعودي ضحلة (١٦٤٩٢ منتجًا إجماليًا، وعمق كل علامة عشرات مقابل مئات فعلية) — تُستخدم للتقاطع بالباركود لا كمصدر أول. المصدر المفضّل: كتالوج المصنّع أو كتالوج التجزئة السعودي.
QGAP-01192,NEEDS_HUMAN_REVIEW,الأصل العام موجود في قِمّة — يُحسم بشريًا إن كان المتغيّر يستحق صفًّا مستقلًا,موسي تفاح,Moussy apple,موسي,Moussy,Moussy,PACKAGED,مشروبات,شعير,apple,,KSA,UNSPECIFIED,,HIGH,P1,EXISTS_GENERIC_ONLY,apple · تفاح,OFFICIAL_MANUFACTURER,Moussy official product page,,,,,,,,,,,,,NONE,MEDIUM,,,,,,,,,موسي,Moussy,تغطية OpenFoodFacts للسوق السعودي ضحلة (١٦٤٩٢ منتجًا إجماليًا، وعمق كل علامة عشرات مقابل مئات فعلية) — تُستخدم للتقاطع بالباركود لا كمصدر أول. المصدر المفضّل: كتالوج المصنّع أو كتالوج التجزئة السعودي.
QGAP-01197,NEEDS_HUMAN_REVIEW,الأصل العام موجود في قِمّة — يُحسم بشريًا إن كان المتغيّر يستحق صفًّا مستقلًا,فيمتو فوّار,Vimto sparkling,فيمتو,Vimto,Vimto,PACKAGED,مشروبات,شراب,sparkling,,KSA,KSA,YES,VERY_HIGH,P1,EXISTS_GENERIC_ONLY,vimto · فيمتو,OPENFOODFACTS_VERIFIED,Open Food Facts — Fizzy Vimto sparkling fruit,https://world.openfoodfacts.org/product/6281034001018,6281034001018,250 ml,250 ml,100,20.4,0.0,5.08,0.0,0.0,5.08,8.0,NONE,MEDIUM,,,,Fizzy Vimto sparkling fruit,,0.721,,,فيمتو,Vimto,تغطية OpenFoodFacts للسوق السعودي ضحلة (١٦٤٩٢ منتجًا إجماليًا، وعمق كل علامة عشرات مقابل مئات فعلية) — تُستخدم للتقاطع بالباركود لا كمصدر أول. المصدر المفضّل: كتالوج المصنّع أو كتالوج التجزئة السعودي.
QGAP-01215,NEEDS_HUMAN_REVIEW,الأصل العام موجود في قِمّة — يُحسم بشريًا إن كان المتغيّر يستحق صفًّا مستقلًا,سنبلة بطاطس مقلية مجمدة,Sunbulah frozen french fries,سنبلة,Sunbulah,Sunbulah,PACKAGED,مجمدات,معجنات ومجمدات,frozen french fries,,KSA,KSA,,VERY_HIGH,P0,EXISTS_GENERIC_ONLY,fries · بطاطس مقلية,OFFICIAL_LOCAL,Saudi retailer catalogue (Panda/Othaim/Tamimi/Nana) + barcode,,,,,,,,,,,,,NONE,MEDIUM,,,,,,,,,سنبلة,Sunbulah,تغطية OpenFoodFacts للسوق السعودي ضحلة (١٦٤٩٢ منتجًا إجماليًا، وعمق كل علامة عشرات مقابل مئات فعلية) — تُستخدم للتقاطع بالباركود لا كمصدر أول. المصدر المفضّل: كتالوج المصنّع أو كتالوج التجزئة السعودي.
QGAP-01216,NEEDS_HUMAN_REVIEW,الأصل العام موجود في قِمّة — يُحسم بشريًا إن كان المتغيّر يستحق صفًّا مستقلًا,سنبلة خضار مشكلة مجمدة,Sunbulah frozen mixed vegetables,سنبلة,Sunbulah,Sunbulah,PACKAGED,مجمدات,معجنات ومجمدات,frozen mixed vegetables,,KSA,KSA,YES,VERY_HIGH,P0,EXISTS_GENERIC_ONLY,mixed-vegetables · خضار مشكلة,OPENFOODFACTS_VERIFIED,Open Food Facts — Mixed vegetables,https://world.openfoodfacts.org/product/6281073150180,6281073150180,,لكل 100غ,100,56.0,3.0,9.0,0.3,4.0,5.0,18.0,NONE,MEDIUM,,,,Mixed vegetables,,0.9,,,سنبلة,Sunbulah,تغطية OpenFoodFacts للسوق السعودي ضحلة (١٦٤٩٢ منتجًا إجماليًا، وعمق كل علامة عشرات مقابل مئات فعلية) — تُستخدم للتقاطع بالباركود لا كمصدر أول. المصدر المفضّل: كتالوج المصنّع أو كتالوج التجزئة السعودي.
QGAP-01222,NEEDS_HUMAN_REVIEW,الأصل العام موجود في قِمّة — يُحسم بشريًا إن كان المتغيّر يستحق صفًّا مستقلًا,سنبلة نجت دجاج,Sunbulah chicken nuggets,سنبلة,Sunbulah,Sunbulah,PACKAGED,مجمدات,معجنات ومجمدات,chicken nuggets,,KSA,KSA,,VERY_HIGH,P0,EXISTS_GENERIC_ONLY,chicken-nuggets · ناجتس دجاج,OFFICIAL_LOCAL,Saudi retailer catalogue (Panda/Othaim/Tamimi/Nana) + barcode,,,,,,,,,,,,,NONE,MEDIUM,,,,,,,,,سنبلة,Sunbulah,تغطية OpenFoodFacts للسوق السعودي ضحلة (١٦٤٩٢ منتجًا إجماليًا، وعمق كل علامة عشرات مقابل مئات فعلية) — تُستخدم للتقاطع بالباركود لا كمصدر أول. المصدر المفضّل: كتالوج المصنّع أو كتالوج التجزئة السعودي.
QGAP-01226,NEEDS_HUMAN_REVIEW,الأصل العام موجود في قِمّة — يُحسم بشريًا إن كان المتغيّر يستحق صفًّا مستقلًا,الكبير سمبوسة لحم,Al Kabeer meat samosa,الكبير,Al Kabeer,Al Kabeer,PACKAGED,مجمدات,مجمدات,meat samosa,,KSA,KSA,,VERY_HIGH,P0,EXISTS_GENERIC_ONLY,samosa-meat · سمبوسة لحم,OFFICIAL_LOCAL,Saudi retailer catalogue (Panda/Othaim/Tamimi/Nana) + barcode,,,,,,,,,,,,,NONE,MEDIUM,,,,,,,,,الكبير,Al Kabeer,تغطية OpenFoodFacts للسوق السعودي ضحلة (١٦٤٩٢ منتجًا إجماليًا، وعمق كل علامة عشرات مقابل مئات فعلية) — تُستخدم للتقاطع بالباركود لا كمصدر أول. المصدر المفضّل: كتالوج المصنّع أو كتالوج التجزئة السعودي.
QGAP-01228,NEEDS_HUMAN_REVIEW,الأصل العام موجود في قِمّة — يُحسم بشريًا إن كان المتغيّر يستحق صفًّا مستقلًا · بيانات سوق غير سعودي — تُوسم صراحةً ولا تُقدَّم كقيم سعودية,الكبير برجر لحم,Al Kabeer beef burger,الكبير,Al Kabeer,Al Kabeer,PACKAGED,مجمدات,مجمدات,beef burger,,NON_KSA,FOREIGN,NO,VERY_HIGH,P0,EXISTS_GENERIC_ONLY,beef-burger · برجر لحم,OPENFOODFACTS_VERIFIED,Open Food Facts — Beef Burger,https://world.openfoodfacts.org/product/5033712410053,5033712410053,,100 g,100,176.0,18.0,8.7,7.7,0.0,0.4,509.0,NONE,MEDIUM,,,,Beef Burger,Beef Burger,0.88,,,الكبير,Al Kabeer,تغطية OpenFoodFacts للسوق السعودي ضحلة (١٦٤٩٢ منتجًا إجماليًا، وعمق كل علامة عشرات مقابل مئات فعلية) — تُستخدم للتقاطع بالباركود لا كمصدر أول. المصدر المفضّل: كتالوج المصنّع أو كتالوج التجزئة السعودي.
QGAP-01229,NEEDS_HUMAN_REVIEW,الأصل العام موجود في قِمّة — يُحسم بشريًا إن كان المتغيّر يستحق صفًّا مستقلًا,الكبير برجر دجاج,Al Kabeer chicken burger,الكبير,Al Kabeer,Al Kabeer,PACKAGED,مجمدات,مجمدات,chicken burger,,KSA,KSA,YES,VERY_HIGH,P0,EXISTS_GENERIC_ONLY,chicken-burger · برجر دجاج,OPENFOODFACTS_VERIFIED,Open Food Facts — Chicken Burger's,https://world.openfoodfacts.org/product/5033712160033,5033712160033,,100 g,100,185.0,16.0,7.6,10.0,,,,NONE,MEDIUM,,,,Chicken Burger's,,1.148,,,الكبير,Al Kabeer,تغطية OpenFoodFacts للسوق السعودي ضحلة (١٦٤٩٢ منتجًا إجماليًا، وعمق كل علامة عشرات مقابل مئات فعلية) — تُستخدم للتقاطع بالباركود لا كمصدر أول. المصدر المفضّل: كتالوج المصنّع أو كتالوج التجزئة السعودي.
QGAP-01230,NEEDS_HUMAN_REVIEW,الأصل العام موجود في قِمّة — يُحسم بشريًا إن كان المتغيّر يستحق صفًّا مستقلًا,الكبير نجت دجاج,Al Kabeer chicken nuggets,الكبير,Al Kabeer,Al Kabeer,PACKAGED,مجمدات,مجمدات,chicken nuggets,,KSA,KSA,YES,VERY_HIGH,P0,EXISTS_GENERIC_ONLY,chicken-nuggets · ناجتس دجاج,OPENFOODFACTS_VERIFIED,Open Food Facts — Chicken nuggets,https://world.openfoodfacts.org/product/5033712162334,5033712162334,400g,100 g,100,148.0,14.0,18.0,2.0,3.0,4.0,592.0,NONE,MEDIUM,,,,Chicken nuggets,,1.146,,,الكبير,Al Kabeer,تغطية OpenFoodFacts للسوق السعودي ضحلة (١٦٤٩٢ منتجًا إجماليًا، وعمق كل علامة عشرات مقابل مئات فعلية) — تُستخدم للتقاطع بالباركود لا كمصدر أول. المصدر المفضّل: كتالوج المصنّع أو كتالوج التجزئة السعودي.
QGAP-01238,NEEDS_HUMAN_REVIEW,الأصل العام موجود في قِمّة — يُحسم بشريًا إن كان المتغيّر يستحق صفًّا مستقلًا,أمريكانا برجر لحم,Americana beef burger,أمريكانا,Americana,Americana,PACKAGED,مجمدات,مجمدات,beef burger,,KSA,KSA,YES,VERY_HIGH,P0,EXISTS_GENERIC_ONLY,beef-burger · برجر لحم,OPENFOODFACTS_VERIFIED,Open Food Facts — Beef burger,https://world.openfoodfacts.org/product/6281050826350,6281050826350,,لكل 100غ,100,210.0,14.0,6.0,15.0,,1.0,,NONE,MEDIUM,,,,Beef burger,,1.1,,,أمريكانا,Americana,تغطية OpenFoodFacts للسوق السعودي ضحلة (١٦٤٩٢ منتجًا إجماليًا، وعمق كل علامة عشرات مقابل مئات فعلية) — تُستخدم للتقاطع بالباركود لا كمصدر أول. المصدر المفضّل: كتالوج المصنّع أو كتالوج التجزئة السعودي.
QGAP-01239,NEEDS_HUMAN_REVIEW,الأصل العام موجود في قِمّة — يُحسم بشريًا إن كان المتغيّر يستحق صفًّا مستقلًا,أمريكانا برجر دجاج,Americana chicken burger,أمريكانا,Americana,Americana,PACKAGED,مجمدات,مجمدات,chicken burger,,KSA,KSA,YES,VERY_HIGH,P0,EXISTS_GENERIC_ONLY,chicken-burger · برجر دجاج,OPENFOODFACTS_VERIFIED,Open Food Facts — Chicken burger,https://world.openfoodfacts.org/product/6281050114273,6281050114273,,لكل 100غ,100,170.0,16.0,5.0,9.0,,1.0,,NONE,MEDIUM,,,,Chicken burger,,1.1,,,أمريكانا,Americana,تغطية OpenFoodFacts للسوق السعودي ضحلة (١٦٤٩٢ منتجًا إجماليًا، وعمق كل علامة عشرات مقابل مئات فعلية) — تُستخدم للتقاطع بالباركود لا كمصدر أول. المصدر المفضّل: كتالوج المصنّع أو كتالوج التجزئة السعودي.
QGAP-01240,NEEDS_HUMAN_REVIEW,الأصل العام موجود في قِمّة — يُحسم بشريًا إن كان المتغيّر يستحق صفًّا مستقلًا,أمريكانا نجت دجاج,Americana chicken nuggets,أمريكانا,Americana,Americana,PACKAGED,مجمدات,مجمدات,chicken nuggets,,KSA,KSA,YES,VERY_HIGH,P0,EXISTS_GENERIC_ONLY,chicken-nuggets · ناجتس دجاج,OPENFOODFACTS_VERIFIED,Open Food Facts — Chicken Nuggets,https://world.openfoodfacts.org/product/6281050114280,6281050114280,,لكل 100غ,100,220.0,16.0,18.0,9.0,,1.0,300.0,NONE,MEDIUM,,,,Chicken Nuggets,,1.1,,,أمريكانا,Americana,تغطية OpenFoodFacts للسوق السعودي ضحلة (١٦٤٩٢ منتجًا إجماليًا، وعمق كل علامة عشرات مقابل مئات فعلية) — تُستخدم للتقاطع بالباركود لا كمصدر أول. المصدر المفضّل: كتالوج المصنّع أو كتالوج التجزئة السعودي.
QGAP-01246,NEEDS_HUMAN_REVIEW,الأصل العام موجود في قِمّة — يُحسم بشريًا إن كان المتغيّر يستحق صفًّا مستقلًا,أمريكانا بطاطس,Americana french fries,أمريكانا,Americana,Americana,PACKAGED,مجمدات,مجمدات,french fries,,KSA,KSA,,VERY_HIGH,P0,EXISTS_GENERIC_ONLY,fries · بطاطس مقلية,OFFICIAL_LOCAL,Saudi retailer catalogue (Panda/Othaim/Tamimi/Nana) + barcode,,,,,,,,,,,,,NONE,MEDIUM,,,,,,,,,أمريكانا,Americana,تغطية OpenFoodFacts للسوق السعودي ضحلة (١٦٤٩٢ منتجًا إجماليًا، وعمق كل علامة عشرات مقابل مئات فعلية) — تُستخدم للتقاطع بالباركود لا كمصدر أول. المصدر المفضّل: كتالوج المصنّع أو كتالوج التجزئة السعودي.
QGAP-01248,NEEDS_HUMAN_REVIEW,الأصل العام موجود في قِمّة — يُحسم بشريًا إن كان المتغيّر يستحق صفًّا مستقلًا,أمريكانا مرتديلا,Americana mortadella,أمريكانا,Americana,Americana,PACKAGED,مجمدات,مجمدات,mortadella,,KSA,KSA,,VERY_HIGH,P0,EXISTS_GENERIC_ONLY,gcc-28 · مرتديلا,OFFICIAL_LOCAL,Saudi retailer catalogue (Panda/Othaim/Tamimi/Nana) + barcode,,,,,,,,,,,,,NONE,MEDIUM,,,,,,,,,أمريكانا,Americana,تغطية OpenFoodFacts للسوق السعودي ضحلة (١٦٤٩٢ منتجًا إجماليًا، وعمق كل علامة عشرات مقابل مئات فعلية) — تُستخدم للتقاطع بالباركود لا كمصدر أول. المصدر المفضّل: كتالوج المصنّع أو كتالوج التجزئة السعودي.
QGAP-01249,NEEDS_HUMAN_REVIEW,الأصل العام موجود في قِمّة — يُحسم بشريًا إن كان المتغيّر يستحق صفًّا مستقلًا,أمريكانا لحم مفروم,Americana minced meat,أمريكانا,Americana,Americana,PACKAGED,مجمدات,مجمدات,minced meat,,KSA,KSA,,VERY_HIGH,P0,EXISTS_GENERIC_ONLY,ground-beef · لحم مفروم,OFFICIAL_LOCAL,Saudi retailer catalogue (Panda/Othaim/Tamimi/Nana) + barcode,,,,,,,,,,,,,NONE,MEDIUM,,,,,,,,,أمريكانا,Americana,تغطية OpenFoodFacts للسوق السعودي ضحلة (١٦٤٩٢ منتجًا إجماليًا، وعمق كل علامة عشرات مقابل مئات فعلية) — تُستخدم للتقاطع بالباركود لا كمصدر أول. المصدر المفضّل: كتالوج المصنّع أو كتالوج التجزئة السعودي.
QGAP-01260,NEEDS_HUMAN_REVIEW,مطابقة آلية بدرجة 0.835 دون حدّ القبول — تحتاج تأكيدًا,سيارا نجت,Seara nuggets,سيارا,Seara,Seara,PACKAGED,مجمدات,دواجن,nuggets,,KSA,KSA,YES,HIGH,P1,MISSING,,OPENFOODFACTS_VERIFIED,Open Food Facts — Chicken Nuggets by Seara,https://world.openfoodfacts.org/product/7894904256358,7894904256358,,لكل 100غ,100,190.0,15.0,19.0,6.0,1.0,1.0,510.0,NONE,HIGH,,,,Chicken Nuggets by Seara,,0.835,,,سيارا,Seara,تغطية OpenFoodFacts للسوق السعودي ضحلة (١٦٤٩٢ منتجًا إجماليًا، وعمق كل علامة عشرات مقابل مئات فعلية) — تُستخدم للتقاطع بالباركود لا كمصدر أول. المصدر المفضّل: كتالوج المصنّع أو كتالوج التجزئة السعودي.
QGAP-01265,NEEDS_HUMAN_REVIEW,الأصل العام موجود في قِمّة — يُحسم بشريًا إن كان المتغيّر يستحق صفًّا مستقلًا,الوطنية دجاج مفروم,Alwatania Poultry minced chicken,الوطنية,Alwatania Poultry,Alwatania Poultry,PACKAGED,مجمدات,دواجن,minced chicken,,KSA,KSA,,VERY_HIGH,P1,EXISTS_GENERIC_ONLY,chicken-mince · دجاج مفروم,OFFICIAL_LOCAL,Saudi retailer catalogue (Panda/Othaim/Tamimi/Nana) + barcode,,,,,,,,,,,,,NONE,MEDIUM,,,,,,,,,الوطنية,Alwatania Poultry,تغطية OpenFoodFacts للسوق السعودي ضحلة (١٦٤٩٢ منتجًا إجماليًا، وعمق كل علامة عشرات مقابل مئات فعلية) — تُستخدم للتقاطع بالباركود لا كمصدر أول. المصدر المفضّل: كتالوج المصنّع أو كتالوج التجزئة السعودي.
QGAP-01269,NEEDS_HUMAN_REVIEW,الأصل العام موجود في قِمّة — يُحسم بشريًا إن كان المتغيّر يستحق صفًّا مستقلًا,تنمية برجر دجاج,Tanmiah chicken burger,تنمية,Tanmiah,Tanmiah,PACKAGED,مجمدات,دواجن,chicken burger,,KSA,KSA,,HIGH,P1,EXISTS_GENERIC_ONLY,chicken-burger · برجر دجاج,OFFICIAL_LOCAL,Saudi retailer catalogue (Panda/Othaim/Tamimi/Nana) + barcode,,,,,,,,,,,,,NONE,MEDIUM,,,,,,,,,تنمية,Tanmiah,تغطية OpenFoodFacts للسوق السعودي ضحلة (١٦٤٩٢ منتجًا إجماليًا، وعمق كل علامة عشرات مقابل مئات فعلية) — تُستخدم للتقاطع بالباركود لا كمصدر أول. المصدر المفضّل: كتالوج المصنّع أو كتالوج التجزئة السعودي.
QGAP-01274,NEEDS_HUMAN_REVIEW,الأصل العام موجود في قِمّة — يُحسم بشريًا إن كان المتغيّر يستحق صفًّا مستقلًا,إمبورج زبدة,Emborg butter,إمبورج,Emborg,Emborg,PACKAGED,مجمدات,مجمدات,butter,,KSA,UNSPECIFIED,,MEDIUM,P2,EXISTS_GENERIC_ONLY,butter · زبدة,OFFICIAL_MANUFACTURER,Emborg official product page,,,,,,,,,,,,,NONE,MEDIUM,,,,,,,,,إمبورج,Emborg,تغطية OpenFoodFacts للسوق السعودي ضحلة (١٦٤٩٢ منتجًا إجماليًا، وعمق كل علامة عشرات مقابل مئات فعلية) — تُستخدم للتقاطع بالباركود لا كمصدر أول. المصدر المفضّل: كتالوج المصنّع أو كتالوج التجزئة السعودي.
QGAP-01278,NEEDS_HUMAN_REVIEW,مطابقة آلية بدرجة 0.752 دون حدّ القبول — تحتاج تأكيدًا,أبو كاس أرز سيلا,Abu Kass sella rice,أبو كاس,Abu Kass,Abu Kass,PACKAGED,حبوب,أرز,sella rice,,KSA,KSA,YES,VERY_HIGH,P1,MISSING,,OPENFOODFACTS_VERIFIED,Open Food Facts — Indian sella Basmati Rice,https://world.openfoodfacts.org/product/6281100410072,6281100410072,5 kg,لكل 100غ,100,349.0,7.4,79.49,0.61,,0.0,,NONE,HIGH,,,,Indian sella Basmati Rice,,0.752,,,أبو كاس,Abu Kass,تغطية OpenFoodFacts للسوق السعودي ضحلة (١٦٤٩٢ منتجًا إجماليًا، وعمق كل علامة عشرات مقابل مئات فعلية) — تُستخدم للتقاطع بالباركود لا كمصدر أول. المصدر المفضّل: كتالوج المصنّع أو كتالوج التجزئة السعودي.
QGAP-01281,NEEDS_HUMAN_REVIEW,مطابقة آلية بدرجة 0.725 دون حدّ القبول — تحتاج تأكيدًا,عافية زيت دوار الشمس,Afia sunflower oil,عافية,Afia,Afia,PACKAGED,دهون,زيوت,sunflower oil,,KSA,KSA,YES,VERY_HIGH,P1,MISSING,,OPENFOODFACTS_VERIFIED,Open Food Facts — Light Tuna In Sunflower Oil,https://world.openfoodfacts.org/product/6281011633324,6281011633324,,65 g,100,329.23,33.85,0.0,21.54,,,,NONE,HIGH,,,,Light Tuna In Sunflower Oil,,0.725,,,عافية,Afia,تغطية OpenFoodFacts للسوق السعودي ضحلة (١٦٤٩٢ منتجًا إجماليًا، وعمق كل علامة عشرات مقابل مئات فعلية) — تُستخدم للتقاطع بالباركود لا كمصدر أول. المصدر المفضّل: كتالوج المصنّع أو كتالوج التجزئة السعودي.
QGAP-01284,NEEDS_HUMAN_REVIEW,الأصل العام موجود في قِمّة — يُحسم بشريًا إن كان المتغيّر يستحق صفًّا مستقلًا,عافية زيت زيتون,Afia olive oil,عافية,Afia,Afia,PACKAGED,دهون,زيوت,olive oil,,KSA,UNSPECIFIED,,VERY_HIGH,P1,EXISTS_GENERIC_ONLY,olive-oil · زيت زيتون,OFFICIAL_MANUFACTURER,Afia official product page,,,,,,,,,,,,,NONE,MEDIUM,,,,,,,,,عافية,Afia,تغطية OpenFoodFacts للسوق السعودي ضحلة (١٦٤٩٢ منتجًا إجماليًا، وعمق كل علامة عشرات مقابل مئات فعلية) — تُستخدم للتقاطع بالباركود لا كمصدر أول. المصدر المفضّل: كتالوج المصنّع أو كتالوج التجزئة السعودي.
QGAP-01290,NEEDS_HUMAN_REVIEW,الأصل العام موجود في قِمّة — يُحسم بشريًا إن كان المتغيّر يستحق صفًّا مستقلًا,العلالي فول مدمس,Al Alali foul mudammas,العلالي,Al Alali,Al Alali,PACKAGED,أطعمة معلبة,معلبات,foul mudammas,,KSA,KSA,,VERY_HIGH,P1,EXISTS_GENERIC_ONLY,foul-mudammas · فول مدمس,OFFICIAL_LOCAL,Saudi retailer catalogue (Panda/Othaim/Tamimi/Nana) + barcode,,,,,,,,,,,,,NONE,MEDIUM,,,,,,,,,العلالي,Al Alali,تغطية OpenFoodFacts للسوق السعودي ضحلة (١٦٤٩٢ منتجًا إجماليًا، وعمق كل علامة عشرات مقابل مئات فعلية) — تُستخدم للتقاطع بالباركود لا كمصدر أول. المصدر المفضّل: كتالوج المصنّع أو كتالوج التجزئة السعودي.
QGAP-01292,NEEDS_HUMAN_REVIEW,الأصل العام موجود في قِمّة — يُحسم بشريًا إن كان المتغيّر يستحق صفًّا مستقلًا,العلالي ذرة حلوة,Al Alali sweet corn,العلالي,Al Alali,Al Alali,PACKAGED,أطعمة معلبة,معلبات,sweet corn,,KSA,KSA,,VERY_HIGH,P1,EXISTS_GENERIC_ONLY,corn · ذرة,OFFICIAL_LOCAL,Saudi retailer catalogue (Panda/Othaim/Tamimi/Nana) + barcode,,,,,,,,,,,,,NONE,MEDIUM,,,,,,,,,العلالي,Al Alali,تغطية OpenFoodFacts للسوق السعودي ضحلة (١٦٤٩٢ منتجًا إجماليًا، وعمق كل علامة عشرات مقابل مئات فعلية) — تُستخدم للتقاطع بالباركود لا كمصدر أول. المصدر المفضّل: كتالوج المصنّع أو كتالوج التجزئة السعودي.
QGAP-01293,NEEDS_HUMAN_REVIEW,الأصل العام موجود في قِمّة — يُحسم بشريًا إن كان المتغيّر يستحق صفًّا مستقلًا,العلالي فاصوليا,Al Alali beans,العلالي,Al Alali,Al Alali,PACKAGED,أطعمة معلبة,معلبات,beans,,KSA,KSA,,VERY_HIGH,P1,EXISTS_GENERIC_ONLY,beans-white · فاصوليا,OFFICIAL_LOCAL,Saudi retailer catalogue (Panda/Othaim/Tamimi/Nana) + barcode,,,,,,,,,,,,,NONE,MEDIUM,,,,,,,,,العلالي,Al Alali,تغطية OpenFoodFacts للسوق السعودي ضحلة (١٦٤٩٢ منتجًا إجماليًا، وعمق كل علامة عشرات مقابل مئات فعلية) — تُستخدم للتقاطع بالباركود لا كمصدر أول. المصدر المفضّل: كتالوج المصنّع أو كتالوج التجزئة السعودي.
QGAP-01313,NEEDS_HUMAN_REVIEW,الأصل العام موجود في قِمّة — يُحسم بشريًا إن كان المتغيّر يستحق صفًّا مستقلًا,لونا تونة بالزيت,Luna tuna in oil,لونا,Luna,Luna,PACKAGED,أطعمة معلبة,معلبات,tuna in oil,,KSA,KSA,,HIGH,P1,EXISTS_GENERIC_ONLY,tuna-oil · تونة بالزيت,OFFICIAL_LOCAL,Saudi retailer catalogue (Panda/Othaim/Tamimi/Nana) + barcode,,,,,,,,,,,,,NONE,MEDIUM,,,,,,,,,لونا,Luna,تغطية OpenFoodFacts للسوق السعودي ضحلة (١٦٤٩٢ منتجًا إجماليًا، وعمق كل علامة عشرات مقابل مئات فعلية) — تُستخدم للتقاطع بالباركود لا كمصدر أول. المصدر المفضّل: كتالوج المصنّع أو كتالوج التجزئة السعودي.
QGAP-01334,NEEDS_HUMAN_REVIEW,مطابقة آلية بدرجة 0.715 دون حدّ القبول — تحتاج تأكيدًا · بيانات سوق غير سعودي — تُوسم صراحةً ولا تُقدَّم كقيم سعودية,كنور مكعبات مرق,Knorr stock cubes,كنور,Knorr,Knorr,PACKAGED,أطعمة معلبة,توابل وشوربات,stock cubes,,NON_KSA,FOREIGN,NO,HIGH,P2,MISSING,,OPENFOODFACTS_VERIFIED,Open Food Facts — Chicken Stock Cubes,https://world.openfoodfacts.org/product/8722700750185,8722700750185,200 g,1 portion (100 ml),100,7.0,0.03,0.5,0.5,0.03,0.03,362.0,NONE,HIGH,,,,Chicken Stock Cubes,,0.715,,,كنور,Knorr,تغطية OpenFoodFacts للسوق السعودي ضحلة (١٦٤٩٢ منتجًا إجماليًا، وعمق كل علامة عشرات مقابل مئات فعلية) — تُستخدم للتقاطع بالباركود لا كمصدر أول. المصدر المفضّل: كتالوج المصنّع أو كتالوج التجزئة السعودي.
QGAP-01337,NEEDS_HUMAN_REVIEW,الأصل العام موجود في قِمّة — يُحسم بشريًا إن كان المتغيّر يستحق صفًّا مستقلًا · بيانات سوق غير سعودي — تُوسم صراحةً ولا تُقدَّم كقيم سعودية,كيلوقز كورن فليكس,Kellogg's Corn Flakes,كيلوقز,Kellogg's,Kellogg's,PACKAGED,فطور,حبوب إفطار,Corn Flakes,,NON_KSA,FOREIGN,NO,HIGH,P1,EXISTS_GENERIC_ONLY,cornflakes · كورن فليكس,OPENFOODFACTS_VERIFIED,Open Food Facts — Corn Flakes,https://world.openfoodfacts.org/product/5050083390739,5050083390739,20 g,لكل 100غ,100,378.0,7.0,84.0,0.9,3.0,8.0,452.0,NONE,MEDIUM,,,,Corn Flakes,,0.85,,,كيلوقز,Kellogg's,تغطية OpenFoodFacts للسوق السعودي ضحلة (١٦٤٩٢ منتجًا إجماليًا، وعمق كل علامة عشرات مقابل مئات فعلية) — تُستخدم للتقاطع بالباركود لا كمصدر أول. المصدر المفضّل: كتالوج المصنّع أو كتالوج التجزئة السعودي.
QGAP-01350,NEEDS_HUMAN_REVIEW,الأصل العام موجود في قِمّة — يُحسم بشريًا إن كان المتغيّر يستحق صفًّا مستقلًا · بيانات سوق غير سعودي — تُوسم صراحةً ولا تُقدَّم كقيم سعودية,بوبينز كورن فليكس,Poppins corn flakes,بوبينز,Poppins,Poppins,PACKAGED,فطور,حبوب إفطار,corn flakes,,NON_KSA,FOREIGN,NO,MEDIUM,P2,EXISTS_GENERIC_ONLY,cornflakes · كورن فليكس,OPENFOODFACTS_VERIFIED,Open Food Facts — Corn Flakes,https://world.openfoodfacts.org/product/02655642,02655642,,لكل 100غ,100,380.0,7.33,86.0,0.67,1.67,10.0,697.0,NONE,MEDIUM,,,,Corn Flakes,,0.85,,,بوبينز,Poppins,تغطية OpenFoodFacts للسوق السعودي ضحلة (١٦٤٩٢ منتجًا إجماليًا، وعمق كل علامة عشرات مقابل مئات فعلية) — تُستخدم للتقاطع بالباركود لا كمصدر أول. المصدر المفضّل: كتالوج المصنّع أو كتالوج التجزئة السعودي.
QGAP-01380,NEEDS_HUMAN_REVIEW,مطابقة آلية بدرجة 0.777 دون حدّ القبول — تحتاج تأكيدًا · بيانات سوق غير سعودي — تُوسم صراحةً ولا تُقدَّم كقيم سعودية,أوبتيموم نيوترشن جولد ستاندرد واي شوكولاتة,Optimum Nutrition Gold Standard Whey Chocolate,أوبتيموم نيوترشن,Optimum Nutrition,Optimum Nutrition,PACKAGED,لياقة وبروتين,بروتين باودر,Gold Standard Whey Chocolate,,NON_KSA,FOREIGN,NO,HIGH,P1,MISSING,,OPENFOODFACTS_VERIFIED,Open Food Facts — whey gold standard,https://world.openfoodfacts.org/product/5060469988467,5060469988467,899 g,31 g,100,374.19,76.0,5.3,4.6,2.3,3.2,149.0,NONE,HIGH,,,,whey gold standard,,0.777,,,أوبتيموم نيوترشن,Optimum Nutrition,
QGAP-01385,NEEDS_HUMAN_REVIEW,مطابقة آلية بدرجة 0.729 دون حدّ القبول — تحتاج تأكيدًا · بيانات سوق غير سعودي — تُوسم صراحةً ولا تُقدَّم كقيم سعودية,أوبتيموم نيوترشن سيريس ماس,Optimum Nutrition Serious Mass gainer,أوبتيموم نيوترشن,Optimum Nutrition,Optimum Nutrition,PACKAGED,لياقة وبروتين,بروتين باودر,Serious Mass gainer,,NON_KSA,FOREIGN,NO,HIGH,P1,MISSING,,OPENFOODFACTS_VERIFIED,Open Food Facts — serious mass,https://world.openfoodfacts.org/product/5060245600446,5060245600446,5.45 kg,336 g,100,375.6,14.88,73.81,2.08,,3.27,139.29,NONE,HIGH,,,,serious mass,,0.729,,,أوبتيموم نيوترشن,Optimum Nutrition,
QGAP-01387,NEEDS_HUMAN_REVIEW,مطابقة آلية بدرجة 0.715 دون حدّ القبول — تحتاج تأكيدًا · بيانات سوق غير سعودي — تُوسم صراحةً ولا تُقدَّم كقيم سعودية,ماي بروتين إمباكت واي,MyProtein Impact Whey,ماي بروتين,MyProtein,MyProtein,PACKAGED,لياقة وبروتين,بروتين باودر,Impact Whey,,NON_KSA,FOREIGN,NO,MEDIUM,P2,MISSING,,OPENFOODFACTS_VERIFIED,Open Food Facts — Impact Whey Protein,https://world.openfoodfacts.org/product/5055534320259,5055534320259,1 kg e,30 g,100,370.0,70.0,6.33,19.67,0.0,0.0,0.0,NONE,HIGH,,,,Impact Whey Protein,,0.715,,,ماي بروتين,MyProtein,
QGAP-01388,NEEDS_HUMAN_REVIEW,مطابقة آلية بدرجة 0.705 دون حدّ القبول — تحتاج تأكيدًا · بيانات سوق غير سعودي — تُوسم صراحةً ولا تُقدَّم كقيم سعودية,ماي بروتين كلير واي,MyProtein Clear Whey,ماي بروتين,MyProtein,MyProtein,PACKAGED,لياقة وبروتين,بروتين باودر,Clear Whey,,NON_KSA,FOREIGN,NO,MEDIUM,P2,MISSING,,OPENFOODFACTS_VERIFIED,Open Food Facts — Clear Whey Isolate,https://world.openfoodfacts.org/product/5056379503869,5056379503869,498g,1 scoop (24.9 g),100,332.0,81.12,0.8,0.4,,0.8,8.03,NONE,HIGH,,,,Clear Whey Isolate,,0.705,,,ماي بروتين,MyProtein,
QGAP-01390,NEEDS_HUMAN_REVIEW,الأصل العام موجود في قِمّة — يُحسم بشريًا إن كان المتغيّر يستحق صفًّا مستقلًا · بيانات سوق غير سعودي — تُوسم صراحةً ولا تُقدَّم كقيم سعودية,ماي بروتين بروتين بار,MyProtein protein bar,ماي بروتين,MyProtein,MyProtein,PACKAGED,لياقة وبروتين,بروتين باودر,protein bar,,NON_KSA,FOREIGN,NO,MEDIUM,P2,EXISTS_GENERIC_ONLY,protein-bar · بار بروتين,OPENFOODFACTS_VERIFIED,Open Food Facts — High protein bar,https://world.openfoodfacts.org/product/5055936873742,5055936873742,80 g,80g,100,328.0,38.0,29.0,7.9,13.0,4.7,280.0,NONE,MEDIUM,,,,High protein bar,,0.704,,,ماي بروتين,MyProtein,
QGAP-01400,NEEDS_HUMAN_REVIEW,الأصل العام موجود في قِمّة — يُحسم بشريًا إن كان المتغيّر يستحق صفًّا مستقلًا,تشوباني زبادي يوناني سادة,Chobani Greek yogurt plain,تشوباني,Chobani,Chobani,PACKAGED,لياقة وبروتين,منتجات عالية البروتين,Greek yogurt plain,,KSA,UNSPECIFIED,,MEDIUM,P3,EXISTS_GENERIC_ONLY,greek-yogurt · زبادي يوناني,OFFICIAL_MANUFACTURER,Chobani official,,,,,,,,,,,,,NONE,MEDIUM,,,,,,,,,تشوباني,Chobani,
QGAP-01401,NEEDS_HUMAN_REVIEW,الأصل العام موجود في قِمّة — يُحسم بشريًا إن كان المتغيّر يستحق صفًّا مستقلًا,تشوباني زبادي يوناني بالفواكه,Chobani Greek yogurt fruit,تشوباني,Chobani,Chobani,PACKAGED,لياقة وبروتين,منتجات عالية البروتين,Greek yogurt fruit,,KSA,UNSPECIFIED,,MEDIUM,P3,EXISTS_GENERIC_ONLY,greek-yogurt · زبادي يوناني,OFFICIAL_MANUFACTURER,Chobani official,,,,,,,,,,,,,NONE,MEDIUM,,,,,,,,,تشوباني,Chobani,
QGAP-01402,NEEDS_HUMAN_REVIEW,الأصل العام موجود في قِمّة — يُحسم بشريًا إن كان المتغيّر يستحق صفًّا مستقلًا · بيانات سوق غير سعودي — تُوسم صراحةً ولا تُقدَّم كقيم سعودية,تشوباني زبادي خالي الدسم,Chobani non-fat Greek yogurt,تشوباني,Chobani,Chobani,PACKAGED,لياقة وبروتين,منتجات عالية البروتين,non-fat Greek yogurt,,NON_KSA,FOREIGN,NO,MEDIUM,P3,EXISTS_GENERIC_ONLY,greek-yogurt · زبادي يوناني,OPENFOODFACTS_VERIFIED,Open Food Facts — Non-Fat Greek Yogurt,https://world.openfoodfacts.org/product/0818290014481,0818290014481,,لكل 100غ,100,87.0,8.0,13.33,0.0,0.7,11.33,43.0,NONE,MEDIUM,,,,Non-Fat Greek Yogurt,,0.85,,,تشوباني,Chobani,
QGAP-01407,NEEDS_HUMAN_REVIEW,مطابقة آلية بدرجة 0.88 دون حدّ القبول — تحتاج تأكيدًا,مايونيز خالي الدهن,Fat-free mayonnaise,,,,GENERIC,لياقة وبروتين,صلصات,,,KSA,GLOBAL_REFERENCE,,HIGH,P2,MISSING,,USDA,"USDA FoodData Central — Salad Dressing, mayonnaise-like, fat-free",https://fdc.nal.usda.gov/food-details/167700/nutrients,,,لكل 100غ,100,84.0,0.2,15.5,2.7,1.9,10.3,788.0,NONE,MEDIUM,,167700,"Salad Dressing, mayonnaise-like, fat-free",,,0.88,,,,,يُسجَّل بالعلامة التجارية الفعلية عند الاستيراد.
QGAP-01408,NEEDS_HUMAN_REVIEW,الأصل العام موجود في قِمّة — يُحسم بشريًا إن كان المتغيّر يستحق صفًّا مستقلًا,زبدة فول سوداني خالية السكر,Sugar-free peanut butter,,,,GENERIC,لياقة وبروتين,سبريد,,,KSA,UNSPECIFIED,,HIGH,P2,EXISTS_GENERIC_ONLY,peanut-butter · زبدة فول سوداني,OFFICIAL_MANUFACTURER,ملصق المنتج / صفحة المصنّع,,,,,,,,,,,,,NONE,MEDIUM,,,,,,,,,,,يُسجَّل بالعلامة التجارية الفعلية عند الاستيراد.
QGAP-01418,NEEDS_HUMAN_REVIEW,مطابقة آلية بدرجة 0.84 دون حدّ القبول — تحتاج تأكيدًا,حبوب إفطار عالية البروتين,High-protein cereal,,,,GENERIC,لياقة وبروتين,فطور,,,KSA,GLOBAL_REFERENCE,,HIGH,P2,MISSING,,USDA,"USDA FoodData Central — Babyfood, cereal, high protein, with apple and orange, dry",https://fdc.nal.usda.gov/food-details/170973/nutrients,,,لكل 100غ,100,374.0,25.4,57.6,6.5,7.1,,104.0,NONE,MEDIUM,,170973,"Babyfood, cereal, high protein, with apple and orange, dry",,,0.84,,,,,يُسجَّل بالعلامة التجارية الفعلية عند الاستيراد.
QGAP-01423,NEEDS_HUMAN_REVIEW,مطابقة آلية بدرجة 0.88 دون حدّ القبول — تحتاج تأكيدًا,فيتامين د,Vitamin D,,,,GENERIC,لياقة وبروتين,مكملات,,,KSA,GLOBAL_REFERENCE,,HIGH,P2,MISSING,,USDA,"USDA FoodData Central — Babyfood, prunes, without vitamin c, strained",https://fdc.nal.usda.gov/food-details/171340/nutrients,,,لكل 100غ,100,100.0,1.0,23.52,0.2,2.7,14.28,1.0,NONE,MEDIUM,,171340,"Babyfood, prunes, without vitamin c, strained",,,0.88,,,,,يُسجَّل بالعلامة التجارية الفعلية عند الاستيراد.
QGAP-01427,NEEDS_HUMAN_REVIEW,الأصل العام موجود في قِمّة — يُحسم بشريًا إن كان المتغيّر يستحق صفًّا مستقلًا,مطبق لحم (حجازي),Mutabbaq with meat,,,,SAUDI_DISH,أطباق سعودية وخليجية,معجنات,,,KSA,KSA,,VERY_HIGH,P1,EXISTS_GENERIC_ONLY,mutabbaq-meat · مطبق لحم,RECIPE_ESTIMATE,جداول تركيب الأغذية السعودية / وصفة موثّقة,,,,,,,,,,,,,NONE,MEDIUM,,,,,,,,,,,يُحسب من مكوّنات موثّقة أو جداول التركيب السعودية — لا يُقدَّر اعتباطًا.
QGAP-01429,NEEDS_HUMAN_REVIEW,الأصل العام موجود في قِمّة — يُحسم بشريًا إن كان المتغيّر يستحق صفًّا مستقلًا,سمبوسة روبيان,Shrimp samosa,,,,SAUDI_DISH,أطباق سعودية وخليجية,معجنات,,,KSA,KSA,,VERY_HIGH,P1,EXISTS_GENERIC_ONLY,shrimp · روبيان,RECIPE_ESTIMATE,جداول تركيب الأغذية السعودية / وصفة موثّقة,,,,,,,,,,,,,NONE,MEDIUM,,,,,,,,,,,يُحسب من مكوّنات موثّقة أو جداول التركيب السعودية — لا يُقدَّر اعتباطًا.
QGAP-01430,NEEDS_HUMAN_REVIEW,الأصل العام موجود في قِمّة — يُحسم بشريًا إن كان المتغيّر يستحق صفًّا مستقلًا,سمبوسة بطاطس,Potato samosa,,,,SAUDI_DISH,أطباق سعودية وخليجية,معجنات,,,KSA,KSA,,VERY_HIGH,P1,EXISTS_GENERIC_ONLY,samosa · سمبوسة,RECIPE_ESTIMATE,جداول تركيب الأغذية السعودية / وصفة موثّقة,,,,,,,,,,,,,NONE,MEDIUM,,,,,,,,,,,يُحسب من مكوّنات موثّقة أو جداول التركيب السعودية — لا يُقدَّر اعتباطًا.
QGAP-01441,NEEDS_HUMAN_REVIEW,الأصل العام موجود في قِمّة — يُحسم بشريًا إن كان المتغيّر يستحق صفًّا مستقلًا,مجبوس روبيان,Shrimp majboos,,,,SAUDI_DISH,أطباق سعودية وخليجية,أرز,,,KSA,KSA,,VERY_HIGH,P1,EXISTS_GENERIC_ONLY,shrimp · روبيان,RECIPE_ESTIMATE,جداول تركيب الأغذية السعودية / وصفة موثّقة,,,,,,,,,,,,,NONE,MEDIUM,,,,,,,,,,,يُحسب من مكوّنات موثّقة أو جداول التركيب السعودية — لا يُقدَّر اعتباطًا.
QGAP-01446,NEEDS_HUMAN_REVIEW,الأصل العام موجود في قِمّة — يُحسم بشريًا إن كان المتغيّر يستحق صفًّا مستقلًا,قهوة عربية بالزعفران,Saffron Arabic coffee,,,,SAUDI_DISH,أطباق سعودية وخليجية,مشروبات,,,KSA,KSA,,VERY_HIGH,P1,EXISTS_GENERIC_ONLY,arabic-coffee · قهوة عربية,RECIPE_ESTIMATE,جداول تركيب الأغذية السعودية / وصفة موثّقة,,,,,,,,,,,,,NONE,MEDIUM,,,,,,,,,,,يُحسب من مكوّنات موثّقة أو جداول التركيب السعودية — لا يُقدَّر اعتباطًا.
QGAP-01447,NEEDS_HUMAN_REVIEW,الأصل العام موجود في قِمّة — يُحسم بشريًا إن كان المتغيّر يستحق صفًّا مستقلًا,شاي أخضر بالنعناع,Green mint tea,,,,SAUDI_DISH,أطباق سعودية وخليجية,مشروبات,,,KSA,KSA,,VERY_HIGH,P1,EXISTS_GENERIC_ONLY,green-tea · شاي أخضر,RECIPE_ESTIMATE,جداول تركيب الأغذية السعودية / وصفة موثّقة,,,,,,,,,,,,,NONE,MEDIUM,,,,,,,,,,,يُحسب من مكوّنات موثّقة أو جداول التركيب السعودية — لا يُقدَّر اعتباطًا.
QGAP-01448,NEEDS_HUMAN_REVIEW,الأصل العام موجود في قِمّة — يُحسم بشريًا إن كان المتغيّر يستحق صفًّا مستقلًا,قمر الدين مشروب,Qamar al-din drink,,,,SAUDI_DISH,أطباق سعودية وخليجية,مشروبات,,,KSA,KSA,,VERY_HIGH,P1,EXISTS_GENERIC_ONLY,qamar-aldin · قمر الدين,RECIPE_ESTIMATE,جداول تركيب الأغذية السعودية / وصفة موثّقة,,,,,,,,,,,,,NONE,MEDIUM,,,,,,,,,,,يُحسب من مكوّنات موثّقة أو جداول التركيب السعودية — لا يُقدَّر اعتباطًا.
QGAP-01450,NEEDS_HUMAN_REVIEW,الأصل العام موجود في قِمّة — يُحسم بشريًا إن كان المتغيّر يستحق صفًّا مستقلًا,عصير سوبيا حجازي,Hijazi sobia,,,,SAUDI_DISH,أطباق سعودية وخليجية,مشروبات,,,KSA,KSA,,VERY_HIGH,P1,EXISTS_GENERIC_ONLY,sobia · سوبيا,RECIPE_ESTIMATE,جداول تركيب الأغذية السعودية / وصفة موثّقة,,,,,,,,,,,,,NONE,MEDIUM,,,,,,,,,,,يُحسب من مكوّنات موثّقة أو جداول التركيب السعودية — لا يُقدَّر اعتباطًا.
QGAP-01453,NEEDS_HUMAN_REVIEW,الأصل العام موجود في قِمّة — يُحسم بشريًا إن كان المتغيّر يستحق صفًّا مستقلًا,مهلبية بالفستق,Pistachio muhallabia,,,,SAUDI_DISH,أطباق سعودية وخليجية,حلويات,,,KSA,KSA,,VERY_HIGH,P1,EXISTS_GENERIC_ONLY,muhallabia · مهلبية,RECIPE_ESTIMATE,جداول تركيب الأغذية السعودية / وصفة موثّقة,,,,,,,,,,,,,NONE,MEDIUM,,,,,,,,,,,يُحسب من مكوّنات موثّقة أو جداول التركيب السعودية — لا يُقدَّر اعتباطًا.
QGAP-01458,NEEDS_HUMAN_REVIEW,الأصل العام موجود في قِمّة — يُحسم بشريًا إن كان المتغيّر يستحق صفًّا مستقلًا,بسبوسة بالقشطة,Basbousa with cream,,,,SAUDI_DISH,أطباق سعودية وخليجية,حلويات,,,KSA,KSA,,VERY_HIGH,P1,EXISTS_GENERIC_ONLY,basbousa · بسبوسة,RECIPE_ESTIMATE,جداول تركيب الأغذية السعودية / وصفة موثّقة,,,,,,,,,,,,,NONE,MEDIUM,,,,,,,,,,,يُحسب من مكوّنات موثّقة أو جداول التركيب السعودية — لا يُقدَّر اعتباطًا.
QGAP-01459,NEEDS_HUMAN_REVIEW,الأصل العام موجود في قِمّة — يُحسم بشريًا إن كان المتغيّر يستحق صفًّا مستقلًا,كنافة بالمانجو,Mango kunafa,,,,SAUDI_DISH,أطباق سعودية وخليجية,حلويات,,,KSA,KSA,,VERY_HIGH,P1,EXISTS_GENERIC_ONLY,kunafa · كنافة,RECIPE_ESTIMATE,جداول تركيب الأغذية السعودية / وصفة موثّقة,,,,,,,,,,,,,NONE,MEDIUM,,,,,,,,,,,يُحسب من مكوّنات موثّقة أو جداول التركيب السعودية — لا يُقدَّر اعتباطًا.
QGAP-01460,NEEDS_HUMAN_REVIEW,الأصل العام موجود في قِمّة — يُحسم بشريًا إن كان المتغيّر يستحق صفًّا مستقلًا,لقيمات بالنوتيلا,Nutella luqaimat,,,,SAUDI_DISH,أطباق سعودية وخليجية,حلويات,,,KSA,KSA,,VERY_HIGH,P1,EXISTS_GENERIC_ONLY,luqaimat · لقيمات,RECIPE_ESTIMATE,جداول تركيب الأغذية السعودية / وصفة موثّقة,,,,,,,,,,,,,NONE,MEDIUM,,,,,,,,,,,يُحسب من مكوّنات موثّقة أو جداول التركيب السعودية — لا يُقدَّر اعتباطًا.
QGAP-01461,NEEDS_HUMAN_REVIEW,الأصل العام موجود في قِمّة — يُحسم بشريًا إن كان المتغيّر يستحق صفًّا مستقلًا,عصيدة تمر بالسمن,Date aseedah with ghee,,,,SAUDI_DISH,أطباق سعودية وخليجية,حلويات,,,KSA,KSA,,VERY_HIGH,P1,EXISTS_GENERIC_ONLY,sfct-49 · عصيدة تمر,RECIPE_ESTIMATE,جداول تركيب الأغذية السعودية / وصفة موثّقة,,,,,,,,,,,,,NONE,MEDIUM,,,,,,,,,,,يُحسب من مكوّنات موثّقة أو جداول التركيب السعودية — لا يُقدَّر اعتباطًا.
QGAP-01469,NEEDS_HUMAN_REVIEW,الأصل العام موجود في قِمّة — يُحسم بشريًا إن كان المتغيّر يستحق صفًّا مستقلًا,شكشوكة بالجبن,Cheese shakshouka,,,,SAUDI_DISH,أطباق سعودية وخليجية,فطور,,,KSA,KSA,,VERY_HIGH,P1,EXISTS_GENERIC_ONLY,shakshouka · شكشوكة,RECIPE_ESTIMATE,جداول تركيب الأغذية السعودية / وصفة موثّقة,,,,,,,,,,,,,NONE,MEDIUM,,,,,,,,,,,يُحسب من مكوّنات موثّقة أو جداول التركيب السعودية — لا يُقدَّر اعتباطًا.
QGAP-01470,NEEDS_HUMAN_REVIEW,الأصل العام موجود في قِمّة — يُحسم بشريًا إن كان المتغيّر يستحق صفًّا مستقلًا,فول بالطحينة,Foul with tahini,,,,SAUDI_DISH,أطباق سعودية وخليجية,فطور,,,KSA,KSA,,VERY_HIGH,P1,EXISTS_GENERIC_ONLY,tahini · طحينة,RECIPE_ESTIMATE,جداول تركيب الأغذية السعودية / وصفة موثّقة,,,,,,,,,,,,,NONE,MEDIUM,,,,,,,,,,,يُحسب من مكوّنات موثّقة أو جداول التركيب السعودية — لا يُقدَّر اعتباطًا.
QGAP-01473,NEEDS_HUMAN_REVIEW,الأصل العام موجود في قِمّة — يُحسم بشريًا إن كان المتغيّر يستحق صفًّا مستقلًا,شاورما صحن مع خبز,Shawarma plate with bread,,,,SAUDI_DISH,أطباق سعودية وخليجية,مطاعم,,,KSA,KSA,,VERY_HIGH,P1,EXISTS_GENERIC_ONLY,shawarma-plate · شاورما صحن,RECIPE_ESTIMATE,جداول تركيب الأغذية السعودية / وصفة موثّقة,,,,,,,,,,,,,NONE,MEDIUM,,,,,,,,,,,يُحسب من مكوّنات موثّقة أو جداول التركيب السعودية — لا يُقدَّر اعتباطًا.
QGAP-01476,NEEDS_HUMAN_REVIEW,الأصل العام موجود في قِمّة — يُحسم بشريًا إن كان المتغيّر يستحق صفًّا مستقلًا,ساندويتش تونة,Tuna sandwich,,,,SAUDI_DISH,أطباق سعودية وخليجية,مطاعم,,,KSA,KSA,,VERY_HIGH,P1,EXISTS_GENERIC_ONLY,subway-tuna-6 · صب واي - ساندويتش تونة (15سم),RECIPE_ESTIMATE,جداول تركيب الأغذية السعودية / وصفة موثّقة,,,,,,,,,,,,,NONE,MEDIUM,,,,,,,,,,,يُحسب من مكوّنات موثّقة أو جداول التركيب السعودية — لا يُقدَّر اعتباطًا.
QGAP-01478,NEEDS_HUMAN_REVIEW,الأصل العام موجود في قِمّة — يُحسم بشريًا إن كان المتغيّر يستحق صفًّا مستقلًا,برياني روبيان,Shrimp biryani,,,,SAUDI_DISH,أطباق سعودية وخليجية,أرز,,,KSA,KSA,,VERY_HIGH,P1,EXISTS_GENERIC_ONLY,shrimp · روبيان,RECIPE_ESTIMATE,جداول تركيب الأغذية السعودية / وصفة موثّقة,,,,,,,,,,,,,NONE,MEDIUM,,,,,,,,,,,يُحسب من مكوّنات موثّقة أو جداول التركيب السعودية — لا يُقدَّر اعتباطًا.
QGAP-01483,NEEDS_HUMAN_REVIEW,الأصل العام موجود في قِمّة — يُحسم بشريًا إن كان المتغيّر يستحق صفًّا مستقلًا,قرصان خضار,Vegetable qursan,,,,SAUDI_DISH,أطباق سعودية وخليجية,تقليدي,,,KSA,KSA,,VERY_HIGH,P1,EXISTS_GENERIC_ONLY,qursan · قرصان,RECIPE_ESTIMATE,جداول تركيب الأغذية السعودية / وصفة موثّقة,,,,,,,,,,,,,NONE,MEDIUM,,,,,,,,,,,يُحسب من مكوّنات موثّقة أو جداول التركيب السعودية — لا يُقدَّر اعتباطًا.
QGAP-01485,NEEDS_HUMAN_REVIEW,الأصل العام موجود في قِمّة — يُحسم بشريًا إن كان المتغيّر يستحق صفًّا مستقلًا,مقلقل دجاج,Chicken maqalqal,,,,SAUDI_DISH,أطباق سعودية وخليجية,تقليدي,,,KSA,KSA,,VERY_HIGH,P1,EXISTS_GENERIC_ONLY,mugalgal · مقلقل,RECIPE_ESTIMATE,جداول تركيب الأغذية السعودية / وصفة موثّقة,,,,,,,,,,,,,NONE,MEDIUM,,,,,,,,,,,يُحسب من مكوّنات موثّقة أو جداول التركيب السعودية — لا يُقدَّر اعتباطًا.
QGAP-01487,NEEDS_HUMAN_REVIEW,الأصل العام موجود في قِمّة — يُحسم بشريًا إن كان المتغيّر يستحق صفًّا مستقلًا,ساشيمي سلمون,Salmon sashimi,,,,INTERNATIONAL,مطبخ عالمي,آسيوي,,,KSA,GLOBAL_REFERENCE,,MEDIUM,P2,EXISTS_GENERIC_ONLY,salmon · سلمون,USDA,USDA FoodData Central,https://fdc.nal.usda.gov/,,,,,,,,,,,,NONE,MEDIUM,,,,,,,,,,,
QGAP-01491,NEEDS_HUMAN_REVIEW,مطابقة آلية بدرجة 0.76 دون حدّ القبول — تحتاج تأكيدًا,أرز مقلي صيني,Chinese fried rice,,,,INTERNATIONAL,مطبخ عالمي,آسيوي,,,KSA,GLOBAL_REFERENCE,,HIGH,P2,MISSING,,USDA,"USDA FoodData Central — Noodles, chinese, cellophane or long rice (mung beans), dehydrated",https://fdc.nal.usda.gov/food-details/174258/nutrients,,,لكل 100غ,100,351.0,0.16,86.09,0.06,0.5,0.0,10.0,NONE,MEDIUM,,174258,"Noodles, chinese, cellophane or long rice (mung beans), dehydrated",,,0.76,,,,,
QGAP-01494,NEEDS_HUMAN_REVIEW,الأصل العام موجود في قِمّة — يُحسم بشريًا إن كان المتغيّر يستحق صفًّا مستقلًا,بتر تشيكن,Butter chicken,,,,INTERNATIONAL,مطبخ عالمي,هندي,,,KSA,GLOBAL_REFERENCE,,HIGH,P2,EXISTS_GENERIC_ONLY,butter · زبدة,USDA,USDA FoodData Central,https://fdc.nal.usda.gov/,,,,,,,,,,,,NONE,MEDIUM,,,,,,,,,,,
QGAP-01495,NEEDS_HUMAN_REVIEW,الأصل العام موجود في قِمّة — يُحسم بشريًا إن كان المتغيّر يستحق صفًّا مستقلًا,دال,Dal lentils,,,,INTERNATIONAL,مطبخ عالمي,هندي,,,KSA,GLOBAL_REFERENCE,,MEDIUM,P2,EXISTS_GENERIC_ONLY,lentils · عدس,USDA,USDA FoodData Central,https://fdc.nal.usda.gov/,,,,,,,,,,,,NONE,MEDIUM,,,,,,,,,,,
QGAP-01496,NEEDS_HUMAN_REVIEW,الأصل العام موجود في قِمّة — يُحسم بشريًا إن كان المتغيّر يستحق صفًّا مستقلًا,نان,Naan bread,,,,INTERNATIONAL,مطبخ عالمي,هندي,,,KSA,GLOBAL_REFERENCE,,HIGH,P2,EXISTS_GENERIC_ONLY,pineapple · أناناس,USDA,"USDA FoodData Central — Bread, naan, plain, commercially prepared, refrigerated",https://fdc.nal.usda.gov/food-details/171845/nutrients,,,لكل 100غ,100,291.0,9.62,50.43,5.65,2.2,3.55,465.0,NONE,MEDIUM,,171845,"Bread, naan, plain, commercially prepared, refrigerated",,,1.14,,,,,
QGAP-01498,NEEDS_HUMAN_REVIEW,الأصل العام موجود في قِمّة — يُحسم بشريًا إن كان المتغيّر يستحق صفًّا مستقلًا,سمبوسة هندية,Indian samosa,,,,INTERNATIONAL,مطبخ عالمي,هندي,,,KSA,GLOBAL_REFERENCE,,HIGH,P2,EXISTS_GENERIC_ONLY,samosa · سمبوسة,USDA,USDA FoodData Central,https://fdc.nal.usda.gov/,,,,,,,,,,,,NONE,MEDIUM,,,,,,,,,,,
QGAP-01502,NEEDS_HUMAN_REVIEW,مطابقة آلية بدرجة 0.84 دون حدّ القبول — تحتاج تأكيدًا,لازانيا,Lasagna,,,,INTERNATIONAL,مطبخ عالمي,إيطالي,,,KSA,GLOBAL_REFERENCE,,HIGH,P2,MISSING,,USDA,"USDA FoodData Central — Babyfood, dinner, beef lasagna, toddler",https://fdc.nal.usda.gov/food-details/173489/nutrients,,,لكل 100غ,100,77.0,4.2,10.0,2.1,,0.0,41.0,NONE,MEDIUM,,173489,"Babyfood, dinner, beef lasagna, toddler",,,0.84,,,,,
QGAP-01509,NEEDS_HUMAN_REVIEW,مطابقة آلية بدرجة 0.8 دون حدّ القبول — تحتاج تأكيدًا,كيساديا,Quesadilla,,,,INTERNATIONAL,مطبخ عالمي,مكسيكي,,,KSA,GLOBAL_REFERENCE,,MEDIUM,P2,MISSING,,USDA,"USDA FoodData Central — Bread, salvadoran sweet cheese (quesadilla salvadorena)",https://fdc.nal.usda.gov/food-details/167526/nutrients,,,لكل 100غ,100,374.0,7.12,47.84,17.12,0.7,24.9,510.0,NONE,MEDIUM,,167526,"Bread, salvadoran sweet cheese (quesadilla salvadorena)",,,0.8,,,,,
QGAP-01514,NEEDS_HUMAN_REVIEW,الأصل العام موجود في قِمّة — يُحسم بشريًا إن كان المتغيّر يستحق صفًّا مستقلًا,بانكيك بالعسل,Pancakes with honey,,,,INTERNATIONAL,مطبخ عالمي,غربي,,,KSA,GLOBAL_REFERENCE,,HIGH,P2,EXISTS_GENERIC_ONLY,pancakes · بان كيك,USDA,USDA FoodData Central,https://fdc.nal.usda.gov/,,,,,,,,,,,,NONE,MEDIUM,,,,,,,,,,,
QGAP-01515,NEEDS_HUMAN_REVIEW,الأصل العام موجود في قِمّة — يُحسم بشريًا إن كان المتغيّر يستحق صفًّا مستقلًا,وافل بلجيكي,Belgian waffle,,,,INTERNATIONAL,مطبخ عالمي,غربي,,,KSA,GLOBAL_REFERENCE,,HIGH,P2,EXISTS_GENERIC_ONLY,gcc-40 · وافل,USDA,USDA FoodData Central,https://fdc.nal.usda.gov/,,,,,,,,,,,,NONE,MEDIUM,,,,,,,,,,,
QGAP-01526,NEEDS_HUMAN_REVIEW,الأصل العام موجود في قِمّة — يُحسم بشريًا إن كان المتغيّر يستحق صفًّا مستقلًا,سلطة كينوا,Quinoa salad,,,,INTERNATIONAL,مطبخ عالمي,صحي,,,KSA,GLOBAL_REFERENCE,,HIGH,P2,EXISTS_GENERIC_ONLY,quinoa · كينوا,USDA,USDA FoodData Central,https://fdc.nal.usda.gov/,,,,,,,,,,,,NONE,MEDIUM,,,,,,,,,,,
QGAP-01533,NEEDS_HUMAN_REVIEW,الأصل العام موجود في قِمّة — يُحسم بشريًا إن كان المتغيّر يستحق صفًّا مستقلًا,شوربة طماطم,Tomato soup,,,,INTERNATIONAL,مطبخ عالمي,غربي,,,KSA,GLOBAL_REFERENCE,,MEDIUM,P2,EXISTS_GENERIC_ONLY,tomato · طماطم,USDA,"USDA FoodData Central — Soup, tomato, canned, condensed",https://fdc.nal.usda.gov/food-details/172882/nutrients,,,لكل 100غ,100,66.0,1.46,15.22,0.44,1.1,8.23,377.0,NONE,MEDIUM,,172882,"Soup, tomato, canned, condensed",,,0.77,,,,,
QGAP-01535,NEEDS_HUMAN_REVIEW,الأصل العام موجود في قِمّة — يُحسم بشريًا إن كان المتغيّر يستحق صفًّا مستقلًا,بيتزا بالخضار,Vegetable pizza,,,,INTERNATIONAL,مطبخ عالمي,إيطالي,,,KSA,GLOBAL_REFERENCE,,HIGH,P2,EXISTS_GENERIC_ONLY,r2-eat-058 · بيتزا خضار مخبز قطعة,USDA,USDA FoodData Central,https://fdc.nal.usda.gov/,,,,,,,,,,,,NONE,MEDIUM,,,,,,,,,,,
QGAP-01538,NEEDS_HUMAN_REVIEW,الأصل العام موجود في قِمّة — يُحسم بشريًا إن كان المتغيّر يستحق صفًّا مستقلًا,كول سلو,Coleslaw,,,,INTERNATIONAL,مطبخ عالمي,غربي,,,KSA,GLOBAL_REFERENCE,,HIGH,P2,EXISTS_GENERIC_ONLY,r2-eat-010 · سلطة ملفوف مع البروست,USDA,"USDA FoodData Central — Salad dressing, coleslaw",https://fdc.nal.usda.gov/food-details/169056/nutrients,,,لكل 100غ,100,404.0,0.85,22.4,34.53,0.0,21.23,850.0,NONE,MEDIUM,,169056,"Salad dressing, coleslaw",,,0.92,,,,,
